time_ms,time_iso,open,high,low,close,volume_base,volume_quote
1779880500000,2026-05-27T11:15:00.000Z,75918.9,75989.9,75874.6,75874.6,207.0616,15724639.59851
1779881400000,2026-05-27T11:30:00.000Z,75874.6,75878.7,75752.5,75794.7,250.2678,18971705.50465
1779882300000,2026-05-27T11:45:00.000Z,75794.7,75794.8,75720,75730,164.8791,12489202.59286
1779883200000,2026-05-27T12:00:00.000Z,75730,75742.8,75562.8,75590,525.8629,39787635.14869
1779884100000,2026-05-27T12:15:00.000Z,75590,76139,75530,75907.7,1474.0186,111846097.29258
1779885000000,2026-05-27T12:30:00.000Z,75907.7,75960.5,75789,75893.7,455.2183,34543238.65005
1779885900000,2026-05-27T12:45:00.000Z,75893.7,75893.7,75651.2,75651.3,508.7884,38532128.47937
1779886800000,2026-05-27T13:00:00.000Z,75651.3,75736.1,75360.5,75410.8,1027.5171,77615218.48835
1779887700000,2026-05-27T13:15:00.000Z,75410.8,75455.3,75156.7,75160.8,1437.1411,108190901.43009
1779888600000,2026-05-27T13:30:00.000Z,75160.8,75297.1,74837,74904.4,2735.0283,205199238.3697
1779889500000,2026-05-27T13:45:00.000Z,74904.4,75079.2,74842.6,75055.9,1305.0327,97837819.47454
1779890400000,2026-05-27T14:00:00.000Z,75055.9,75257.2,74928.2,74991.3,1123.9727,84418452.9064
1779891300000,2026-05-27T14:15:00.000Z,74991.3,75156.7,74730,74856.6,1046.9908,78423079.54811
1779892200000,2026-05-27T14:30:00.000Z,74856.6,75115.8,74781.1,75049,924.8999,69327321.87179
1779893100000,2026-05-27T14:45:00.000Z,75049,75138.2,74980,75010,323.5189,24283701.39977
1779894000000,2026-05-27T15:00:00.000Z,75010,75130,74951.8,75097.4,449.4387,33726204.29133
1779894900000,2026-05-27T15:15:00.000Z,75097.4,75386.2,75072,75326,839.0307,63155652.41428
1779895800000,2026-05-27T15:30:00.000Z,75326,75484,75130,75179.3,899.5223,67771266.4695
1779896700000,2026-05-27T15:45:00.000Z,75179.3,75396,75168.6,75296.8,397.0072,29888762.91922
1779897600000,2026-05-27T16:00:00.000Z,75296.8,75380,75171,75257.2,349.5349,26310457.69267
1779898500000,2026-05-27T16:15:00.000Z,75257.2,75275.9,75008.5,75063.3,530.4842,39834840.06114
1779899400000,2026-05-27T16:30:00.000Z,75063.3,75132.8,74956.5,75114.3,396.4104,29748967.71458
1779900300000,2026-05-27T16:45:00.000Z,75114.3,75296.1,75086,75275.9,255.5195,19216392.17119
1779901200000,2026-05-27T17:00:00.000Z,75275.9,75327.6,74922.9,74942,771.6559,57985230.22932
1779902100000,2026-05-27T17:15:00.000Z,74942,75051.7,74864.9,74967.2,908.3324,68078341.33582
1779903000000,2026-05-27T17:30:00.000Z,74967.2,75009.4,74814.1,74868.8,427.7648,32042853.89453
1779903900000,2026-05-27T17:45:00.000Z,74868.8,74940,74637.7,74828.2,685.4904,51255410.15633
1779904800000,2026-05-27T18:00:00.000Z,74828.2,74912,74612,74700,593.0869,44334183.28685
1779905700000,2026-05-27T18:15:00.000Z,74700,74890,74666.1,74873.2,431.961,32310127.68816
1779906600000,2026-05-27T18:30:00.000Z,74873.2,74970.7,74850,74947.5,339.2607,25411526.80977
1779907500000,2026-05-27T18:45:00.000Z,74947.5,75010.2,74917.3,75000,172.8345,12956410.93197
1779908400000,2026-05-27T19:00:00.000Z,75000,75038,74934.2,75017.1,249.516,18711487.80139
1779909300000,2026-05-27T19:15:00.000Z,75017.1,75055,74943.5,75009.2,155.1706,11640788.00564
1779910200000,2026-05-27T19:30:00.000Z,75009.2,75079,74940,74979.9,338.0517,25360412.74318
1779911100000,2026-05-27T19:45:00.000Z,74979.9,75045.3,74915.7,75034.2,185.7189,13929008.7153
1779912000000,2026-05-27T20:00:00.000Z,75034.2,75283.2,75020.1,75271.1,803.7366,60410354.42435
1779912900000,2026-05-27T20:15:00.000Z,75271.1,75388,75233.3,75244.9,336.4609,25342391.3488
1779913800000,2026-05-27T20:30:00.000Z,75244.9,75259.5,75180.1,75224.2,110.6629,8323445.64457
1779914700000,2026-05-27T20:45:00.000Z,75224.2,75259.9,75205,75240.1,91.0575,6851211.5825
1779915600000,2026-05-27T21:00:00.000Z,75240.1,75240.1,75114.6,75136.1,141.3305,10623071.70336
1779916500000,2026-05-27T21:15:00.000Z,75136.1,75180,75066.1,75066.1,118.8147,8926860.83787
1779917400000,2026-05-27T21:30:00.000Z,75066.1,75077.5,74400,74591.6,1455.4212,108694947.82307
1779918300000,2026-05-27T21:45:00.000Z,74591.6,74591.6,74311,74444.9,1498.5531,111497439.98831
1779919200000,2026-05-27T22:00:00.000Z,74444.9,74747.3,74283.4,74372.7,1306.9095,97349826.91403
1779920100000,2026-05-27T22:15:00.000Z,74372.7,74627.5,74236.8,74573.1,595.6815,44350619.42427
1779921000000,2026-05-27T22:30:00.000Z,74573.1,74639.9,74453.4,74598,350.7124,26157827.4137
1779921900000,2026-05-27T22:45:00.000Z,74598,74630.1,74388.2,74399.4,277.7756,20689537.84936
1779922800000,2026-05-27T23:00:00.000Z,74399.4,74450,74333.3,74425.2,266.0105,19793367.56183
1779923700000,2026-05-27T23:15:00.000Z,74425.2,74549.9,74208.1,74278.7,745.4542,55402642.18977
1779924600000,2026-05-27T23:30:00.000Z,74278.7,74379.1,74232.2,74350.8,355.3316,26406015.40108
1779925500000,2026-05-27T23:45:00.000Z,74350.8,74459.9,74280,74420,369.6463,27500335.72597
1779926400000,2026-05-28T00:00:00.000Z,74420,74560,74400.1,74406.2,392.5184,29242651.99264
1779927300000,2026-05-28T00:15:00.000Z,74406.2,74545,74340,74452.9,246.2865,18340114.6224
1779928200000,2026-05-28T00:30:00.000Z,74452.9,74550,74446.2,74544.9,141.5662,10547952.33652
1779929100000,2026-05-28T00:45:00.000Z,74544.9,74555.7,74422.5,74543.5,162.8531,12133331.33806
1779930000000,2026-05-28T01:00:00.000Z,74543.5,74565.5,74420,74450,113.1774,8431897.85664
1779930900000,2026-05-28T01:15:00.000Z,74450,74516.9,74123,74257.9,1228.6872,91241134.13554
1779931800000,2026-05-28T01:30:00.000Z,74257.9,74380.9,74132.6,74243.6,542.4112,40266976.37617
1779932700000,2026-05-28T01:45:00.000Z,74243.6,74356.8,74224.1,74317.2,218.644,16246761.8699
1779933600000,2026-05-28T02:00:00.000Z,74317.2,74382.8,74210,74331.3,202.5359,15046527.83377
1779934500000,2026-05-28T02:15:00.000Z,74331.3,74357.6,74144.1,74189.5,360.597,26762038.20985
1779935400000,2026-05-28T02:30:00.000Z,74189.5,74270.5,74077.7,74233.8,446.5294,33113982.582
1779936300000,2026-05-28T02:45:00.000Z,74233.8,74339.9,74210,74260.2,180.4076,13401735.71862
1779937200000,2026-05-28T03:00:00.000Z,74260.2,74353.5,74100,74183.8,348.4509,25864071.44346
1779938100000,2026-05-28T03:15:00.000Z,74183.8,74210,73404.6,73716.1,4073.8952,300351017.71683
1779939000000,2026-05-28T03:30:00.000Z,73716.1,73759.5,73324.7,73405.9,2420.824,177922109.99689
1779939900000,2026-05-28T03:45:00.000Z,73405.9,73545.8,73038.4,73232.9,2878.5743,210828303.20714
1779940800000,2026-05-28T04:00:00.000Z,73232.9,73232.9,72700,73056.9,3092.6427,225783308.23675
1779941700000,2026-05-28T04:15:00.000Z,73056.9,73099,72783.3,72977.9,1154.9955,84222000.36268
1779942600000,2026-05-28T04:30:00.000Z,72977.9,73177,72921.1,73155.4,626.6493,45787627.56278
1779943500000,2026-05-28T04:45:00.000Z,73155.4,73165.7,73060,73151.5,273.6924,20013669.34429
1779944400000,2026-05-28T05:00:00.000Z,73151.5,73151.5,72953.2,72995.8,328.0105,23956150.83763
1779945300000,2026-05-28T05:15:00.000Z,72995.8,73011.6,72893.3,72924,361.074,26341361.75212
1779946200000,2026-05-28T05:30:00.000Z,72924,73043.8,72893.4,73007,298.6251,21791734.38991
1779947100000,2026-05-28T05:45:00.000Z,73007,73043.6,72879.4,72961.2,249.2713,18190131.25561
1779948000000,2026-05-28T06:00:00.000Z,72961.2,73008.6,72929.1,72967.9,203.6568,14861016.15032
1779948900000,2026-05-28T06:15:00.000Z,72967.9,73004.6,72840,72910,432.7935,31570101.42729
1779949800000,2026-05-28T06:30:00.000Z,72910,72928.1,72732.9,72889.6,433.7559,31581189.38058
1779950700000,2026-05-28T06:45:00.000Z,72889.6,73189.9,72889.5,73175.1,723.3418,52878108.3877
1779951600000,2026-05-28T07:00:00.000Z,73175.1,73210,73122.3,73189.5,316.1101,23131457.03345
1779952500000,2026-05-28T07:15:00.000Z,73189.5,73310.2,73189.5,73230.6,392.7893,28774288.02679
1779953400000,2026-05-28T07:30:00.000Z,73230.6,73490.1,73230.6,73460,588.2964,43176681.26202
1779954300000,2026-05-28T07:45:00.000Z,73460,73475.7,73355,73460.1,276.6616,20308339.16483
1779955200000,2026-05-28T08:00:00.000Z,73460.1,73476.3,73311,73419.9,280.9255,20616480.48589
1779956100000,2026-05-28T08:15:00.000Z,73419.9,73420,73190.1,73239.9,437.34,32046749.68256
1779957000000,2026-05-28T08:30:00.000Z,73239.9,73280,73175.6,73259,303.6217,22237068.58355
1779957900000,2026-05-28T08:45:00.000Z,73259,73356.5,73196.3,73286.9,487.7404,35745272.88285
1779958800000,2026-05-28T09:00:00.000Z,73286.9,73368,73225.1,73279.5,214.6192,15732622.12903
1779959700000,2026-05-28T09:15:00.000Z,73279.5,73387.5,73269,73373.9,175.0594,12840885.08658
1779960600000,2026-05-28T09:30:00.000Z,73373.9,73483.2,73330.5,73461,525.6072,38601460.19525
1779961500000,2026-05-28T09:45:00.000Z,73461,73535,73460,73512.9,462.658,34011640.83076
1779962400000,2026-05-28T10:00:00.000Z,73512.9,73597.3,73466.1,73549.8,285.4393,20986544.02865
1779963300000,2026-05-28T10:15:00.000Z,73549.8,73553.3,73313.7,73399.3,349.8182,25678971.13303
1779964200000,2026-05-28T10:30:00.000Z,73399.3,73485,73373.7,73479.1,130.2118,9562137.30528
1779965100000,2026-05-28T10:45:00.000Z,73479.1,73573.1,73342.9,73367.8,318.1386,23366070.40434
1779966000000,2026-05-28T11:00:00.000Z,73367.8,73432.9,73308.3,73409.6,332.5566,24400319.92852
1779966900000,2026-05-28T11:15:00.000Z,73409.6,73428.7,73302,73329.6,133.6952,9807631.50126
1779967800000,2026-05-28T11:30:00.000Z,73329.6,73450,73280,73450,124.2294,9111693.47561
1779968700000,2026-05-28T11:45:00.000Z,73450,73504.2,73397.4,73473.7,159.4603,11713976.01813
1779969600000,2026-05-28T12:00:00.000Z,73473.7,73490,73366,73366,155.2944,11403065.75268
1779970500000,2026-05-28T12:15:00.000Z,73366,73385.8,73208.3,73348,436.5113,31995391.33271
1779971400000,2026-05-28T12:30:00.000Z,73348,73521.9,73320,73451.7,517.2492,37989747.05692
1779972300000,2026-05-28T12:45:00.000Z,73451.7,73560.7,73444.3,73491.2,265.5289,19519054.76623
1779973200000,2026-05-28T13:00:00.000Z,73491.2,73545,73299.8,73303.7,351.0201,25764440.47966
1779974100000,2026-05-28T13:15:00.000Z,73303.7,73303.8,72931.7,73130.9,1244.7404,91030587.61681
1779975000000,2026-05-28T13:30:00.000Z,73130.9,73138.3,72739.1,72756.9,1522.5976,110968853.63841
1779975900000,2026-05-28T13:45:00.000Z,72756.9,73061,72756.9,72990.4,1102.6233,80421751.80481
1779976800000,2026-05-28T14:00:00.000Z,72990.4,73321.8,72550.1,73290.9,3088.6526,224991282.14522
1779977700000,2026-05-28T14:15:00.000Z,73290.9,73552,72860,72944.6,2177.4223,159470514.25044
1779978600000,2026-05-28T14:30:00.000Z,72944.6,73031.1,72765,72830.5,1307.0265,95292562.22764
1779979500000,2026-05-28T14:45:00.000Z,72830.5,73018,72661.4,72997.9,1121.4671,81711611.41243
1779980400000,2026-05-28T15:00:00.000Z,72997.9,73150,72824.4,72840,816.1001,59572711.24684
1779981300000,2026-05-28T15:15:00.000Z,72840,72948.7,72660.2,72937.4,768.4698,55912920.7804
1779982200000,2026-05-28T15:30:00.000Z,72937.4,72994.9,72804.8,72994.9,331.7386,24181418.81579
1779983100000,2026-05-28T15:45:00.000Z,72994.9,73047.1,72859.3,72902.3,449.8099,32808229.37518
1779984000000,2026-05-28T16:00:00.000Z,72902.3,73150,72701.9,73074.6,950.1264,69319248.04434
1779984900000,2026-05-28T16:15:00.000Z,73074.6,73290.3,73020,73124.2,617.9873,45207169.08137
1779985800000,2026-05-28T16:30:00.000Z,73124.2,73330.9,73124.2,73329.2,283.0147,20724941.28077
1779986700000,2026-05-28T16:45:00.000Z,73329.2,73421,73250,73417.6,533.2547,39115970.60994
1779987600000,2026-05-28T17:00:00.000Z,73417.6,73474,73286.1,73455.9,438.3233,32172027.84971
1779988500000,2026-05-28T17:15:00.000Z,73455.9,73460,73277,73329.9,359.844,26402509.91915
1779989400000,2026-05-28T17:30:00.000Z,73329.9,73501.6,73300.5,73434.6,286.4075,21036379.53609
1779990300000,2026-05-28T17:45:00.000Z,73434.6,73700,73434.5,73512.2,931.243,68534824.71388
1779991200000,2026-05-28T18:00:00.000Z,73512.2,73700,73488.8,73600.1,553.0233,40695372.78367
1779992100000,2026-05-28T18:15:00.000Z,73600.1,73704.7,73542,73552.3,335.439,24698778.54084
1779993000000,2026-05-28T18:30:00.000Z,73552.3,73649,73540,73574.1,151.0135,11111620.2643
1779993900000,2026-05-28T18:45:00.000Z,73574.1,73699,73540.1,73624,149.9517,11041905.07181
1779994800000,2026-05-28T19:00:00.000Z,73624,73624,73412.5,73444.8,295.0067,21680142.50001
1779995700000,2026-05-28T19:15:00.000Z,73444.8,73530,73390,73530,174.6209,12828495.07189
1779996600000,2026-05-28T19:30:00.000Z,73530,73565.6,73385,73404.3,248.7494,18266685.08048
1779997500000,2026-05-28T19:45:00.000Z,73404.3,73491.9,73343.6,73387.2,387.5664,28457758.96806
1779998400000,2026-05-28T20:00:00.000Z,73387.2,73519.9,73203.3,73410,759.3824,55704602.87431
1779999300000,2026-05-28T20:15:00.000Z,73410,73637.5,73400,73621.6,252.3937,18561893.06945
1780000200000,2026-05-28T20:30:00.000Z,73621.6,73689.4,73580,73665.4,214.4568,15791963.05347
1780001100000,2026-05-28T20:45:00.000Z,73665.4,73665.4,73536.8,73547,215.0625,15825666.47674
1780002000000,2026-05-28T21:00:00.000Z,73547,73687.8,73521,73663.8,148.0858,10897884.25591
1780002900000,2026-05-28T21:15:00.000Z,73663.8,73704.7,73640,73658.9,322.0254,23731707.97488
1780003800000,2026-05-28T21:30:00.000Z,73658.9,73888,73655.9,73871.9,648.9495,47882838.51475
1780004700000,2026-05-28T21:45:00.000Z,73871.9,73871.9,73757,73783.5,179.0091,13212523.05485
1780005600000,2026-05-28T22:00:00.000Z,73783.5,73914.2,73652.4,73679.9,404.3977,29829184.60346
1780006500000,2026-05-28T22:15:00.000Z,73679.9,73687.8,73567.4,73579.7,227.7687,16771792.57204
1780007400000,2026-05-28T22:30:00.000Z,73579.7,73585.5,73456.1,73464.2,199.7345,14684749.40462
1780008300000,2026-05-28T22:45:00.000Z,73464.2,73565.7,73413,73440,170.2446,12512299.77408
1780009200000,2026-05-28T23:00:00.000Z,73440,73563,73439.9,73563,145.2861,10680838.91065
1780010100000,2026-05-28T23:15:00.000Z,73563,73666,73533.1,73655,100.0532,7362353.2701
1780011000000,2026-05-28T23:30:00.000Z,73655,73687.5,73510,73572.6,166.2127,12231783.8737
1780011900000,2026-05-28T23:45:00.000Z,73572.6,73615.4,73500,73590.1,99.6097,7327595.62197
1780012800000,2026-05-29T00:00:00.000Z,73590.1,73762.3,73590,73719.9,284.2548,20944054.87573
1780013700000,2026-05-29T00:15:00.000Z,73719.9,73830.1,73654,73749.9,259.8281,19167468.53538
1780014600000,2026-05-29T00:30:00.000Z,73749.9,73832.5,73718.9,73821.8,160.5094,11842238.95532
1780015500000,2026-05-29T00:45:00.000Z,73821.8,73821.8,73652.8,73690,108.0995,7969052.12545
1780016400000,2026-05-29T01:00:00.000Z,73690,73844,73689.9,73754.5,230.1482,16979664.10897
1780017300000,2026-05-29T01:15:00.000Z,73754.5,73775.1,73540.2,73566.1,519.0333,38204449.94018
1780018200000,2026-05-29T01:30:00.000Z,73566.1,73566.1,73450,73498.3,218.7473,16078749.82122
1780019100000,2026-05-29T01:45:00.000Z,73498.3,73599.6,73431.9,73553.4,231.8005,17045341.85363
1780020000000,2026-05-29T02:00:00.000Z,73553.4,73611.4,73519.3,73596.7,172.2854,12674327.63147
1780020900000,2026-05-29T02:15:00.000Z,73596.7,73620,73326.7,73348.6,338.1756,24833466.67022
1780021800000,2026-05-29T02:30:00.000Z,73348.6,73455.5,73290,73313.8,352.9685,25895576.02116
1780022700000,2026-05-29T02:45:00.000Z,73313.8,73378.9,73144.4,73190,562.5216,41202819.95482
1780023600000,2026-05-29T03:00:00.000Z,73190,73429.5,73190,73419.5,523.0235,38352589.27075
1780024500000,2026-05-29T03:15:00.000Z,73419.5,73419.5,73354.8,73361.7,98.0778,7196966.09254
1780025400000,2026-05-29T03:30:00.000Z,73361.7,73414.8,73280.9,73334.1,124.6482,9140945.65676
1780026300000,2026-05-29T03:45:00.000Z,73334.1,73334.7,73226.6,73264.9,114.2003,8368133.55285
1780027200000,2026-05-29T04:00:00.000Z,73264.9,73346.4,73175,73199.7,264.8488,19397086.76872
1780028100000,2026-05-29T04:15:00.000Z,73199.7,73349.8,73199.7,73333.3,140.8497,10318514.75194
1780029000000,2026-05-29T04:30:00.000Z,73333.3,73412.9,73317.8,73378.5,157.2412,11535170.90793
1780029900000,2026-05-29T04:45:00.000Z,73378.5,73480,73370,73468.1,152.2041,11174660.00719
1780030800000,2026-05-29T05:00:00.000Z,73468.1,73616.4,73464,73566.3,337.8675,24848326.36769
1780031700000,2026-05-29T05:15:00.000Z,73566.3,73574.2,73492.5,73550.1,149.2499,10974982.29972
1780032600000,2026-05-29T05:30:00.000Z,73550.1,73550.1,73458,73475.7,94.6831,6958271.39161
1780033500000,2026-05-29T05:45:00.000Z,73475.7,73685.6,73470.4,73660,458.3544,33742274.41263
1780034400000,2026-05-29T06:00:00.000Z,73660,73679.9,73590.6,73660,158.8153,11693791.36315
1780035300000,2026-05-29T06:15:00.000Z,73660,73897.5,73659.9,73730.1,480.6032,35460092.85251
1780036200000,2026-05-29T06:30:00.000Z,73730.1,73730.1,73626.9,73663.7,130.2577,9596909.73587
1780037100000,2026-05-29T06:45:00.000Z,73663.7,73773.1,73663.5,73746.9,92.2638,6802480.39853
1780038000000,2026-05-29T07:00:00.000Z,73746.9,73783.6,73718.2,73776.7,143.3906,10574849.79533
1780038900000,2026-05-29T07:15:00.000Z,73776.7,73786.3,73706.8,73730,145.0934,10701402.58363
1780039800000,2026-05-29T07:30:00.000Z,73730,73730,73353.6,73367.8,508.5836,37371785.5362
1780040700000,2026-05-29T07:45:00.000Z,73367.8,73500,73340,73485.8,297.4092,21828071.53027
1780041600000,2026-05-29T08:00:00.000Z,73485.8,73691.2,73471.1,73674.4,305.9312,22521774.85025
1780042500000,2026-05-29T08:15:00.000Z,73674.4,73792,73660,73742.1,231.6181,17079488.23653
1780043400000,2026-05-29T08:30:00.000Z,73742.1,73786.3,73680,73770,154.532,11395161.3039
1780044300000,2026-05-29T08:45:00.000Z,73770,73774.4,73585.7,73619.9,178.0709,13118341.4602
1780045200000,2026-05-29T09:00:00.000Z,73619.9,73831.6,73609.9,73779.3,233.7019,17235373.3204
1780046100000,2026-05-29T09:15:00.000Z,73779.3,73862.7,73770,73844.1,282.694,20869733.20693
1780047000000,2026-05-29T09:30:00.000Z,73844.1,73845,73778.1,73789.9,124.281,9172375.78554
1780047900000,2026-05-29T09:45:00.000Z,73789.9,73789.9,73670.7,73701.5,153.85,11342010.24883
1780048800000,2026-05-29T10:00:00.000Z,73701.5,73701.6,73634.3,73666,112.6212,8296072.89272
1780049700000,2026-05-29T10:15:00.000Z,73666,73666,73574.8,73594.6,142.4919,10489243.67644
1780050600000,2026-05-29T10:30:00.000Z,73594.6,73701.6,73536.3,73570.7,231.3214,17029377.67543
1780051500000,2026-05-29T10:45:00.000Z,73570.7,73657.9,73555,73599,156.0137,11484362.6286
1780052400000,2026-05-29T11:00:00.000Z,73599,73647.2,73555.6,73612.5,87.836,6464876.01406
1780053300000,2026-05-29T11:15:00.000Z,73612.5,73665.5,73515,73535.3,82.9179,6102095.66891
1780054200000,2026-05-29T11:30:00.000Z,73535.3,73554,73444.9,73450.8,190.3691,13988624.04619
1780055100000,2026-05-29T11:45:00.000Z,73450.8,73486.6,73300.6,73444.1,378.4782,27776590.55248
1780056000000,2026-05-29T12:00:00.000Z,73444.1,73444.1,73300,73331,227.0379,16654125.10392
1780056900000,2026-05-29T12:15:00.000Z,73331,73386.2,73277,73299.4,270.9136,19864708.97947
1780057800000,2026-05-29T12:30:00.000Z,73299.4,73309.1,73192.7,73244.9,585.9,42913255.05724
1780058700000,2026-05-29T12:45:00.000Z,73244.9,73347.8,73173.4,73264.1,397.8441,29144734.29747
1780059600000,2026-05-29T13:00:00.000Z,73264.1,73271.3,73046,73099.1,807.1733,59033909.42511
1780060500000,2026-05-29T13:15:00.000Z,73099.1,73111,72935.5,73038.2,618.1825,45142437.74871
1780061400000,2026-05-29T13:30:00.000Z,73038.2,73283.9,72864.2,73239.9,1199.2021,87621670.18799
1780062300000,2026-05-29T13:45:00.000Z,73239.9,73329.4,73030.8,73120.8,685.7771,50174392.71439
1780063200000,2026-05-29T14:00:00.000Z,73120.8,73179,72868.6,72988.7,1253.7788,91517150.65456
1780064100000,2026-05-29T14:15:00.000Z,72988.7,73053.8,72476.5,72700.1,2960.2246,215346254.05091
1780065000000,2026-05-29T14:30:00.000Z,72700.1,72878.3,72550,72631.9,1424.0971,103571804.15861
1780065900000,2026-05-29T14:45:00.000Z,72631.9,73171.7,72580.9,73066.5,2449.5859,178745548.8282
1780066800000,2026-05-29T15:00:00.000Z,73066.5,73728,72975.3,73659,3183.9692,233875855.65652
1780067700000,2026-05-29T15:15:00.000Z,73659,73718.6,73425,73623,1251.3293,92066880.64277
1780068600000,2026-05-29T15:30:00.000Z,73623,74161.5,73620,73777.3,3188.4885,235776455.95232
1780069500000,2026-05-29T15:45:00.000Z,73777.3,73836.5,73661,73768,726.6646,53577295.18575
1780070400000,2026-05-29T16:00:00.000Z,73768,73980,73741,73912.8,556.9598,41140977.0435
1780071300000,2026-05-29T16:15:00.000Z,73912.8,73933.4,73505.6,73605.1,834.1854,61450028.11065
1780072200000,2026-05-29T16:30:00.000Z,73605.1,74064.9,73595.5,74037.6,1281.8805,94757240.69723
1780073100000,2026-05-29T16:45:00.000Z,74037.6,74086.9,73873.1,74005.3,622.6246,46071278.64768
1780074000000,2026-05-29T17:00:00.000Z,74005.3,74255,73888.3,74200,891.2184,66060095.41401
1780074900000,2026-05-29T17:15:00.000Z,74200,74287,74105,74182,1315.5798,97606225.31604
1780075800000,2026-05-29T17:30:00.000Z,74182,74285.6,74158.1,74169.5,507.1598,37648089.03652
1780076700000,2026-05-29T17:45:00.000Z,74169.5,74169.5,73874.6,73942.2,478.4458,35408208.01189
1780077600000,2026-05-29T18:00:00.000Z,73942.2,74026.2,73900,74001.6,220.0579,16278172.84498
1780078500000,2026-05-29T18:15:00.000Z,74001.6,74007.3,73692,73752.5,790.0459,58335029.44088
1780079400000,2026-05-29T18:30:00.000Z,73752.5,73818.4,73720,73758,181.5948,13395484.58848
1780080300000,2026-05-29T18:45:00.000Z,73758,73758.1,73145.6,73344.9,1971.1581,144581571.83934
1780081200000,2026-05-29T19:00:00.000Z,73344.9,73479.9,73258,73397.4,343.3153,25199232.95739
1780082100000,2026-05-29T19:15:00.000Z,73397.4,73421.8,73206.6,73304.8,257.7075,18885596.78202
1780083000000,2026-05-29T19:30:00.000Z,73304.8,73700,73304.8,73656.1,554.7411,40823103.62734
1780083900000,2026-05-29T19:45:00.000Z,73656.1,73691.7,73481.2,73491,232.5176,17106361.18239
1780084800000,2026-05-29T20:00:00.000Z,73491,73655,73479.1,73624.8,146.4829,10775776.73856
1780085700000,2026-05-29T20:15:00.000Z,73624.8,73723.5,73562,73678.6,197.1494,14521003.38347
1780086600000,2026-05-29T20:30:00.000Z,73678.6,73733.3,73655.9,73670,62.1113,4577110.56277
1780087500000,2026-05-29T20:45:00.000Z,73670,73720.9,73583.7,73646.3,127.0431,9358879.11544
1780088400000,2026-05-29T21:00:00.000Z,73646.3,73829.1,73612.1,73773.6,162.0067,11946569.59544
1780089300000,2026-05-29T21:15:00.000Z,73773.6,73786.8,73507.2,73507.3,191.8886,14121615.55836
1780090200000,2026-05-29T21:30:00.000Z,73507.3,73583.8,73438.2,73579.9,128.1721,9423765.91656
1780091100000,2026-05-29T21:45:00.000Z,73579.9,73596.9,73375,73385.1,118.9284,8735862.28472
1780092000000,2026-05-29T22:00:00.000Z,73385.1,73467,73344.7,73374.8,251.5299,18459583.69535
1780092900000,2026-05-29T22:15:00.000Z,73374.8,73551.5,73374.8,73496.6,170.3346,12517435.02649
1780093800000,2026-05-29T22:30:00.000Z,73496.6,73528.5,73412,73438.5,334.9804,24607634.31349
1780094700000,2026-05-29T22:45:00.000Z,73438.5,73507.1,73372.8,73455.1,221.2601,16249505.45046
1780095600000,2026-05-29T23:00:00.000Z,73455.1,73487,73361.8,73380,96.4239,7079655.84805
1780096500000,2026-05-29T23:15:00.000Z,73380,73445,73284,73351.2,224.5786,16472870.27657
1780097400000,2026-05-29T23:30:00.000Z,73351.2,73410,73290,73403.9,120.4949,8837020.90713
1780098300000,2026-05-29T23:45:00.000Z,73403.9,73478.2,73374.7,73436.5,103.8157,7623178.74051
1780099200000,2026-05-30T00:00:00.000Z,73436.5,73498.8,73400.2,73460,79.3974,5831902.47502
1780100100000,2026-05-30T00:15:00.000Z,73460,73526.2,73437.8,73437.8,117.7092,8649926.52753
1780101000000,2026-05-30T00:30:00.000Z,73437.8,73498,73375.1,73495,72.1646,5300080.55699
1780101900000,2026-05-30T00:45:00.000Z,73495,73557.3,73471.4,73471.4,311.0724,22869134.27134
1780102800000,2026-05-30T01:00:00.000Z,73471.4,73584,73443,73550,209.9751,15436780.23449
1780103700000,2026-05-30T01:15:00.000Z,73550,73627.1,73523,73602,106.0867,7806905.10058
1780104600000,2026-05-30T01:30:00.000Z,73602,73638.9,73563,73576.4,152.4908,11224529.22625
1780105500000,2026-05-30T01:45:00.000Z,73576.4,73635,73558,73635,86.2743,6349784.68176
1780106400000,2026-05-30T02:00:00.000Z,73635,73682.9,73631.8,73644.1,100.3855,7394588.431
1780107300000,2026-05-30T02:15:00.000Z,73644.1,73663,73581.1,73601.9,69.5905,5123213.89666
1780108200000,2026-05-30T02:30:00.000Z,73601.9,73700,73601.8,73680.4,123.689,9112991.42391
1780109100000,2026-05-30T02:45:00.000Z,73680.4,73755,73670,73755,176.3612,12999583.63724
1780110000000,2026-05-30T03:00:00.000Z,73755,73763.5,73690.4,73733.4,78.2009,5765914.31459
1780110900000,2026-05-30T03:15:00.000Z,73733.4,73733.4,73637.2,73637.2,150.4386,11086543.13118
1780111800000,2026-05-30T03:30:00.000Z,73637.2,73637.2,73503.9,73513.4,248.757,18298962.85356
1780112700000,2026-05-30T03:45:00.000Z,73513.4,73565.8,73490,73499.1,86.9803,6395957.16162
1780113600000,2026-05-30T04:00:00.000Z,73499.1,73549.9,73322.8,73465.8,212.1636,15576991.7431
1780114500000,2026-05-30T04:15:00.000Z,73465.8,73465.8,73266,73313.9,204.8401,15022723.14185
1780115400000,2026-05-30T04:30:00.000Z,73313.9,73326.6,73170,73290,490.4677,35920360.24554
1780116300000,2026-05-30T04:45:00.000Z,73290,73379.4,73263,73373.9,260.4625,19101359.76223
1780117200000,2026-05-30T05:00:00.000Z,73373.9,73599.3,73314.7,73476.2,541.7179,39794672.1511
1780118100000,2026-05-30T05:15:00.000Z,73476.2,73520,73474.3,73484.3,172.2142,12659848.96013
1780119000000,2026-05-30T05:30:00.000Z,73484.3,73550,73484.3,73547.5,393.7747,28950827.31374
1780119900000,2026-05-30T05:45:00.000Z,73547.5,73619.1,73547.4,73567,176.9637,13022867.31488
1780120800000,2026-05-30T06:00:00.000Z,73567,73583.1,73490,73504,560.9344,41235881.54387
1780121700000,2026-05-30T06:15:00.000Z,73504,73588,73503,73577.3,129.351,9514584.48458
1780122600000,2026-05-30T06:30:00.000Z,73577.3,73675.1,73577.3,73620,376.8656,27740430.33402
1780123500000,2026-05-30T06:45:00.000Z,73620,73621.9,73517.2,73541.5,122.3014,8996517.48961
1780124400000,2026-05-30T07:00:00.000Z,73541.5,73556.2,73486.9,73497.4,138.3825,10171641.01476
1780125300000,2026-05-30T07:15:00.000Z,73497.4,73543.3,73492,73520,40.1226,2949491.48267
1780126200000,2026-05-30T07:30:00.000Z,73520,73543.7,73442.3,73453.5,165.0498,12125806.0966
1780127100000,2026-05-30T07:45:00.000Z,73453.5,73514,73450,73514,53.9177,3962120.37881
1780128000000,2026-05-30T08:00:00.000Z,73514,73520,73489.7,73520,43.7216,3213842.5433
1780128900000,2026-05-30T08:15:00.000Z,73520,73520,73471.7,73511.7,71.121,5227112.14177
1780129800000,2026-05-30T08:30:00.000Z,73511.7,73519.2,73476.7,73483.8,56.0041,4116251.96161
1780130700000,2026-05-30T08:45:00.000Z,73483.8,73499,73465,73485,103.2842,7589525.11946
1780131600000,2026-05-30T09:00:00.000Z,73485,73513.3,73463,73509.9,109.5943,8054198.29624
1780132500000,2026-05-30T09:15:00.000Z,73509.9,73544,73490.4,73529.3,64.0035,4705329.68536
1780133400000,2026-05-30T09:30:00.000Z,73529.3,73545,73513.8,73532.6,61.9195,4552799.32623
1780134300000,2026-05-30T09:45:00.000Z,73532.6,73574.9,73530,73566,116.6256,8579104.53592
1780135200000,2026-05-30T10:00:00.000Z,73566,73622.7,73547.8,73590.8,96.9959,7137762.80217
1780136100000,2026-05-30T10:15:00.000Z,73590.8,73647.7,73579.1,73592,150.7048,11093571.24722
1780137000000,2026-05-30T10:30:00.000Z,73592,73613.8,73581.3,73604.1,83.5591,6150164.91651
1780137900000,2026-05-30T10:45:00.000Z,73604.1,73624,73566,73614.4,55.1752,4060828.03973
1780138800000,2026-05-30T11:00:00.000Z,73614.4,73617.2,73576.2,73580.8,61.4951,4525899.2222
1780139700000,2026-05-30T11:15:00.000Z,73580.8,73589,73521.5,73549.1,191.3004,14070799.82337
1780140600000,2026-05-30T11:30:00.000Z,73549.1,73600,73549.1,73590,36.0756,2654132.77719
1780141500000,2026-05-30T11:45:00.000Z,73590,73590,73542.2,73563,54.8878,4037664.38536
1780142400000,2026-05-30T12:00:00.000Z,73563,73580.9,73555.7,73569.4,77.678,5714775.01336
1780143300000,2026-05-30T12:15:00.000Z,73569.4,73647.1,73569.3,73613.8,80.1675,5901789.69005
1780144200000,2026-05-30T12:30:00.000Z,73613.8,73687.2,73607.6,73643.3,81.4989,6002393.19136
1780145100000,2026-05-30T12:45:00.000Z,73643.3,73662,73619,73659.7,104.698,7709869.14467
1780146000000,2026-05-30T13:00:00.000Z,73659.7,73746.1,73659.7,73700.3,202.1721,14903291.42436
1780146900000,2026-05-30T13:15:00.000Z,73700.3,73800,73670,73731.6,251.9215,18579857.26695
1780147800000,2026-05-30T13:30:00.000Z,73731.6,73736.6,73629.3,73709.1,149.9761,11048291.71047
1780148700000,2026-05-30T13:45:00.000Z,73709.1,73799,73703.8,73789.9,136.2652,10051130.77529
1780149600000,2026-05-30T14:00:00.000Z,73789.9,73970,73774.4,73895.9,617.4229,45621244.06905
1780150500000,2026-05-30T14:15:00.000Z,73895.9,74013.7,73840,73998.3,362.7935,26825661.30395
1780151400000,2026-05-30T14:30:00.000Z,73998.3,74060,73951.3,73951.9,433.7538,32097184.47496
1780152300000,2026-05-30T14:45:00.000Z,73951.9,73983.9,73868.8,73890,232.473,17183205.00298
1780153200000,2026-05-30T15:00:00.000Z,73890,74000,73830.2,73988.3,225.8856,16691062.32433
1780154100000,2026-05-30T15:15:00.000Z,73988.3,73999.4,73800.1,73899.6,317.0229,23426463.18967
1780155000000,2026-05-30T15:30:00.000Z,73899.6,73908,73795.4,73832.9,215.7664,15933449.29484
1780155900000,2026-05-30T15:45:00.000Z,73832.9,73937.7,73832.9,73885,163.8337,12104996.46694
1780156800000,2026-05-30T16:00:00.000Z,73885,73937,73834.3,73926.4,173.2308,12798826.23598
1780157700000,2026-05-30T16:15:00.000Z,73926.4,73939.4,73852.2,73865,65.8337,4864026.791
1780158600000,2026-05-30T16:30:00.000Z,73865,73940.2,73857,73916.9,82.7309,6114245.91455
1780159500000,2026-05-30T16:45:00.000Z,73916.9,73940.1,73865,73896.6,45.8878,3390534.23318
1780160400000,2026-05-30T17:00:00.000Z,73896.6,73907.5,73834,73874.9,83.7554,6187125.39758
1780161300000,2026-05-30T17:15:00.000Z,73874.9,73988,73859.8,73891.5,166.7789,12331939.46474
1780162200000,2026-05-30T17:30:00.000Z,73891.5,73909.6,73767,73909.6,182.2476,13454008.78462
1780163100000,2026-05-30T17:45:00.000Z,73909.6,73980,73909.6,73975,103.0404,7621035.11867
1780164000000,2026-05-30T18:00:00.000Z,73975,73990,73957.8,73975.1,47.8069,3536646.70165
1780164900000,2026-05-30T18:15:00.000Z,73975.1,74071,73903.6,73935.5,223.51,16537957.87628
1780165800000,2026-05-30T18:30:00.000Z,73935.5,74050,73914.1,74050,65.5191,4847756.06263
1780166700000,2026-05-30T18:45:00.000Z,74050,74088,73958.6,73996.5,231.0743,17111527.7312
1780167600000,2026-05-30T19:00:00.000Z,73996.5,74000,73957,73997.8,76.8142,5682586.0215
1780168500000,2026-05-30T19:15:00.000Z,73997.8,74029.8,73948.3,73955.3,66.5836,4926079.63623
1780169400000,2026-05-30T19:30:00.000Z,73955.3,74000,73930,73982.5,97.7447,7229456.34445
1780170300000,2026-05-30T19:45:00.000Z,73982.5,74029.6,73966.2,73966.3,64.9689,4808112.3534
1780171200000,2026-05-30T20:00:00.000Z,73966.3,73978.1,73887.6,73917,76.5698,5660673.96358
1780172100000,2026-05-30T20:15:00.000Z,73917,73934.2,73910,73921.7,36.0052,2661646.15722
1780173000000,2026-05-30T20:30:00.000Z,73921.7,73933,73881.4,73885.1,216.2941,15985388.40931
1780173900000,2026-05-30T20:45:00.000Z,73885.1,73940,73881.3,73933.9,108.8599,8045576.53603
1780174800000,2026-05-30T21:00:00.000Z,73933.9,73952.8,73919.4,73943.6,59.0104,4362847.34192
1780175700000,2026-05-30T21:15:00.000Z,73943.6,73967,73936,73946.4,67.7158,5007677.87546
1780176600000,2026-05-30T21:30:00.000Z,73946.4,74015.9,73917.6,73948.8,75.6386,5594985.05187
1780177500000,2026-05-30T21:45:00.000Z,73948.8,73981.2,73885.1,73949.3,125.9962,9313760.37707
1780178400000,2026-05-30T22:00:00.000Z,73949.3,73949.3,73790,73861,258.2464,19069588.00231
1780179300000,2026-05-30T22:15:00.000Z,73861,73894.7,73813.2,73865.1,83.5281,6168555.73575
1780180200000,2026-05-30T22:30:00.000Z,73865.1,73865.2,73750.1,73768.1,111.2248,8209016.22224
1780181100000,2026-05-30T22:45:00.000Z,73768.1,73852.6,73768,73839.1,85.161,6287016.39691
1780182000000,2026-05-30T23:00:00.000Z,73839.1,73950,73800,73810,203.4657,15037626.90908
1780182900000,2026-05-30T23:15:00.000Z,73810,73849.4,73782.4,73815,126.7079,9352483.78699
1780183800000,2026-05-30T23:30:00.000Z,73815,73815,73740.2,73766.6,128.4411,9474190.0016
1780184700000,2026-05-30T23:45:00.000Z,73766.6,73850,73765.2,73849.9,42.1579,3111507.78843
1780185600000,2026-05-31T00:00:00.000Z,73849.9,73899.9,73809.7,73842.1,138.8972,10258515.66365
1780186500000,2026-05-31T00:15:00.000Z,73842.1,73994.2,73840,73933,127.6021,9436182.6972
1780187400000,2026-05-31T00:30:00.000Z,73933,73982,73895.1,73908.5,105.7913,7823149.15175
1780188300000,2026-05-31T00:45:00.000Z,73908.5,74001.2,73875.1,73994.6,125.9523,9315216.23143
1780189200000,2026-05-31T01:00:00.000Z,73994.6,74148.3,73981,74104.9,404.6739,29975915.95769
1780190100000,2026-05-31T01:15:00.000Z,74104.9,74238,74050,74062.1,540.2951,40071591.4622
1780191000000,2026-05-31T01:30:00.000Z,74062.1,74181.5,74023,74023.1,380.7488,28210067.77252
1780191900000,2026-05-31T01:45:00.000Z,74023.1,74100,74009,74012.4,190.103,14078951.54047
1780192800000,2026-05-31T02:00:00.000Z,74012.4,74127.9,74006,74125.6,84.897,6288591.68991
1780193700000,2026-05-31T02:15:00.000Z,74125.6,74212.2,73922,73924.9,289.0938,21419267.84715
1780194600000,2026-05-31T02:30:00.000Z,73924.9,73990.7,73840.4,73932.8,196.2801,14505743.03179
1780195500000,2026-05-31T02:45:00.000Z,73932.8,74071.2,73900,74049.4,211.927,15677126.88665
1780196400000,2026-05-31T03:00:00.000Z,74049.4,74125.5,74022.3,74118,146.9203,10883578.71748
1780197300000,2026-05-31T03:15:00.000Z,74118,74184,74077.8,74165.9,118.199,8762694.44513
1780198200000,2026-05-31T03:30:00.000Z,74165.9,74174,74086.1,74126.9,98.8031,7324304.83644
1780199100000,2026-05-31T03:45:00.000Z,74126.9,74150,74093.9,74101.5,58.3615,4325845.26865
1780200000000,2026-05-31T04:00:00.000Z,74101.5,74127.6,74070,74070,54.1539,4012637.12984
1780200900000,2026-05-31T04:15:00.000Z,74070,74177.6,74052.4,74139,95.0948,7049227.7922
1780201800000,2026-05-31T04:30:00.000Z,74139,74170.6,74103.9,74155,73.9969,5485685.08713
1780202700000,2026-05-31T04:45:00.000Z,74155,74181.9,74118,74136.7,54.5343,4043918.7383
1780203600000,2026-05-31T05:00:00.000Z,74136.7,74172.9,74118,74133.1,78.0651,5788551.05492
1780204500000,2026-05-31T05:15:00.000Z,74133.1,74156.3,74084.6,74123.3,66.9412,4962209.66844
1780205400000,2026-05-31T05:30:00.000Z,74123.3,74141,74042.8,74068.1,73.1425,5419303.29935
1780206300000,2026-05-31T05:45:00.000Z,74068.1,74068.1,74010.8,74021.3,76.0787,5632523.72579
1780207200000,2026-05-31T06:00:00.000Z,74021.3,74022.4,73951.1,73970,127.2196,9410825.65519
1780208100000,2026-05-31T06:15:00.000Z,73970,74009.6,73958,73984.1,86.3447,6388442.58014
1780209000000,2026-05-31T06:30:00.000Z,73984.1,74073.3,73979.3,74025,58.4324,4325765.77854
1780209900000,2026-05-31T06:45:00.000Z,74025,74043.5,74013.1,74013.1,38.5775,2855632.11016
1780210800000,2026-05-31T07:00:00.000Z,74013.1,74013.1,73914.9,73927.8,130.4184,9645006.49521
1780211700000,2026-05-31T07:15:00.000Z,73927.8,73932.3,73850.1,73857.1,193.4683,14295792.60222
1780212600000,2026-05-31T07:30:00.000Z,73857.1,73871.5,73793.7,73824.9,248.1706,18322174.88637
1780213500000,2026-05-31T07:45:00.000Z,73824.9,73879.3,73818.4,73830.3,146.6842,10832133.43055
1780214400000,2026-05-31T08:00:00.000Z,73830.3,73939,73830.3,73876.3,337.9378,24960728.3442
1780215300000,2026-05-31T08:15:00.000Z,73876.3,73949.9,73876.2,73947.3,119.2121,8812299.98054
1780216200000,2026-05-31T08:30:00.000Z,73947.3,73947.4,73825,73860.5,128.0608,9460772.57377
1780217100000,2026-05-31T08:45:00.000Z,73860.5,73946.4,73820,73910.9,155.3173,11473738.19355
1780218000000,2026-05-31T09:00:00.000Z,73910.9,73913.8,73838.3,73866,104.4495,7716312.11649
1780218900000,2026-05-31T09:15:00.000Z,73866,73950.9,73858,73931.9,85.3146,6305946.7602
1780219800000,2026-05-31T09:30:00.000Z,73931.9,73997,73907,73943,230.9584,17080407.53903
1780220700000,2026-05-31T09:45:00.000Z,73943,73974.1,73775,73815.1,175.0008,12924952.18548
1780221600000,2026-05-31T10:00:00.000Z,73815.1,73838.1,73777.6,73826.5,143.1915,10568962.3845
1780222500000,2026-05-31T10:15:00.000Z,73826.5,73826.5,73680.7,73776.1,366.3322,27013590.07323
1780223400000,2026-05-31T10:30:00.000Z,73776.1,73815.2,73771.9,73811.9,80.5001,5940256.01601
1780224300000,2026-05-31T10:45:00.000Z,73811.9,73870,73770.9,73867.2,127.0651,9382086.82414
1780225200000,2026-05-31T11:00:00.000Z,73867.2,73915.2,73863.8,73876.1,81.4366,6017199.78545
1780226100000,2026-05-31T11:15:00.000Z,73876.1,73940,73865.9,73940,63.3263,4680269.18053
1780227000000,2026-05-31T11:30:00.000Z,73940,73940,73886.3,73924.2,85.7713,6338839.16488
1780227900000,2026-05-31T11:45:00.000Z,73924.2,73946.3,73878.8,73914.1,75.0979,5550746.4772
1780228800000,2026-05-31T12:00:00.000Z,73914.1,73956.3,73832.9,73886.3,99.6936,7364965.13271
1780229700000,2026-05-31T12:15:00.000Z,73886.3,73970.9,73886.3,73910,124.3115,9191261.75899
1780230600000,2026-05-31T12:30:00.000Z,73910,73955,73871.1,73955,66.6356,4925271.1129
1780231500000,2026-05-31T12:45:00.000Z,73955,73959.3,73860.8,73892.5,69.6486,5147524.29023
1780232400000,2026-05-31T13:00:00.000Z,73892.5,73926,73846,73915.2,57.5873,4254965.84394
1780233300000,2026-05-31T13:15:00.000Z,73915.2,73996.3,73899.4,73929.5,127.4186,9422057.80121
1780234200000,2026-05-31T13:30:00.000Z,73929.5,73943.4,73850,73868,69.2127,5114062.75181
1780235100000,2026-05-31T13:45:00.000Z,73868,73874.6,73777,73840,150.0799,11079449.94262
1780236000000,2026-05-31T14:00:00.000Z,73840,73840,73642,73698.3,461.3845,34021558.15799
1780236900000,2026-05-31T14:15:00.000Z,73698.3,73758.9,73467.1,73566,1410.2343,103738440.81224
1780237800000,2026-05-31T14:30:00.000Z,73566,73716.7,73554.1,73585.3,422.312,31100318.28481
1780238700000,2026-05-31T14:45:00.000Z,73585.3,73674.8,73556.2,73574.8,173.813,12795811.32291
1780239600000,2026-05-31T15:00:00.000Z,73574.8,73656.4,73554,73650.5,212.3769,15630792.24911
1780240500000,2026-05-31T15:15:00.000Z,73650.5,73755,73625,73709.9,302.6069,22292947.09888
1780241400000,2026-05-31T15:30:00.000Z,73709.9,73723.5,73582.5,73612.3,200.2257,14750274.36545
1780242300000,2026-05-31T15:45:00.000Z,73612.3,73658.9,73612.2,73633.4,221.4116,16301949.16161
1780243200000,2026-05-31T16:00:00.000Z,73633.4,73711.3,73581.2,73593.8,442.5309,32590446.48958
1780244100000,2026-05-31T16:15:00.000Z,73593.8,73606,73492.1,73580.1,270.6523,19907548.3706
1780245000000,2026-05-31T16:30:00.000Z,73580.1,73580.1,73363.1,73473.2,566.9012,41636626.87269
1780245900000,2026-05-31T16:45:00.000Z,73473.2,73520,73411.1,73506.4,162.1963,11916803.89743
1780246800000,2026-05-31T17:00:00.000Z,73506.4,73537.6,73422.3,73498,243.4731,17893292.62531
1780247700000,2026-05-31T17:15:00.000Z,73498,73574.7,73498,73574.7,108.59,7985726.63064
1780248600000,2026-05-31T17:30:00.000Z,73574.7,73696.3,73574.6,73696.3,164.415,12108365.09067
1780249500000,2026-05-31T17:45:00.000Z,73696.3,73713.6,73651.2,73686.1,114.2873,8421314.97645
1780250400000,2026-05-31T18:00:00.000Z,73686.1,73686.2,73587.6,73623.1,85.7952,6316592.12609
1780251300000,2026-05-31T18:15:00.000Z,73623.1,73651.5,73578.8,73602.1,55.9207,4116722.50865
1780252200000,2026-05-31T18:30:00.000Z,73602.1,73688.2,73593,73610.1,70.6184,5200232.7908
1780253100000,2026-05-31T18:45:00.000Z,73610.1,73614.9,73550,73581.1,66.0197,4857939.90345
1780254000000,2026-05-31T19:00:00.000Z,73581.1,73628.8,73557,73563.9,90.1186,6631463.0492
1780254900000,2026-05-31T19:15:00.000Z,73563.9,73590,73420,73500,127.4444,9367852.57956
1780255800000,2026-05-31T19:30:00.000Z,73500,73520,73423.6,73493.7,97.1259,7136376.61039
1780256700000,2026-05-31T19:45:00.000Z,73493.7,73549.3,73490,73528.6,71.1619,5231526.59661
1780257600000,2026-05-31T20:00:00.000Z,73528.6,73675,73528.6,73661.7,280.0271,20615707.22472
1780258500000,2026-05-31T20:15:00.000Z,73661.7,73728.7,73630.9,73658,70.2605,5176982.26335
1780259400000,2026-05-31T20:30:00.000Z,73658,73695.3,73640.5,73661,55.5016,4088186.6147
1780260300000,2026-05-31T20:45:00.000Z,73661,73735,73661,73715.8,47.2988,3486161.7474
1780261200000,2026-05-31T21:00:00.000Z,73715.8,73732.8,73651.8,73652.5,77.5943,5717680.81328
1780262100000,2026-05-31T21:15:00.000Z,73652.5,73714.9,73595.2,73620,87.9747,6479103.8759
1780263000000,2026-05-31T21:30:00.000Z,73620,73719,73598.4,73716.1,97.7863,7202251.73527
1780263900000,2026-05-31T21:45:00.000Z,73716.1,73900,73716,73865,563.1714,41569673.22752
1780264800000,2026-05-31T22:00:00.000Z,73865,73942.6,73644.2,73888.5,270.0635,19930381.91461
1780265700000,2026-05-31T22:15:00.000Z,73888.5,73970,73773.3,73858,255.9085,18911803.32013
1780266600000,2026-05-31T22:30:00.000Z,73858,73969.3,73839.7,73875.8,230.0778,17009100.48779
1780267500000,2026-05-31T22:45:00.000Z,73875.8,73975,73875.8,73918.7,116.6568,8624371.62121
1780268400000,2026-05-31T23:00:00.000Z,73918.7,74170.5,73900.1,73900.1,1232.4904,91241392.24276
1780269300000,2026-05-31T23:15:00.000Z,73900.1,73934.8,73755,73793.3,222.7174,16443980.96503
1780270200000,2026-05-31T23:30:00.000Z,73793.3,73802.9,73461.9,73548.4,662.3217,48741838.85775
1780271100000,2026-05-31T23:45:00.000Z,73548.4,73685,73529.2,73643.8,178.6696,13154735.22169
1780272000000,2026-06-01T00:00:00.000Z,73643.8,73850,73614.7,73772.5,393.2373,29007341.59648
1780272900000,2026-06-01T00:15:00.000Z,73772.5,73936.5,73682,73926.8,253.8712,18741130.14846
1780273800000,2026-06-01T00:30:00.000Z,73926.8,74058,73790.9,73902.3,366.3573,27088482.05585
1780274700000,2026-06-01T00:45:00.000Z,73902.3,73985.9,73829.3,73848,172.234,12731186.90095
1780275600000,2026-06-01T01:00:00.000Z,73848,73884.6,73533,73537,464.0895,34170293.75903
1780276500000,2026-06-01T01:15:00.000Z,73537,73626,73537,73573.1,819.2664,60285878.05896
1780277400000,2026-06-01T01:30:00.000Z,73573.1,73630.3,73435.1,73463.4,312.1562,22956938.73232
1780278300000,2026-06-01T01:45:00.000Z,73463.4,73551.7,73239.2,73271,691.5319,50754668.73676
1780279200000,2026-06-01T02:00:00.000Z,73271,73548.2,73180,73516.1,586.1312,42994151.41327
1780280100000,2026-06-01T02:15:00.000Z,73516.1,73531,73419.7,73505.9,206.8591,15200891.49576
1780281000000,2026-06-01T02:30:00.000Z,73505.9,73859.8,73440.1,73749.2,542.0818,39955888.8048
1780281900000,2026-06-01T02:45:00.000Z,73749.2,73835,73707.3,73758.5,311.6135,22988185.55218
1780282800000,2026-06-01T03:00:00.000Z,73758.5,73984,73758.5,73854.2,601.2771,44438987.92425
1780283700000,2026-06-01T03:15:00.000Z,73854.2,73945,73765,73883.6,301.0215,22232927.68217
1780284600000,2026-06-01T03:30:00.000Z,73883.6,73950,73761,73822.3,224.6918,16599662.39652
1780285500000,2026-06-01T03:45:00.000Z,73822.3,73881.4,73695.6,73731.5,232.1635,17123398.71326
1780286400000,2026-06-01T04:00:00.000Z,73731.5,73807.6,73551.5,73567.9,325.0954,23950135.73576
1780287300000,2026-06-01T04:15:00.000Z,73567.9,73587.8,73367.5,73376,591.7414,43454982.27286
1780288200000,2026-06-01T04:30:00.000Z,73376,73469.9,73374,73457.8,286.2382,21017845.47049
1780289100000,2026-06-01T04:45:00.000Z,73457.8,73566.6,73316,73502,283.5592,20828018.09114
1780290000000,2026-06-01T05:00:00.000Z,73502,73514,73421,73499.9,170.679,12541560.57009
1780290900000,2026-06-01T05:15:00.000Z,73499.9,73510.7,73314.1,73314.2,191.97,14088795.75805
1780291800000,2026-06-01T05:30:00.000Z,73314.2,73405,73293.4,73397.9,189.8903,13929163.83667
1780292700000,2026-06-01T05:45:00.000Z,73397.9,73446,73304,73325.3,171.2841,12571471.71177
1780293600000,2026-06-01T06:00:00.000Z,73325.3,73348.5,73212,73266.1,323.6119,23709714.40487
1780294500000,2026-06-01T06:15:00.000Z,73266.1,73304.2,73117,73164.6,538.8628,39437936.36605
1780295400000,2026-06-01T06:30:00.000Z,73164.6,73212.5,72970,72986.5,683.301,49944934.62499
1780296300000,2026-06-01T06:45:00.000Z,72986.5,73186.4,72935,73112.2,1239.5523,90531116.10451
1780297200000,2026-06-01T07:00:00.000Z,73112.2,73178,73017.8,73093.4,261.4987,19119124.94745
1780298100000,2026-06-01T07:15:00.000Z,73093.4,73115,72918.4,72960.8,506.9576,37007845.83431
1780299000000,2026-06-01T07:30:00.000Z,72960.8,72978,72837.8,72937,981.6109,71574315.56227
1780299900000,2026-06-01T07:45:00.000Z,72937,72942,72670.4,72785.3,1217.9288,88675576.22115
1780300800000,2026-06-01T08:00:00.000Z,72785.3,72835.2,72763.5,72800.1,393.3243,28638412.76466
1780301700000,2026-06-01T08:15:00.000Z,72800.1,72828,72612.4,72720.3,680.7502,49530152.41772
1780302600000,2026-06-01T08:30:00.000Z,72720.3,72828,72590,72743.6,917.4164,66732160.87212
1780303500000,2026-06-01T08:45:00.000Z,72743.6,72908.5,72743.6,72885.1,376.4435,27417821.34642
1780304400000,2026-06-01T09:00:00.000Z,72885.1,73004.2,72885.1,72948.3,405.3394,29572989.53735
1780305300000,2026-06-01T09:15:00.000Z,72948.3,73078.1,72914.8,72983.7,512.1074,37391235.79532
1780306200000,2026-06-01T09:30:00.000Z,72983.7,73030,72889.3,72924.5,199.9963,14587596.81258
1780307100000,2026-06-01T09:45:00.000Z,72924.5,72985.8,72791,72868.5,785.1774,57219687.49535
1780308000000,2026-06-01T10:00:00.000Z,72868.5,72886.8,72757.7,72763.5,352.3412,25651227.02227
1780308900000,2026-06-01T10:15:00.000Z,72763.5,72790,72650,72692.2,424.5831,30866144.32757
1780309800000,2026-06-01T10:30:00.000Z,72692.2,72775,72561.7,72687.9,481.9433,35009837.78957
1780310700000,2026-06-01T10:45:00.000Z,72687.9,72781.6,72687.9,72731.8,272.9267,19850938.26805
1780311600000,2026-06-01T11:00:00.000Z,72731.8,72748.5,72640.9,72665,225.3326,16381450.13054
1780312500000,2026-06-01T11:15:00.000Z,72665,72726.5,72633.1,72654.1,188.318,13684231.38133
1780313400000,2026-06-01T11:30:00.000Z,72654.1,72727,72589,72708.4,721.5785,52422396.41839
1780314300000,2026-06-01T11:45:00.000Z,72708.4,72763.7,72250.7,72472.1,2157.9815,156312896.0184
1780315200000,2026-06-01T12:00:00.000Z,72472.1,72595.1,71866.5,72043,4336.4153,312811464.86662
1780316100000,2026-06-01T12:15:00.000Z,72043,72295,72020.1,72219,1302.1298,93948067.29895
1780317000000,2026-06-01T12:30:00.000Z,72219,72317.5,72176,72259.3,415.8253,30042101.10457
1780317900000,2026-06-01T12:45:00.000Z,72259.3,72288.1,72093.1,72211.3,389.3617,28098826.95874
1780318800000,2026-06-01T13:00:00.000Z,72211.3,72233.5,71720,71839.1,2055.677,147805073.03736
1780319700000,2026-06-01T13:15:00.000Z,71839.1,72032,71735,71813.5,1049.5382,75442056.28887
1780320600000,2026-06-01T13:30:00.000Z,71813.5,72042,71553.5,71590.9,1978.6682,142011098.51378
1780321500000,2026-06-01T13:45:00.000Z,71590.9,72128.5,71361.7,71712.3,3681.3809,263722714.79165
1780322400000,2026-06-01T14:00:00.000Z,71712.3,71887.6,71517,71670.2,1462.5898,104883736.86171
1780323300000,2026-06-01T14:15:00.000Z,71670.2,71739.9,71478,71534.4,1244.1995,89110053.81729
1780324200000,2026-06-01T14:30:00.000Z,71534.4,71599.3,71417.6,71491.5,984.8867,70415880.24578
1780325100000,2026-06-01T14:45:00.000Z,71491.5,71623.8,71420,71570,705.2699,50436592.28159
1780326000000,2026-06-01T15:00:00.000Z,71570,71682,71440,71516.9,838.9315,60050267.62378
1780326900000,2026-06-01T15:15:00.000Z,71516.9,71537,71066,71077.1,2347.7839,167284319.68857
1780327800000,2026-06-01T15:30:00.000Z,71077.1,71492.6,71070.7,71276.8,1759.0081,125458475.58983
1780328700000,2026-06-01T15:45:00.000Z,71276.8,71300,71075.2,71128.5,843.9237,60040988.55606
1780329600000,2026-06-01T16:00:00.000Z,71128.5,71200,70675,70879.4,3364.9222,238567403.53413
1780330500000,2026-06-01T16:15:00.000Z,70879.4,71094.1,70816,71091.1,960.8368,68151862.33742
1780331400000,2026-06-01T16:30:00.000Z,71091.1,71409.2,71035.6,71341.3,1433.6035,102100985.80683
1780332300000,2026-06-01T16:45:00.000Z,71341.3,71607.6,71339.2,71550.3,1216.6496,86977694.38455
1780333200000,2026-06-01T17:00:00.000Z,71550.3,71622,71456,71576.2,664.3744,47547345.67429
1780334100000,2026-06-01T17:15:00.000Z,71576.2,71735,71450,71716.4,492.4437,35248953.9039
1780335000000,2026-06-01T17:30:00.000Z,71716.4,71773.8,71510.1,71707.5,1270.3473,91009725.55099
1780335900000,2026-06-01T17:45:00.000Z,71707.5,71786.3,71600,71625,396.5237,28437188.25148
1780336800000,2026-06-01T18:00:00.000Z,71625,71679.9,71440.5,71460.5,313.4024,22423777.40312
1780337700000,2026-06-01T18:15:00.000Z,71460.5,71538.1,71355,71538,324.8697,23202794.37819
1780338600000,2026-06-01T18:30:00.000Z,71538,71666.7,71485.2,71485.2,229.655,16440875.5345
1780339500000,2026-06-01T18:45:00.000Z,71485.2,71543,71370.3,71475.4,297.8467,21286516.27049
1780340400000,2026-06-01T19:00:00.000Z,71475.4,71480.1,71386.9,71415,133.761,9555079.16164
1780341300000,2026-06-01T19:15:00.000Z,71415,71605,71360.3,71604.3,254.2335,18168919.59975
1780342200000,2026-06-01T19:30:00.000Z,71604.3,71650,71510,71616.5,353.3586,25291623.85983
1780343100000,2026-06-01T19:45:00.000Z,71616.5,71616.6,71475.5,71576,391.4903,28001654.4761
1780344000000,2026-06-01T20:00:00.000Z,71576,71576.1,71495,71556.2,97.8447,6999270.55124
1780344900000,2026-06-01T20:15:00.000Z,71556.2,71671.9,71501,71580,437.1678,31299398.05357
1780345800000,2026-06-01T20:30:00.000Z,71580,71649,71545.9,71567.9,86.1192,6165670.9204
1780346700000,2026-06-01T20:45:00.000Z,71567.9,71587.4,71388,71422.5,183.4319,13107968.39058
1780347600000,2026-06-01T21:00:00.000Z,71422.5,71426.6,71123,71192.6,534.9309,38098458.37429
1780348500000,2026-06-01T21:15:00.000Z,71192.6,71210,71042,71127.7,464.8556,33062667.05614
1780349400000,2026-06-01T21:30:00.000Z,71127.7,71137.4,70907.7,70990.2,360.7874,25619034.76596
1780350300000,2026-06-01T21:45:00.000Z,70990.2,71105.8,70940.7,71011.8,286.2889,20331042.69728
1780351200000,2026-06-01T22:00:00.000Z,71011.8,71018.6,70805,70955.4,443.9236,31472007.49474
1780352100000,2026-06-01T22:15:00.000Z,70955.4,71317.1,70951.2,71264.1,448.834,31939371.75187
1780353000000,2026-06-01T22:30:00.000Z,71264.1,71340,71057.2,71120.2,222.8148,15855027.13857
1780353900000,2026-06-01T22:45:00.000Z,71120.2,71441.8,71120.2,71387.7,306.3758,21857064.94282
1780354800000,2026-06-01T23:00:00.000Z,71387.7,71436.7,71300,71347.9,197.1005,14066154.10668
1780355700000,2026-06-01T23:15:00.000Z,71347.9,71459.4,71220.4,71220.4,320.722,22887012.91389
1780356600000,2026-06-01T23:30:00.000Z,71220.4,71571.1,71206.1,71494.4,528.951,37797370.45712
1780357500000,2026-06-01T23:45:00.000Z,71494.4,71539.5,71354.3,71398.4,376.1104,26870668.43641
1780358400000,2026-06-02T00:00:00.000Z,71398.4,71404.3,71234.3,71257.3,303.6668,21655964.24204
1780359300000,2026-06-02T00:15:00.000Z,71257.3,71289.9,71133,71214.6,212.0732,15099256.51033
1780360200000,2026-06-02T00:30:00.000Z,71214.6,71287.1,71070.4,71164.5,262.3133,18670926.77988
1780361100000,2026-06-02T00:45:00.000Z,71164.5,71288.4,71131.1,71274.9,126.2147,8987991.06511
1780362000000,2026-06-02T01:00:00.000Z,71274.9,71363.6,71210.1,71351.7,221.7582,15810613.52309
1780362900000,2026-06-02T01:15:00.000Z,71351.7,71360,71182,71190.6,255.3915,18204561.56811
1780363800000,2026-06-02T01:30:00.000Z,71190.6,71207.5,70777,70941,1158.1988,82107834.60707
1780364700000,2026-06-02T01:45:00.000Z,70941,70941,70557.6,70628.4,1585.2332,112150196.28246
1780365600000,2026-06-02T02:00:00.000Z,70628.4,70712.3,70080.1,70335.4,3140.8202,221039231.44463
1780366500000,2026-06-02T02:15:00.000Z,70335.4,70814.4,70150,70790.1,1256.1708,88537871.70307
1780367400000,2026-06-02T02:30:00.000Z,70790.1,70865,70561,70585,547.5492,38728313.15522
1780368300000,2026-06-02T02:45:00.000Z,70585,70839.9,70565.1,70839.9,419.2695,29642442.52009
1780369200000,2026-06-02T03:00:00.000Z,70839.9,71028.9,70787.4,70893.8,626.0243,44410196.96307
1780370100000,2026-06-02T03:15:00.000Z,70893.8,70994.5,70801.7,70945,469.4624,33294087.50281
1780371000000,2026-06-02T03:30:00.000Z,70945,70993.6,70891.7,70979.9,154.6029,10968273.80554
1780371900000,2026-06-02T03:45:00.000Z,70979.9,70998.6,70920,70930.5,289.5446,20549592.8722
1780372800000,2026-06-02T04:00:00.000Z,70930.5,70988,70688.9,70742.1,332.759,23575222.88936
1780373700000,2026-06-02T04:15:00.000Z,70742.1,71000,70742.1,70950,484.1891,34335360.19098
1780374600000,2026-06-02T04:30:00.000Z,70950,71025.6,70898.4,70995.4,177.0204,12565289.89039
1780375500000,2026-06-02T04:45:00.000Z,70995.4,70995.4,70734.4,70788,287.2326,20348886.48193
1780376400000,2026-06-02T05:00:00.000Z,70788,70824.9,70560,70783.3,366.4584,25901051.59023
1780377300000,2026-06-02T05:15:00.000Z,70783.3,70795.3,70563,70578.5,176.5228,12474697.41341
1780378200000,2026-06-02T05:30:00.000Z,70578.5,70703.4,70402.6,70506.1,697.7934,49209351.74776
1780379100000,2026-06-02T05:45:00.000Z,70506.1,70511,70232.5,70249.4,1554.3797,109373863.3772
1780380000000,2026-06-02T06:00:00.000Z,70249.4,70429.4,70204.6,70291,462.7131,32544858.07688
1780380900000,2026-06-02T06:15:00.000Z,70291,70386.3,70200.9,70354.8,447.8909,31488343.99458
1780381800000,2026-06-02T06:30:00.000Z,70354.8,70413.3,70233.6,70239.1,410.1229,28842453.36467
1780382700000,2026-06-02T06:45:00.000Z,70239.1,70326,69922.8,70092,2141.0047,150067760.30884
1780383600000,2026-06-02T07:00:00.000Z,70092,70147.5,69710.1,70034.9,1811.9497,126598799.33825
1780384500000,2026-06-02T07:15:00.000Z,70034.9,70255,69817.6,69897.4,1302.4789,91242382.81506
1780385400000,2026-06-02T07:30:00.000Z,69897.4,70237.9,69883.1,70194.5,597.534,41890543.85369
1780386300000,2026-06-02T07:45:00.000Z,70194.5,70198,70050.9,70095.9,259.6452,18207877.99859
1780387200000,2026-06-02T08:00:00.000Z,70095.9,70159.9,69950,70039.5,380.8552,26672761.60236
1780388100000,2026-06-02T08:15:00.000Z,70039.5,70073.7,69850.2,70006.4,551.9637,38613216.98261
1780389000000,2026-06-02T08:30:00.000Z,70006.4,70073.7,69840,69849.4,265.8023,18596161.48696
1780389900000,2026-06-02T08:45:00.000Z,69849.4,69927.2,69667,69805.3,672.5845,46927562.46491
1780390800000,2026-06-02T09:00:00.000Z,69805.3,69835.6,69470,69542.8,1450.2756,100930010.62824
1780391700000,2026-06-02T09:15:00.000Z,69542.8,69611.6,69302.1,69377.6,1069.2699,74256831.47932
1780392600000,2026-06-02T09:30:00.000Z,69377.6,69548.5,69340,69471.7,716.7374,49781791.06991
1780393500000,2026-06-02T09:45:00.000Z,69471.7,69511.2,69356.3,69404.9,410.3531,28493029.97482
1780394400000,2026-06-02T10:00:00.000Z,69404.9,69739.8,69330.4,69636,787.7411,54798354.81012
1780395300000,2026-06-02T10:15:00.000Z,69636,69708,69493.7,69620.1,441.4574,30726820.26272
1780396200000,2026-06-02T10:30:00.000Z,69620.1,69655.8,69421.5,69456,409.3816,28454777.48546
1780397100000,2026-06-02T10:45:00.000Z,69456,69684.4,69455.9,69630,358.5267,24949730.73194
1780398000000,2026-06-02T11:00:00.000Z,69630,69645.7,69475,69537.9,273.0981,18996190.5164
1780398900000,2026-06-02T11:15:00.000Z,69537.9,69550,69405.2,69477.2,217.5373,15112157.38164
1780399800000,2026-06-02T11:30:00.000Z,69477.2,69518.7,69383.2,69453.6,401.9416,27909111.00551
1780400700000,2026-06-02T11:45:00.000Z,69453.6,69596.1,69442,69442.3,230.2987,16011682.17823
1780401600000,2026-06-02T12:00:00.000Z,69442.3,69528,69228.1,69329.5,1006.9121,69842432.59978
1780402500000,2026-06-02T12:15:00.000Z,69329.5,69422.5,69215.9,69271.5,683.3686,47355003.9527
1780403400000,2026-06-02T12:30:00.000Z,69271.5,69271.6,69060,69197.7,1824.7472,126203846.87888
1780404300000,2026-06-02T12:45:00.000Z,69197.7,69240,68970.5,68994.9,1271.5436,87820551.73571
1780405200000,2026-06-02T13:00:00.000Z,68994.9,69160,68871.3,68890,2188.149,151000324.97945
1780406100000,2026-06-02T13:15:00.000Z,68890,69084.7,68850,69004.1,886.2735,61144274.03177
1780407000000,2026-06-02T13:30:00.000Z,69004.1,69084.7,68737.7,68866.6,1313.6373,90475835.60401
1780407900000,2026-06-02T13:45:00.000Z,68866.6,68967.1,68737,68791.9,837.0199,57609052.96723
1780408800000,2026-06-02T14:00:00.000Z,68791.9,68815.3,68274,68558.2,3128.3773,214468762.26547
1780409700000,2026-06-02T14:15:00.000Z,68558.2,68565,67574.3,67860.2,5156.2006,350719139.99895
1780410600000,2026-06-02T14:30:00.000Z,67860.2,68255.5,67830.5,68000,1972.1231,134197580.64824
1780411500000,2026-06-02T14:45:00.000Z,68000,68256,67952.1,67996.5,1072.5165,73069025.32506
1780412400000,2026-06-02T15:00:00.000Z,67996.5,68075,67790,67826.9,1277.1835,86726354.02585
1780413300000,2026-06-02T15:15:00.000Z,67826.9,67831.1,67333.3,67420.1,2582.9873,174532633.76204
1780414200000,2026-06-02T15:30:00.000Z,67420.1,67476.9,67040,67249.1,2545.1496,171120618.59692
1780415100000,2026-06-02T15:45:00.000Z,67249.1,67473.3,67077,67269.9,1134.3514,76276232.5046
1780416000000,2026-06-02T16:00:00.000Z,67269.9,67950,67194.9,67909.6,2393.2434,161743971.56027
1780416900000,2026-06-02T16:15:00.000Z,67909.6,68121.1,67756.1,67832.4,2043.8009,138793206.58412
1780417800000,2026-06-02T16:30:00.000Z,67832.4,67846.2,67509,67602.1,1082.9564,73261454.67275
1780418700000,2026-06-02T16:45:00.000Z,67602.1,67814.3,67376,67391.5,822.9441,55636330.58902
1780419600000,2026-06-02T17:00:00.000Z,67391.5,67609.4,67350,67479.8,735.8008,49654215.76645
1780420500000,2026-06-02T17:15:00.000Z,67479.8,67791.4,67432.8,67711.8,665.873,45043479.49053
1780421400000,2026-06-02T17:30:00.000Z,67711.8,67827.2,67450.1,67466.6,525.863,35548075.66145
1780422300000,2026-06-02T17:45:00.000Z,67466.6,67499.9,67360,67467.2,464.8837,31348044.55137
1780423200000,2026-06-02T18:00:00.000Z,67467.2,67637.3,67466.1,67580.6,361.7731,24440046.92092
1780424100000,2026-06-02T18:15:00.000Z,67580.6,67600,67268,67282.4,622.0895,41927085.20076
1780425000000,2026-06-02T18:30:00.000Z,67282.4,67345.7,67179.5,67282.6,826.3252,55558926.12574
1780425900000,2026-06-02T18:45:00.000Z,67282.6,67346.4,67100,67317.6,447.2509,30056279.02441
1780426800000,2026-06-02T19:00:00.000Z,67317.6,67418.1,67198,67330,475.228,31981344.33024
1780427700000,2026-06-02T19:15:00.000Z,67330,67343.8,66902,66948.3,1727.7903,115800321.30044
1780428600000,2026-06-02T19:30:00.000Z,66948.3,66997,66380,66898.8,3087.3999,205825878.94636
1780429500000,2026-06-02T19:45:00.000Z,66898.8,67477.5,66840,67288.3,1572.4663,105638688.88746
1780430400000,2026-06-02T20:00:00.000Z,67288.3,67458.6,67045.3,67350.1,758.2704,51029464.42698
1780431300000,2026-06-02T20:15:00.000Z,67350.1,67366.7,66877,66922.2,562.6687,37720300.59694
1780432200000,2026-06-02T20:30:00.000Z,66922.2,67323.1,66909.5,67279.1,441.3999,29654484.60866
1780433100000,2026-06-02T20:45:00.000Z,67279.1,67663,67269.4,67554.8,742.8534,50159899.89625
1780434000000,2026-06-02T21:00:00.000Z,67554.8,67783.9,67374.3,67444.2,771.7322,52157081.80495
1780434900000,2026-06-02T21:15:00.000Z,67444.2,67890,67433.4,67859.9,521.2226,35305036.29283
1780435800000,2026-06-02T21:30:00.000Z,67859.9,67899.4,67675.6,67706.4,239.6215,16243349.75136
1780436700000,2026-06-02T21:45:00.000Z,67706.4,67710.2,67478.9,67535.1,255.9928,17300109.47573
1780437600000,2026-06-02T22:00:00.000Z,67535.1,67535.1,67172.8,67195.7,514.856,34662034.33107
1780438500000,2026-06-02T22:15:00.000Z,67195.7,67415.9,66900.9,67260.1,856.6067,57529438.66938
1780439400000,2026-06-02T22:30:00.000Z,67260.1,67286.1,66765,66920.1,1076.3488,72066964.29122
1780440300000,2026-06-02T22:45:00.000Z,66920.1,66920.1,66206.1,66359.9,2311.4003,153757279.58621
1780441200000,2026-06-02T23:00:00.000Z,66359.9,66666,66164.8,66666,1675.5745,111248131.5493
1780442100000,2026-06-02T23:15:00.000Z,66666,66749.1,66158.5,66417.8,1247.2644,82899667.42893
1780443000000,2026-06-02T23:30:00.000Z,66417.8,66700,66213.3,66689.2,1311.593,87228204.20222
1780443900000,2026-06-02T23:45:00.000Z,66689.2,66846.1,66630.3,66725.6,714.1116,47650833.1144
1780444800000,2026-06-03T00:00:00.000Z,66725.6,66887,66608.6,66793.9,834.652,55718835.46156
1780445700000,2026-06-03T00:15:00.000Z,66793.9,67093.2,66729.2,66742.8,581.1787,38905276.67293
1780446600000,2026-06-03T00:30:00.000Z,66742.8,67175,66668.6,67038.9,546.688,36615601.0916
1780447500000,2026-06-03T00:45:00.000Z,67038.9,67118.6,66900,66900.2,289.7051,19406879.61478
1780448400000,2026-06-03T01:00:00.000Z,66900.2,66916.4,66632.7,66797.8,480.7831,32104695.76191
1780449300000,2026-06-03T01:15:00.000Z,66797.8,67013.1,66770.3,66984.9,591.3961,39572997.3484
1780450200000,2026-06-03T01:30:00.000Z,66984.9,67023.1,66431,66480,758.5502,50564425.82701
1780451100000,2026-06-03T01:45:00.000Z,66480,66998.1,66466.4,66880,526.556,35149487.13134
1780452000000,2026-06-03T02:00:00.000Z,66880,66894.3,66690,66788,301.8676,20171978.02621
1780452900000,2026-06-03T02:15:00.000Z,66788,66914,66607.6,66623.6,271.7841,18135074.74505
1780453800000,2026-06-03T02:30:00.000Z,66623.6,66824.3,66571.9,66712.1,244.555,16316107.41776
1780454700000,2026-06-03T02:45:00.000Z,66712.1,66791.9,66550.7,66583.8,257.0734,17133042.47431
1780455600000,2026-06-03T03:00:00.000Z,66583.8,66633.3,66356.4,66495.1,723.8402,48106997.6529
1780456500000,2026-06-03T03:15:00.000Z,66495.1,66599.1,66053.1,66122.9,990.7168,65614280.80901
1780457400000,2026-06-03T03:30:00.000Z,66122.9,66239.4,65700.4,65719,1800.1964,118770502.9081
1780458300000,2026-06-03T03:45:00.000Z,65719,65959.5,65373.4,65823.5,2372.0429,155790111.86779
1780459200000,2026-06-03T04:00:00.000Z,65823.5,66581.5,65800,66310.3,1702.3808,112849653.50313
1780460100000,2026-06-03T04:15:00.000Z,66310.3,66594.5,66284,66553.5,867.6874,57698502.48291
1780461000000,2026-06-03T04:30:00.000Z,66553.5,66553.5,66284,66405.7,921.4328,61158985.29182
1780461900000,2026-06-03T04:45:00.000Z,66405.7,66484.4,66234.7,66438.8,393.4732,26107754.2828
1780462800000,2026-06-03T05:00:00.000Z,66438.8,67230.4,66438.8,67102.5,2121.2397,141952959.90194
1780463700000,2026-06-03T05:15:00.000Z,67102.5,67257.1,66944.9,67064.7,580.6157,38955885.90991
1780464600000,2026-06-03T05:30:00.000Z,67064.7,67064.7,66733.7,66984,858.1534,57394652.66753
1780465500000,2026-06-03T05:45:00.000Z,66984,67362,66984,67290,1044.8446,70253427.11906
1780466400000,2026-06-03T06:00:00.000Z,67290,67345,67054.2,67125.1,632.8305,42518937.69719
1780467300000,2026-06-03T06:15:00.000Z,67125.1,67323.8,67109.2,67210.5,380.2194,25567160.79401
1780468200000,2026-06-03T06:30:00.000Z,67210.5,67482.5,67150,67286.6,1018.1099,68586238.37404
1780469100000,2026-06-03T06:45:00.000Z,67286.6,67300,66921.4,66952.7,989.044,66350495.9387
1780470000000,2026-06-03T07:00:00.000Z,66952.7,67123.6,66835.9,67041.4,589.9696,39517486.69933
1780470900000,2026-06-03T07:15:00.000Z,67041.4,67312.7,66993,67159.5,578.4743,38871229.08481
1780471800000,2026-06-03T07:30:00.000Z,67159.5,67253.9,67045.1,67177,211.3614,14196480.56477
1780472700000,2026-06-03T07:45:00.000Z,67177,67293,67145.6,67187.7,214.3409,14412263.78582
1780473600000,2026-06-03T08:00:00.000Z,67187.7,67229.5,67033.4,67037.3,363.8284,24421834.92577
1780474500000,2026-06-03T08:15:00.000Z,67037.3,67116.2,66973.5,67003.2,353.7581,23712287.27697
1780475400000,2026-06-03T08:30:00.000Z,67003.2,67208.3,66938.8,67054.8,440.5548,29534806.93568
1780476300000,2026-06-03T08:45:00.000Z,67054.8,67156.5,66943.6,66990.3,362.9987,24330431.37852
1780477200000,2026-06-03T09:00:00.000Z,66990.3,67070,66907.5,66933.4,304.6902,20405868.9442
1780478100000,2026-06-03T09:15:00.000Z,66933.4,66940.7,66767.9,66801.3,583.5163,38997308.14103
1780479000000,2026-06-03T09:30:00.000Z,66801.3,66831.7,66680.3,66703,602.3574,40207474.58707
1780479900000,2026-06-03T09:45:00.000Z,66703,67298,66618.6,67037.5,1588.6256,106468116.70353
1780480800000,2026-06-03T10:00:00.000Z,67037.5,67449.9,67035,67270.1,943.5395,63492323.27
1780481700000,2026-06-03T10:15:00.000Z,67270.1,67310.7,67151.3,67288.6,275.8712,18542123.35026
1780482600000,2026-06-03T10:30:00.000Z,67288.6,67375.7,67172.9,67204.5,325.4051,21896966.70008
1780483500000,2026-06-03T10:45:00.000Z,67204.5,67293.6,67151.7,67262.1,267.0277,17950578.14353
1780484400000,2026-06-03T11:00:00.000Z,67262.1,67342.2,67164.8,67314.4,245.0695,16477283.55087
1780485300000,2026-06-03T11:15:00.000Z,67314.4,67330.7,67255.3,67300.5,161.6387,10878305.89219
1780486200000,2026-06-03T11:30:00.000Z,67300.5,67300.5,67074.2,67116.8,443.2854,29761602.29481
1780487100000,2026-06-03T11:45:00.000Z,67116.8,67117,67018.1,67039.9,419.7042,28142606.82709
1780488000000,2026-06-03T12:00:00.000Z,67039.9,67099.9,66850,66940.6,492.4773,32987952.9743
1780488900000,2026-06-03T12:15:00.000Z,66940.6,67054.9,66750,67000.7,851.8055,56970847.41225
1780489800000,2026-06-03T12:30:00.000Z,67000.7,67140.4,66802.3,66935.3,578.4595,38728617.33113
1780490700000,2026-06-03T12:45:00.000Z,66935.3,67114.4,66889.1,67051.7,243.4741,16319224.31718
1780491600000,2026-06-03T13:00:00.000Z,67051.7,67199.7,66956.5,67086.9,516.2807,34629469.02297
1780492500000,2026-06-03T13:15:00.000Z,67086.9,67222.1,66801.1,66803.3,577.3014,38656703.40791
1780493400000,2026-06-03T13:30:00.000Z,66803.3,67172.4,66683.6,66717,1025.8853,68609793.57804
1780494300000,2026-06-03T13:45:00.000Z,66717,67029.7,66604.3,66879.7,1191.2659,79540208.9623
1780495200000,2026-06-03T14:00:00.000Z,66879.7,66924.4,66712.2,66875.9,461.0763,30791794.87813
1780496100000,2026-06-03T14:15:00.000Z,66875.9,66917.1,66621.9,66770,601.3728,40118620.02708
1780497000000,2026-06-03T14:30:00.000Z,66770,66977.1,66686.6,66732.8,582.7953,38966752.84934
1780497900000,2026-06-03T14:45:00.000Z,66732.8,66915.1,66718,66841,239.8117,16022711.92967
1780498800000,2026-06-03T15:00:00.000Z,66841,66874.9,66467.3,66503.6,1581.9101,105358436.42834
1780499700000,2026-06-03T15:15:00.000Z,66503.6,66652.8,66235,66586.8,2000.4681,132825854.43059
1780500600000,2026-06-03T15:30:00.000Z,66586.8,66664.2,66200.1,66281.5,786.8181,52237631.95456
1780501500000,2026-06-03T15:45:00.000Z,66281.5,66359.3,66044.1,66050.6,1127.0098,74590378.31772
1780502400000,2026-06-03T16:00:00.000Z,66050.6,66358,65845,66142.1,1996.2241,131932212.17538
1780503300000,2026-06-03T16:15:00.000Z,66142.1,66208.2,65522.8,65585.9,3006.444,197780379.09715
1780504200000,2026-06-03T16:30:00.000Z,65585.9,65966.6,65564.6,65897.6,1176.0815,77377615.79892
1780505100000,2026-06-03T16:45:00.000Z,65897.6,66058.9,65800,66050.7,795.6156,52470530.02551
1780506000000,2026-06-03T17:00:00.000Z,66050.7,66113.6,65683.6,65701.5,734.7265,48379408.39254
1780506900000,2026-06-03T17:15:00.000Z,65701.5,65974.3,65701.5,65933.8,434.3694,28603005.88054
1780507800000,2026-06-03T17:30:00.000Z,65933.8,66172.6,65828.8,66096.7,526.7603,34808407.67528
1780508700000,2026-06-03T17:45:00.000Z,66096.7,66104.8,65762.8,65948.9,458.9542,30255570.43138
1780509600000,2026-06-03T18:00:00.000Z,65948.9,66079.1,65836.8,65953.3,349.8262,23081699.77487
1780510500000,2026-06-03T18:15:00.000Z,65953.3,65953.3,65719.1,65889,688.745,45312996.12101
1780511400000,2026-06-03T18:30:00.000Z,65889,66088.2,65768,66018.8,669.1225,44102288.39576
1780512300000,2026-06-03T18:45:00.000Z,66018.8,66148.7,65988.6,66015.6,512.7781,33882736.55926
1780513200000,2026-06-03T19:00:00.000Z,66015.6,66035.1,65874.7,65949.9,492.6884,32496427.26569
1780514100000,2026-06-03T19:15:00.000Z,65949.9,66040,65570.9,65631,1299.7729,85451839.46958
1780515000000,2026-06-03T19:30:00.000Z,65631,65811,65600,65735.1,385.5085,25334995.77613
1780515900000,2026-06-03T19:45:00.000Z,65735.1,65829.1,65203.5,65433.4,1663.3354,108860951.79894
1780516800000,2026-06-03T20:00:00.000Z,65433.4,65585.4,65220,65551.7,1074.2857,70243618.96816
1780517700000,2026-06-03T20:15:00.000Z,65551.7,65570,65259.7,65516.5,734.0915,48020711.62441
1780518600000,2026-06-03T20:30:00.000Z,65516.5,65546.2,65150.1,65164.1,714.1806,46647752.24503
1780519500000,2026-06-03T20:45:00.000Z,65164.1,65208.9,64708.8,64973,2616.4913,169917414.66925
1780520400000,2026-06-03T21:00:00.000Z,64973,65551.5,64921.4,65378.1,1627.5769,106299234.46274
1780521300000,2026-06-03T21:15:00.000Z,65378.1,65568,65366,65488.6,389.1385,25484007.99024
1780522200000,2026-06-03T21:30:00.000Z,65488.6,65700,65254.2,65491.8,606.0985,39700539.89021
1780523100000,2026-06-03T21:45:00.000Z,65491.8,65832.9,65453.2,65743.2,512.8516,33681508.64624
1780524000000,2026-06-03T22:00:00.000Z,65743.2,65817.3,65271.5,65302.8,729.6012,47769367.26263
1780524900000,2026-06-03T22:15:00.000Z,65302.8,65302.8,64960,65138.9,858.2885,55910888.0115
1780525800000,2026-06-03T22:30:00.000Z,65138.9,65237.8,64906.2,65042.8,474.9277,30900699.58841
1780526700000,2026-06-03T22:45:00.000Z,65042.8,65077,64754.3,64888.2,1160.0609,75267009.0125
1780527600000,2026-06-03T23:00:00.000Z,64888.2,64962.5,64371.4,64571.1,2480.9546,160241768.38562
1780528500000,2026-06-03T23:15:00.000Z,64571.1,64622.2,64319.6,64478.1,888.2935,57240411.5234
1780529400000,2026-06-03T23:30:00.000Z,64478.1,64605,64211.1,64224.9,942.179,60643357.65631
1780530300000,2026-06-03T23:45:00.000Z,64224.9,64322.9,64056,64118.6,1483.0285,95151792.24369
1780531200000,2026-06-04T00:00:00.000Z,64118.6,64405.7,64106,64290.3,1209.2318,77727515.91888
1780532100000,2026-06-04T00:15:00.000Z,64290.3,64369.4,63303.9,63303.9,3158.6609,201518875.66786
1780533000000,2026-06-04T00:30:00.000Z,63303.9,63786.9,63021.5,63557.6,2865.744,181576649.15421
1780533900000,2026-06-04T00:45:00.000Z,63557.6,63576,62924.7,63315.8,1466.3437,92638554.50454
1780534800000,2026-06-04T01:00:00.000Z,63315.8,63474.3,63060.8,63087.5,1049.669,66393580.22993
1780535700000,2026-06-04T01:15:00.000Z,63087.5,63111,62530,62674,2697.2668,169392741.294
1780536600000,2026-06-04T01:30:00.000Z,62674,63138.1,62670.4,62786.4,1104.869,69472472.87715
1780537500000,2026-06-04T01:45:00.000Z,62786.4,62846.4,62064.9,62143.1,3095.5456,193122256.74306
1780538400000,2026-06-04T02:00:00.000Z,62143.1,62455.8,61329.4,62358.3,5977.5273,370059899.91435
1780539300000,2026-06-04T02:15:00.000Z,62358.3,63064.5,62102.2,62958.7,2493.8642,156347585.78652
1780540200000,2026-06-04T02:30:00.000Z,62958.7,63466,62852.4,63368.7,1957.2845,123760018.1103
1780541100000,2026-06-04T02:45:00.000Z,63368.7,63594.7,63117.9,63194,1100.0486,69701761.9968
1780542000000,2026-06-04T03:00:00.000Z,63194,63988,63178.5,63923.4,1991.17,126848924.30173
1780542900000,2026-06-04T03:15:00.000Z,63923.4,64117,63846.2,63888.8,1153.3562,73787048.57976
1780543800000,2026-06-04T03:30:00.000Z,63888.8,64498.8,63867,64350,2059.9876,132544247.98803
1780544700000,2026-06-04T03:45:00.000Z,64350,64425.3,64225.8,64328.5,615.5281,39596633.82326
1780545600000,2026-06-04T04:00:00.000Z,64328.5,64645.9,64300.1,64598.9,1292.0119,83308902.1487
1780546500000,2026-06-04T04:15:00.000Z,64598.9,64732.5,64468,64534.4,870.7113,56256121.12417
1780547400000,2026-06-04T04:30:00.000Z,64534.4,64580.4,64222.6,64376.6,1099.8356,70767626.7499
1780548300000,2026-06-04T04:45:00.000Z,64376.6,64426.9,64265.1,64358.8,329.1854,21179872.34739
1780549200000,2026-06-04T05:00:00.000Z,64358.8,64358.8,63680.3,63932.4,1369.3703,87574315.04634
1780550100000,2026-06-04T05:15:00.000Z,63932.4,63994,63608.2,63804.8,664.006,42369951.46738
1780551000000,2026-06-04T05:30:00.000Z,63804.8,64316.2,63720.8,64250,1193.724,76543586.76482
1780551900000,2026-06-04T05:45:00.000Z,64250,64250,63874.2,63921.7,497.6402,31859665.28066
1780552800000,2026-06-04T06:00:00.000Z,63921.7,64230,63855.8,64230,474.7956,30435393.54668
1780553700000,2026-06-04T06:15:00.000Z,64230,64450,64144.2,64226.9,703.5534,45251594.70729
1780554600000,2026-06-04T06:30:00.000Z,64226.9,64408,64040,64302.5,553.6238,35557710.11219
1780555500000,2026-06-04T06:45:00.000Z,64302.5,64302.5,63941,64008.9,499.3873,32000937.07905
1780556400000,2026-06-04T07:00:00.000Z,64008.9,64038.6,63690.7,63783.1,863.333,55100783.42423
1780557300000,2026-06-04T07:15:00.000Z,63783.1,63803.1,63425.9,63668.6,1639.5823,104220467.78544
1780558200000,2026-06-04T07:30:00.000Z,63668.6,64020.7,63665,63894.5,858.654,54817676.74944
1780559100000,2026-06-04T07:45:00.000Z,63894.5,63924.1,63558.6,63566.7,931.2287,59359269.68096
1780560000000,2026-06-04T08:00:00.000Z,63566.7,63875.4,63297,63328.5,2266.5777,144095448.25338
1780560900000,2026-06-04T08:15:00.000Z,63328.5,63569.2,63206.6,63460.3,1521.8586,96426104.46387
1780561800000,2026-06-04T08:30:00.000Z,63460.3,63663.2,63342.6,63388.2,525.8602,33397135.97841
1780562700000,2026-06-04T08:45:00.000Z,63388.2,63734.6,63368.1,63600.1,509.6084,32394156.41087
1780563600000,2026-06-04T09:00:00.000Z,63600.1,63616,63158.2,63305.6,1287.3768,81543010.84821
1780564500000,2026-06-04T09:15:00.000Z,63305.6,63305.6,62758.4,62834.8,2106.6617,132755359.54541
1780565400000,2026-06-04T09:30:00.000Z,62834.8,62975,62674.1,62871.1,1231.2458,77366749.55907
1780566300000,2026-06-04T09:45:00.000Z,62871.1,63242.9,62868.2,63242.8,819.5692,51681497.43093
1780567200000,2026-06-04T10:00:00.000Z,63242.8,63248,62786.4,62851.8,655.0479,41241464.09112
1780568100000,2026-06-04T10:15:00.000Z,62851.8,62982,62465.5,62465.6,944.0346,59182143.14582
1780569000000,2026-06-04T10:30:00.000Z,62465.6,62766.9,62384.8,62687.6,1242.2539,77772251.90156
1780569900000,2026-06-04T10:45:00.000Z,62687.6,62736.7,62241.5,62385.2,1980.8828,123628169.70725
1780570800000,2026-06-04T11:00:00.000Z,62385.2,62643.8,62184.1,62240.1,1109.9829,69239756.24962
1780571700000,2026-06-04T11:15:00.000Z,62240.1,62618.3,62200.3,62580.6,1041.3431,65024380.6097
1780572600000,2026-06-04T11:30:00.000Z,62580.6,62806.2,62159.3,62206.7,1252.4084,78139705.63289
1780573500000,2026-06-04T11:45:00.000Z,62206.7,62529,62206.6,62520,609.7454,38052675.92687
1780574400000,2026-06-04T12:00:00.000Z,62520,62687.2,62352.2,62501.9,836.9375,52312521.95567
1780575300000,2026-06-04T12:15:00.000Z,62501.9,63382.7,62494.1,63243,2010.4555,126687820.87197
1780576200000,2026-06-04T12:30:00.000Z,63243,63698.8,63122.1,63532.9,1805.1707,114612145.36163
1780577100000,2026-06-04T12:45:00.000Z,63532.9,63948.8,63475,63741.9,1144.2695,72952626.4184
1780578000000,2026-06-04T13:00:00.000Z,63741.9,63821.9,63514,63555,751.5753,47834382.75333
1780578900000,2026-06-04T13:15:00.000Z,63555,63599.9,63014.4,63203.5,1943.129,122930229.87227
1780579800000,2026-06-04T13:30:00.000Z,63203.5,64225,63160.8,63768,2882.18,184028200.49441
1780580700000,2026-06-04T13:45:00.000Z,63768,64211.4,63630.9,64210,1407.3325,89951889.7917
1780581600000,2026-06-04T14:00:00.000Z,64210,64470.6,63936,64333,1532.9407,98498934.31077
1780582500000,2026-06-04T14:15:00.000Z,64333,64388.1,64020,64112.3,967.9031,62103792.18397
1780583400000,2026-06-04T14:30:00.000Z,64112.3,64118.1,63808.3,63972.5,678.4923,43385111.15778
1780584300000,2026-06-04T14:45:00.000Z,63972.5,64054.9,63755.1,63926,642.0885,41024104.50037
1780585200000,2026-06-04T15:00:00.000Z,63926,64350,63820,64335,1018.9655,65394608.85516
1780586100000,2026-06-04T15:15:00.000Z,64335,64380.2,63762.5,63953.6,1163.8575,74482184.06929
1780587000000,2026-06-04T15:30:00.000Z,63953.6,64058.9,63769.2,63808.1,635.0856,40570244.56684
1780587900000,2026-06-04T15:45:00.000Z,63808.1,63973,63654.2,63862.9,770.5215,49139495.89228
1780588800000,2026-06-04T16:00:00.000Z,63862.9,63894.7,63613.6,63631,442.5551,28207946.53733
1780589700000,2026-06-04T16:15:00.000Z,63631,63856.4,63600.9,63617.8,575.8999,36684525.45472
1780590600000,2026-06-04T16:30:00.000Z,63617.8,63833,63415.4,63747.2,982.167,62448743.17257
1780591500000,2026-06-04T16:45:00.000Z,63747.2,63894.7,63476,63529,549.8334,34995062.32811
1780592400000,2026-06-04T17:00:00.000Z,63529,63697.8,63409,63566.1,481.4994,30595847.15971
1780593300000,2026-06-04T17:15:00.000Z,63566.1,63566.2,63075.4,63199.4,1006.6679,63658206.32907
1780594200000,2026-06-04T17:30:00.000Z,63199.4,63280,62933.3,63008.2,786.2953,49571869.83275
1780595100000,2026-06-04T17:45:00.000Z,63008.2,63631.8,62910.8,63509.4,1408.2129,89154633.03603
1780596000000,2026-06-04T18:00:00.000Z,63509.4,63550,63117,63133,476.8754,30199100.70199
1780596900000,2026-06-04T18:15:00.000Z,63133,63881.8,63113,63870.1,807.3573,51331840.58949
1780597800000,2026-06-04T18:30:00.000Z,63870.1,64092.1,63700,63890.6,1300.3059,83105719.48527
1780598700000,2026-06-04T18:45:00.000Z,63890.6,64070.5,63783.8,63784.2,685.1843,43790010.27691
1780599600000,2026-06-04T19:00:00.000Z,63784.2,63856.1,63585.7,63855.4,454.7627,28966422.53526
1780600500000,2026-06-04T19:15:00.000Z,63855.4,64130,63834.3,64089,512.5173,32790220.34235
1780601400000,2026-06-04T19:30:00.000Z,64089,64109.9,63731.8,63756,352.5822,22524361.91074
1780602300000,2026-06-04T19:45:00.000Z,63756,63756,63505.9,63601.9,489.2271,31133789.02035
1780603200000,2026-06-04T20:00:00.000Z,63601.9,63613.2,63211,63469.8,613.8745,38915686.00633
1780604100000,2026-06-04T20:15:00.000Z,63469.8,63509.8,63147.8,63318,378.2234,23938246.59061
1780605000000,2026-06-04T20:30:00.000Z,63318,63636.7,63299.2,63522.4,289.7284,18393586.08606
1780605900000,2026-06-04T20:45:00.000Z,63522.4,63626.2,63389.7,63605,296.6932,18844084.51751
1780606800000,2026-06-04T21:00:00.000Z,63605,63852.5,63568.3,63779.5,414.383,26409536.16435
1780607700000,2026-06-04T21:15:00.000Z,63779.5,63796.9,63406,63471.8,282.2243,17941627.96148
1780608600000,2026-06-04T21:30:00.000Z,63471.8,63497.7,63031.5,63466,666.2651,42164726.19853
1780609500000,2026-06-04T21:45:00.000Z,63466,63510.1,63227.7,63250.9,200.2404,12687011.65112
1780610400000,2026-06-04T22:00:00.000Z,63250.9,63474,63158,63258.7,572.1214,36204047.14486
1780611300000,2026-06-04T22:15:00.000Z,63258.7,63420,63251,63321.6,252.0179,15961507.08276
1780612200000,2026-06-04T22:30:00.000Z,63321.6,63564.7,63189.6,63470.3,527.9061,33461099.16149
1780613100000,2026-06-04T22:45:00.000Z,63470.3,63746.3,63404.8,63703.3,494.9966,31469361.01475
1780614000000,2026-06-04T23:00:00.000Z,63703.3,63820,63566.3,63566.4,343.0269,21852521.61589
1780614900000,2026-06-04T23:15:00.000Z,63566.4,63591.9,63340,63436.2,373.8612,23720424.59954
1780615800000,2026-06-04T23:30:00.000Z,63436.2,63770.1,63435.9,63732.6,290.2421,18466312.43601
1780616700000,2026-06-04T23:45:00.000Z,63732.6,63902.1,63660,63853.2,393.631,25111251.26021
1780617600000,2026-06-05T00:00:00.000Z,63853.2,63853.2,63613.4,63639.2,324.4949,20683845.36785
1780618500000,2026-06-05T00:15:00.000Z,63639.2,63887.9,63559.3,63877.6,433.4244,27640673.95756
1780619400000,2026-06-05T00:30:00.000Z,63877.6,63961.6,63648.1,63668.7,344.1896,21963128.27852
1780620300000,2026-06-05T00:45:00.000Z,63668.7,63773.8,63354.3,63393.3,450.2972,28606515.50658
1780621200000,2026-06-05T01:00:00.000Z,63393.3,63394.3,63015,63333,994.686,62866414.3368
1780622100000,2026-06-05T01:15:00.000Z,63333,63404.8,63109.4,63324.1,553.048,34992275.1332
1780623000000,2026-06-05T01:30:00.000Z,63324.1,63545.5,63240,63417.9,434.4619,27537630.78244
1780623900000,2026-06-05T01:45:00.000Z,63417.9,63429.8,63213.3,63343.7,270.1125,17105694.77918
1780624800000,2026-06-05T02:00:00.000Z,63343.7,63415.4,63146,63152.6,313.8761,19844443.68323
1780625700000,2026-06-05T02:15:00.000Z,63152.6,63244.4,62666.9,62673.4,1384.158,87051136.83847
1780626600000,2026-06-05T02:30:00.000Z,62673.4,62929.9,62560.1,62707.6,1158.8853,72680004.93122
1780627500000,2026-06-05T02:45:00.000Z,62707.6,62840.6,62565,62590,563.7349,35333196.52305
1780628400000,2026-06-05T03:00:00.000Z,62590,62629.3,62302.5,62348.5,1240.1464,77430489.14033
1780629300000,2026-06-05T03:15:00.000Z,62348.5,62799.8,62348.5,62574.4,1068.299,66882402.92924
1780630200000,2026-06-05T03:30:00.000Z,62574.4,62865.4,62551.4,62638.1,555.9299,34876906.58328
1780631100000,2026-06-05T03:45:00.000Z,62638.1,62840.9,62627.1,62710.5,345.4015,21671782.48842
1780632000000,2026-06-05T04:00:00.000Z,62710.5,62968.2,62457.7,62848,595.4626,37374335.40282
1780632900000,2026-06-05T04:15:00.000Z,62848,63224.3,62625.1,63215.1,911.5791,57398676.01636
1780633800000,2026-06-05T04:30:00.000Z,63215.1,63215.1,62960,62999.9,433.0525,27308701.77076
1780634700000,2026-06-05T04:45:00.000Z,62999.9,63634.1,62825.8,63589.2,1351.7135,85482517.80982
1780635600000,2026-06-05T05:00:00.000Z,63589.2,63665.9,63317.6,63356.8,790.6593,50201067.20754
1780636500000,2026-06-05T05:15:00.000Z,63356.8,63546.5,63250,63480.4,490.7305,31108622.27099
1780637400000,2026-06-05T05:30:00.000Z,63480.4,63534.8,62856,62865.3,1046.8748,66113572.03617
1780638300000,2026-06-05T05:45:00.000Z,62865.3,62946.3,62239,62296.4,2124.9089,133086355.15957
1780639200000,2026-06-05T06:00:00.000Z,62296.4,62609.1,61960.7,62052.4,3097.1295,192834043.0391
1780640100000,2026-06-05T06:15:00.000Z,62052.4,62231.6,61089.8,61654.7,5852.1634,360321796.15312
1780641000000,2026-06-05T06:30:00.000Z,61654.7,62174.7,61608.2,62113.6,2348.3071,145231103.76818
1780641900000,2026-06-05T06:45:00.000Z,62113.6,62177.5,61745.9,61917.9,1287.7608,79753985.15155
1780642800000,2026-06-05T07:00:00.000Z,61917.9,61963,61342.6,61462.8,1709.9486,105296650.58273
1780643700000,2026-06-05T07:15:00.000Z,61462.8,62333,61460.5,62223.7,1860.8746,115213164.04852
1780644600000,2026-06-05T07:30:00.000Z,62223.7,62872.6,62155.5,62849,2108.0152,131938602.64911
1780645500000,2026-06-05T07:45:00.000Z,62849,63091.2,62708.7,63069.9,1081.1625,67992120.42642
1780646400000,2026-06-05T08:00:00.000Z,63069.9,63082.8,62660,62769.6,1307.7684,82153333.46135
1780647300000,2026-06-05T08:15:00.000Z,62769.6,62844.3,62537.3,62781,758.3355,47524619.62899
1780648200000,2026-06-05T08:30:00.000Z,62781,62910.9,62473.9,62500.9,585.0442,36630564.84272
1780649100000,2026-06-05T08:45:00.000Z,62500.9,62583.4,62242.1,62424.9,959.619,59871944.26307
1780650000000,2026-06-05T09:00:00.000Z,62424.9,63078.9,62400.3,63069.9,1299.8593,81506630.40694
1780650900000,2026-06-05T09:15:00.000Z,63069.9,63247.3,62870.3,63081.9,1196.7769,75434797.96709
1780651800000,2026-06-05T09:30:00.000Z,63081.9,63101.1,62732.3,62781.3,759.6497,47756084.60434
1780652700000,2026-06-05T09:45:00.000Z,62781.3,62967.7,62766.6,62823.5,377.5951,23733706.74184
1780653600000,2026-06-05T10:00:00.000Z,62823.5,62906.3,62608.9,62718.8,450.1953,28241378.65684
1780654500000,2026-06-05T10:15:00.000Z,62718.8,62718.9,62467.1,62550.1,556.4199,34810041.34843
1780655400000,2026-06-05T10:30:00.000Z,62550.1,62687.9,62341.6,62643.2,677.1797,42307424.85913
1780656300000,2026-06-05T10:45:00.000Z,62643.2,62643.3,62414.9,62508.7,313.26,19587364.89148
1780657200000,2026-06-05T11:00:00.000Z,62508.7,62519.8,62222.2,62295.5,413.5328,25779135.5589
1780658100000,2026-06-05T11:15:00.000Z,62295.5,62625.6,62211.3,62445.3,784.6913,48985666.3356
1780659000000,2026-06-05T11:30:00.000Z,62445.3,62495.7,62085.5,62085.6,492.904,30679787.13371
1780659900000,2026-06-05T11:45:00.000Z,62085.6,62233.8,61931,61931,1007.1288,62500631.82799
1780660800000,2026-06-05T12:00:00.000Z,61931,62260,61609.1,62124.3,2149.5174,133033090.87085
1780661700000,2026-06-05T12:15:00.000Z,62124.3,62440.2,62124.2,62198.6,857.5698,53387032.44482
1780662600000,2026-06-05T12:30:00.000Z,62198.6,62371.8,61580,61942.6,2776.6095,171809293.33742
1780663500000,2026-06-05T12:45:00.000Z,61942.6,62073.2,61824.6,61935.1,683.2964,42321052.35052
1780664400000,2026-06-05T13:00:00.000Z,61935.1,62148.3,61889.8,61959.2,720.6687,44681311.39307
1780665300000,2026-06-05T13:15:00.000Z,61959.2,62291.6,61854.2,62080.9,614.4279,38166982.95894
1780666200000,2026-06-05T13:30:00.000Z,62080.9,62309.3,61641.1,61811,1735.0873,107457110.50362
1780667100000,2026-06-05T13:45:00.000Z,61811,61856.3,60700,60700,4872.424,297924873.65632
1780668000000,2026-06-05T14:00:00.000Z,60700,61211.9,60414.8,60831.9,4369.8194,265594556.14203
1780668900000,2026-06-05T14:15:00.000Z,60831.9,61036.8,60300,60363.7,2089.1859,126619943.10189
1780669800000,2026-06-05T14:30:00.000Z,60363.7,61166.7,60300,60812.3,2409.4686,146530763.79189
1780670700000,2026-06-05T14:45:00.000Z,60812.3,61104,60589.7,60833.7,1486.9343,90487764.45336
1780671600000,2026-06-05T15:00:00.000Z,60833.7,61017.9,60494.2,60578.3,1629.2259,98971242.18754
1780672500000,2026-06-05T15:15:00.000Z,60578.3,61106.8,60467.7,60757.4,1901.3539,115530465.95993
1780673400000,2026-06-05T15:30:00.000Z,60757.4,60832.1,60020.2,60352.5,3006.4892,181257603.46305
1780674300000,2026-06-05T15:45:00.000Z,60352.5,60611,60174.9,60405.3,1680.2736,101554203.71786
1780675200000,2026-06-05T16:00:00.000Z,60405.3,61075,59740,60875.9,7197.848,433760977.09117
1780676100000,2026-06-05T16:15:00.000Z,60875.9,61543,60700.1,60900.9,4838.1271,295536222.894
1780677000000,2026-06-05T16:30:00.000Z,60900.9,61046.6,60669.7,60801.8,1388.667,84516946.2483
1780677900000,2026-06-05T16:45:00.000Z,60801.8,61450,60765.5,61360.4,1500.6403,91827503.8722
1780678800000,2026-06-05T17:00:00.000Z,61360.4,61480,60891.1,61032.6,1018.5447,62359918.89688
1780679700000,2026-06-05T17:15:00.000Z,61032.6,61049.8,60622.7,60662,1565.8365,95200931.45115
1780680600000,2026-06-05T17:30:00.000Z,60662,61125,60654.4,60725.1,706.1096,42971452.11306
1780681500000,2026-06-05T17:45:00.000Z,60725.1,60824.4,60625,60784.5,1087.2644,66027895.97036
1780682400000,2026-06-05T18:00:00.000Z,60784.5,60924.4,60572.1,60589.2,1452.1593,88243434.50838
1780683300000,2026-06-05T18:15:00.000Z,60589.2,60647.8,60081.4,60137.8,1596.1051,96310403.36553
1780684200000,2026-06-05T18:30:00.000Z,60137.8,60319.9,59633.2,59924.8,2830.445,169828632.17284
1780685100000,2026-06-05T18:45:00.000Z,59924.8,59955.4,59105,59367.4,4508.3505,268124134.34754
1780686000000,2026-06-05T19:00:00.000Z,59367.4,59588.3,59110,59360.2,1923.6348,114213972.77459
1780686900000,2026-06-05T19:15:00.000Z,59360.2,59839.9,59087.3,59823,1956.88,116298449.6056
1780687800000,2026-06-05T19:30:00.000Z,59823,59871,59441.9,59718,983.1244,58649661.85502
1780688700000,2026-06-05T19:45:00.000Z,59718,60430,59706.3,60265.1,2247.1085,135312667.11562
1780689600000,2026-06-05T20:00:00.000Z,60265.1,60965.9,59901.8,60830.1,2006.0534,121440767.41583
1780690500000,2026-06-05T20:15:00.000Z,60830.1,61046.5,60687.5,60920,1370.5911,83484322.69896
1780691400000,2026-06-05T20:30:00.000Z,60920,61281.1,60860,61242.6,955.6844,58418045.26579
1780692300000,2026-06-05T20:45:00.000Z,61242.6,61776.9,61171.4,61581.1,1497.1662,92123219.66107
1780693200000,2026-06-05T21:00:00.000Z,61581.1,61988.8,61531.1,61832.9,2781.3118,171812879.62497
1780694100000,2026-06-05T21:15:00.000Z,61832.9,61982,61531.1,61550.1,863.4091,53276156.85719
1780695000000,2026-06-05T21:30:00.000Z,61550.1,61908.6,61374.4,61839.7,909.4087,56003566.60221
1780695900000,2026-06-05T21:45:00.000Z,61839.7,61883.7,61594.8,61636,291.7018,18010184.00198
1780696800000,2026-06-05T22:00:00.000Z,61636,61636,61176.6,61368.4,1162.7608,71358887.15481
1780697700000,2026-06-05T22:15:00.000Z,61368.4,61628.2,61251.4,61452.9,2043.9539,125716664.07994
1780698600000,2026-06-05T22:30:00.000Z,61452.9,61878,61363.6,61720.1,1826.9726,112622959.39522
1780699500000,2026-06-05T22:45:00.000Z,61720.1,61954.5,61511.1,61558.6,1679.4693,103691852.916
1780700400000,2026-06-05T23:00:00.000Z,61558.6,61760.4,61272.1,61272.3,2234.9815,137557647.66253
1780701300000,2026-06-05T23:15:00.000Z,61272.3,61273.1,60785.2,60912.9,1155.7554,70536653.77277
1780702200000,2026-06-05T23:30:00.000Z,60912.9,60912.9,60475.5,60784.5,745.9915,45272618.11091
1780703100000,2026-06-05T23:45:00.000Z,60784.5,61048.8,60665,61031.9,598.5914,36466213.99278
1780704000000,2026-06-06T00:00:00.000Z,61031.9,61431.4,61017.3,61391.7,608.9837,37316304.76151
1780704900000,2026-06-06T00:15:00.000Z,61391.7,61499.9,61113,61278.8,499.4103,30611756.74538
1780705800000,2026-06-06T00:30:00.000Z,61278.8,61392.4,61142.8,61164.9,304.8098,18671876.49025
1780706700000,2026-06-06T00:45:00.000Z,61164.9,61355,61142.8,61240.8,302.9656,18555223.32751
1780707600000,2026-06-06T01:00:00.000Z,61240.8,61349.2,61072.3,61109.9,277.2387,16976178.19543
1780708500000,2026-06-06T01:15:00.000Z,61109.9,61274.6,60933.9,61266.2,489.5729,29901440.93847
1780709400000,2026-06-06T01:30:00.000Z,61266.2,61266.2,60982.1,61024.8,274.564,16780459.00932
1780710300000,2026-06-06T01:45:00.000Z,61024.8,61144,60915,61020.4,413.4568,25250369.70984
1780711200000,2026-06-06T02:00:00.000Z,61020.4,61076.6,60827.2,60848.4,463.5748,28243547.50441
1780712100000,2026-06-06T02:15:00.000Z,60848.4,60962.7,60640,60773.5,854.6661,51926757.20958
1780713000000,2026-06-06T02:30:00.000Z,60773.5,61027.8,60743,60902,416.4882,25382423.15347
1780713900000,2026-06-06T02:45:00.000Z,60902,61161.1,60838,60922.1,322.1018,19656052.44104
1780714800000,2026-06-06T03:00:00.000Z,60922.1,60942.1,60759.3,60847.3,420.6871,25592129.20343
1780715700000,2026-06-06T03:15:00.000Z,60847.3,60912.6,60688.1,60767.6,297.6309,18097979.17318
1780716600000,2026-06-06T03:30:00.000Z,60767.6,60770,60488,60685.2,722.4463,43787279.31397
1780717500000,2026-06-06T03:45:00.000Z,60685.2,60771.9,60579.7,60659,269.002,16318312.19885
1780718400000,2026-06-06T04:00:00.000Z,60659,60840,60050,60099.4,1808.4835,109192430.16534
1780719300000,2026-06-06T04:15:00.000Z,60099.4,60314.3,59800.1,59928.9,1701.1993,102126753.28571
1780720200000,2026-06-06T04:30:00.000Z,59928.9,60022.2,59450.3,59759.4,1917.3341,114433837.21423
1780721100000,2026-06-06T04:45:00.000Z,59759.4,60283,59669.8,60074.1,1131.8574,67855344.87641
1780722000000,2026-06-06T05:00:00.000Z,60074.1,60220,59582,59865.2,1212.6799,72670763.64142
1780722900000,2026-06-06T05:15:00.000Z,59865.2,61054.8,59832.3,60713.9,2175.9536,131842961.97748
1780723800000,2026-06-06T05:30:00.000Z,60713.9,60951.1,60576.1,60790.7,946.5546,57518570.21452
1780724700000,2026-06-06T05:45:00.000Z,60790.7,61028.5,60712.1,60912.1,688.4363,41928626.86359
1780725600000,2026-06-06T06:00:00.000Z,60912.1,61258.8,60907,61129.1,1058.4864,64635515.03541
1780726500000,2026-06-06T06:15:00.000Z,61129.1,61220,60963.9,60994.7,485.7397,29676970.24356
1780727400000,2026-06-06T06:30:00.000Z,60994.7,61156,60770.1,60770.1,516.4056,31467449.09769
1780728300000,2026-06-06T06:45:00.000Z,60770.1,60941.6,60648,60759,490.2396,29791130.10035
1780729200000,2026-06-06T07:00:00.000Z,60759,61109.9,60693.7,61055.8,848.226,51651673.99049
1780730100000,2026-06-06T07:15:00.000Z,61055.8,61196.4,60800.9,60856.6,469.0618,28596230.06116
1780731000000,2026-06-06T07:30:00.000Z,60856.6,61063.3,60832.3,61014.6,481.3335,29346458.38488
1780731900000,2026-06-06T07:45:00.000Z,61014.6,61073.8,60927.2,60969.1,229.721,14009245.65277
1780732800000,2026-06-06T08:00:00.000Z,60969.1,61133.3,60839.5,61110.2,312.8996,19082043.2679
1780733700000,2026-06-06T08:15:00.000Z,61110.2,61427.7,60986.2,61364.1,634.5229,38859277.36754
1780734600000,2026-06-06T08:30:00.000Z,61364.1,61468.3,61250.3,61325.2,647.4002,39708066.97053
1780735500000,2026-06-06T08:45:00.000Z,61325.2,61449.9,61201.8,61234.3,405.5334,24874857.10413
1780736400000,2026-06-06T09:00:00.000Z,61234.3,61288.6,61082,61183.6,363.9474,22265051.51403
1780737300000,2026-06-06T09:15:00.000Z,61183.6,61292,61065.2,61280.1,231.1615,14141536.16608
1780738200000,2026-06-06T09:30:00.000Z,61280.1,61280.1,61020.4,61063.8,612.6805,37482171.33276
1780739100000,2026-06-06T09:45:00.000Z,61063.8,61085.2,60844.2,60950.7,747.4314,45539163.11064
1780740000000,2026-06-06T10:00:00.000Z,60950.7,60950.7,60539.9,60586.9,1140.0949,69208167.13116
1780740900000,2026-06-06T10:15:00.000Z,60586.9,60710.9,60437,60499,1191.5754,72174866.27697
1780741800000,2026-06-06T10:30:00.000Z,60499,60514.6,60168,60390.1,1449.7427,87442803.2776
1780742700000,2026-06-06T10:45:00.000Z,60390.1,60584.6,60315,60553.9,648.7635,39231878.33783
1780743600000,2026-06-06T11:00:00.000Z,60553.9,60773,60520,60612,504.8186,30625503.60421
1780744500000,2026-06-06T11:15:00.000Z,60612,60840,60569,60776.3,402.7815,24456151.22256
1780745400000,2026-06-06T11:30:00.000Z,60776.3,60843.3,60700.1,60802.1,248.1971,15086681.81509
1780746300000,2026-06-06T11:45:00.000Z,60802.1,60955.7,60707.2,60776.3,360.1513,21903533.30763
1780747200000,2026-06-06T12:00:00.000Z,60776.3,61070,60771.8,61017.2,619.1238,37740122.52502
1780748100000,2026-06-06T12:15:00.000Z,61017.2,61068.5,60683.4,60700,836.1462,50882637.30971
1780749000000,2026-06-06T12:30:00.000Z,60700,60839.9,60601.7,60800,911.3253,55316629.85676
1780749900000,2026-06-06T12:45:00.000Z,60800,61180.5,60750.1,60999.9,1030.7365,62921277.74501
1780750800000,2026-06-06T13:00:00.000Z,60999.9,61078.7,60929.5,60974.3,370.7128,22612928.04783
1780751700000,2026-06-06T13:15:00.000Z,60974.3,61031.9,60831.4,60848.3,379.1991,23099181.86507
1780752600000,2026-06-06T13:30:00.000Z,60848.3,60875.9,60661.6,60875.4,921.714,56020112.76205
1780753500000,2026-06-06T13:45:00.000Z,60875.4,61028.3,60728.8,60776.9,512.6303,31172290.37546
1780754400000,2026-06-06T14:00:00.000Z,60776.9,60970,60735.5,60872.5,393.5693,23967713.31159
1780755300000,2026-06-06T14:15:00.000Z,60872.5,60983.9,60759.2,60851.8,331.5405,20173735.46072
1780756200000,2026-06-06T14:30:00.000Z,60851.8,60976.8,60790,60922,193.0978,11761723.98292
1780757100000,2026-06-06T14:45:00.000Z,60922,60975,60734.7,60761.5,211.2093,12858125.67812
1780758000000,2026-06-06T15:00:00.000Z,60761.5,60845.2,60517,60584.3,669.0657,40573099.31625
1780758900000,2026-06-06T15:15:00.000Z,60584.3,60655.4,60355.4,60637.9,751.1677,45446874.37646
1780759800000,2026-06-06T15:30:00.000Z,60637.9,60880,60535.3,60822.2,596.5253,36228548.43528
1780760700000,2026-06-06T15:45:00.000Z,60822.2,60899,60687.8,60749.8,270.08,16414780.88872
1780761600000,2026-06-06T16:00:00.000Z,60749.8,60941.6,60660.3,60746.3,361.9694,22008278.28902
1780762500000,2026-06-06T16:15:00.000Z,60746.3,60786,60554.1,60588.5,422.4491,25622205.01343
1780763400000,2026-06-06T16:30:00.000Z,60588.5,60742.9,60428.7,60733,694.831,42084623.75459
1780764300000,2026-06-06T16:45:00.000Z,60733,60829.7,60657.1,60750.3,563.7679,34257403.71511
1780765200000,2026-06-06T17:00:00.000Z,60750.3,60818,60568.8,60693.1,421.5414,25582951.96995
1780766100000,2026-06-06T17:15:00.000Z,60693.1,60735.1,60528.1,60652.5,364.5473,22093026.97277
1780767000000,2026-06-06T17:30:00.000Z,60652.5,60775.1,60547.4,60676.7,469.269,28451083.88385
1780767900000,2026-06-06T17:45:00.000Z,60676.7,60709.3,60467,60550.5,318.2341,19272624.73513
1780768800000,2026-06-06T18:00:00.000Z,60550.5,60599.9,60413.6,60461.4,471.8843,28558722.22049
1780769700000,2026-06-06T18:15:00.000Z,60461.4,60726.1,60370,60670.9,440.5906,26667047.14181
1780770600000,2026-06-06T18:30:00.000Z,60670.9,60677.5,60502.4,60583.1,227.8078,13799769.63149
1780771500000,2026-06-06T18:45:00.000Z,60583.1,60659.6,60465,60609.7,127.1246,7699385.26903
1780772400000,2026-06-06T19:00:00.000Z,60609.7,60762.8,60529.1,60690,205.6557,12478884.50142
1780773300000,2026-06-06T19:15:00.000Z,60690,60709.1,60564.1,60583.6,131.6406,7982196.52201
1780774200000,2026-06-06T19:30:00.000Z,60583.6,60617,60505.1,60596.7,127.6976,7733535.59476
1780775100000,2026-06-06T19:45:00.000Z,60596.7,60676.1,60563.2,60563.2,163.7932,9926454.29315
1780776000000,2026-06-06T20:00:00.000Z,60563.2,60611.9,60487.9,60542.9,288.5086,17466645.34013
1780776900000,2026-06-06T20:15:00.000Z,60542.9,60617.9,60496.8,60570.4,237.894,14401946.12696
1780777800000,2026-06-06T20:30:00.000Z,60570.4,60729.9,60547.1,60705,178.6344,10834450.53314
1780778700000,2026-06-06T20:45:00.000Z,60705,60730.5,60611.9,60684.8,167.5918,10169633.90343
1780779600000,2026-06-06T21:00:00.000Z,60684.8,60875,60673.2,60832.2,322.9568,19628193.90462
1780780500000,2026-06-06T21:15:00.000Z,60832.2,60921.2,60800,60863,185.6235,11298312.05957
1780781400000,2026-06-06T21:30:00.000Z,60863,60988.4,60766.7,60792.5,246.1937,14991976.36512
1780782300000,2026-06-06T21:45:00.000Z,60792.5,60843.7,60711,60724.9,112.6954,6849379.56833
1780783200000,2026-06-06T22:00:00.000Z,60724.9,60795.2,60556.3,60593.7,267.023,16188866.14199
1780784100000,2026-06-06T22:15:00.000Z,60593.7,60742.9,60401.8,60432.3,439.8884,26626755.49068
1780785000000,2026-06-06T22:30:00.000Z,60432.3,60581.1,60396.8,60566.7,200.9879,12160837.3814
1780785900000,2026-06-06T22:45:00.000Z,60566.7,60699.8,60512.6,60516,185.561,11245908.80811
1780786800000,2026-06-06T23:00:00.000Z,60516,60746,60509.8,60685.7,375.3533,22784490.45875
1780787700000,2026-06-06T23:15:00.000Z,60685.7,60734.9,60556.7,60684,259.924,15773770.79124
1780788600000,2026-06-06T23:30:00.000Z,60684,60896.4,60646.5,60827.8,311.7379,18953368.05364
1780789500000,2026-06-06T23:45:00.000Z,60827.8,60922.1,60777.1,60851.5,319.4783,19438883.81511
1780790400000,2026-06-07T00:00:00.000Z,60851.5,60909.3,60765,60781.5,277.3806,16875327.90837
1780791300000,2026-06-07T00:15:00.000Z,60781.5,60860,60743,60809.7,155.2018,9435747.40226
1780792200000,2026-06-07T00:30:00.000Z,60809.7,60958,60762.4,60762.4,321.8858,19595273.71441
1780793100000,2026-06-07T00:45:00.000Z,60762.4,60787.9,60706.7,60750,235.8317,14327774.24649
1780794000000,2026-06-07T01:00:00.000Z,60750,61400,60723.7,61280.1,1482.4113,90643282.04707
1780794900000,2026-06-07T01:15:00.000Z,61280.1,61639.7,61221.2,61608.2,1549.2739,95228754.77123
1780795800000,2026-06-07T01:30:00.000Z,61608.2,61629,61366.9,61420.4,664.7529,40879092.17284
1780796700000,2026-06-07T01:45:00.000Z,61420.4,61564.7,61342.6,61445.4,363.4427,22332301.4888
1780797600000,2026-06-07T02:00:00.000Z,61445.4,61523.2,61377,61377,219.9126,13515228.50844
1780798500000,2026-06-07T02:15:00.000Z,61377,61398.6,61150,61223.4,643.8702,39434498.70828
1780799400000,2026-06-07T02:30:00.000Z,61223.4,61295.9,61155.7,61295.9,176.5594,10811075.90672
1780800300000,2026-06-07T02:45:00.000Z,61295.9,61539.8,61284.9,61466.4,628.0199,38584173.9866
1780801200000,2026-06-07T03:00:00.000Z,61466.4,61497.2,61377.1,61496.9,176.0391,10816140.51826
1780802100000,2026-06-07T03:15:00.000Z,61496.9,61755.1,61452.4,61630.1,880.6707,54289730.82041
1780803000000,2026-06-07T03:30:00.000Z,61630.1,61650,61512.3,61631.5,307.591,18935934.09805
1780803900000,2026-06-07T03:45:00.000Z,61631.5,61700,61540,61666,305.1349,18804647.35381
1780804800000,2026-06-07T04:00:00.000Z,61666,61676.4,61470.1,61519.4,447.2361,27530123.87694
1780805700000,2026-06-07T04:15:00.000Z,61519.4,61600,61445.7,61516.5,295.0338,18149522.98818
1780806600000,2026-06-07T04:30:00.000Z,61516.5,61799.4,61504.9,61704,434.5382,26804593.70349
1780807500000,2026-06-07T04:45:00.000Z,61704,61867.5,61657.6,61851,507.3246,31353700.89742
1780808400000,2026-06-07T05:00:00.000Z,61851,61942,61755,61843.5,473.15,29253458.0067
1780809300000,2026-06-07T05:15:00.000Z,61843.5,62143.3,61689.3,61706.6,1618.7748,100241076.43439
1780810200000,2026-06-07T05:30:00.000Z,61706.6,61835,61608.6,61830.2,415.9322,25675082.25471
1780811100000,2026-06-07T05:45:00.000Z,61830.2,61830.2,61656.4,61711.1,377.845,23322581.67408
1780812000000,2026-06-07T06:00:00.000Z,61711.1,61726,61574.8,61643.9,355.3811,21906293.42632
1780812900000,2026-06-07T06:15:00.000Z,61643.9,61987.9,61612.3,61937.3,531.089,32834483.72504
1780813800000,2026-06-07T06:30:00.000Z,61937.3,62242,61930,62158.5,1310.7997,81407420.31658
1780814700000,2026-06-07T06:45:00.000Z,62158.5,62200,61992.5,62067.8,420.5561,26111612.67787
1780815600000,2026-06-07T07:00:00.000Z,62067.8,62240.6,61947.8,62098.9,809.2434,50274579.09606
1780816500000,2026-06-07T07:15:00.000Z,62098.9,62212.6,62022.3,62193,341.1902,21195896.45676
1780817400000,2026-06-07T07:30:00.000Z,62193,62230,62150,62190.9,264.2001,16431949.45486
1780818300000,2026-06-07T07:45:00.000Z,62190.9,62414.8,62138.8,62360,1096.3228,68302050.75123
1780819200000,2026-06-07T08:00:00.000Z,62360,62400,62210,62336.8,581.5218,36234591.18045
1780820100000,2026-06-07T08:15:00.000Z,62336.8,62547,62265.9,62490.4,870.9889,54390426.19693
1780821000000,2026-06-07T08:30:00.000Z,62490.4,62628.6,62353.1,62517.8,958.5041,59923674.37715
1780821900000,2026-06-07T08:45:00.000Z,62517.8,62936.8,62517.8,62813.6,1623.1117,101878804.12927
1780822800000,2026-06-07T09:00:00.000Z,62813.6,62874.6,62677.1,62788,645.4546,40529911.57417
1780823700000,2026-06-07T09:15:00.000Z,62788,62857.1,62563.6,62657.4,649.0672,40682874.74593
1780824600000,2026-06-07T09:30:00.000Z,62657.4,62660.2,62462.7,62509.4,593.1613,37089394.43164
1780825500000,2026-06-07T09:45:00.000Z,62509.4,62605.9,62367.3,62499.9,698.9018,43661167.41131
1780826400000,2026-06-07T10:00:00.000Z,62499.9,62535.9,62338.1,62377.1,683.1553,42629800.22265
1780827300000,2026-06-07T10:15:00.000Z,62377.1,62540,62360.1,62477.9,275.4562,17198580.3421
1780828200000,2026-06-07T10:30:00.000Z,62477.9,62527.6,62272.7,62333.1,434.6991,27108196.4455
1780829100000,2026-06-07T10:45:00.000Z,62333.1,62432.4,62254.8,62339.3,328.503,20479191.45914
1780830000000,2026-06-07T11:00:00.000Z,62339.3,62500,62326.2,62424.9,524.3507,32741649.18354
1780830900000,2026-06-07T11:15:00.000Z,62424.9,62520,62383,62488.6,200.284,12512940.07841
1780831800000,2026-06-07T11:30:00.000Z,62488.6,62650,62399.2,62650,442.3146,27670886.76817
1780832700000,2026-06-07T11:45:00.000Z,62650,62723.8,62531.4,62595.3,361.7778,22660380.99824
1780833600000,2026-06-07T12:00:00.000Z,62595.3,62614,62025.5,62060,1308.3165,81449256.18074
1780834500000,2026-06-07T12:15:00.000Z,62060,62209.7,61847,61911.1,1868.0621,115793524.7058
1780835400000,2026-06-07T12:30:00.000Z,61911.1,61927.8,61533.5,61623.8,2078.722,128311146.50349
1780836300000,2026-06-07T12:45:00.000Z,61623.8,61971.2,61610,61871.8,676.5507,41808765.17196
1780837200000,2026-06-07T13:00:00.000Z,61871.8,61871.8,61627.7,61749.2,614.5276,37940281.04385
1780838100000,2026-06-07T13:15:00.000Z,61749.2,61835,61638.5,61823,461.7116,28494223.43841
1780839000000,2026-06-07T13:30:00.000Z,61823,61888.5,61650,61713.9,549.1688,33916556.08316
1780839900000,2026-06-07T13:45:00.000Z,61713.9,61800,61666.6,61682,267.9976,16545776.37881
1780840800000,2026-06-07T14:00:00.000Z,61682,61807.4,61674.5,61767.6,741.531,45788842.25756
1780841700000,2026-06-07T14:15:00.000Z,61767.6,62138.9,61720.8,62062.9,1205.6746,74756721.75869
1780842600000,2026-06-07T14:30:00.000Z,62062.9,62294.5,61900.7,61972.6,872.8215,54223172.99452
1780843500000,2026-06-07T14:45:00.000Z,61972.6,61974,61713.4,61869.4,655.3355,40521115.28611
1780844400000,2026-06-07T15:00:00.000Z,61869.4,61879.9,61650,61809.3,527.2202,32554606.1831
1780845300000,2026-06-07T15:15:00.000Z,61809.3,61948.7,61690.9,61940.8,445.331,27543719.75676
1780846200000,2026-06-07T15:30:00.000Z,61940.8,62130,61925.4,62073.4,622.2377,38598138.47324
1780847100000,2026-06-07T15:45:00.000Z,62073.4,62188,61944.3,62069.9,324.6852,20144801.58244
1780848000000,2026-06-07T16:00:00.000Z,62069.9,62160.7,61932.3,62129.7,357.0364,22144109.28062
1780848900000,2026-06-07T16:15:00.000Z,62129.7,62300,62068.8,62145,507.8115,31589631.1443
1780849800000,2026-06-07T16:30:00.000Z,62145,62260.5,62122,62124.4,265.2851,16500984.08655
1780850700000,2026-06-07T16:45:00.000Z,62124.4,62209.9,61950,62053.3,363.0188,22528413.7556
1780851600000,2026-06-07T17:00:00.000Z,62053.3,62297.8,62010.1,62254.9,328.3927,20421547.29845
1780852500000,2026-06-07T17:15:00.000Z,62254.9,62290,62197.6,62215,205.329,12780314.97805
1780853400000,2026-06-07T17:30:00.000Z,62215,62287.2,62192.9,62236.2,353.0144,21969701.61724
1780854300000,2026-06-07T17:45:00.000Z,62236.2,62236.2,62060,62125,272.1878,16911852.62566
1780855200000,2026-06-07T18:00:00.000Z,62125,62263.6,62110.1,62244.3,131.427,8172101.81087
1780856100000,2026-06-07T18:15:00.000Z,62244.3,62244.3,62102.5,62192.1,241.2816,14991658.45989
1780857000000,2026-06-07T18:30:00.000Z,62192.1,62261.2,62130,62170.2,78.6945,4893924.02744
1780857900000,2026-06-07T18:45:00.000Z,62170.2,62208.4,61980.6,61996,296.642,18416863.06618
1780858800000,2026-06-07T19:00:00.000Z,61996,62008,61545,61626.8,1473.2128,90912002.01951
1780859700000,2026-06-07T19:15:00.000Z,61626.8,61626.8,61237,61457.1,1852.6485,113710899.5909
1780860600000,2026-06-07T19:30:00.000Z,61457.1,61468.7,61170.8,61192.6,725.7502,44475819.07438
1780861500000,2026-06-07T19:45:00.000Z,61192.6,61450,61150,61304.1,810.488,49691178.93004
1780862400000,2026-06-07T20:00:00.000Z,61304.1,61698.2,61193,61556,644.7313,39617712.7748
1780863300000,2026-06-07T20:15:00.000Z,61556,61869.4,61428.7,61716.3,513.3172,31671617.19939
1780864200000,2026-06-07T20:30:00.000Z,61716.3,61804.5,61669.7,61759.1,300.3082,18544378.71846
1780865100000,2026-06-07T20:45:00.000Z,61759.1,61942.3,61724.8,61843.1,476.8338,29488795.61739
1780866000000,2026-06-07T21:00:00.000Z,61843.1,61988.9,61670.1,61925.5,672.8101,41582023.22342
1780866900000,2026-06-07T21:15:00.000Z,61925.5,61979.9,61681,61756.9,479.3599,29631080.40332
1780867800000,2026-06-07T21:30:00.000Z,61756.9,61816.6,61646.4,61676.4,341.912,21111553.50589
1780868700000,2026-06-07T21:45:00.000Z,61676.4,61763.9,61617,61749.9,383.2401,23632155.88817
1780869600000,2026-06-07T22:00:00.000Z,61749.9,63815.8,61690.4,63600,4621.2837,290244718.87937
1780870500000,2026-06-07T22:15:00.000Z,63600,64289.4,62841.7,62968.4,4168.7224,264874378.91326
1780871400000,2026-06-07T22:30:00.000Z,62968.4,63379.3,62750.3,63134.7,1411.5113,89071159.17913
1780872300000,2026-06-07T22:45:00.000Z,63134.7,63286.1,62818.8,62829.3,498.2186,31403890.11267
1780873200000,2026-06-07T23:00:00.000Z,62829.3,63030,62770.6,62982.8,1049.5804,65988715.43152
1780874100000,2026-06-07T23:15:00.000Z,62982.8,63249.9,62780.1,63229.3,533.6328,33617838.15482
1780875000000,2026-06-07T23:30:00.000Z,63229.3,63298.2,63078.8,63267.3,347.3261,21949656.4671
1780875900000,2026-06-07T23:45:00.000Z,63267.3,63437.5,63074.5,63303,540.0514,34156087.101
1780876800000,2026-06-08T00:00:00.000Z,63303,63326.9,63115.4,63219.9,308.9464,19525005.32034
1780877700000,2026-06-08T00:15:00.000Z,63219.9,63498.1,63115.1,63476.1,392.4456,24852218.93013
1780878600000,2026-06-08T00:30:00.000Z,63476.1,63844.5,63372.7,63689.7,1052.9451,66977829.81593
1780879500000,2026-06-08T00:45:00.000Z,63689.7,63760,63520,63606.7,348.3847,22171601.40373
1780880400000,2026-06-08T01:00:00.000Z,63606.7,63620,63027.6,63027.6,724.9212,45886993.52164
1780881300000,2026-06-08T01:15:00.000Z,63027.6,63152.7,62724.1,62799.5,1314.232,82681277.90051
1780882200000,2026-06-08T01:30:00.000Z,62799.5,63100.4,62677.5,63094.4,515.5866,32446615.86955
1780883100000,2026-06-08T01:45:00.000Z,63094.4,63228.8,62962.3,63189.7,330.89,20881012.60038
1780884000000,2026-06-08T02:00:00.000Z,63189.7,63242.6,62967.1,63099.4,357.6081,22549029.32558
1780884900000,2026-06-08T02:15:00.000Z,63099.4,63195,62933.3,63077.1,324.7721,20484335.04674
1780885800000,2026-06-08T02:30:00.000Z,63077.1,63166.7,62880,63039.9,306.0583,19281407.34551
1780886700000,2026-06-08T02:45:00.000Z,63039.9,63115.3,62910.7,63093.1,191.6241,12081688.7034
1780887600000,2026-06-08T03:00:00.000Z,63093.1,63437,62940.1,63251.3,654.2617,41371622.56344
1780888500000,2026-06-08T03:15:00.000Z,63251.3,63332.4,63120,63125.9,202.3135,12793012.75518
1780889400000,2026-06-08T03:30:00.000Z,63125.9,63209.9,63040,63116.4,188.1107,11874899.60121
1780890300000,2026-06-08T03:45:00.000Z,63116.4,63153.4,63041.9,63099.5,112.8995,7124102.34284
1780891200000,2026-06-08T04:00:00.000Z,63099.5,63150,62763.3,62979.9,779.8657,49041712.37806
1780892100000,2026-06-08T04:15:00.000Z,62979.9,63023.9,62801.3,62910,268.65,16903066.91563
1780893000000,2026-06-08T04:30:00.000Z,62910,62960,62621.5,62672.9,377.1495,23660466.2317
1780893900000,2026-06-08T04:45:00.000Z,62672.9,62870.8,62654.1,62655.4,392.4011,24625786.51937
1780894800000,2026-06-08T05:00:00.000Z,62655.4,62800,62522,62546.8,420.2842,26317503.81051
1780895700000,2026-06-08T05:15:00.000Z,62546.8,62722.4,62467.3,62699.8,468.4787,29316928.5266
1780896600000,2026-06-08T05:30:00.000Z,62699.8,62709.9,62368,62442.2,461.0428,28806977.92699
1780897500000,2026-06-08T05:45:00.000Z,62442.2,62750,62420.6,62733.5,446.2283,27930898.17073
1780898400000,2026-06-08T06:00:00.000Z,62733.5,62951.9,62701,62911.2,679.891,42747151.90692
1780899300000,2026-06-08T06:15:00.000Z,62911.2,63123,62852.7,63045.5,990.2504,62394088.91261
1780900200000,2026-06-08T06:30:00.000Z,63045.5,63079.9,62883.5,63010.6,279.4102,17592918.31098
1780901100000,2026-06-08T06:45:00.000Z,63010.6,63020,62904.4,62966.2,179.0994,11277068.06311
1780902000000,2026-06-08T07:00:00.000Z,62966.2,63180.8,62778.5,63059.8,783.648,49314789.31082
1780902900000,2026-06-08T07:15:00.000Z,63059.8,63229.9,62941.2,63161.7,554.5523,35010150.74535
1780903800000,2026-06-08T07:30:00.000Z,63161.7,63249.5,63050,63080.6,368.0366,23244764.53603
1780904700000,2026-06-08T07:45:00.000Z,63080.6,63326.1,63070,63256.3,532.884,33691376.48875
1780905600000,2026-06-08T08:00:00.000Z,63256.3,63256.3,63020.7,63159.7,261.452,16504869.75395
1780906500000,2026-06-08T08:15:00.000Z,63159.7,63195,62948.1,63076.4,353.2344,22264838.00931
1780907400000,2026-06-08T08:30:00.000Z,63076.4,63167.3,63007,63133.5,147.6128,9316414.9568
1780908300000,2026-06-08T08:45:00.000Z,63133.5,63158.4,62992,63102.1,172.5842,10883252.13056
1780909200000,2026-06-08T09:00:00.000Z,63102.1,63314.2,63091.4,63301.4,383.5834,24248921.94733
1780910100000,2026-06-08T09:15:00.000Z,63301.4,63548,63262,63348.3,789.5539,50095300.1901
1780911000000,2026-06-08T09:30:00.000Z,63348.3,63385.1,63123,63329.2,570.1925,36077466.10324
1780911900000,2026-06-08T09:45:00.000Z,63329.2,63469.2,63293.8,63463.1,232.5299,14743258.24726
1780912800000,2026-06-08T10:00:00.000Z,63463.1,63520,63330.1,63344.8,293.8584,18635472.16529
1780913700000,2026-06-08T10:15:00.000Z,63344.8,63355.1,63056.8,63121.4,485.1642,30642709.46799
1780914600000,2026-06-08T10:30:00.000Z,63121.4,63389.4,63095.1,63184,682.4488,43141800.66467
1780915500000,2026-06-08T10:45:00.000Z,63184,63208.8,63048.8,63123.9,507.3102,32018486.54977
1780916400000,2026-06-08T11:00:00.000Z,63123.9,63440.1,63013.4,63410,465.4933,29428046.0788
1780917300000,2026-06-08T11:15:00.000Z,63410,63636.3,63334.9,63579.2,899.2502,57127437.34618
1780918200000,2026-06-08T11:30:00.000Z,63579.2,63849.1,63500.1,63596.7,1204.6639,76743410.49645
1780919100000,2026-06-08T11:45:00.000Z,63596.7,63634,63381.6,63449.3,586.9831,37256392.48608
1780920000000,2026-06-08T12:00:00.000Z,63449.3,63627.6,62670.7,62678.1,2452.3848,154563740.01257
1780920900000,2026-06-08T12:15:00.000Z,62678.1,63070.4,62672.9,63069.7,727.0958,45755381.67382
1780921800000,2026-06-08T12:30:00.000Z,63069.7,63645.5,63069.7,63608.9,1367.3564,86621764.51153
1780922700000,2026-06-08T12:45:00.000Z,63608.9,63920.9,63480.1,63839.6,878.1814,55943133.84056
1780923600000,2026-06-08T13:00:00.000Z,63839.6,63917.4,63676.8,63744.2,594.3142,37913458.37398
1780924500000,2026-06-08T13:15:00.000Z,63744.2,63890.8,63536,63557.4,646.9459,41213857.39938
1780925400000,2026-06-08T13:30:00.000Z,63557.4,63748.5,63320.2,63460.5,1063.5699,67559757.85157
1780926300000,2026-06-08T13:45:00.000Z,63460.5,63849,63381.9,63723.7,810.1417,51564413.97511
1780927200000,2026-06-08T14:00:00.000Z,63723.7,63884,63535.1,63838.9,502.8514,32049966.54009
1780928100000,2026-06-08T14:15:00.000Z,63838.9,63851.5,63573.8,63728.8,598.541,38147436.70166
1780929000000,2026-06-08T14:30:00.000Z,63728.8,63920,63728.7,63861.3,417.79,26668492.1173
1780929900000,2026-06-08T14:45:00.000Z,63861.3,64058.2,63787,63936.7,689.1464,44066627.57535
1780930800000,2026-06-08T15:00:00.000Z,63936.7,64176.8,63851,64157.7,1020.9448,65367012.40346
1780931700000,2026-06-08T15:15:00.000Z,64157.7,64179,63904.1,63969,800.7817,51288279.46707
1780932600000,2026-06-08T15:30:00.000Z,63969,63979.6,63755.8,63840.4,722.9839,46166695.78291
1780933500000,2026-06-08T15:45:00.000Z,63840.4,64007.9,63673.5,63750,426.5145,27223644.91455
1780934400000,2026-06-08T16:00:00.000Z,63750,63915.5,63645,63776.2,470.5693,30019484.58925
1780935300000,2026-06-08T16:15:00.000Z,63776.2,64020,63766.5,63840,349.6503,22349060.89332
1780936200000,2026-06-08T16:30:00.000Z,63840,63853.7,63555,63659.3,528.3627,33638126.21651
1780937100000,2026-06-08T16:45:00.000Z,63659.3,63671.5,63434.8,63498,425.0189,27001926.7466
1780938000000,2026-06-08T17:00:00.000Z,63498,63564,63282,63327.7,1198.1807,75971417.15159
1780938900000,2026-06-08T17:15:00.000Z,63327.7,63635.2,63327.7,63606.5,391.8548,24884806.63659
1780939800000,2026-06-08T17:30:00.000Z,63606.5,63606.5,63228,63355.7,435.7109,27605764.712
1780940700000,2026-06-08T17:45:00.000Z,63355.7,63530,63351,63525.3,282.0599,17901798.07379
1780941600000,2026-06-08T18:00:00.000Z,63525.3,63618.6,63480,63566.7,274.1163,17423685.98359
1780942500000,2026-06-08T18:15:00.000Z,63566.7,63633,63500.1,63619.2,128.2929,8154308.45337
1780943400000,2026-06-08T18:30:00.000Z,63619.2,63664.5,63401,63465.8,217.2706,13799194.81955
1780944300000,2026-06-08T18:45:00.000Z,63465.8,63492,63306.4,63437,199.0734,12620992.50633
1780945200000,2026-06-08T19:00:00.000Z,63437,63529.9,63347.2,63395.4,140.3284,8903867.52028
1780946100000,2026-06-08T19:15:00.000Z,63395.4,63547.4,63339,63507.2,148.3595,9411613.12145
1780947000000,2026-06-08T19:30:00.000Z,63507.2,63569.9,63401.4,63456.2,104.2913,6621283.1469
1780947900000,2026-06-08T19:45:00.000Z,63456.2,63527.4,63323,63347,172.3222,10930253.96258
1780948800000,2026-06-08T20:00:00.000Z,63347,63405.4,63172.8,63226,519.8971,32898849.32262
1780949700000,2026-06-08T20:15:00.000Z,63226,63297.2,63122,63150,443.1283,28002869.51221
1780950600000,2026-06-08T20:30:00.000Z,63150,63385.1,63150,63357.2,228.172,14443269.14489
1780951500000,2026-06-08T20:45:00.000Z,63357.2,63460.8,63333.5,63457.4,168.2169,10663926.26582
1780952400000,2026-06-08T21:00:00.000Z,63457.4,63775.9,63455,63696.5,604.0149,38440528.30505
1780953300000,2026-06-08T21:15:00.000Z,63696.5,63748.6,63585,63687.5,210.8071,13421894.6949
1780954200000,2026-06-08T21:30:00.000Z,63687.5,63833.8,63600.2,63803.6,212.3516,13533967.18034
1780955100000,2026-06-08T21:45:00.000Z,63803.6,63810,63690.1,63690.1,255.5706,16288853.97797
1780956000000,2026-06-08T22:00:00.000Z,63690.1,63690.1,63255.7,63260.9,761.0296,48280515.98162
1780956900000,2026-06-08T22:15:00.000Z,63260.9,63428.8,63177.8,63334.6,396.7158,25106880.62437
1780957800000,2026-06-08T22:30:00.000Z,63334.6,63366.3,63210,63272.8,223.6337,14153061.03508
1780958700000,2026-06-08T22:45:00.000Z,63272.8,63432.4,63200,63409,251.7651,15938523.17699
1780959600000,2026-06-08T23:00:00.000Z,63409,63559.9,63370.1,63557.2,212.1813,13467362.91949
1780960500000,2026-06-08T23:15:00.000Z,63557.2,63564.9,63040.9,63116.9,482.1545,30460613.18685
1780961400000,2026-06-08T23:30:00.000Z,63116.9,63170,62966.3,63104.1,379.0452,23902844.48513
1780962300000,2026-06-08T23:45:00.000Z,63104.1,63109.2,62945,63058.8,320.1914,20178390.71064
1780963200000,2026-06-09T00:00:00.000Z,63058.8,63120.2,62970,62979.9,523.1436,32977430.86471
1780964100000,2026-06-09T00:15:00.000Z,62979.9,63155.5,62674.9,62710.3,1373.261,86329896.94944
1780965000000,2026-06-09T00:30:00.000Z,62710.3,62752.3,62532.1,62690.5,1404.8759,87984220.3394
1780965900000,2026-06-09T00:45:00.000Z,62690.5,62690.5,62366.7,62531.7,1192.7804,74536197.68347
1780966800000,2026-06-09T01:00:00.000Z,62531.7,62696.6,62517.9,62635.1,467.7466,29295216.22525
1780967700000,2026-06-09T01:15:00.000Z,62635.1,62840.9,62593.2,62754.4,515.4949,32349404.21689
1780968600000,2026-06-09T01:30:00.000Z,62754.4,62850,62632.7,62682.2,359.3753,22546769.43366
1780969500000,2026-06-09T01:45:00.000Z,62682.2,62830,62672.6,62736.8,148.2058,9299928.79561
1780970400000,2026-06-09T02:00:00.000Z,62736.8,62837.5,62705.1,62711.5,142.2956,8932975.67489
1780971300000,2026-06-09T02:15:00.000Z,62711.5,62757.6,62540.8,62753.2,376.6189,23590708.90017
1780972200000,2026-06-09T02:30:00.000Z,62753.2,62807.5,62508.6,62630,356.6149,22332269.88537
1780973100000,2026-06-09T02:45:00.000Z,62630,62849.2,62624.4,62849.2,251.6719,15796465.25317
1780974000000,2026-06-09T03:00:00.000Z,62849.2,62915,62778.3,62886.4,376.0079,23632587.30912
1780974900000,2026-06-09T03:15:00.000Z,62886.4,62947.4,62737.3,62775,467.983,29408829.29838
1780975800000,2026-06-09T03:30:00.000Z,62775,62829.9,62670,62793.7,176.8736,11094969.06341
1780976700000,2026-06-09T03:45:00.000Z,62793.7,62863.6,62713.8,62840.6,233.7189,14671847.12932
1780977600000,2026-06-09T04:00:00.000Z,62840.6,62956.2,62714.2,62874.5,300.9524,18915912.37815
1780978500000,2026-06-09T04:15:00.000Z,62874.5,62888,62761.1,62764.2,110.6986,6955211.13803
1780979400000,2026-06-09T04:30:00.000Z,62764.2,63369.9,62732.4,63213.5,1153.8017,72871344.02562
1780980300000,2026-06-09T04:45:00.000Z,63213.5,63399.8,63190,63210.1,737.683,46686141.89664
1780981200000,2026-06-09T05:00:00.000Z,63210.1,63284.6,63084,63221.9,591.3227,37345829.28252
1780982100000,2026-06-09T05:15:00.000Z,63221.9,63339,63221.9,63285,231.8481,14672763.44743
1780983000000,2026-06-09T05:30:00.000Z,63285,63494.1,63274.3,63338.9,603.8759,38289511.64388
1780983900000,2026-06-09T05:45:00.000Z,63338.9,63428,63276.5,63315.1,280.6457,17777771.64852
1780984800000,2026-06-09T06:00:00.000Z,63315.1,63397.6,63239.4,63339.2,300.2701,19012249.41353
1780985700000,2026-06-09T06:15:00.000Z,63339.2,63478.9,63307.7,63400,192.4227,12199552.94035
1780986600000,2026-06-09T06:30:00.000Z,63400,63436.4,63285.3,63319.9,272.9334,17286364.34388
1780987500000,2026-06-09T06:45:00.000Z,63319.9,63380,63190.4,63275.1,259.9825,16447505.91595
1780988400000,2026-06-09T07:00:00.000Z,63275.1,63418,63257.7,63261.5,307.7327,19492360.92326
1780989300000,2026-06-09T07:15:00.000Z,63261.5,63338.3,62973.1,62996.5,821.6018,51850363.31117
1780990200000,2026-06-09T07:30:00.000Z,62996.5,63178.9,62996.5,63160,489.1259,30874397.74025
1780991100000,2026-06-09T07:45:00.000Z,63160,63187.5,63090,63167.8,154.1526,9733153.97366
1780992000000,2026-06-09T08:00:00.000Z,63167.8,63180,62738.7,62898.4,1906.4022,119862436.20187
1780992900000,2026-06-09T08:15:00.000Z,62898.4,62956.3,62843.8,62843.8,640.2416,40274993.65162
1780993800000,2026-06-09T08:30:00.000Z,62843.8,62986,62784.1,62955.9,402.4706,25314727.09025
1780994700000,2026-06-09T08:45:00.000Z,62955.9,62980,62806,62820.4,503.8876,31683228.99514
1780995600000,2026-06-09T09:00:00.000Z,62820.4,62873,62683.1,62830,740.3215,46463823.27619
1780996500000,2026-06-09T09:15:00.000Z,62830,62925.1,62786.1,62789.2,580.6448,36500024.17018
1780997400000,2026-06-09T09:30:00.000Z,62789.2,62789.2,62561,62644.9,1019.9035,63899595.54977
1780998300000,2026-06-09T09:45:00.000Z,62644.9,62710,62616.3,62689.1,391.7813,24549606.50045
1780999200000,2026-06-09T10:00:00.000Z,62689.1,62771.9,62570.6,62752.7,649.7274,40718345.26113
1781000100000,2026-06-09T10:15:00.000Z,62752.7,62752.8,62670,62718.1,126.7224,7947676.87806
1781001000000,2026-06-09T10:30:00.000Z,62718.1,62730,62610,62674.8,144.7921,9075194.60012
1781001900000,2026-06-09T10:45:00.000Z,62674.8,62803.4,62623.2,62750.1,411.9714,25841759.16753
1781002800000,2026-06-09T11:00:00.000Z,62750.1,62784.8,62482.9,62500,850.4662,53241546.51621
1781003700000,2026-06-09T11:15:00.000Z,62500,62609.9,62467,62569.3,519.9778,32512877.82253
1781004600000,2026-06-09T11:30:00.000Z,62569.3,62642.6,62490,62600.6,155.9209,9756715.52503
1781005500000,2026-06-09T11:45:00.000Z,62600.6,62707.8,62537.3,62684.1,408.2831,25574079.75212
1781006400000,2026-06-09T12:00:00.000Z,62684.1,62868.9,62660,62803.7,832.6795,52255330.36305
1781007300000,2026-06-09T12:15:00.000Z,62803.7,62820,62610.5,62624.5,333.2584,20887019.37921
1781008200000,2026-06-09T12:30:00.000Z,62624.5,62647.2,62480.9,62488.1,442.4935,27681128.06756
1781009100000,2026-06-09T12:45:00.000Z,62488.1,62647.3,62404.4,62613.9,822.9792,51446800.66544
1781010000000,2026-06-09T13:00:00.000Z,62613.9,62719.8,62511.1,62527.5,579.6625,36302430.60519
1781010900000,2026-06-09T13:15:00.000Z,62527.5,62542.9,62230.1,62313.1,1650.2227,102894620.87278
1781011800000,2026-06-09T13:30:00.000Z,62313.1,62481.3,62110,62406.7,1964.084,122305809.75255
1781012700000,2026-06-09T13:45:00.000Z,62406.7,62508.1,62240.1,62247.4,940.466,58660811.97772
1781013600000,2026-06-09T14:00:00.000Z,62247.4,62370,61931.4,61979.8,1547.2321,96062634.11025
1781014500000,2026-06-09T14:15:00.000Z,61979.8,62050.3,61533.7,61575.5,2806.2365,173301806.34151
1781015400000,2026-06-09T14:30:00.000Z,61575.5,61676.1,61290.1,61334.9,2277.2191,139966617.13827
1781016300000,2026-06-09T14:45:00.000Z,61334.9,61530.3,61115.1,61522.1,2284.7301,139998869.30075
1781017200000,2026-06-09T15:00:00.000Z,61522.1,61687.5,61306.6,61624.2,1313.3359,80798850.42708
1781018100000,2026-06-09T15:15:00.000Z,61624.2,61683,61273,61281.2,1066.5639,65559569.84004
1781019000000,2026-06-09T15:30:00.000Z,61281.2,61403.4,61184.2,61301,1279.3116,78427022.75316
1781019900000,2026-06-09T15:45:00.000Z,61301,61389.8,61000.7,61106.6,1613.0922,98710464.64738
1781020800000,2026-06-09T16:00:00.000Z,61106.6,61194,60912.9,60980,1558.6945,95114416.31487
1781021700000,2026-06-09T16:15:00.000Z,60980,61105.3,60830,61019.8,1136.4249,69270673.63988
1781022600000,2026-06-09T16:30:00.000Z,61019.8,61302.6,60750.4,61226.4,2362.2652,144108624.5435
1781023500000,2026-06-09T16:45:00.000Z,61226.4,61472.7,61139.7,61369.3,1820.0913,111595272.91484
1781024400000,2026-06-09T17:00:00.000Z,61369.3,61660,61369.3,61580.7,1208.0837,74327991.57054
1781025300000,2026-06-09T17:15:00.000Z,61580.7,61882.4,61550,61721.9,1378.4788,85119859.35266
1781026200000,2026-06-09T17:30:00.000Z,61721.9,61820.2,61660,61660.9,341.8673,21108420.41691
1781027100000,2026-06-09T17:45:00.000Z,61660.9,61827.9,61570.5,61667.8,409.6583,25264375.23959
1781028000000,2026-06-09T18:00:00.000Z,61667.8,61800,61580,61721,468.9017,28922461.62496
1781028900000,2026-06-09T18:15:00.000Z,61721,61940,61627.3,61700.2,570.3795,35246799.05224
1781029800000,2026-06-09T18:30:00.000Z,61700.2,61790,61561,61572.9,386.4758,23843904.94231
1781030700000,2026-06-09T18:45:00.000Z,61572.9,61800,61572.9,61760.1,238.3906,14708739.08162
1781031600000,2026-06-09T19:00:00.000Z,61760.1,61887.8,61700.1,61740.4,294.9127,18227009.35377
1781032500000,2026-06-09T19:15:00.000Z,61740.4,61880,61682.3,61840.1,353.7649,21854566.52554
1781033400000,2026-06-09T19:30:00.000Z,61840.1,62033.1,61733,61850,648.1591,40116764.58427
1781034300000,2026-06-09T19:45:00.000Z,61850,62080,61727.8,62063.1,627.2116,38845512.3546
1781035200000,2026-06-09T20:00:00.000Z,62063.1,62190.5,61920,62185.6,570.3246,35398011.23753
1781036100000,2026-06-09T20:15:00.000Z,62185.6,62254,61969.1,62055.8,548.2795,34050995.00569
1781037000000,2026-06-09T20:30:00.000Z,62055.8,62158.6,61950.1,62099.2,189.6206,11767260.48861
1781037900000,2026-06-09T20:45:00.000Z,62099.2,62133.2,62015.2,62133.2,149.6772,9289632.56313
1781038800000,2026-06-09T21:00:00.000Z,62133.2,62148.9,62006.9,62112.4,341.2321,21186412.2306
1781039700000,2026-06-09T21:15:00.000Z,62112.4,62117.9,61732.1,61774.9,645.6043,39942838.66423
1781040600000,2026-06-09T21:30:00.000Z,61774.9,61879.1,61736,61764.1,323.7998,20008972.28916
1781041500000,2026-06-09T21:45:00.000Z,61764.1,61800,61660,61735.2,338.5454,20890890.66285
1781042400000,2026-06-09T22:00:00.000Z,61735.2,61820.3,61629.6,61801.1,196.8879,12150289.88586
1781043300000,2026-06-09T22:15:00.000Z,61801.1,61914.9,61750.2,61779,278.8355,17242865.68553
1781044200000,2026-06-09T22:30:00.000Z,61779,61949,61744,61819,248.1534,15344088.7014
1781045100000,2026-06-09T22:45:00.000Z,61819,61850,61643.3,61689.9,215.2472,13287513.07429
1781046000000,2026-06-09T23:00:00.000Z,61689.9,61770,61611.9,61716,285.6627,17624650.41192
1781046900000,2026-06-09T23:15:00.000Z,61716,61858.5,61644.6,61658.4,244.8322,15125539.92538
1781047800000,2026-06-09T23:30:00.000Z,61658.4,61699.8,61518,61605.9,352.5705,21711525.43491
1781048700000,2026-06-09T23:45:00.000Z,61605.9,61725.3,61560.1,61695.3,276.3021,17026171.43097
1781049600000,2026-06-10T00:00:00.000Z,61695.3,61857.1,61666.4,61802.7,374.5724,23140165.10339
1781050500000,2026-06-10T00:15:00.000Z,61802.7,61837.4,61690,61821,109.4954,6761914.0952
1781051400000,2026-06-10T00:30:00.000Z,61821,61845.8,61398.3,61487.6,579.7297,35681210.09386
1781052300000,2026-06-10T00:45:00.000Z,61487.6,61899,61463.2,61881.6,471.6788,29094794.48524
1781053200000,2026-06-10T01:00:00.000Z,61881.6,61944.1,61641.1,61795.9,378.7839,23417431.14687
1781054100000,2026-06-10T01:15:00.000Z,61795.9,61860,61710.1,61795.5,227.226,14038676.17111
1781055000000,2026-06-10T01:30:00.000Z,61795.5,61863.4,61549.2,61605.4,307.9812,19000898.25044
1781055900000,2026-06-10T01:45:00.000Z,61605.4,61822,61580,61680.8,213.6975,13188709.39665
1781056800000,2026-06-10T02:00:00.000Z,61680.8,61808.9,61514.2,61529.1,316.2465,19481820.34054
1781057700000,2026-06-10T02:15:00.000Z,61529.1,61547.9,61300.5,61469.1,1031.2103,63331151.26117
1781058600000,2026-06-10T02:30:00.000Z,61469.1,61520,61265,61349.8,616.2729,37811211.22762
1781059500000,2026-06-10T02:45:00.000Z,61349.8,61363.6,61201.1,61278.9,498.3547,30537039.83525
1781060400000,2026-06-10T03:00:00.000Z,61278.9,61457.2,61253.6,61405.6,435.8041,26738808.87077
1781061300000,2026-06-10T03:15:00.000Z,61405.6,61566.7,61306.2,61545.5,568.6417,34927717.23866
1781062200000,2026-06-10T03:30:00.000Z,61545.5,61545.5,61408.7,61491.2,214.7022,13196933.19112
1781063100000,2026-06-10T03:45:00.000Z,61491.2,61556.9,61456.8,61516,270.6559,16646289.91692
1781064000000,2026-06-10T04:00:00.000Z,61516,61532.2,61408.6,61470.7,260.8162,16035452.95732
1781064900000,2026-06-10T04:15:00.000Z,61470.7,61517,61417.8,61434.8,80.1413,4926504.66148
1781065800000,2026-06-10T04:30:00.000Z,61434.8,61434.9,61155,61194.9,653.1448,39997214.83655
1781066700000,2026-06-10T04:45:00.000Z,61194.9,61342.9,61157.6,61267.4,761.2266,46655781.33984
1781067600000,2026-06-10T05:00:00.000Z,61267.4,61295,61085.6,61138,403.5751,24682202.42508
1781068500000,2026-06-10T05:15:00.000Z,61138,61229.9,61043.8,61229.9,713.0781,43598609.24358
1781069400000,2026-06-10T05:30:00.000Z,61229.9,61298.8,61149.9,61246.6,266.2526,16306408.35956
1781070300000,2026-06-10T05:45:00.000Z,61246.6,61364.7,61172.5,61319.8,369.9172,22667252.33082
1781071200000,2026-06-10T06:00:00.000Z,61319.8,61390,61257.1,61362.7,462.994,28396474.04566
1781072100000,2026-06-10T06:15:00.000Z,61362.7,61454.9,61284.8,61312.1,311.928,19141661.92214
1781073000000,2026-06-10T06:30:00.000Z,61312.1,61428.3,61111,61403.3,563.4965,34528801.82339
1781073900000,2026-06-10T06:45:00.000Z,61403.3,61496.2,61389.7,61432.8,317.0688,19483474.89395
1781074800000,2026-06-10T07:00:00.000Z,61432.8,61562.5,61398.8,61537.3,481.6165,29613619.99671
1781075700000,2026-06-10T07:15:00.000Z,61537.3,61682.3,61519.8,61615.2,656.7533,40468048.66941
1781076600000,2026-06-10T07:30:00.000Z,61615.2,61772.7,61528.1,61727.5,907.7891,55983186.95846
1781077500000,2026-06-10T07:45:00.000Z,61727.5,61745.3,61627.9,61649.5,333.3391,20558584.02549
1781078400000,2026-06-10T08:00:00.000Z,61649.5,61680.6,61504.1,61579.7,390.7736,24071816.66743
1781079300000,2026-06-10T08:15:00.000Z,61579.7,61705.4,61455,61509.6,332.3976,20450980.89919
1781080200000,2026-06-10T08:30:00.000Z,61509.6,61576.1,61196.4,61206.5,1013.5586,62150326.74188
1781081100000,2026-06-10T08:45:00.000Z,61206.5,61299.9,61135.8,61229.5,661.6122,40493841.96213
1781082000000,2026-06-10T09:00:00.000Z,61229.5,61293.3,61015.6,61033.8,673.588,41193875.03167
1781082900000,2026-06-10T09:15:00.000Z,61033.8,61219.4,60691.8,61181,2000.0725,121857016.09674
1781083800000,2026-06-10T09:30:00.000Z,61181,61395.7,61150,61238.7,790.3662,48433222.41558
1781084700000,2026-06-10T09:45:00.000Z,61238.7,61377.2,61119.8,61303.6,550.2912,33701057.28413
1781085600000,2026-06-10T10:00:00.000Z,61303.6,61322.2,61135,61207,276.8155,16947430.22185
1781086500000,2026-06-10T10:15:00.000Z,61207,61333,61127.4,61308.6,365.7868,22391850.36737
1781087400000,2026-06-10T10:30:00.000Z,61308.6,61437.4,61232.3,61286.3,584.653,35880191.59146
1781088300000,2026-06-10T10:45:00.000Z,61286.3,61390.6,61253.4,61358.2,343.0812,21037016.82184
1781089200000,2026-06-10T11:00:00.000Z,61358.2,61408.2,60825.7,61139.3,1833.5924,111972483.42043
1781090100000,2026-06-10T11:15:00.000Z,61139.3,61239.4,60853.4,60938.2,1487.2327,90854921.30183
1781091000000,2026-06-10T11:30:00.000Z,60938.2,61034.9,60890.7,60987.6,609.2238,37143357.68568
1781091900000,2026-06-10T11:45:00.000Z,60987.6,61084.9,60943.9,61003.3,294.944,17998268.24017
1781092800000,2026-06-10T12:00:00.000Z,61003.3,61192.5,60927.1,61157.3,469.0954,28649084.2524
1781093700000,2026-06-10T12:15:00.000Z,61157.3,61220,61012.6,61132.8,391.4686,23918496.05873
1781094600000,2026-06-10T12:30:00.000Z,61132.8,61943.4,61108.3,61658.1,3235.4152,199229354.05509
1781095500000,2026-06-10T12:45:00.000Z,61658.1,61762.9,61533,61533,712.8807,43960815.90446
1781096400000,2026-06-10T13:00:00.000Z,61533,61597.3,61466,61492.8,477.5375,29372855.63953
1781097300000,2026-06-10T13:15:00.000Z,61492.8,61559.7,61409,61525.1,468.7271,28811100.68223
1781098200000,2026-06-10T13:30:00.000Z,61525.1,62349.3,61463.8,62349.3,3251.0951,201402547.36146
1781099100000,2026-06-10T13:45:00.000Z,62349.3,62425.2,62037.1,62115.9,1970.5107,122639069.56892
1781100000000,2026-06-10T14:00:00.000Z,62115.9,62229.8,61956.5,61975,1006.5286,62512376.47862
1781100900000,2026-06-10T14:15:00.000Z,61975,62133.3,61824.3,62013.3,1040.0689,64432865.9991
1781101800000,2026-06-10T14:30:00.000Z,62013.3,62090.9,61783,61910.5,873.7143,54083992.03409
1781102700000,2026-06-10T14:45:00.000Z,61910.5,62172.7,61779.2,62169.9,1051.6188,65116574.99922
1781103600000,2026-06-10T15:00:00.000Z,62169.9,62394.5,61831.8,61902.1,1518.551,94284265.08003
1781104500000,2026-06-10T15:15:00.000Z,61902.1,62320,61812.5,62224.7,883.2238,54872678.24787
1781105400000,2026-06-10T15:30:00.000Z,62224.7,62386.1,62155.7,62356.1,603.6393,37592943.23834
1781106300000,2026-06-10T15:45:00.000Z,62356.1,62828.2,62094.4,62597.7,2723.7644,170209860.17579
1781107200000,2026-06-10T16:00:00.000Z,62597.7,62612.3,62278.5,62309.6,647.9409,40471270.72051
1781108100000,2026-06-10T16:15:00.000Z,62309.6,62420,62057.9,62251.5,762.1908,47455021.58213
1781109000000,2026-06-10T16:30:00.000Z,62251.5,62394.3,62121.1,62190.9,348.5646,21708000.75705
1781109900000,2026-06-10T16:45:00.000Z,62190.9,62197.6,61891.1,62190.4,1167.7319,72451793.25549
1781110800000,2026-06-10T17:00:00.000Z,62190.4,62328.6,61971.3,62059.5,713.8808,44380215.41762
1781111700000,2026-06-10T17:15:00.000Z,62059.5,62167.3,61858.3,61876.2,914.8329,56763400.01576
1781112600000,2026-06-10T17:30:00.000Z,61876.2,61900.6,61621,61719.8,1445.0945,89233129.76717
1781113500000,2026-06-10T17:45:00.000Z,61719.8,62025,61690.5,61947.7,685.8921,42444843.7225
1781114400000,2026-06-10T18:00:00.000Z,61947.7,62133.3,61888.8,61934.3,364.0158,22571093.08652
1781115300000,2026-06-10T18:15:00.000Z,61934.3,62001.9,61820.1,61997,279.2448,17283941.42589
1781116200000,2026-06-10T18:30:00.000Z,61997,61997.1,61712.8,61755.7,260.7487,16118831.45393
1781117100000,2026-06-10T18:45:00.000Z,61755.7,61885.5,61567.8,61859.9,828.9244,51159288.46742
1781118000000,2026-06-10T19:00:00.000Z,61859.9,61922.2,61707.8,61723.9,237.9206,14706911.99406
1781118900000,2026-06-10T19:15:00.000Z,61723.9,61805.6,61650.6,61765.9,251.0591,15493574.30896
1781119800000,2026-06-10T19:30:00.000Z,61765.9,62048,61763.2,61994.5,239.2001,14811187.27583
1781120700000,2026-06-10T19:45:00.000Z,61994.5,62019.1,61813.6,61915.9,317.1206,19636468.66207
1781121600000,2026-06-10T20:00:00.000Z,61915.9,61928.9,61658.1,61790.5,317.7151,19630498.77334
1781122500000,2026-06-10T20:15:00.000Z,61790.5,61920,61711.3,61886.8,232.0324,14346853.30252
1781123400000,2026-06-10T20:30:00.000Z,61886.8,61900,61778.7,61778.7,192.5014,11903516.53805
1781124300000,2026-06-10T20:45:00.000Z,61778.7,61817.4,61680.1,61774,152.5509,9418064.43501
1781125200000,2026-06-10T21:00:00.000Z,61774,61779.6,61475,61520.6,388.236,23909202.70483
1781126100000,2026-06-10T21:15:00.000Z,61520.6,61669.1,61502.2,61546.6,250.7548,15442010.43413
1781127000000,2026-06-10T21:30:00.000Z,61546.6,61694,61542.3,61662.3,141.3614,8712324.2165
1781127900000,2026-06-10T21:45:00.000Z,61662.3,61667.8,61153,61327,876.8298,53752591.98657
1781128800000,2026-06-10T22:00:00.000Z,61327,61335.5,61138,61216.1,371.5415,22743607.92533
1781129700000,2026-06-10T22:15:00.000Z,61216.1,61311.5,61066.9,61223.5,665.7968,40734889.1563
1781130600000,2026-06-10T22:30:00.000Z,61223.5,61551.1,61211,61532.6,533.6237,32757713.31077
1781131500000,2026-06-10T22:45:00.000Z,61532.6,61535.9,61334.6,61351.9,246.0481,15112479.9674
1781132400000,2026-06-10T23:00:00.000Z,61351.9,61354,61161.3,61177.2,297.2125,18204429.58991
1781133300000,2026-06-10T23:15:00.000Z,61177.2,61550.3,61135,61524.7,439.5827,26983725.32874
1781134200000,2026-06-10T23:30:00.000Z,61524.7,61580,61436.8,61517.9,265.1925,16312447.09273
1781135100000,2026-06-10T23:45:00.000Z,61517.9,61559.3,61444.1,61483.3,119.9762,7377813.59534
1781136000000,2026-06-11T00:00:00.000Z,61483.3,61673.2,61483.3,61655.8,346.7711,21361227.85769
1781136900000,2026-06-11T00:15:00.000Z,61655.8,61963.5,61655.7,61858.8,935.4437,57846260.51142
1781137800000,2026-06-11T00:30:00.000Z,61858.8,61878.3,61746.8,61754.7,242.5031,14989249.79488
1781138700000,2026-06-11T00:45:00.000Z,61754.7,61911,61754.7,61796.5,164.8909,10195910.89497
1781139600000,2026-06-11T01:00:00.000Z,61796.5,62095,61791.4,62005.4,382.4593,23695283.81841
1781140500000,2026-06-11T01:15:00.000Z,62005.4,62200,61983.1,62144.2,1044.8986,64914096.05173
1781141400000,2026-06-11T01:30:00.000Z,62144.2,62352.2,62061.3,62223.9,882.6012,54898252.89845
1781142300000,2026-06-11T01:45:00.000Z,62223.9,62269.6,62139.3,62177,447.9592,27870069.42964
1781143200000,2026-06-11T02:00:00.000Z,62177,62249,62071.4,62144.2,369.4412,22956978.45275
1781144100000,2026-06-11T02:15:00.000Z,62144.2,62275.9,62008.5,62026.1,638.4717,39663704.22207
1781145000000,2026-06-11T02:30:00.000Z,62026.1,62076.3,61907.1,62039.2,513.4514,31834580.05858
1781145900000,2026-06-11T02:45:00.000Z,62039.2,62186.8,61966.1,62113.3,317.8446,19743991.76808
1781146800000,2026-06-11T03:00:00.000Z,62113.3,62158.1,61966.1,62036.4,202.1412,12549053.13985
1781147700000,2026-06-11T03:15:00.000Z,62036.4,62096.2,61980.8,62072.1,300.0939,18623813.46851
1781148600000,2026-06-11T03:30:00.000Z,62072.1,62566.1,62071.1,62339.6,1399.4101,87268187.86468
1781149500000,2026-06-11T03:45:00.000Z,62339.6,62828,62335.7,62651.7,1958.0282,122641212.45499
1781150400000,2026-06-11T04:00:00.000Z,62651.7,62700,62535.5,62626.4,577.7598,36173446.05533
1781151300000,2026-06-11T04:15:00.000Z,62626.4,62672.1,62557.9,62584.8,416.1726,26054873.23366
1781152200000,2026-06-11T04:30:00.000Z,62584.8,62663,62500,62636,274.4459,17177771.94767
1781153100000,2026-06-11T04:45:00.000Z,62636,62818.8,62627.7,62683.5,515.8999,32372916.76414
1781154000000,2026-06-11T05:00:00.000Z,62683.5,62687.5,62518,62591.4,362.3065,22671160.39733
1781154900000,2026-06-11T05:15:00.000Z,62591.4,62690,62539,62596,153.416,9607918.51143
1781155800000,2026-06-11T05:30:00.000Z,62596,62668.8,62555.9,62668.8,108.2619,6778990.45231
1781156700000,2026-06-11T05:45:00.000Z,62668.8,62679.9,62563.9,62577.4,151.1341,9464061.83616
1781157600000,2026-06-11T06:00:00.000Z,62577.4,62780,62507,62749.9,298.6249,18707164.13406
1781158500000,2026-06-11T06:15:00.000Z,62749.9,62972.9,62700,62837.8,1217.5093,76548374.19874
1781159400000,2026-06-11T06:30:00.000Z,62837.8,62965,62815.5,62914.6,418.684,26339926.46969
1781160300000,2026-06-11T06:45:00.000Z,62914.6,62918.9,62715.1,62728.8,386.1611,24243076.71435
1781161200000,2026-06-11T07:00:00.000Z,62728.8,62755.3,62572,62618.5,444.1008,27819912.12087
1781162100000,2026-06-11T07:15:00.000Z,62618.5,62766.6,62602.4,62756.7,310.2209,19447516.10685
1781163000000,2026-06-11T07:30:00.000Z,62756.7,62815.1,62566.5,62642.3,298.4778,18700343.41841
1781163900000,2026-06-11T07:45:00.000Z,62642.3,62720,62642.3,62682.9,178.6972,11200755.92315
1781164800000,2026-06-11T08:00:00.000Z,62682.9,62847.2,62682.9,62792.5,350.9412,22027835.17877
1781165700000,2026-06-11T08:15:00.000Z,62792.5,62920,62758.8,62918.3,462.85,29085632.01945
1781166600000,2026-06-11T08:30:00.000Z,62918.3,62952,62810,62821.7,457.754,28790866.77512
1781167500000,2026-06-11T08:45:00.000Z,62821.7,63036.7,62818.1,62917.4,771.8515,48574777.32619
1781168400000,2026-06-11T09:00:00.000Z,62917.4,62930.2,62773.8,62830,265.9461,16713772.48984
1781169300000,2026-06-11T09:15:00.000Z,62830,62830,62752.2,62780,167.1709,10494383.44345
1781170200000,2026-06-11T09:30:00.000Z,62780,62932,62779.9,62898.3,229.6302,14437883.20454
1781171100000,2026-06-11T09:45:00.000Z,62898.3,62957,62860,62891.5,203.4395,12798392.20871
1781172000000,2026-06-11T10:00:00.000Z,62891.5,62945,62808,62873.1,225.1386,14157678.1065
1781172900000,2026-06-11T10:15:00.000Z,62873.1,62895.3,62759.2,62815.4,246.727,15495885.94606
1781173800000,2026-06-11T10:30:00.000Z,62815.4,62924.5,62810.2,62890.4,206.6248,12991426.09437
1781174700000,2026-06-11T10:45:00.000Z,62890.4,63200,62883.9,63104.8,1215.9662,76687023.94456
1781175600000,2026-06-11T11:00:00.000Z,63104.8,63175.7,63003.1,63153.6,542.3949,34226893.50235
1781176500000,2026-06-11T11:15:00.000Z,63153.6,63187.7,63064.8,63124.8,313.7109,19802182.31747
1781177400000,2026-06-11T11:30:00.000Z,63124.8,63230.1,63044.2,63097.9,629.8138,39763709.57351
1781178300000,2026-06-11T11:45:00.000Z,63097.9,63213.8,63050.4,63069.6,272.8116,17219830.51091
1781179200000,2026-06-11T12:00:00.000Z,63069.6,63163.6,62969.6,63110.7,585.7501,36932624.31325
1781180100000,2026-06-11T12:15:00.000Z,63110.7,63150,62623.1,62644.5,1751.9209,109994643.4871
1781181000000,2026-06-11T12:30:00.000Z,62644.5,62921.2,62463.3,62883.7,1913.3253,119935968.6636
1781181900000,2026-06-11T12:45:00.000Z,62883.7,63013.1,62818.4,62967.3,716.4284,45078680.52385
1781182800000,2026-06-11T13:00:00.000Z,62967.3,62973.6,62815.5,62864.2,337.9004,21246797.23066
1781183700000,2026-06-11T13:15:00.000Z,62864.2,63012.8,62752.4,62778.4,536.8653,33758465.28117
1781184600000,2026-06-11T13:30:00.000Z,62778.4,62935.5,62638.3,62934.6,932.7411,58541541.77654
1781185500000,2026-06-11T13:45:00.000Z,62934.6,63208.3,62905.9,63043.9,1360.8142,85823444.67879
1781186400000,2026-06-11T14:00:00.000Z,63043.9,63067.7,62717.5,62760.2,768.0444,48300984.89226
1781187300000,2026-06-11T14:15:00.000Z,62760.2,62988,62699,62979.4,589.8304,37057193.41815
1781188200000,2026-06-11T14:30:00.000Z,62979.4,63042.7,62812.6,62821.3,478.6681,30120871.60348
1781189100000,2026-06-11T14:45:00.000Z,62821.3,62978.5,62700,62700,547.3311,34380608.2306
1781190000000,2026-06-11T15:00:00.000Z,62700,62843.2,62504.8,62668.7,1356.8555,85017556.29735
1781190900000,2026-06-11T15:15:00.000Z,62668.7,62785.7,62594.2,62695.6,513.5579,32194056.84912
1781191800000,2026-06-11T15:30:00.000Z,62695.6,62860,62607.3,62656.4,426.76,26777324.30399
1781192700000,2026-06-11T15:45:00.000Z,62656.4,62727.3,62539.1,62727.3,706.4175,44230350.58313
1781193600000,2026-06-11T16:00:00.000Z,62727.3,62810,62641.7,62798.9,345.893,21705092.58823
1781194500000,2026-06-11T16:15:00.000Z,62798.9,62817.6,62544.9,62607.3,549.444,34432280.56485
1781195400000,2026-06-11T16:30:00.000Z,62607.3,62785,62517.9,62633.6,840.715,52652604.50836
1781196300000,2026-06-11T16:45:00.000Z,62633.6,62666.2,62552,62552,525.05,32855922.94374
1781197200000,2026-06-11T17:00:00.000Z,62552,62600,62351.6,62440.2,920.1723,57480164.47902
1781198100000,2026-06-11T17:15:00.000Z,62440.2,63000,62311,62991.1,1660.8346,104002174.34687
1781199000000,2026-06-11T17:30:00.000Z,62991.1,63465.9,62943.8,63301.1,2961.0825,187209534.30014
1781199900000,2026-06-11T17:45:00.000Z,63301.1,63632,63279.6,63609.8,2273.2718,144291395.17234
1781200800000,2026-06-11T18:00:00.000Z,63609.8,63758.6,63289.9,63442.7,1711.7183,108719393.35101
1781201700000,2026-06-11T18:15:00.000Z,63442.7,63579.7,63315.3,63359.9,456.2565,28944334.38391
1781202600000,2026-06-11T18:30:00.000Z,63359.9,63532.9,63340,63509.9,235.7014,14955948.37185
1781203500000,2026-06-11T18:45:00.000Z,63509.9,63542.3,63420.1,63424.7,218.2221,13855158.64687
1781204400000,2026-06-11T19:00:00.000Z,63424.7,63564.6,63353.3,63498.9,484.3804,30739806.50447
1781205300000,2026-06-11T19:15:00.000Z,63498.9,63670,63497.4,63558.9,374.7669,23835080.19101
1781206200000,2026-06-11T19:30:00.000Z,63558.9,63900,63555.4,63655,1160.3387,74004501.96217
1781207100000,2026-06-11T19:45:00.000Z,63655,63694.5,63565.2,63567.8,226.7645,14428838.15561
1781208000000,2026-06-11T20:00:00.000Z,63567.8,63625.2,63456,63503.8,501.9008,31895584.3622
1781208900000,2026-06-11T20:15:00.000Z,63503.8,63514.9,63290.3,63340,354.2773,22461504.43377
1781209800000,2026-06-11T20:30:00.000Z,63340,63377.4,63255,63255,252.5647,15991584.89747
1781210700000,2026-06-11T20:45:00.000Z,63255,63382.7,63232.6,63362.5,184.6112,11687576.70781
1781211600000,2026-06-11T21:00:00.000Z,63362.5,63571.1,63357,63522.3,200.2974,12710872.1963
1781212500000,2026-06-11T21:15:00.000Z,63522.3,63530.7,63402,63449.9,142.0914,9020292.47397
1781213400000,2026-06-11T21:30:00.000Z,63449.9,63512.3,63428.3,63500,311.7795,19785675.83412
1781214300000,2026-06-11T21:45:00.000Z,63500,63548.4,63416.9,63490.4,146.5317,9303513.48565
1781215200000,2026-06-11T22:00:00.000Z,63490.4,63631.7,63462.1,63599.8,265.869,16902119.76373
1781216100000,2026-06-11T22:15:00.000Z,63599.8,63640,63500.6,63557.8,112.8867,7174925.02733
1781217000000,2026-06-11T22:30:00.000Z,63557.8,63609.9,63460,63469.1,179.0836,11374082.33382
1781217900000,2026-06-11T22:45:00.000Z,63469.1,63548,63425.6,63463.1,119.4586,7582457.64717
1781218800000,2026-06-11T23:00:00.000Z,63463.1,63467.3,63321.7,63373.2,224.342,14216696.04391
1781219700000,2026-06-11T23:15:00.000Z,63373.2,63400,63342,63350,108.8792,6899532.64996
1781220600000,2026-06-11T23:30:00.000Z,63350,63739,63349.9,63600,410.9116,26123802.26406
1781221500000,2026-06-11T23:45:00.000Z,63600,63626.9,63488.1,63599.7,194.0763,12336995.4876
1781222400000,2026-06-12T00:00:00.000Z,63599.7,63756,63510,63700,423.3752,26956386.62892
1781223300000,2026-06-12T00:15:00.000Z,63700,63700,63486.6,63580.3,191.7346,12191108.80468
1781224200000,2026-06-12T00:30:00.000Z,63580.3,63700,63530.5,63620.1,199.2758,12679882.83701
1781225100000,2026-06-12T00:45:00.000Z,63620.1,63695.2,63597.9,63611.5,118.1562,7521030.79266
1781226000000,2026-06-12T01:00:00.000Z,63611.5,63617.6,63423.6,63446.9,270.8914,17194619.32371
1781226900000,2026-06-12T01:15:00.000Z,63446.9,63500,63268.2,63320.1,463.8901,29390053.75683
1781227800000,2026-06-12T01:30:00.000Z,63320.1,63384,63274.2,63345,255.3643,16172409.58553
1781228700000,2026-06-12T01:45:00.000Z,63345,63437.5,63344.9,63400,223.917,14195008.16912
1781229600000,2026-06-12T02:00:00.000Z,63400,63750,63399.9,63631.7,343.0139,21816378.72808
1781230500000,2026-06-12T02:15:00.000Z,63631.7,63664,63495.7,63527,182.7737,11621013.62568
1781231400000,2026-06-12T02:30:00.000Z,63527,63612.6,63462.3,63605.7,150.3457,9555285.15517
1781232300000,2026-06-12T02:45:00.000Z,63605.7,63606.3,63524.8,63590.5,103.3115,6567103.46752
1781233200000,2026-06-12T03:00:00.000Z,63590.5,63617.9,63480,63506.7,133.3155,8470352.673
1781234100000,2026-06-12T03:15:00.000Z,63506.7,63506.8,63321,63406.1,406.5941,25778477.37374
1781235000000,2026-06-12T03:30:00.000Z,63406.1,63499,63401.9,63438.6,214.4698,13605640.50682
1781235900000,2026-06-12T03:45:00.000Z,63438.6,63499,63420,63490.5,111.9636,7106949.65319
1781236800000,2026-06-12T04:00:00.000Z,63490.5,63525,63384.8,63464.7,129.689,8229674.51931
1781237700000,2026-06-12T04:15:00.000Z,63464.7,63773.9,63464.7,63757.1,729.0454,46412797.19066
1781238600000,2026-06-12T04:30:00.000Z,63757.1,63826.1,63650.9,63681.9,411.8925,26242469.64683
1781239500000,2026-06-12T04:45:00.000Z,63681.9,63717.4,63651,63666.9,85.0972,5418853.01064
1781240400000,2026-06-12T05:00:00.000Z,63666.9,63688.5,63365.4,63402.5,450.0994,28570951.29123
1781241300000,2026-06-12T05:15:00.000Z,63402.5,63493.6,63402.4,63453.2,205.8979,13065000.64296
1781242200000,2026-06-12T05:30:00.000Z,63453.2,63468.9,63300.3,63364.1,400.0127,25347363.28958
1781243100000,2026-06-12T05:45:00.000Z,63364.1,63380,63270,63320.1,350.1427,22175594.13125
1781244000000,2026-06-12T06:00:00.000Z,63320.1,63385.5,63250,63275.7,326.2634,20652354.44884
1781244900000,2026-06-12T06:15:00.000Z,63275.7,63275.8,63068,63122.1,587.5844,37111886.04564
1781245800000,2026-06-12T06:30:00.000Z,63122.1,63122.1,62810,62898.7,1218.8843,76705489.40869
1781246700000,2026-06-12T06:45:00.000Z,62898.7,63018.3,62892.5,62955.2,412.0564,25943718.54528
1781247600000,2026-06-12T07:00:00.000Z,62955.2,63091.2,62952.7,62958.3,404.2397,25483209.40995
1781248500000,2026-06-12T07:15:00.000Z,62958.3,63060,62921.8,62998.7,210.123,13234676.08505
1781249400000,2026-06-12T07:30:00.000Z,62998.7,63068.3,62950,63027.2,611.6051,38536123.94151
1781250300000,2026-06-12T07:45:00.000Z,63027.2,63183.1,62971.5,63070.2,254.7888,16070697.7598
1781251200000,2026-06-12T08:00:00.000Z,63070.2,63324.2,63066,63271.1,445.259,28151225.13446
1781252100000,2026-06-12T08:15:00.000Z,63271.1,63599.8,63257.5,63503.9,989.7504,62812532.04936
1781253000000,2026-06-12T08:30:00.000Z,63503.9,63513.9,63348,63359.9,325.2234,20627628.91796
1781253900000,2026-06-12T08:45:00.000Z,63359.9,63462.5,63322.7,63439.6,351.9794,22317962.35733
1781254800000,2026-06-12T09:00:00.000Z,63439.6,63556.5,63401.5,63532.4,278.4768,17677542.72272
1781255700000,2026-06-12T09:15:00.000Z,63532.4,63760,63517.4,63740,669.6295,42625895.68015
1781256600000,2026-06-12T09:30:00.000Z,63740,63938.3,63725.6,63849.6,1054.3924,67321571.97909
1781257500000,2026-06-12T09:45:00.000Z,63849.6,63913.5,63713.7,63716,381.2178,24316617.1385
1781258400000,2026-06-12T10:00:00.000Z,63716,63820,63653.8,63735.9,409.751,26104226.25302
1781259300000,2026-06-12T10:15:00.000Z,63735.9,63782.7,63545.6,63576.6,476.6026,30334494.73681
1781260200000,2026-06-12T10:30:00.000Z,63576.6,63723.7,63575.2,63643.1,311.6263,19834687.49753
1781261100000,2026-06-12T10:45:00.000Z,63643.1,63706.5,63620.7,63660,144.4854,9198930.92814
1781262000000,2026-06-12T11:00:00.000Z,63660,63851.3,63642.6,63791.2,398.8693,25443139.40502
1781262900000,2026-06-12T11:15:00.000Z,63791.2,63844.7,63720.7,63786.5,150.8275,9622474.22465
1781263800000,2026-06-12T11:30:00.000Z,63786.5,63786.5,63647.3,63760.1,225.3418,14356923.73849
1781264700000,2026-06-12T11:45:00.000Z,63760.1,63846.1,63716.4,63722.7,163.2033,10409411.03773
1781265600000,2026-06-12T12:00:00.000Z,63722.7,63735.4,63578.4,63596.2,281.5503,17920005.90949
1781266500000,2026-06-12T12:15:00.000Z,63596.2,63651.4,63416.4,63429.1,437.7797,27806730.49281
1781267400000,2026-06-12T12:30:00.000Z,63429.1,63536.9,63356,63399.8,560.7957,35573889.40164
1781268300000,2026-06-12T12:45:00.000Z,63399.8,63513.9,63334.6,63431.5,292.9642,18584658.09316
1781269200000,2026-06-12T13:00:00.000Z,63431.5,63479,63317.8,63456,301.7632,19129408.66459
1781270100000,2026-06-12T13:15:00.000Z,63456,63508,63333,63382.6,194.8215,12354659.61267
1781271000000,2026-06-12T13:30:00.000Z,63382.6,63435,63011.2,63105.6,1704.3747,107752988.81738
1781271900000,2026-06-12T13:45:00.000Z,63105.6,63247.7,63070.3,63203.8,639.7305,40397722.70303
1781272800000,2026-06-12T14:00:00.000Z,63203.8,63532,63162,63420,854.0002,54111894.99648
1781273700000,2026-06-12T14:15:00.000Z,63420,63639.2,63290,63601,589.7323,37438982.24169
1781274600000,2026-06-12T14:30:00.000Z,63601,63760.3,63446.6,63480.1,899.8825,57259077.40927
1781275500000,2026-06-12T14:45:00.000Z,63480.1,63980,63431,63967.3,1706.1103,108918882.41744
1781276400000,2026-06-12T15:00:00.000Z,63967.3,64353.4,63851.6,64341.9,2381.671,152703599.80901
1781277300000,2026-06-12T15:15:00.000Z,64341.9,64370,64088.1,64097.3,1056.2264,67846323.48028
1781278200000,2026-06-12T15:30:00.000Z,64097.3,64100,63777.3,63873.7,1389.1786,88823536.69713
1781279100000,2026-06-12T15:45:00.000Z,63873.7,63909,63516.7,63561.8,1232.249,78507342.22103
1781280000000,2026-06-12T16:00:00.000Z,63561.8,63948.9,63480.1,63823.2,1124.4436,71614485.64134
1781280900000,2026-06-12T16:15:00.000Z,63823.2,63965,63726.8,63873.7,601.9265,38441328.81401
1781281800000,2026-06-12T16:30:00.000Z,63873.7,63966,63735,63812.2,628.1334,40123970.54298
1781282700000,2026-06-12T16:45:00.000Z,63812.2,63955.6,63795.8,63945.5,224.173,14322912.05337
1781283600000,2026-06-12T17:00:00.000Z,63945.5,64080.9,63837.2,63876.2,437.8729,28011848.48328
1781284500000,2026-06-12T17:15:00.000Z,63876.2,63888.6,63696.9,63785.2,286.809,18289547.22208
1781285400000,2026-06-12T17:30:00.000Z,63785.2,63888.9,63720.4,63788.9,226.2692,14437876.31858
1781286300000,2026-06-12T17:45:00.000Z,63788.9,63847.8,63763.5,63829.8,92.4809,5901315.12965
1781287200000,2026-06-12T18:00:00.000Z,63829.8,63903.6,63676.5,63778.9,391.8525,24993474.97829
1781288100000,2026-06-12T18:15:00.000Z,63778.9,63805.7,63646.4,63749.7,352.5243,22452400.48319
1781289000000,2026-06-12T18:30:00.000Z,63749.7,63889.8,63692.4,63836.8,182.8803,11672369.69859
1781289900000,2026-06-12T18:45:00.000Z,63836.8,63876.5,63653.5,63662.5,145.8528,9295826.71992
1781290800000,2026-06-12T19:00:00.000Z,63662.5,63759.7,63638.9,63674.9,166.1015,10577750.02154
1781291700000,2026-06-12T19:15:00.000Z,63674.9,63757.6,63615.7,63697,114.8152,7310435.38928
1781292600000,2026-06-12T19:30:00.000Z,63697,63794.3,63601.1,63615.5,296.1143,18860456.34618
1781293500000,2026-06-12T19:45:00.000Z,63615.5,63645.8,63550.5,63554.1,201.8282,12834696.89603
1781294400000,2026-06-12T20:00:00.000Z,63554.1,63669.7,63535,63599,303.5837,19304438.52875
1781295300000,2026-06-12T20:15:00.000Z,63599,63615.3,63480.1,63495.1,247.0487,15689685.6685
1781296200000,2026-06-12T20:30:00.000Z,63495.1,63542.6,63480,63493.9,156.7342,9954703.2363
1781297100000,2026-06-12T20:45:00.000Z,63493.9,63510,63365.7,63420,456.8913,28971733.57827
1781298000000,2026-06-12T21:00:00.000Z,63420,63604.1,63408.7,63571.9,175.3576,11138469.73846
1781298900000,2026-06-12T21:15:00.000Z,63571.9,63604.3,63473.3,63486.2,155.861,9906177.14331
1781299800000,2026-06-12T21:30:00.000Z,63486.2,63552.6,63476,63517.6,77.2744,4907946.14106
1781300700000,2026-06-12T21:45:00.000Z,63517.6,63526.9,63420.9,63447.4,193.2834,12266039.85085
1781301600000,2026-06-12T22:00:00.000Z,63447.4,63540,63447.4,63490,217.8537,13833489.11876
1781302500000,2026-06-12T22:15:00.000Z,63490,63641.7,63467.4,63577.4,185.4844,11790921.05329
1781303400000,2026-06-12T22:30:00.000Z,63577.4,63594.3,63440.8,63487,181.7654,11540146.89796
1781304300000,2026-06-12T22:45:00.000Z,63487,63513.6,63463.2,63478.5,109.9694,6981351.52124
1781305200000,2026-06-12T23:00:00.000Z,63478.5,63487.6,63416.2,63438.4,179.9,11412651.73153
1781306100000,2026-06-12T23:15:00.000Z,63438.4,63477.4,63400,63428.2,108.0537,6854169.43256
1781307000000,2026-06-12T23:30:00.000Z,63428.2,63547.1,63410,63475.3,129.174,8199216.19092
1781307900000,2026-06-12T23:45:00.000Z,63475.3,63554.6,63475.3,63552.6,74.6091,4739763.96864
1781308800000,2026-06-13T00:00:00.000Z,63552.6,63580.9,63509.1,63564.5,262.829,16702775.67329
1781309700000,2026-06-13T00:15:00.000Z,63564.5,63570,63500,63500.1,66.5134,4225554.2207
1781310600000,2026-06-13T00:30:00.000Z,63500.1,63600,63480,63558.3,84.1666,5349286.06561
1781311500000,2026-06-13T00:45:00.000Z,63558.3,63628.4,63530,63578.9,111.6874,7102210.46317
1781312400000,2026-06-13T01:00:00.000Z,63578.9,63675.6,63578.9,63626.7,407.7615,25938908.70121
1781313300000,2026-06-13T01:15:00.000Z,63626.7,63656,63586.7,63631.8,119.2174,7584017.37541
1781314200000,2026-06-13T01:30:00.000Z,63631.8,63822.8,63611.4,63729.3,305.1887,19442501.51678
1781315100000,2026-06-13T01:45:00.000Z,63729.3,63819.6,63725.9,63800,164.3386,10480945.45961
1781316000000,2026-06-13T02:00:00.000Z,63800,63806.8,63740,63761.3,79.4439,5066289.72225
1781316900000,2026-06-13T02:15:00.000Z,63761.3,63773.5,63652,63686.3,159.9549,10189586.7311
1781317800000,2026-06-13T02:30:00.000Z,63686.3,63697.7,63592,63596.3,192.7737,12267328.97901
1781318700000,2026-06-13T02:45:00.000Z,63596.3,63633.9,63522.7,63615,324.7185,20642385.60763
1781319600000,2026-06-13T03:00:00.000Z,63615,63701.9,63614.9,63629.9,110.1122,7010211.36396
1781320500000,2026-06-13T03:15:00.000Z,63629.9,63653.4,63389,63485.1,408.6535,25946981.64364
1781321400000,2026-06-13T03:30:00.000Z,63485.1,63498,63456,63478.9,140.745,8933266.45899
1781322300000,2026-06-13T03:45:00.000Z,63478.9,63536.1,63467,63501,88.9515,5648947.69467
1781323200000,2026-06-13T04:00:00.000Z,63501,63540,63455.1,63482.1,119.5293,7589526.77508
1781324100000,2026-06-13T04:15:00.000Z,63482.1,63560.3,63463,63512.8,74.4502,4728837.65365
1781325000000,2026-06-13T04:30:00.000Z,63512.8,63600,63506.1,63588.1,63.7544,4052925.00975
1781325900000,2026-06-13T04:45:00.000Z,63588.1,63622.8,63477.5,63477.6,121.6598,7732372.1059
1781326800000,2026-06-13T05:00:00.000Z,63477.6,63555.8,63464,63533.6,65.5411,4163236.35446
1781327700000,2026-06-13T05:15:00.000Z,63533.6,63572.5,63515.1,63543.2,121.3534,7710783.96164
1781328600000,2026-06-13T05:30:00.000Z,63543.2,63563.1,63502.4,63546.8,85.9632,5461607.01616
1781329500000,2026-06-13T05:45:00.000Z,63546.8,63560,63470,63560,103.9302,6600316.1796
1781330400000,2026-06-13T06:00:00.000Z,63560,63583.9,63523.5,63552.6,76.8799,4885780.94342
1781331300000,2026-06-13T06:15:00.000Z,63552.6,63648,63523.5,63648,159.1146,10116783.35784
1781332200000,2026-06-13T06:30:00.000Z,63648,63669.5,63622.5,63646.8,139.4976,8879297.14958
1781333100000,2026-06-13T06:45:00.000Z,63646.8,63712.4,63646.7,63707.9,182.4636,11620240.68364
1781334000000,2026-06-13T07:00:00.000Z,63707.9,63720.4,63640,63692.4,151.1077,9622471.65192
1781334900000,2026-06-13T07:15:00.000Z,63692.4,63777,63646.3,63747.4,271.4837,17300170.23303
1781335800000,2026-06-13T07:30:00.000Z,63747.4,63806.6,63714.3,63792.7,235.8285,15038644.43091
1781336700000,2026-06-13T07:45:00.000Z,63792.7,63863.6,63761.6,63816.6,434.1694,27704264.46949
1781337600000,2026-06-13T08:00:00.000Z,63816.6,63856.4,63734.7,63760.9,239.9353,15304902.93003
1781338500000,2026-06-13T08:15:00.000Z,63760.9,63800,63723.3,63769.7,93.9523,5990498.68406
1781339400000,2026-06-13T08:30:00.000Z,63769.7,63882,63763.1,63844.9,182.8426,11672389.20341
1781340300000,2026-06-13T08:45:00.000Z,63844.9,63845,63763.9,63764.4,76.9884,4911903.87444
1781341200000,2026-06-13T09:00:00.000Z,63764.4,63810,63750,63779.4,77.2717,4928184.0939
1781342100000,2026-06-13T09:15:00.000Z,63779.4,63830.9,63766.7,63782.2,63.5306,4052706.86232
1781343000000,2026-06-13T09:30:00.000Z,63782.2,63799.6,63751.7,63779.2,50.158,3198873.29077
1781343900000,2026-06-13T09:45:00.000Z,63779.2,63780,63702,63703.9,129.7129,8266407.11893
1781344800000,2026-06-13T10:00:00.000Z,63703.9,63746.8,63684.4,63746.6,132.734,8457483.06486
1781345700000,2026-06-13T10:15:00.000Z,63746.6,63757.9,63713.9,63744.7,69.0012,4397978.83028
1781346600000,2026-06-13T10:30:00.000Z,63744.7,63851.5,63744.7,63827.7,227.2333,14499870.92895
1781347500000,2026-06-13T10:45:00.000Z,63827.7,63889,63760.1,63806.7,273.5093,17462968.30539
1781348400000,2026-06-13T11:00:00.000Z,63806.7,63912,63805.3,63890.6,280.6271,17926754.41113
1781349300000,2026-06-13T11:15:00.000Z,63890.6,63939.1,63886.4,63918.2,223.1759,14264782.81167
1781350200000,2026-06-13T11:30:00.000Z,63918.2,63918.2,63855.6,63877.6,107.1881,6848174.88084
1781351100000,2026-06-13T11:45:00.000Z,63877.6,63933,63863.5,63932.2,81.0193,5177123.20489
1781352000000,2026-06-13T12:00:00.000Z,63932.2,63933,63881.9,63900.2,85.0812,5437432.804
1781352900000,2026-06-13T12:15:00.000Z,63900.2,63950,63889.4,63917,205.5994,13142393.38258
1781353800000,2026-06-13T12:30:00.000Z,63917,63984.8,63916.9,63960.9,187.4867,11992734.78213
1781354700000,2026-06-13T12:45:00.000Z,63960.9,64185,63960.8,64097,783.0077,50165861.37192
1781355600000,2026-06-13T13:00:00.000Z,64097,64135.8,64030.9,64134.2,194.4779,12464421.19389
1781356500000,2026-06-13T13:15:00.000Z,64134.2,64196.2,64071.5,64189.9,229.838,14744008.99416
1781357400000,2026-06-13T13:30:00.000Z,64189.9,64210.6,64122.3,64122.3,287.7588,18466401.66929
1781358300000,2026-06-13T13:45:00.000Z,64122.3,64158.8,64021,64064.4,462.3021,29625636.22921
1781359200000,2026-06-13T14:00:00.000Z,64064.4,64150,64050.2,64113.2,102.8164,6590642.49423
1781360100000,2026-06-13T14:15:00.000Z,64113.2,64152.5,64064,64092.3,148.3572,9512427.57338
1781361000000,2026-06-13T14:30:00.000Z,64092.3,64178.8,64092.3,64140.1,89.2871,5727382.51832
1781361900000,2026-06-13T14:45:00.000Z,64140.1,64200,64140,64184,118.2799,7590890.04697
1781362800000,2026-06-13T15:00:00.000Z,64184,64265,64148.7,64246.5,457.3045,29370429.43299
1781363700000,2026-06-13T15:15:00.000Z,64246.5,64294.6,64188.7,64248.6,269.2601,17300842.49181
1781364600000,2026-06-13T15:30:00.000Z,64248.6,64314.2,64192.5,64196.4,385.9614,24799336.12208
1781365500000,2026-06-13T15:45:00.000Z,64196.4,64292.7,64146.7,64258.3,257.6725,16545463.10569
1781366400000,2026-06-13T16:00:00.000Z,64258.3,64270,63961,64045.4,963.2641,61694440.29671
1781367300000,2026-06-13T16:15:00.000Z,64045.4,64051.3,63931,63945.6,623.9855,39929312.76002
1781368200000,2026-06-13T16:30:00.000Z,63945.6,64040,63935.5,64013.1,183.1306,11718354.4844
1781369100000,2026-06-13T16:45:00.000Z,64013.1,64127.9,63880,63990.4,806.1819,51568670.9634
1781370000000,2026-06-13T17:00:00.000Z,63990.4,64020,63902.8,63925,129.9917,8313259.45954
1781370900000,2026-06-13T17:15:00.000Z,63925,64061.2,63901.7,64061.2,197.5485,12639441.8156
1781371800000,2026-06-13T17:30:00.000Z,64061.2,64095.8,64032.2,64068.1,102.945,6595854.26202
1781372700000,2026-06-13T17:45:00.000Z,64068.1,64084.1,63907.1,63943.9,184.5851,11806971.48387
1781373600000,2026-06-13T18:00:00.000Z,63943.9,64041,63940,64030.4,70.3384,4502221.78766
1781374500000,2026-06-13T18:15:00.000Z,64030.4,64173.5,63999.9,64159.3,170.7693,10942136.77532
1781375400000,2026-06-13T18:30:00.000Z,64159.3,64250,64135.5,64231.7,179.9162,11549734.01426
1781376300000,2026-06-13T18:45:00.000Z,64231.7,64238.4,64015,64124.9,268.9895,17242867.43846
1781377200000,2026-06-13T19:00:00.000Z,64124.9,64171.1,64108.3,64162.9,63.9863,4103616.69473
1781378100000,2026-06-13T19:15:00.000Z,64162.9,64168.5,64108.8,64155.3,53.0562,3402862.94419
1781379000000,2026-06-13T19:30:00.000Z,64155.3,64280,64112,64253.2,217.7009,13976896.09756
1781379900000,2026-06-13T19:45:00.000Z,64253.2,64300,64245.5,64259.9,152.6684,9813026.02967
1781380800000,2026-06-13T20:00:00.000Z,64259.9,64263.8,64192.8,64237.4,114.2623,7339173.77043
1781381700000,2026-06-13T20:15:00.000Z,64237.4,64259.7,64202.5,64209.7,80.5348,5172144.64774
1781382600000,2026-06-13T20:30:00.000Z,64209.7,64230.9,64195.5,64209.9,58.6455,3765533.67436
1781383500000,2026-06-13T20:45:00.000Z,64209.9,64250,64205,64246.2,65.9041,4233151.09773
1781384400000,2026-06-13T21:00:00.000Z,64246.2,64280,64182.3,64204.5,117.5488,7551774.98496
1781385300000,2026-06-13T21:15:00.000Z,64204.5,64237.3,64186.3,64210.3,51.9907,3338279.2682
1781386200000,2026-06-13T21:30:00.000Z,64210.3,64736.3,64210.3,64539.4,1407.9625,90833437.50811
1781387100000,2026-06-13T21:45:00.000Z,64539.4,64549.3,64404.4,64435.2,427.0881,27533998.43978
1781388000000,2026-06-13T22:00:00.000Z,64435.2,64437.1,64350,64387.7,225.2768,14505690.48586
1781388900000,2026-06-13T22:15:00.000Z,64387.7,64511.4,64349,64483.2,182.3057,11746615.44675
1781389800000,2026-06-13T22:30:00.000Z,64483.2,64531.2,64455.4,64480,141.0345,9094959.50087
1781390700000,2026-06-13T22:45:00.000Z,64480,64495.1,64417.4,64417.4,93.7521,6042201.28894
1781391600000,2026-06-13T23:00:00.000Z,64417.4,64440,64402.4,64415.2,85.3628,5499189.33094
1781392500000,2026-06-13T23:15:00.000Z,64415.2,64565,64409,64426.8,235.5463,15193098.39932
1781393400000,2026-06-13T23:30:00.000Z,64426.8,64460.9,64403.8,64422,84.9937,5476217.94854
1781394300000,2026-06-13T23:45:00.000Z,64422,64422.1,64350.3,64415.4,136.2066,8769127.89655
1781395200000,2026-06-14T00:00:00.000Z,64415.4,64449.6,64335.5,64395.3,170.2895,10966086.74534
1781396100000,2026-06-14T00:15:00.000Z,64395.3,64500,64354.8,64425.4,154.4413,9950832.45187
1781397000000,2026-06-14T00:30:00.000Z,64425.4,64530,64425.3,64525,130.3944,8410412.59089
1781397900000,2026-06-14T00:45:00.000Z,64525,64546.9,64476.2,64521,105.7564,6822860.91014
1781398800000,2026-06-14T01:00:00.000Z,64521,64660,64466.3,64600.1,296.9091,19176780.14996
1781399700000,2026-06-14T01:15:00.000Z,64600.1,64676.4,64585.4,64617.6,176.8709,11430835.49426
1781400600000,2026-06-14T01:30:00.000Z,64617.6,64617.7,64521.1,64531.6,174.9937,11296215.15307
1781401500000,2026-06-14T01:45:00.000Z,64531.6,64600,64526.1,64539,96.927,6257617.90467
1781402400000,2026-06-14T02:00:00.000Z,64539,64600,64526.3,64583.5,88.894,5739168.42338
1781403300000,2026-06-14T02:15:00.000Z,64583.5,64600,64473.9,64502.4,143.226,9240805.18618
1781404200000,2026-06-14T02:30:00.000Z,64502.4,64533.4,64465.6,64472.8,179.7707,11595843.10135
1781405100000,2026-06-14T02:45:00.000Z,64472.8,64475.3,64435.1,64452.9,80.643,5197930.24015
1781406000000,2026-06-14T03:00:00.000Z,64452.9,64492.1,64431.8,64457.3,88.3352,5694788.94809
1781406900000,2026-06-14T03:15:00.000Z,64457.3,64504.3,64452.5,64494.1,41.6144,2683637.38505
1781407800000,2026-06-14T03:30:00.000Z,64494.1,64505.1,64425,64451.1,122.8011,7915261.61297
1781408700000,2026-06-14T03:45:00.000Z,64451.1,64510.3,64423.5,64510.2,127.8786,8244618.19154
1781409600000,2026-06-14T04:00:00.000Z,64510.2,64525,64454.5,64462.6,54.962,3544221.55138
1781410500000,2026-06-14T04:15:00.000Z,64462.6,64488.2,64431.4,64435,72.2233,4655221.88698
1781411400000,2026-06-14T04:30:00.000Z,64435,64435.5,64351,64356.5,181.9757,11717684.31256
1781412300000,2026-06-14T04:45:00.000Z,64356.5,64356.9,64275,64304.2,360.759,23205562.49774
1781413200000,2026-06-14T05:00:00.000Z,64304.2,64356.8,64296.1,64338.8,147.1404,9466064.93761
1781414100000,2026-06-14T05:15:00.000Z,64338.8,64338.8,64258.5,64276.6,243.0436,15628059.00457
1781415000000,2026-06-14T05:30:00.000Z,64276.6,64385.3,64262.1,64339.1,128.0047,8232747.24428
1781415900000,2026-06-14T05:45:00.000Z,64339.1,64360,64302.8,64320.5,95.9055,6169133.74083
1781416800000,2026-06-14T06:00:00.000Z,64320.5,64474.8,64320.5,64444.2,438.278,28237562.41669
1781417700000,2026-06-14T06:15:00.000Z,64444.2,64444.2,64301,64362.3,162.9428,10486625.64747
1781418600000,2026-06-14T06:30:00.000Z,64362.3,64362.3,64203.5,64220.1,332.4844,21360888.30133
1781419500000,2026-06-14T06:45:00.000Z,64220.1,64268.8,64220,64256.9,112.8931,7252991.34711
1781420400000,2026-06-14T07:00:00.000Z,64256.9,64263.5,64192.7,64196.2,176.1771,11313358.93831
1781421300000,2026-06-14T07:15:00.000Z,64196.2,64342.3,64196.2,64325.2,178.9684,11508926.90106
1781422200000,2026-06-14T07:30:00.000Z,64325.2,64325.3,64262.4,64275.7,131.1062,8429945.66398
1781423100000,2026-06-14T07:45:00.000Z,64275.7,64417.4,64275.7,64399.4,322.981,20794087.89581
1781424000000,2026-06-14T08:00:00.000Z,64399.4,64434.4,64357.1,64413.1,159.3673,10262888.68418
1781424900000,2026-06-14T08:15:00.000Z,64413.1,64490,64413.1,64455,198.0115,12764709.40665
1781425800000,2026-06-14T08:30:00.000Z,64455,64480,64413.7,64434.7,85.2167,5491785.33697
1781426700000,2026-06-14T08:45:00.000Z,64434.7,64453.6,64411.9,64422.3,88.3027,5689796.84823
1781427600000,2026-06-14T09:00:00.000Z,64422.3,64438.6,64381.3,64390.5,84.3771,5434391.27234
1781428500000,2026-06-14T09:15:00.000Z,64390.5,64400,64286.7,64326.5,188.8934,12151290.73379
1781429400000,2026-06-14T09:30:00.000Z,64326.5,64560,64312.2,64520.5,527.7694,34016529.35534
1781430300000,2026-06-14T09:45:00.000Z,64520.5,64586.4,64512.2,64583.9,315.9985,20400580.21354
1781431200000,2026-06-14T10:00:00.000Z,64583.9,64583.9,64466.3,64496.8,239.8256,15474504.82631
1781432100000,2026-06-14T10:15:00.000Z,64496.8,64621.6,64482.6,64565.9,192.9051,12457179.74983
1781433000000,2026-06-14T10:30:00.000Z,64565.9,64634,64555.3,64572.8,109.8689,7097301.46939
1781433900000,2026-06-14T10:45:00.000Z,64572.8,64580,64478.2,64492,120.1327,7750615.9386
1781434800000,2026-06-14T11:00:00.000Z,64492,64550.3,64427.3,64534,539.3846,34778328.83169
1781435700000,2026-06-14T11:15:00.000Z,64534,64569.9,64475.9,64550,89.6528,5784181.37401
1781436600000,2026-06-14T11:30:00.000Z,64550,64610.5,64545.6,64581.6,79.8723,5158644.85506
1781437500000,2026-06-14T11:45:00.000Z,64581.6,64606.6,64504,64512.7,196.3268,12673924.42685
1781438400000,2026-06-14T12:00:00.000Z,64512.7,64529.2,64432.2,64447,173.4057,11180103.72698
1781439300000,2026-06-14T12:15:00.000Z,64447,64478.3,64433.1,64433.6,69.7747,4497400.12039
1781440200000,2026-06-14T12:30:00.000Z,64433.6,64445.9,64287.8,64330.2,522.7281,33636165.54578
1781441100000,2026-06-14T12:45:00.000Z,64330.2,64348.9,64262,64302,298.7914,19211476.83693
1781442000000,2026-06-14T13:00:00.000Z,64302,64361.7,64280.9,64336.5,183.2108,11785443.58483
1781442900000,2026-06-14T13:15:00.000Z,64336.5,64376.7,64228.6,64252.8,252.4466,16229912.92369
1781443800000,2026-06-14T13:30:00.000Z,64252.8,64358,64215.3,64334.9,269.8434,17343315.24281
1781444700000,2026-06-14T13:45:00.000Z,64334.9,64359.9,64245.7,64290.8,242.1981,15570868.65583
1781445600000,2026-06-14T14:00:00.000Z,64290.8,64319.9,64233,64277.2,105.9999,6813285.69276
1781446500000,2026-06-14T14:15:00.000Z,64277.2,64298.9,64108.6,64120.1,740.6897,47558993.53303
1781447400000,2026-06-14T14:30:00.000Z,64120.1,64142.1,63846.7,63914.6,1687.6171,107936976.42789
1781448300000,2026-06-14T14:45:00.000Z,63914.6,63960,63836.7,63957.2,540.4799,34536856.68744
1781449200000,2026-06-14T15:00:00.000Z,63957.2,64120,63940.2,64076.7,706.5488,45268937.09633
1781450100000,2026-06-14T15:15:00.000Z,64076.7,64096.1,63964.1,64032.4,293.9742,18818346.95433
1781451000000,2026-06-14T15:30:00.000Z,64032.4,64092,63964.9,64000.1,254.805,16309827.76723
1781451900000,2026-06-14T15:45:00.000Z,64000.1,64056,63965.2,63991.4,201.6202,12905262.0247
1781452800000,2026-06-14T16:00:00.000Z,63991.4,64109.1,63971.9,64075.9,231.191,14807353.14464
1781453700000,2026-06-14T16:15:00.000Z,64075.9,64189.9,64060,64108.3,251.4411,16125136.0917
1781454600000,2026-06-14T16:30:00.000Z,64108.3,64166,64102.9,64124.9,102.5642,6577605.47045
1781455500000,2026-06-14T16:45:00.000Z,64124.9,64140,63892.7,63910.6,402.1067,25718310.78046
1781456400000,2026-06-14T17:00:00.000Z,63910.6,63994.2,63888,63931.7,321.0546,20523313.02525
1781457300000,2026-06-14T17:15:00.000Z,63931.7,63971.6,63871.8,63877.2,192.8756,12327083.91996
1781458200000,2026-06-14T17:30:00.000Z,63877.2,63941.6,63722.6,63814.5,712.6006,45468317.0969
1781459100000,2026-06-14T17:45:00.000Z,63814.5,63856.7,63660,63704.8,718.5323,45809531.4595
1781460000000,2026-06-14T18:00:00.000Z,63704.8,63771.6,63667.8,63709.5,178.1752,11352280.53816
1781460900000,2026-06-14T18:15:00.000Z,63709.5,63760,63651.7,63699,272.5351,17359821.83309
1781461800000,2026-06-14T18:30:00.000Z,63699,63770.8,63698.1,63750.1,210.9586,13445818.17421
1781462700000,2026-06-14T18:45:00.000Z,63750.1,63794.4,63738,63787.6,84.1049,5363640.7778
1781463600000,2026-06-14T19:00:00.000Z,63787.6,63815.3,63698.9,63762.2,165.6423,10560080.5684
1781464500000,2026-06-14T19:15:00.000Z,63762.2,63834.4,63761.5,63768.9,89.0126,5679562.07957
1781465400000,2026-06-14T19:30:00.000Z,63768.9,63810,63721.4,63733.4,88.9732,5671894.46323
1781466300000,2026-06-14T19:45:00.000Z,63733.4,63784.4,63720.1,63784.4,65.0622,4147363.27536
1781467200000,2026-06-14T20:00:00.000Z,63784.4,63850,63766,63792.4,123.7274,7894996.11743
1781468100000,2026-06-14T20:15:00.000Z,63792.4,63939,63792.3,63899.6,214.3102,13689521.25288
1781469000000,2026-06-14T20:30:00.000Z,63899.6,64056,63891.8,64017.9,454.4193,29085860.1495
1781469900000,2026-06-14T20:45:00.000Z,64017.9,64052.1,63971.3,63980.5,165.3503,10585280.48794
1781470800000,2026-06-14T21:00:00.000Z,63980.5,64077.8,63974.4,64074.1,253.433,16229308.69662
1781471700000,2026-06-14T21:15:00.000Z,64074.1,64968,64074.1,64754.2,2791.7881,180473442.78888
1781472600000,2026-06-14T21:30:00.000Z,64754.2,65430,64650,65235.7,1943.5585,126532227.67426
1781473500000,2026-06-14T21:45:00.000Z,65235.7,65650,65224,65282.3,1419.7502,92876762.80805
1781474400000,2026-06-14T22:00:00.000Z,65282.3,65511.9,64900,65088.4,1956.3998,127435869.34445
1781475300000,2026-06-14T22:15:00.000Z,65088.4,65221.9,64963.1,65180.1,603.3027,39280396.40396
1781476200000,2026-06-14T22:30:00.000Z,65180.1,65555.9,65140,65434.9,920.5594,60162992.88652
1781477100000,2026-06-14T22:45:00.000Z,65434.9,65466.5,65296.4,65385.3,498.7181,32609472.11539
1781478000000,2026-06-14T23:00:00.000Z,65385.3,65627.3,65220,65529.2,877.1812,57431577.72878
1781478900000,2026-06-14T23:15:00.000Z,65529.2,65719.7,65463.3,65650,735.853,48273806.03224
1781479800000,2026-06-14T23:30:00.000Z,65650,65708.1,65490,65527.2,531.1678,34836816.13542
1781480700000,2026-06-14T23:45:00.000Z,65527.2,65765.6,65513.9,65702.3,530.3711,34832467.42523
1781481600000,2026-06-15T00:00:00.000Z,65702.3,65888,65587,65845.4,736.1298,48396384.69753
1781482500000,2026-06-15T00:15:00.000Z,65845.4,65845.4,65625.2,65717.8,515.8081,33897263.35242
1781483400000,2026-06-15T00:30:00.000Z,65717.8,65732,65445.1,65511.3,1045.862,68556191.95795
1781484300000,2026-06-15T00:45:00.000Z,65511.3,65610.8,65460.7,65591.7,346.1386,22684850.86476
1781485200000,2026-06-15T01:00:00.000Z,65591.7,65596,65317.4,65474.9,580.6041,38005750.81212
1781486100000,2026-06-15T01:15:00.000Z,65474.9,65495.3,65321.9,65363.2,192.5649,12596298.99502
1781487000000,2026-06-15T01:30:00.000Z,65363.2,65708.2,65350,65675,372.3985,24417275.21178
1781487900000,2026-06-15T01:45:00.000Z,65675,65675,65439.1,65480,401.9781,26347346.22095
1781488800000,2026-06-15T02:00:00.000Z,65480,65630,65408,65623.4,226.0162,14811931.92893
1781489700000,2026-06-15T02:15:00.000Z,65623.4,65743,65590.7,65605.2,316.8006,20803988.94508
1781490600000,2026-06-15T02:30:00.000Z,65605.2,65634.8,65524.8,65528.1,200.7009,13164340.5043
1781491500000,2026-06-15T02:45:00.000Z,65528.1,65538.2,65378.4,65432.9,299.0406,19572891.11143
1781492400000,2026-06-15T03:00:00.000Z,65432.9,65689.9,65394.4,65689.5,370.8097,24316528.23836
1781493300000,2026-06-15T03:15:00.000Z,65689.5,65700,65636.7,65689.8,221.6105,14553303.64587
1781494200000,2026-06-15T03:30:00.000Z,65689.8,65882.4,65650,65868.4,428.3037,28163294.13123
1781495100000,2026-06-15T03:45:00.000Z,65868.4,66000,65793.7,65885,1240.9884,81773078.57187
1781496000000,2026-06-15T04:00:00.000Z,65885,65885.1,65671.5,65681.5,473.6098,31155373.986
1781496900000,2026-06-15T04:15:00.000Z,65681.5,65739.1,65659.2,65676.9,190.0043,12483410.40367
1781497800000,2026-06-15T04:30:00.000Z,65676.9,65700,65611,65644,149.7798,9832519.98525
1781498700000,2026-06-15T04:45:00.000Z,65644,65669.9,65589,65602.4,212.5714,13951560.45543
1781499600000,2026-06-15T05:00:00.000Z,65602.4,65656.9,65576.9,65654.3,293.1161,19233543.78477
1781500500000,2026-06-15T05:15:00.000Z,65654.3,65847.4,65647.9,65794.1,388.1551,25525725.39278
1781501400000,2026-06-15T05:30:00.000Z,65794.1,65800,65665.3,65691,168.8533,11097407.19799
1781502300000,2026-06-15T05:45:00.000Z,65691,65830.1,65670.6,65825.1,193.9896,12759048.36269
1781503200000,2026-06-15T06:00:00.000Z,65825.1,65888.8,65786.1,65853.6,301.603,19858057.15778
1781504100000,2026-06-15T06:15:00.000Z,65853.6,65927,65820,65903.5,280.7309,18494392.24574
1781505000000,2026-06-15T06:30:00.000Z,65903.5,65914,65727.7,65775.1,246.3287,16209090.12314
1781505900000,2026-06-15T06:45:00.000Z,65775.1,65853.3,65763.8,65772.6,204.987,13489946.62409
1781506800000,2026-06-15T07:00:00.000Z,65772.6,65836.7,65655,65781.5,321.0055,21100936.63893
1781507700000,2026-06-15T07:15:00.000Z,65781.5,65983.6,65781.4,65923.7,402.2877,26520279.60651
1781508600000,2026-06-15T07:30:00.000Z,65923.7,65923.8,65700,65713.1,418.4269,27514074.75856
1781509500000,2026-06-15T07:45:00.000Z,65713.1,65753.9,65591,65643.8,518.4666,34046684.67224
1781510400000,2026-06-15T08:00:00.000Z,65643.8,65728.8,65597.2,65698.3,260.0112,17076056.75005
1781511300000,2026-06-15T08:15:00.000Z,65698.3,65720,65584.3,65642.1,206.9118,13580869.47443
1781512200000,2026-06-15T08:30:00.000Z,65642.1,65759.5,65627.6,65732,148.0826,9730326.98524
1781513100000,2026-06-15T08:45:00.000Z,65732,65773.5,65601,65627.4,369.9542,24305138.0955
1781514000000,2026-06-15T09:00:00.000Z,65627.4,65682.5,65627.4,65647.3,78.4392,5149561.30038
1781514900000,2026-06-15T09:15:00.000Z,65647.3,65750,65612.3,65615.9,516.8619,33940346.86637
1781515800000,2026-06-15T09:30:00.000Z,65615.9,65622.9,65469.8,65539,438.6233,28746559.14699
1781516700000,2026-06-15T09:45:00.000Z,65539,65591,65484.6,65558.5,156.5401,10259313.68096
1781517600000,2026-06-15T10:00:00.000Z,65558.5,65727.7,65542.2,65703.8,343.4018,22545449.90544
1781518500000,2026-06-15T10:15:00.000Z,65703.8,65720,65661.4,65683.2,181.3548,11911988.95177
1781519400000,2026-06-15T10:30:00.000Z,65683.2,65725,65669.5,65725,96.6546,6350310.94081
1781520300000,2026-06-15T10:45:00.000Z,65725,65936.8,65691.4,65884.4,1298.7648,85508340.17556
1781521200000,2026-06-15T11:00:00.000Z,65884.4,65970,65805.8,65902.1,607.5578,40039918.57624
1781522100000,2026-06-15T11:15:00.000Z,65902.1,66350,65888.3,66223.7,2655.9529,175757249.04724
1781523000000,2026-06-15T11:30:00.000Z,66223.7,66265.8,66084,66108.4,537.7101,35573740.46188
1781523900000,2026-06-15T11:45:00.000Z,66108.4,66227.7,66081.8,66197,303.7849,20099259.27865
1781524800000,2026-06-15T12:00:00.000Z,66197,66281,66057.1,66241.1,686.4467,45452418.7131
1781525700000,2026-06-15T12:15:00.000Z,66241.1,66300,66147.7,66241.1,466.4389,30886806.03438
1781526600000,2026-06-15T12:30:00.000Z,66241.1,66439.4,66151,66439.4,920.1539,61031224.89933
1781527500000,2026-06-15T12:45:00.000Z,66439.4,66568.4,66376,66527.2,1248.2777,83002075.35629
1781528400000,2026-06-15T13:00:00.000Z,66527.2,66665.1,66435.6,66574,1275.8748,84929953.62449
1781529300000,2026-06-15T13:15:00.000Z,66574,66916.7,66550.6,66797.5,1606.2764,107264195.29857
1781530200000,2026-06-15T13:30:00.000Z,66797.5,66845.9,66424,66535,1596.3729,106299048.97733
1781531100000,2026-06-15T13:45:00.000Z,66535,66616.6,66341.6,66398.8,846.4762,56253501.98923
1781532000000,2026-06-15T14:00:00.000Z,66398.8,66421.6,66253.8,66408.4,915.8883,60751532.60116
1781532900000,2026-06-15T14:15:00.000Z,66408.4,66516.3,66363.8,66516.3,466.7791,31026590.27842
1781533800000,2026-06-15T14:30:00.000Z,66516.3,66516.3,66374.7,66494.8,311.3281,20695159.71378
1781534700000,2026-06-15T14:45:00.000Z,66494.8,66635,66494.8,66547.3,426.5291,28402668.31078
1781535600000,2026-06-15T15:00:00.000Z,66547.3,66656,66530.1,66584.6,252.7169,16829379.97616
1781536500000,2026-06-15T15:15:00.000Z,66584.6,66679.9,66547.6,66610.4,260.0321,17326219.20135
1781537400000,2026-06-15T15:30:00.000Z,66610.4,66880,66560,66867.8,979.4051,65373925.92023
1781538300000,2026-06-15T15:45:00.000Z,66867.8,67268.7,66867.8,67245.5,2313.393,155241750.77406
1781539200000,2026-06-15T16:00:00.000Z,67245.5,67249.7,67047.6,67209.6,872.7236,58609783.1353
1781540100000,2026-06-15T16:15:00.000Z,67209.6,67228.2,67051.5,67145.3,429.1981,28808154.59068
1781541000000,2026-06-15T16:30:00.000Z,67145.3,67224.3,67105.8,67129.2,296.1207,19888462.10415
1781541900000,2026-06-15T16:45:00.000Z,67129.2,67176.9,67050,67118.2,228.4146,15327591.78075
1781542800000,2026-06-15T17:00:00.000Z,67118.2,67118.2,66711,66860,1435.0327,95958253.07642
1781543700000,2026-06-15T17:15:00.000Z,66860,66940,66731,66776.1,295.2122,19726901.70411
1781544600000,2026-06-15T17:30:00.000Z,66776.1,66893.4,66633.6,66846,462.6266,30875898.36306
1781545500000,2026-06-15T17:45:00.000Z,66846,66914.9,66797,66812.7,210.7408,14089171.36762
1781546400000,2026-06-15T18:00:00.000Z,66812.7,66899.9,66676.1,66771.5,413.944,27648501.91955
1781547300000,2026-06-15T18:15:00.000Z,66771.5,66857.1,66757.5,66788.7,146.6822,9798014.58858
1781548200000,2026-06-15T18:30:00.000Z,66788.7,66840,66706.1,66767.6,148.0759,9888674.09094
1781549100000,2026-06-15T18:45:00.000Z,66767.6,66889,66722.4,66723,95.1159,6354269.99714
1781550000000,2026-06-15T19:00:00.000Z,66723,66858.1,66690,66824.5,96.4049,6439100.15593
1781550900000,2026-06-15T19:15:00.000Z,66824.5,66852.5,66304.7,66491.4,1177.9352,78353992.67441
1781551800000,2026-06-15T19:30:00.000Z,66491.4,66690,66489.9,66687.9,150.9811,10058127.63025
1781552700000,2026-06-15T19:45:00.000Z,66687.9,66708.3,66465,66581.2,579.2477,38551097.09067
1781553600000,2026-06-15T20:00:00.000Z,66581.2,66600,66465,66524.4,331.5207,22058448.44852
1781554500000,2026-06-15T20:15:00.000Z,66524.4,66565.5,66478.9,66542.3,94.7514,6302792.64451
1781555400000,2026-06-15T20:30:00.000Z,66542.3,66651,66542.2,66549.7,262.5069,17486245.14588
1781556300000,2026-06-15T20:45:00.000Z,66549.7,66549.7,66450,66481.8,175.425,11663694.43938
1781557200000,2026-06-15T21:00:00.000Z,66481.8,66499.9,66396.3,66489.6,321.35,21355980.19898
1781558100000,2026-06-15T21:15:00.000Z,66489.6,66537.9,66357.5,66377,281.3553,18704069.68903
1781559000000,2026-06-15T21:30:00.000Z,66377,66443.4,66295.5,66397.6,329.5475,21873555.52826
1781559900000,2026-06-15T21:45:00.000Z,66397.6,66411.9,66330,66334.6,172.5492,11450710.12074
1781560800000,2026-06-15T22:00:00.000Z,66334.6,66439.9,66324,66324.1,295.8882,19649842.19599
1781561700000,2026-06-15T22:15:00.000Z,66324.1,66383,66061,66125.5,950.0864,62885557.95209
1781562600000,2026-06-15T22:30:00.000Z,66125.5,66344.5,66058.6,66260.3,433.95,28727027.10441
1781563500000,2026-06-15T22:45:00.000Z,66260.3,66296.7,66158.1,66165.9,247.5302,16387970.96336
1781564400000,2026-06-15T23:00:00.000Z,66165.9,66250,66143.9,66228.6,265.2699,17559529.91688
1781565300000,2026-06-15T23:15:00.000Z,66228.6,66260,66108.3,66194.8,228.2941,15106344.89666
1781566200000,2026-06-15T23:30:00.000Z,66194.8,66240,66084.2,66233.3,152.4205,10085546.35418
1781567100000,2026-06-15T23:45:00.000Z,66233.3,66334,66204.9,66286.2,293.2639,19441994.95034
1781568000000,2026-06-16T00:00:00.000Z,66286.2,66372,66228.8,66357.5,240.3952,15943268.14426
1781568900000,2026-06-16T00:15:00.000Z,66357.5,66387.8,66200.1,66215.4,188.6065,12502092.96865
1781569800000,2026-06-16T00:30:00.000Z,66215.4,66431.3,66207.1,66379.5,162.8816,10807839.90706
1781570700000,2026-06-16T00:45:00.000Z,66379.5,66400,66202.8,66218.4,102.441,6792407.91704
1781571600000,2026-06-16T01:00:00.000Z,66218.4,66331.4,66208,66247.2,345.491,22902233.5934
1781572500000,2026-06-16T01:15:00.000Z,66247.2,66347.2,66220,66341.7,145.0026,9608701.97681
1781573400000,2026-06-16T01:30:00.000Z,66341.7,66383,66314.2,66323,85.5587,5676765.43611
1781574300000,2026-06-16T01:45:00.000Z,66323,66379,66289.3,66311.9,221.9524,14723105.99441
1781575200000,2026-06-16T02:00:00.000Z,66311.9,66333,66012.7,66026.9,720.9646,47661012.127
1781576100000,2026-06-16T02:15:00.000Z,66026.9,66129.9,65714.8,65734.7,1345.4738,88677960.0088
1781577000000,2026-06-16T02:30:00.000Z,65734.7,65898.5,65721.5,65851.1,549.8017,36184657.91799
1781577900000,2026-06-16T02:45:00.000Z,65851.1,65859,65642.4,65709.6,805.069,52931299.45178
1781578800000,2026-06-16T03:00:00.000Z,65709.6,65814.9,65626,65773.1,492.9473,32402922.68865
1781579700000,2026-06-16T03:15:00.000Z,65773.1,65977.4,65616.1,65949.5,774.7457,51018509.46265
1781580600000,2026-06-16T03:30:00.000Z,65949.5,66097,65943.6,66096.9,729.3245,48139447.2404
1781581500000,2026-06-16T03:45:00.000Z,66096.9,66146.5,66054.9,66126.2,431.6082,28534261.19546
1781582400000,2026-06-16T04:00:00.000Z,66126.2,66250,66095.8,66115.2,379.0065,25080568.99348
1781583300000,2026-06-16T04:15:00.000Z,66115.2,66127.5,65943.7,65943.7,296.6134,19588305.44143
1781584200000,2026-06-16T04:30:00.000Z,65943.7,65943.7,65756.9,65853,400.8771,26395672.10725
1781585100000,2026-06-16T04:45:00.000Z,65853,65872.8,65781.1,65807.1,257.6502,16963080.80814
1781586000000,2026-06-16T05:00:00.000Z,65807.1,66041.6,65807.1,65987.2,299.9537,19781274.26212
1781586900000,2026-06-16T05:15:00.000Z,65987.2,66094.3,65931.2,66044.1,239.2039,15792672.88799
1781587800000,2026-06-16T05:30:00.000Z,66044.1,66089.4,65975.3,66062.4,169.9513,11223603.48794
1781588700000,2026-06-16T05:45:00.000Z,66062.4,66120,66020,66026.7,164.7351,10882851.99283
1781589600000,2026-06-16T06:00:00.000Z,66026.7,66166,66026.7,66160.9,219.9097,14539617.68184
1781590500000,2026-06-16T06:15:00.000Z,66160.9,66327.8,66122.1,66302.5,544.1306,36036516.53723
1781591400000,2026-06-16T06:30:00.000Z,66302.5,66547.8,66260.1,66369,1082.7636,71904112.5581
1781592300000,2026-06-16T06:45:00.000Z,66369,66516.7,66358,66409,375.1769,24932679.81736
1781593200000,2026-06-16T07:00:00.000Z,66409,66510.1,66315,66315,395.2889,26249925.54955
1781594100000,2026-06-16T07:15:00.000Z,66315,66455.4,66280.5,66300.4,775.7496,51483320.63612
1781595000000,2026-06-16T07:30:00.000Z,66300.4,66399.9,66280,66289.8,382.6515,25384234.83117
1781595900000,2026-06-16T07:45:00.000Z,66289.8,66354.7,66272.7,66341.5,270.4379,17930107.21836
1781596800000,2026-06-16T08:00:00.000Z,66341.5,66470,66310.2,66440.2,290.2567,19273425.44566
1781597700000,2026-06-16T08:15:00.000Z,66440.2,66546.2,66338,66519.9,424.3316,28208335.79235
1781598600000,2026-06-16T08:30:00.000Z,66519.9,66621.2,66468.2,66588.3,539.4939,35906071.44381
1781599500000,2026-06-16T08:45:00.000Z,66588.3,66966.2,66527.8,66867.7,1572.7608,105057926.143
1781600400000,2026-06-16T09:00:00.000Z,66867.7,66907.4,66685,66730.4,725.6979,48469390.93938
1781601300000,2026-06-16T09:15:00.000Z,66730.4,66730.5,66515.9,66586.2,528.2584,35186097.61649
1781602200000,2026-06-16T09:30:00.000Z,66586.2,66699.9,66551,66674.2,284.577,18959180.71613
1781603100000,2026-06-16T09:45:00.000Z,66674.2,66699.6,66436.7,66482.3,389.32,25894544.59137
1781604000000,2026-06-16T10:00:00.000Z,66482.3,66567.5,66478.5,66512.3,304.8693,20274058.25697
1781604900000,2026-06-16T10:15:00.000Z,66512.3,66772,66512.2,66640.6,511.8987,34117589.74931
1781605800000,2026-06-16T10:30:00.000Z,66640.6,66641.8,66533.3,66583.5,228.8972,15240207.41043
1781606700000,2026-06-16T10:45:00.000Z,66583.5,66597.1,66455,66476.4,240.5347,16000354.64667
1781607600000,2026-06-16T11:00:00.000Z,66476.4,66618.3,66403.1,66481.8,443.9021,29503328.34138
1781608500000,2026-06-16T11:15:00.000Z,66481.8,66558.7,66360,66444.4,293.9513,19532624.63744
1781609400000,2026-06-16T11:30:00.000Z,66444.4,66444.5,66330.1,66375.9,302.0542,20046955.58043
1781610300000,2026-06-16T11:45:00.000Z,66375.9,66462,66350,66455.9,187.667,12460536.98518
1781611200000,2026-06-16T12:00:00.000Z,66455.9,66538.5,66369.6,66524.3,301.1089,20017553.15499
1781612100000,2026-06-16T12:15:00.000Z,66524.3,66656.8,66511,66556.3,631.6031,42059346.75417
1781613000000,2026-06-16T12:30:00.000Z,66556.3,66796.2,66410,66460.5,964.68,64284004.66568
1781613900000,2026-06-16T12:45:00.000Z,66460.5,66477.4,66329.4,66395,625.9607,41559256.66123
1781614800000,2026-06-16T13:00:00.000Z,66395,66435.1,65964.6,66173.3,1792.2341,118615116.28944
1781615700000,2026-06-16T13:15:00.000Z,66173.3,66243.2,65985,65985.6,981.4019,64871299.30244
1781616600000,2026-06-16T13:30:00.000Z,65985.6,66142,65903.2,66105.4,1107.7197,73137382.28751
1781617500000,2026-06-16T13:45:00.000Z,66105.4,66185,65968.9,66020.3,585.9127,38709977.1231
1781618400000,2026-06-16T14:00:00.000Z,66020.3,66239.3,65980.9,66001.1,669.238,44232218.42529
1781619300000,2026-06-16T14:15:00.000Z,66001.1,66040,65464.6,65523.1,2118.0913,139105181.63212
1781620200000,2026-06-16T14:30:00.000Z,65523.1,65727.2,65329,65662.5,1839.141,120497636.24943
1781621100000,2026-06-16T14:45:00.000Z,65662.5,65755.4,65573.5,65629.8,501.5169,32930533.08987
1781622000000,2026-06-16T15:00:00.000Z,65629.8,65857,65580.1,65835.8,674.4205,44342864.62826
1781622900000,2026-06-16T15:15:00.000Z,65835.8,65886.2,65682,65788.9,357.0573,23489141.19394
1781623800000,2026-06-16T15:30:00.000Z,65788.9,65971.8,65780,65812.8,374.4703,24668322.78773
1781624700000,2026-06-16T15:45:00.000Z,65812.8,65959.1,65660,65834.5,823.8831,54255953.04287
1781625600000,2026-06-16T16:00:00.000Z,65834.5,65932.7,65742.9,65744.8,334.8734,22039006.74699
1781626500000,2026-06-16T16:15:00.000Z,65744.8,65799.7,65700,65762,362.2072,23816817.86954
1781627400000,2026-06-16T16:30:00.000Z,65762,65847.7,65680.2,65784,576.3958,37906689.78444
1781628300000,2026-06-16T16:45:00.000Z,65784,65799.9,65680,65733,649.515,42698181.76619
1781629200000,2026-06-16T17:00:00.000Z,65733,65828.2,65708.6,65762.2,117.2066,7707886.26754
1781630100000,2026-06-16T17:15:00.000Z,65762.2,65847,65680.1,65723.6,99.2498,6526213.98725
1781631000000,2026-06-16T17:30:00.000Z,65723.6,65797.8,65686.3,65730.7,104.486,6867817.51963
1781631900000,2026-06-16T17:45:00.000Z,65730.7,65993,65710.9,65952,707.1963,46593481.14725
1781632800000,2026-06-16T18:00:00.000Z,65952,66238.2,65921.5,66103.2,913.2692,60380397.32217
1781633700000,2026-06-16T18:15:00.000Z,66103.2,66106.1,65834.2,65882.3,444.1096,29277002.4527
1781634600000,2026-06-16T18:30:00.000Z,65882.3,65947.2,65768.8,65812,427.2124,28122977.49261
1781635500000,2026-06-16T18:45:00.000Z,65812,65906.1,65800,65816.8,181.2359,11932226.14343
1781636400000,2026-06-16T19:00:00.000Z,65816.8,65816.8,65613.4,65639.1,574.877,37759347.71067
1781637300000,2026-06-16T19:15:00.000Z,65639.1,65699.9,65520.9,65673.3,336.6578,22086324.36869
1781638200000,2026-06-16T19:30:00.000Z,65673.3,65759.9,65570,65617.5,279.5407,18348465.95966
1781639100000,2026-06-16T19:45:00.000Z,65617.5,65699.8,65530,65651.7,244.3897,16033927.85187
1781640000000,2026-06-16T20:00:00.000Z,65651.7,65735.3,65556.7,65735.3,287.1153,18846470.75483
1781640900000,2026-06-16T20:15:00.000Z,65735.3,65823.9,65657.4,65693.9,212.1184,13946007.46067
1781641800000,2026-06-16T20:30:00.000Z,65693.9,65816.8,65685.8,65809.9,98.1975,6457137.11274
1781642700000,2026-06-16T20:45:00.000Z,65809.9,65840,65792.4,65824.2,147.459,9705412.72733
1781643600000,2026-06-16T21:00:00.000Z,65824.2,65905,65804.5,65884.8,191.564,12615164.23748
1781644500000,2026-06-16T21:15:00.000Z,65884.8,65886.7,65684.9,65697.5,216.7061,14247133.4962
1781645400000,2026-06-16T21:30:00.000Z,65697.5,65717.2,65614.8,65700,118.1265,7756650.14744
1781646300000,2026-06-16T21:45:00.000Z,65700,65769,65673.7,65740.4,151.3909,9951851.17758
1781647200000,2026-06-16T22:00:00.000Z,65740.4,65850,65682.5,65808,138.5108,9110055.90741
1781648100000,2026-06-16T22:15:00.000Z,65808,65850.7,65682.1,65740,143.1962,9416057.82312
1781649000000,2026-06-16T22:30:00.000Z,65740,65758.8,65665.8,65688.8,89.7758,5898036.89094
1781649900000,2026-06-16T22:45:00.000Z,65688.8,65764.1,65641.1,65748,150.1182,9860728.82534
1781650800000,2026-06-16T23:00:00.000Z,65748,65804.3,65686.4,65730.4,104.3293,6860672.62055
1781651700000,2026-06-16T23:15:00.000Z,65730.4,65730.5,65609.1,65703.5,255.9451,16806797.14788
1781652600000,2026-06-16T23:30:00.000Z,65703.5,65748.3,65677,65681.7,52.6324,3458660.57426
1781653500000,2026-06-16T23:45:00.000Z,65681.7,65682.2,65584,65640,217.6909,14284456.16469
1781654400000,2026-06-17T00:00:00.000Z,65640,65776.4,65639.9,65718,104.5028,6867030.27607
1781655300000,2026-06-17T00:15:00.000Z,65718,65760,65667.6,65692.4,120.3371,7907909.90458
1781656200000,2026-06-17T00:30:00.000Z,65692.4,65811.7,65652.2,65792,139.3282,9163932.36092
1781657100000,2026-06-17T00:45:00.000Z,65792,65820,65668,65674.3,203.0883,13349442.12143
1781658000000,2026-06-17T01:00:00.000Z,65674.3,65800,65648.2,65768.7,76.1792,5007631.94753
1781658900000,2026-06-17T01:15:00.000Z,65768.7,65768.7,65434.3,65557.8,563.2508,36915415.68744
1781659800000,2026-06-17T01:30:00.000Z,65557.8,65791.2,65508.2,65727.2,344.4982,22635826.12699
1781660700000,2026-06-17T01:45:00.000Z,65727.2,65923.9,65727.2,65901.1,196.733,12953267.11393
1781661600000,2026-06-17T02:00:00.000Z,65901.1,65913.7,65804.2,65867.1,153.3354,10098061.96289
1781662500000,2026-06-17T02:15:00.000Z,65867.1,66111.9,65840.2,66069,461.8041,30484340.59055
1781663400000,2026-06-17T02:30:00.000Z,66069,66078.3,65747.1,65828.2,204.3444,13463593.13923
1781664300000,2026-06-17T02:45:00.000Z,65828.2,65884.1,65798.5,65870.8,130.2509,8576478.11346
1781665200000,2026-06-17T03:00:00.000Z,65870.8,65873.9,65772.4,65783.9,122.007,8030468.34202
1781666100000,2026-06-17T03:15:00.000Z,65783.9,65783.9,65680.1,65748.2,321.8861,21157706.13173
1781667000000,2026-06-17T03:30:00.000Z,65748.2,65850,65748.2,65773.3,112.9181,7429429.22769
1781667900000,2026-06-17T03:45:00.000Z,65773.3,65828.3,65740,65819.9,43.9633,2892438.67224
1781668800000,2026-06-17T04:00:00.000Z,65819.9,65863.7,65792.1,65814.2,216.2719,14240991.19091
1781669700000,2026-06-17T04:15:00.000Z,65814.2,65877,65760,65867.9,113.0573,7442781.75219
1781670600000,2026-06-17T04:30:00.000Z,65867.9,65918,65831.6,65894.5,114.6966,7556226.76601
1781671500000,2026-06-17T04:45:00.000Z,65894.5,66029.9,65854.1,65854.1,213.2119,14060746.26316
1781672400000,2026-06-17T05:00:00.000Z,65854.1,65949.8,65758.3,65782.1,218.7701,14398747.59363
1781673300000,2026-06-17T05:15:00.000Z,65782.1,65831.3,65705.9,65819.4,166.9125,10976707.89081
1781674200000,2026-06-17T05:30:00.000Z,65819.4,65896.3,65787.8,65877.4,69.4366,4571996.14518
1781675100000,2026-06-17T05:45:00.000Z,65877.4,65897.2,65740,65800.6,76.0146,5002486.03518
1781676000000,2026-06-17T06:00:00.000Z,65800.6,65836.7,65753.8,65828.1,134.477,8849185.29715
1781676900000,2026-06-17T06:15:00.000Z,65828.1,65873.9,65622,65623,252.0703,16569012.19429
1781677800000,2026-06-17T06:30:00.000Z,65623,65711.1,65545.9,65614.2,368.6585,24194421.42313
1781678700000,2026-06-17T06:45:00.000Z,65614.2,65653.1,65572,65596.1,180.2872,11829768.04206
1781679600000,2026-06-17T07:00:00.000Z,65596.1,65678.2,65529.6,65663.8,319.6385,20966197.85368
1781680500000,2026-06-17T07:15:00.000Z,65663.8,65688.6,65450,65526.5,354.52,23223849.55052
1781681400000,2026-06-17T07:30:00.000Z,65526.5,65552.3,65451.7,65505.4,460.0479,30132111.49396
1781682300000,2026-06-17T07:45:00.000Z,65505.4,65560.9,65215.6,65507.2,1333.2215,87151853.74084
1781683200000,2026-06-17T08:00:00.000Z,65507.2,65550,65304.3,65305.7,460.281,30109803.27075
1781684100000,2026-06-17T08:15:00.000Z,65305.7,65371,65208.6,65294.3,524.7831,34261910.30762
1781685000000,2026-06-17T08:30:00.000Z,65294.3,65294.4,64888,64889,1860.5456,121019217.78242
1781685900000,2026-06-17T08:45:00.000Z,64889,64994.9,64806.1,64892.9,1167.7971,75803699.34854
1781686800000,2026-06-17T09:00:00.000Z,64892.9,65011.5,64880,64950.8,372.93,24224229.46016
1781687700000,2026-06-17T09:15:00.000Z,64950.8,65055.3,64900.9,65019.9,387.9907,25214481.17796
1781688600000,2026-06-17T09:30:00.000Z,65019.9,65045.6,64894.5,64923.1,290.6772,18881124.89808
1781689500000,2026-06-17T09:45:00.000Z,64923.1,64980,64810.1,64884.2,471.5277,30606329.13269
1781690400000,2026-06-17T10:00:00.000Z,64884.2,64970,64780.9,64857.4,541.5756,35117057.39162
1781691300000,2026-06-17T10:15:00.000Z,64857.4,64962.8,64838,64912.2,486.0392,31543472.22869
1781692200000,2026-06-17T10:30:00.000Z,64912.2,64950,64850,64893.4,119.089,7730205.79561
1781693100000,2026-06-17T10:45:00.000Z,64893.4,64923.2,64734.3,64762.9,541.0284,35047440.6344
1781694000000,2026-06-17T11:00:00.000Z,64762.9,64827.9,64547.7,64578,1478.2707,95578838.15683
1781694900000,2026-06-17T11:15:00.000Z,64578,64727.7,64534,64677.4,716.314,46303720.90461
1781695800000,2026-06-17T11:30:00.000Z,64677.4,64775,64640.7,64768,353.541,22879364.13632
1781696700000,2026-06-17T11:45:00.000Z,64768,64839.5,64768,64778.5,381.8975,24751295.51209
1781697600000,2026-06-17T12:00:00.000Z,64778.5,64847.1,64711.5,64823.7,320.9259,20789852.87591
1781698500000,2026-06-17T12:15:00.000Z,64823.7,64827.9,64610.7,64657.3,426.5251,27593362.58824
1781699400000,2026-06-17T12:30:00.000Z,64657.3,64896.7,64551.6,64883.8,441.0883,28566386.47502
1781700300000,2026-06-17T12:45:00.000Z,64883.8,65086.5,64882,65008.7,677.8707,44042043.07469
1781701200000,2026-06-17T13:00:00.000Z,65008.7,65059.9,64945.1,65044.5,374.2653,24323201.30496
1781702100000,2026-06-17T13:15:00.000Z,65044.5,65044.6,64828.9,64887.1,538.3053,34939206.67858
1781703000000,2026-06-17T13:30:00.000Z,64887.1,65355.7,64811,65249.7,1445.5273,94192426.33315
1781703900000,2026-06-17T13:45:00.000Z,65249.7,65340.7,65191.1,65233.9,743.7532,48542167.84902
1781704800000,2026-06-17T14:00:00.000Z,65233.9,65326.8,65099.4,65316,569.9712,37165528.47306
1781705700000,2026-06-17T14:15:00.000Z,65316,65429,65100.4,65218.8,557.9658,36420220.56838
1781706600000,2026-06-17T14:30:00.000Z,65218.8,65263.1,65014.8,65075.1,378.0174,24612224.51325
1781707500000,2026-06-17T14:45:00.000Z,65075.1,65261.6,64730,65066.6,1558.7383,101310707.28764
1781708400000,2026-06-17T15:00:00.000Z,65066.6,65200,64942.3,65194.6,411.3647,26767263.969
1781709300000,2026-06-17T15:15:00.000Z,65194.6,65380,65153.6,65298.8,601.3487,39249129.18639
1781710200000,2026-06-17T15:30:00.000Z,65298.8,65480,65222.3,65459.9,514.6271,33659096.90572
1781711100000,2026-06-17T15:45:00.000Z,65459.9,65827.7,65435.7,65709.1,1608.139,105593537.0901
1781712000000,2026-06-17T16:00:00.000Z,65709.1,65848.3,65673.3,65809,684.7455,45029947.61792
1781712900000,2026-06-17T16:15:00.000Z,65809,66402.4,65778.3,66216.7,2232.7007,147584899.79645
1781713800000,2026-06-17T16:30:00.000Z,66216.7,66274.3,65880,65925.7,996.2666,65791239.18891
1781714700000,2026-06-17T16:45:00.000Z,65925.7,65986,65810,65827.4,388.2539,25577067.49357
1781715600000,2026-06-17T17:00:00.000Z,65827.4,65949.6,65757,65821.4,401.1393,26413944.23205
1781716500000,2026-06-17T17:15:00.000Z,65821.4,65978.5,65798.9,65932.8,193.5009,12751742.03463
1781717400000,2026-06-17T17:30:00.000Z,65932.8,65973.6,65802.3,65827.4,175.2217,11543169.1641
1781718300000,2026-06-17T17:45:00.000Z,65827.4,66162.8,65780.6,66080,534.7161,35300932.9109
1781719200000,2026-06-17T18:00:00.000Z,66080,66080,64760,65272.2,6228.0207,407048368.19426
1781720100000,2026-06-17T18:15:00.000Z,65272.2,65518.4,65240,65371.6,539.5144,35266740.46403
1781721000000,2026-06-17T18:30:00.000Z,65371.6,66043.6,65233.6,66010,2144.1907,140564896.37188
1781721900000,2026-06-17T18:45:00.000Z,66010,66019.9,65326.4,65484.1,1024.9603,67370526.34521
1781722800000,2026-06-17T19:00:00.000Z,65484.1,65636.4,65058,65341.1,1002.6934,65462750.33761
1781723700000,2026-06-17T19:15:00.000Z,65341.1,65357.3,64295.8,64432.6,3111.2924,201276067.60358
1781724600000,2026-06-17T19:30:00.000Z,64432.6,64658.2,64121,64151.6,1912.1936,123041237.15966
1781725500000,2026-06-17T19:45:00.000Z,64151.6,64300,64005.3,64275.7,1637.3444,105083989.55804
1781726400000,2026-06-17T20:00:00.000Z,64275.7,64432.5,64162.1,64192.6,739.6806,47555035.49854
1781727300000,2026-06-17T20:15:00.000Z,64192.6,64435.7,64176,64340.8,458.9384,29520843.25002
1781728200000,2026-06-17T20:30:00.000Z,64340.8,64461,64200,64200,361.9769,23286148.37676
1781729100000,2026-06-17T20:45:00.000Z,64200,64420.1,64143.6,64410.7,618.0156,39749952.24725
1781730000000,2026-06-17T21:00:00.000Z,64410.7,64430,64225.9,64297,219.9877,14151197.45687
1781730900000,2026-06-17T21:15:00.000Z,64297,64358.3,64229.4,64239.1,223.202,14351173.18353
1781731800000,2026-06-17T21:30:00.000Z,64239.1,64395.2,64135.5,64155,224.956,14457212.38807
1781732700000,2026-06-17T21:45:00.000Z,64155,64251.1,64107,64227.9,313.9044,20149763.3704
1781733600000,2026-06-17T22:00:00.000Z,64227.9,64234.9,63881,64075.7,1214.4436,77760889.1913
1781734500000,2026-06-17T22:15:00.000Z,64075.7,64349.9,64040.1,64339.9,302.076,19404427.06748
1781735400000,2026-06-17T22:30:00.000Z,64339.9,64410.8,64200.7,64239.5,410.7414,26422730.99447
1781736300000,2026-06-17T22:45:00.000Z,64239.5,64404.5,64236.2,64266.8,248.186,15971030.94542
1781737200000,2026-06-17T23:00:00.000Z,64266.8,64391.3,64220.1,64294.9,254.6955,16371484.76229
1781738100000,2026-06-17T23:15:00.000Z,64294.9,64497.4,64294.9,64465.5,496.8326,32012785.1994
1781739000000,2026-06-17T23:30:00.000Z,64465.5,64495,64368,64413.4,140.7556,9068456.90273
1781739900000,2026-06-17T23:45:00.000Z,64413.4,64490,64369.7,64476,155.6371,10029107.26836
1781740800000,2026-06-18T00:00:00.000Z,64476,64631.3,64454.6,64609.9,370.0047,23887416.97263
1781741700000,2026-06-18T00:15:00.000Z,64609.9,64676.7,64510.4,64566.7,559.2819,36136263.5802
1781742600000,2026-06-18T00:30:00.000Z,64566.7,64674.3,64475,64553.3,208.2073,13439746.29208
1781743500000,2026-06-18T00:45:00.000Z,64553.3,64588.6,64422.1,64430,254.759,16424380.73172
1781744400000,2026-06-18T01:00:00.000Z,64430,64799.2,64426.2,64699.9,660.6576,42749139.42286
1781745300000,2026-06-18T01:15:00.000Z,64699.9,64713.5,64581.8,64627.9,190.7553,12332052.81302
1781746200000,2026-06-18T01:30:00.000Z,64627.9,64720,64572.9,64584.8,106.8614,6906676.50348
1781747100000,2026-06-18T01:45:00.000Z,64584.8,64584.8,64445.9,64517.9,166.4998,10739870.13624
1781748000000,2026-06-18T02:00:00.000Z,64517.9,64646.2,64494.4,64536.4,174.7534,11282987.83002
1781748900000,2026-06-18T02:15:00.000Z,64536.4,64718.8,64450.7,64670,338.5942,21882833.89618
1781749800000,2026-06-18T02:30:00.000Z,64670,64734.8,64640.1,64728.5,153.2952,9918061.60631
1781750700000,2026-06-18T02:45:00.000Z,64728.5,64745,64641,64646.6,107.5932,6959480.07522
1781751600000,2026-06-18T03:00:00.000Z,64646.6,64647.3,64488,64490,246.6739,15918789.29989
1781752500000,2026-06-18T03:15:00.000Z,64490,64499.3,64276,64278.5,293.1002,18871132.1899
1781753400000,2026-06-18T03:30:00.000Z,64278.5,64366.1,64230,64288,322.1415,20710406.75423
1781754300000,2026-06-18T03:45:00.000Z,64288,64370.9,64237.9,64250.6,239.0368,15369314.37107
1781755200000,2026-06-18T04:00:00.000Z,64250.6,64314,63780,63908.6,1556.5595,99611125.74851
1781756100000,2026-06-18T04:15:00.000Z,63908.6,64077.8,63822.1,63914.5,681.1817,43564128.36713
1781757000000,2026-06-18T04:30:00.000Z,63914.5,63960,63850,63855.9,279.7138,17875717.80766
1781757900000,2026-06-18T04:45:00.000Z,63855.9,63950,63791.4,63849.7,330.5406,21105671.12981
1781758800000,2026-06-18T05:00:00.000Z,63849.7,63949.5,63666.4,63895.1,918.4195,58585266.4975
1781759700000,2026-06-18T05:15:00.000Z,63895.1,63980.5,63883.8,63902.5,299.3971,19142455.71111
1781760600000,2026-06-18T05:30:00.000Z,63902.5,64005.5,63820.8,63902.8,277.8964,17769271.39534
1781761500000,2026-06-18T05:45:00.000Z,63902.8,63973,63852.6,63970,318.3643,20347483.11038
1781762400000,2026-06-18T06:00:00.000Z,63970,64062.3,63855.9,63931.5,423.0949,27058929.42828
1781763300000,2026-06-18T06:15:00.000Z,63931.5,63972.3,63820,63962,202.2531,12926423.03319
1781764200000,2026-06-18T06:30:00.000Z,63962,64075.3,63946.2,64075.3,427.582,27376045.9008
1781765100000,2026-06-18T06:45:00.000Z,64075.3,64106.7,64028.8,64059.9,289.1588,18527045.81451
1781766000000,2026-06-18T07:00:00.000Z,64059.9,64080,63988.3,64067.9,203.9396,13061564.63722
1781766900000,2026-06-18T07:15:00.000Z,64067.9,64299.8,64054.5,64273.7,706.0842,45339620.35265
1781767800000,2026-06-18T07:30:00.000Z,64273.7,64434.8,64222.3,64406,634.6257,40840780.49168
1781768700000,2026-06-18T07:45:00.000Z,64406,64484.6,64390,64472.7,412.463,26579122.3848
1781769600000,2026-06-18T08:00:00.000Z,64472.7,64626.3,64353,64515.3,814.1357,52509658.79318
1781770500000,2026-06-18T08:15:00.000Z,64515.3,64582.4,64482.2,64552,298.3832,19258281.40117
1781771400000,2026-06-18T08:30:00.000Z,64552,64575,64479.9,64480,208.8888,13478478.38362
1781772300000,2026-06-18T08:45:00.000Z,64480,64498,64326.5,64366,489.7325,31550520.23983
1781773200000,2026-06-18T09:00:00.000Z,64366,64374.2,64273,64355.5,285.3001,18350876.54193
1781774100000,2026-06-18T09:15:00.000Z,64355.5,64449.9,64206.4,64215,316.0508,20332776.35338
1781775000000,2026-06-18T09:30:00.000Z,64215,64279.2,64169.6,64253.5,265.2932,17040098.81564
1781775900000,2026-06-18T09:45:00.000Z,64253.5,64302.1,64154.7,64170,153.7066,9869367.98839
1781776800000,2026-06-18T10:00:00.000Z,64170,64170.1,63960.7,63983.5,513.4083,32882419.93823
1781777700000,2026-06-18T10:15:00.000Z,63983.5,64020,63882,63935.5,438.0153,28006107.92976
1781778600000,2026-06-18T10:30:00.000Z,63935.5,64056.9,63918,63976.5,506.3724,32402902.77091
1781779500000,2026-06-18T10:45:00.000Z,63976.5,64218.1,63971.6,64054.7,459.9289,29489174.27452
1781780400000,2026-06-18T11:00:00.000Z,64054.7,64182.7,63971.4,64004.1,330.842,21198069.71457
1781781300000,2026-06-18T11:15:00.000Z,64004.1,64067.8,63882,64049.9,320.3695,20487955.18956
1781782200000,2026-06-18T11:30:00.000Z,64049.9,64066.7,63857.7,63950,483.5942,30913874.98004
1781783100000,2026-06-18T11:45:00.000Z,63950,64017.8,63858.5,63946.8,370.1864,23668661.20236
1781784000000,2026-06-18T12:00:00.000Z,63946.8,64022.6,63900,63985.5,243.382,15570801.81148
1781784900000,2026-06-18T12:15:00.000Z,63985.5,64181.9,63966.1,64177.7,480.6238,30811739.19732
1781785800000,2026-06-18T12:30:00.000Z,64177.7,64244,64102.2,64231.2,304.0778,19519977.74801
1781786700000,2026-06-18T12:45:00.000Z,64231.2,64388,64231.2,64347,385.8579,24813386.6104
1781787600000,2026-06-18T13:00:00.000Z,64347,64422,64260.1,64369.3,434.8834,27987744.60216
1781788500000,2026-06-18T13:15:00.000Z,64369.3,64410,64294.3,64325.6,515.2008,33154275.24826
1781789400000,2026-06-18T13:30:00.000Z,64325.6,64354.7,63841,63848.6,1336.8528,85634778.86918
1781790300000,2026-06-18T13:45:00.000Z,63848.6,64134.6,63750.4,63950.5,1444.5076,92356577.25719
1781791200000,2026-06-18T14:00:00.000Z,63950.5,64053,63696.5,63750,1033.2056,65944224.13455
1781792100000,2026-06-18T14:15:00.000Z,63750,64179,63688,63785.6,1144.2689,73176598.4152
1781793000000,2026-06-18T14:30:00.000Z,63785.6,64054.5,63735,63841.7,635.1236,40560289.54214
1781793900000,2026-06-18T14:45:00.000Z,63841.7,63966.5,63552,63780.1,1743.8498,111089454.7516
1781794800000,2026-06-18T15:00:00.000Z,63780.1,63796.2,63525.8,63525.8,947.869,60304327.8758
1781795700000,2026-06-18T15:15:00.000Z,63525.8,63572.9,63146.6,63215.5,3563.8464,225739757.71007
1781796600000,2026-06-18T15:30:00.000Z,63215.5,63354.1,62658.4,62759.3,3474.9072,218606772.33507
1781797500000,2026-06-18T15:45:00.000Z,62759.3,62860,62260.2,62340.7,3084.9357,192806383.68768
1781798400000,2026-06-18T16:00:00.000Z,62340.7,62704.1,62316.6,62610.1,1520.0435,95093161.96585
1781799300000,2026-06-18T16:15:00.000Z,62610.1,62740,62490,62569.9,612.9474,38386393.09928
1781800200000,2026-06-18T16:30:00.000Z,62569.9,62746.7,62482.6,62694.2,357.0044,22351847.52613
1781801100000,2026-06-18T16:45:00.000Z,62694.2,62791,62604.8,62668.7,350.8149,21994333.65712
1781802000000,2026-06-18T17:00:00.000Z,62668.7,62699.9,62377.5,62474.2,889.6812,55590340.15637
1781802900000,2026-06-18T17:15:00.000Z,62474.2,62617.1,62233.7,62549.6,1526.146,95284910.38997
1781803800000,2026-06-18T17:30:00.000Z,62549.6,62724.7,62485.3,62619.4,916.0108,57357965.41538
1781804700000,2026-06-18T17:45:00.000Z,62619.4,62696.4,62482.2,62573.6,309.9964,19400044.88896
1781805600000,2026-06-18T18:00:00.000Z,62573.6,62712.9,62543.9,62674.2,319.7405,20029327.45166
1781806500000,2026-06-18T18:15:00.000Z,62674.2,62929.7,62574.6,62816.8,999.807,62792465.08825
1781807400000,2026-06-18T18:30:00.000Z,62816.8,62816.8,62643,62739.9,485.1936,30431741.75358
1781808300000,2026-06-18T18:45:00.000Z,62739.9,62863.6,62577.9,62677.7,723.7327,45382752.96646
1781809200000,2026-06-18T19:00:00.000Z,62677.7,62710,62600,62654.3,133.8866,8387688.14567
1781810100000,2026-06-18T19:15:00.000Z,62654.3,62780,62607.7,62748.9,195.7962,12279037.61362
1781811000000,2026-06-18T19:30:00.000Z,62748.9,62964.1,62740,62932.2,255.6622,16070098.72526
1781811900000,2026-06-18T19:45:00.000Z,62932.2,62978,62871.7,62915.4,412.2832,25943656.51421
1781812800000,2026-06-18T20:00:00.000Z,62915.4,63196,62915.4,63136.1,788.9683,49783520.61005
1781813700000,2026-06-18T20:15:00.000Z,63136.1,63247.7,63063.8,63083.1,305.7995,19305066.67382
1781814600000,2026-06-18T20:30:00.000Z,63083.1,63145.8,63009.2,63107.8,232.8206,14684619.08211
1781815500000,2026-06-18T20:45:00.000Z,63107.8,63109,63005,63057.6,181.1924,11424869.14883
1781816400000,2026-06-18T21:00:00.000Z,63057.6,63096.5,62875.8,62882.8,362.6552,22848423.17124
1781817300000,2026-06-18T21:15:00.000Z,62882.8,63014.9,62830,62926.7,370.5908,23324611.11751
1781818200000,2026-06-18T21:30:00.000Z,62926.7,62960,62832.2,62882.2,133.5787,8401632.7797
1781819100000,2026-06-18T21:45:00.000Z,62882.2,62967.9,62851.4,62932.1,103.4452,6507866.26486
1781820000000,2026-06-18T22:00:00.000Z,62932.1,62960,62872.3,62883.6,108.9944,6856367.37339
1781820900000,2026-06-18T22:15:00.000Z,62883.6,62893.7,62737,62799.7,324.8983,20401439.42501
1781821800000,2026-06-18T22:30:00.000Z,62799.7,62819.9,62703.2,62779.8,183.497,11515055.44144
1781822700000,2026-06-18T22:45:00.000Z,62779.8,62859.2,62740.1,62846.9,160.1213,10056916.61964
1781823600000,2026-06-18T23:00:00.000Z,62846.9,62890,62713.4,62722.7,195.2795,12263932.79207
1781824500000,2026-06-18T23:15:00.000Z,62722.7,62849.2,62719.3,62849.2,98.4183,6179739.9213
1781825400000,2026-06-18T23:30:00.000Z,62849.2,62913,62849.2,62879.5,128.6414,8088712.05666
1781826300000,2026-06-18T23:45:00.000Z,62879.5,62953.7,62811.9,62920,169.7125,10672045.5191
1781827200000,2026-06-19T00:00:00.000Z,62920,62952.9,62803.9,62832.9,228.9723,14400104.23109
1781828100000,2026-06-19T00:15:00.000Z,62832.9,62957,62811.4,62938.9,265.2002,16679413.71872
1781829000000,2026-06-19T00:30:00.000Z,62938.9,63028.6,62920.5,63028.6,145.8104,9184340.80911
1781829900000,2026-06-19T00:45:00.000Z,63028.6,63050,62937.6,62992.1,192.4096,12122424.78757
1781830800000,2026-06-19T01:00:00.000Z,62992.1,63057,62861.8,62939.9,246.5659,15518776.45211
1781831700000,2026-06-19T01:15:00.000Z,62939.9,63072.3,62883.6,62895.9,163.8928,10325641.13781
1781832600000,2026-06-19T01:30:00.000Z,62895.9,62928.1,62810.3,62878.8,242.2797,15227062.59804
1781833500000,2026-06-19T01:45:00.000Z,62878.8,63003.2,62878.8,62992.7,142.3626,8960377.40787
1781834400000,2026-06-19T02:00:00.000Z,62992.7,63078.5,62976.1,62991.6,297.0366,18718673.35078
1781835300000,2026-06-19T02:15:00.000Z,62991.6,63030,62913.5,62915,102.4293,6449172.53103
1781836200000,2026-06-19T02:30:00.000Z,62915,62993.3,62880,62906.7,153.8996,9683710.14062
1781837100000,2026-06-19T02:45:00.000Z,62906.7,62990.7,62844.6,62969.8,90.6784,5704705.40515
1781838000000,2026-06-19T03:00:00.000Z,62969.8,63000,62675,62704,433.7214,27240465.3864
1781838900000,2026-06-19T03:15:00.000Z,62704,62825.5,62347.3,62809.6,1551.5208,97027024.51679
1781839800000,2026-06-19T03:30:00.000Z,62809.6,62809.6,62580,62669.4,316.9793,19868077.84926
1781840700000,2026-06-19T03:45:00.000Z,62669.4,62782,62596.7,62744.2,179.1134,11228475.39303
1781841600000,2026-06-19T04:00:00.000Z,62744.2,62847.2,62578.9,62843.6,377.1042,23657988.78696
1781842500000,2026-06-19T04:15:00.000Z,62843.6,62888,62679.2,62695.7,215.7485,13542213.10503
1781843400000,2026-06-19T04:30:00.000Z,62695.7,62703.1,62487.6,62580,349.103,21838491.68325
1781844300000,2026-06-19T04:45:00.000Z,62580,62654.8,62375.5,62420.8,328.8693,20545885.73494
1781845200000,2026-06-19T05:00:00.000Z,62420.8,62640,62418.1,62639.8,247.2909,15470929.71064
1781846100000,2026-06-19T05:15:00.000Z,62639.8,62639.8,62539.1,62581.9,93.7701,5868274.09476
1781847000000,2026-06-19T05:30:00.000Z,62581.9,62646.8,62513.8,62626,107.3461,6718601.59039
1781847900000,2026-06-19T05:45:00.000Z,62626,62717.4,62620,62706.9,184.7004,11577329.38706
1781848800000,2026-06-19T06:00:00.000Z,62706.9,62826,62689.3,62818,252.4974,15848041.93934
1781849700000,2026-06-19T06:15:00.000Z,62818,62830,62725.5,62805.4,171.3484,10757203.51643
1781850600000,2026-06-19T06:30:00.000Z,62805.4,62853.8,62700.6,62794.8,187.0651,11740910.89354
1781851500000,2026-06-19T06:45:00.000Z,62794.8,62892.8,62733.5,62860,184.6027,11600307.88757
1781852400000,2026-06-19T07:00:00.000Z,62860,62888.2,62741.6,62741.6,174.864,10984177.4992
1781853300000,2026-06-19T07:15:00.000Z,62741.6,62800.4,62680,62709.3,226.6205,14215509.92537
1781854200000,2026-06-19T07:30:00.000Z,62709.3,62796.6,62463.3,62523.5,635.1272,39720846.27304
1781855100000,2026-06-19T07:45:00.000Z,62523.5,62652,62470.4,62593.3,647.9327,40533283.53513
1781856000000,2026-06-19T08:00:00.000Z,62593.3,62645.9,62501.9,62635.1,233.0835,14581166.85916
1781856900000,2026-06-19T08:15:00.000Z,62635.1,62689.4,62576.4,62642.3,194.758,12198925.52817
1781857800000,2026-06-19T08:30:00.000Z,62642.3,62750,62549.4,62626.6,259.4474,16254784.30364
1781858700000,2026-06-19T08:45:00.000Z,62626.6,62644.8,62535.5,62577.2,104.4707,6538596.4015
1781859600000,2026-06-19T09:00:00.000Z,62577.2,62624.4,62290.2,62396.9,657.046,41000080.76322
1781860500000,2026-06-19T09:15:00.000Z,62396.9,62449,62280,62346.7,505.7184,31543628.36165
1781861400000,2026-06-19T09:30:00.000Z,62346.7,62463,62346.7,62389.9,292.5725,18259660.82163
1781862300000,2026-06-19T09:45:00.000Z,62389.9,62406.3,62305.8,62353.6,367.7102,22929761.64648
1781863200000,2026-06-19T10:00:00.000Z,62353.6,62537,62351.4,62520.9,382.252,23874022.67616
1781864100000,2026-06-19T10:15:00.000Z,62520.9,62520.9,62400,62476.7,278.4106,17383473.77456
1781865000000,2026-06-19T10:30:00.000Z,62476.7,62476.7,62381.9,62387.6,362.3681,22614625.61676
1781865900000,2026-06-19T10:45:00.000Z,62387.6,62569.1,62374,62502.4,174.0738,10879895.30783
1781866800000,2026-06-19T11:00:00.000Z,62502.4,62548.7,62417.9,62467.5,222.2653,13888021.51915
1781867700000,2026-06-19T11:15:00.000Z,62467.5,62663.7,62433.4,62618.9,255.0962,15966392.64131
1781868600000,2026-06-19T11:30:00.000Z,62618.9,62653.4,62558.5,62631,164.0882,10272120.91102
1781869500000,2026-06-19T11:45:00.000Z,62631,62670.5,62570.9,62602.2,182.571,11432849.40724
1781870400000,2026-06-19T12:00:00.000Z,62602.2,62659.3,62567.1,62592.3,144.1136,9024254.97477
1781871300000,2026-06-19T12:15:00.000Z,62592.3,62592.3,62458.9,62530.1,427.1899,26701000.74255
1781872200000,2026-06-19T12:30:00.000Z,62530.1,62574.6,62365.5,62480.2,540.8295,33776817.31356
1781873100000,2026-06-19T12:45:00.000Z,62480.2,62861.3,62320.1,62800.1,1146.3831,71839335.67486
1781874000000,2026-06-19T13:00:00.000Z,62800.1,62965.4,62724.1,62752.6,1048.0997,65866534.00225
1781874900000,2026-06-19T13:15:00.000Z,62752.6,62786.5,62629.9,62760,410.6611,25749761.06898
1781875800000,2026-06-19T13:30:00.000Z,62760,63072.3,62712.2,63062.3,947.8336,59660365.17234
1781876700000,2026-06-19T13:45:00.000Z,63062.3,63384.9,63050,63174,1991.9854,125935041.32756
1781877600000,2026-06-19T14:00:00.000Z,63174,63222,63001.6,63056.7,647.3147,40839387.9543
1781878500000,2026-06-19T14:15:00.000Z,63056.7,63265,62972.1,63238.9,570.0573,35992411.19613
1781879400000,2026-06-19T14:30:00.000Z,63238.9,63389.4,63140.3,63271.8,503.6773,31880330.70609
1781880300000,2026-06-19T14:45:00.000Z,63271.8,63331,63160,63169.3,301.4666,19065180.80528
1781881200000,2026-06-19T15:00:00.000Z,63169.3,63226.9,63080.2,63155.5,377.9499,23864036.91807
1781882100000,2026-06-19T15:15:00.000Z,63155.5,63177.6,62983.3,63026.5,442.6749,27908075.65255
1781883000000,2026-06-19T15:30:00.000Z,63026.5,63255,63026.4,63214.7,461.283,29128127.67588
1781883900000,2026-06-19T15:45:00.000Z,63214.7,63251.7,63162.1,63184.9,177.0747,11191931.73952
1781884800000,2026-06-19T16:00:00.000Z,63184.9,63358,63062.6,63351.7,514.4337,32516477.12056
1781885700000,2026-06-19T16:15:00.000Z,63351.7,63354.3,63230,63282,413.3121,26161829.59934
1781886600000,2026-06-19T16:30:00.000Z,63282,63346.3,63206.1,63208.5,280.7,17759706.30143
1781887500000,2026-06-19T16:45:00.000Z,63208.5,63211.3,62875.2,62940.1,718.0638,45259477.48419
1781888400000,2026-06-19T17:00:00.000Z,62940.1,63008.9,62852.5,62970,485.9289,30579519.34581
1781889300000,2026-06-19T17:15:00.000Z,62970,63095.8,62832.7,62893.7,582.7229,36705137.04386
1781890200000,2026-06-19T17:30:00.000Z,62893.7,63083.4,62880.1,63070,432.5812,27252401.68674
1781891100000,2026-06-19T17:45:00.000Z,63070,63199.9,63002.8,63164.5,699.2059,44137514.66826
1781892000000,2026-06-19T18:00:00.000Z,63164.5,63174.1,63075.2,63130,155.339,9803386.0727
1781892900000,2026-06-19T18:15:00.000Z,63130,63135.9,63075.8,63084.8,56.699,3578060.41112
1781893800000,2026-06-19T18:30:00.000Z,63084.8,63150,62956,63025.2,209.2295,13188176.59204
1781894700000,2026-06-19T18:45:00.000Z,63025.2,63115.1,62980.7,63080.3,157.9458,9955787.83087
1781895600000,2026-06-19T19:00:00.000Z,63080.3,63090,62973.5,63029.9,75.5857,4762998.63562
1781896500000,2026-06-19T19:15:00.000Z,63029.9,63031,62902.6,62973,108.0236,6800807.05416
1781897400000,2026-06-19T19:30:00.000Z,62973,62998.2,62923.2,62972.1,121.0439,7620527.4999
1781898300000,2026-06-19T19:45:00.000Z,62972.1,63111.1,62950.4,62994.8,226.6244,14286961.38859
1781899200000,2026-06-19T20:00:00.000Z,62994.8,63052.8,62984.2,63045.3,58.9913,3717311.59265
1781900100000,2026-06-19T20:15:00.000Z,63045.3,63050,62923.1,63050,94.6841,5964378.05302
1781901000000,2026-06-19T20:30:00.000Z,63050,63075.7,62996.8,63063.3,55.4288,3493919.99975
1781901900000,2026-06-19T20:45:00.000Z,63063.3,63250,63059.9,63222,283.8685,17934220.56419
1781902800000,2026-06-19T21:00:00.000Z,63222,63250,63120,63240.1,122.9989,7772814.08774
1781903700000,2026-06-19T21:15:00.000Z,63240.1,63240.1,63126.5,63129.8,64.1775,4055850.69028
1781904600000,2026-06-19T21:30:00.000Z,63129.8,63139.8,63057.8,63058,105.6925,6668694.57705
1781905500000,2026-06-19T21:45:00.000Z,63058,63104.2,63023.5,63047.7,61.6734,3889143.37743
1781906400000,2026-06-19T22:00:00.000Z,63047.7,63079.6,63014.7,63067.1,86.3747,5445382.38023
1781907300000,2026-06-19T22:15:00.000Z,63067.1,63270,63064,63232.2,154.4089,9758721.61629
1781908200000,2026-06-19T22:30:00.000Z,63232.2,63336.8,63198.3,63288.8,204.2799,12925231.73941
1781909100000,2026-06-19T22:45:00.000Z,63288.8,63340,63263.2,63285.8,69.8702,4423089.93014
1781910000000,2026-06-19T23:00:00.000Z,63285.8,63307,63237.7,63256.4,86.8902,5496907.45631
1781910900000,2026-06-19T23:15:00.000Z,63256.4,63307.6,63250,63288.4,66.1457,4185178.22633
1781911800000,2026-06-19T23:30:00.000Z,63288.4,63332.4,63273.1,63297.2,155.449,9839255.38288
1781912700000,2026-06-19T23:45:00.000Z,63297.2,63642.5,63265.7,63512.8,966.7757,61400389.72678
1781913600000,2026-06-20T00:00:00.000Z,63512.8,63582.8,63436,63493.8,375.4511,23847520.25937
1781914500000,2026-06-20T00:15:00.000Z,63493.8,63616,63437.7,63586,216.8374,13772947.02676
1781915400000,2026-06-20T00:30:00.000Z,63586,63749.9,63500,63570.9,691.6363,44014820.18238
1781916300000,2026-06-20T00:45:00.000Z,63570.9,63579.5,63480.3,63490.9,207.415,13175141.63585
1781917200000,2026-06-20T01:00:00.000Z,63490.9,63510,63392.5,63416,227.5349,14433812.67928
1781918100000,2026-06-20T01:15:00.000Z,63416,63487.1,63359.8,63473.7,168.5182,10687230.4824
1781919000000,2026-06-20T01:30:00.000Z,63473.7,63589.8,63473.6,63537.6,259.2406,16470983.20723
1781919900000,2026-06-20T01:45:00.000Z,63537.6,63558.5,63510,63545.8,54.216,3444585.93053
1781920800000,2026-06-20T02:00:00.000Z,63545.8,63545.8,63430,63437.8,103.8215,6590112.09658
1781921700000,2026-06-20T02:15:00.000Z,63437.8,63437.8,63350.5,63378.8,183.96,11659404.61192
1781922600000,2026-06-20T02:30:00.000Z,63378.8,63468.6,63327.3,63368.7,257.612,16329127.25739
1781923500000,2026-06-20T02:45:00.000Z,63368.7,63397.8,63300.4,63304.8,201.352,12752483.06046
1781924400000,2026-06-20T03:00:00.000Z,63304.8,63353.2,63282.2,63324.3,150.6404,9538481.31713
1781925300000,2026-06-20T03:15:00.000Z,63324.3,63427.7,63324.3,63413.9,95.1819,6032828.00096
1781926200000,2026-06-20T03:30:00.000Z,63413.9,63481.3,63380,63451.1,91.7369,5819807.60594
1781927100000,2026-06-20T03:45:00.000Z,63451.1,63464.4,63398.2,63439,41.6294,2640360.64428
1781928000000,2026-06-20T04:00:00.000Z,63439,63446.3,63366,63396.6,65.1974,4133548.24523
1781928900000,2026-06-20T04:15:00.000Z,63396.6,63538,63390.7,63532.2,240.7714,15287474.26106
1781929800000,2026-06-20T04:30:00.000Z,63532.2,63580,63482,63576.5,156.7816,9960640.23549
1781930700000,2026-06-20T04:45:00.000Z,63576.5,63580.7,63505.6,63553,81.2096,5160630.88283
1781931600000,2026-06-20T05:00:00.000Z,63553,63878,63503.6,63776.2,1272.2614,81092757.61687
1781932500000,2026-06-20T05:15:00.000Z,63776.2,63799.9,63593.4,63598.3,362.8932,23115814.14791
1781933400000,2026-06-20T05:30:00.000Z,63598.3,63698,63598.2,63606.5,261.3572,16633186.72673
1781934300000,2026-06-20T05:45:00.000Z,63606.5,63679,63555,63640.9,219.964,13993407.40424
1781935200000,2026-06-20T06:00:00.000Z,63640.9,63685.1,63603.5,63649.9,210.9196,13422060.55834
1781936100000,2026-06-20T06:15:00.000Z,63649.9,63717.1,63607.2,63664.5,169.9063,10817035.11102
1781937000000,2026-06-20T06:30:00.000Z,63664.5,63717.3,63653.5,63717.2,146.794,9349167.55902
1781937900000,2026-06-20T06:45:00.000Z,63717.2,63729.7,63684.4,63702.1,133.4191,8499567.81102
1781938800000,2026-06-20T07:00:00.000Z,63702.1,63703.1,63560.2,63630,237.3634,15097943.12407
1781939700000,2026-06-20T07:15:00.000Z,63630,63760,63629.9,63759.3,231.3452,14738551.6341
1781940600000,2026-06-20T07:30:00.000Z,63759.3,63771.4,63680,63713.9,151.2251,9636611.84133
1781941500000,2026-06-20T07:45:00.000Z,63713.9,63737.3,63611.1,63622.1,189.4214,12060636.0662
1781942400000,2026-06-20T08:00:00.000Z,63622.1,63634.5,63446.1,63519.7,586.3502,37251872.81686
1781943300000,2026-06-20T08:15:00.000Z,63519.7,63544.1,63434,63443,144.0728,9146560.7842
1781944200000,2026-06-20T08:30:00.000Z,63443,63460,63393.4,63420.1,310.7347,19709102.59684
1781945100000,2026-06-20T08:45:00.000Z,63420.1,63430,63360,63389.2,188.8096,11968840.64135
1781946000000,2026-06-20T09:00:00.000Z,63389.2,63510,63389.2,63492.1,598.2903,37961868.19889
1781946900000,2026-06-20T09:15:00.000Z,63492.1,63559.9,63480,63536.3,163.7742,10403319.96662
1781947800000,2026-06-20T09:30:00.000Z,63536.3,63691.4,63526.1,63669.8,354.5776,22558134.54534
1781948700000,2026-06-20T09:45:00.000Z,63669.8,63761.9,63603.8,63702.1,419.5635,26720784.14341
1781949600000,2026-06-20T10:00:00.000Z,63702.1,63747.7,63651.7,63656.5,217.2403,13838366.60456
1781950500000,2026-06-20T10:15:00.000Z,63656.5,63691.7,63608.4,63649.2,189.4409,12056678.65161
1781951400000,2026-06-20T10:30:00.000Z,63649.2,63670,63560,63572.9,183.3646,11660981.806
1781952300000,2026-06-20T10:45:00.000Z,63572.9,63650,63572.9,63650,118.1005,7513703.94913
1781953200000,2026-06-20T11:00:00.000Z,63650,63684.7,63585.3,63633.7,141.7261,9018826.4285
1781954100000,2026-06-20T11:15:00.000Z,63633.7,63714.4,63629.6,63663,212.9004,13557644.0904
1781955000000,2026-06-20T11:30:00.000Z,63663,63707.8,63652.4,63695.5,79.5519,5065881.68362
1781955900000,2026-06-20T11:45:00.000Z,63695.5,63774.9,63649.5,63649.5,208.6637,13294454.93001
1781956800000,2026-06-20T12:00:00.000Z,63649.5,63755,63640,63720.9,263.369,16778090.99817
1781957700000,2026-06-20T12:15:00.000Z,63720.9,63742.6,63669.9,63706.9,144.1117,9181052.97413
1781958600000,2026-06-20T12:30:00.000Z,63706.9,63719.9,63544.3,63592.5,228.8712,14556147.32955
1781959500000,2026-06-20T12:45:00.000Z,63592.5,63628.4,63499.1,63623.2,311.7136,19813725.58191
1781960400000,2026-06-20T13:00:00.000Z,63623.2,63625.6,63550,63550,90.0266,5724836.79088
1781961300000,2026-06-20T13:15:00.000Z,63550,63590,63240,63316.9,958.3194,60710226.83993
1781962200000,2026-06-20T13:30:00.000Z,63316.9,63441.3,63310,63420,440.7525,27933435.82122
1781963100000,2026-06-20T13:45:00.000Z,63420,63460,63325.5,63362.3,207.3217,13144795.65414
1781964000000,2026-06-20T14:00:00.000Z,63362.3,63385.7,63154.5,63183.9,650.6476,41146261.44259
1781964900000,2026-06-20T14:15:00.000Z,63183.9,63347.3,63183.9,63343,263.4255,16671905.39556
1781965800000,2026-06-20T14:30:00.000Z,63343,63499.9,63310,63478.5,412.2117,26135174.20348
1781966700000,2026-06-20T14:45:00.000Z,63478.5,64134.6,63464.8,63922,2951.556,188557434.12361
1781967600000,2026-06-20T15:00:00.000Z,63922,64017.7,63803,63977.1,857.9476,54831691.62962
1781968500000,2026-06-20T15:15:00.000Z,63977.1,64361.1,63932,64158.1,2126.278,136467565.91654
1781969400000,2026-06-20T15:30:00.000Z,64158.1,64176.1,64041.1,64080.1,529.3588,33925374.03301
1781970300000,2026-06-20T15:45:00.000Z,64080.1,64176.3,64041.6,64129.9,273.7477,17549238.90449
1781971200000,2026-06-20T16:00:00.000Z,64129.9,64146.2,63936.6,63966,444.1233,28418020.72687
1781972100000,2026-06-20T16:15:00.000Z,63966,64069.2,63946.6,63956.2,252.2013,16140817.99155
1781973000000,2026-06-20T16:30:00.000Z,63956.2,64020,63866.9,63967.5,496.025,31714637.62086
1781973900000,2026-06-20T16:45:00.000Z,63967.5,64014.3,63925.8,63994.9,143.0815,9153723.03411
1781974800000,2026-06-20T17:00:00.000Z,63994.9,63995.1,63855.8,63920,121.409,7758820.57912
1781975700000,2026-06-20T17:15:00.000Z,63920,63961.4,63833.2,63961.4,148.5184,9489408.67557
1781976600000,2026-06-20T17:30:00.000Z,63961.4,64000,63690,63829.6,748.8023,47773643.39289
1781977500000,2026-06-20T17:45:00.000Z,63829.6,63866.3,63776.2,63810.3,89.4142,5706273.85361
1781978400000,2026-06-20T18:00:00.000Z,63810.3,63898.1,63761.6,63792.5,135.3253,8637870.27705
1781979300000,2026-06-20T18:15:00.000Z,63792.5,63858.1,63792.5,63836.8,49.2646,3144470.72773
1781980200000,2026-06-20T18:30:00.000Z,63836.8,63858.3,63750,63786.7,77.3971,4938311.25126
1781981100000,2026-06-20T18:45:00.000Z,63786.7,63810,63750,63772.8,90.8148,5791007.98553
1781982000000,2026-06-20T19:00:00.000Z,63772.8,63899.8,63765,63870.1,117.0782,7475191.14643
1781982900000,2026-06-20T19:15:00.000Z,63870.1,63903.7,63820,63837.3,74.7763,4776141.25653
1781983800000,2026-06-20T19:30:00.000Z,63837.3,63940,63811.1,63912.8,87.716,5604941.87773
1781984700000,2026-06-20T19:45:00.000Z,63912.8,63922.6,63884.5,63909.9,21.6631,1384265.51899
1781985600000,2026-06-20T20:00:00.000Z,63909.9,63953.3,63890.5,63936,37.4061,2391367.19175
1781986500000,2026-06-20T20:15:00.000Z,63936,63949.9,63873.3,63879.9,55.2223,3529477.03818
1781987400000,2026-06-20T20:30:00.000Z,63879.9,63890,63820,63847.4,75.9206,4846910.52903
1781988300000,2026-06-20T20:45:00.000Z,63847.4,63909.9,63845.6,63900,57.6664,3683351.63652
1781989200000,2026-06-20T21:00:00.000Z,63900,64026.7,63891.9,63959.3,245.1375,15682983.14264
1781990100000,2026-06-20T21:15:00.000Z,63959.3,63970,63890.1,63903.2,265.7129,16987169.55411
1781991000000,2026-06-20T21:30:00.000Z,63903.2,64025.3,63888,64002.4,157.5298,10075818.03072
1781991900000,2026-06-20T21:45:00.000Z,64002.4,64070.3,63960,63984.3,341.396,21853417.81466
1781992800000,2026-06-20T22:00:00.000Z,63984.3,64139.4,63950,64110.8,276.3419,17707430.00718
1781993700000,2026-06-20T22:15:00.000Z,64110.8,64312.1,64040.9,64273.1,565.1387,36282836.31619
1781994600000,2026-06-20T22:30:00.000Z,64273.1,64327,64213,64249.9,349.5836,22462552.10063
1781995500000,2026-06-20T22:45:00.000Z,64249.9,64289.9,64213.3,64240.1,195.5317,12563611.14472
1781996400000,2026-06-20T23:00:00.000Z,64240.1,64263.7,64218,64228.2,115.0418,7390610.95404
1781997300000,2026-06-20T23:15:00.000Z,64228.2,64284.9,64209,64236.4,82.3884,5292119.95578
1781998200000,2026-06-20T23:30:00.000Z,64236.4,64300,64220.8,64298.1,94.3599,6063947.42682
1781999100000,2026-06-20T23:45:00.000Z,64298.1,64305,64240.6,64259.5,101.3578,6514638.44152
1782000000000,2026-06-21T00:00:00.000Z,64259.5,64276.2,64200.1,64224.9,143.0997,9190231.12165
1782000900000,2026-06-21T00:15:00.000Z,64224.9,64274.8,64197,64227.7,190.4098,12228252.26783
1782001800000,2026-06-21T00:30:00.000Z,64227.7,64285,64208,64250,118.8688,7636113.27837
1782002700000,2026-06-21T00:45:00.000Z,64250,64283.8,64213.4,64258.3,130.4864,8383572.37461
1782003600000,2026-06-21T01:00:00.000Z,64258.3,64283,64209.9,64214.1,133.3662,8568430.01904
1782004500000,2026-06-21T01:15:00.000Z,64214.1,64229.9,64203.1,64203.9,77.4899,4975736.87315
1782005400000,2026-06-21T01:30:00.000Z,64203.9,64257.9,64176,64215.4,226.8723,14564650.79258
1782006300000,2026-06-21T01:45:00.000Z,64215.4,64283.2,64210,64210,111.9532,7191619.49103
1782007200000,2026-06-21T02:00:00.000Z,64210,64224.3,64190,64224.3,66.7782,4287366.79925
1782008100000,2026-06-21T02:15:00.000Z,64224.3,64224.3,64181,64194.7,63.866,4099610.74206
1782009000000,2026-06-21T02:30:00.000Z,64194.7,64230,64184.1,64202.4,67.5447,4337271.26054
1782009900000,2026-06-21T02:45:00.000Z,64202.4,64240.6,64202.4,64210.3,42.6972,2742077.21059
1782010800000,2026-06-21T03:00:00.000Z,64210.3,64267,64200,64267,107.8773,6927848.01951
1782011700000,2026-06-21T03:15:00.000Z,64267,64448.9,64244,64313.3,747.2368,48109343.93241
1782012600000,2026-06-21T03:30:00.000Z,64313.3,64425,64254.4,64408.6,406.2707,26138289.25407
1782013500000,2026-06-21T03:45:00.000Z,64408.6,64414.9,64372,64392.4,99.7376,6422841.94678
1782014400000,2026-06-21T04:00:00.000Z,64392.4,64398.6,64344.8,64367.2,90.4041,5819202.53324
1782015300000,2026-06-21T04:15:00.000Z,64367.2,64550,64367.2,64491.6,443.0792,28569739.87441
1782016200000,2026-06-21T04:30:00.000Z,64491.6,64562,64450.1,64450.4,164.1078,10585461.66481
1782017100000,2026-06-21T04:45:00.000Z,64450.4,64450.4,64230,64247,469.7563,30214458.96321
1782018000000,2026-06-21T05:00:00.000Z,64247,64267,64200.9,64202.9,214.3353,13768088.95524
1782018900000,2026-06-21T05:15:00.000Z,64202.9,64271,64180.1,64270.9,222.1244,14266075.98807
1782019800000,2026-06-21T05:30:00.000Z,64270.9,64337.3,64253.7,64266.4,116.9244,7517831.13043
1782020700000,2026-06-21T05:45:00.000Z,64266.4,64266.4,64201,64224,186.3568,11968185.12764
1782021600000,2026-06-21T06:00:00.000Z,64224,64229.9,64152.1,64182.9,188.4233,12092899.29874
1782022500000,2026-06-21T06:15:00.000Z,64182.9,64270,64176.6,64245.3,118.3784,7602662.17998
1782023400000,2026-06-21T06:30:00.000Z,64245.3,64295,64220.5,64276.1,86.4546,5556339.8805
1782024300000,2026-06-21T06:45:00.000Z,64276.1,64289.1,64255,64267.9,100.3774,6450961.46003
1782025200000,2026-06-21T07:00:00.000Z,64267.9,64268,64207.6,64223.5,177.813,11420475.3213
1782026100000,2026-06-21T07:15:00.000Z,64223.5,64239,64140.3,64141,190.3033,12211578.09125
1782027000000,2026-06-21T07:30:00.000Z,64141,64218.7,64136,64218.7,302.9186,19440238.27273
1782027900000,2026-06-21T07:45:00.000Z,64218.7,64229.8,64143,64160,142.9617,9173506.57773
1782028800000,2026-06-21T08:00:00.000Z,64160,64199.9,64084.3,64086.8,404.8558,25959203.93146
1782029700000,2026-06-21T08:15:00.000Z,64086.8,64089,64020,64020,267.5913,17139155.45874
1782030600000,2026-06-21T08:30:00.000Z,64020,64036.8,63864,63951.9,695.8247,44483041.6995
1782031500000,2026-06-21T08:45:00.000Z,63951.9,63989.3,63886.1,63989.3,516.8453,33050936.03249
1782032400000,2026-06-21T09:00:00.000Z,63989.3,63998.6,63919.9,63946.3,409.2798,26176694.6959
1782033300000,2026-06-21T09:15:00.000Z,63946.3,64068,63930,64018.9,150.5916,9640114.71504
1782034200000,2026-06-21T09:30:00.000Z,64018.9,64227.8,64018.9,64107.5,554.071,35538350.59236
1782035100000,2026-06-21T09:45:00.000Z,64107.5,64200,64083.6,64183.2,320.5352,20562184.5602
1782036000000,2026-06-21T10:00:00.000Z,64183.2,64257.1,64171.5,64250.2,309.149,19853322.41633
1782036900000,2026-06-21T10:15:00.000Z,64250.2,64360,64216.8,64277.5,328.3288,21109877.93115
1782037800000,2026-06-21T10:30:00.000Z,64277.5,64354.2,64267.4,64310,224.0492,14407808.09928
1782038700000,2026-06-21T10:45:00.000Z,64310,64382.3,64276.8,64337.3,499.1753,32113961.52704
1782039600000,2026-06-21T11:00:00.000Z,64337.3,64450,64297.6,64381.8,472.9582,30449742.00218
1782040500000,2026-06-21T11:15:00.000Z,64381.8,64381.8,64078.1,64353.1,786.7371,50526114.43872
1782041400000,2026-06-21T11:30:00.000Z,64353.1,64367,64190,64245.9,499.5264,32091651.16929
1782042300000,2026-06-21T11:45:00.000Z,64245.9,64251,64071.2,64139.9,435.2338,27926362.34261
1782043200000,2026-06-21T12:00:00.000Z,64139.9,64199.7,64010,64041.3,289.4287,18556656.58649
1782044100000,2026-06-21T12:15:00.000Z,64041.3,64070,63951,63979.3,372.6722,23851150.40517
1782045000000,2026-06-21T12:30:00.000Z,63979.3,64053.3,63905.1,64020,257.1065,16447696.1008
1782045900000,2026-06-21T12:45:00.000Z,64020,64187,64012.1,64160.1,553.0968,35453736.6646
1782046800000,2026-06-21T13:00:00.000Z,64160.1,64160.1,64077.4,64082.3,189.4934,12148975.96695
1782047700000,2026-06-21T13:15:00.000Z,64082.3,64150,64081.7,64132.5,75.6351,4849991.4997
1782048600000,2026-06-21T13:30:00.000Z,64132.5,64135,63978.6,64009.3,278.5874,17834956.90616
1782049500000,2026-06-21T13:45:00.000Z,64009.3,64112.4,64001,64112.4,119.7307,7670508.24151
1782050400000,2026-06-21T14:00:00.000Z,64112.4,64117.1,64021.2,64035.4,175.6922,11255021.91327
1782051300000,2026-06-21T14:15:00.000Z,64035.4,64059.9,63972.7,64002.9,217.9161,13949096.31093
1782052200000,2026-06-21T14:30:00.000Z,64002.9,64054.1,63964,64023.2,133.0437,8515586.41545
1782053100000,2026-06-21T14:45:00.000Z,64023.2,64123,63975.9,64117,112.0826,7180405.52332
1782054000000,2026-06-21T15:00:00.000Z,64117,64278.4,64084.7,64173.7,607.715,39014289.75193
1782054900000,2026-06-21T15:15:00.000Z,64173.7,64250,64150.4,64232,245.1351,15737964.92054
1782055800000,2026-06-21T15:30:00.000Z,64232,64336.4,64160,64263.3,366.864,23568223.50418
1782056700000,2026-06-21T15:45:00.000Z,64263.3,64280,64183.9,64195.6,141.8123,9107107.84222
1782057600000,2026-06-21T16:00:00.000Z,64195.6,64220,64071.1,64110,213.7404,13710102.79489
1782058500000,2026-06-21T16:15:00.000Z,64110,64223.4,64084.4,64153.8,111.3913,7147132.55122
1782059400000,2026-06-21T16:30:00.000Z,64153.8,64164.6,64009.3,64076.1,255.7402,16381509.25904
1782060300000,2026-06-21T16:45:00.000Z,64076.1,64183.4,64070.8,64112.5,177.8516,11406636.46876
1782061200000,2026-06-21T17:00:00.000Z,64112.5,64195.9,64081.5,64173.3,187.3073,12015350.53173
1782062100000,2026-06-21T17:15:00.000Z,64173.3,64179.5,64068,64068,66.504,4264204.64563
1782063000000,2026-06-21T17:30:00.000Z,64068,64100,64039.6,64093.7,107.3352,6875644.47714
1782063900000,2026-06-21T17:45:00.000Z,64093.7,64159.4,64093.7,64110,70.0228,4491208.90147
1782064800000,2026-06-21T18:00:00.000Z,64110,64128.6,63905.5,63974.7,477.2754,30527285.61625
1782065700000,2026-06-21T18:15:00.000Z,63974.7,64032,63963.8,64010.8,65.9325,4219718.18528
1782066600000,2026-06-21T18:30:00.000Z,64010.8,64214.6,64003.9,64150.8,358.7794,23013280.37163
1782067500000,2026-06-21T18:45:00.000Z,64150.8,64191,64105.9,64176.4,70.4086,4516649.14226
1782068400000,2026-06-21T19:00:00.000Z,64176.4,64279.9,64130,64184.1,117.7167,7557798.22125
1782069300000,2026-06-21T19:15:00.000Z,64184.1,64215.8,64161.7,64189.9,36.7633,2359594.56656
1782070200000,2026-06-21T19:30:00.000Z,64189.9,64210,64140.3,64182.7,146.6292,9409047.5953
1782071100000,2026-06-21T19:45:00.000Z,64182.7,64200,64150,64170.5,36.6269,2350721.6041
1782072000000,2026-06-21T20:00:00.000Z,64170.5,64239,64093.7,64137.4,319.3932,20502415.7235
1782072900000,2026-06-21T20:15:00.000Z,64137.4,64139.9,64030,64083.7,127.049,8138633.68051
1782073800000,2026-06-21T20:30:00.000Z,64083.7,64098.9,63925,63944.2,122.8458,7859946.38199
1782074700000,2026-06-21T20:45:00.000Z,63944.2,63950,63656.8,63819.9,1210.0122,77161877.6995
1782075600000,2026-06-21T21:00:00.000Z,63819.9,63844.1,63487.7,63592.6,782.619,49792767.53198
1782076500000,2026-06-21T21:15:00.000Z,63592.6,63767.7,63468.8,63655.7,522.7985,33266885.18373
1782077400000,2026-06-21T21:30:00.000Z,63655.7,63945.9,63655.7,63860,607.6493,38769293.82993
1782078300000,2026-06-21T21:45:00.000Z,63860,63904.2,63743.9,63774.3,189.4446,12094199.12667
1782079200000,2026-06-21T22:00:00.000Z,63774.3,63832.1,63541.5,63604,555.0875,35334414.0627
1782080100000,2026-06-21T22:15:00.000Z,63604,63745,63600.8,63692.9,233.1713,14849914.44576
1782081000000,2026-06-21T22:30:00.000Z,63692.9,63692.9,63550.2,63642.9,269.2869,17126060.31226
1782081900000,2026-06-21T22:45:00.000Z,63642.9,63835.3,63630,63768.7,180.887,11531126.37522
1782082800000,2026-06-21T23:00:00.000Z,63768.7,63768.7,63581,63677.9,223.6018,14236816.62933
1782083700000,2026-06-21T23:15:00.000Z,63677.9,63766.8,63600.1,63604.9,206.3633,13144341.01272
1782084600000,2026-06-21T23:30:00.000Z,63604.9,63637,63257.6,63293.8,1321.9312,83798737.55044
1782085500000,2026-06-21T23:45:00.000Z,63293.8,63363.7,63233,63279.9,327.9764,20760583.93581
1782086400000,2026-06-22T00:00:00.000Z,63279.9,63567,63279.9,63477.1,451.7159,28653088.73604
1782087300000,2026-06-22T00:15:00.000Z,63477.1,63739,63470.1,63692.8,486.8291,30974719.59658
1782088200000,2026-06-22T00:30:00.000Z,63692.8,64067.3,63660.6,63882.4,1134.2767,72470379.59253
1782089100000,2026-06-22T00:45:00.000Z,63882.4,63983.8,63700,63866.4,501.542,32012484.8387
1782090000000,2026-06-22T01:00:00.000Z,63866.4,64035.5,63817.8,63864.9,404.4479,25852501.04932
1782090900000,2026-06-22T01:15:00.000Z,63864.9,64811.7,63864.9,64620,3188.6554,205587102.71256
1782091800000,2026-06-22T01:30:00.000Z,64620,64687.9,64343,64490.2,1086.9856,70138052.88373
1782092700000,2026-06-22T01:45:00.000Z,64490.2,64665.5,64450,64574.2,705.6849,45569662.89152
1782093600000,2026-06-22T02:00:00.000Z,64574.2,64640.6,64465.9,64520,290.3481,18745699.35654
1782094500000,2026-06-22T02:15:00.000Z,64520,64616.6,64474.2,64507.1,311.4099,20094663.6687
1782095400000,2026-06-22T02:30:00.000Z,64507.1,64553.7,64425.9,64460.7,243.4102,15697256.50352
1782096300000,2026-06-22T02:45:00.000Z,64460.7,64471.1,64215.2,64227.5,469.9766,30217610.88158
1782097200000,2026-06-22T03:00:00.000Z,64227.5,64229.1,63863.7,64021.8,1077.362,68997585.13499
1782098100000,2026-06-22T03:15:00.000Z,64021.8,64435,64021.8,64259.9,682.9224,43884220.27265
1782099000000,2026-06-22T03:30:00.000Z,64259.9,64419.6,64124.8,64149.9,312.3599,20067896.39612
1782099900000,2026-06-22T03:45:00.000Z,64149.9,64178.8,63888.9,63940.3,599.5596,38378417.21756
1782100800000,2026-06-22T04:00:00.000Z,63940.3,63990.6,63838.6,63939,407.7143,26060491.32716
1782101700000,2026-06-22T04:15:00.000Z,63939,63999.7,63865.2,63940.7,188.3346,12042969.05827
1782102600000,2026-06-22T04:30:00.000Z,63940.7,64037.4,63924.6,63932.2,223.0365,14270816.80389
1782103500000,2026-06-22T04:45:00.000Z,63932.2,64090,63925.2,64070.1,274.6243,17584191.46139
1782104400000,2026-06-22T05:00:00.000Z,64070.1,64274,64057.6,64254.2,404.2741,25943132.1579
1782105300000,2026-06-22T05:15:00.000Z,64254.2,64259.9,64171.2,64213,189.4326,12165754.02955
1782106200000,2026-06-22T05:30:00.000Z,64213,64309.5,64144.6,64237.1,385.1059,24736716.23155
1782107100000,2026-06-22T05:45:00.000Z,64237.1,64237.1,64150.2,64219.3,136.1553,8739737.99214
1782108000000,2026-06-22T06:00:00.000Z,64219.3,64300,64118.7,64195.8,240.9955,15468444.40422
1782108900000,2026-06-22T06:15:00.000Z,64195.8,64208.9,64052,64094,231.9288,14870195.50916
1782109800000,2026-06-22T06:30:00.000Z,64094,64120,63970.1,63980,318.7888,20413272.38928
1782110700000,2026-06-22T06:45:00.000Z,63980,64027.2,63915.6,63959.9,260.0867,16638146.58638
1782111600000,2026-06-22T07:00:00.000Z,63959.9,64231.8,63934.6,64182.8,288.5817,18500183.10269
1782112500000,2026-06-22T07:15:00.000Z,64182.8,64274,64171.6,64234.5,246.047,15799952.18123
1782113400000,2026-06-22T07:30:00.000Z,64234.5,64379.8,64214.2,64220.7,331.2082,21295952.33516
1782114300000,2026-06-22T07:45:00.000Z,64220.7,64240,64126.5,64181.9,132.6395,8513850.88162
1782115200000,2026-06-22T08:00:00.000Z,64181.9,64288.4,64070.8,64288.4,267.6128,17169058.07081
1782116100000,2026-06-22T08:15:00.000Z,64288.4,64317.9,64160,64161.1,165.4869,10633710.80898
1782117000000,2026-06-22T08:30:00.000Z,64161.1,64239.9,64006.5,64237.2,534.5147,34267341.02791
1782117900000,2026-06-22T08:45:00.000Z,64237.2,64260,64071.6,64133.9,312.8766,20081452.05609
1782118800000,2026-06-22T09:00:00.000Z,64133.9,64230,64113.4,64155.8,145.9791,9369190.11402
1782119700000,2026-06-22T09:15:00.000Z,64155.8,64170,64059.9,64084.1,135.3006,8673068.74167
1782120600000,2026-06-22T09:30:00.000Z,64084.1,64164.7,64017.1,64100.2,290.362,18604954.11906
1782121500000,2026-06-22T09:45:00.000Z,64100.2,64120,64063,64113.7,60.433,3873217.28963
1782122400000,2026-06-22T10:00:00.000Z,64113.7,64250.4,64099.4,64184.9,250.8661,16101277.48638
1782123300000,2026-06-22T10:15:00.000Z,64184.9,64213.9,64110.7,64147.3,81.9265,5255836.13674
1782124200000,2026-06-22T10:30:00.000Z,64147.3,64180,64050,64054.5,135.2874,8672302.03127
1782125100000,2026-06-22T10:45:00.000Z,64054.5,64146.8,64054.5,64113.2,87.3023,5597557.26699
1782126000000,2026-06-22T11:00:00.000Z,64113.2,64373.8,64070,64282.4,471.0807,30280694.52792
1782126900000,2026-06-22T11:15:00.000Z,64282.4,64443.3,64197.7,64336.1,695.819,44766882.32426
1782127800000,2026-06-22T11:30:00.000Z,64336.1,64730,64333.4,64588.5,1479.2532,95527091.38376
1782128700000,2026-06-22T11:45:00.000Z,64588.5,64748.4,64534.1,64618.4,497.4311,32151191.30727
1782129600000,2026-06-22T12:00:00.000Z,64618.4,64912.2,64540.7,64718.6,1565.1422,101365874.86712
1782130500000,2026-06-22T12:15:00.000Z,64718.6,64955,64656.5,64919.4,846.5713,54885067.83343
1782131400000,2026-06-22T12:30:00.000Z,64919.4,65148,64800.3,65025.5,1591.3295,103443526.06643
1782132300000,2026-06-22T12:45:00.000Z,65025.5,65183,64950.1,65115.7,1087.3247,70791582.74317
1782133200000,2026-06-22T13:00:00.000Z,65115.7,65168.9,64993.1,65106.5,848.9425,55251310.96058
1782134100000,2026-06-22T13:15:00.000Z,65106.5,65120,64910,64959.9,624.5499,40597757.40284
1782135000000,2026-06-22T13:30:00.000Z,64959.9,65428.2,64930,65369.3,2176.253,141987167.47242
1782135900000,2026-06-22T13:45:00.000Z,65369.3,65551,65330,65540,1282.0743,83936911.75919
1782136800000,2026-06-22T14:00:00.000Z,65540,65588,65240.5,65263.9,1118.0364,73138634.62559
1782137700000,2026-06-22T14:15:00.000Z,65263.9,65268.6,64934,64934,1012.8687,65923800.96029
1782138600000,2026-06-22T14:30:00.000Z,64934,65049.7,64830,64876.2,1232.9633,80048095.35106
1782139500000,2026-06-22T14:45:00.000Z,64876.2,65028.3,64801,64946.5,554.4363,35990960.08117
1782140400000,2026-06-22T15:00:00.000Z,64946.5,65114.1,64881.6,65052.6,788.7603,51269873.93653
1782141300000,2026-06-22T15:15:00.000Z,65052.6,65088,64904.1,65023.1,449.8353,29229266.95213
1782142200000,2026-06-22T15:30:00.000Z,65023.1,65103.1,64988.3,65040.6,299.8272,19502045.3395
1782143100000,2026-06-22T15:45:00.000Z,65040.6,65055,64716.8,64810.3,786.7248,51001631.19495
1782144000000,2026-06-22T16:00:00.000Z,64810.3,64841.2,64628.3,64708.9,826.7552,53488169.99349
1782144900000,2026-06-22T16:15:00.000Z,64708.9,64773.6,64600.6,64669.4,519.7675,33622470.52542
1782145800000,2026-06-22T16:30:00.000Z,64669.4,64678.4,64522,64562.5,502.8216,32480321.87629
1782146700000,2026-06-22T16:45:00.000Z,64562.5,64789,64492,64704.8,747.9192,48343454.34164
1782147600000,2026-06-22T17:00:00.000Z,64704.8,64754.6,64603,64657.6,276.0509,17853646.68373
1782148500000,2026-06-22T17:15:00.000Z,64657.6,64680,64505.9,64507.6,182.4095,11776194.61726
1782149400000,2026-06-22T17:30:00.000Z,64507.6,64507.6,64339.5,64405.7,737.5813,47513505.94016
1782150300000,2026-06-22T17:45:00.000Z,64405.7,64630.7,64400.4,64583.9,252.6402,16304288.65712
1782151200000,2026-06-22T18:00:00.000Z,64583.9,64723.1,64583.9,64652.6,303.0913,19597589.10529
1782152100000,2026-06-22T18:15:00.000Z,64652.6,64699.6,64549.4,64579.3,182.0889,11767473.97079
1782153000000,2026-06-22T18:30:00.000Z,64579.3,64606,64485,64492,135.7151,8761315.13986
1782153900000,2026-06-22T18:45:00.000Z,64492,64506.3,64300,64319,680.3122,43792165.76071
1782154800000,2026-06-22T19:00:00.000Z,64319,64407.4,64288.5,64391.4,340.5961,21911624.50683
1782155700000,2026-06-22T19:15:00.000Z,64391.4,64429.8,64273.2,64333.4,398.8642,25665407.7517
1782156600000,2026-06-22T19:30:00.000Z,64333.4,64441.3,64327.1,64381,138.3928,8911517.56072
1782157500000,2026-06-22T19:45:00.000Z,64381,64490,64256.5,64460.2,449.9723,28967596.90407
1782158400000,2026-06-22T20:00:00.000Z,64460.2,64645.5,64453.6,64502.8,460.5331,29727338.36881
1782159300000,2026-06-22T20:15:00.000Z,64502.8,64533.5,64333.3,64390.5,215.0798,13855077.8499
1782160200000,2026-06-22T20:30:00.000Z,64390.5,64492.7,64383.5,64464,142.7454,9199657.62206
1782161100000,2026-06-22T20:45:00.000Z,64464,64470.7,64370.2,64418.7,98.583,6351207.82946
1782162000000,2026-06-22T21:00:00.000Z,64418.7,64467.2,64328.4,64380.4,145.3673,9359066.14326
1782162900000,2026-06-22T21:15:00.000Z,64380.4,64380.4,64225.6,64280.3,280.2986,18016492.3388
1782163800000,2026-06-22T21:30:00.000Z,64280.3,64309.3,64111,64162.7,333.2405,21389854.04249
1782164700000,2026-06-22T21:45:00.000Z,64162.7,64296.9,64144.9,64296.5,215.8581,13864442.69354
1782165600000,2026-06-22T22:00:00.000Z,64296.5,64380,64239.7,64281.3,157.02,10098370.88164
1782166500000,2026-06-22T22:15:00.000Z,64281.3,64291.1,63863.6,64009.9,1043.9468,66866837.97092
1782167400000,2026-06-22T22:30:00.000Z,64009.9,64113.7,63753.5,63822.4,767.1849,49024976.83539
1782168300000,2026-06-22T22:45:00.000Z,63822.4,63977.7,63804.4,63949.8,371.6296,23748073.92903
1782169200000,2026-06-22T23:00:00.000Z,63949.8,63994.1,63862.5,63918.3,379.0282,24230465.56943
1782170100000,2026-06-22T23:15:00.000Z,63918.3,64033,63850.2,64014.2,354.3914,22653320.26259
1782171000000,2026-06-22T23:30:00.000Z,64014.2,64015.8,63927.6,63964.3,124.1992,7945650.51049
1782171900000,2026-06-22T23:45:00.000Z,63964.3,64028.6,63918.6,63993.8,137.2905,8784316.56362
1782172800000,2026-06-23T00:00:00.000Z,63993.8,64011.7,63859.7,63935.9,265.922,17003668.46479
1782173700000,2026-06-23T00:15:00.000Z,63935.9,63982.4,63801.2,63833,234.0288,14942769.76679
1782174600000,2026-06-23T00:30:00.000Z,63833,64087,63831.1,64083.3,243.5101,15579720.73491
1782175500000,2026-06-23T00:45:00.000Z,64083.3,64137.9,64017.1,64126.5,287.4764,18421507.84194
1782176400000,2026-06-23T01:00:00.000Z,64126.5,64250,64100.1,64185.5,502.9011,32273924.83069
1782177300000,2026-06-23T01:15:00.000Z,64185.5,64233.1,64114,64175.8,233.6997,14996941.91409
1782178200000,2026-06-23T01:30:00.000Z,64175.8,64226.7,63961.2,64023.9,368.8361,23630579.17084
1782179100000,2026-06-23T01:45:00.000Z,64023.9,64155.3,63863.6,64125.5,438.5883,28075829.47995
1782180000000,2026-06-23T02:00:00.000Z,64125.5,64165.3,64006.1,64092.3,194.1383,12444000.2088
1782180900000,2026-06-23T02:15:00.000Z,64092.3,64201,64092.3,64140.8,201.8388,12950466.21782
1782181800000,2026-06-23T02:30:00.000Z,64140.8,64230.7,64130.2,64176,138.1077,8864085.69161
1782182700000,2026-06-23T02:45:00.000Z,64176,64246.6,64130,64172.8,157.1359,10086108.60044
1782183600000,2026-06-23T03:00:00.000Z,64172.8,64179.4,63939.1,63996.8,360.9391,23104335.8972
1782184500000,2026-06-23T03:15:00.000Z,63996.8,64076.1,63984.6,64067.2,114.0786,7304669.18101
1782185400000,2026-06-23T03:30:00.000Z,64067.2,64067.2,63935.6,63971.1,140.0594,8961532.27505
1782186300000,2026-06-23T03:45:00.000Z,63971.1,64062.2,63965.7,64042.8,128.2392,8208969.85698
1782187200000,2026-06-23T04:00:00.000Z,64042.8,64074.6,63982.4,64027.3,142.3277,9113831.24002
1782188100000,2026-06-23T04:15:00.000Z,64027.3,64027.4,63880.2,63955.4,228.1158,14582983.82445
1782189000000,2026-06-23T04:30:00.000Z,63955.4,63955.4,63774.4,63784.1,426.5572,27226311.10553
1782189900000,2026-06-23T04:45:00.000Z,63784.1,63839.2,63574.6,63596.3,1018.6989,64884210.77442
1782190800000,2026-06-23T05:00:00.000Z,63596.3,63709.4,63576,63589.6,615.1063,39139512.79673
1782191700000,2026-06-23T05:15:00.000Z,63589.6,63657.7,63362.5,63450,1251.5668,79457736.10138
1782192600000,2026-06-23T05:30:00.000Z,63450,63495.7,63349.2,63415,397.3566,25199262.55527
1782193500000,2026-06-23T05:45:00.000Z,63415,63429,63330.9,63370.1,468.4815,29688394.21685
1782194400000,2026-06-23T06:00:00.000Z,63370.1,63373.1,63073.4,63187,1356.4181,85714545.95374
1782195300000,2026-06-23T06:15:00.000Z,63187,63257.9,62534.7,62743,3597.5814,225785515.87376
1782196200000,2026-06-23T06:30:00.000Z,62743,62971,62653.7,62918.9,1429.8501,89840860.06581
1782197100000,2026-06-23T06:45:00.000Z,62918.9,63028.4,62884.2,62908.4,456.2422,28718223.67203
1782198000000,2026-06-23T07:00:00.000Z,62908.4,63037.3,62853,63005.6,490.0788,30850206.2281
1782198900000,2026-06-23T07:15:00.000Z,63005.6,63068.4,62950,62971,380.7119,23986772.03825
1782199800000,2026-06-23T07:30:00.000Z,62971,63011.7,62838.6,62863.6,887.8422,55861606.90527
1782200700000,2026-06-23T07:45:00.000Z,62863.6,62958.8,62815.9,62849.9,226.2125,14224439.16031
1782201600000,2026-06-23T08:00:00.000Z,62849.9,62918.8,62606.4,62635.3,656.5317,41203689.78981
1782202500000,2026-06-23T08:15:00.000Z,62635.3,62660.1,61880,62008.5,4053.8991,252430663.26108
1782203400000,2026-06-23T08:30:00.000Z,62008.5,62412.6,62000,62350,1904.5281,118577878.45437
1782204300000,2026-06-23T08:45:00.000Z,62350,62432.5,62266.7,62351.9,590.5097,36818169.37064
1782205200000,2026-06-23T09:00:00.000Z,62351.9,62444.9,62317.1,62409.3,468.8093,29250311.66688
1782206100000,2026-06-23T09:15:00.000Z,62409.3,62484.5,62409.3,62484.4,338.4337,21136968.97592
1782207000000,2026-06-23T09:30:00.000Z,62484.4,62484.5,62313.3,62330.2,379.2923,23667949.68923
1782207900000,2026-06-23T09:45:00.000Z,62330.2,62398.7,62314.6,62350.8,192.3775,11996557.42521
1782208800000,2026-06-23T10:00:00.000Z,62350.8,62557.9,62349.5,62440.8,481.3163,30077621.15276
1782209700000,2026-06-23T10:15:00.000Z,62440.8,62440.8,62293.3,62338.3,339.5855,21174708.71833
1782210600000,2026-06-23T10:30:00.000Z,62338.3,62356.4,62213.4,62231.3,384.5652,23944432.64574
1782211500000,2026-06-23T10:45:00.000Z,62231.3,62324,62215.1,62298.5,445.3313,27728030.43002
1782212400000,2026-06-23T11:00:00.000Z,62298.5,62403.2,62292.1,62362.9,356.9093,22253342.5743
1782213300000,2026-06-23T11:15:00.000Z,62362.9,62554,62358.9,62518.7,519.3342,32448951.12368
1782214200000,2026-06-23T11:30:00.000Z,62518.7,62614.4,62492.9,62536.8,590.1197,36915558.39957
1782215100000,2026-06-23T11:45:00.000Z,62536.8,62580,62385,62482.8,318.1009,19869372.41327
1782216000000,2026-06-23T12:00:00.000Z,62482.8,62538.2,62354.6,62399.9,225.1224,14055502.20416
1782216900000,2026-06-23T12:15:00.000Z,62399.9,62423.3,62301.8,62374.5,209.6506,13071074.56535
1782217800000,2026-06-23T12:30:00.000Z,62374.5,62449.7,62269.3,62307.3,374.3298,23334777.5376
1782218700000,2026-06-23T12:45:00.000Z,62307.3,62313.3,62144.1,62231.8,626.3241,38980412.92734
1782219600000,2026-06-23T13:00:00.000Z,62231.8,62265.4,62030.3,62156,932.9684,57972838.26683
1782220500000,2026-06-23T13:15:00.000Z,62156,62156,62007.5,62032.9,513.7379,31881796.99832
1782221400000,2026-06-23T13:30:00.000Z,62032.9,62451.7,61930.6,62375.1,1684.8536,104861270.03681
1782222300000,2026-06-23T13:45:00.000Z,62375.1,62520,62241.1,62454.5,734.771,45860963.32372
1782223200000,2026-06-23T14:00:00.000Z,62454.5,62760.5,62402.8,62706.4,953.642,59678376.1118
1782224100000,2026-06-23T14:15:00.000Z,62706.4,62826.1,62413.5,62550.2,1321.8136,82788836.05245
1782225000000,2026-06-23T14:30:00.000Z,62550.2,62755.6,62424.8,62494.9,630.2546,39445011.87622
1782225900000,2026-06-23T14:45:00.000Z,62494.9,62587.9,62330.2,62470.3,531.5605,33203623.76433
1782226800000,2026-06-23T15:00:00.000Z,62470.3,62489.1,62278.6,62352,487.6084,30409184.56102
1782227700000,2026-06-23T15:15:00.000Z,62352,62352,62148.6,62247.4,561.5093,34948591.58831
1782228600000,2026-06-23T15:30:00.000Z,62247.4,62475.4,62245.2,62266.4,431.2403,26896112.37363
1782229500000,2026-06-23T15:45:00.000Z,62266.4,62465,62171,62461.1,361.6715,22544625.19006
1782230400000,2026-06-23T16:00:00.000Z,62461.1,62800,62390.4,62755.4,1044.4194,65421441.30483
1782231300000,2026-06-23T16:15:00.000Z,62755.4,62791.7,62533.2,62554.4,424.9523,26609543.88964
1782232200000,2026-06-23T16:30:00.000Z,62554.4,62629.7,62545.3,62592.4,130.6409,8176092.59344
1782233100000,2026-06-23T16:45:00.000Z,62592.4,62611.1,62460,62521,178.4675,11156721.24213
1782234000000,2026-06-23T17:00:00.000Z,62521,62523.9,62351.1,62398.2,257.6268,16084539.39862
1782234900000,2026-06-23T17:15:00.000Z,62398.2,62639.2,62392.6,62614.7,164.226,10271186.36972
1782235800000,2026-06-23T17:30:00.000Z,62614.7,62664.4,62465.2,62498.3,177.2485,11088464.13015
1782236700000,2026-06-23T17:45:00.000Z,62498.3,62526.3,62293.3,62323.2,272.7615,17015395.17732
1782237600000,2026-06-23T18:00:00.000Z,62323.2,62422.8,62237.4,62340.5,213.813,13328117.81424
1782238500000,2026-06-23T18:15:00.000Z,62340.5,62382,62286.2,62322,138.1487,8610810.01384
1782239400000,2026-06-23T18:30:00.000Z,62322,62322,62111.3,62118.9,252.7177,15718197.91261
1782240300000,2026-06-23T18:45:00.000Z,62118.9,62240.3,62070,62207.1,282.5404,17561082.37886
1782241200000,2026-06-23T19:00:00.000Z,62207.1,62398.9,62197.4,62341.3,180.4506,11245244.55076
1782242100000,2026-06-23T19:15:00.000Z,62341.3,62418.8,62224.1,62413.9,115.578,7201466.24109
1782243000000,2026-06-23T19:30:00.000Z,62413.9,62453.1,62273,62274.7,104.513,6518738.52854
1782243900000,2026-06-23T19:45:00.000Z,62274.7,62399,62244.4,62367.1,189.0808,11783418.0273
1782244800000,2026-06-23T20:00:00.000Z,62367.1,62527.1,62367.1,62416.3,227.4013,14205174.31813
1782245700000,2026-06-23T20:15:00.000Z,62416.3,62491,62380.8,62463.8,186.879,11670103.37755
1782246600000,2026-06-23T20:30:00.000Z,62463.8,62467.4,62422.5,62445.8,46.0087,2873319.93838
1782247500000,2026-06-23T20:45:00.000Z,62445.8,62452.7,62338.9,62439.7,176.2686,10997182.00982
1782248400000,2026-06-23T21:00:00.000Z,62439.7,62583.3,62439.7,62489.3,202.2875,12646767.96931
1782249300000,2026-06-23T21:15:00.000Z,62489.3,62549.1,62440.1,62544.7,66.4835,4154000.75594
1782250200000,2026-06-23T21:30:00.000Z,62544.7,62609.1,62520.9,62592.5,86.3723,5403679.94841
1782251100000,2026-06-23T21:45:00.000Z,62592.5,62635.1,62550.6,62567.3,115.4335,7225961.56905
1782252000000,2026-06-23T22:00:00.000Z,62567.3,62748.1,62560,62717.7,187.5353,11752298.33186
1782252900000,2026-06-23T22:15:00.000Z,62717.7,62748.2,62526.4,62582.8,226.1824,14166712.94725
1782253800000,2026-06-23T22:30:00.000Z,62582.8,62599.9,62500.1,62511.7,60.3226,3772678.2094
1782254700000,2026-06-23T22:45:00.000Z,62511.7,62587.9,62490,62559.3,115.0804,7195010.7009
1782255600000,2026-06-23T23:00:00.000Z,62559.3,62587.2,62458.8,62487.6,120.8386,7554343.77059
1782256500000,2026-06-23T23:15:00.000Z,62487.6,62662.9,62487.6,62634.9,108.1521,6767824.07528
1782257400000,2026-06-23T23:30:00.000Z,62634.9,62650.4,62563.2,62588.4,56.215,3519668.32558
1782258300000,2026-06-23T23:45:00.000Z,62588.4,62778.3,62579.9,62698.1,188.3109,11809964.90514
1782259200000,2026-06-24T00:00:00.000Z,62698.1,62900,62698.1,62864.2,756.315,47510718.24301
1782260100000,2026-06-24T00:15:00.000Z,62864.2,62899,62781.9,62821.2,258.4109,16238430.18237
1782261000000,2026-06-24T00:30:00.000Z,62821.2,62998.3,62761.6,62927.4,451.8188,28423591.78628
1782261900000,2026-06-24T00:45:00.000Z,62927.4,62998.4,62870,62987.1,277.8411,17491385.47993
1782262800000,2026-06-24T01:00:00.000Z,62987.1,62999.1,62824.3,62954.6,367.1418,23098158.95863
1782263700000,2026-06-24T01:15:00.000Z,62954.6,62954.6,62740,62884.4,309.7412,19459823.15713
1782264600000,2026-06-24T01:30:00.000Z,62884.4,63096.6,62882.1,62921.4,561.4558,35383802.6162
1782265500000,2026-06-24T01:45:00.000Z,62921.4,63004.1,62900.1,62906.9,203.7004,12823871.09697
1782266400000,2026-06-24T02:00:00.000Z,62906.9,62997.2,62787.3,62850.1,411.5034,25870162.21913
1782267300000,2026-06-24T02:15:00.000Z,62850.1,62850.1,62644.5,62735.7,362.23,22716072.005
1782268200000,2026-06-24T02:30:00.000Z,62735.7,62779.9,62583,62706.2,259.2396,16251614.9509
1782269100000,2026-06-24T02:45:00.000Z,62706.2,62748.6,62582.5,62601.9,404.7023,25362561.95539
1782270000000,2026-06-24T03:00:00.000Z,62601.9,62655,62538,62560.3,307.4976,19250324.68684
1782270900000,2026-06-24T03:15:00.000Z,62560.3,62646.7,62425.5,62642.6,407.4981,25470612.2837
1782271800000,2026-06-24T03:30:00.000Z,62642.6,62815.3,62637.2,62770,467.0272,29296541.55403
1782272700000,2026-06-24T03:45:00.000Z,62770,62800,62681.8,62703.1,156.7529,9833910.89403
1782273600000,2026-06-24T04:00:00.000Z,62703.1,62725.6,62601,62636.1,208.06,13034254.71163
1782274500000,2026-06-24T04:15:00.000Z,62636.1,62670.9,62495.5,62559.8,231.9594,14517553.66856
1782275400000,2026-06-24T04:30:00.000Z,62559.8,62717.7,62557.9,62628.2,209.1092,13099023.25465
1782276300000,2026-06-24T04:45:00.000Z,62628.2,62770.8,62628.2,62718,226.0082,14178148.04814
1782277200000,2026-06-24T05:00:00.000Z,62718,62826,62675.6,62757.4,161.5002,10135376.25056
1782278100000,2026-06-24T05:15:00.000Z,62757.4,62863.9,62740.6,62852.9,287.2273,18044873.77334
1782279000000,2026-06-24T05:30:00.000Z,62852.9,63045.9,62826.2,62895.8,569.0526,35826000.41728
1782279900000,2026-06-24T05:45:00.000Z,62895.8,62937,62824.6,62858.3,172.5666,10849276.46449
1782280800000,2026-06-24T06:00:00.000Z,62858.3,62871.5,62734.1,62809,211.5725,13284301.125
1782281700000,2026-06-24T06:15:00.000Z,62809,62884,62752.8,62829.6,157.7288,9909345.09467
1782282600000,2026-06-24T06:30:00.000Z,62829.6,62852.3,62756,62756,115.0498,7226352.43037
1782283500000,2026-06-24T06:45:00.000Z,62756,62769,62688.1,62754.6,152.8042,9585640.76598
1782284400000,2026-06-24T07:00:00.000Z,62754.6,62822.4,62663,62778.4,653.3598,40990129.42312
1782285300000,2026-06-24T07:15:00.000Z,62778.4,62794.3,62641,62641,188.6482,11827688.75108
1782286200000,2026-06-24T07:30:00.000Z,62641,62700,62600.9,62667,191.5546,11999150.32938
1782287100000,2026-06-24T07:45:00.000Z,62667,62706.9,62578.2,62630.2,313.4929,19635831.83465
1782288000000,2026-06-24T08:00:00.000Z,62630.2,62673.3,62580,62637.8,255.0701,15975653.05719
1782288900000,2026-06-24T08:15:00.000Z,62637.8,62700.7,62614.6,62688.1,177.3333,11111936.60082
1782289800000,2026-06-24T08:30:00.000Z,62688.1,62778.2,62644.2,62766.2,253.8574,15925218.77764
1782290700000,2026-06-24T08:45:00.000Z,62766.2,62781.3,62715,62772.4,124.3615,7805093.78419
1782291600000,2026-06-24T09:00:00.000Z,62772.4,62775.5,62651,62750.3,156.5051,9814757.1282
1782292500000,2026-06-24T09:15:00.000Z,62750.3,62757.7,62650,62655,78.4244,4916289.44804
1782293400000,2026-06-24T09:30:00.000Z,62655,62677.9,62606.1,62634.4,219.6503,13757364.84828
1782294300000,2026-06-24T09:45:00.000Z,62634.4,62691.6,62606,62653.3,86.1525,5397686.38015
1782295200000,2026-06-24T10:00:00.000Z,62653.3,62657.6,62524.5,62584.7,228.8791,14323680.28742
1782296100000,2026-06-24T10:15:00.000Z,62584.7,62607.6,62422.5,62515.8,397.0141,24818763.90396
1782297000000,2026-06-24T10:30:00.000Z,62515.8,62602.2,62480.3,62564.8,253.6195,15864016.66442
1782297900000,2026-06-24T10:45:00.000Z,62564.8,62572.2,62382.5,62411.9,286.8903,17916981.05284
1782298800000,2026-06-24T11:00:00.000Z,62411.9,62448.1,62263.4,62343,546.5567,34075505.79038
1782299700000,2026-06-24T11:15:00.000Z,62343,62385.6,62286,62348.1,220.5927,13752196.88386
1782300600000,2026-06-24T11:30:00.000Z,62348.1,62720,62348,62703.6,735.4526,46015866.70679
1782301500000,2026-06-24T11:45:00.000Z,62703.6,63210,62686.8,62889.3,1829.9352,115172990.16198
1782302400000,2026-06-24T12:00:00.000Z,62889.3,62938,62765.6,62800,572.4163,35975496.31156
1782303300000,2026-06-24T12:15:00.000Z,62800,62869.7,62721.5,62789.8,447.8508,28111362.52026
1782304200000,2026-06-24T12:30:00.000Z,62789.8,62879.4,62728.3,62816.4,169.324,10635147.12945
1782305100000,2026-06-24T12:45:00.000Z,62816.4,62834.1,62552,62589.1,507.1693,31770859.56761
1782306000000,2026-06-24T13:00:00.000Z,62589.1,62600,61950,62010,2139.7385,133090966.09354
1782306900000,2026-06-24T13:15:00.000Z,62010,62202.5,61658,61825.1,2259.0794,139776447.2997
1782307800000,2026-06-24T13:30:00.000Z,61825.1,62134,61375,61468.8,3122.6483,192820405.61641
1782308700000,2026-06-24T13:45:00.000Z,61468.8,61633.7,61213.2,61308,2361.0623,144974730.79579
1782309600000,2026-06-24T14:00:00.000Z,61308,61448.8,61084.8,61217.4,1950.2556,119479322.56585
1782310500000,2026-06-24T14:15:00.000Z,61217.4,61300,60861.1,61215.4,2746.8951,167740031.77848
1782311400000,2026-06-24T14:30:00.000Z,61215.4,61373.3,61042.2,61143.3,1192.2387,73002271.96259
1782312300000,2026-06-24T14:45:00.000Z,61143.3,61237.4,60922.5,61101.5,1088.2773,66471346.63127
1782313200000,2026-06-24T15:00:00.000Z,61101.5,61109.9,60825.4,60884.5,1260.2069,76784041.07541
1782314100000,2026-06-24T15:15:00.000Z,60884.5,61130.7,60796.5,60860,1150.6514,70103465.15935
1782315000000,2026-06-24T15:30:00.000Z,60860,60866.1,60521,60557.2,1803.2208,109419046.91404
1782315900000,2026-06-24T15:45:00.000Z,60557.2,60568.4,60240,60252.4,2560.9116,154672746.73961
1782316800000,2026-06-24T16:00:00.000Z,60252.4,60549.6,60205.8,60506.5,1557.5306,94030056.29413
1782317700000,2026-06-24T16:15:00.000Z,60506.5,60666,60405,60534.9,1096.1275,66335612.31331
1782318600000,2026-06-24T16:30:00.000Z,60534.9,60552.8,60150,60242.2,1124.8608,67820374.07633
1782319500000,2026-06-24T16:45:00.000Z,60242.2,60242.2,59599.1,59826,5641.5126,337646926.48349
1782320400000,2026-06-24T17:00:00.000Z,59826,60042.5,59688,59817.8,1804.2755,108044630.99064
1782321300000,2026-06-24T17:15:00.000Z,59817.8,59860,59312,59658.6,2915.8543,173548944.97828
1782322200000,2026-06-24T17:30:00.000Z,59658.6,59734.7,59261.4,59306.7,1669.6938,99273865.3874
1782323100000,2026-06-24T17:45:00.000Z,59306.7,59477,59071.4,59375.4,2371.446,140589392.16257
1782324000000,2026-06-24T18:00:00.000Z,59375.4,59606.5,59274.2,59577.2,1139.0021,67728108.19457
1782324900000,2026-06-24T18:15:00.000Z,59577.2,59913.1,59550.1,59693,1806.0497,107926477.01699
1782325800000,2026-06-24T18:30:00.000Z,59693,59729.9,59461.3,59539.3,1037.2724,61797234.1499
1782326700000,2026-06-24T18:45:00.000Z,59539.3,59637,59392.3,59585.7,489.8083,29155546.8016
1782327600000,2026-06-24T19:00:00.000Z,59585.7,59721.9,59496.4,59664.1,656.6174,39157129.43965
1782328500000,2026-06-24T19:15:00.000Z,59664.1,59832.9,59570.1,59812.9,524.6642,31337318.65476
1782329400000,2026-06-24T19:30:00.000Z,59812.9,59889.9,59703.6,59768,388.7545,23249309.8689
1782330300000,2026-06-24T19:45:00.000Z,59768,59976.4,59720,59934,561.0171,33573729.36248
1782331200000,2026-06-24T20:00:00.000Z,59934,60825.4,59824.6,60649.5,3942.2754,238238432.73356
1782332100000,2026-06-24T20:15:00.000Z,60649.5,60808.1,60559.3,60749.6,939.4151,57007843.72269
1782333000000,2026-06-24T20:30:00.000Z,60749.6,60900.5,60650.6,60850.1,767.665,46683672.93007
1782333900000,2026-06-24T20:45:00.000Z,60850.1,61192.5,60837.7,60936.5,1678.0771,102424743.14024
1782334800000,2026-06-24T21:00:00.000Z,60936.5,61000,60635.3,60694,892.584,54245191.47173
1782335700000,2026-06-24T21:15:00.000Z,60694,60880,60660,60824.1,247.4076,15043035.8347
1782336600000,2026-06-24T21:30:00.000Z,60824.1,61116.9,60767.2,61059.9,474.9119,28970014.93418
1782337500000,2026-06-24T21:45:00.000Z,61059.9,61110.1,60971.5,61077.7,357.6031,21833893.49591
1782338400000,2026-06-24T22:00:00.000Z,61077.7,61251.2,60969.6,60972.2,729.4569,44576187.3514
1782339300000,2026-06-24T22:15:00.000Z,60972.2,60991.4,60843.8,60858,387.9093,23628507.83276
1782340200000,2026-06-24T22:30:00.000Z,60858,60927.2,60770.9,60892.2,497.8252,30301719.81777
1782341100000,2026-06-24T22:45:00.000Z,60892.2,60892.2,60785.7,60843.7,149.5638,9098744.67803
1782342000000,2026-06-24T23:00:00.000Z,60843.7,60937.5,60800,60859.8,148.0244,9010545.32965
1782342900000,2026-06-24T23:15:00.000Z,60859.8,61017.5,60810.1,60950.9,300.6553,18319707.56931
1782343800000,2026-06-24T23:30:00.000Z,60950.9,61038.9,60924.7,61004.8,304.3035,18557521.83018
1782344700000,2026-06-24T23:45:00.000Z,61004.8,61088.4,60910,61051.7,266.7716,16273861.96394
1782345600000,2026-06-25T00:00:00.000Z,61051.7,61141.4,60998.2,61073.2,413.625,25259609.96642
1782346500000,2026-06-25T00:15:00.000Z,61073.2,61079.9,60882.5,60893,319.5825,19481805.15423
1782347400000,2026-06-25T00:30:00.000Z,60893,60960,60804,60807.4,245.168,14924760.24075
1782348300000,2026-06-25T00:45:00.000Z,60807.4,60888,60677.9,60785.8,716.5869,43545308.33317
1782349200000,2026-06-25T01:00:00.000Z,60785.8,60855,60700.6,60739.5,216.2562,13139619.48253
1782350100000,2026-06-25T01:15:00.000Z,60739.5,60906.4,60680.4,60825.3,224.7221,13664873.83836
1782351000000,2026-06-25T01:30:00.000Z,60825.3,60873.2,60774.7,60791.2,94.02,5718559.11741
1782351900000,2026-06-25T01:45:00.000Z,60791.2,60959,60764,60888.2,291.5576,17755048.86743
1782352800000,2026-06-25T02:00:00.000Z,60888.2,60937.9,60682.7,60753.7,259.5829,15777929.94424
1782353700000,2026-06-25T02:15:00.000Z,60753.7,60911,60718.3,60900.3,135.4523,8239616.87932
1782354600000,2026-06-25T02:30:00.000Z,60900.3,60906.2,60722.1,60734,174.7177,10623257.72344
1782355500000,2026-06-25T02:45:00.000Z,60734,60790,60662.9,60759.4,386.0299,23440786.51852
1782356400000,2026-06-25T03:00:00.000Z,60759.4,60845.2,60686,60724.7,316.0731,19204733.56303
1782357300000,2026-06-25T03:15:00.000Z,60724.7,60809.3,60647,60755.6,209.2314,12707692.20407
1782358200000,2026-06-25T03:30:00.000Z,60755.6,60817.8,60710.5,60717.6,113.0175,6865937.40215
1782359100000,2026-06-25T03:45:00.000Z,60717.6,60873.9,60717.5,60853.6,147.3314,8959038.2978
1782360000000,2026-06-25T04:00:00.000Z,60853.6,60881.3,60786.4,60786.4,144.5045,8791799.54571
1782360900000,2026-06-25T04:15:00.000Z,60786.4,60887.6,60756.6,60862.8,80.6649,4906978.44362
1782361800000,2026-06-25T04:30:00.000Z,60862.8,60949.8,60780,60949.8,195.2243,11885045.67716
1782362700000,2026-06-25T04:45:00.000Z,60949.8,61383.4,60937.3,61323.1,1253.9915,76757740.26727
1782363600000,2026-06-25T05:00:00.000Z,61323.1,61720,61243.5,61617.1,2392.1891,147210107.95228
1782364500000,2026-06-25T05:15:00.000Z,61617.1,61795.7,61439,61581.5,1140.4732,70261591.83692
1782365400000,2026-06-25T05:30:00.000Z,61581.5,61630,61494.1,61494.4,435.5897,26819219.95875
1782366300000,2026-06-25T05:45:00.000Z,61494.4,61652.8,61480,61565.8,290.3928,17881931.01403
1782367200000,2026-06-25T06:00:00.000Z,61565.8,61739.5,61563.9,61681.7,298.4035,18396739.84705
1782368100000,2026-06-25T06:15:00.000Z,61681.7,61767.7,61606.5,61636.8,309.9396,19116977.52596
1782369000000,2026-06-25T06:30:00.000Z,61636.8,61730,61618.3,61724.4,199.5156,12305012.0463
1782369900000,2026-06-25T06:45:00.000Z,61724.4,61821,61677.1,61689.3,435.0054,26863566.86841
1782370800000,2026-06-25T07:00:00.000Z,61689.3,61798.3,61629,61721.8,778.0289,48005034.54689
1782371700000,2026-06-25T07:15:00.000Z,61721.8,61860,61721.7,61768.6,739.7601,45721662.51189
1782372600000,2026-06-25T07:30:00.000Z,61768.6,61941,61768.6,61879.5,501.6964,31035293.61989
1782373500000,2026-06-25T07:45:00.000Z,61879.5,61908.5,61771.8,61878.8,294.8045,18231136.44603
1782374400000,2026-06-25T08:00:00.000Z,61878.8,61891.4,61718,61762.2,328.7704,20312199.20329
1782375300000,2026-06-25T08:15:00.000Z,61762.2,61764.2,61671.2,61745.3,282.7875,17452758.88187
1782376200000,2026-06-25T08:30:00.000Z,61745.3,61745.3,61673.2,61721.3,240.2809,14825056.68556
1782377100000,2026-06-25T08:45:00.000Z,61721.3,61786.1,61650,61684.7,299.5378,18486580.12642
1782378000000,2026-06-25T09:00:00.000Z,61684.7,61758.5,61643.3,61705.3,161.4662,9962357.64205
1782378900000,2026-06-25T09:15:00.000Z,61705.3,61737.9,61571.2,61658.4,242.9944,14976957.31105
1782379800000,2026-06-25T09:30:00.000Z,61658.4,61739.7,61649.6,61715.8,160.0034,9872697.32243
1782380700000,2026-06-25T09:45:00.000Z,61715.8,61749.6,61668.3,61700,83.0001,5122611.048
1782381600000,2026-06-25T10:00:00.000Z,61700,61720.7,61618,61647.7,114.2577,7045173.44386
1782382500000,2026-06-25T10:15:00.000Z,61647.7,61719.3,61530.5,61546.3,339.6948,20923224.16787
1782383400000,2026-06-25T10:30:00.000Z,61546.3,61557,61356.9,61356.9,621.3081,38182182.18143
1782384300000,2026-06-25T10:45:00.000Z,61356.9,61373.1,61227.4,61234.7,757.7089,46454961.99043
1782385200000,2026-06-25T11:00:00.000Z,61234.7,61343.8,61026.4,61330.4,1032.9441,63170912.13946
1782386100000,2026-06-25T11:15:00.000Z,61330.4,61398.5,61212.9,61215.1,623.5983,38234494.95482
1782387000000,2026-06-25T11:30:00.000Z,61215.1,61368.1,61210.8,61294,307.6383,18853204.58541
1782387900000,2026-06-25T11:45:00.000Z,61294,61294,61113.6,61256.1,460.531,28180349.50096
1782388800000,2026-06-25T12:00:00.000Z,61256.1,61351.8,61115.7,61190.4,347.7115,21286070.04205
1782389700000,2026-06-25T12:15:00.000Z,61190.4,61245,61044,61074.4,378.4591,23137347.16601
1782390600000,2026-06-25T12:30:00.000Z,61074.4,61770.8,61074.4,61351.7,2153.4585,132396770.93362
1782391500000,2026-06-25T12:45:00.000Z,61351.7,61389,61123,61209.1,586.4155,35908540.59838
1782392400000,2026-06-25T13:00:00.000Z,61209.1,61341.7,61138.6,61295,571.8699,35024759.58842
1782393300000,2026-06-25T13:15:00.000Z,61295,61337.7,61158.3,61207.1,575.1955,35217753.74686
1782394200000,2026-06-25T13:30:00.000Z,61207.1,61319.7,60035.7,60049.9,4522.0814,274400746.86895
1782395100000,2026-06-25T13:45:00.000Z,60049.9,60231.4,58061.3,58255.3,11745.0103,693841223.46522
1782396000000,2026-06-25T14:00:00.000Z,58255.3,59731.3,58250.4,59232,6468.8394,381935946.92996
1782396900000,2026-06-25T14:15:00.000Z,59232,59542.1,58751.9,59300.1,3514.7515,208031979.36894
1782397800000,2026-06-25T14:30:00.000Z,59300.1,60466.6,59150.9,59460.7,5876.1031,351648070.36809
1782398700000,2026-06-25T14:45:00.000Z,59460.7,59772.4,59319,59443.8,1484.3821,88361275.86512
1782399600000,2026-06-25T15:00:00.000Z,59443.8,59458.3,59016.4,59030.5,2303.6004,136410363.7422
1782400500000,2026-06-25T15:15:00.000Z,59030.5,59363.3,58835.2,59237,2115.9055,125044532.77477
1782401400000,2026-06-25T15:30:00.000Z,59237,59541.2,59041.1,59169.8,1503.4873,89113931.47504
1782402300000,2026-06-25T15:45:00.000Z,59169.8,59638,59142.8,59541.9,1200.6284,71319779.25245
1782403200000,2026-06-25T16:00:00.000Z,59541.9,60099.9,59440.4,59736.6,1939.6675,115979170.78741
1782404100000,2026-06-25T16:15:00.000Z,59736.6,59825.7,59653.3,59724.5,481.388,28753321.6549
1782405000000,2026-06-25T16:30:00.000Z,59724.5,59724.5,59210,59244.6,984.9681,58540616.49846
1782405900000,2026-06-25T16:45:00.000Z,59244.6,59371.3,59120.6,59288.7,553.403,32783302.73016
1782406800000,2026-06-25T17:00:00.000Z,59288.7,59449.8,59111,59379.3,384.7693,22807642.87631
1782407700000,2026-06-25T17:15:00.000Z,59379.3,59585.9,59310.1,59535.9,846.132,50339925.4792
1782408600000,2026-06-25T17:30:00.000Z,59535.9,59716.6,59464.5,59507.9,651.5534,38849101.03865
1782409500000,2026-06-25T17:45:00.000Z,59507.9,59665.7,59411.1,59657.6,522.2263,31089507.3245
1782410400000,2026-06-25T18:00:00.000Z,59657.6,59774.8,59348.6,59374.4,769.6466,45839297.33486
1782411300000,2026-06-25T18:15:00.000Z,59374.4,59736.1,59362.4,59694.1,645.3086,38450216.39647
1782412200000,2026-06-25T18:30:00.000Z,59694.1,59694.1,59356.1,59403,421.1395,25053130.10629
1782413100000,2026-06-25T18:45:00.000Z,59403,59591.3,59331.9,59492.8,513.2857,30545366.33736
1782414000000,2026-06-25T19:00:00.000Z,59492.8,59499.2,59195.6,59212.7,552.7677,32801656.11602
1782414900000,2026-06-25T19:15:00.000Z,59212.7,59342.1,59145.1,59323.4,736.2611,43602965.27265
1782415800000,2026-06-25T19:30:00.000Z,59323.4,59438.7,59262.6,59280.7,274.2943,16283456.3119
1782416700000,2026-06-25T19:45:00.000Z,59280.7,59346.7,59156.9,59302.9,294.6578,17461148.14667
1782417600000,2026-06-25T20:00:00.000Z,59302.9,59727.6,59300.3,59551.2,841.1164,50106704.12396
1782418500000,2026-06-25T20:15:00.000Z,59551.2,59710.7,59523.1,59599.1,277.8463,16560283.53244
1782419400000,2026-06-25T20:30:00.000Z,59599.1,59639.9,59378.4,59499.8,256.9662,15283967.27967
1782420300000,2026-06-25T20:45:00.000Z,59499.8,59500.4,59315.8,59430.2,289.7456,17206074.9783
1782421200000,2026-06-25T21:00:00.000Z,59430.2,59597.2,59426.1,59594.4,450.5275,26813878.07036
1782422100000,2026-06-25T21:15:00.000Z,59594.4,59685,59523.1,59685,298.6927,17801740.79752
1782423000000,2026-06-25T21:30:00.000Z,59685,59997.2,59658,59931.5,706.3119,42273954.17455
1782423900000,2026-06-25T21:45:00.000Z,59931.5,60269,59864.8,60186.8,1071.6464,64407559.41994
1782424800000,2026-06-25T22:00:00.000Z,60186.8,60188.9,59847.3,59865.4,779.3942,46760785.6136
1782425700000,2026-06-25T22:15:00.000Z,59865.4,59989.7,59759.4,59768.6,383.3162,22941742.83522
1782426600000,2026-06-25T22:30:00.000Z,59768.6,59852.5,59721,59769.4,343.0294,20500254.65179
1782427500000,2026-06-25T22:45:00.000Z,59769.4,59908.2,59707.1,59821.4,187.0723,11189080.3722
1782428400000,2026-06-25T23:00:00.000Z,59821.4,59937.4,59768.3,59926,285.0401,17066958.57787
1782429300000,2026-06-25T23:15:00.000Z,59926,60150,59898.7,60071.9,363.104,21812208.44237
1782430200000,2026-06-25T23:30:00.000Z,60071.9,60182.1,59932.5,59960.4,418.6891,25154862.80595
1782431100000,2026-06-25T23:45:00.000Z,59960.4,59960.5,59711.1,59773.8,289.3046,17305637.99617
1782432000000,2026-06-26T00:00:00.000Z,59773.8,59887.8,59740.5,59861.6,211.7338,12663439.60417
1782432900000,2026-06-26T00:15:00.000Z,59861.6,59861.6,59666,59746.9,286.6069,17124624.33758
1782433800000,2026-06-26T00:30:00.000Z,59746.9,59853.5,59670.1,59762,238.3138,14244466.67525
1782434700000,2026-06-26T00:45:00.000Z,59762,59799.4,59604.7,59640,291.1704,17379989.76306
1782435600000,2026-06-26T01:00:00.000Z,59640,59762.9,59408.8,59569.7,537.5409,31999843.48246
1782436500000,2026-06-26T01:15:00.000Z,59569.7,59643.1,59268.1,59270.8,385.9734,22940885.22268
1782437400000,2026-06-26T01:30:00.000Z,59270.8,59358.4,59190,59291,501.7524,29735803.26054
1782438300000,2026-06-26T01:45:00.000Z,59291,59415,59244.2,59412,197.7759,11736598.52367
1782439200000,2026-06-26T02:00:00.000Z,59412,59434.1,58607.3,58651.8,1994.8113,117498104.14476
1782440100000,2026-06-26T02:15:00.000Z,58651.8,58873.2,58333,58863,3444.2564,201774960.85939
1782441000000,2026-06-26T02:30:00.000Z,58863,58992.8,58652.1,58794.9,815.2249,47971615.90263
1782441900000,2026-06-26T02:45:00.000Z,58794.9,58810.6,58397.3,58547.6,1250.9736,73259458.41861
1782442800000,2026-06-26T03:00:00.000Z,58547.6,58955.7,58300.2,58868.8,1657.233,97075145.4942
1782443700000,2026-06-26T03:15:00.000Z,58868.8,59168.7,58771.5,59068.2,1150.6295,67899084.69789
1782444600000,2026-06-26T03:30:00.000Z,59068.2,59520.5,58977.7,59462.1,1295.4899,76801774.19754
1782445500000,2026-06-26T03:45:00.000Z,59462.1,60102.6,59453.4,60006.1,2595.2976,155123928.3655
1782446400000,2026-06-26T04:00:00.000Z,60006.1,60071.3,59799.2,59881.9,937.2146,56146816.0775
1782447300000,2026-06-26T04:15:00.000Z,59881.9,60226,59856,59960.4,770.1915,46257728.05272
1782448200000,2026-06-26T04:30:00.000Z,59960.4,59996.9,59852.8,59944.9,261.2833,15653328.5744
1782449100000,2026-06-26T04:45:00.000Z,59944.9,59956.4,59800.3,59892.5,267.8317,16033022.57932
1782450000000,2026-06-26T05:00:00.000Z,59892.5,59949.9,59807.1,59946.6,345.2129,20667036.08673
1782450900000,2026-06-26T05:15:00.000Z,59946.6,60020.1,59693.5,59930.2,673.2011,40277763.95497
1782451800000,2026-06-26T05:30:00.000Z,59930.2,60020.7,59817.4,59856.4,364.1731,21824545.3117
1782452700000,2026-06-26T05:45:00.000Z,59856.4,59941.2,59753.9,59910.9,387.2133,23176504.90229
1782453600000,2026-06-26T06:00:00.000Z,59910.9,59910.9,59667.4,59680.2,552.8866,33031646.55982
1782454500000,2026-06-26T06:15:00.000Z,59680.2,60069.9,59676.2,60012,601.3858,36035938.93602
1782455400000,2026-06-26T06:30:00.000Z,60012,60394.3,59921,60357.2,1854.6593,111637857.06233
1782456300000,2026-06-26T06:45:00.000Z,60357.2,60432.2,60204.3,60296.9,769.8429,46433915.1368
1782457200000,2026-06-26T07:00:00.000Z,60296.9,60525.8,60246.6,60486,670.9056,40518982.09091
1782458100000,2026-06-26T07:15:00.000Z,60486,60682.4,60434.3,60557.1,891.7668,54005211.49471
1782459000000,2026-06-26T07:30:00.000Z,60557.1,60744,60523.3,60554.4,719.9096,43652090.51083
1782459900000,2026-06-26T07:45:00.000Z,60554.4,60606,60461.2,60487,569.8048,34482605.05016
1782460800000,2026-06-26T08:00:00.000Z,60487,60541.4,60185.2,60240.3,1015.5963,61250927.59576
1782461700000,2026-06-26T08:15:00.000Z,60240.3,60345.1,60145.3,60278.2,556.4907,33524444.5675
1782462600000,2026-06-26T08:30:00.000Z,60278.2,60321,60114,60182.7,437.2819,26324767.21944
1782463500000,2026-06-26T08:45:00.000Z,60182.7,60254.8,60115.2,60216.3,547.9811,32980775.19029
1782464400000,2026-06-26T09:00:00.000Z,60216.3,60229.7,60043.1,60138.6,534.4145,32115333.16244
1782465300000,2026-06-26T09:15:00.000Z,60138.6,60150,60052.3,60096.2,418.819,25172061.42533
1782466200000,2026-06-26T09:30:00.000Z,60096.2,60100,59927.1,59973.6,469.9643,28207312.89408
1782467100000,2026-06-26T09:45:00.000Z,59973.6,60005.4,59547,59710.5,1509.033,90152645.24671
1782468000000,2026-06-26T10:00:00.000Z,59710.5,59809.1,59622.4,59725.7,647.1323,38640600.01971
1782468900000,2026-06-26T10:15:00.000Z,59725.7,59840.4,59700,59702.4,257.364,15381028.94006
1782469800000,2026-06-26T10:30:00.000Z,59702.4,59790.7,59433.7,59532.7,661.885,39420683.0361
1782470700000,2026-06-26T10:45:00.000Z,59532.7,59547.7,59216.9,59293.4,947.5766,56257498.19156
1782471600000,2026-06-26T11:00:00.000Z,59293.4,59576.7,59237.3,59468.3,884.0343,52553155.49677
1782472500000,2026-06-26T11:15:00.000Z,59468.3,59485,59343.1,59396.8,308.3765,18319773.34756
1782473400000,2026-06-26T11:30:00.000Z,59396.8,59514.1,59370,59426.4,279.7459,16629270.05305
1782474300000,2026-06-26T11:45:00.000Z,59426.4,59438.1,59261.4,59394.6,341.7278,20281264.92682
1782475200000,2026-06-26T12:00:00.000Z,59394.6,59504,59325.1,59440.5,413.072,24555526.82923
1782476100000,2026-06-26T12:15:00.000Z,59440.5,59720.3,59433.3,59719,755.0189,44994931.68074
1782477000000,2026-06-26T12:30:00.000Z,59719,59999.9,58931.9,59114.5,2468.3755,146684722.71109
1782477900000,2026-06-26T12:45:00.000Z,59114.5,59585.6,59034.4,59164.6,1664.5048,98735616.28958
1782478800000,2026-06-26T13:00:00.000Z,59164.6,59265.8,58922.2,59070,968.4572,57249634.65183
1782479700000,2026-06-26T13:15:00.000Z,59070,59150,58477,58892.9,2798.5431,164577697.23103
1782480600000,2026-06-26T13:30:00.000Z,58892.9,59499.7,58818.2,59460.2,2104.4879,124459263.87898
1782481500000,2026-06-26T13:45:00.000Z,59460.2,60188,59308,60155.7,2060.5948,123239650.86572
1782482400000,2026-06-26T14:00:00.000Z,60155.7,60284,59787,59964.1,1598.7062,95888746.97899
1782483300000,2026-06-26T14:15:00.000Z,59964.1,60230.7,59788.1,60038.7,934.6782,56087077.91481
1782484200000,2026-06-26T14:30:00.000Z,60038.7,60053.3,59523.2,59579.9,1273.8207,76089049.94746
1782485100000,2026-06-26T14:45:00.000Z,59579.9,59886.7,59359.8,59565,1085.3382,64705495.51411
1782486000000,2026-06-26T15:00:00.000Z,59565,60075.6,59555,59803,893.5605,53465497.52979
1782486900000,2026-06-26T15:15:00.000Z,59803,60357.9,59755.5,60160,1072.2784,64464130.82598
1782487800000,2026-06-26T15:30:00.000Z,60160,60480,60101.8,60399.9,971.3634,58600509.2929
1782488700000,2026-06-26T15:45:00.000Z,60399.9,60415.1,60104.6,60294.1,1229.0857,74062251.08368
1782489600000,2026-06-26T16:00:00.000Z,60294.1,60568.1,60122,60147.8,962.1127,58066438.66446
1782490500000,2026-06-26T16:15:00.000Z,60147.8,60255,59934.8,60021.1,851.2059,51111875.26975
1782491400000,2026-06-26T16:30:00.000Z,60021.1,60366.1,60010.3,60040.8,623.3337,37512332.10302
1782492300000,2026-06-26T16:45:00.000Z,60040.8,60157.2,59988,60015.4,333.0772,20006578.61492
1782493200000,2026-06-26T17:00:00.000Z,60015.4,60269.7,59984.1,60194.1,290.584,17473889.65657
1782494100000,2026-06-26T17:15:00.000Z,60194.1,60230.1,60008.1,60155.9,282.38,16974654.75706
1782495000000,2026-06-26T17:30:00.000Z,60155.9,60198.4,59922.2,60042,396.0506,23772549.02703
1782495900000,2026-06-26T17:45:00.000Z,60042,60089,59924.9,59995,294.1102,17646093.94777
1782496800000,2026-06-26T18:00:00.000Z,59995,60135.4,59987.8,60068.1,189.1401,11361447.45763
1782497700000,2026-06-26T18:15:00.000Z,60068.1,60089.8,59784.3,59807.8,395.0162,23665214.73426
1782498600000,2026-06-26T18:30:00.000Z,59807.8,59864.6,59715.1,59753.7,312.9222,18706146.10374
1782499500000,2026-06-26T18:45:00.000Z,59753.7,59754.1,59522,59642.7,385.8496,23006588.39354
1782500400000,2026-06-26T19:00:00.000Z,59642.7,60079.9,59583.1,60002.6,718.7043,43021359.29031
1782501300000,2026-06-26T19:15:00.000Z,60002.6,60002.6,59855.2,59910.7,210.9484,12640944.81638
1782502200000,2026-06-26T19:30:00.000Z,59910.7,60077.5,59858.2,59858.2,202.3093,12128036.4433
1782503100000,2026-06-26T19:45:00.000Z,59858.2,59913.5,59704.9,59723.1,331.0887,19804759.11435
1782504000000,2026-06-26T20:00:00.000Z,59723.1,59976,59658.5,59701.6,433.0015,25890325.69251
1782504900000,2026-06-26T20:15:00.000Z,59701.6,59796.1,59677.4,59755.8,126.6079,7563016.79638
1782505800000,2026-06-26T20:30:00.000Z,59755.8,59760,59555.5,59632.1,214.2696,12773930.53043
1782506700000,2026-06-26T20:45:00.000Z,59632.1,59781.1,59619.8,59696.6,142.2096,8492048.63172
1782507600000,2026-06-26T21:00:00.000Z,59696.6,59749.3,59652.3,59738.7,118.689,7086187.68594
1782508500000,2026-06-26T21:15:00.000Z,59738.7,59864.7,59657.9,59848.2,139.5603,8345092.56879
1782509400000,2026-06-26T21:30:00.000Z,59848.2,60032.8,59834.5,60004.3,254.0883,15230372.65024
1782510300000,2026-06-26T21:45:00.000Z,60004.3,60029.4,59889.6,59893,110.6649,6633759.65383
1782511200000,2026-06-26T22:00:00.000Z,59893,59928.5,59720.6,59884.8,206.3203,12338679.48405
1782512100000,2026-06-26T22:15:00.000Z,59884.8,59957.8,59860.1,59860.2,139.5533,8362272.51566
1782513000000,2026-06-26T22:30:00.000Z,59860.2,59960,59836.7,59939.6,293.0713,17553945.65718
1782513900000,2026-06-26T22:45:00.000Z,59939.6,60059,59892,60020.3,154.0222,9241488.05453
1782514800000,2026-06-26T23:00:00.000Z,60020.3,60100,59990.7,60067.1,171.3256,10288411.49277
1782515700000,2026-06-26T23:15:00.000Z,60067.1,60069.2,59950.4,59950.4,150.5365,9032350.29153
1782516600000,2026-06-26T23:30:00.000Z,59950.4,60068,59897.9,60041.8,176.3133,10572725.50568
1782517500000,2026-06-26T23:45:00.000Z,60041.8,60099.2,60030.3,60077.8,100.5005,6036266.5093
1782518400000,2026-06-27T00:00:00.000Z,60077.8,60180,60039.2,60088.5,225.1502,13534165.81847
1782519300000,2026-06-27T00:15:00.000Z,60088.5,60107,60008.2,60026.5,93.7943,5632237.99534
1782520200000,2026-06-27T00:30:00.000Z,60026.5,60026.5,59849.6,59950.9,248.7638,14907612.13268
1782521100000,2026-06-27T00:45:00.000Z,59950.9,60054,59924.4,60039.5,112.8872,6774074.54778
1782522000000,2026-06-27T01:00:00.000Z,60039.5,60050.7,59936.7,59948,102.9343,6173754.92701
1782522900000,2026-06-27T01:15:00.000Z,59948,59994.7,59918.6,59975.9,83.0139,4978550.51302
1782523800000,2026-06-27T01:30:00.000Z,59975.9,59984.4,59910.1,59950,60.2568,3611891.65684
1782524700000,2026-06-27T01:45:00.000Z,59950,59971.3,59910.4,59921,58.9265,3531778.24627
1782525600000,2026-06-27T02:00:00.000Z,59921,60108.4,59895.9,60100.1,483.4046,29020425.35577
1782526500000,2026-06-27T02:15:00.000Z,60100.1,60363.3,60044,60279,693.3354,41760697.91641
1782527400000,2026-06-27T02:30:00.000Z,60279,60310.5,60178.9,60264.8,292.7552,17638772.16948
1782528300000,2026-06-27T02:45:00.000Z,60264.8,60354.6,60245,60264.1,197.4134,11903581.99462
1782529200000,2026-06-27T03:00:00.000Z,60264.1,60398.1,60143.2,60154.3,294.2533,17725787.48624
1782530100000,2026-06-27T03:15:00.000Z,60154.3,60338.6,60147,60295.7,150.5721,9072852.70933
1782531000000,2026-06-27T03:30:00.000Z,60295.7,60375,60261.3,60287.2,207.3944,12509624.86329
1782531900000,2026-06-27T03:45:00.000Z,60287.2,60341.8,60231,60283.1,182.2568,10988257.92381
1782532800000,2026-06-27T04:00:00.000Z,60283.1,60438.9,60283,60388.3,273.5394,16518345.75863
1782533700000,2026-06-27T04:15:00.000Z,60388.3,60462.7,60355.2,60372.8,208.2822,12582511.31209
1782534600000,2026-06-27T04:30:00.000Z,60372.8,60428.8,60331,60354.9,115.8196,6992473.23524
1782535500000,2026-06-27T04:45:00.000Z,60354.9,60358.9,60183.9,60220.8,247.7442,14928898.10289
1782536400000,2026-06-27T05:00:00.000Z,60220.8,60295.4,60170.3,60283.6,166.0383,10000720.86329
1782537300000,2026-06-27T05:15:00.000Z,60283.6,60283.6,60131.9,60136.1,139.7603,8412310.08581
1782538200000,2026-06-27T05:30:00.000Z,60136.1,60211.6,60105.9,60206.7,194.7621,11717222.70369
1782539100000,2026-06-27T05:45:00.000Z,60206.7,60252.6,60195,60213.7,111.7212,6728677.47986
1782540000000,2026-06-27T06:00:00.000Z,60213.7,60222.8,60085.2,60124.5,165.3481,9943260.19971
1782540900000,2026-06-27T06:15:00.000Z,60124.5,60211.2,60088.7,60180.7,157.5791,9480153.16289
1782541800000,2026-06-27T06:30:00.000Z,60180.7,60424.9,60180.7,60384.9,409.2814,24696912.00515
1782542700000,2026-06-27T06:45:00.000Z,60384.9,60490.9,60324,60346.3,348.8863,21072843.83562
1782543600000,2026-06-27T07:00:00.000Z,60346.3,60370.8,60270,60298.6,137.703,8305401.72476
1782544500000,2026-06-27T07:15:00.000Z,60298.6,60422.9,60286.6,60401.7,130.0268,7847849.00093
1782545400000,2026-06-27T07:30:00.000Z,60401.7,60453.8,60354.6,60418.9,192.1185,11607125.53288
1782546300000,2026-06-27T07:45:00.000Z,60418.9,60550,60418.8,60520,394.5293,23867606.9297
1782547200000,2026-06-27T08:00:00.000Z,60520,60520,60420.6,60459.3,234.1831,14159143.64279
1782548100000,2026-06-27T08:15:00.000Z,60459.3,60510,60420.1,60429.1,115.5862,6987013.66218
1782549000000,2026-06-27T08:30:00.000Z,60429.1,60437,60342.1,60348.5,134.2355,8104944.70411
1782549900000,2026-06-27T08:45:00.000Z,60348.5,60499,60348.5,60430.6,146.8462,8872314.37809
1782550800000,2026-06-27T09:00:00.000Z,60430.6,60486.2,60320.1,60333.2,185.029,11172150.87691
1782551700000,2026-06-27T09:15:00.000Z,60333.2,60348.1,60254.8,60339.8,323.8754,19527568.11031
1782552600000,2026-06-27T09:30:00.000Z,60339.8,60432.4,60339.8,60368.7,132.8308,8022549.21394
1782553500000,2026-06-27T09:45:00.000Z,60368.7,60410.5,60354.6,60392.4,94.216,5689237.32227
1782554400000,2026-06-27T10:00:00.000Z,60392.4,60453.3,60371,60447,105.5315,6376214.23501
1782555300000,2026-06-27T10:15:00.000Z,60447,60462.8,60411.2,60429.8,101.4502,6131740.53468
1782556200000,2026-06-27T10:30:00.000Z,60429.8,60429.8,60376.6,60399,81.7837,4939845.42596
1782557100000,2026-06-27T10:45:00.000Z,60399,60400,60338.1,60386.7,115.9804,7001611.05651
1782558000000,2026-06-27T11:00:00.000Z,60386.7,60423.7,60370,60403.8,14.4009,869797.97295
