timestamp,datetime,open,high,low,close,volume,quoteVolume
1787194800000,2026-08-20T03:00:00.000Z,624.06,624.31,622.09,622.12,188.89,
1787195700000,2026-08-20T03:15:00.000Z,622.12,625.09,622.12,622.78,141.75,
1787196600000,2026-08-20T03:30:00.000Z,622.78,625.27,622.69,625.02,144.16,
1787197500000,2026-08-20T03:45:00.000Z,625.02,628.56,624.79,626.01,432.68,
1787198400000,2026-08-20T04:00:00.000Z,626.01,627.25,625.96,626.69,151.25,
1787199300000,2026-08-20T04:15:00.000Z,626.69,626.8,625.34,625.4,40.86,
1787200200000,2026-08-20T04:30:00.000Z,625.4,625.55,624.56,625.3,53.34,
1787201100000,2026-08-20T04:45:00.000Z,625.3,627.17,625.3,626.42,80.19,
1787202000000,2026-08-20T05:00:00.000Z,626.42,627.3,626.35,626.6,89.35,
1787202900000,2026-08-20T05:15:00.000Z,626.6,627.29,626.6,626.68,81.88,
1787203800000,2026-08-20T05:30:00.000Z,626.68,627.04,625.74,626.11,151.49,
1787204700000,2026-08-20T05:45:00.000Z,626.11,626.11,624.29,624.63,618.34,
1787205600000,2026-08-20T06:00:00.000Z,624.63,625.35,624.22,625.13,51.56,
1787206500000,2026-08-20T06:15:00.000Z,625.13,626.67,624.79,626.15,71.33,
1787207400000,2026-08-20T06:30:00.000Z,626.15,627.38,626.15,627.37,295.09,
1787208300000,2026-08-20T06:45:00.000Z,627.37,630.99,627.16,629.88,257.24,
1787209200000,2026-08-20T07:00:00.000Z,629.88,632.47,628.79,630.58,186.53,
1787210100000,2026-08-20T07:15:00.000Z,630.58,630.78,628.88,629.73,261.26,
1787211000000,2026-08-20T07:30:00.000Z,629.73,629.73,627.74,628.23,97.32,
1787211900000,2026-08-20T07:45:00.000Z,628.23,630.25,628.06,630.23,379.97,
1787212800000,2026-08-20T08:00:00.000Z,630.23,641.65,630.14,641.01,3291.16,
1787213700000,2026-08-20T08:15:00.000Z,641.01,644.59,638.53,639.5,1819.7,
1787214600000,2026-08-20T08:30:00.000Z,639.5,641.18,637.71,640.48,601.03,
1787215500000,2026-08-20T08:45:00.000Z,640.48,641.92,639.71,640.22,501.65,
1787216400000,2026-08-20T09:00:00.000Z,640.22,642.57,639.95,642.04,469.56,
1787217300000,2026-08-20T09:15:00.000Z,642.04,644.63,640.99,642.95,1142.68,
1787218200000,2026-08-20T09:30:00.000Z,642.95,644.12,641.68,642.63,353.22,
1787219100000,2026-08-20T09:45:00.000Z,642.63,643.05,641.3,642.17,340.6,
1787220000000,2026-08-20T10:00:00.000Z,642.17,643.68,641.26,643.51,688.72,
1787220900000,2026-08-20T10:15:00.000Z,643.51,646.27,642.39,642.39,628.04,
1787221800000,2026-08-20T10:30:00.000Z,642.39,643.84,641.61,643.74,670.68,
1787222700000,2026-08-20T10:45:00.000Z,643.74,644.95,642.47,643.55,295.1,
1787223600000,2026-08-20T11:00:00.000Z,643.55,644.49,642.46,642.88,190.17,
1787224500000,2026-08-20T11:15:00.000Z,642.88,643.09,642.11,642.39,89,
1787225400000,2026-08-20T11:30:00.000Z,642.39,647.9,642.23,647.07,462.36,
1787226300000,2026-08-20T11:45:00.000Z,647.07,648.54,645.17,645.26,709.28,
1787227200000,2026-08-20T12:00:00.000Z,645.26,645.78,641.2,642.2,1352.64,
1787228100000,2026-08-20T12:15:00.000Z,642.2,642.68,641.26,641.7,297.27,
1787229000000,2026-08-20T12:30:00.000Z,641.7,642.48,639.09,640.6,986.32,
1787229900000,2026-08-20T12:45:00.000Z,640.6,642.72,639.61,642.72,378.18,
1787230800000,2026-08-20T13:00:00.000Z,642.72,644.34,642.24,643.57,275.61,
1787231700000,2026-08-20T13:15:00.000Z,643.57,643.57,641.61,642.07,137.67,
1787232600000,2026-08-20T13:30:00.000Z,642.07,642.07,637.66,639.86,826.35,
1787233500000,2026-08-20T13:45:00.000Z,639.86,641.6,639.14,641.11,146.82,
1787234400000,2026-08-20T14:00:00.000Z,641.11,644.67,640.66,643.48,2177.11,
1787235300000,2026-08-20T14:15:00.000Z,643.48,643.62,640.57,641.18,486.09,
1787236200000,2026-08-20T14:30:00.000Z,641.18,642.29,640.69,641.37,128.43,
1787237100000,2026-08-20T14:45:00.000Z,641.37,642.44,640.18,641.58,200.7,
1787238000000,2026-08-20T15:00:00.000Z,641.58,646.58,641.56,646.35,1313.85,
1787238900000,2026-08-20T15:15:00.000Z,646.35,647.92,644.76,647.82,1145.44,
1787239800000,2026-08-20T15:30:00.000Z,647.82,650.1,646.67,647.49,787.94,
1787240700000,2026-08-20T15:45:00.000Z,647.49,652.28,647,652.25,575.35,
1787241600000,2026-08-20T16:00:00.000Z,652.25,652.56,649.83,649.99,376.52,
1787242500000,2026-08-20T16:15:00.000Z,649.99,650.68,647.55,649.17,1401.88,
1787243400000,2026-08-20T16:30:00.000Z,649.17,653.74,648.3,652.94,1972.2,
1787244300000,2026-08-20T16:45:00.000Z,652.94,653.96,652.19,653.62,221.88,
1787245200000,2026-08-20T17:00:00.000Z,653.62,653.73,651.18,652.01,229.94,
1787246100000,2026-08-20T17:15:00.000Z,652.01,652.83,651.29,652.6,86.63,
1787247000000,2026-08-20T17:30:00.000Z,652.6,653.79,652.01,652.91,207.6,
1787247900000,2026-08-20T17:45:00.000Z,652.91,654.18,652.53,652.88,202.61,
1787248800000,2026-08-20T18:00:00.000Z,652.88,653.64,649.02,649.61,366.24,
1787249700000,2026-08-20T18:15:00.000Z,649.61,650.18,648.25,649.26,103.18,
1787250600000,2026-08-20T18:30:00.000Z,649.26,649.27,646.5,648.39,183.76,
1787251500000,2026-08-20T18:45:00.000Z,648.39,648.93,647.11,647.11,364.66,
1787252400000,2026-08-20T19:00:00.000Z,647.11,649.09,646.47,648.39,321.35,
1787253300000,2026-08-20T19:15:00.000Z,648.39,649.68,648.18,649.33,99.02,
1787254200000,2026-08-20T19:30:00.000Z,649.33,650.41,648.52,650.13,67.95,
1787255100000,2026-08-20T19:45:00.000Z,650.13,650.64,649.55,650.03,93.99,
1787256000000,2026-08-20T20:00:00.000Z,650.03,651.43,649.85,650.58,81.37,
1787256900000,2026-08-20T20:15:00.000Z,650.58,652.18,650.38,651.75,42.48,
1787257800000,2026-08-20T20:30:00.000Z,651.75,653.05,651.69,652.43,90.36,
1787258700000,2026-08-20T20:45:00.000Z,652.43,653.98,651.65,653.41,62.9,
1787259600000,2026-08-20T21:00:00.000Z,653.41,654.41,652.45,654.19,290.66,
1787260500000,2026-08-20T21:15:00.000Z,654.19,654.93,652.86,653.14,117.06,
1787261400000,2026-08-20T21:30:00.000Z,653.14,654.27,652.81,652.96,90.05,
1787262300000,2026-08-20T21:45:00.000Z,652.96,654.29,652.96,653.46,51.71,
1787263200000,2026-08-20T22:00:00.000Z,653.46,653.79,651.88,653.31,107.15,
1787264100000,2026-08-20T22:15:00.000Z,653.31,655,653.07,654.65,69.29,
1787265000000,2026-08-20T22:30:00.000Z,654.65,655.75,654.1,654.53,91.86,
1787265900000,2026-08-20T22:45:00.000Z,654.53,654.86,653.54,653.54,47.57,
1787266800000,2026-08-20T23:00:00.000Z,653.54,655.29,653.36,655.29,21.47,
1787267700000,2026-08-20T23:15:00.000Z,655.29,658.08,655.11,657.14,682.06,
1787268600000,2026-08-20T23:30:00.000Z,657.14,657.95,655.13,655.23,116.37,
1787269500000,2026-08-20T23:45:00.000Z,655.23,655.62,654.4,654.4,199.59,
1787270400000,2026-08-21T00:00:00.000Z,654.4,654.65,652.83,654.65,232.6,
1787271300000,2026-08-21T00:15:00.000Z,654.65,657.28,653.85,655.16,317.15,
1787272200000,2026-08-21T00:30:00.000Z,655.16,657.18,654.29,655.68,171.93,
1787273100000,2026-08-21T00:45:00.000Z,655.68,657.85,654.9,656.43,306.9,
1787274000000,2026-08-21T01:00:00.000Z,656.43,657.33,655.08,657.02,959.7,
1787274900000,2026-08-21T01:15:00.000Z,657.02,660.78,656.34,659.52,787.15,
1787275800000,2026-08-21T01:30:00.000Z,659.52,663.62,659.07,662.4,683.97,
1787276700000,2026-08-21T01:45:00.000Z,662.4,666.29,660.41,661.05,812.87,
1787277600000,2026-08-21T02:00:00.000Z,661.05,663.48,658.8,660.92,620.69,
1787278500000,2026-08-21T02:15:00.000Z,660.92,662.17,660.27,661.88,300.27,
1787279400000,2026-08-21T02:30:00.000Z,661.88,662.83,659.8,660.09,196.35,
1787280300000,2026-08-21T02:45:00.000Z,660.09,660.17,658.3,658.58,246,
1787281200000,2026-08-21T03:00:00.000Z,658.58,659.63,656.81,658.75,654.64,
1787282100000,2026-08-21T03:15:00.000Z,658.75,660.14,657.76,660.08,229.81,
1787283000000,2026-08-21T03:30:00.000Z,660.08,661.11,659.23,660.32,239.87,
1787283900000,2026-08-21T03:45:00.000Z,660.32,662.05,660.31,660.46,284.45,
1787284800000,2026-08-21T04:00:00.000Z,660.46,661.98,659.48,660.33,874.78,
1787285700000,2026-08-21T04:15:00.000Z,660.33,660.79,659.01,659.1,189.5,
1787286600000,2026-08-21T04:30:00.000Z,659.1,660.46,658.48,660.02,66.15,
1787287500000,2026-08-21T04:45:00.000Z,660.02,661.13,659.62,659.87,254.44,
1787288400000,2026-08-21T05:00:00.000Z,659.87,662.59,659.77,662.31,145.1,
1787289300000,2026-08-21T05:15:00.000Z,662.31,663.67,660.06,661.31,157.69,
1787290200000,2026-08-21T05:30:00.000Z,661.31,663.5,661.13,662.89,179.78,
1787291100000,2026-08-21T05:45:00.000Z,662.89,664.53,662.84,664.29,101.97,
1787292000000,2026-08-21T06:00:00.000Z,664.29,665.66,664.03,664.45,269.84,
1787292900000,2026-08-21T06:15:00.000Z,664.45,666,663.51,665.29,154.7,
1787293800000,2026-08-21T06:30:00.000Z,665.29,672.58,665.29,667.61,1527.11,
1787294700000,2026-08-21T06:45:00.000Z,667.61,668.28,665.54,666.38,277.64,
1787295600000,2026-08-21T07:00:00.000Z,666.38,670.17,666.2,670.13,359.48,
1787296500000,2026-08-21T07:15:00.000Z,670.13,673.12,669.82,671.36,904.25,
1787297400000,2026-08-21T07:30:00.000Z,671.36,672.22,668.93,671.29,474.39,
1787298300000,2026-08-21T07:45:00.000Z,671.29,671.36,668.97,669.63,386.15,
1787299200000,2026-08-21T08:00:00.000Z,669.63,677.5,669.18,676.42,743.99,
1787300100000,2026-08-21T08:15:00.000Z,676.42,677.99,675.95,677.82,416.03,
1787301000000,2026-08-21T08:30:00.000Z,677.82,680.37,677.5,679.38,520.97,
1787301900000,2026-08-21T08:45:00.000Z,679.38,686.01,678.59,685.07,1143.71,
1787302800000,2026-08-21T09:00:00.000Z,685.07,685.54,667.63,673.03,2027.98,
1787303700000,2026-08-21T09:15:00.000Z,673.03,673.84,670.49,673.35,473.63,
1787304600000,2026-08-21T09:30:00.000Z,673.35,678.92,672.77,678.79,349.61,
1787305500000,2026-08-21T09:45:00.000Z,678.79,681.17,675.5,678,685.3,
1787306400000,2026-08-21T10:00:00.000Z,678,678.3,675.68,677.58,247.68,
1787307300000,2026-08-21T10:15:00.000Z,677.58,679.8,675.29,677.5,285.1,
1787308200000,2026-08-21T10:30:00.000Z,677.5,679.25,676.29,679.1,135.94,
1787309100000,2026-08-21T10:45:00.000Z,679.1,680.2,677.86,678.38,540.11,
1787310000000,2026-08-21T11:00:00.000Z,678.38,680.14,674.9,676.38,324.31,
1787310900000,2026-08-21T11:15:00.000Z,676.38,677.79,673.9,677.5,227.48,
1787311800000,2026-08-21T11:30:00.000Z,677.5,677.71,670.63,673.63,436.05,
1787312700000,2026-08-21T11:45:00.000Z,673.63,675.34,671.55,673.85,245.37,
1787313600000,2026-08-21T12:00:00.000Z,673.85,675.33,672.58,675.18,112.82,
1787314500000,2026-08-21T12:15:00.000Z,675.18,675.79,673.82,674.96,410.53,
1787315400000,2026-08-21T12:30:00.000Z,674.96,680.06,674.29,679.82,265.63,
1787316300000,2026-08-21T12:45:00.000Z,679.82,680.02,677.79,678.66,166.61,
1787317200000,2026-08-21T13:00:00.000Z,678.66,680.22,678.13,679.43,284.15,
1787318100000,2026-08-21T13:15:00.000Z,679.43,679.51,676.1,677.36,248.68,
1787319000000,2026-08-21T13:30:00.000Z,677.36,679.36,673.44,679.36,425.67,
1787319900000,2026-08-21T13:45:00.000Z,679.36,680.72,678.29,679.74,376.41,
1787320800000,2026-08-21T14:00:00.000Z,679.74,679.78,676.59,676.78,273.7,
1787321700000,2026-08-21T14:15:00.000Z,676.78,678.66,674.85,678.15,380.14,
1787322600000,2026-08-21T14:30:00.000Z,678.15,678.82,676.14,677.55,67.99,
1787323500000,2026-08-21T14:45:00.000Z,677.55,678.97,677.55,678.73,78.9,
1787324400000,2026-08-21T15:00:00.000Z,678.73,681.33,677.84,680.87,443.07,
1787325300000,2026-08-21T15:15:00.000Z,680.87,682.11,679.19,679.46,188.87,
1787326200000,2026-08-21T15:30:00.000Z,679.46,681.72,678.68,680.14,200.59,
1787327100000,2026-08-21T15:45:00.000Z,680.14,680.33,678.5,678.68,241.04,
1787328000000,2026-08-21T16:00:00.000Z,678.68,679.72,673.89,674.37,328.19,
1787328900000,2026-08-21T16:15:00.000Z,674.37,678.44,673.89,678.44,121.23,
1787329800000,2026-08-21T16:30:00.000Z,678.44,679.73,678.2,679.58,262.38,
1787330700000,2026-08-21T16:45:00.000Z,679.58,680.58,679.18,679.31,220.53,
1787331600000,2026-08-21T17:00:00.000Z,679.31,681.44,678.98,679.77,189.09,
1787332500000,2026-08-21T17:15:00.000Z,679.77,679.77,676.32,678.35,93.71,
1787333400000,2026-08-21T17:30:00.000Z,678.35,679.78,678.21,678.63,90.14,
1787334300000,2026-08-21T17:45:00.000Z,678.63,679.92,678.15,678.77,19.91,
1787335200000,2026-08-21T18:00:00.000Z,678.77,681.18,678.69,681.09,86.06,
1787336100000,2026-08-21T18:15:00.000Z,681.09,681.88,678.94,678.97,372.57,
1787337000000,2026-08-21T18:30:00.000Z,678.97,679.04,674.7,675.45,206.92,
1787337900000,2026-08-21T18:45:00.000Z,675.45,676.39,673.45,676.28,240.58,
1787338800000,2026-08-21T19:00:00.000Z,676.28,676.51,672.47,676.06,70.86,
1787339700000,2026-08-21T19:15:00.000Z,676.06,676.99,673.78,676.54,41.53,
1787340600000,2026-08-21T19:30:00.000Z,676.54,676.69,674.06,674.06,151.42,
1787341500000,2026-08-21T19:45:00.000Z,674.06,674.34,672.53,672.65,25.43,
1787342400000,2026-08-21T20:00:00.000Z,672.65,673.23,671.5,672.7,119.39,
1787343300000,2026-08-21T20:15:00.000Z,672.7,674.76,672.3,674.54,153.53,
1787344200000,2026-08-21T20:30:00.000Z,674.54,675.03,673.66,675.02,32.14,
1787345100000,2026-08-21T20:45:00.000Z,675.02,676,673.7,676,28.98,
1787346000000,2026-08-21T21:00:00.000Z,676,678.74,675.68,678.31,194.04,
1787346900000,2026-08-21T21:15:00.000Z,678.31,681.79,677.5,680.81,282.09,
1787347800000,2026-08-21T21:30:00.000Z,680.81,682.77,678.59,680.27,315.18,
1787348700000,2026-08-21T21:45:00.000Z,680.27,684.89,680.27,684.89,462.37,
1787349600000,2026-08-21T22:00:00.000Z,684.89,689.74,683.69,689.24,417.63,
1787350500000,2026-08-21T22:15:00.000Z,689.24,689.87,687.69,688.95,368.42,
1787351400000,2026-08-21T22:30:00.000Z,688.95,690.85,685.36,690,504.57,
1787352300000,2026-08-21T22:45:00.000Z,690,692.08,688.27,691.23,434.59,
1787353200000,2026-08-21T23:00:00.000Z,691.23,691.42,689.38,690.01,384.83,
1787354100000,2026-08-21T23:15:00.000Z,690.01,692.06,689.63,690.75,633.94,
1787355000000,2026-08-21T23:30:00.000Z,690.75,691.18,685.77,688.38,228.33,
1787355900000,2026-08-21T23:45:00.000Z,688.38,688.62,685.93,686.92,224.88,
1787356800000,2026-08-22T00:00:00.000Z,686.92,688.12,681.44,684.6,511.26,
1787357700000,2026-08-22T00:15:00.000Z,684.6,688.48,683.8,687.32,376.77,
1787358600000,2026-08-22T00:30:00.000Z,687.32,688.2,685.13,686.18,225.87,
1787359500000,2026-08-22T00:45:00.000Z,686.18,688.72,684.69,688.48,254.45,
1787360400000,2026-08-22T01:00:00.000Z,688.48,690.67,687.77,689.41,475.05,
1787361300000,2026-08-22T01:15:00.000Z,689.41,690.91,687.24,688.75,236.63,
1787362200000,2026-08-22T01:30:00.000Z,688.75,692.35,688.17,688.73,974.46,
1787363100000,2026-08-22T01:45:00.000Z,688.73,690.18,686.46,688.17,1078.34,
1787364000000,2026-08-22T02:00:00.000Z,688.17,694.33,688.15,693.28,363.82,
1787364900000,2026-08-22T02:15:00.000Z,693.28,699.05,693.23,698.54,689.85,
1787365800000,2026-08-22T02:30:00.000Z,698.54,707.58,696.12,706.76,1209.66,
1787366700000,2026-08-22T02:45:00.000Z,706.76,714.98,705.89,712.61,2381.09,
1787367600000,2026-08-22T03:00:00.000Z,712.61,714,710.63,710.63,714.86,
1787368500000,2026-08-22T03:15:00.000Z,710.63,722.7,710.63,718.51,2477.93,
1787369400000,2026-08-22T03:30:00.000Z,718.51,722.42,717.84,720.06,1130.04,
1787370300000,2026-08-22T03:45:00.000Z,720.06,720.98,718.28,718.28,774.59,
1787371200000,2026-08-22T04:00:00.000Z,718.28,719.24,714.92,717.48,649.67,
1787372100000,2026-08-22T04:15:00.000Z,717.48,717.68,714.85,716.72,987.41,
1787373000000,2026-08-22T04:30:00.000Z,716.72,725,716.51,724.78,1055.78,
1787373900000,2026-08-22T04:45:00.000Z,724.78,725.59,720.69,725.07,1585.24,
1787374800000,2026-08-22T05:00:00.000Z,725.07,726.72,682.87,697.11,27143.75,
1787375700000,2026-08-22T05:15:00.000Z,697.11,701.87,685.53,700.04,7024.72,
1787376600000,2026-08-22T05:30:00.000Z,700.04,700.86,693.61,695.91,1603.83,
1787377500000,2026-08-22T05:45:00.000Z,695.91,702,695.45,698.52,1417.95,
1787378400000,2026-08-22T06:00:00.000Z,698.52,699.78,694.01,694.41,999.48,
1787379300000,2026-08-22T06:15:00.000Z,694.41,698.93,694.41,696.27,505.26,
1787380200000,2026-08-22T06:30:00.000Z,696.27,700.12,692.26,698.77,723.31,
1787381100000,2026-08-22T06:45:00.000Z,698.77,700.95,698.62,700.95,490.8,
1787382000000,2026-08-22T07:00:00.000Z,700.95,704.32,698.36,700.59,764.54,
1787382900000,2026-08-22T07:15:00.000Z,700.59,705.2,697.61,705.02,458.93,
1787383800000,2026-08-22T07:30:00.000Z,705.02,708.39,703.99,706.09,1174.48,
1787384700000,2026-08-22T07:45:00.000Z,706.09,707.88,704.86,705.8,1318.84,
1787385600000,2026-08-22T08:00:00.000Z,705.8,710,704.56,709.16,347.39,
1787386500000,2026-08-22T08:15:00.000Z,709.16,709.16,698.78,699.75,437.1,
1787387400000,2026-08-22T08:30:00.000Z,699.75,700.15,695.59,699.1,589.62,
1787388300000,2026-08-22T08:45:00.000Z,699.1,699.1,695.96,697.99,272.77,
1787389200000,2026-08-22T09:00:00.000Z,697.99,698.52,692.68,698.52,254.55,
1787390100000,2026-08-22T09:15:00.000Z,698.52,704.08,697.88,701.82,292.81,
1787391000000,2026-08-22T09:30:00.000Z,701.82,702.04,699.06,701.54,49.63,
1787391900000,2026-08-22T09:45:00.000Z,701.54,701.54,696.52,697.23,237.14,
1787392800000,2026-08-22T10:00:00.000Z,697.23,697.88,687.68,688.18,2193.66,
1787393700000,2026-08-22T10:15:00.000Z,688.18,689.79,684.02,689.43,914.6,
1787394600000,2026-08-22T10:30:00.000Z,689.43,692.51,688.52,692.33,199.76,
1787395500000,2026-08-22T10:45:00.000Z,692.33,692.67,690.34,690.89,69.39,
1787396400000,2026-08-22T11:00:00.000Z,690.89,692.9,689.23,691.18,142.91,
1787397300000,2026-08-22T11:15:00.000Z,691.18,691.84,689.85,691.84,305.41,
1787398200000,2026-08-22T11:30:00.000Z,691.84,695.52,691.57,694.98,271.27,
1787399100000,2026-08-22T11:45:00.000Z,694.98,695.22,693.39,694.18,338.63,
1787400000000,2026-08-22T12:00:00.000Z,694.18,696.67,692.37,695.8,1238.2,
1787400900000,2026-08-22T12:15:00.000Z,695.8,698.08,695.8,697.67,242.59,
1787401800000,2026-08-22T12:30:00.000Z,697.67,697.88,694.67,696.43,140.79,
1787402700000,2026-08-22T12:45:00.000Z,696.43,696.84,694.32,695.1,318.49,
1787403600000,2026-08-22T13:00:00.000Z,695.1,695.17,692.93,695.04,328.66,
1787404500000,2026-08-22T13:15:00.000Z,695.04,695.99,693.04,694.4,67.97,
1787405400000,2026-08-22T13:30:00.000Z,694.4,695.34,692.25,693.01,72.56,
1787406300000,2026-08-22T13:45:00.000Z,693.01,695.85,693.01,695.35,79.28,
1787407200000,2026-08-22T14:00:00.000Z,695.35,695.72,690.04,692.49,659.01,
1787408100000,2026-08-22T14:15:00.000Z,692.49,694.44,691.29,694.44,210.39,
1787409000000,2026-08-22T14:30:00.000Z,694.44,695.49,692.28,692.31,43.73,
1787409900000,2026-08-22T14:45:00.000Z,692.31,692.72,690,691.87,104.04,
1787410800000,2026-08-22T15:00:00.000Z,691.87,693.05,690.4,690.41,74.2,
1787411700000,2026-08-22T15:15:00.000Z,690.41,691.54,688.62,690.47,113.48,
1787412600000,2026-08-22T15:30:00.000Z,690.47,691.09,689.4,690.45,31.26,
1787413500000,2026-08-22T15:45:00.000Z,690.45,690.8,688.14,688.38,80.61,
1787414400000,2026-08-22T16:00:00.000Z,688.38,691.25,688.18,691.25,73.15,
1787415300000,2026-08-22T16:15:00.000Z,691.25,694.93,691.25,694.65,78.45,
1787416200000,2026-08-22T16:30:00.000Z,694.65,696.85,694.07,696.85,35.53,
1787417100000,2026-08-22T16:45:00.000Z,696.85,697.4,696.16,696.39,141.79,
1787418000000,2026-08-22T17:00:00.000Z,696.39,696.6,695.07,696.29,40.73,
1787418900000,2026-08-22T17:15:00.000Z,696.29,697,693.92,693.97,33.6,
1787419800000,2026-08-22T17:30:00.000Z,693.97,696.38,693.97,696.38,35.99,
1787420700000,2026-08-22T17:45:00.000Z,696.38,698.14,696.01,696.15,33.11,
1787421600000,2026-08-22T18:00:00.000Z,696.15,697.58,695.98,696.87,80.37,
1787422500000,2026-08-22T18:15:00.000Z,696.87,698.51,696.87,698.11,33.9,
1787423400000,2026-08-22T18:30:00.000Z,698.11,698.96,697.62,697.68,71.44,
1787424300000,2026-08-22T18:45:00.000Z,697.68,698.18,696.34,698.18,26.87,
1787425200000,2026-08-22T19:00:00.000Z,698.18,698.98,697.52,698.8,14.5,
1787426100000,2026-08-22T19:15:00.000Z,698.8,699.12,696.68,697.01,14.46,
1787427000000,2026-08-22T19:30:00.000Z,697.01,698.43,697.01,698.41,6.97,
1787427900000,2026-08-22T19:45:00.000Z,698.41,699.94,698.21,698.68,1342.4,
1787428800000,2026-08-22T20:00:00.000Z,698.68,700.1,697.66,699.57,230.19,
1787429700000,2026-08-22T20:15:00.000Z,699.57,699.85,699.03,699.07,38.71,
1787430600000,2026-08-22T20:30:00.000Z,699.07,700.46,697.78,699.02,32.12,
1787431500000,2026-08-22T20:45:00.000Z,699.02,699.52,697.28,697.95,56.84,
1787432400000,2026-08-22T21:00:00.000Z,697.95,697.95,693.22,693.24,877.91,
1787433300000,2026-08-22T21:15:00.000Z,693.24,697.92,693.24,697.82,30.79,
1787434200000,2026-08-22T21:30:00.000Z,697.82,697.82,693.33,694.74,367.22,
1787435100000,2026-08-22T21:45:00.000Z,694.74,694.74,691.7,692.45,42.07,
1787436000000,2026-08-22T22:00:00.000Z,692.45,696.42,691.6,696.06,57.8,
1787436900000,2026-08-22T22:15:00.000Z,696.06,696.99,695.18,696.53,26.63,
1787437800000,2026-08-22T22:30:00.000Z,696.53,696.53,693.92,694.48,59.01,
1787438700000,2026-08-22T22:45:00.000Z,694.48,694.72,693.19,693.5,20.02,
1787439600000,2026-08-22T23:00:00.000Z,693.5,694.01,692.28,692.75,26.8,
1787440500000,2026-08-22T23:15:00.000Z,692.75,693.8,692.75,693.1,12.89,
1787441400000,2026-08-22T23:30:00.000Z,693.1,693.6,691.35,692.93,50.63,
1787442300000,2026-08-22T23:45:00.000Z,692.93,696.23,692.93,695.25,27.65,
1787443200000,2026-08-23T00:00:00.000Z,695.25,696,693.49,694.6,66.44,
1787444100000,2026-08-23T00:15:00.000Z,694.6,698.28,694.28,698.26,61.81,
1787445000000,2026-08-23T00:30:00.000Z,698.26,700.38,698.15,699.1,217.2,
1787445900000,2026-08-23T00:45:00.000Z,699.1,701.91,698.99,700.78,102.71,
1787446800000,2026-08-23T01:00:00.000Z,700.78,700.78,697.18,699.91,279.48,
1787447700000,2026-08-23T01:15:00.000Z,699.91,700.8,698.39,699.67,70.86,
1787448600000,2026-08-23T01:30:00.000Z,699.67,700.3,697.73,698.92,102.93,
1787449500000,2026-08-23T01:45:00.000Z,698.92,699.42,697.08,698.1,275.43,
1787450400000,2026-08-23T02:00:00.000Z,698.1,698.1,694.24,694.31,342.33,
1787451300000,2026-08-23T02:15:00.000Z,694.31,695.21,692.25,693.66,67.15,
1787452200000,2026-08-23T02:30:00.000Z,693.66,696.31,693.66,694.56,51.88,
1787453100000,2026-08-23T02:45:00.000Z,694.56,696.5,693.8,693.82,360.37,
1787454000000,2026-08-23T03:00:00.000Z,693.82,694.58,692.94,694.22,69.25,
1787454900000,2026-08-23T03:15:00.000Z,694.22,695.04,690.92,691.13,319.35,
1787455800000,2026-08-23T03:30:00.000Z,691.13,691.23,688.54,688.88,796.75,
1787456700000,2026-08-23T03:45:00.000Z,688.88,689.84,688.41,689.21,249.7,
1787457600000,2026-08-23T04:00:00.000Z,689.21,689.89,686.42,689.81,255.04,
1787458500000,2026-08-23T04:15:00.000Z,689.81,690.33,686.81,687.41,119.69,
1787459400000,2026-08-23T04:30:00.000Z,687.41,687.68,685.47,685.81,250.12,
1787460300000,2026-08-23T04:45:00.000Z,685.81,685.92,680.76,681.87,1466.51,
1787461200000,2026-08-23T05:00:00.000Z,681.87,683.79,680.13,680.18,902.69,
1787462100000,2026-08-23T05:15:00.000Z,680.18,684.86,676.79,683.26,1842.7,
1787463000000,2026-08-23T05:30:00.000Z,683.26,685.23,682.61,683.79,678.95,
1787463900000,2026-08-23T05:45:00.000Z,683.79,684.65,682.96,683.01,174.35,
1787464800000,2026-08-23T06:00:00.000Z,683.01,683.68,680.18,682.95,3399.43,
1787465700000,2026-08-23T06:15:00.000Z,682.95,685.9,682.77,685.1,528.73,
1787466600000,2026-08-23T06:30:00.000Z,685.1,687,685.1,685.99,90.35,
1787467500000,2026-08-23T06:45:00.000Z,685.99,686.26,684.18,684.87,60.84,
1787468400000,2026-08-23T07:00:00.000Z,684.87,688.07,684.49,688.07,869.55,
1787469300000,2026-08-23T07:15:00.000Z,688.07,688.8,686.82,687.23,268.43,
1787470200000,2026-08-23T07:30:00.000Z,687.23,687.32,686.01,686.71,109.48,
1787471100000,2026-08-23T07:45:00.000Z,686.71,687.57,683.11,683.62,1699.49,
1787472000000,2026-08-23T08:00:00.000Z,683.62,688.8,683.56,687.69,1642.46,
1787472900000,2026-08-23T08:15:00.000Z,687.69,688.8,687.23,687.69,110.99,
1787473800000,2026-08-23T08:30:00.000Z,687.69,689.97,687.64,689.2,313.13,
1787474700000,2026-08-23T08:45:00.000Z,689.2,689.67,688.22,688.95,152.31,
1787475600000,2026-08-23T09:00:00.000Z,688.95,689.96,687.84,688.99,274.74,
1787476500000,2026-08-23T09:15:00.000Z,688.99,688.99,687.96,688.64,26.14,
1787477400000,2026-08-23T09:30:00.000Z,688.64,688.64,687.14,688.06,90.86,
1787478300000,2026-08-23T09:45:00.000Z,688.06,689.52,687.5,688.98,106.19,
1787479200000,2026-08-23T10:00:00.000Z,688.98,690.04,688.76,689.63,98.74,
1787480100000,2026-08-23T10:15:00.000Z,689.63,691.57,689.46,691.01,113.97,
1787481000000,2026-08-23T10:30:00.000Z,691.01,691.99,690.56,690.82,175.33,
1787481900000,2026-08-23T10:45:00.000Z,690.82,690.83,689.51,689.63,170.11,
1787482800000,2026-08-23T11:00:00.000Z,689.63,691.77,689.63,691.77,18.51,
1787483700000,2026-08-23T11:15:00.000Z,691.77,694.94,691.34,693.95,243.66,
1787484600000,2026-08-23T11:30:00.000Z,693.95,695.51,693.04,694.8,133.57,
1787485500000,2026-08-23T11:45:00.000Z,694.8,695.24,693.54,694.9,54.29,
1787486400000,2026-08-23T12:00:00.000Z,694.9,694.9,691.96,692.61,290.46,
1787487300000,2026-08-23T12:15:00.000Z,692.61,693.03,691.93,692.34,313.02,
1787488200000,2026-08-23T12:30:00.000Z,692.34,694.92,692.23,694.92,132.59,
1787489100000,2026-08-23T12:45:00.000Z,694.92,694.92,693.1,693.97,230.02,
1787490000000,2026-08-23T13:00:00.000Z,693.97,695.86,693.93,695.79,125.84,
1787490900000,2026-08-23T13:15:00.000Z,695.79,699.85,695.79,697.44,386.82,
1787491800000,2026-08-23T13:30:00.000Z,697.44,698.48,697,698.43,89.6,
1787492700000,2026-08-23T13:45:00.000Z,698.43,698.73,697.31,697.91,81.98,
1787493600000,2026-08-23T14:00:00.000Z,697.91,699.12,696.19,698.38,145.18,
1787494500000,2026-08-23T14:15:00.000Z,698.38,699.21,696.48,697.04,106.12,
1787495400000,2026-08-23T14:30:00.000Z,697.04,697.75,689.48,692.73,654.97,
1787496300000,2026-08-23T14:45:00.000Z,692.73,696.01,692.7,695.27,81.86,
1787497200000,2026-08-23T15:00:00.000Z,695.27,696,693.37,694.6,76.05,
1787498100000,2026-08-23T15:15:00.000Z,694.6,695.4,692.99,695.4,221.28,
1787499000000,2026-08-23T15:30:00.000Z,695.4,697.2,694.95,696.43,118.39,
1787499900000,2026-08-23T15:45:00.000Z,696.43,696.88,694.37,694.71,227.26,
1787500800000,2026-08-23T16:00:00.000Z,694.71,695.78,694.71,695.54,21.27,
1787501700000,2026-08-23T16:15:00.000Z,695.54,696.21,694.88,695.31,188.52,
1787502600000,2026-08-23T16:30:00.000Z,695.31,697.52,695.31,696.79,68.36,
1787503500000,2026-08-23T16:45:00.000Z,696.79,698.45,696.79,698.33,49.2,
1787504400000,2026-08-23T17:00:00.000Z,698.33,699.63,696.2,699.18,63.64,
1787505300000,2026-08-23T17:15:00.000Z,699.18,699.84,696.6,697.18,861.31,
1787506200000,2026-08-23T17:30:00.000Z,697.18,698.15,695.6,697.39,34.15,
1787507100000,2026-08-23T17:45:00.000Z,697.39,697.95,696.58,697.54,14.09,
1787508000000,2026-08-23T18:00:00.000Z,697.54,698.67,696.33,698.4,71.14,
1787508900000,2026-08-23T18:15:00.000Z,698.4,700.22,698.3,699.59,99.5,
1787509800000,2026-08-23T18:30:00.000Z,699.59,699.68,698.77,699.14,20.38,
1787510700000,2026-08-23T18:45:00.000Z,699.14,699.96,698.88,699.28,35.02,
1787511600000,2026-08-23T19:00:00.000Z,699.28,699.84,697.2,698.16,46.44,
1787512500000,2026-08-23T19:15:00.000Z,698.16,699.39,697.98,699.39,8.38,
1787513400000,2026-08-23T19:30:00.000Z,699.39,699.54,698.23,699.51,45.99,
1787514300000,2026-08-23T19:45:00.000Z,699.51,700.02,698.86,698.86,38.98,
1787515200000,2026-08-23T20:00:00.000Z,698.86,699.31,697.56,698.49,21.9,
1787516100000,2026-08-23T20:15:00.000Z,698.49,699.75,698.49,699.25,14.6,
1787517000000,2026-08-23T20:30:00.000Z,699.25,699.78,699.23,699.5,9.27,
1787517900000,2026-08-23T20:45:00.000Z,699.5,699.78,699.14,699.78,37.47,
1787518800000,2026-08-23T21:00:00.000Z,699.78,703.99,699.78,703.27,672.84,
1787519700000,2026-08-23T21:15:00.000Z,703.27,706.17,703.27,706.15,95.45,
1787520600000,2026-08-23T21:30:00.000Z,706.15,707.16,702.77,703.77,79.62,
1787521500000,2026-08-23T21:45:00.000Z,703.77,705.43,702.66,703.33,74.58,
1787522400000,2026-08-23T22:00:00.000Z,703.33,704.92,700.03,702.16,95.14,
1787523300000,2026-08-23T22:15:00.000Z,702.16,703.68,701.63,702.84,63.15,
1787524200000,2026-08-23T22:30:00.000Z,702.84,704.53,702.04,703.57,73.5,
1787525100000,2026-08-23T22:45:00.000Z,703.57,704.53,702.75,703.07,43.18,
1787526000000,2026-08-23T23:00:00.000Z,703.07,703.35,699.81,700.91,44.98,
1787526900000,2026-08-23T23:15:00.000Z,700.91,703.28,700.91,703.18,38.43,
1787527800000,2026-08-23T23:30:00.000Z,703.18,704.34,699.66,700.25,424.16,
1787528700000,2026-08-23T23:45:00.000Z,700.25,702.3,700.06,702.22,160.34,
1787529600000,2026-08-24T00:00:00.000Z,702.22,702.52,700.25,701.36,90.21,
1787530500000,2026-08-24T00:15:00.000Z,701.36,701.52,698.4,700.06,218.29,
1787531400000,2026-08-24T00:30:00.000Z,700.06,702.48,699.31,699.54,58.08,
1787532300000,2026-08-24T00:45:00.000Z,699.54,704.59,698.45,704.59,142.48,
1787533200000,2026-08-24T01:00:00.000Z,704.59,704.75,701.35,701.39,67.26,
1787534100000,2026-08-24T01:15:00.000Z,701.39,701.39,698.41,698.55,100.38,
1787535000000,2026-08-24T01:30:00.000Z,698.55,699.88,695.37,695.69,376.92,
1787535900000,2026-08-24T01:45:00.000Z,695.69,696.66,694.48,694.9,190.76,
1787536800000,2026-08-24T02:00:00.000Z,694.9,699.02,693.06,698.7,1403.19,
1787537700000,2026-08-24T02:15:00.000Z,698.7,700.94,698.7,700.42,396.86,
1787538600000,2026-08-24T02:30:00.000Z,700.42,701.56,699.78,701,1031.76,
1787539500000,2026-08-24T02:45:00.000Z,701,701,698.43,699.75,138.14,
1787540400000,2026-08-24T03:00:00.000Z,699.75,700.1,696.51,696.52,572.09,
1787541300000,2026-08-24T03:15:00.000Z,696.52,698.56,696.52,696.7,52.21,
1787542200000,2026-08-24T03:30:00.000Z,696.7,696.95,695.32,696.43,93.84,
1787543100000,2026-08-24T03:45:00.000Z,696.43,697.56,695.4,695.5,33.48,
1787544000000,2026-08-24T04:00:00.000Z,695.5,696.93,694.32,696.16,297.62,
1787544900000,2026-08-24T04:15:00.000Z,696.16,697.82,696.16,697.81,32.12,
1787545800000,2026-08-24T04:30:00.000Z,697.81,697.94,696.46,697.37,69.83,
1787546700000,2026-08-24T04:45:00.000Z,697.37,697.84,694.21,696.19,137.33,
1787547600000,2026-08-24T05:00:00.000Z,696.19,699.76,695.46,699.69,160.98,
1787548500000,2026-08-24T05:15:00.000Z,699.69,700,697.05,697.27,42.68,
1787549400000,2026-08-24T05:30:00.000Z,697.27,698.93,695.57,698.5,115.51,
1787550300000,2026-08-24T05:45:00.000Z,698.5,699.29,697.59,698.91,63.03,
1787551200000,2026-08-24T06:00:00.000Z,698.91,700,697.24,699.83,37.86,
1787552100000,2026-08-24T06:15:00.000Z,699.83,700.16,698.52,698.9,52.92,
1787553000000,2026-08-24T06:30:00.000Z,698.9,698.92,696.36,697.02,33,
1787553900000,2026-08-24T06:45:00.000Z,697.02,700.16,696.96,699.37,44.59,
1787554800000,2026-08-24T07:00:00.000Z,699.37,703.08,699.11,703.08,105.57,
1787555700000,2026-08-24T07:15:00.000Z,703.08,703.08,699.54,699.92,129.85,
1787556600000,2026-08-24T07:30:00.000Z,699.92,699.92,697.73,698.23,163.23,
1787557500000,2026-08-24T07:45:00.000Z,698.23,699.9,697.71,698.38,93.44,
1787558400000,2026-08-24T08:00:00.000Z,698.38,698.52,695.83,695.83,144.98,
1787559300000,2026-08-24T08:15:00.000Z,695.83,695.86,692.61,693.27,254.17,
1787560200000,2026-08-24T08:30:00.000Z,693.27,695.52,693.11,695.14,141.35,
1787561100000,2026-08-24T08:45:00.000Z,695.14,695.8,694.48,695.57,29.31,
1787562000000,2026-08-24T09:00:00.000Z,695.57,698.11,695.22,698.02,71.92,
1787562900000,2026-08-24T09:15:00.000Z,698.02,698.25,696.67,698.03,43.28,
1787563800000,2026-08-24T09:30:00.000Z,698.03,698.47,697.49,697.89,48.2,
1787564700000,2026-08-24T09:45:00.000Z,697.89,699.3,697.78,699.24,155.03,
1787565600000,2026-08-24T10:00:00.000Z,699.24,701.61,699.05,701.61,246.48,
1787566500000,2026-08-24T10:15:00.000Z,701.61,701.61,700.2,700.56,179.05,
1787567400000,2026-08-24T10:30:00.000Z,700.56,701.64,698.95,699.33,239.32,
1787568300000,2026-08-24T10:45:00.000Z,699.33,699.98,698.57,699.31,221.5,
1787569200000,2026-08-24T11:00:00.000Z,699.31,700.28,697.08,700.13,68.99,
1787570100000,2026-08-24T11:15:00.000Z,700.13,701.14,699.49,701.1,26.9,
1787571000000,2026-08-24T11:30:00.000Z,701.1,706.83,700.94,706.79,927.38,
1787571900000,2026-08-24T11:45:00.000Z,706.79,706.92,702.08,703.54,231.23,
1787572800000,2026-08-24T12:00:00.000Z,703.54,703.54,701.25,701.68,107.08,
1787573700000,2026-08-24T12:15:00.000Z,701.68,703.99,699.77,703.35,170.74,
1787574600000,2026-08-24T12:30:00.000Z,703.35,704.95,701.8,703.64,231.36,
1787575500000,2026-08-24T12:45:00.000Z,703.64,707,703.5,705.32,359.55,
1787576400000,2026-08-24T13:00:00.000Z,705.32,707.91,703.82,706.77,184.17,
1787577300000,2026-08-24T13:15:00.000Z,706.77,706.77,704.02,704.35,274.11,
1787578200000,2026-08-24T13:30:00.000Z,704.35,704.41,697.78,698.56,341.78,
1787579100000,2026-08-24T13:45:00.000Z,698.56,699.85,696.09,699.53,343.62,
1787580000000,2026-08-24T14:00:00.000Z,699.53,704.31,699.33,704.22,358.62,
1787580900000,2026-08-24T14:15:00.000Z,704.22,706.28,702.1,705.65,422.5,
1787581800000,2026-08-24T14:30:00.000Z,705.65,708.81,705.16,707.94,745.94,
1787582700000,2026-08-24T14:45:00.000Z,707.94,708.55,706.07,706.37,65.43,
1787583600000,2026-08-24T15:00:00.000Z,706.37,710.79,705.59,709.26,1084.33,
1787584500000,2026-08-24T15:15:00.000Z,709.26,716.47,708.51,715.07,479.76,
1787585400000,2026-08-24T15:30:00.000Z,715.07,715.31,705.67,708.53,464.63,
1787586300000,2026-08-24T15:45:00.000Z,708.53,709.8,703.43,705.46,191.81,
1787587200000,2026-08-24T16:00:00.000Z,705.46,710.31,705.46,709.8,156.51,
1787588100000,2026-08-24T16:15:00.000Z,709.8,712.1,709.37,710.06,215.98,
1787589000000,2026-08-24T16:30:00.000Z,710.06,710.51,707,707.21,78.28,
1787589900000,2026-08-24T16:45:00.000Z,707.21,707.88,703.62,704.37,170.81,
1787590800000,2026-08-24T17:00:00.000Z,704.37,705.63,700.2,704.16,305.28,
1787591700000,2026-08-24T17:15:00.000Z,704.16,704.16,698.1,698.56,348.01,
1787592600000,2026-08-24T17:30:00.000Z,698.56,701.92,698.55,699.96,100.68,
1787593500000,2026-08-24T17:45:00.000Z,699.96,702.23,699.42,702.17,27.92,
1787594400000,2026-08-24T18:00:00.000Z,702.17,704.47,702.17,704.1,49.28,
1787595300000,2026-08-24T18:15:00.000Z,704.1,704.87,703,703.67,48.46,
1787596200000,2026-08-24T18:30:00.000Z,703.67,704.44,701.03,703.38,77.29,
1787597100000,2026-08-24T18:45:00.000Z,703.38,704.05,701.52,702.32,102.87,
1787598000000,2026-08-24T19:00:00.000Z,702.32,703.3,701.08,703.01,123.69,
1787598900000,2026-08-24T19:15:00.000Z,703.01,703.01,700.09,702.77,49.57,
1787599800000,2026-08-24T19:30:00.000Z,702.77,703.73,701.5,702.16,45.18,
1787600700000,2026-08-24T19:45:00.000Z,702.16,702.41,700.55,701.64,19.31,
1787601600000,2026-08-24T20:00:00.000Z,701.64,702.79,700.58,701.99,68.83,
1787602500000,2026-08-24T20:15:00.000Z,701.99,702.05,700.43,700.89,38.96,
1787603400000,2026-08-24T20:30:00.000Z,700.89,703.86,700.4,702.48,58.02,
1787604300000,2026-08-24T20:45:00.000Z,702.48,702.84,702.1,702.7,44.29,
1787605200000,2026-08-24T21:00:00.000Z,702.7,705,702.7,705,52.58,
1787606100000,2026-08-24T21:15:00.000Z,705,705,703.48,703.72,18.96,
1787607000000,2026-08-24T21:30:00.000Z,703.72,704.52,703.54,704.33,71.28,
1787607900000,2026-08-24T21:45:00.000Z,704.33,704.77,702.62,703.42,34.94,
1787608800000,2026-08-24T22:00:00.000Z,703.42,703.57,701.92,702.21,17.71,
1787609700000,2026-08-24T22:15:00.000Z,702.21,702.4,701.24,701.76,24.6,
1787610600000,2026-08-24T22:30:00.000Z,701.76,703.07,701.08,701.08,6.83,
1787611500000,2026-08-24T22:45:00.000Z,701.08,702.39,700.85,701.05,160.7,
1787612400000,2026-08-24T23:00:00.000Z,701.05,701.7,699.8,700.93,40.1,
1787613300000,2026-08-24T23:15:00.000Z,700.93,702.77,700.93,702.35,40.36,
1787614200000,2026-08-24T23:30:00.000Z,702.35,703.58,701.91,703.44,17.84,
1787615100000,2026-08-24T23:45:00.000Z,703.44,704.16,702.57,703.85,85.53,
1787616000000,2026-08-25T00:00:00.000Z,703.85,706.67,703.27,706.07,171.55,
1787616900000,2026-08-25T00:15:00.000Z,706.07,707.49,703.83,706,165.59,
1787617800000,2026-08-25T00:30:00.000Z,706,709,705.11,708.99,144.79,
1787618700000,2026-08-25T00:45:00.000Z,708.99,711.03,708.85,709.63,172.99,
1787619600000,2026-08-25T01:00:00.000Z,709.63,712.2,709.02,709.02,161.34,
1787620500000,2026-08-25T01:15:00.000Z,709.02,710.86,707.73,709.64,142.76,
1787621400000,2026-08-25T01:30:00.000Z,709.64,710.56,708.44,709.41,160.85,
1787622300000,2026-08-25T01:45:00.000Z,709.41,710.49,708.7,710.08,31.1,
1787623200000,2026-08-25T02:00:00.000Z,710.08,710.36,708.04,708.34,141.93,
1787624100000,2026-08-25T02:15:00.000Z,708.34,718.59,708.34,718.19,806.45,
1787625000000,2026-08-25T02:30:00.000Z,718.19,718.58,715.03,715.03,419.23,
1787625900000,2026-08-25T02:45:00.000Z,715.03,715.36,711.63,713.64,120.87,
1787626800000,2026-08-25T03:00:00.000Z,713.64,717.81,713.6,716.59,378.05,
1787627700000,2026-08-25T03:15:00.000Z,716.59,717.16,714.47,715.67,68.15,
1787628600000,2026-08-25T03:30:00.000Z,715.67,717.23,714.91,715.35,113.06,
1787629500000,2026-08-25T03:45:00.000Z,715.35,716.08,713.59,715.26,580.19,
1787630400000,2026-08-25T04:00:00.000Z,715.26,717.65,713.67,715.75,120.72,
1787631300000,2026-08-25T04:15:00.000Z,715.75,716.16,714.29,714.29,62.17,
1787632200000,2026-08-25T04:30:00.000Z,714.29,715.34,713.09,713.55,195.8,
1787633100000,2026-08-25T04:45:00.000Z,713.55,714.53,713.15,713.97,306.26,
1787634000000,2026-08-25T05:00:00.000Z,713.97,716.17,713.9,715.72,58.56,
1787634900000,2026-08-25T05:15:00.000Z,715.72,718.3,715.49,717.42,119.47,
1787635800000,2026-08-25T05:30:00.000Z,717.42,717.83,716.15,716.22,109.1,
1787636700000,2026-08-25T05:45:00.000Z,716.22,717.42,716.01,716.2,125.33,
1787637600000,2026-08-25T06:00:00.000Z,716.2,716.89,715.76,716.54,164.29,
1787638500000,2026-08-25T06:15:00.000Z,716.54,717.19,715.53,715.62,79.77,
1787639400000,2026-08-25T06:30:00.000Z,715.62,715.62,712.7,712.84,47.84,
1787640300000,2026-08-25T06:45:00.000Z,712.84,713.3,710.87,712.58,116.42,
1787641200000,2026-08-25T07:00:00.000Z,712.58,715.52,712.32,713.62,36.06,
1787642100000,2026-08-25T07:15:00.000Z,713.62,713.68,710.89,712.07,79.84,
1787643000000,2026-08-25T07:30:00.000Z,712.07,712.07,708.71,709.5,122,
1787643900000,2026-08-25T07:45:00.000Z,709.5,709.5,701.7,705.93,634.72,
1787644800000,2026-08-25T08:00:00.000Z,705.93,706.4,705.19,706.04,46,
1787645700000,2026-08-25T08:15:00.000Z,706.04,708.27,706.01,707.44,103.78,
1787646600000,2026-08-25T08:30:00.000Z,707.44,707.92,705.71,706.1,30.67,
1787647500000,2026-08-25T08:45:00.000Z,706.1,706.29,703.07,703.86,32.47,
1787648400000,2026-08-25T09:00:00.000Z,703.86,703.9,700.72,702.73,467.47,
1787649300000,2026-08-25T09:15:00.000Z,702.73,703.28,701.35,701.96,80.84,
1787650200000,2026-08-25T09:30:00.000Z,701.96,703.45,701.96,702.21,58.03,
1787651100000,2026-08-25T09:45:00.000Z,702.21,702.42,696.56,698.49,578.68,
1787652000000,2026-08-25T10:00:00.000Z,698.49,699.78,696.85,699.51,291.56,
1787652900000,2026-08-25T10:15:00.000Z,699.51,699.9,698.65,698.84,48.01,
1787653800000,2026-08-25T10:30:00.000Z,698.84,699.29,698.38,699.01,77.17,
1787654700000,2026-08-25T10:45:00.000Z,699.01,700.03,698.92,698.94,75.4,
1787655600000,2026-08-25T11:00:00.000Z,698.94,699.61,697.29,697.54,205.26,
1787656500000,2026-08-25T11:15:00.000Z,697.54,698.69,697.25,697.92,35.7,
1787657400000,2026-08-25T11:30:00.000Z,697.92,699.19,697.35,697.47,27.7,
1787658300000,2026-08-25T11:45:00.000Z,697.47,697.93,696.3,696.43,102.51,
1787659200000,2026-08-25T12:00:00.000Z,696.43,696.77,692.6,695.89,436.96,
1787660100000,2026-08-25T12:15:00.000Z,695.89,695.9,692.6,694.97,98.49,
1787661000000,2026-08-25T12:30:00.000Z,694.97,696.02,693.63,695.41,83.14,
1787661900000,2026-08-25T12:45:00.000Z,695.41,697.89,695.38,697.06,309.37,
1787662800000,2026-08-25T13:00:00.000Z,697.06,697.67,695.16,695.6,253.73,
1787663700000,2026-08-25T13:15:00.000Z,695.6,695.6,693.09,693.89,1053.98,
1787664600000,2026-08-25T13:30:00.000Z,693.89,697.6,693.44,693.59,949.91,
1787665500000,2026-08-25T13:45:00.000Z,693.59,693.98,690.02,693.84,318.35,
1787666400000,2026-08-25T14:00:00.000Z,693.84,696.19,692.72,695.83,128.52,
1787667300000,2026-08-25T14:15:00.000Z,695.83,697.9,694.53,697.3,169.86,
1787668200000,2026-08-25T14:30:00.000Z,697.3,698.99,696.09,697.19,160.01,
1787669100000,2026-08-25T14:45:00.000Z,697.19,698.95,697.19,697.81,207.32,
1787670000000,2026-08-25T15:00:00.000Z,697.81,698.14,696.32,696.45,25.99,
1787670900000,2026-08-25T15:15:00.000Z,696.45,698.72,695.84,698.23,34.87,
1787671800000,2026-08-25T15:30:00.000Z,698.23,699.17,697.6,698.38,341.22,
1787672700000,2026-08-25T15:45:00.000Z,698.38,699.88,697.84,699.61,104.82,
1787673600000,2026-08-25T16:00:00.000Z,699.61,700,697.34,697.89,85.24,
1787674500000,2026-08-25T16:15:00.000Z,697.89,698.43,697.12,697.82,28.88,
1787675400000,2026-08-25T16:30:00.000Z,697.82,699.31,697.45,698.96,27.7,
1787676300000,2026-08-25T16:45:00.000Z,698.96,699.38,697.71,698.02,5.02,
1787677200000,2026-08-25T17:00:00.000Z,698.02,698.33,696.55,698.22,169.36,
1787678100000,2026-08-25T17:15:00.000Z,698.22,698.91,696.43,696.54,39.1,
1787679000000,2026-08-25T17:30:00.000Z,696.54,699.2,696.54,699.12,9.71,
1787679900000,2026-08-25T17:45:00.000Z,699.12,700.13,699.03,699.73,44.07,
1787680800000,2026-08-25T18:00:00.000Z,699.73,700.79,699.13,700.35,692.69,
1787681700000,2026-08-25T18:15:00.000Z,700.35,701.19,699.85,700.33,352.12,
1787682600000,2026-08-25T18:30:00.000Z,700.33,700.33,699.25,699.75,120.3,
1787683500000,2026-08-25T18:45:00.000Z,699.75,699.75,698.61,699.33,150.38,
1787684400000,2026-08-25T19:00:00.000Z,699.33,699.58,698.25,699.15,5.81,
1787685300000,2026-08-25T19:15:00.000Z,699.15,699.64,697.93,698.01,757.8,
1787686200000,2026-08-25T19:30:00.000Z,698.01,698.15,696.73,696.86,142.4,
1787687100000,2026-08-25T19:45:00.000Z,696.86,697.74,696.28,697.61,17.26,
1787688000000,2026-08-25T20:00:00.000Z,697.61,697.87,695.11,696.67,148.6,
1787688900000,2026-08-25T20:15:00.000Z,696.67,697.37,696.05,696.3,6.73,
1787689800000,2026-08-25T20:30:00.000Z,696.3,696.3,693.24,693.93,88.04,
1787690700000,2026-08-25T20:45:00.000Z,693.93,694.62,691.6,691.71,267.43,
1787691600000,2026-08-25T21:00:00.000Z,691.71,692.85,687.14,691.49,353.67,
1787692500000,2026-08-25T21:15:00.000Z,691.49,692.05,689.63,691.47,38.58,
1787693400000,2026-08-25T21:30:00.000Z,691.47,692.79,690.78,692.38,53.58,
1787694300000,2026-08-25T21:45:00.000Z,692.38,692.79,691.76,692.43,62.32,
1787695200000,2026-08-25T22:00:00.000Z,692.43,695.5,692.26,695.36,19.26,
1787696100000,2026-08-25T22:15:00.000Z,695.36,696.25,694.59,694.86,21.43,
1787697000000,2026-08-25T22:30:00.000Z,694.86,696.14,694.53,695.66,16.07,
1787697900000,2026-08-25T22:45:00.000Z,695.66,696.95,695.6,696.81,19.44,
1787698800000,2026-08-25T23:00:00.000Z,696.81,697,695.9,696.4,20.43,
1787699700000,2026-08-25T23:15:00.000Z,696.4,696.92,694.72,695.6,12.38,
1787700600000,2026-08-25T23:30:00.000Z,695.6,695.6,693.61,693.77,12.91,
1787701500000,2026-08-25T23:45:00.000Z,693.77,694.06,692.56,693.96,64.26,
1787702400000,2026-08-26T00:00:00.000Z,693.96,694.4,690.84,691.27,1158.48,
1787703300000,2026-08-26T00:15:00.000Z,691.27,693.21,691.27,693.14,484.35,
1787704200000,2026-08-26T00:30:00.000Z,693.14,693.61,691.32,691.78,220.16,
1787705100000,2026-08-26T00:45:00.000Z,691.78,694.19,691.69,693.67,51.97,
1787706000000,2026-08-26T01:00:00.000Z,693.67,695.78,693.06,694.37,154.43,
1787706900000,2026-08-26T01:15:00.000Z,694.37,695.42,694.09,694.25,41.35,
1787707800000,2026-08-26T01:30:00.000Z,694.25,696.08,694.25,695.24,221.63,
1787708700000,2026-08-26T01:45:00.000Z,695.24,695.24,694,694.32,29.97,
1787709600000,2026-08-26T02:00:00.000Z,694.32,694.77,693.28,694.12,23.27,
1787710500000,2026-08-26T02:15:00.000Z,694.12,697.62,693.98,697.55,84.06,
1787711400000,2026-08-26T02:30:00.000Z,697.55,697.71,697.01,697.71,37.55,
1787712300000,2026-08-26T02:45:00.000Z,697.71,697.71,696.69,697.12,63.63,
1787713200000,2026-08-26T03:00:00.000Z,697.12,697.67,696.08,696.08,38.46,
1787714100000,2026-08-26T03:15:00.000Z,696.08,696.82,695.71,695.89,333.82,
1787715000000,2026-08-26T03:30:00.000Z,695.89,696.4,694.71,695.73,91.02,
1787715900000,2026-08-26T03:45:00.000Z,695.73,695.93,694.56,695.73,34.47,
1787716800000,2026-08-26T04:00:00.000Z,695.73,696.87,694.85,694.91,29.97,
1787717700000,2026-08-26T04:15:00.000Z,694.91,696.55,694.91,695.81,15.6,
1787718600000,2026-08-26T04:30:00.000Z,695.81,696.06,694.95,695.32,20.12,
1787719500000,2026-08-26T04:45:00.000Z,695.32,695.32,693.62,693.92,61.08,
1787720400000,2026-08-26T05:00:00.000Z,693.92,694.17,692.38,694.17,15.75,
1787721300000,2026-08-26T05:15:00.000Z,694.17,695.48,692.22,695.41,53.6,
1787722200000,2026-08-26T05:30:00.000Z,695.41,696.31,694.97,696.01,24.91,
1787723100000,2026-08-26T05:45:00.000Z,696.01,696.02,695.06,695.94,14.3,
1787724000000,2026-08-26T06:00:00.000Z,695.94,696.57,695.52,695.81,21.37,
1787724900000,2026-08-26T06:15:00.000Z,695.81,696.17,694.76,695.28,51.57,
1787725800000,2026-08-26T06:30:00.000Z,695.28,697.16,694.9,696.94,37.9,
1787726700000,2026-08-26T06:45:00.000Z,696.94,697.36,696.32,697.36,30.03,
1787727600000,2026-08-26T07:00:00.000Z,697.36,699.59,696.91,699,441.79,
1787728500000,2026-08-26T07:15:00.000Z,699,699.58,698.76,699.4,78.14,
1787729400000,2026-08-26T07:30:00.000Z,699.4,699.4,697.9,698.54,34.17,
1787730300000,2026-08-26T07:45:00.000Z,698.54,699.26,698,698.35,37.33,
1787731200000,2026-08-26T08:00:00.000Z,698.35,698.88,697.07,698.4,108.9,
1787732100000,2026-08-26T08:15:00.000Z,698.4,698.82,697.29,697.92,17.93,
1787733000000,2026-08-26T08:30:00.000Z,697.92,698.99,697.86,698.75,90.24,
1787733900000,2026-08-26T08:45:00.000Z,698.75,698.75,695.66,696.52,96.53,
1787734800000,2026-08-26T09:00:00.000Z,696.52,698.26,696.47,697.08,1367.92,
1787735700000,2026-08-26T09:15:00.000Z,697.08,697.14,694.97,695.17,148.52,
1787736600000,2026-08-26T09:30:00.000Z,695.17,695.73,694.35,694.35,93.4,
1787737500000,2026-08-26T09:45:00.000Z,694.35,695.49,693.74,694.64,87.47,
1787738400000,2026-08-26T10:00:00.000Z,694.64,695.34,694.29,694.96,51.8,
1787739300000,2026-08-26T10:15:00.000Z,694.96,697.76,694.86,697.46,152.9,
1787740200000,2026-08-26T10:30:00.000Z,697.46,703,696.81,701.16,1034.67,
1787741100000,2026-08-26T10:45:00.000Z,701.16,707.84,700.98,706.58,1530.8,
1787742000000,2026-08-26T11:00:00.000Z,706.58,707.6,705.46,705.86,351.86,
1787742900000,2026-08-26T11:15:00.000Z,705.86,706,705.26,705.49,168.01,
1787743800000,2026-08-26T11:30:00.000Z,705.49,705.58,701.6,703.1,1260.28,
1787744700000,2026-08-26T11:45:00.000Z,703.1,703.26,700.89,701.86,177.85,
1787745600000,2026-08-26T12:00:00.000Z,701.86,702.78,700.85,702.03,178.42,
1787746500000,2026-08-26T12:15:00.000Z,702.03,703.66,701.35,703.6,101.27,
1787747400000,2026-08-26T12:30:00.000Z,703.6,703.6,697.17,700.36,336.8,
1787748300000,2026-08-26T12:45:00.000Z,700.36,701.79,699.88,701.2,114,
1787749200000,2026-08-26T13:00:00.000Z,701.2,701.88,698.03,698.21,308.92,
1787750100000,2026-08-26T13:15:00.000Z,698.21,699.06,696.53,697.32,426.4,
1787751000000,2026-08-26T13:30:00.000Z,697.32,701.63,697.32,701.4,186.72,
1787751900000,2026-08-26T13:45:00.000Z,701.4,701.95,698.98,701.03,110.71,
1787752800000,2026-08-26T14:00:00.000Z,701.03,702.21,699.86,700.04,166.88,
1787753700000,2026-08-26T14:15:00.000Z,700.04,701.36,698.06,698.56,567.13,
1787754600000,2026-08-26T14:30:00.000Z,698.56,698.89,696.2,696.42,239.88,
1787755500000,2026-08-26T14:45:00.000Z,696.42,696.76,692.94,693.46,880.48,
1787756400000,2026-08-26T15:00:00.000Z,693.46,695.02,691.58,693.79,302.36,
1787757300000,2026-08-26T15:15:00.000Z,693.79,696.63,692.05,696.55,204.56,
1787758200000,2026-08-26T15:30:00.000Z,696.55,697.27,694.51,696.35,184.02,
1787759100000,2026-08-26T15:45:00.000Z,696.35,697.46,696.35,696.5,64.68,
1787760000000,2026-08-26T16:00:00.000Z,696.5,697.66,695.91,696.49,78.96,
1787760900000,2026-08-26T16:15:00.000Z,696.49,697.38,695.27,696.09,111.44,
1787761800000,2026-08-26T16:30:00.000Z,696.09,697.41,694.24,694.33,60.65,
1787762700000,2026-08-26T16:45:00.000Z,694.33,697.37,694.3,695.42,31.88,
1787763600000,2026-08-26T17:00:00.000Z,695.42,697.06,695.21,697.03,12.83,
1787764500000,2026-08-26T17:15:00.000Z,697.03,700.99,697.03,700.52,81.56,
1787765400000,2026-08-26T17:30:00.000Z,700.52,701.81,700.32,700.51,220.31,
1787766300000,2026-08-26T17:45:00.000Z,700.51,700.51,698.63,698.93,35.82,
1787767200000,2026-08-26T18:00:00.000Z,698.93,699.35,697.62,697.77,252.35,
1787768100000,2026-08-26T18:15:00.000Z,697.77,698.79,697.42,697.56,34.5,
1787769000000,2026-08-26T18:30:00.000Z,697.56,697.96,696.81,697.05,41.11,
1787769900000,2026-08-26T18:45:00.000Z,697.05,698.04,697.05,697.62,31.3,
1787770800000,2026-08-26T19:00:00.000Z,697.62,699.32,697.42,698.3,19.89,
1787771700000,2026-08-26T19:15:00.000Z,698.3,699.98,698.25,699.67,84.63,
1787772600000,2026-08-26T19:30:00.000Z,699.67,699.79,698.42,698.56,44.95,
1787773500000,2026-08-26T19:45:00.000Z,698.56,699.65,698.54,698.88,34.3,
1787774400000,2026-08-26T20:00:00.000Z,698.88,699.76,698.48,699.08,29.87,
1787775300000,2026-08-26T20:15:00.000Z,699.08,699.33,697.12,698.6,52.41,
1787776200000,2026-08-26T20:30:00.000Z,698.6,698.73,697.33,697.82,20.46,
1787777100000,2026-08-26T20:45:00.000Z,697.82,698.8,697.82,698.39,23.42,
1787778000000,2026-08-26T21:00:00.000Z,698.39,701.22,698.13,701.08,39.63,
1787778900000,2026-08-26T21:15:00.000Z,701.08,702.75,700.98,702.61,45.09,
1787779800000,2026-08-26T21:30:00.000Z,702.61,702.61,701.43,701.62,20.78,
1787780700000,2026-08-26T21:45:00.000Z,701.62,702.96,701.29,702.69,123.18,
1787781600000,2026-08-26T22:00:00.000Z,702.69,704.59,702.22,704.24,119.6,
1787782500000,2026-08-26T22:15:00.000Z,704.24,707,704.09,705.56,294.6,
1787783400000,2026-08-26T22:30:00.000Z,705.56,705.95,703.62,704.65,76.3,
1787784300000,2026-08-26T22:45:00.000Z,704.65,704.9,703.62,703.91,56.14,
1787785200000,2026-08-26T23:00:00.000Z,703.91,705.15,703.52,703.97,42.93,
1787786100000,2026-08-26T23:15:00.000Z,703.97,706.13,703.92,705.84,73.19,
1787787000000,2026-08-26T23:30:00.000Z,705.84,707.44,705.04,707.32,192.78,
1787787900000,2026-08-26T23:45:00.000Z,707.32,708,706.73,707.16,127.99,
1787788800000,2026-08-27T00:00:00.000Z,707.16,707.2,704.58,704.61,173.17,
1787789700000,2026-08-27T00:15:00.000Z,704.61,705.08,703.81,704.32,38.13,
1787790600000,2026-08-27T00:30:00.000Z,704.32,704.32,703.04,703.71,91.19,
1787791500000,2026-08-27T00:45:00.000Z,703.71,703.71,702.73,702.83,107.07,
1787792400000,2026-08-27T01:00:00.000Z,702.83,703.25,701.77,702.05,123.12,
1787793300000,2026-08-27T01:15:00.000Z,702.05,704.56,701.59,704.27,73.24,
1787794200000,2026-08-27T01:30:00.000Z,704.27,704.83,703.29,703.29,21.54,
1787795100000,2026-08-27T01:45:00.000Z,703.29,705.02,702.86,704.29,46.87,
1787796000000,2026-08-27T02:00:00.000Z,704.29,705.06,704.18,704.28,19.2,
1787796900000,2026-08-27T02:15:00.000Z,704.28,704.42,702.37,702.53,30.72,
1787797800000,2026-08-27T02:30:00.000Z,702.53,702.99,702.2,702.23,39.47,
1787798700000,2026-08-27T02:45:00.000Z,702.23,702.99,702.23,702.42,18.19,
1787799600000,2026-08-27T03:00:00.000Z,702.42,702.9,702.09,702.1,66.44,
1787800500000,2026-08-27T03:15:00.000Z,702.1,703.64,701.78,703.11,114.34,
1787801400000,2026-08-27T03:30:00.000Z,703.11,703.11,702.21,702.46,12.32,
1787802300000,2026-08-27T03:45:00.000Z,702.46,702.82,701.86,702.53,28.28,
1787803200000,2026-08-27T04:00:00.000Z,702.53,703.49,701.9,702.62,62.23,
1787804100000,2026-08-27T04:15:00.000Z,702.62,703.28,701.13,701.27,424.48,
1787805000000,2026-08-27T04:30:00.000Z,701.27,701.64,700.61,701.64,36.24,
1787805900000,2026-08-27T04:45:00.000Z,701.64,701.88,700.62,701.64,171.22,
1787806800000,2026-08-27T05:00:00.000Z,701.64,702.08,701.2,701.72,6.09,
1787807700000,2026-08-27T05:15:00.000Z,701.72,702.95,700.96,702.13,30.65,
1787808600000,2026-08-27T05:30:00.000Z,702.13,704.19,701.61,703.47,177.65,
1787809500000,2026-08-27T05:45:00.000Z,703.47,705.16,703.47,704.82,119.88,
1787810400000,2026-08-27T06:00:00.000Z,704.82,704.88,703.31,703.68,90.76,
1787811300000,2026-08-27T06:15:00.000Z,703.68,703.88,702.91,703.57,19.5,
1787812200000,2026-08-27T06:30:00.000Z,703.57,704.71,703.57,703.85,317.6,
1787813100000,2026-08-27T06:45:00.000Z,703.85,705.59,703.68,705.37,67.37,
1787814000000,2026-08-27T07:00:00.000Z,705.37,705.72,705,705.36,95.97,
1787814900000,2026-08-27T07:15:00.000Z,705.36,705.6,704.6,704.89,34.14,
1787815800000,2026-08-27T07:30:00.000Z,704.89,706.17,704.73,705.56,63.41,
1787816700000,2026-08-27T07:45:00.000Z,705.56,707.56,705.27,707.1,653.55,
1787817600000,2026-08-27T08:00:00.000Z,707.1,711.63,706.96,709.19,681.36,
1787818500000,2026-08-27T08:15:00.000Z,709.19,711.5,707.88,711.5,436.54,
1787819400000,2026-08-27T08:30:00.000Z,711.5,712.83,710.44,710.91,229.75,
1787820300000,2026-08-27T08:45:00.000Z,710.91,711.39,709.61,709.89,133.29,
1787821200000,2026-08-27T09:00:00.000Z,709.89,711.23,708.73,710.72,48.81,
1787822100000,2026-08-27T09:15:00.000Z,710.72,714.53,710.31,714.53,386.15,
1787823000000,2026-08-27T09:30:00.000Z,714.53,715.27,712.04,712.72,196.02,
1787823900000,2026-08-27T09:45:00.000Z,712.72,714.15,711.4,712.09,72.85,
1787824800000,2026-08-27T10:00:00.000Z,712.09,713.37,710.67,711.14,131.89,
1787825700000,2026-08-27T10:15:00.000Z,711.14,711.58,704.02,707.27,334.68,
1787826600000,2026-08-27T10:30:00.000Z,707.27,707.27,704.68,706.81,129.12,
1787827500000,2026-08-27T10:45:00.000Z,706.81,706.86,705.75,706.34,20.37,
1787828400000,2026-08-27T11:00:00.000Z,706.34,707.75,706.11,707.75,123.35,
1787829300000,2026-08-27T11:15:00.000Z,707.75,707.95,705.65,706.35,1266.38,
1787830200000,2026-08-27T11:30:00.000Z,706.35,707.69,705.62,707.59,63.32,
1787831100000,2026-08-27T11:45:00.000Z,707.59,707.59,705.01,706.12,52.44,
1787832000000,2026-08-27T12:00:00.000Z,706.12,706.94,705.81,706.74,39.07,
1787832900000,2026-08-27T12:15:00.000Z,706.74,706.88,706.21,706.77,37.41,
1787833800000,2026-08-27T12:30:00.000Z,706.77,706.77,704.67,704.88,545.82,
1787834700000,2026-08-27T12:45:00.000Z,704.88,705.73,704.81,705.11,58.15,
1787835600000,2026-08-27T13:00:00.000Z,705.11,706.76,705.11,706.62,43.96,
1787836500000,2026-08-27T13:15:00.000Z,706.62,707.96,706.25,707.05,58.16,
1787837400000,2026-08-27T13:30:00.000Z,707.05,707.15,704.5,705.59,104.73,
1787838300000,2026-08-27T13:45:00.000Z,705.59,708.33,704.33,708.24,151.26,
1787839200000,2026-08-27T14:00:00.000Z,708.24,709.49,705.42,705.63,1518.85,
1787840100000,2026-08-27T14:15:00.000Z,705.63,708.39,705.48,707.55,83.32,
1787841000000,2026-08-27T14:30:00.000Z,707.55,711.28,707.55,711.28,375.46,
1787841900000,2026-08-27T14:45:00.000Z,711.28,711.28,708.73,709.47,115.09,
1787842800000,2026-08-27T15:00:00.000Z,709.47,712.4,708.84,712.08,390.05,
1787843700000,2026-08-27T15:15:00.000Z,712.08,712.81,710.34,712.31,249.94,
1787844600000,2026-08-27T15:30:00.000Z,712.31,713.36,711.07,712.57,875.32,
1787845500000,2026-08-27T15:45:00.000Z,712.57,712.57,710.78,710.91,65.94,
1787846400000,2026-08-27T16:00:00.000Z,710.91,712.54,710.32,711.85,162.65,
1787847300000,2026-08-27T16:15:00.000Z,711.85,712.82,711.58,711.64,165.21,
1787848200000,2026-08-27T16:30:00.000Z,711.64,713.08,710.56,712.71,712.27,
1787849100000,2026-08-27T16:45:00.000Z,712.71,712.71,711.4,711.46,79.08,
1787850000000,2026-08-27T17:00:00.000Z,711.46,712.84,709.31,712.74,367.85,
1787850900000,2026-08-27T17:15:00.000Z,712.74,713.64,711.96,712.17,149.42,
1787851800000,2026-08-27T17:30:00.000Z,712.17,712.43,710.1,710.1,43.76,
1787852700000,2026-08-27T17:45:00.000Z,710.1,711.2,710.01,710.43,35.18,
1787853600000,2026-08-27T18:00:00.000Z,710.43,710.51,707.18,708.08,165.68,
1787854500000,2026-08-27T18:15:00.000Z,708.08,708.73,706.12,707.51,134.23,
1787855400000,2026-08-27T18:30:00.000Z,707.51,709.07,707.51,708.38,13.06,
1787856300000,2026-08-27T18:45:00.000Z,708.38,710,708.15,710,9.98,
1787857200000,2026-08-27T19:00:00.000Z,710,711.26,710,711.09,26.81,
1787858100000,2026-08-27T19:15:00.000Z,711.09,711.2,710.49,711.11,8.57,
1787859000000,2026-08-27T19:30:00.000Z,711.11,711.25,710.11,710.4,13.18,
1787859900000,2026-08-27T19:45:00.000Z,710.4,711.03,709.32,709.6,11.24,
1787860800000,2026-08-27T20:00:00.000Z,709.6,709.99,708.88,708.97,16.22,
1787861700000,2026-08-27T20:15:00.000Z,708.97,710.06,708.97,709.7,8.34,
1787862600000,2026-08-27T20:30:00.000Z,709.7,709.81,709.18,709.81,2.25,
1787863500000,2026-08-27T20:45:00.000Z,709.81,710.18,708.42,709.32,19.57,
1787864400000,2026-08-27T21:00:00.000Z,709.32,709.88,708.77,709.76,115.02,
1787865300000,2026-08-27T21:15:00.000Z,709.76,710.05,708.98,709.63,6.51,
1787866200000,2026-08-27T21:30:00.000Z,709.63,710.21,708.97,709.06,4.67,
1787867100000,2026-08-27T21:45:00.000Z,709.06,710.05,708.97,710.05,28.84,
1787868000000,2026-08-27T22:00:00.000Z,710.05,711.46,710.05,711.34,14.42,
1787868900000,2026-08-27T22:15:00.000Z,711.34,712.24,710.93,711.18,71.14,
1787869800000,2026-08-27T22:30:00.000Z,711.18,711.64,710.97,711.36,8.86,
1787870700000,2026-08-27T22:45:00.000Z,711.36,711.85,711.31,711.76,14.83,
1787871600000,2026-08-27T23:00:00.000Z,711.76,712.14,711.37,711.38,20.98,
1787872500000,2026-08-27T23:15:00.000Z,711.38,712.29,711.22,712.19,12.84,
1787873400000,2026-08-27T23:30:00.000Z,712.19,712.19,711.28,711.33,37.08,
1787874300000,2026-08-27T23:45:00.000Z,711.33,711.81,711.21,711.41,10.04,
1787875200000,2026-08-28T00:00:00.000Z,711.41,711.77,710.44,711.05,122.97,
1787876100000,2026-08-28T00:15:00.000Z,711.05,712.56,711.05,712.56,325.61,
1787877000000,2026-08-28T00:30:00.000Z,712.56,714.25,712.24,713.25,70.92,
1787877900000,2026-08-28T00:45:00.000Z,713.25,713.59,712.35,712.37,178.45,
1787878800000,2026-08-28T01:00:00.000Z,712.37,716.5,712.37,715.62,451.52,
1787879700000,2026-08-28T01:15:00.000Z,715.62,718.29,715.4,717.6,161.08,
1787880600000,2026-08-28T01:30:00.000Z,717.6,718.28,713.53,715.23,4476.32,
1787881500000,2026-08-28T01:45:00.000Z,715.23,715.46,712.98,713.23,188.38,
1787882400000,2026-08-28T02:00:00.000Z,713.23,713.59,710.17,710.41,756.21,
1787883300000,2026-08-28T02:15:00.000Z,710.41,710.55,706.86,707.31,912.57,
1787884200000,2026-08-28T02:30:00.000Z,707.31,708.82,706.26,707.81,638.75,
1787885100000,2026-08-28T02:45:00.000Z,707.81,707.86,705.55,707.35,81.54,
1787886000000,2026-08-28T03:00:00.000Z,707.35,707.89,706.05,707.49,243.91,
1787886900000,2026-08-28T03:15:00.000Z,707.49,709.56,707.45,709.24,84.12,
1787887800000,2026-08-28T03:30:00.000Z,709.24,710.72,708.93,708.93,470.88,
1787888700000,2026-08-28T03:45:00.000Z,708.93,708.99,708.2,708.65,13.35,
1787889600000,2026-08-28T04:00:00.000Z,708.65,709.47,706.44,709.47,317.38,
1787890500000,2026-08-28T04:15:00.000Z,709.47,710.34,709.47,709.71,51.43,
1787891400000,2026-08-28T04:30:00.000Z,709.71,709.94,707.61,708.4,14.08,
1787892300000,2026-08-28T04:45:00.000Z,708.4,709.23,708.16,708.78,31.44,
1787893200000,2026-08-28T05:00:00.000Z,708.78,708.78,707.25,708.69,363.98,
1787894100000,2026-08-28T05:15:00.000Z,708.69,709.57,708.32,709.57,173.58,
1787895000000,2026-08-28T05:30:00.000Z,709.57,711.71,709.57,711.71,132.07,
1787895900000,2026-08-28T05:45:00.000Z,711.71,712.54,711.27,711.52,162.33,
1787896800000,2026-08-28T06:00:00.000Z,711.52,713.68,711.52,713.59,162.78,
1787897700000,2026-08-28T06:15:00.000Z,713.59,713.59,711.7,711.85,226.76,
1787898600000,2026-08-28T06:30:00.000Z,711.85,713.07,711.61,712.04,113.09,
1787899500000,2026-08-28T06:45:00.000Z,712.04,712.8,711.66,711.99,94.51,
1787900400000,2026-08-28T07:00:00.000Z,711.99,712.06,708.93,709.23,304.61,
1787901300000,2026-08-28T07:15:00.000Z,709.23,710.97,709.23,710.95,227.7,
1787902200000,2026-08-28T07:30:00.000Z,710.95,710.95,707,707,238.48,
1787903100000,2026-08-28T07:45:00.000Z,707,707.06,705.48,706.2,235.63,
1787904000000,2026-08-28T08:00:00.000Z,706.2,708.23,706,707.5,204.2,
1787904900000,2026-08-28T08:15:00.000Z,707.5,708.4,707.5,708.13,123.61,
1787905800000,2026-08-28T08:30:00.000Z,708.13,708.58,706.95,706.95,48.79,
1787906700000,2026-08-28T08:45:00.000Z,706.95,707.26,704.6,704.61,286.52,
1787907600000,2026-08-28T09:00:00.000Z,704.61,705.91,704.09,704.15,296.98,
1787908500000,2026-08-28T09:15:00.000Z,704.15,705.35,704.1,704.42,125.61,
1787909400000,2026-08-28T09:30:00.000Z,704.42,704.72,703.68,703.83,180.93,
1787910300000,2026-08-28T09:45:00.000Z,703.83,704.54,703.65,703.71,39.63,
1787911200000,2026-08-28T10:00:00.000Z,703.71,704.05,702.11,703.69,436.54,
1787912100000,2026-08-28T10:15:00.000Z,703.69,704.5,703.32,704.37,114.24,
1787913000000,2026-08-28T10:30:00.000Z,704.37,705.66,704.37,705.52,42.73,
1787913900000,2026-08-28T10:45:00.000Z,705.52,706.26,705.24,706.06,125.02,
1787914800000,2026-08-28T11:00:00.000Z,706.06,707.32,706.04,706.52,116.43,
1787915700000,2026-08-28T11:15:00.000Z,706.52,706.79,705.36,705.51,118.95,
1787916600000,2026-08-28T11:30:00.000Z,705.51,705.98,705.05,705.61,51.86,
1787917500000,2026-08-28T11:45:00.000Z,705.61,705.81,705.01,705.28,16.54,
1787918400000,2026-08-28T12:00:00.000Z,705.28,705.8,705,705.14,105.69,
1787919300000,2026-08-28T12:15:00.000Z,705.14,706.24,704.79,704.89,302.57,
1787920200000,2026-08-28T12:30:00.000Z,704.89,704.92,703.78,704.44,153.96,
1787921100000,2026-08-28T12:45:00.000Z,704.44,704.53,703.86,704.45,51.55,
1787922000000,2026-08-28T13:00:00.000Z,704.45,705.15,704.22,704.37,133.95,
1787922900000,2026-08-28T13:15:00.000Z,704.37,704.37,702.67,703.48,439.99,
1787923800000,2026-08-28T13:30:00.000Z,703.48,704.32,703.05,703.12,180.48,
1787924700000,2026-08-28T13:45:00.000Z,703.12,705.26,703.08,704.21,87.19,
1787925600000,2026-08-28T14:00:00.000Z,704.21,706.47,696.43,697.74,1214,
1787926500000,2026-08-28T14:15:00.000Z,697.74,700.01,695.16,699.94,537.09,
1787927400000,2026-08-28T14:30:00.000Z,699.94,705.2,698.88,703.38,513.27,
1787928300000,2026-08-28T14:45:00.000Z,703.38,704.62,701.33,703.82,199.61,
1787929200000,2026-08-28T15:00:00.000Z,703.82,705.2,701.18,701.18,322.94,
1787930100000,2026-08-28T15:15:00.000Z,701.18,703.73,701.08,701.69,236.73,
1787931000000,2026-08-28T15:30:00.000Z,701.69,701.88,698.25,698.25,375.69,
1787931900000,2026-08-28T15:45:00.000Z,698.25,698.4,695.2,695.34,368.26,
1787932800000,2026-08-28T16:00:00.000Z,695.34,695.85,691.64,692.01,973.98,
1787933700000,2026-08-28T16:15:00.000Z,692.01,692.49,686,690.32,780.66,
1787934600000,2026-08-28T16:30:00.000Z,690.32,693.5,690,692.13,425.13,
1787935500000,2026-08-28T16:45:00.000Z,692.13,693.83,692.13,692.81,129.83,
1787936400000,2026-08-28T17:00:00.000Z,692.81,694.53,692.05,694.5,217.55,
1787937300000,2026-08-28T17:15:00.000Z,694.5,695.43,693.62,693.81,498.02,
1787938200000,2026-08-28T17:30:00.000Z,693.81,694.1,692.46,692.79,108.06,
1787939100000,2026-08-28T17:45:00.000Z,692.79,694.65,692.79,692.97,27.65,
1787940000000,2026-08-28T18:00:00.000Z,692.97,692.97,690.47,690.59,86.72,
1787940900000,2026-08-28T18:15:00.000Z,690.59,690.95,688.34,688.46,377.84,
1787941800000,2026-08-28T18:30:00.000Z,688.46,688.96,685.13,685.92,391.28,
1787942700000,2026-08-28T18:45:00.000Z,685.92,687.68,684.93,687.36,168.52,
1787943600000,2026-08-28T19:00:00.000Z,687.36,689.76,687.36,689.6,205.73,
1787944500000,2026-08-28T19:15:00.000Z,689.6,689.89,688.7,689.11,117.9,
1787945400000,2026-08-28T19:30:00.000Z,689.11,689.29,688.49,688.49,19.48,
1787946300000,2026-08-28T19:45:00.000Z,688.49,688.77,687.57,688.38,27.71,
1787947200000,2026-08-28T20:00:00.000Z,688.38,689.08,687.61,688.96,236.39,
1787948100000,2026-08-28T20:15:00.000Z,688.96,688.96,687.73,688.89,33.32,
1787949000000,2026-08-28T20:30:00.000Z,688.89,688.89,687.55,688.53,24.02,
1787949900000,2026-08-28T20:45:00.000Z,688.53,688.79,687.47,687.77,67.03,
1787950800000,2026-08-28T21:00:00.000Z,687.77,688.04,687.14,687.94,18.27,
1787951700000,2026-08-28T21:15:00.000Z,687.94,688.04,686.46,687.9,12.48,
1787952600000,2026-08-28T21:30:00.000Z,687.9,688.71,687.26,687.46,9.15,
1787953500000,2026-08-28T21:45:00.000Z,687.46,687.46,686.14,686.32,16.43,
1787954400000,2026-08-28T22:00:00.000Z,686.32,687.8,686.32,687.64,20.45,
1787955300000,2026-08-28T22:15:00.000Z,687.64,688.7,687.49,688.53,23.2,
1787956200000,2026-08-28T22:30:00.000Z,688.53,689.99,688.13,689.99,65.71,
1787957100000,2026-08-28T22:45:00.000Z,689.99,690.45,689.34,689.41,107.62,
1787958000000,2026-08-28T23:00:00.000Z,689.41,690.16,688.92,690.16,103.28,
1787958900000,2026-08-28T23:15:00.000Z,690.16,690.27,689.85,689.95,120.03,
1787959800000,2026-08-28T23:30:00.000Z,689.95,690.29,689.93,690.25,21.67,
1787960700000,2026-08-28T23:45:00.000Z,690.25,690.99,689.94,690.86,21.65,
1787961600000,2026-08-29T00:00:00.000Z,690.86,692.04,690.86,691.26,160.64,
1787962500000,2026-08-29T00:15:00.000Z,691.26,692.08,690.93,691.77,77.88,
1787963400000,2026-08-29T00:30:00.000Z,691.77,691.8,690.62,690.62,16.03,
1787964300000,2026-08-29T00:45:00.000Z,690.62,691.01,690.49,690.51,45.58,
1787965200000,2026-08-29T01:00:00.000Z,690.51,690.53,689.92,689.92,24.64,
1787966100000,2026-08-29T01:15:00.000Z,689.92,690.83,689.86,690.77,36.41,
1787967000000,2026-08-29T01:30:00.000Z,690.77,691.26,690.63,691.26,32.22,
1787967900000,2026-08-29T01:45:00.000Z,691.26,691.26,690.34,690.61,59.91,
1787968800000,2026-08-29T02:00:00.000Z,690.61,690.93,690.21,690.62,87.87,
1787969700000,2026-08-29T02:15:00.000Z,690.62,690.75,689.32,689.5,29.69,
1787970600000,2026-08-29T02:30:00.000Z,689.5,690.24,689.11,689.66,143.32,
1787971500000,2026-08-29T02:45:00.000Z,689.66,690.26,689.55,690.07,78.56,
1787972400000,2026-08-29T03:00:00.000Z,690.07,690.13,689.59,689.59,14.15,
1787973300000,2026-08-29T03:15:00.000Z,689.59,690.13,689.27,689.8,27.99,
1787974200000,2026-08-29T03:30:00.000Z,689.8,689.85,688.18,688.69,19.46,
1787975100000,2026-08-29T03:45:00.000Z,688.69,688.69,687.86,687.87,28.13,
1787976000000,2026-08-29T04:00:00.000Z,687.87,688.4,687.39,687.93,56.53,
1787976900000,2026-08-29T04:15:00.000Z,687.93,689.15,687.93,689.15,33.16,
1787977800000,2026-08-29T04:30:00.000Z,689.15,689.53,688.89,689.27,25.77,
1787978700000,2026-08-29T04:45:00.000Z,689.27,689.67,689.21,689.58,18.4,
1787979600000,2026-08-29T05:00:00.000Z,689.58,690.36,689.52,690.1,25.44,
1787980500000,2026-08-29T05:15:00.000Z,690.1,690.59,689.94,690.28,69.79,
1787981400000,2026-08-29T05:30:00.000Z,690.28,690.71,689.98,690.14,94.33,
1787982300000,2026-08-29T05:45:00.000Z,690.14,690.53,689.71,690.27,22.2,
1787983200000,2026-08-29T06:00:00.000Z,690.27,690.27,687.45,687.45,73.14,
1787984100000,2026-08-29T06:15:00.000Z,687.45,687.71,686.51,686.79,121.89,
1787985000000,2026-08-29T06:30:00.000Z,686.79,687.35,686.79,687.03,5.91,
1787985900000,2026-08-29T06:45:00.000Z,687.03,687.15,686.5,686.72,56.02,
1787986800000,2026-08-29T07:00:00.000Z,686.72,687.85,686.58,686.99,166.01,
1787987700000,2026-08-29T07:15:00.000Z,686.99,686.99,686.21,686.41,17.79,
1787988600000,2026-08-29T07:30:00.000Z,686.41,687.54,686.41,687.31,89.97,
1787989500000,2026-08-29T07:45:00.000Z,687.31,687.52,686.96,687.49,35.98,
1787990400000,2026-08-29T08:00:00.000Z,687.49,687.94,686.47,687.09,49.94,
1787991300000,2026-08-29T08:15:00.000Z,687.09,687.97,687.09,687.93,12.47,
1787992200000,2026-08-29T08:30:00.000Z,687.93,687.93,687.32,687.38,17.5,
1787993100000,2026-08-29T08:45:00.000Z,687.38,687.82,686.95,687.3,16.82,
1787994000000,2026-08-29T09:00:00.000Z,687.3,688.08,687.23,688.08,95.26,
1787994900000,2026-08-29T09:15:00.000Z,688.08,688.08,687.07,687.07,90.37,
1787995800000,2026-08-29T09:30:00.000Z,687.07,687.93,686.93,687.93,67.24,
1787996700000,2026-08-29T09:45:00.000Z,687.93,688.3,687.46,687.97,23.13,
1787997600000,2026-08-29T10:00:00.000Z,687.97,688.21,687.36,687.72,7.33,
1787998500000,2026-08-29T10:15:00.000Z,687.72,688.82,687.72,688.47,29.78,
1787999400000,2026-08-29T10:30:00.000Z,688.47,688.82,688.3,688.45,26.55,
1788000300000,2026-08-29T10:45:00.000Z,688.45,689.16,688.34,688.34,86.27,
1788001200000,2026-08-29T11:00:00.000Z,688.34,688.87,688,688.84,85.73,
1788002100000,2026-08-29T11:15:00.000Z,688.84,688.9,688.12,688.44,9.59,
1788003000000,2026-08-29T11:30:00.000Z,688.44,688.72,688.37,688.5,10.95,
1788003900000,2026-08-29T11:45:00.000Z,688.5,688.73,688.39,688.73,11.67,
1788004800000,2026-08-29T12:00:00.000Z,688.73,688.97,688.28,688.94,206.32,
1788005700000,2026-08-29T12:15:00.000Z,688.94,689.26,687.59,688.63,172.84,
1788006600000,2026-08-29T12:30:00.000Z,688.63,688.75,687.46,688.03,47.71,
1788007500000,2026-08-29T12:45:00.000Z,688.03,688.03,686.85,687.89,138.51,
1788008400000,2026-08-29T13:00:00.000Z,687.89,687.89,687.41,687.47,23.21,
1788009300000,2026-08-29T13:15:00.000Z,687.47,688.09,687.07,687.46,19.34,
1788010200000,2026-08-29T13:30:00.000Z,687.46,687.52,687.35,687.39,10.86,
1788011100000,2026-08-29T13:45:00.000Z,687.39,688.09,687.39,688.02,18.53,
1788012000000,2026-08-29T14:00:00.000Z,688.02,688.27,687.75,687.81,38.72,
1788012900000,2026-08-29T14:15:00.000Z,687.81,688.8,687.73,688.56,88.36,
1788013800000,2026-08-29T14:30:00.000Z,688.56,690.54,688.56,690.38,179.17,
1788014700000,2026-08-29T14:45:00.000Z,690.38,691.92,690.38,691.21,263.97,
1788015600000,2026-08-29T15:00:00.000Z,691.21,691.36,689.99,690.3,132.34,
1788016500000,2026-08-29T15:15:00.000Z,690.3,690.91,689.69,690.16,136.17,
1788017400000,2026-08-29T15:30:00.000Z,690.16,690.16,689.33,690,56.52,
1788018300000,2026-08-29T15:45:00.000Z,690,690.94,689.62,690.22,56.2,
1788019200000,2026-08-29T16:00:00.000Z,690.22,690.76,690.01,690.4,41,
1788020100000,2026-08-29T16:15:00.000Z,690.4,691.74,690.28,690.95,96.69,
1788021000000,2026-08-29T16:30:00.000Z,690.95,691.79,690.5,691.17,136,
1788021900000,2026-08-29T16:45:00.000Z,691.17,691.63,690.51,690.51,36.77,
1788022800000,2026-08-29T17:00:00.000Z,690.51,691.15,690.51,690.97,41.3,
1788023700000,2026-08-29T17:15:00.000Z,690.97,691.48,690.4,690.4,43.72,
1788024600000,2026-08-29T17:30:00.000Z,690.4,690.54,689.6,690.34,55.22,
1788025500000,2026-08-29T17:45:00.000Z,690.34,690.61,690.13,690.25,23,
1788026400000,2026-08-29T18:00:00.000Z,690.25,690.91,690.1,690.52,35.55,
1788027300000,2026-08-29T18:15:00.000Z,690.52,690.83,690.07,690.66,30.29,
1788028200000,2026-08-29T18:30:00.000Z,690.66,692.21,690.18,691.75,53.79,
1788029100000,2026-08-29T18:45:00.000Z,691.75,693.21,691.74,692.94,59.45,
1788030000000,2026-08-29T19:00:00.000Z,692.94,693.61,692.83,693.02,53.55,
1788030900000,2026-08-29T19:15:00.000Z,693.02,693.34,692.82,692.82,19.43,
1788031800000,2026-08-29T19:30:00.000Z,692.82,693.21,692.44,692.47,27.61,
1788032700000,2026-08-29T19:45:00.000Z,692.47,692.81,692.26,692.81,24.43,
1788033600000,2026-08-29T20:00:00.000Z,692.81,693.02,692.48,692.63,8.4,
1788034500000,2026-08-29T20:15:00.000Z,692.63,692.86,691.9,691.9,14.18,
1788035400000,2026-08-29T20:30:00.000Z,691.9,692.15,691.75,691.85,11.86,
1788036300000,2026-08-29T20:45:00.000Z,691.85,692.11,691.68,692.11,48.97,
1788037200000,2026-08-29T21:00:00.000Z,692.11,692.4,691.65,691.78,67.43,
1788038100000,2026-08-29T21:15:00.000Z,691.78,692.34,691.66,692.25,8.06,
1788039000000,2026-08-29T21:30:00.000Z,692.25,692.36,691.69,691.79,7.36,
1788039900000,2026-08-29T21:45:00.000Z,691.79,692.42,691.77,691.82,10.14,
1788040800000,2026-08-29T22:00:00.000Z,691.82,692.18,691.57,691.62,18.5,
1788041700000,2026-08-29T22:15:00.000Z,691.62,692.07,691.46,691.9,6.63,
1788042600000,2026-08-29T22:30:00.000Z,691.9,692.3,691.87,692.27,3.51,
1788043500000,2026-08-29T22:45:00.000Z,692.27,692.69,692.26,692.43,17.58,
1788044400000,2026-08-29T23:00:00.000Z,692.43,692.7,691.64,692.09,57.65,
1788045300000,2026-08-29T23:15:00.000Z,692.09,692.4,691.55,691.97,10.07,
1788046200000,2026-08-29T23:30:00.000Z,691.97,692.12,691.36,691.67,39.04,
1788047100000,2026-08-29T23:45:00.000Z,691.67,691.98,691.67,691.97,11.12,
1788048000000,2026-08-30T00:00:00.000Z,691.97,691.97,691.35,691.42,61.63,
1788048900000,2026-08-30T00:15:00.000Z,691.42,692.63,691.42,691.79,37.27,
1788049800000,2026-08-30T00:30:00.000Z,691.79,692.44,691.57,691.98,28.74,
1788050700000,2026-08-30T00:45:00.000Z,691.98,692.15,691.56,691.56,166.93,
1788051600000,2026-08-30T01:00:00.000Z,691.56,691.96,691.1,691.11,74.38,
1788052500000,2026-08-30T01:15:00.000Z,691.11,691.11,690.02,690.02,80.65,
1788053400000,2026-08-30T01:30:00.000Z,690.02,690.79,689.92,690.71,16.76,
1788054300000,2026-08-30T01:45:00.000Z,690.71,691.17,690.6,691.01,39.69,
1788055200000,2026-08-30T02:00:00.000Z,691.01,691.14,690.77,691,18.51,
1788056100000,2026-08-30T02:15:00.000Z,691,693.11,691,692.77,635.89,
1788057000000,2026-08-30T02:30:00.000Z,692.77,693.16,692.41,692.91,51.64,
1788057900000,2026-08-30T02:45:00.000Z,692.91,694,692.83,693.05,153.47,
1788058800000,2026-08-30T03:00:00.000Z,693.05,694.97,693.05,694.85,58.94,
1788059700000,2026-08-30T03:15:00.000Z,694.85,694.94,694.02,694.37,90.64,
1788060600000,2026-08-30T03:30:00.000Z,694.37,694.98,694.12,694.63,17.8,
1788061500000,2026-08-30T03:45:00.000Z,694.63,694.63,694.06,694.06,2.83,
1788062400000,2026-08-30T04:00:00.000Z,694.06,694.76,693.76,693.95,36.62,
1788063300000,2026-08-30T04:15:00.000Z,693.95,694.11,692.95,693.06,140.63,
1788064200000,2026-08-30T04:30:00.000Z,693.06,693.15,692.38,692.38,45.3,
1788065100000,2026-08-30T04:45:00.000Z,692.38,693.18,691.72,693.18,12.78,
1788066000000,2026-08-30T05:00:00.000Z,693.18,694.25,693.18,693.55,48.64,
1788066900000,2026-08-30T05:15:00.000Z,693.55,693.81,693.25,693.79,5.75,
1788067800000,2026-08-30T05:30:00.000Z,693.79,693.83,693.61,693.61,13.6,
1788068700000,2026-08-30T05:45:00.000Z,693.61,693.88,693.55,693.88,7.2,
1788069600000,2026-08-30T06:00:00.000Z,693.88,693.88,693.16,693.16,16.79,
1788070500000,2026-08-30T06:15:00.000Z,693.16,694,693.16,693.86,10.65,
1788071400000,2026-08-30T06:30:00.000Z,693.86,693.97,693.23,693.23,27.56,
1788072300000,2026-08-30T06:45:00.000Z,693.23,694.01,693.23,694.01,52.14,
1788073200000,2026-08-30T07:00:00.000Z,694.01,694.54,693.11,693.4,38.79,
1788074100000,2026-08-30T07:15:00.000Z,693.4,693.48,693.15,693.25,20.57,
1788075000000,2026-08-30T07:30:00.000Z,693.25,693.25,692.5,693.05,86.54,
1788075900000,2026-08-30T07:45:00.000Z,693.05,693.12,692.33,692.83,46.95,
1788076800000,2026-08-30T08:00:00.000Z,692.83,692.95,692.41,692.41,32.63,
1788077700000,2026-08-30T08:15:00.000Z,692.41,692.99,692.28,692.52,55.92,
1788078600000,2026-08-30T08:30:00.000Z,692.52,692.52,691.72,691.87,19.25,
1788079500000,2026-08-30T08:45:00.000Z,691.87,693.64,691.7,693.48,82.47,
1788080400000,2026-08-30T09:00:00.000Z,693.48,694.46,693.37,693.82,201.44,
1788081300000,2026-08-30T09:15:00.000Z,693.82,693.88,692.08,692.08,10.12,
1788082200000,2026-08-30T09:30:00.000Z,692.08,692.69,690.76,691.47,106.32,
1788083100000,2026-08-30T09:45:00.000Z,691.47,691.48,690.85,691.27,72.14,
1788084000000,2026-08-30T10:00:00.000Z,691.27,691.62,690.96,690.96,208.78,
1788084900000,2026-08-30T10:15:00.000Z,690.96,691.59,690.84,691.49,25.33,
1788085800000,2026-08-30T10:30:00.000Z,691.49,691.67,691.19,691.67,16.42,
1788086700000,2026-08-30T10:45:00.000Z,691.67,691.8,691.6,691.63,9.88,
1788087600000,2026-08-30T11:00:00.000Z,691.63,693.52,691.63,693.16,32.09,
1788088500000,2026-08-30T11:15:00.000Z,693.16,693.41,693.02,693.21,14.63,
1788089400000,2026-08-30T11:30:00.000Z,693.21,693.4,692.79,692.84,13.31,
1788090300000,2026-08-30T11:45:00.000Z,692.84,693.04,691.96,692.18,47.51,
1788091200000,2026-08-30T12:00:00.000Z,692.18,695.2,692.18,694.98,186.02,
1788092100000,2026-08-30T12:15:00.000Z,694.98,695.05,693.99,694.52,74.85,
1788093000000,2026-08-30T12:30:00.000Z,694.52,695.43,694.08,694.49,30.33,
1788093900000,2026-08-30T12:45:00.000Z,694.49,695.9,694.28,695.82,212.75,
1788094800000,2026-08-30T13:00:00.000Z,695.82,695.95,694.4,694.95,294.55,
1788095700000,2026-08-30T13:15:00.000Z,694.95,697.29,694.88,696.87,186.57,
1788096600000,2026-08-30T13:30:00.000Z,696.87,697.82,695.97,697.62,143.21,
1788097500000,2026-08-30T13:45:00.000Z,697.62,699.65,697.52,698.74,393.1,
1788098400000,2026-08-30T14:00:00.000Z,698.74,699.06,697.64,698.61,132.8,
1788099300000,2026-08-30T14:15:00.000Z,698.61,698.75,697.6,698,35.2,
1788100200000,2026-08-30T14:30:00.000Z,698,698.29,696.6,697.23,96.14,
1788101100000,2026-08-30T14:45:00.000Z,697.23,698.21,697.01,698.2,20.6,
1788102000000,2026-08-30T15:00:00.000Z,698.2,698.34,696.09,696.18,86.72,
1788102900000,2026-08-30T15:15:00.000Z,696.18,698.2,695.89,697.85,78.17,
1788103800000,2026-08-30T15:30:00.000Z,697.85,698.71,697.56,698.41,207.14,
1788104700000,2026-08-30T15:45:00.000Z,698.41,699.18,698.29,698.95,16.18,
1788105600000,2026-08-30T16:00:00.000Z,698.95,701.52,698.51,700.69,261.76,
1788106500000,2026-08-30T16:15:00.000Z,700.69,702.39,700.63,701.5,565.51,
1788107400000,2026-08-30T16:30:00.000Z,701.5,703.28,701.36,702.81,253.26,
1788108300000,2026-08-30T16:45:00.000Z,702.81,703.13,701.93,703.06,108.18,
1788109200000,2026-08-30T17:00:00.000Z,703.06,703.06,701.49,701.54,23.76,
1788110100000,2026-08-30T17:15:00.000Z,701.54,701.54,697.47,698.47,301.26,
1788111000000,2026-08-30T17:30:00.000Z,698.47,699.89,698.27,699.78,25.18,
1788111900000,2026-08-30T17:45:00.000Z,699.78,700.22,699.35,700.22,33.03,
1788112800000,2026-08-30T18:00:00.000Z,700.22,700.97,698.97,699.39,86.58,
1788113700000,2026-08-30T18:15:00.000Z,699.39,701.3,699.39,701.3,11.57,
1788114600000,2026-08-30T18:30:00.000Z,701.3,701.98,701.24,701.54,99.04,
1788115500000,2026-08-30T18:45:00.000Z,701.54,701.54,700.7,701.12,29.67,
1788116400000,2026-08-30T19:00:00.000Z,701.12,701.12,700.16,700.79,12.98,
1788117300000,2026-08-30T19:15:00.000Z,700.79,700.81,699.49,699.49,14.09,
1788118200000,2026-08-30T19:30:00.000Z,699.49,699.62,698.13,698.36,67.93,
1788119100000,2026-08-30T19:45:00.000Z,698.36,698.9,697.86,698.9,14.17,
1788120000000,2026-08-30T20:00:00.000Z,698.9,699.69,698.9,699.11,31.64,
1788120900000,2026-08-30T20:15:00.000Z,699.11,699.42,698.85,699.06,16.04,
1788121800000,2026-08-30T20:30:00.000Z,699.06,699.27,695.75,696.04,57.93,
1788122700000,2026-08-30T20:45:00.000Z,696.04,698.07,696.04,696.93,45.39,
1788123600000,2026-08-30T21:00:00.000Z,696.93,696.93,692.66,695.21,363.87,
1788124500000,2026-08-30T21:15:00.000Z,695.21,696.08,694.73,696.08,48.73,
1788125400000,2026-08-30T21:30:00.000Z,696.08,696.86,695.58,695.84,223.07,
1788126300000,2026-08-30T21:45:00.000Z,695.84,696.29,695.45,696.29,7.97,
1788127200000,2026-08-30T22:00:00.000Z,696.29,697.26,694.74,694.92,35.62,
1788128100000,2026-08-30T22:15:00.000Z,694.92,694.92,693.18,693.53,26.15,
1788129000000,2026-08-30T22:30:00.000Z,693.53,694.23,691.58,693.55,56.74,
1788129900000,2026-08-30T22:45:00.000Z,693.55,693.65,692.41,693.52,29.86,
1788130800000,2026-08-30T23:00:00.000Z,693.52,693.52,692.28,692.4,21.66,
1788131700000,2026-08-30T23:15:00.000Z,692.4,692.71,685.41,685.89,564.7,
1788132600000,2026-08-30T23:30:00.000Z,685.89,687.68,682.27,682.88,842.38,
1788133500000,2026-08-30T23:45:00.000Z,682.88,684.81,678.13,684.01,641.1,
1788134400000,2026-08-31T00:00:00.000Z,684.01,684.92,681.8,684.14,201.73,
1788135300000,2026-08-31T00:15:00.000Z,684.14,686.7,683.45,686.07,347.63,
1788136200000,2026-08-31T00:30:00.000Z,686.07,687.81,685.94,686.55,154.13,
1788137100000,2026-08-31T00:45:00.000Z,686.55,686.77,685.52,685.52,31.67,
1788138000000,2026-08-31T01:00:00.000Z,685.52,686.02,683.2,683.96,188.68,
1788138900000,2026-08-31T01:15:00.000Z,683.96,685.4,683.28,684.86,265.65,
1788139800000,2026-08-31T01:30:00.000Z,684.86,685.75,683.48,683.86,24.33,
1788140700000,2026-08-31T01:45:00.000Z,683.86,684.43,682,682.24,80.63,
1788141600000,2026-08-31T02:00:00.000Z,682.24,685.15,681.61,684.82,90.46,
1788142500000,2026-08-31T02:15:00.000Z,684.82,684.86,683.91,684.45,64.27,
1788143400000,2026-08-31T02:30:00.000Z,684.45,684.64,683.14,683.19,19.19,
1788144300000,2026-08-31T02:45:00.000Z,683.19,683.59,681.6,682.68,63.54,
1788145200000,2026-08-31T03:00:00.000Z,682.68,684.29,682.21,683.79,55.84,
1788146100000,2026-08-31T03:15:00.000Z,683.79,684.5,683.13,684.36,38.34,
1788147000000,2026-08-31T03:30:00.000Z,684.36,686.04,684,686.02,86.08,
1788147900000,2026-08-31T03:45:00.000Z,686.02,686.32,684.66,684.77,27.05,
1788148800000,2026-08-31T04:00:00.000Z,684.77,684.87,683.33,683.33,17.36,
1788149700000,2026-08-31T04:15:00.000Z,683.33,683.49,682.33,682.59,194.03,
1788150600000,2026-08-31T04:30:00.000Z,682.59,683.26,682.4,683.05,119.63,
1788151500000,2026-08-31T04:45:00.000Z,683.05,683.39,682.35,682.9,72.2,
1788152400000,2026-08-31T05:00:00.000Z,682.9,684.31,682.53,684.11,31.59,
1788153300000,2026-08-31T05:15:00.000Z,684.11,686.6,683.91,686.01,123.41,
1788154200000,2026-08-31T05:30:00.000Z,686.01,686.47,685.26,686.13,38.56,
1788155100000,2026-08-31T05:45:00.000Z,686.13,686.56,685.87,686.15,86.47,
1788156000000,2026-08-31T06:00:00.000Z,686.15,686.53,685.37,686.15,50.43,
1788156900000,2026-08-31T06:15:00.000Z,686.15,687.32,685.76,686.36,100.44,
1788157800000,2026-08-31T06:30:00.000Z,686.36,686.38,685.37,686.01,56.45,
1788158700000,2026-08-31T06:45:00.000Z,686.01,686.49,685.78,686.05,4.17,
1788159600000,2026-08-31T07:00:00.000Z,686.05,686.72,685.86,686.29,31.68,
1788160500000,2026-08-31T07:15:00.000Z,686.29,687.47,686.29,686.97,48.84,
1788161400000,2026-08-31T07:30:00.000Z,686.97,687.15,686.29,687.15,23.61,
1788162300000,2026-08-31T07:45:00.000Z,687.15,687.53,685.43,686.22,145.72,
1788163200000,2026-08-31T08:00:00.000Z,686.22,686.46,684.48,685.65,81.26,
1788164100000,2026-08-31T08:15:00.000Z,685.65,685.67,684.31,685.04,41.53,
1788165000000,2026-08-31T08:30:00.000Z,685.04,687.65,684.96,686.59,20.24,
1788165900000,2026-08-31T08:45:00.000Z,686.59,687.18,685.88,686.96,34.47,
1788166800000,2026-08-31T09:00:00.000Z,686.96,688.83,686.78,687.59,74.89,
1788167700000,2026-08-31T09:15:00.000Z,687.59,688.32,687.22,687.45,29.84,
1788168600000,2026-08-31T09:30:00.000Z,687.45,687.45,686.71,687.14,20.33,
1788169500000,2026-08-31T09:45:00.000Z,687.14,687.75,685.75,685.76,25.9,
1788170400000,2026-08-31T10:00:00.000Z,685.76,686.08,684.88,685.94,46.19,
1788171300000,2026-08-31T10:15:00.000Z,685.94,686.03,685.18,685.54,60.43,
1788172200000,2026-08-31T10:30:00.000Z,685.54,686.85,685.32,686.85,16.68,
1788173100000,2026-08-31T10:45:00.000Z,686.85,689.1,686.85,688.57,129.99,
1788174000000,2026-08-31T11:00:00.000Z,688.57,688.61,687.52,687.96,27.51,
1788174900000,2026-08-31T11:15:00.000Z,687.96,688.18,686.91,687.16,41.01,
1788175800000,2026-08-31T11:30:00.000Z,687.16,687.16,686.32,686.47,7.36,
1788176700000,2026-08-31T11:45:00.000Z,686.47,686.8,686.4,686.55,11.22,
1788177600000,2026-08-31T12:00:00.000Z,686.55,688.64,686.36,687.79,88.21,
1788178500000,2026-08-31T12:15:00.000Z,687.79,688.63,685.97,686.82,179.7,
1788179400000,2026-08-31T12:30:00.000Z,686.82,686.82,683.71,685.44,231.68,
1788180300000,2026-08-31T12:45:00.000Z,685.44,685.63,684.63,685.57,16.07,
1788181200000,2026-08-31T13:00:00.000Z,685.57,686.8,685.21,686.21,106.44,
1788182100000,2026-08-31T13:15:00.000Z,686.21,686.21,685.21,685.99,26.79,
1788183000000,2026-08-31T13:30:00.000Z,685.99,687.05,684.65,685.67,33.88,
1788183900000,2026-08-31T13:45:00.000Z,685.67,686.29,684.59,684.59,51.88,
1788184800000,2026-08-31T14:00:00.000Z,684.59,685.86,684.59,684.99,22.1,
1788185700000,2026-08-31T14:15:00.000Z,684.99,686.22,684.47,685.88,39.95,
1788186600000,2026-08-31T14:30:00.000Z,685.88,690.8,685.86,689.96,290.03,
1788187500000,2026-08-31T14:45:00.000Z,689.96,690.66,689.18,690.05,116.53,
1788188400000,2026-08-31T15:00:00.000Z,690.05,690.65,688,688.15,295.85,
1788189300000,2026-08-31T15:15:00.000Z,688.15,689.3,687.54,688.82,51.79,
1788190200000,2026-08-31T15:30:00.000Z,688.82,690.49,688.53,690.32,36.61,
1788191100000,2026-08-31T15:45:00.000Z,690.32,690.5,688.88,688.91,59.66,
1788192000000,2026-08-31T16:00:00.000Z,688.91,689.94,688.46,689.28,23.93,
1788192900000,2026-08-31T16:15:00.000Z,689.28,689.28,687.36,688,48.3,
1788193800000,2026-08-31T16:30:00.000Z,688,689.4,688,689.1,30.11,
1788194700000,2026-08-31T16:45:00.000Z,689.1,690.16,688.51,688.88,7.94,
1788195600000,2026-08-31T17:00:00.000Z,688.88,689.69,688.47,689.28,14.77,
1788196500000,2026-08-31T17:15:00.000Z,689.28,689.41,688.21,688.33,53.53,
1788197400000,2026-08-31T17:30:00.000Z,688.33,691.21,688.33,690.73,91.79,
1788198300000,2026-08-31T17:45:00.000Z,690.73,692.65,690.73,692.46,158.15,
1788199200000,2026-08-31T18:00:00.000Z,692.46,692.7,691.53,692.7,19.96,
1788200100000,2026-08-31T18:15:00.000Z,692.7,693.54,691.54,691.88,122.06,
1788201000000,2026-08-31T18:30:00.000Z,691.88,694.16,691.88,693.87,96.53,
1788201900000,2026-08-31T18:45:00.000Z,693.87,693.87,692.34,692.34,41.58,
1788202800000,2026-08-31T19:00:00.000Z,692.34,694.17,692.34,693.86,14.67,
1788203700000,2026-08-31T19:15:00.000Z,693.86,693.86,691.66,691.95,102.01,
1788204600000,2026-08-31T19:30:00.000Z,691.95,691.98,691.04,691.44,20.74,
1788205500000,2026-08-31T19:45:00.000Z,691.44,692.01,690.86,690.98,47.83,
1788206400000,2026-08-31T20:00:00.000Z,690.98,691.45,690.72,691.01,11.4,
1788207300000,2026-08-31T20:15:00.000Z,691.01,692.44,690.85,690.85,11.31,
1788208200000,2026-08-31T20:30:00.000Z,690.85,691.19,689.6,690.51,211.68,
1788209100000,2026-08-31T20:45:00.000Z,690.51,690.79,690.1,690.6,30.39,
1788210000000,2026-08-31T21:00:00.000Z,690.6,690.74,689.71,690.25,72.51,
1788210900000,2026-08-31T21:15:00.000Z,690.25,690.88,689.94,690.82,13.81,
1788211800000,2026-08-31T21:30:00.000Z,690.82,691.86,690.82,691.7,13.97,
1788212700000,2026-08-31T21:45:00.000Z,691.7,692.26,691.7,692.08,2.82,
1788213600000,2026-08-31T22:00:00.000Z,692.08,692.31,691.17,691.17,3.15,
1788214500000,2026-08-31T22:15:00.000Z,691.17,691.29,690.54,690.69,2.96,
1788215400000,2026-08-31T22:30:00.000Z,690.69,690.76,690.25,690.45,9.5,
1788216300000,2026-08-31T22:45:00.000Z,690.45,690.62,690.2,690.61,15.71,
1788217200000,2026-08-31T23:00:00.000Z,690.61,690.61,689.58,690.24,39.04,
1788218100000,2026-08-31T23:15:00.000Z,690.24,690.51,690.12,690.41,8.56,
1788219000000,2026-08-31T23:30:00.000Z,690.41,690.87,690.3,690.56,21.54,
1788219900000,2026-08-31T23:45:00.000Z,690.56,690.97,690.38,690.97,20.84,
1788220800000,2026-09-01T00:00:00.000Z,690.97,692.52,690.82,692.42,50.66,
1788221700000,2026-09-01T00:15:00.000Z,692.42,693.38,692.28,692.28,32.92,
1788222600000,2026-09-01T00:30:00.000Z,692.28,692.86,691.75,692.6,39.16,
1788223500000,2026-09-01T00:45:00.000Z,692.6,693.55,692.25,692.67,22.77,
1788224400000,2026-09-01T01:00:00.000Z,692.67,693.47,691.64,691.71,28.78,
1788225300000,2026-09-01T01:15:00.000Z,691.71,692.19,690.62,691.27,24.5,
1788226200000,2026-09-01T01:30:00.000Z,691.27,692.29,690.32,692.29,23.6,
1788227100000,2026-09-01T01:45:00.000Z,692.29,692.29,690.65,690.83,20.95,
1788228000000,2026-09-01T02:00:00.000Z,690.83,690.83,689.68,690.08,210.74,
1788228900000,2026-09-01T02:15:00.000Z,690.08,690.58,689.68,689.83,138.96,
1788229800000,2026-09-01T02:30:00.000Z,689.83,691,689.8,690.89,13.77,
1788230700000,2026-09-01T02:45:00.000Z,690.89,691.85,690.63,691.85,8.61,
1788231600000,2026-09-01T03:00:00.000Z,691.85,692.4,691.75,692.16,10.47,
1788232500000,2026-09-01T03:15:00.000Z,692.16,692.4,691.66,692.09,40.29,
1788233400000,2026-09-01T03:30:00.000Z,692.09,694.45,691.99,693.65,137.27,
1788234300000,2026-09-01T03:45:00.000Z,693.65,693.65,692.88,693.03,14.41,
1788235200000,2026-09-01T04:00:00.000Z,693.03,693.58,692.52,692.53,13.14,
1788236100000,2026-09-01T04:15:00.000Z,692.53,693.55,692.53,693.12,20.7,
1788237000000,2026-09-01T04:30:00.000Z,693.12,693.12,692.03,692.03,19.55,
1788237900000,2026-09-01T04:45:00.000Z,692.03,692.38,691.56,691.67,15.38,
1788238800000,2026-09-01T05:00:00.000Z,691.67,692.96,691.51,691.81,23.44,
1788239700000,2026-09-01T05:15:00.000Z,691.81,692.24,690.87,692.24,23.99,
1788240600000,2026-09-01T05:30:00.000Z,692.24,693.61,692.24,693.38,23.64,
1788241500000,2026-09-01T05:45:00.000Z,693.38,693.85,692.68,693.43,28.3,
1788242400000,2026-09-01T06:00:00.000Z,693.43,693.51,691.89,691.91,76.34,
1788243300000,2026-09-01T06:15:00.000Z,691.91,691.91,690.01,690.41,53.02,
1788244200000,2026-09-01T06:30:00.000Z,690.41,690.77,690.18,690.64,35.24,
1788245100000,2026-09-01T06:45:00.000Z,690.64,690.69,689.83,689.96,78.07,
1788246000000,2026-09-01T07:00:00.000Z,689.96,690.43,689.48,689.53,72.93,
1788246900000,2026-09-01T07:15:00.000Z,689.53,689.71,688.83,688.98,42.85,
1788247800000,2026-09-01T07:30:00.000Z,688.98,689.62,688.39,689.36,46.81,
1788248700000,2026-09-01T07:45:00.000Z,689.36,689.99,689.28,689.95,18.81,
1788249600000,2026-09-01T08:00:00.000Z,689.95,690.12,687.92,688.3,344.23,
1788250500000,2026-09-01T08:15:00.000Z,688.3,688.42,685.73,685.76,120.81,
1788251400000,2026-09-01T08:30:00.000Z,685.76,686.97,685.26,686.23,98.93,
1788252300000,2026-09-01T08:45:00.000Z,686.23,687.06,685.5,685.78,135.43,
1788253200000,2026-09-01T09:00:00.000Z,685.78,686.22,685.2,685.81,33.16,
1788254100000,2026-09-01T09:15:00.000Z,685.81,685.81,684.9,685.74,57.62,
1788255000000,2026-09-01T09:30:00.000Z,685.74,686.16,684.9,686.16,81.49,
1788255900000,2026-09-01T09:45:00.000Z,686.16,686.16,685.44,685.5,7.83,
1788256800000,2026-09-01T10:00:00.000Z,685.5,686.13,685.05,685.65,15,
1788257700000,2026-09-01T10:15:00.000Z,685.65,686.7,685.22,686.61,17.22,
1788258600000,2026-09-01T10:30:00.000Z,686.61,687.88,686.61,687.48,77.68,
1788259500000,2026-09-01T10:45:00.000Z,687.48,687.5,685.88,686.13,36.5,
1788260400000,2026-09-01T11:00:00.000Z,686.13,686.13,685.41,685.45,13.48,
1788261300000,2026-09-01T11:15:00.000Z,685.45,686.04,685.41,685.96,44.33,
1788262200000,2026-09-01T11:30:00.000Z,685.96,687.59,685.69,687,50.19,
1788263100000,2026-09-01T11:45:00.000Z,687,687.61,686.62,686.62,18.47,
1788264000000,2026-09-01T12:00:00.000Z,686.62,686.91,685.96,686.33,15.02,
1788264900000,2026-09-01T12:15:00.000Z,686.33,686.65,685.72,686.39,24.27,
1788265800000,2026-09-01T12:30:00.000Z,686.39,686.39,684.13,685.76,89.35,
1788266700000,2026-09-01T12:45:00.000Z,685.76,686.97,685.76,686.2,57.4,
1788267600000,2026-09-01T13:00:00.000Z,686.2,686.2,682.4,685.03,353.67,
1788268500000,2026-09-01T13:15:00.000Z,685.03,685.77,684.97,685.43,21.68,
1788269400000,2026-09-01T13:30:00.000Z,685.43,686.45,683.43,685.75,538.06,
1788270300000,2026-09-01T13:45:00.000Z,685.75,686.84,685.12,686.62,55.93,
1788271200000,2026-09-01T14:00:00.000Z,686.62,688.11,686.26,687.26,96.28,
1788272100000,2026-09-01T14:15:00.000Z,687.26,687.88,686.51,686.85,101.95,
1788273000000,2026-09-01T14:30:00.000Z,686.85,687.86,686.79,687.86,22.48,
1788273900000,2026-09-01T14:45:00.000Z,687.86,688.2,686.51,686.64,73.42,
1788274800000,2026-09-01T15:00:00.000Z,686.64,686.79,684.42,685.09,358.37,
1788275700000,2026-09-01T15:15:00.000Z,685.09,685.51,684.55,685.51,34.53,
1788276600000,2026-09-01T15:30:00.000Z,685.51,686.47,685.32,686.47,115.45,
1788277500000,2026-09-01T15:45:00.000Z,686.47,687.21,686.38,686.38,100.95,
1788278400000,2026-09-01T16:00:00.000Z,686.38,686.45,684.46,684.58,18.43,
1788279300000,2026-09-01T16:15:00.000Z,684.58,684.86,683.48,684.46,151.99,
1788280200000,2026-09-01T16:30:00.000Z,684.46,684.6,682.28,683.23,357.11,
1788281100000,2026-09-01T16:45:00.000Z,683.23,684.02,683.23,683.51,173.13,
1788282000000,2026-09-01T17:00:00.000Z,683.51,683.84,683.22,683.44,124.86,
1788282900000,2026-09-01T17:15:00.000Z,683.44,684.53,682.44,684.41,147.22,
1788283800000,2026-09-01T17:30:00.000Z,684.41,685.54,684.41,684.79,120.2,
1788284700000,2026-09-01T17:45:00.000Z,684.79,684.89,682.1,682.48,90.73,
1788285600000,2026-09-01T18:00:00.000Z,682.48,682.68,681.02,681.17,109.03,
1788286500000,2026-09-01T18:15:00.000Z,681.17,681.33,677.73,679.04,446.04,
1788287400000,2026-09-01T18:30:00.000Z,679.04,679.04,674.61,674.61,504.51,
1788288300000,2026-09-01T18:45:00.000Z,674.61,679.02,674.03,679.02,171.19,
1788289200000,2026-09-01T19:00:00.000Z,679.02,680.24,678.71,679.3,37.21,
1788290100000,2026-09-01T19:15:00.000Z,679.3,680.91,679.06,680.75,16.04,
1788291000000,2026-09-01T19:30:00.000Z,680.75,680.91,679.79,679.81,13.44,
1788291900000,2026-09-01T19:45:00.000Z,679.81,679.91,678.79,679.28,19.6,
1788292800000,2026-09-01T20:00:00.000Z,679.28,680.37,678.72,680.37,48.87,
1788293700000,2026-09-01T20:15:00.000Z,680.37,680.75,679.77,680.27,34.1,
1788294600000,2026-09-01T20:30:00.000Z,680.27,680.45,679.6,679.86,31.88,
1788295500000,2026-09-01T20:45:00.000Z,679.86,680.69,679.32,680.38,24.7,
1788296400000,2026-09-01T21:00:00.000Z,680.38,681.14,677.7,678.09,87.64,
1788297300000,2026-09-01T21:15:00.000Z,678.09,680.39,677.04,679.93,130.64,
1788298200000,2026-09-01T21:30:00.000Z,679.93,679.93,678.75,679.45,10.31,
1788299100000,2026-09-01T21:45:00.000Z,679.45,680.5,679.45,680.17,27.11,
1788300000000,2026-09-01T22:00:00.000Z,680.17,680.83,679.92,680.48,4.3,
1788300900000,2026-09-01T22:15:00.000Z,680.48,680.48,679.21,679.27,11.13,
1788301800000,2026-09-01T22:30:00.000Z,679.27,679.49,678.72,679.11,50.85,
1788302700000,2026-09-01T22:45:00.000Z,679.11,681,679.11,680.57,48.42,
1788303600000,2026-09-01T23:00:00.000Z,680.57,681.1,680.02,680.69,46.76,
1788304500000,2026-09-01T23:15:00.000Z,680.69,681.32,680.38,681.32,45.32,
1788305400000,2026-09-01T23:30:00.000Z,681.32,683.66,681.21,683.08,949.85,
1788306300000,2026-09-01T23:45:00.000Z,683.08,683.55,682.43,682.68,70.98,
1788307200000,2026-09-02T00:00:00.000Z,682.68,686.78,682.32,685.48,277.15,
1788308100000,2026-09-02T00:15:00.000Z,685.48,685.91,682.12,682.73,403.38,
1788309000000,2026-09-02T00:30:00.000Z,682.73,684.9,682.59,683.89,418.87,
1788309900000,2026-09-02T00:45:00.000Z,683.89,684.61,683.59,683.79,140.48,
1788310800000,2026-09-02T01:00:00.000Z,683.79,684.37,682.77,683.59,50.97,
1788311700000,2026-09-02T01:15:00.000Z,683.59,684.52,682.98,682.98,37.4,
1788312600000,2026-09-02T01:30:00.000Z,682.98,683.56,680.57,680.86,96.12,
1788313500000,2026-09-02T01:45:00.000Z,680.86,682.05,679.02,681.88,749.32,
1788314400000,2026-09-02T02:00:00.000Z,681.88,683.66,680.92,682.72,159.33,
1788315300000,2026-09-02T02:15:00.000Z,682.72,685.05,682.72,684.84,78.46,
1788316200000,2026-09-02T02:30:00.000Z,684.84,684.94,684.2,684.74,37.86,
1788317100000,2026-09-02T02:45:00.000Z,684.74,685.1,684.07,684.82,679.5,
1788318000000,2026-09-02T03:00:00.000Z,684.82,687.92,684.65,687.2,353.87,
1788318900000,2026-09-02T03:15:00.000Z,687.2,688.96,686.87,688.2,246.01,
1788319800000,2026-09-02T03:30:00.000Z,688.2,688.2,686.67,687.02,340.84,
1788320700000,2026-09-02T03:45:00.000Z,687.02,687.75,686.5,686.93,80.5,
1788321600000,2026-09-02T04:00:00.000Z,686.93,686.97,685.75,685.97,175.51,
1788322500000,2026-09-02T04:15:00.000Z,685.97,686.39,685.37,686.01,42.07,
1788323400000,2026-09-02T04:30:00.000Z,686.01,686.99,686.01,686.78,13.24,
1788324300000,2026-09-02T04:45:00.000Z,686.78,687.1,686.6,686.99,5.14,
1788325200000,2026-09-02T05:00:00.000Z,686.99,687.51,685.91,687.33,48.11,
1788326100000,2026-09-02T05:15:00.000Z,687.33,689.11,687.33,689.02,459.83,
1788327000000,2026-09-02T05:30:00.000Z,689.02,689.02,688.08,688.19,93.15,
1788327900000,2026-09-02T05:45:00.000Z,688.19,688.85,687.78,688.43,46.99,
1788328800000,2026-09-02T06:00:00.000Z,688.43,688.9,687.81,687.87,27.63,
1788329700000,2026-09-02T06:15:00.000Z,687.87,688.06,686.41,686.44,32.37,
1788330600000,2026-09-02T06:30:00.000Z,686.44,687.8,686.25,687.53,26.98,
1788331500000,2026-09-02T06:45:00.000Z,687.53,687.72,686.99,687.72,34.06,
1788332400000,2026-09-02T07:00:00.000Z,687.72,688.62,687.54,688.21,28.43,
1788333300000,2026-09-02T07:15:00.000Z,688.21,688.32,687.67,687.67,10.5,
1788334200000,2026-09-02T07:30:00.000Z,687.67,688.19,687.67,688.03,26.13,
1788335100000,2026-09-02T07:45:00.000Z,688.03,688.03,687.06,687.11,26.31,
1788336000000,2026-09-02T08:00:00.000Z,687.11,687.38,686.46,686.82,45.14,
1788336900000,2026-09-02T08:15:00.000Z,686.82,686.94,685.97,686.06,27.13,
1788337800000,2026-09-02T08:30:00.000Z,686.06,686.06,683.82,683.96,153.01,
1788338700000,2026-09-02T08:45:00.000Z,683.96,684.53,682.28,682.84,123.43,
1788339600000,2026-09-02T09:00:00.000Z,682.84,684.93,682.84,684.5,818.78,
1788340500000,2026-09-02T09:15:00.000Z,684.5,686.01,683.62,685.16,170.42,
1788341400000,2026-09-02T09:30:00.000Z,685.16,685.43,681.26,681.34,150.58,
1788342300000,2026-09-02T09:45:00.000Z,681.34,682.86,681.01,682.79,85.8,
1788343200000,2026-09-02T10:00:00.000Z,682.79,682.98,681.2,682.11,156.51,
1788344100000,2026-09-02T10:15:00.000Z,682.11,683.46,682,682.56,70.85,
1788345000000,2026-09-02T10:30:00.000Z,682.56,682.65,681.35,682.3,96.03,
1788345900000,2026-09-02T10:45:00.000Z,682.3,682.49,679.72,682.35,168.47,
1788346800000,2026-09-02T11:00:00.000Z,682.35,682.46,680.57,682.39,128.35,
1788347700000,2026-09-02T11:15:00.000Z,682.39,682.68,680.31,681.44,103.57,
1788348600000,2026-09-02T11:30:00.000Z,681.44,683.7,681.4,682.89,99.16,
1788349500000,2026-09-02T11:45:00.000Z,682.89,683.3,682.36,683.3,82.78,
1788350400000,2026-09-02T12:00:00.000Z,683.3,683.35,682.37,683.14,29.77,
1788351300000,2026-09-02T12:15:00.000Z,683.14,684.9,682.6,684.6,261.56,
1788352200000,2026-09-02T12:30:00.000Z,684.6,684.96,683.2,683.57,155.63,
1788353100000,2026-09-02T12:45:00.000Z,683.57,683.59,682.37,682.55,45.42,
1788354000000,2026-09-02T13:00:00.000Z,682.55,684.34,682.55,683.27,67.17,
1788354900000,2026-09-02T13:15:00.000Z,683.27,684.63,683.22,684.32,96.81,
1788355800000,2026-09-02T13:30:00.000Z,684.32,688.48,683.01,688.19,446.62,
1788356700000,2026-09-02T13:45:00.000Z,688.19,689.02,686,686.81,295.04,
1788357600000,2026-09-02T14:00:00.000Z,686.81,688.16,686.34,687.82,58.21,
1788358500000,2026-09-02T14:15:00.000Z,687.82,688.67,686.79,687.42,36.9,
1788359400000,2026-09-02T14:30:00.000Z,687.42,687.82,685.68,687.57,123.01,
1788360300000,2026-09-02T14:45:00.000Z,687.57,687.61,685.43,685.47,111.36,
1788361200000,2026-09-02T15:00:00.000Z,685.47,686.56,683.23,683.52,104.37,
1788362100000,2026-09-02T15:15:00.000Z,683.52,685.6,683.52,685.32,45.63,
1788363000000,2026-09-02T15:30:00.000Z,685.32,687.36,684.87,687.29,126.13,
1788363900000,2026-09-02T15:45:00.000Z,687.29,687.29,685.9,686.97,29.55,
1788364800000,2026-09-02T16:00:00.000Z,686.97,687.72,686.66,687.45,52.13,
1788365700000,2026-09-02T16:15:00.000Z,687.45,688.56,687.37,687.54,52.98,
1788366600000,2026-09-02T16:30:00.000Z,687.54,688.12,686.2,686.2,73.52,
1788367500000,2026-09-02T16:45:00.000Z,686.2,686.6,685.6,685.6,67.98,
1788368400000,2026-09-02T17:00:00.000Z,685.6,685.98,684.61,685.12,50.42,
1788369300000,2026-09-02T17:15:00.000Z,685.12,685.24,684.16,685,49.14,
1788370200000,2026-09-02T17:30:00.000Z,685,686.45,685,686.45,36.19,
1788371100000,2026-09-02T17:45:00.000Z,686.45,687.44,686.45,687.23,38.54,
1788372000000,2026-09-02T18:00:00.000Z,687.23,687.26,686.45,686.6,8.69,
1788372900000,2026-09-02T18:15:00.000Z,686.6,687.42,686.36,686.45,9.39,
1788373800000,2026-09-02T18:30:00.000Z,686.45,686.82,685.88,686.15,18.29,
1788374700000,2026-09-02T18:45:00.000Z,686.15,686.76,685.65,686.58,10.9,
1788375600000,2026-09-02T19:00:00.000Z,686.58,687.23,686.3,686.95,23.99,
1788376500000,2026-09-02T19:15:00.000Z,686.95,687.03,685.22,685.22,8.22,
1788377400000,2026-09-02T19:30:00.000Z,685.22,685.68,684.89,685.51,13.68,
1788378300000,2026-09-02T19:45:00.000Z,685.51,686.09,685.15,686.09,116.67,
1788379200000,2026-09-02T20:00:00.000Z,686.09,687.41,686.01,686.76,41.69,
1788380100000,2026-09-02T20:15:00.000Z,686.76,687.39,685.69,686.61,12.54,
1788381000000,2026-09-02T20:30:00.000Z,686.61,687.34,686.07,686.39,14.9,
1788381900000,2026-09-02T20:45:00.000Z,686.39,687.33,686.08,686.93,13.66,
1788382800000,2026-09-02T21:00:00.000Z,686.93,687.44,686.69,687.16,14.65,
1788383700000,2026-09-02T21:15:00.000Z,687.16,687.49,686.78,687.19,16.15,
1788384600000,2026-09-02T21:30:00.000Z,687.19,687.91,686.77,687.52,35.18,
1788385500000,2026-09-02T21:45:00.000Z,687.52,687.52,686.48,686.48,45.45,
1788386400000,2026-09-02T22:00:00.000Z,686.48,686.72,685.57,686.16,101.56,
1788387300000,2026-09-02T22:15:00.000Z,686.16,686.16,684.86,685.15,85.89,
1788388200000,2026-09-02T22:30:00.000Z,685.15,686.28,685.15,686.28,1.59,
1788389100000,2026-09-02T22:45:00.000Z,686.28,686.28,685.67,685.67,8.15,
1788390000000,2026-09-02T23:00:00.000Z,685.67,687.09,685.29,686.94,19.78,
1788390900000,2026-09-02T23:15:00.000Z,686.94,686.94,686.17,686.56,61.36,
1788391800000,2026-09-02T23:30:00.000Z,686.56,687.12,686.37,686.37,9.15,
1788392700000,2026-09-02T23:45:00.000Z,686.37,688.48,686.37,688.25,33.78,
1788393600000,2026-09-03T00:00:00.000Z,688.25,689.62,687.86,687.86,162.14,
1788394500000,2026-09-03T00:15:00.000Z,687.86,688.04,687.06,687.34,47.85,
1788395400000,2026-09-03T00:30:00.000Z,687.34,687.57,686.34,687.14,46.59,
1788396300000,2026-09-03T00:45:00.000Z,687.14,687.74,686.97,687.05,40.86,
1788397200000,2026-09-03T01:00:00.000Z,687.05,689.42,685.93,689.42,117.36,
1788398100000,2026-09-03T01:15:00.000Z,689.42,690.74,688.8,690.74,217.63,
1788399000000,2026-09-03T01:30:00.000Z,690.74,691.7,690.11,690.54,299.8,
1788399900000,2026-09-03T01:45:00.000Z,690.54,690.77,689.61,689.62,19.9,
1788400800000,2026-09-03T02:00:00.000Z,689.62,690.85,689.32,690.81,70.06,
1788401700000,2026-09-03T02:15:00.000Z,690.81,691.66,690.52,691.66,10.96,
1788402600000,2026-09-03T02:30:00.000Z,691.66,693.61,691.46,693.53,121.38,
1788403500000,2026-09-03T02:45:00.000Z,693.53,694.64,693.15,693.72,151.64,
1788404400000,2026-09-03T03:00:00.000Z,693.72,693.9,692.46,693.28,32.59,
1788405300000,2026-09-03T03:15:00.000Z,693.28,693.28,691.94,692.1,138.77,
1788406200000,2026-09-03T03:30:00.000Z,692.1,692.38,691.51,691.51,64.33,
1788407100000,2026-09-03T03:45:00.000Z,691.51,692.39,691.51,692.25,96.11,
1788408000000,2026-09-03T04:00:00.000Z,692.25,693.92,692.2,692.38,172.02,
1788408900000,2026-09-03T04:15:00.000Z,692.38,692.38,691.6,691.77,84.76,
1788409800000,2026-09-03T04:30:00.000Z,691.77,692.39,691.77,691.85,60.7,
1788410700000,2026-09-03T04:45:00.000Z,691.85,694.42,691.85,694.42,91.99,
1788411600000,2026-09-03T05:00:00.000Z,694.42,694.5,692.62,692.82,72.14,
1788412500000,2026-09-03T05:15:00.000Z,692.82,692.89,689.21,690.31,142.44,
1788413400000,2026-09-03T05:30:00.000Z,690.31,693.16,690.21,693.15,36.35,
1788414300000,2026-09-03T05:45:00.000Z,693.15,695.1,692.5,694.98,283.16,
1788415200000,2026-09-03T06:00:00.000Z,694.98,695.2,694.49,694.74,164.69,
1788416100000,2026-09-03T06:15:00.000Z,694.74,696.57,694.61,696.46,161.78,
1788417000000,2026-09-03T06:30:00.000Z,696.46,696.89,695.57,696.82,61.41,
1788417900000,2026-09-03T06:45:00.000Z,696.82,698.36,696.67,697.47,86.27,
1788418800000,2026-09-03T07:00:00.000Z,697.47,699.2,697.32,698.09,366.31,
1788419700000,2026-09-03T07:15:00.000Z,698.09,698.19,696.53,697.65,374.91,
1788420600000,2026-09-03T07:30:00.000Z,697.65,698.69,696.48,697.84,101.69,
1788421500000,2026-09-03T07:45:00.000Z,697.84,698.3,696.51,697.54,91.02,
1788422400000,2026-09-03T08:00:00.000Z,697.54,701.31,697.54,700.78,376.02,
1788423300000,2026-09-03T08:15:00.000Z,700.78,702.48,700.78,702.4,388.62,
1788424200000,2026-09-03T08:30:00.000Z,702.4,702.7,700.55,701.03,181.24,
1788425100000,2026-09-03T08:45:00.000Z,701.03,701.5,700.28,700.71,65.61,
1788426000000,2026-09-03T09:00:00.000Z,700.71,702.05,700.32,701.38,263.33,
1788426900000,2026-09-03T09:15:00.000Z,701.38,702.53,701.01,701.01,55.89,
1788427800000,2026-09-03T09:30:00.000Z,701.01,701.36,699.82,701.18,76.38,
1788428700000,2026-09-03T09:45:00.000Z,701.18,702.16,700.09,700.29,141.38,
1788429600000,2026-09-03T10:00:00.000Z,700.29,702.04,700.07,700.85,142.19,
1788430500000,2026-09-03T10:15:00.000Z,700.85,704.31,700.49,702.37,539.96,
1788431400000,2026-09-03T10:30:00.000Z,702.37,702.37,700.44,701.95,378.58,
1788432300000,2026-09-03T10:45:00.000Z,701.95,705.82,701.7,704.84,2882.25,
1788433200000,2026-09-03T11:00:00.000Z,704.84,706.7,704.54,705.85,263.73,
1788434100000,2026-09-03T11:15:00.000Z,705.85,712.13,705.85,711.53,604.63,
1788435000000,2026-09-03T11:30:00.000Z,711.53,713.49,709.37,713.48,663.79,
1788435900000,2026-09-03T11:45:00.000Z,713.48,715.42,710.83,711.18,1394.08,
1788436800000,2026-09-03T12:00:00.000Z,711.18,712.34,710.2,710.24,266.52,
1788437700000,2026-09-03T12:15:00.000Z,710.24,711.99,710.24,710.96,125.6,
1788438600000,2026-09-03T12:30:00.000Z,710.96,714.72,710.53,712.48,1033.42,
1788439500000,2026-09-03T12:45:00.000Z,712.48,714.59,712.48,713.26,146.91,
1788440400000,2026-09-03T13:00:00.000Z,713.26,714.37,711.52,711.73,253.84,
1788441300000,2026-09-03T13:15:00.000Z,711.73,712.37,710.72,711.28,80.03,
1788442200000,2026-09-03T13:30:00.000Z,711.28,712.84,708.33,711.56,700.22,
1788443100000,2026-09-03T13:45:00.000Z,711.56,711.89,710.6,711.17,86.57,
1788444000000,2026-09-03T14:00:00.000Z,711.17,713.24,710.58,713.02,382.12,
1788444900000,2026-09-03T14:15:00.000Z,713.02,716.74,713.02,716.54,370.24,
1788445800000,2026-09-03T14:30:00.000Z,716.54,719.23,715.83,718.24,534.97,
1788446700000,2026-09-03T14:45:00.000Z,718.24,722.34,718.24,721.83,726.37,
1788447600000,2026-09-03T15:00:00.000Z,721.83,723.59,718.41,719.22,417.73,
1788448500000,2026-09-03T15:15:00.000Z,719.22,719.46,717.82,718.41,182,
1788449400000,2026-09-03T15:30:00.000Z,718.41,720.91,718.23,720.42,194.8,
1788450300000,2026-09-03T15:45:00.000Z,720.42,727.83,719.56,727.16,519.01,
1788451200000,2026-09-03T16:00:00.000Z,727.16,727.63,721.33,721.33,864.44,
1788452100000,2026-09-03T16:15:00.000Z,721.33,721.43,718.4,719.17,285.05,
1788453000000,2026-09-03T16:30:00.000Z,719.17,721.25,719.17,720.94,180.52,
1788453900000,2026-09-03T16:45:00.000Z,720.94,722.33,720.94,721.7,268.78,
1788454800000,2026-09-03T17:00:00.000Z,721.7,722.14,721.28,722.04,57.29,
1788455700000,2026-09-03T17:15:00.000Z,722.04,722.04,719.47,719.89,597.9,
1788456600000,2026-09-03T17:30:00.000Z,719.89,721.69,719.76,721.47,120.7,
1788457500000,2026-09-03T17:45:00.000Z,721.47,722.44,721.22,721.39,278.87,
1788458400000,2026-09-03T18:00:00.000Z,721.39,722.64,720.89,721.84,454.83,
1788459300000,2026-09-03T18:15:00.000Z,721.84,721.85,719.89,719.91,85.15,
1788460200000,2026-09-03T18:30:00.000Z,719.91,720.46,719.63,720.06,54.1,
1788461100000,2026-09-03T18:45:00.000Z,720.06,722.11,720.06,721.84,52.17,
1788462000000,2026-09-03T19:00:00.000Z,721.84,723.87,721,721.16,349.17,
1788462900000,2026-09-03T19:15:00.000Z,721.16,724,720.88,724,97.1,
1788463800000,2026-09-03T19:30:00.000Z,724,724.58,723.25,724.03,103.74,
1788464700000,2026-09-03T19:45:00.000Z,724.03,724.31,722.28,724.22,34.28,
1788465600000,2026-09-03T20:00:00.000Z,724.22,724.52,722.01,722.54,58.31,
1788466500000,2026-09-03T20:15:00.000Z,722.54,723.57,722.05,723.57,30.52,
1788467400000,2026-09-03T20:30:00.000Z,723.57,724.44,721.78,723.94,123.86,
1788468300000,2026-09-03T20:45:00.000Z,723.94,724.35,723.42,723.58,64.48,
1788469200000,2026-09-03T21:00:00.000Z,723.58,725.4,722.82,725.12,480.86,
1788470100000,2026-09-03T21:15:00.000Z,725.12,725.4,723.97,724.64,27.22,
1788471000000,2026-09-03T21:30:00.000Z,724.64,727.28,723.52,723.99,294.2,
1788471900000,2026-09-03T21:45:00.000Z,723.99,725.35,723.14,724.51,34.78,
1788472800000,2026-09-03T22:00:00.000Z,724.51,724.72,723.23,723.87,60.08,
1788473700000,2026-09-03T22:15:00.000Z,723.87,725.11,721.89,722.02,94.46,
1788474600000,2026-09-03T22:30:00.000Z,722.02,722.86,720.18,722.86,164.53,
1788475500000,2026-09-03T22:45:00.000Z,722.86,723.53,722.4,723.4,105.36,
1788476400000,2026-09-03T23:00:00.000Z,723.4,724.04,723.01,723.61,80.39,
1788477300000,2026-09-03T23:15:00.000Z,723.61,724.37,723.22,724.37,58.27,
1788478200000,2026-09-03T23:30:00.000Z,724.37,725.14,723.49,724.25,64.86,
1788479100000,2026-09-03T23:45:00.000Z,724.25,725.02,723.79,724.65,51.71,
1788480000000,2026-09-04T00:00:00.000Z,724.65,725.31,724.06,725.31,200.5,
1788480900000,2026-09-04T00:15:00.000Z,725.31,727.68,725.31,726.01,237.6,
1788481800000,2026-09-04T00:30:00.000Z,726.01,729.81,725.44,727.62,393.2,
1788482700000,2026-09-04T00:45:00.000Z,727.62,727.62,721.17,721.33,219.89,
1788483600000,2026-09-04T01:00:00.000Z,721.33,723.39,721.33,722.16,244.82,
1788484500000,2026-09-04T01:15:00.000Z,722.16,722.67,719.37,719.88,376.75,
1788485400000,2026-09-04T01:30:00.000Z,719.88,720.58,718.6,718.69,484.35,
1788486300000,2026-09-04T01:45:00.000Z,718.69,722.28,718.69,722.11,117.61,
1788487200000,2026-09-04T02:00:00.000Z,722.11,722.11,721.01,721.53,25.64,
1788488100000,2026-09-04T02:15:00.000Z,721.53,722.15,720.08,720.92,103.93,
1788489000000,2026-09-04T02:30:00.000Z,720.92,723.28,720.92,722.95,142.55,
1788489900000,2026-09-04T02:45:00.000Z,722.95,724.03,722.1,723.99,37.57,
1788490800000,2026-09-04T03:00:00.000Z,723.99,724.87,723.72,724.43,39.44,
1788491700000,2026-09-04T03:15:00.000Z,724.43,724.68,723.94,724.68,105.2,
1788492600000,2026-09-04T03:30:00.000Z,724.68,724.89,723.53,724.15,71.41,
1788493500000,2026-09-04T03:45:00.000Z,724.15,724.15,722.9,723.25,327.96,
1788494400000,2026-09-04T04:00:00.000Z,723.25,724.07,723.17,724.07,41.61,
1788495300000,2026-09-04T04:15:00.000Z,724.07,729.2,723.91,728.48,531.68,
1788496200000,2026-09-04T04:30:00.000Z,728.48,728.61,725,725.53,408.85,
1788497100000,2026-09-04T04:45:00.000Z,725.53,726.37,725.53,725.76,31.53,
1788498000000,2026-09-04T05:00:00.000Z,725.76,726.26,724.45,724.49,130.28,
1788498900000,2026-09-04T05:15:00.000Z,724.49,725.3,724.15,724.15,189.2,
1788499800000,2026-09-04T05:30:00.000Z,724.15,724.75,723.16,723.89,218.9,
1788500700000,2026-09-04T05:45:00.000Z,723.89,724.92,722.52,724.43,284.64,
1788501600000,2026-09-04T06:00:00.000Z,724.43,724.76,723.46,723.81,115.97,
1788502500000,2026-09-04T06:15:00.000Z,723.81,723.86,720.8,720.8,176.53,
1788503400000,2026-09-04T06:30:00.000Z,720.8,721.39,719.6,721.2,50.02,
1788504300000,2026-09-04T06:45:00.000Z,721.2,721.2,719.42,719.74,89.36,
1788505200000,2026-09-04T07:00:00.000Z,719.74,722,719.72,721.62,56.39,
1788506100000,2026-09-04T07:15:00.000Z,721.62,721.62,720.33,720.37,20.2,
1788507000000,2026-09-04T07:30:00.000Z,720.37,720.5,715.02,715.66,798.81,
1788507900000,2026-09-04T07:45:00.000Z,715.66,715.85,713.53,714,224.38,
1788508800000,2026-09-04T08:00:00.000Z,714,716.17,713.3,716,137.02,
1788509700000,2026-09-04T08:15:00.000Z,716,717.78,715.6,717.66,64.44,
1788510600000,2026-09-04T08:30:00.000Z,717.66,717.97,716.57,716.68,159.26,
1788511500000,2026-09-04T08:45:00.000Z,716.68,719.19,715.74,718.61,155.1,
1788512400000,2026-09-04T09:00:00.000Z,718.61,719.63,718.21,719.35,166.3,
1788513300000,2026-09-04T09:15:00.000Z,719.35,720.81,717,717.88,345.28,
1788514200000,2026-09-04T09:30:00.000Z,717.88,719.43,717.41,718.67,73.1,
1788515100000,2026-09-04T09:45:00.000Z,718.67,719.19,718.34,718.46,35.27,
1788516000000,2026-09-04T10:00:00.000Z,718.46,718.48,716.47,716.66,100.97,
1788516900000,2026-09-04T10:15:00.000Z,716.66,719.22,715.63,719.06,81.78,
1788517800000,2026-09-04T10:30:00.000Z,719.06,721.79,718.64,720.88,190.97,
1788518700000,2026-09-04T10:45:00.000Z,720.88,722,720.26,721.97,104.6,
1788519600000,2026-09-04T11:00:00.000Z,721.97,723.87,721.51,723.14,451.63,
1788520500000,2026-09-04T11:15:00.000Z,723.14,724.35,722.94,724.13,139.84,
1788521400000,2026-09-04T11:30:00.000Z,724.13,724.49,723.43,724.17,75.61,
1788522300000,2026-09-04T11:45:00.000Z,724.17,724.6,723.47,723.89,53.25,
1788523200000,2026-09-04T12:00:00.000Z,723.89,726,723.41,725.58,129.57,
1788524100000,2026-09-04T12:15:00.000Z,725.58,726.98,724.06,726.69,328.43,
1788525000000,2026-09-04T12:30:00.000Z,726.69,726.69,711.78,715.7,4770.1,
1788525900000,2026-09-04T12:45:00.000Z,715.7,716.47,710.12,715.06,1002.42,
1788526800000,2026-09-04T13:00:00.000Z,715.06,716.45,713.34,713.66,405.13,
1788527700000,2026-09-04T13:15:00.000Z,713.66,716.28,713.61,714.52,115.11,
1788528600000,2026-09-04T13:30:00.000Z,714.52,716.14,711.65,715.29,583.09,
1788529500000,2026-09-04T13:45:00.000Z,715.29,718.28,714.15,714.77,533.04,
1788530400000,2026-09-04T14:00:00.000Z,714.77,716.01,713.92,715.23,202.59,
1788531300000,2026-09-04T14:15:00.000Z,715.23,715.7,712.69,714.1,165.14,
1788532200000,2026-09-04T14:30:00.000Z,714.1,715.5,710.3,711.56,522.66,
1788533100000,2026-09-04T14:45:00.000Z,711.56,712.48,708.39,711.27,615.62,
1788534000000,2026-09-04T15:00:00.000Z,711.27,714.56,710.17,714.5,95.51,
1788534900000,2026-09-04T15:15:00.000Z,714.5,716.17,714.28,715.92,212.43,
1788535800000,2026-09-04T15:30:00.000Z,715.92,717.44,715.54,717.22,226.84,
1788536700000,2026-09-04T15:45:00.000Z,717.22,717.22,715.39,716.31,63.36,
1788537600000,2026-09-04T16:00:00.000Z,716.31,717.6,715.7,716.52,217.63,
1788538500000,2026-09-04T16:15:00.000Z,716.52,717.97,716.46,717.64,128.58,
1788539400000,2026-09-04T16:30:00.000Z,717.64,720.46,717.64,720.46,466.19,
1788540300000,2026-09-04T16:45:00.000Z,720.46,720.99,718.96,718.96,161.92,
1788541200000,2026-09-04T17:00:00.000Z,718.96,719.2,717.88,717.88,52.8,
1788542100000,2026-09-04T17:15:00.000Z,717.88,717.99,717.02,717.05,96.05,
1788543000000,2026-09-04T17:30:00.000Z,717.05,717.58,716.8,717.34,82.59,
1788543900000,2026-09-04T17:45:00.000Z,717.34,717.34,716.17,716.8,54.89,
1788544800000,2026-09-04T18:00:00.000Z,716.8,717.64,715.98,716.16,51.62,
1788545700000,2026-09-04T18:15:00.000Z,716.16,717.97,716.16,717.7,53.77,
1788546600000,2026-09-04T18:30:00.000Z,717.7,718.48,717.7,718.36,20.81,
1788547500000,2026-09-04T18:45:00.000Z,718.36,718.64,717.73,718.4,17.85,
1788548400000,2026-09-04T19:00:00.000Z,718.4,719.58,718.4,719.36,40.92,
1788549300000,2026-09-04T19:15:00.000Z,719.36,720.97,719.2,720.91,227.58,
1788550200000,2026-09-04T19:30:00.000Z,720.91,720.91,719.82,719.97,51.59,
1788551100000,2026-09-04T19:45:00.000Z,719.97,720.78,718.89,719.63,83.66,
1788552000000,2026-09-04T20:00:00.000Z,719.63,720.67,719.16,719.4,165.62,
1788552900000,2026-09-04T20:15:00.000Z,719.4,719.59,718.58,718.61,252.24,
1788553800000,2026-09-04T20:30:00.000Z,718.61,719.12,718.34,718.63,68.7,
1788554700000,2026-09-04T20:45:00.000Z,718.63,718.63,717.61,717.69,47.02,
1788555600000,2026-09-04T21:00:00.000Z,717.69,718.52,717.36,718.29,20.06,
1788556500000,2026-09-04T21:15:00.000Z,718.29,718.76,717.36,717.71,19.65,
1788557400000,2026-09-04T21:30:00.000Z,717.71,718.42,717.6,717.72,96.55,
1788558300000,2026-09-04T21:45:00.000Z,717.72,718.02,715.99,716.86,147.71,
1788559200000,2026-09-04T22:00:00.000Z,716.86,717.8,716.86,717.8,17.3,
1788560100000,2026-09-04T22:15:00.000Z,717.8,717.88,717.16,717.8,59.18,
1788561000000,2026-09-04T22:30:00.000Z,717.8,718.37,717.38,718.04,58.14,
1788561900000,2026-09-04T22:45:00.000Z,718.04,718.66,717.85,718.26,23.16,
1788562800000,2026-09-04T23:00:00.000Z,718.26,718.88,718.03,718.87,13.99,
1788563700000,2026-09-04T23:15:00.000Z,718.87,720.64,718.35,720.34,53.87,
1788564600000,2026-09-04T23:30:00.000Z,720.34,720.91,719.82,720.8,78.46,
1788565500000,2026-09-04T23:45:00.000Z,720.8,721.13,720.41,721.13,37.76,
1788566400000,2026-09-05T00:00:00.000Z,721.13,721.58,720.64,720.91,154.97,
1788567300000,2026-09-05T00:15:00.000Z,720.91,720.91,719.57,719.67,31.89,
1788568200000,2026-09-05T00:30:00.000Z,719.67,720.43,719.61,720.22,36.02,
1788569100000,2026-09-05T00:45:00.000Z,720.22,720.35,719.04,719.24,51.65,
1788570000000,2026-09-05T01:00:00.000Z,719.24,720.05,719.13,719.17,61.5,
1788570900000,2026-09-05T01:15:00.000Z,719.17,722.22,719.17,722.22,76.63,
1788571800000,2026-09-05T01:30:00.000Z,722.22,723.36,721.87,722.09,252.9,
1788572700000,2026-09-05T01:45:00.000Z,722.09,722.48,720.06,720.06,135.7,
1788573600000,2026-09-05T02:00:00.000Z,720.06,721.25,719.45,720.82,123.91,
1788574500000,2026-09-05T02:15:00.000Z,720.82,720.99,719.84,719.95,57.11,
1788575400000,2026-09-05T02:30:00.000Z,719.95,721.49,719.77,721.05,55.22,
1788576300000,2026-09-05T02:45:00.000Z,721.05,721.05,719.82,720.57,164.97,
1788577200000,2026-09-05T03:00:00.000Z,720.57,722.05,720.47,721.14,42.13,
1788578100000,2026-09-05T03:15:00.000Z,721.14,723.08,721.13,722.87,98.37,
1788579000000,2026-09-05T03:30:00.000Z,722.87,724.82,722.87,724.38,400.51,
1788579900000,2026-09-05T03:45:00.000Z,724.38,724.53,723.27,723.39,344.95,
1788580800000,2026-09-05T04:00:00.000Z,723.39,723.39,721.69,721.82,57.29,
1788581700000,2026-09-05T04:15:00.000Z,721.82,722,721.09,721.31,55.43,
1788582600000,2026-09-05T04:30:00.000Z,721.31,722.19,721.31,721.87,17.62,
1788583500000,2026-09-05T04:45:00.000Z,721.87,722.01,721.05,721.05,60.2,
1788584400000,2026-09-05T05:00:00.000Z,721.05,722.16,720.33,722.05,54.38,
1788585300000,2026-09-05T05:15:00.000Z,722.05,722.58,721.64,722.1,33.82,
1788586200000,2026-09-05T05:30:00.000Z,722.1,722.59,721.86,721.96,16.68,
1788587100000,2026-09-05T05:45:00.000Z,721.96,722.63,721.36,722.16,21.57,
1788588000000,2026-09-05T06:00:00.000Z,722.16,722.73,722,722.07,44.21,
1788588900000,2026-09-05T06:15:00.000Z,722.07,722.86,721.33,722.56,36.53,
1788589800000,2026-09-05T06:30:00.000Z,722.56,727.63,722.56,726.26,365.42,
1788590700000,2026-09-05T06:45:00.000Z,726.26,727.22,725.42,726.75,133.56,
1788591600000,2026-09-05T07:00:00.000Z,726.75,735.57,726.13,734.25,1560.17,
1788592500000,2026-09-05T07:15:00.000Z,734.25,734.46,730.58,732.09,336.91,
1788593400000,2026-09-05T07:30:00.000Z,732.09,739.07,732.01,737.1,815.96,
1788594300000,2026-09-05T07:45:00.000Z,737.1,739.12,736.53,737.94,338.49,
1788595200000,2026-09-05T08:00:00.000Z,737.94,742.11,737.75,740.87,1235.25,
1788596100000,2026-09-05T08:15:00.000Z,740.87,748.85,740.08,746.34,4944.88,
1788597000000,2026-09-05T08:30:00.000Z,746.34,751.69,745.57,749.6,1842.43,
1788597900000,2026-09-05T08:45:00.000Z,749.6,751.95,748.5,749.23,1256.41,
1788598800000,2026-09-05T09:00:00.000Z,749.23,751,747.38,748.65,1096.19,
1788599700000,2026-09-05T09:15:00.000Z,748.65,751.35,748.49,749.07,733.55,
1788600600000,2026-09-05T09:30:00.000Z,749.07,750.4,743.46,747.91,5486.16,
1788601500000,2026-09-05T09:45:00.000Z,747.91,748.31,746.43,747.28,823.48,
1788602400000,2026-09-05T10:00:00.000Z,747.28,748.67,746.38,747.56,220.68,
1788603300000,2026-09-05T10:15:00.000Z,747.56,750.43,746.96,747.87,2353.56,
1788604200000,2026-09-05T10:30:00.000Z,747.87,748.08,746.17,747.25,150.45,
1788605100000,2026-09-05T10:45:00.000Z,747.25,748.85,747.13,747.5,183.87,
1788606000000,2026-09-05T11:00:00.000Z,747.5,756.5,747.5,753.27,2468.04,
1788606900000,2026-09-05T11:15:00.000Z,753.27,753.33,750.8,751.85,570.23,
1788607800000,2026-09-05T11:30:00.000Z,751.85,751.99,746.42,746.91,1298.95,
1788608700000,2026-09-05T11:45:00.000Z,746.91,747.6,745.35,747.32,394.91,
1788609600000,2026-09-05T12:00:00.000Z,747.32,751.82,747.32,751.64,794.91,
1788610500000,2026-09-05T12:15:00.000Z,751.64,756.86,751.64,755.44,1124.27,
1788611400000,2026-09-05T12:30:00.000Z,755.44,760.16,754.25,756.81,1278.43,
1788612300000,2026-09-05T12:45:00.000Z,756.81,765.49,756.58,762.6,2710.4,
1788613200000,2026-09-05T13:00:00.000Z,762.6,767.4,761.59,766.83,1142.42,
1788614100000,2026-09-05T13:15:00.000Z,766.83,767.03,763.19,763.69,725.08,
1788615000000,2026-09-05T13:30:00.000Z,763.69,766.36,762.11,764.26,1763.94,
1788615900000,2026-09-05T13:45:00.000Z,764.26,765.32,758.54,760.65,1477.2,
1788616800000,2026-09-05T14:00:00.000Z,760.65,763.83,759.81,763.54,370.92,
1788617700000,2026-09-05T14:15:00.000Z,763.54,765.31,761.55,765.28,857.5,
1788618600000,2026-09-05T14:30:00.000Z,765.28,769.87,762.29,764.62,5320.37,
1788619500000,2026-09-05T14:45:00.000Z,764.62,770,764.62,769.76,1505.53,
1788620400000,2026-09-05T15:00:00.000Z,769.76,772.5,768.42,768.71,750.62,
1788621300000,2026-09-05T15:15:00.000Z,768.71,770.06,765.88,765.96,1767.02,
1788622200000,2026-09-05T15:30:00.000Z,765.96,767.3,765.28,766.18,716.29,
1788623100000,2026-09-05T15:45:00.000Z,766.18,771.31,765.54,769.63,1086.02,
1788624000000,2026-09-05T16:00:00.000Z,769.63,770.45,767.27,770.27,478.81,
1788624900000,2026-09-05T16:15:00.000Z,770.27,774.18,769.76,770.17,652.01,
1788625800000,2026-09-05T16:30:00.000Z,770.17,773.4,770.17,773.13,311.44,
1788626700000,2026-09-05T16:45:00.000Z,773.13,776.86,771.88,773.16,2552.29,
1788627600000,2026-09-05T17:00:00.000Z,773.16,780.27,773.14,777.02,1565.59,
1788628500000,2026-09-05T17:15:00.000Z,777.02,777.19,774.97,777.11,736.81,
1788629400000,2026-09-05T17:30:00.000Z,777.11,780.15,773.4,775.97,2457.64,
1788630300000,2026-09-05T17:45:00.000Z,775.97,777.53,774.43,775.76,407.54,
1788631200000,2026-09-05T18:00:00.000Z,775.76,776.32,774.59,775.28,106.38,
1788632100000,2026-09-05T18:15:00.000Z,775.28,777.65,775.25,777.49,606.87,
1788633000000,2026-09-05T18:30:00.000Z,777.49,778.48,776.5,777.53,315.7,
1788633900000,2026-09-05T18:45:00.000Z,777.53,778.5,775.69,776.12,399.28,
1788634800000,2026-09-05T19:00:00.000Z,776.12,777.26,773.41,775.84,1982.17,
1788635700000,2026-09-05T19:15:00.000Z,775.84,777.2,775.18,776.93,134.73,
1788636600000,2026-09-05T19:30:00.000Z,776.93,779.2,775.96,777.46,346.58,
1788637500000,2026-09-05T19:45:00.000Z,777.46,777.58,772.5,772.63,169.87,
1788638400000,2026-09-05T20:00:00.000Z,772.63,773.4,771,771.91,190.08,
1788639300000,2026-09-05T20:15:00.000Z,771.91,772.09,769.51,769.99,1433.3,
1788640200000,2026-09-05T20:30:00.000Z,769.99,771.43,768.88,770.99,241.49,
1788641100000,2026-09-05T20:45:00.000Z,770.99,771.92,769.57,769.63,125.06,
1788642000000,2026-09-05T21:00:00.000Z,769.63,771.3,769.16,770.16,249.53,
1788642900000,2026-09-05T21:15:00.000Z,770.16,771,769.23,769.23,142.69,
1788643800000,2026-09-05T21:30:00.000Z,769.23,771.53,769.06,771.13,29.2,
1788644700000,2026-09-05T21:45:00.000Z,771.13,771.49,770.72,770.72,23.88,
1788645600000,2026-09-05T22:00:00.000Z,770.72,770.92,769.65,770.8,34.29,
1788646500000,2026-09-05T22:15:00.000Z,770.8,770.8,769.42,769.94,40.51,
1788647400000,2026-09-05T22:30:00.000Z,769.94,770.25,768.75,769.3,103.25,
1788648300000,2026-09-05T22:45:00.000Z,769.3,771.43,768.39,770.01,104.85,
1788649200000,2026-09-05T23:00:00.000Z,770.01,770.4,763.14,764.32,564.91,
1788650100000,2026-09-05T23:15:00.000Z,764.32,765.9,764.1,765.01,148.29,
1788651000000,2026-09-05T23:30:00.000Z,765.01,766.72,764.63,766.42,152.26,
1788651900000,2026-09-05T23:45:00.000Z,766.42,766.98,765.53,765.74,62.67,
1788652800000,2026-09-06T00:00:00.000Z,765.74,768.34,765.4,767.71,100.38,
1788653700000,2026-09-06T00:15:00.000Z,767.71,768.08,766.27,767.83,66.6,
1788654600000,2026-09-06T00:30:00.000Z,767.83,768.16,766.43,767.89,181.17,
1788655500000,2026-09-06T00:45:00.000Z,767.89,767.99,766.21,766.22,44.48,
1788656400000,2026-09-06T01:00:00.000Z,766.22,767.76,765.8,767.04,94.83,
1788657300000,2026-09-06T01:15:00.000Z,767.04,767.89,764.11,764.72,511.27,
1788658200000,2026-09-06T01:30:00.000Z,764.72,766.55,764.72,766.25,138.47,
1788659100000,2026-09-06T01:45:00.000Z,766.25,766.25,762.5,764.54,388.95,
1788660000000,2026-09-06T02:00:00.000Z,764.54,765.4,761.1,762.01,598.94,
1788660900000,2026-09-06T02:15:00.000Z,762.01,762.25,760.64,761.6,437.76,
1788661800000,2026-09-06T02:30:00.000Z,761.6,763.53,761.6,762.97,181.2,
1788662700000,2026-09-06T02:45:00.000Z,762.97,764.24,762.33,763.46,146.14,
1788663600000,2026-09-06T03:00:00.000Z,763.46,764.59,763.37,763.89,79.53,
1788664500000,2026-09-06T03:15:00.000Z,763.89,764.25,763.14,763.26,29.65,
1788665400000,2026-09-06T03:30:00.000Z,763.26,765.2,763.21,764.97,84.69,
1788666300000,2026-09-06T03:45:00.000Z,764.97,765.33,763.86,764.56,160.91,
1788667200000,2026-09-06T04:00:00.000Z,764.56,764.73,763.79,763.83,83.34,
1788668100000,2026-09-06T04:15:00.000Z,763.83,763.86,761.58,761.78,89.75,
1788669000000,2026-09-06T04:30:00.000Z,761.78,762.5,761.34,762.15,119.98,
1788669900000,2026-09-06T04:45:00.000Z,762.15,763.02,762.05,762.47,51.53,
1788670800000,2026-09-06T05:00:00.000Z,762.47,763.15,761.79,761.87,122.38,
1788671700000,2026-09-06T05:15:00.000Z,761.87,762.49,761.1,761.5,194.15,
1788672600000,2026-09-06T05:30:00.000Z,761.5,764.07,761.38,762.72,255.22,
1788673500000,2026-09-06T05:45:00.000Z,762.72,762.72,760.37,761.42,95.64,
1788674400000,2026-09-06T06:00:00.000Z,761.42,763.08,761.01,762.84,231.53,
1788675300000,2026-09-06T06:15:00.000Z,762.84,763.06,758.36,760.41,1101.71,
1788676200000,2026-09-06T06:30:00.000Z,760.41,761.23,759.67,761.23,198.24,
1788677100000,2026-09-06T06:45:00.000Z,761.23,761.3,759.68,759.68,82.79,
1788678000000,2026-09-06T07:00:00.000Z,759.68,760.43,756.27,756.92,712.08,
1788678900000,2026-09-06T07:15:00.000Z,756.92,758.23,755.65,755.65,428.41,
1788679800000,2026-09-06T07:30:00.000Z,755.65,756.19,753.65,755.86,2380.75,
1788680700000,2026-09-06T07:45:00.000Z,755.86,756.65,755.55,756.21,166.21,
1788681600000,2026-09-06T08:00:00.000Z,756.21,756.87,753.51,754.86,736.36,
1788682500000,2026-09-06T08:15:00.000Z,754.86,755.42,754.42,754.82,152.3,
1788683400000,2026-09-06T08:30:00.000Z,754.82,755.97,754.66,755.97,539.67,
1788684300000,2026-09-06T08:45:00.000Z,755.97,756.76,755.9,756.57,221.47,
1788685200000,2026-09-06T09:00:00.000Z,756.57,757.85,756.14,757.85,132.73,
1788686100000,2026-09-06T09:15:00.000Z,757.85,758.32,756.66,758.29,280.23,
1788687000000,2026-09-06T09:30:00.000Z,758.29,758.59,756.33,756.98,374.35,
1788687900000,2026-09-06T09:45:00.000Z,756.98,757.11,756.57,756.89,45.82,
1788688800000,2026-09-06T10:00:00.000Z,756.89,757.83,756.89,757.57,67.43,
1788689700000,2026-09-06T10:15:00.000Z,757.57,758.07,755.91,756.23,99.43,
1788690600000,2026-09-06T10:30:00.000Z,756.23,757.05,755.95,756.65,34.67,
1788691500000,2026-09-06T10:45:00.000Z,756.65,757.42,756.44,757.34,128.61,
1788692400000,2026-09-06T11:00:00.000Z,757.34,757.72,756.35,757.3,68.55,
1788693300000,2026-09-06T11:15:00.000Z,757.3,758.36,756.53,757.88,51.9,
1788694200000,2026-09-06T11:30:00.000Z,757.88,757.88,756.65,757.34,30.08,
1788695100000,2026-09-06T11:45:00.000Z,757.34,758.29,757.34,757.93,43.3,
1788696000000,2026-09-06T12:00:00.000Z,757.93,757.93,756.88,757.8,235.19,
1788696900000,2026-09-06T12:15:00.000Z,757.8,758.18,756.85,756.85,47.69,
1788697800000,2026-09-06T12:30:00.000Z,756.85,757.63,754.84,755.05,89.98,
1788698700000,2026-09-06T12:45:00.000Z,755.05,756.13,753.88,755.01,89.74,
1788699600000,2026-09-06T13:00:00.000Z,755.01,755.2,752.57,753.13,414.57,
1788700500000,2026-09-06T13:15:00.000Z,753.13,753.13,750.42,750.84,467.01,
1788701400000,2026-09-06T13:30:00.000Z,750.84,751.48,750.16,751.15,189.64,
1788702300000,2026-09-06T13:45:00.000Z,751.15,751.79,749.72,750.6,208.89,
1788703200000,2026-09-06T14:00:00.000Z,750.6,750.73,746.76,747.53,245.26,
1788704100000,2026-09-06T14:15:00.000Z,747.53,747.93,743.44,744.23,524.3,
1788705000000,2026-09-06T14:30:00.000Z,744.23,745.56,740.65,743.99,508.98,
1788705900000,2026-09-06T14:45:00.000Z,743.99,743.99,740.93,741.31,124.13,
1788706800000,2026-09-06T15:00:00.000Z,741.31,743.08,739.69,742.82,740.19,
1788707700000,2026-09-06T15:15:00.000Z,742.82,744.52,742.69,743.65,725.46,
1788708600000,2026-09-06T15:30:00.000Z,743.65,745.09,743.42,744.41,189.28,
1788709500000,2026-09-06T15:45:00.000Z,744.41,745.8,744.4,745.66,376.83,
1788710400000,2026-09-06T16:00:00.000Z,745.66,746.82,744.74,746.57,418.21,
1788711300000,2026-09-06T16:15:00.000Z,746.57,747.9,745.56,747.56,179.67,
1788712200000,2026-09-06T16:30:00.000Z,747.56,748.28,746.71,747.24,466.48,
1788713100000,2026-09-06T16:45:00.000Z,747.24,747.57,746.88,747.57,22.98,
1788714000000,2026-09-06T17:00:00.000Z,747.57,747.57,746.65,747.34,39.95,
1788714900000,2026-09-06T17:15:00.000Z,747.34,748.1,746.49,746.72,126.83,
1788715800000,2026-09-06T17:30:00.000Z,746.72,747.71,746.49,747.48,48.87,
1788716700000,2026-09-06T17:45:00.000Z,747.48,748.16,746.48,747.92,126.7,
1788717600000,2026-09-06T18:00:00.000Z,747.92,748.11,747.34,747.8,66.8,
1788718500000,2026-09-06T18:15:00.000Z,747.8,748.91,747.49,748.58,118.41,
1788719400000,2026-09-06T18:30:00.000Z,748.58,749.53,748.57,748.98,153.04,
1788720300000,2026-09-06T18:45:00.000Z,748.98,749.44,748.65,749.27,60.16,
1788721200000,2026-09-06T19:00:00.000Z,749.27,749.98,749.22,749.85,136.12,
1788722100000,2026-09-06T19:15:00.000Z,749.85,750.23,748.66,749.13,141.93,
1788723000000,2026-09-06T19:30:00.000Z,749.13,749.13,748.36,748.47,17.45,
1788723900000,2026-09-06T19:45:00.000Z,748.47,748.98,748.11,748.45,132.93,
1788724800000,2026-09-06T20:00:00.000Z,748.45,749.51,748.45,749.16,32.09,
1788725700000,2026-09-06T20:15:00.000Z,749.16,750.43,748.6,750.25,133.98,
1788726600000,2026-09-06T20:30:00.000Z,750.25,751.04,750.24,750.55,28.94,
1788727500000,2026-09-06T20:45:00.000Z,750.55,751.27,750.55,751.05,22.37,
1788728400000,2026-09-06T21:00:00.000Z,751.05,752.84,750.89,752,98.98,
1788729300000,2026-09-06T21:15:00.000Z,752,753.58,752,752.34,411.76,
1788730200000,2026-09-06T21:30:00.000Z,752.34,753.29,751.7,751.85,58.24,
1788731100000,2026-09-06T21:45:00.000Z,751.85,752.68,750.47,750.75,140.78,
1788732000000,2026-09-06T22:00:00.000Z,750.75,750.91,748.86,749.23,216.09,
1788732900000,2026-09-06T22:15:00.000Z,749.23,749.29,747.93,748.89,87.3,
1788733800000,2026-09-06T22:30:00.000Z,748.89,750.74,748.81,750.38,285.28,
1788734700000,2026-09-06T22:45:00.000Z,750.38,751.54,749.95,751.1,199.84,
1788735600000,2026-09-06T23:00:00.000Z,751.1,753.11,750.67,752.07,68.69,
1788736500000,2026-09-06T23:15:00.000Z,752.07,753.18,751.37,751.69,122.38,
1788737400000,2026-09-06T23:30:00.000Z,751.69,754.24,751.64,753.4,338.26,
1788738300000,2026-09-06T23:45:00.000Z,753.4,754.73,751.91,752.64,354.56,
1788739200000,2026-09-07T00:00:00.000Z,752.64,756.06,751.78,754.34,892.25,
1788740100000,2026-09-07T00:15:00.000Z,754.34,754.57,751.15,752.13,140.19,
1788741000000,2026-09-07T00:30:00.000Z,752.13,752.72,751,752.32,181.44,
1788741900000,2026-09-07T00:45:00.000Z,752.32,752.97,749.67,750.03,227.75,
1788742800000,2026-09-07T01:00:00.000Z,750.03,750.6,746.7,747.48,418.62,
1788743700000,2026-09-07T01:15:00.000Z,747.48,747.6,745.58,746.52,125.71,
1788744600000,2026-09-07T01:30:00.000Z,746.52,747.17,745.07,745.51,49.78,
1788745500000,2026-09-07T01:45:00.000Z,745.51,748.18,745.1,748.18,61.27,
1788746400000,2026-09-07T02:00:00.000Z,748.18,748.64,746.87,747.93,71.63,
1788747300000,2026-09-07T02:15:00.000Z,747.93,752.34,747.92,751.88,174.53,
1788748200000,2026-09-07T02:30:00.000Z,751.88,755.52,751.83,753.72,299.4,
1788749100000,2026-09-07T02:45:00.000Z,753.72,753.76,747.01,748,185.64,
1788750000000,2026-09-07T03:00:00.000Z,748,749.82,747.33,748.55,158.21,
1788750900000,2026-09-07T03:15:00.000Z,748.55,748.9,747.34,747.53,169.71,
1788751800000,2026-09-07T03:30:00.000Z,747.53,747.92,744.79,744.97,535.96,
1788752700000,2026-09-07T03:45:00.000Z,744.97,746.2,744.6,745.87,638.24,
1788753600000,2026-09-07T04:00:00.000Z,745.87,746.44,745.29,746.44,84.94,
1788754500000,2026-09-07T04:15:00.000Z,746.44,747.16,745.86,745.98,564.83,
1788755400000,2026-09-07T04:30:00.000Z,745.98,746.22,745.15,746.22,81.67,
1788756300000,2026-09-07T04:45:00.000Z,746.22,746.82,745.56,746.82,54.08,
1788757200000,2026-09-07T05:00:00.000Z,746.82,747.54,746.49,747,168.58,
1788758100000,2026-09-07T05:15:00.000Z,747,748.8,747,748.06,306.03,
1788759000000,2026-09-07T05:30:00.000Z,748.06,749.89,747.74,749.53,162.5,
1788759900000,2026-09-07T05:45:00.000Z,749.53,749.92,748.25,748.28,98.08,
1788760800000,2026-09-07T06:00:00.000Z,748.28,748.92,747.94,748.71,43,
1788761700000,2026-09-07T06:15:00.000Z,748.71,748.86,746.13,746.19,106.93,
1788762600000,2026-09-07T06:30:00.000Z,746.19,746.36,744.69,744.87,146.74,
1788763500000,2026-09-07T06:45:00.000Z,744.87,745.58,744.78,745.21,42.02,
1788764400000,2026-09-07T07:00:00.000Z,745.21,745.21,744.13,744.4,61.38,
1788765300000,2026-09-07T07:15:00.000Z,744.4,744.83,742.34,742.34,160.97,
1788766200000,2026-09-07T07:30:00.000Z,742.34,743.41,740,742.62,497.95,
1788767100000,2026-09-07T07:45:00.000Z,742.62,743.96,742.62,743.61,170.88,
1788768000000,2026-09-07T08:00:00.000Z,743.61,745.23,743.6,744.52,281.15,
1788768900000,2026-09-07T08:15:00.000Z,744.52,744.97,743.86,744.26,208.23,
1788769800000,2026-09-07T08:30:00.000Z,744.26,744.74,743.66,744.43,138.6,
1788770700000,2026-09-07T08:45:00.000Z,744.43,744.87,743.91,744.82,76.06,
1788771600000,2026-09-07T09:00:00.000Z,744.82,745.87,743.93,745.69,80.5,
1788772500000,2026-09-07T09:15:00.000Z,745.69,746.87,744.56,744.94,354.18,
1788773400000,2026-09-07T09:30:00.000Z,744.94,745.16,744,744.31,56.21,
1788774300000,2026-09-07T09:45:00.000Z,744.31,744.72,742.33,742.59,155.18,
1788775200000,2026-09-07T10:00:00.000Z,742.59,743.55,742.37,743.24,161.97,
1788776100000,2026-09-07T10:15:00.000Z,743.24,743.69,742.78,743.21,89.55,
1788777000000,2026-09-07T10:30:00.000Z,743.21,744.77,743.21,744.65,28.14,
1788777900000,2026-09-07T10:45:00.000Z,744.65,744.65,743.28,743.47,41.86,
1788778800000,2026-09-07T11:00:00.000Z,743.47,743.95,742.99,743.85,120.6,
1788779700000,2026-09-07T11:15:00.000Z,743.85,744.47,743.25,743.25,89.21,
1788780600000,2026-09-07T11:30:00.000Z,743.25,744.1,742.93,743.14,59.55,
1788781500000,2026-09-07T11:45:00.000Z,743.14,744.56,743.14,744.56,135.82,
1788782400000,2026-09-07T12:00:00.000Z,744.56,745.54,744.29,744.72,100.33,
1788783300000,2026-09-07T12:15:00.000Z,744.72,745.66,744.61,745.46,111.61,
1788784200000,2026-09-07T12:30:00.000Z,745.46,745.46,744.7,745.34,59.83,
1788785100000,2026-09-07T12:45:00.000Z,745.34,747.15,745.33,746.92,130.86,
1788786000000,2026-09-07T13:00:00.000Z,746.92,747.37,746.21,747.37,269.26,
1788786900000,2026-09-07T13:15:00.000Z,747.37,747.41,746.05,746.5,158.86,
1788787800000,2026-09-07T13:30:00.000Z,746.5,746.91,745.02,745.24,150.19,
1788788700000,2026-09-07T13:45:00.000Z,745.24,745.66,743.76,745.2,174.56,
1788789600000,2026-09-07T14:00:00.000Z,745.2,745.25,743.36,744.14,190.57,
1788790500000,2026-09-07T14:15:00.000Z,744.14,744.71,742.78,742.78,172.11,
1788791400000,2026-09-07T14:30:00.000Z,742.78,743.41,740.6,741.77,197.94,
1788792300000,2026-09-07T14:45:00.000Z,741.77,743.71,741.74,743.18,85.03,
1788793200000,2026-09-07T15:00:00.000Z,743.18,743.18,740.45,740.45,99.18,
1788794100000,2026-09-07T15:15:00.000Z,740.45,741.64,737.56,740.77,1396.71,
1788795000000,2026-09-07T15:30:00.000Z,740.77,740.78,735,736.27,587.9,
1788795900000,2026-09-07T15:45:00.000Z,736.27,736.59,732.59,734.01,1396.39,
1788796800000,2026-09-07T16:00:00.000Z,734.01,737.76,734.01,737.55,397.11,
1788797700000,2026-09-07T16:15:00.000Z,737.55,737.73,736.6,737.4,142.64,
1788798600000,2026-09-07T16:30:00.000Z,737.4,739.78,736.95,739.38,766.02,
1788799500000,2026-09-07T16:45:00.000Z,739.38,739.8,739.38,739.72,105.81,
1788800400000,2026-09-07T17:00:00.000Z,739.72,740.1,738.92,740.07,121.73,
1788801300000,2026-09-07T17:15:00.000Z,740.07,740.16,739.19,739.84,62.71,
1788802200000,2026-09-07T17:30:00.000Z,739.84,740.57,739.33,740.52,50.07,
1788803100000,2026-09-07T17:45:00.000Z,740.52,741.05,740.27,740.39,173.52,
1788804000000,2026-09-07T18:00:00.000Z,740.39,740.91,739.38,739.38,62.28,
1788804900000,2026-09-07T18:15:00.000Z,739.38,740.05,738.59,738.9,78.68,
1788805800000,2026-09-07T18:30:00.000Z,738.9,739.08,738.19,738.82,460.64,
1788806700000,2026-09-07T18:45:00.000Z,738.82,739.62,738.78,739.21,28.53,
1788807600000,2026-09-07T19:00:00.000Z,739.21,739.28,738.57,739.07,8.74,
1788808500000,2026-09-07T19:15:00.000Z,739.07,739.71,739.07,739.58,15,
1788809400000,2026-09-07T19:30:00.000Z,739.58,741.44,739.58,741.39,132.3,
1788810300000,2026-09-07T19:45:00.000Z,741.39,741.59,740.83,741.29,27.19,
1788811200000,2026-09-07T20:00:00.000Z,741.29,741.42,739.01,739.28,129.94,
1788812100000,2026-09-07T20:15:00.000Z,739.28,739.56,738.57,738.87,49.61,
1788813000000,2026-09-07T20:30:00.000Z,738.87,739.54,738.67,739.32,19.57,
1788813900000,2026-09-07T20:45:00.000Z,739.32,739.7,738.8,739.7,75.92,
1788814800000,2026-09-07T21:00:00.000Z,739.7,739.72,739.12,739.5,15.72,
1788815700000,2026-09-07T21:15:00.000Z,739.5,739.83,739,739,16.54,
1788816600000,2026-09-07T21:30:00.000Z,739,739.65,738.55,739.63,769.48,
1788817500000,2026-09-07T21:45:00.000Z,739.63,739.63,738.17,739.09,821.59,
1788818400000,2026-09-07T22:00:00.000Z,739.09,739.43,737.6,738.37,120.25,
1788819300000,2026-09-07T22:15:00.000Z,738.37,739.48,737.34,738.33,131.09,
1788820200000,2026-09-07T22:30:00.000Z,738.33,738.33,735.5,736.17,158.72,
1788821100000,2026-09-07T22:45:00.000Z,736.17,738.14,736.17,737.97,71.67,
1788822000000,2026-09-07T23:00:00.000Z,737.97,739.57,737.86,739.29,94.57,
1788822900000,2026-09-07T23:15:00.000Z,739.29,739.29,737.88,738.48,36.39,
1788823800000,2026-09-07T23:30:00.000Z,738.48,739.36,737.91,739.21,58.65,
1788824700000,2026-09-07T23:45:00.000Z,739.21,740.25,738.95,739.55,282.79,
1788825600000,2026-09-08T00:00:00.000Z,739.55,739.55,738.36,739.03,33.5,
1788826500000,2026-09-08T00:15:00.000Z,739.03,739.53,737.91,737.94,59.31,
1788827400000,2026-09-08T00:30:00.000Z,737.94,740.72,737.84,739.9,204.67,
1788828300000,2026-09-08T00:45:00.000Z,739.9,740.46,739.67,739.95,44.86,
1788829200000,2026-09-08T01:00:00.000Z,739.95,741.55,739.61,740.13,1780.03,
1788830100000,2026-09-08T01:15:00.000Z,740.13,742.64,740.11,741.95,238.79,
1788831000000,2026-09-08T01:30:00.000Z,741.95,741.95,741.23,741.61,45.18,
1788831900000,2026-09-08T01:45:00.000Z,741.61,742.49,741.19,742.48,63.83,
1788832800000,2026-09-08T02:00:00.000Z,742.48,742.48,740.81,741.47,86.43,
1788833700000,2026-09-08T02:15:00.000Z,741.47,743.13,740.63,740.63,174.95,
1788834600000,2026-09-08T02:30:00.000Z,740.63,740.7,738.71,739.7,185.78,
1788835500000,2026-09-08T02:45:00.000Z,739.7,741.15,738.1,738.1,171.65,
1788836400000,2026-09-08T03:00:00.000Z,738.1,738.77,737.28,737.9,199.54,
1788837300000,2026-09-08T03:15:00.000Z,737.9,738.19,736.27,737.95,281.47,
1788838200000,2026-09-08T03:30:00.000Z,737.95,743.7,737.95,743.07,585.38,
1788839100000,2026-09-08T03:45:00.000Z,743.07,745.01,741.99,742.57,318.05,
1788840000000,2026-09-08T04:00:00.000Z,742.57,743.38,741.77,742.12,166.29,
1788840900000,2026-09-08T04:15:00.000Z,742.12,744.99,741.33,744.32,140.28,
1788841800000,2026-09-08T04:30:00.000Z,744.32,745.91,744.19,745.37,163.52,
1788842700000,2026-09-08T04:45:00.000Z,745.37,746.68,745.13,745.14,574.3,
1788843600000,2026-09-08T05:00:00.000Z,745.14,749.05,743.43,747.02,709.04,
1788844500000,2026-09-08T05:15:00.000Z,747.02,754.13,746.13,752.67,1383.72,
1788845400000,2026-09-08T05:30:00.000Z,752.67,754.14,750.21,752.04,1156.21,
1788846300000,2026-09-08T05:45:00.000Z,752.04,754,748.82,750.53,510.01,
1788847200000,2026-09-08T06:00:00.000Z,750.53,750.9,747.51,749.12,507.5,
1788848100000,2026-09-08T06:15:00.000Z,749.12,749.14,744.52,746.65,539.58,
1788849000000,2026-09-08T06:30:00.000Z,746.65,748.4,745.87,746.92,271.46,
1788849900000,2026-09-08T06:45:00.000Z,746.92,748.69,745.01,747.05,266.26,
1788850800000,2026-09-08T07:00:00.000Z,747.05,750,746.81,748.83,248.66,
1788851700000,2026-09-08T07:15:00.000Z,748.83,751.66,748.43,751.42,450.65,
1788852600000,2026-09-08T07:30:00.000Z,751.42,756.38,750.88,755.74,1597.81,
1788853500000,2026-09-08T07:45:00.000Z,755.74,757.14,753.59,754.14,551.01,
1788854400000,2026-09-08T08:00:00.000Z,754.14,758.73,753.08,757.34,1670.33,
1788855300000,2026-09-08T08:15:00.000Z,757.34,760.82,757.34,757.78,1168.23,
1788856200000,2026-09-08T08:30:00.000Z,757.78,758.97,756.39,756.55,359.49,
1788857100000,2026-09-08T08:45:00.000Z,756.55,757.66,753.56,754.53,465.36,
1788858000000,2026-09-08T09:00:00.000Z,754.53,754.98,749.42,754.67,3904.57,
1788858900000,2026-09-08T09:15:00.000Z,754.67,755.09,752.76,754.95,229.28,
1788859800000,2026-09-08T09:30:00.000Z,754.95,756.46,754.55,755.17,354.94,
1788860700000,2026-09-08T09:45:00.000Z,755.17,755.89,753.33,754.42,325.07,
1788861600000,2026-09-08T10:00:00.000Z,754.42,755,752.83,755,468.54,
1788862500000,2026-09-08T10:15:00.000Z,755,757.32,754.95,756.46,690.58,
1788863400000,2026-09-08T10:30:00.000Z,756.46,757.2,755,756.27,491.04,
1788864300000,2026-09-08T10:45:00.000Z,756.27,757.32,755.24,755.42,1159.18,
1788865200000,2026-09-08T11:00:00.000Z,755.42,755.77,751.37,751.51,1680.98,
1788866100000,2026-09-08T11:15:00.000Z,751.51,755.47,751.51,752.81,1357.68,
1788867000000,2026-09-08T11:30:00.000Z,752.81,753.32,749.4,751.23,520.6,
1788867900000,2026-09-08T11:45:00.000Z,751.23,752.2,751,751.74,320.96,
1788868800000,2026-09-08T12:00:00.000Z,751.74,752.05,749.38,749.57,224.43,
1788869700000,2026-09-08T12:15:00.000Z,749.57,750.82,748.71,750.1,271.02,
1788870600000,2026-09-08T12:30:00.000Z,750.1,751.84,749.55,749.59,171.02,
1788871500000,2026-09-08T12:45:00.000Z,749.59,751.5,749.59,751.19,59.71,
1788872400000,2026-09-08T13:00:00.000Z,751.19,752.35,750.51,751.41,117.03,
1788873300000,2026-09-08T13:15:00.000Z,751.41,751.97,749.57,750.34,46.45,
1788874200000,2026-09-08T13:30:00.000Z,750.34,750.69,741.63,743.16,1171.56,
1788875100000,2026-09-08T13:45:00.000Z,743.16,747.76,741.76,746.39,651.89,
1788876000000,2026-09-08T14:00:00.000Z,746.39,749.9,745.43,749.64,1256.71,
1788876900000,2026-09-08T14:15:00.000Z,749.64,751.25,748.79,749.58,368.95,
1788877800000,2026-09-08T14:30:00.000Z,749.58,749.6,747.53,749.08,346.35,
1788878700000,2026-09-08T14:45:00.000Z,749.08,750.93,748.77,750.36,478.12,
1788879600000,2026-09-08T15:00:00.000Z,750.36,751.66,749.8,750.67,153.09,
1788880500000,2026-09-08T15:15:00.000Z,750.67,751.59,748.89,748.89,148.99,
1788881400000,2026-09-08T15:30:00.000Z,748.89,754.18,748.76,753.87,653.95,
1788882300000,2026-09-08T15:45:00.000Z,753.87,756.62,753.87,755.85,463.11,
1788883200000,2026-09-08T16:00:00.000Z,755.85,755.85,752.97,753.19,208.5,
1788884100000,2026-09-08T16:15:00.000Z,753.19,754.27,752.92,754.25,90.99,
1788885000000,2026-09-08T16:30:00.000Z,754.25,757.69,754.12,755.86,155.49,
1788885900000,2026-09-08T16:45:00.000Z,755.86,756.24,754.62,755.3,290.35,
1788886800000,2026-09-08T17:00:00.000Z,755.3,756,753.83,753.92,141.48,
1788887700000,2026-09-08T17:15:00.000Z,753.92,753.92,751.26,751.69,98.74,
1788888600000,2026-09-08T17:30:00.000Z,751.69,753.25,751.69,751.75,46.5,
1788889500000,2026-09-08T17:45:00.000Z,751.75,752.81,751.4,751.4,95.56,
1788890400000,2026-09-08T18:00:00.000Z,751.4,753.68,750.78,752.61,123.86,
1788891300000,2026-09-08T18:15:00.000Z,752.61,753.44,752.1,752.32,68.7,
1788892200000,2026-09-08T18:30:00.000Z,752.32,752.52,749.85,750.43,112.2,
1788893100000,2026-09-08T18:45:00.000Z,750.43,750.52,746.9,748.59,107.49,
1788894000000,2026-09-08T19:00:00.000Z,748.59,749.68,748.25,748.52,41.69,
1788894900000,2026-09-08T19:15:00.000Z,748.52,749.63,748.02,749.46,349.9,
1788895800000,2026-09-08T19:30:00.000Z,749.46,749.46,747.94,748.14,66.83,
1788896700000,2026-09-08T19:45:00.000Z,748.14,748.3,747,748.3,179.35,
1788897600000,2026-09-08T20:00:00.000Z,748.3,750.83,748.27,750.5,267.12,
1788898500000,2026-09-08T20:15:00.000Z,750.5,750.53,748.75,749.91,132.54,
1788899400000,2026-09-08T20:30:00.000Z,749.91,750.25,748.67,750,38.42,
1788900300000,2026-09-08T20:45:00.000Z,750,751,749.68,750.56,414.14,
1788901200000,2026-09-08T21:00:00.000Z,750.56,751.5,750.56,751.32,262.14,
1788902100000,2026-09-08T21:15:00.000Z,751.32,752.05,750.77,751.87,194.48,
1788903000000,2026-09-08T21:30:00.000Z,751.87,752.49,751.18,751.47,233.74,
1788903900000,2026-09-08T21:45:00.000Z,751.47,751.69,750.58,751.35,32.63,
1788904800000,2026-09-08T22:00:00.000Z,751.35,752.91,750.46,750.95,79.04,
1788905700000,2026-09-08T22:15:00.000Z,750.95,753.14,750.95,752.87,36.57,
1788906600000,2026-09-08T22:30:00.000Z,752.87,753.67,751.73,752.84,299.18,
1788907500000,2026-09-08T22:45:00.000Z,752.84,754.35,752.84,754.28,29.87,
1788908400000,2026-09-08T23:00:00.000Z,754.28,754.33,751.81,752.23,355.25,
1788909300000,2026-09-08T23:15:00.000Z,752.23,752.37,751.46,752.1,153.83,
1788910200000,2026-09-08T23:30:00.000Z,752.1,752.21,751.55,751.83,88.69,
1788911100000,2026-09-08T23:45:00.000Z,751.83,752.38,751.68,751.68,15.36,
1788912000000,2026-09-09T00:00:00.000Z,751.68,754.4,751.58,754.4,66.66,
1788912900000,2026-09-09T00:15:00.000Z,754.4,755.52,754.09,754.61,102.03,
1788913800000,2026-09-09T00:30:00.000Z,754.61,755.23,753.72,755.14,208.64,
1788914700000,2026-09-09T00:45:00.000Z,755.14,756.34,753.88,754.26,636.85,
1788915600000,2026-09-09T01:00:00.000Z,754.26,754.26,751.23,751.68,474.3,
1788916500000,2026-09-09T01:15:00.000Z,751.68,751.71,749.65,750.74,209.97,
1788917400000,2026-09-09T01:30:00.000Z,750.74,754.42,750.21,753.95,142.67,
1788918300000,2026-09-09T01:45:00.000Z,753.95,755.64,753.51,754.1,318.19,
1788919200000,2026-09-09T02:00:00.000Z,754.1,754.48,752.63,752.83,101.11,
1788920100000,2026-09-09T02:15:00.000Z,752.83,752.83,750.78,751.68,324.42,
1788921000000,2026-09-09T02:30:00.000Z,751.68,751.9,751.01,751.51,487.46,
1788921900000,2026-09-09T02:45:00.000Z,751.51,751.57,750.68,751.24,61.45,
1788922800000,2026-09-09T03:00:00.000Z,751.24,751.24,748.29,748.3,180.36,
1788923700000,2026-09-09T03:15:00.000Z,748.3,748.7,746.4,747.07,178.14,
1788924600000,2026-09-09T03:30:00.000Z,747.07,749.12,747.07,749,33.68,
1788925500000,2026-09-09T03:45:00.000Z,749,749.39,748.04,748.86,81.16,
1788926400000,2026-09-09T04:00:00.000Z,748.86,751.78,748.7,750.6,138.61,
1788927300000,2026-09-09T04:15:00.000Z,750.6,751.19,749.47,750.85,101.9,
1788928200000,2026-09-09T04:30:00.000Z,750.85,754.68,750.63,754.59,159.61,
1788929100000,2026-09-09T04:45:00.000Z,754.59,754.82,753.42,753.94,112.59,
1788930000000,2026-09-09T05:00:00.000Z,753.94,753.94,752.04,753.26,180.58,
1788930900000,2026-09-09T05:15:00.000Z,753.26,754.57,752.31,752.51,89.8,
1788931800000,2026-09-09T05:30:00.000Z,752.51,752.51,750.52,751.14,185.36,
1788932700000,2026-09-09T05:45:00.000Z,751.14,751.14,749.6,750.83,41.58,
1788933600000,2026-09-09T06:00:00.000Z,750.83,752.93,750.62,752.81,109.87,
1788934500000,2026-09-09T06:15:00.000Z,752.81,755.75,752.72,755.37,854.49,
1788935400000,2026-09-09T06:30:00.000Z,755.37,755.66,753.82,754.08,137.68,
1788936300000,2026-09-09T06:45:00.000Z,754.08,754.62,753.19,754.3,72.04,
1788937200000,2026-09-09T07:00:00.000Z,754.3,757,754.18,755.66,428.8,
1788938100000,2026-09-09T07:15:00.000Z,755.66,755.66,753.56,753.85,113.24,
1788939000000,2026-09-09T07:30:00.000Z,753.85,754.08,752.18,752.56,348.65,
1788939900000,2026-09-09T07:45:00.000Z,752.56,753.96,752.56,753.96,28.42,
1788940800000,2026-09-09T08:00:00.000Z,753.96,755.07,753.3,753.75,72.3,
1788941700000,2026-09-09T08:15:00.000Z,753.75,755.09,753.58,754.75,86.9,
1788942600000,2026-09-09T08:30:00.000Z,754.75,755.68,754.31,755.12,160.79,
1788943500000,2026-09-09T08:45:00.000Z,755.12,757.13,754.39,757.02,86.47,
1788944400000,2026-09-09T09:00:00.000Z,757.02,757.2,755.91,756.5,102.58,
1788945300000,2026-09-09T09:15:00.000Z,756.5,756.68,755.53,756.46,98.08,
1788946200000,2026-09-09T09:30:00.000Z,756.46,756.65,752.51,752.99,199.88,
1788947100000,2026-09-09T09:45:00.000Z,752.99,753.08,750.2,750.55,209.53,
1788948000000,2026-09-09T10:00:00.000Z,750.55,751.73,750,750.37,232.79,
1788948900000,2026-09-09T10:15:00.000Z,750.37,750.54,749.21,750.29,178.55,
1788949800000,2026-09-09T10:30:00.000Z,750.29,750.29,749.03,749.68,70.97,
1788950700000,2026-09-09T10:45:00.000Z,749.68,750.21,748.7,750.2,195.33,
1788951600000,2026-09-09T11:00:00.000Z,750.2,750.2,746.98,748.38,680.88,
1788952500000,2026-09-09T11:15:00.000Z,748.38,749.54,747.43,749.36,103.22,
1788953400000,2026-09-09T11:30:00.000Z,749.36,749.63,748.54,749.36,112.3,
1788954300000,2026-09-09T11:45:00.000Z,749.36,751.19,749.08,749.77,131.69,
1788955200000,2026-09-09T12:00:00.000Z,749.77,750.73,749.14,749.65,149.57,
1788956100000,2026-09-09T12:15:00.000Z,749.65,750.23,749.05,749.44,77.54,
1788957000000,2026-09-09T12:30:00.000Z,749.44,751.12,749.42,749.86,265.88,
1788957900000,2026-09-09T12:45:00.000Z,749.86,750.68,749.37,749.79,66.42,
1788958800000,2026-09-09T13:00:00.000Z,749.79,749.79,748.71,749.46,129.75,
1788959700000,2026-09-09T13:15:00.000Z,749.46,750.54,749.12,749.82,41.57,
1788960600000,2026-09-09T13:30:00.000Z,749.82,750.25,745.18,746.07,582.44,
1788961500000,2026-09-09T13:45:00.000Z,746.07,747.93,744.35,744.64,990.8,
1788962400000,2026-09-09T14:00:00.000Z,744.64,745.27,740.59,743.4,2016.33,
1788963300000,2026-09-09T14:15:00.000Z,743.4,745.15,741.8,745.15,284.75,
1788964200000,2026-09-09T14:30:00.000Z,745.15,746.19,743.62,743.73,837.81,
1788965100000,2026-09-09T14:45:00.000Z,743.73,744.33,742.13,742.97,680.45,
1788966000000,2026-09-09T15:00:00.000Z,742.97,745.79,738.03,739.14,783.61,
1788966900000,2026-09-09T15:15:00.000Z,739.14,740.1,734.26,737.65,815.96,
1788967800000,2026-09-09T15:30:00.000Z,737.65,740.31,737.39,739.44,405.95,
1788968700000,2026-09-09T15:45:00.000Z,739.44,739.73,738.05,738.45,373.82,
1788969600000,2026-09-09T16:00:00.000Z,738.45,741.09,738.22,739.46,559.62,
1788970500000,2026-09-09T16:15:00.000Z,739.46,739.46,737.34,738.88,130.61,
1788971400000,2026-09-09T16:30:00.000Z,738.88,741.31,738.88,740.78,50.11,
1788972300000,2026-09-09T16:45:00.000Z,740.78,740.78,739.56,740.12,27.61,
1788973200000,2026-09-09T17:00:00.000Z,740.12,741.68,739.5,741.22,526.34,
1788974100000,2026-09-09T17:15:00.000Z,741.22,741.88,740.19,741.6,113.88,
1788975000000,2026-09-09T17:30:00.000Z,741.6,741.6,739.93,740.52,30.74,
1788975900000,2026-09-09T17:45:00.000Z,740.52,741.44,739.99,741.44,39.16,
1788976800000,2026-09-09T18:00:00.000Z,741.44,741.44,739.72,739.9,17.82,
1788977700000,2026-09-09T18:15:00.000Z,739.9,740.52,739.55,740.52,15.57,
1788978600000,2026-09-09T18:30:00.000Z,740.52,740.88,740.09,740.71,219.68,
1788979500000,2026-09-09T18:45:00.000Z,740.71,740.71,739.04,739.42,90.85,
1788980400000,2026-09-09T19:00:00.000Z,739.42,740.5,738.95,740.5,98.23,
1788981300000,2026-09-09T19:15:00.000Z,740.5,741.21,739.65,739.76,55.67,
1788982200000,2026-09-09T19:30:00.000Z,739.76,739.76,737.62,737.62,316.65,
1788983100000,2026-09-09T19:45:00.000Z,737.62,737.92,735.87,736.77,152.01,
1788984000000,2026-09-09T20:00:00.000Z,736.77,737.13,735.61,736.75,239.52,
1788984900000,2026-09-09T20:15:00.000Z,736.75,737.65,731.16,733.48,2632.94,
1788985800000,2026-09-09T20:30:00.000Z,733.48,735.34,733.48,733.78,736.02,
1788986700000,2026-09-09T20:45:00.000Z,733.78,734.19,731.97,733.42,372.3,
1788987600000,2026-09-09T21:00:00.000Z,733.42,733.42,730.56,731.49,781.03,
1788988500000,2026-09-09T21:15:00.000Z,731.49,731.49,727.77,731.22,1597.89,
1788989400000,2026-09-09T21:30:00.000Z,731.22,731.22,729.23,729.31,81.47,
1788990300000,2026-09-09T21:45:00.000Z,729.31,729.31,721.31,724.69,1959.07,
1788991200000,2026-09-09T22:00:00.000Z,724.69,725.36,716.71,719.6,1038.6,
1788992100000,2026-09-09T22:15:00.000Z,719.6,721.98,718.24,721.29,973.7,
1788993000000,2026-09-09T22:30:00.000Z,721.29,721.33,718.88,721.02,578.63,
1788993900000,2026-09-09T22:45:00.000Z,721.02,721.02,717.7,718.39,328.42,
1788994800000,2026-09-09T23:00:00.000Z,718.39,721.13,718.13,720.86,195.3,
1788995700000,2026-09-09T23:15:00.000Z,720.86,721.09,719.76,720.81,174.42,
1788996600000,2026-09-09T23:30:00.000Z,720.81,722.39,720.66,722.11,485.78,
1788997500000,2026-09-09T23:45:00.000Z,722.11,723.14,721.84,722.01,479.48,
1788998400000,2026-09-10T00:00:00.000Z,722.01,723.82,721.66,722.19,413.95,
1788999300000,2026-09-10T00:15:00.000Z,722.19,722.34,720.68,721.22,494.12,
1789000200000,2026-09-10T00:30:00.000Z,721.22,722.31,719.82,721.16,227.41,
1789001100000,2026-09-10T00:45:00.000Z,721.16,722.96,720.51,720.51,247.01,
1789002000000,2026-09-10T01:00:00.000Z,720.51,724.16,720.17,722.63,270.16,
1789002900000,2026-09-10T01:15:00.000Z,722.63,722.65,719.71,719.71,156.01,
1789003800000,2026-09-10T01:30:00.000Z,719.71,720.17,716,718.69,395.91,
1789004700000,2026-09-10T01:45:00.000Z,718.69,720.62,718.01,720.45,171.2,
1789005600000,2026-09-10T02:00:00.000Z,720.45,721.39,720.15,720.9,66.83,
1789006500000,2026-09-10T02:15:00.000Z,720.9,721.18,720.1,720.72,102.29,
1789007400000,2026-09-10T02:30:00.000Z,720.72,723.32,720.5,722.84,98.7,
1789008300000,2026-09-10T02:45:00.000Z,722.84,724.64,722.43,724.64,207.4,
1789009200000,2026-09-10T03:00:00.000Z,724.64,725.75,723.41,723.83,375.2,
1789010100000,2026-09-10T03:15:00.000Z,723.83,724,723,723.57,146.1,
1789011000000,2026-09-10T03:30:00.000Z,723.57,724.2,722.76,723.8,70.16,
1789011900000,2026-09-10T03:45:00.000Z,723.8,724.11,722.59,723.15,87.35,
1789012800000,2026-09-10T04:00:00.000Z,723.15,723.15,722.41,722.49,20.91,
1789013700000,2026-09-10T04:15:00.000Z,722.49,723.16,722.16,722.26,351.18,
1789014600000,2026-09-10T04:30:00.000Z,722.26,722.54,721.6,721.68,57.91,
1789015500000,2026-09-10T04:45:00.000Z,721.68,722.45,721.51,721.99,100.15,
1789016400000,2026-09-10T05:00:00.000Z,721.99,722.49,720.34,722.48,187.42,
1789017300000,2026-09-10T05:15:00.000Z,722.48,722.53,720.9,721.83,72.51,
1789018200000,2026-09-10T05:30:00.000Z,721.83,722.63,721.52,722.07,57.44,
1789019100000,2026-09-10T05:45:00.000Z,722.07,723.16,721.77,722.98,91.25,
1789020000000,2026-09-10T06:00:00.000Z,722.98,722.99,719.6,719.75,202.01,
1789020900000,2026-09-10T06:15:00.000Z,719.75,719.75,717.85,717.94,71.25,
1789021800000,2026-09-10T06:30:00.000Z,717.94,719.53,717.94,719.02,100.4,
1789022700000,2026-09-10T06:45:00.000Z,719.02,721.2,719.02,720.7,42.63,
1789023600000,2026-09-10T07:00:00.000Z,720.7,720.7,717.73,718.51,74.56,
1789024500000,2026-09-10T07:15:00.000Z,718.51,718.64,716,716.58,346.19,
1789025400000,2026-09-10T07:30:00.000Z,716.58,716.99,714.45,716.98,483.77,
1789026300000,2026-09-10T07:45:00.000Z,716.98,718.88,716.98,718.59,78.4,
1789027200000,2026-09-10T08:00:00.000Z,718.59,719,717.65,718.02,157.09,
1789028100000,2026-09-10T08:15:00.000Z,718.02,719.06,717.76,718.9,67.64,
1789029000000,2026-09-10T08:30:00.000Z,718.9,719.02,717.84,718.3,69.49,
1789029900000,2026-09-10T08:45:00.000Z,718.3,718.86,717.91,717.94,28.44,
1789030800000,2026-09-10T09:00:00.000Z,717.94,718.57,717.45,718.13,32.07,
1789031700000,2026-09-10T09:15:00.000Z,718.13,718.34,717.7,718.01,18.15,
1789032600000,2026-09-10T09:30:00.000Z,718.01,718.01,715.01,716.03,100.68,
1789033500000,2026-09-10T09:45:00.000Z,716.03,717.28,715.76,716.89,123.53,
1789034400000,2026-09-10T10:00:00.000Z,716.89,717.87,716.86,717.52,120,
1789035300000,2026-09-10T10:15:00.000Z,717.52,717.86,716.53,717.24,21.56,
1789036200000,2026-09-10T10:30:00.000Z,717.24,717.66,715.61,717.5,107.73,
1789037100000,2026-09-10T10:45:00.000Z,717.5,718.12,716.6,716.6,26.19,
1789038000000,2026-09-10T11:00:00.000Z,716.6,717.19,715,717.19,91.87,
1789038900000,2026-09-10T11:15:00.000Z,717.19,718.47,717.19,717.97,47.22,
1789039800000,2026-09-10T11:30:00.000Z,717.97,718.08,717.44,717.57,78.17,
1789040700000,2026-09-10T11:45:00.000Z,717.57,717.83,715.88,716,74.09,
1789041600000,2026-09-10T12:00:00.000Z,716,716.54,714.73,715.44,110.63,
1789042500000,2026-09-10T12:15:00.000Z,715.44,716.19,714.6,716.19,64.53,
1789043400000,2026-09-10T12:30:00.000Z,716.19,717.64,710.18,711.77,2141.28,
1789044300000,2026-09-10T12:45:00.000Z,711.77,711.86,702.5,704.81,4892.9,
1789045200000,2026-09-10T13:00:00.000Z,704.81,707.94,704.34,704.71,668.5,
1789046100000,2026-09-10T13:15:00.000Z,704.71,706.55,704.33,706.02,266.57,
1789047000000,2026-09-10T13:30:00.000Z,706.02,708.96,705.38,708.22,365.82,
1789047900000,2026-09-10T13:45:00.000Z,708.22,710.41,707.93,709.94,324.61,
1789048800000,2026-09-10T14:00:00.000Z,709.94,711.45,707.42,707.72,304.13,
1789049700000,2026-09-10T14:15:00.000Z,707.72,710.46,706.5,708.96,825.61,
1789050600000,2026-09-10T14:30:00.000Z,708.96,709.94,708.64,709.68,105.81,
1789051500000,2026-09-10T14:45:00.000Z,709.68,710.73,708.81,709.34,99.7,
1789052400000,2026-09-10T15:00:00.000Z,709.34,709.99,707.42,708.74,41.57,
1789053300000,2026-09-10T15:15:00.000Z,708.74,708.96,706,706,156.8,
1789054200000,2026-09-10T15:30:00.000Z,706,708.76,705.99,707.24,219.73,
1789055100000,2026-09-10T15:45:00.000Z,707.24,707.86,706.43,707.24,129.4,
1789056000000,2026-09-10T16:00:00.000Z,707.24,708.14,705.06,705.96,436.97,
1789056900000,2026-09-10T16:15:00.000Z,705.96,706.16,704.19,704.94,83.84,
1789057800000,2026-09-10T16:30:00.000Z,704.94,706.37,703.83,706.37,171.87,
1789058700000,2026-09-10T16:45:00.000Z,706.37,708.44,706.37,707.78,94.57,
1789059600000,2026-09-10T17:00:00.000Z,707.78,708.9,707.36,708.41,30.11,
1789060500000,2026-09-10T17:15:00.000Z,708.41,711.41,708.36,710.72,346.3,
1789061400000,2026-09-10T17:30:00.000Z,710.72,713.09,710.72,711.76,189.6,
1789062300000,2026-09-10T17:45:00.000Z,711.76,712.83,711.52,712.21,87.63,
1789063200000,2026-09-10T18:00:00.000Z,712.21,712.21,709.77,709.87,46.3,
1789064100000,2026-09-10T18:15:00.000Z,709.87,711.28,709.74,711.06,81.9,
1789065000000,2026-09-10T18:30:00.000Z,711.06,711.95,710.39,711.7,42.76,
1789065900000,2026-09-10T18:45:00.000Z,711.7,713.33,711.59,713.33,66.32,
1789066800000,2026-09-10T19:00:00.000Z,713.33,713.69,712.68,712.68,302.22,
1789067700000,2026-09-10T19:15:00.000Z,712.68,714.19,712.61,713.77,43.07,
1789068600000,2026-09-10T19:30:00.000Z,713.77,715.42,713.33,715.11,108.46,
1789069500000,2026-09-10T19:45:00.000Z,715.11,715.11,713.2,713.81,158.03,
1789070400000,2026-09-10T20:00:00.000Z,713.81,714.94,713.4,714.94,77.66,
1789071300000,2026-09-10T20:15:00.000Z,714.94,715.25,714.81,715.19,56.84,
1789072200000,2026-09-10T20:30:00.000Z,715.19,715.61,714.53,715.49,97.93,
1789073100000,2026-09-10T20:45:00.000Z,715.49,715.8,714.5,714.52,60.71,
1789074000000,2026-09-10T21:00:00.000Z,714.52,714.96,714.08,714.38,29.96,
1789074900000,2026-09-10T21:15:00.000Z,714.38,714.46,713.05,713.76,314.37,
1789075800000,2026-09-10T21:30:00.000Z,713.76,714.08,713.29,713.56,38.52,
1789076700000,2026-09-10T21:45:00.000Z,713.56,714.49,713.56,713.88,38.71,
1789077600000,2026-09-10T22:00:00.000Z,713.88,715.31,713.73,714.52,34.4,
1789078500000,2026-09-10T22:15:00.000Z,714.52,715.17,713.77,713.77,39.74,
1789079400000,2026-09-10T22:30:00.000Z,713.77,713.97,711.37,711.79,151.94,
1789080300000,2026-09-10T22:45:00.000Z,711.79,712.35,710.87,711.21,79.08,
1789081200000,2026-09-10T23:00:00.000Z,711.21,712.21,708.34,708.53,1310.87,
1789082100000,2026-09-10T23:15:00.000Z,708.53,710.76,708.17,710.11,226.35,
1789083000000,2026-09-10T23:30:00.000Z,710.11,710.93,709.35,710.05,101.04,
1789083900000,2026-09-10T23:45:00.000Z,710.05,710.2,707.78,708.13,66.55,
1789084800000,2026-09-11T00:00:00.000Z,708.13,712.13,708.13,712.03,106.87,
1789085700000,2026-09-11T00:15:00.000Z,712.03,712.2,710.99,711.55,38.84,
1789086600000,2026-09-11T00:30:00.000Z,711.55,711.55,709.67,711.24,45.55,
1789087500000,2026-09-11T00:45:00.000Z,711.24,712.97,711.08,712.94,33.24,
1789088400000,2026-09-11T01:00:00.000Z,712.94,714.41,712.85,713.36,90.62,
1789089300000,2026-09-11T01:15:00.000Z,713.36,713.4,711.8,711.8,89.6,
1789090200000,2026-09-11T01:30:00.000Z,711.8,713.01,710.27,711.79,95.81,
1789091100000,2026-09-11T01:45:00.000Z,711.79,713.15,711.31,713.14,26.94,
1789092000000,2026-09-11T02:00:00.000Z,713.14,713.14,712.02,712.91,25.32,
1789092900000,2026-09-11T02:15:00.000Z,712.91,712.91,709.76,710.62,1447.27,
1789093800000,2026-09-11T02:30:00.000Z,710.62,711.97,709.92,711.39,9.64,
1789094700000,2026-09-11T02:45:00.000Z,711.39,711.85,710.51,710.68,31.71,
1789095600000,2026-09-11T03:00:00.000Z,710.68,711.29,709.71,711.28,17.64,
1789096500000,2026-09-11T03:15:00.000Z,711.28,711.68,710.37,710.81,99.29,
1789097400000,2026-09-11T03:30:00.000Z,710.81,711.99,709.84,711.83,41.58,
1789098300000,2026-09-11T03:45:00.000Z,711.83,711.96,711.1,711.66,9.02,
1789099200000,2026-09-11T04:00:00.000Z,711.66,712.72,711.62,712.68,7.54,
1789100100000,2026-09-11T04:15:00.000Z,712.68,715.38,712.29,715.38,95.05,
1789101000000,2026-09-11T04:30:00.000Z,715.38,716.23,715.08,715.94,139.5,
1789101900000,2026-09-11T04:45:00.000Z,715.94,717.1,715.68,716.27,79.67,
1789102800000,2026-09-11T05:00:00.000Z,716.27,716.37,715.46,715.96,81.86,
1789103700000,2026-09-11T05:15:00.000Z,715.96,715.96,714.92,715.62,102.49,
1789104600000,2026-09-11T05:30:00.000Z,715.62,716.91,715.35,716.51,521.18,
1789105500000,2026-09-11T05:45:00.000Z,716.51,716.52,715.81,716.1,21.4,
1789106400000,2026-09-11T06:00:00.000Z,716.1,716.57,715.88,716.57,28.8,
1789107300000,2026-09-11T06:15:00.000Z,716.57,716.57,714.6,714.71,35.29,
1789108200000,2026-09-11T06:30:00.000Z,714.71,714.71,713.82,714.35,104.77,
1789109100000,2026-09-11T06:45:00.000Z,714.35,714.74,713.88,714.73,214.16,
1789110000000,2026-09-11T07:00:00.000Z,714.73,715.44,714.61,714.74,15.89,
1789110900000,2026-09-11T07:15:00.000Z,714.74,715.52,714.46,714.55,31.77,
1789111800000,2026-09-11T07:30:00.000Z,714.55,714.55,713.33,713.33,56.05,
1789112700000,2026-09-11T07:45:00.000Z,713.33,713.33,712.4,713.07,93.71,
1789113600000,2026-09-11T08:00:00.000Z,713.07,714.19,712.13,712.5,50.94,
1789114500000,2026-09-11T08:15:00.000Z,712.5,714.97,712.5,714.15,93.78,
1789115400000,2026-09-11T08:30:00.000Z,714.15,715.58,714.01,714.07,126.08,
1789116300000,2026-09-11T08:45:00.000Z,714.07,714.13,713.29,713.29,26.08,
1789117200000,2026-09-11T09:00:00.000Z,713.29,713.75,712.24,712.9,71.65,
1789118100000,2026-09-11T09:15:00.000Z,712.9,713.28,712.43,712.68,51.72,
1789119000000,2026-09-11T09:30:00.000Z,712.68,712.71,710.57,711.28,77.14,
1789119900000,2026-09-11T09:45:00.000Z,711.28,713.07,711.28,712.42,30.64,
1789120800000,2026-09-11T10:00:00.000Z,712.42,714.52,711.86,713.61,74.25,
1789121700000,2026-09-11T10:15:00.000Z,713.61,713.96,713.29,713.37,26.23,
1789122600000,2026-09-11T10:30:00.000Z,713.37,713.42,711.96,712.24,55.94,
1789123500000,2026-09-11T10:45:00.000Z,712.24,712.79,712.16,712.28,54.99,
1789124400000,2026-09-11T11:00:00.000Z,712.28,712.28,709.66,709.91,246.95,
1789125300000,2026-09-11T11:15:00.000Z,709.91,711.24,709.89,710.68,36.98,
1789126200000,2026-09-11T11:30:00.000Z,710.68,712.09,710.65,712.09,24.24,
1789127100000,2026-09-11T11:45:00.000Z,712.09,712.64,711.79,712.64,86.39,
1789128000000,2026-09-11T12:00:00.000Z,712.64,713.38,711.2,711.44,37.61,
1789128900000,2026-09-11T12:15:00.000Z,711.44,714.32,710.67,711.93,248.23,
1789129800000,2026-09-11T12:30:00.000Z,711.93,722.88,706.02,721.05,1848.72,
1789130700000,2026-09-11T12:45:00.000Z,721.05,724.22,720.4,723.12,1018.45,
1789131600000,2026-09-11T13:00:00.000Z,723.12,723.12,718.4,719.92,224.6,
1789132500000,2026-09-11T13:15:00.000Z,719.92,721.54,718.09,718.38,138.07,
1789133400000,2026-09-11T13:30:00.000Z,718.38,722.07,716.67,721.35,479.59,
1789134300000,2026-09-11T13:45:00.000Z,721.35,736.44,720.84,735.93,6315.03,
1789135200000,2026-09-11T14:00:00.000Z,735.93,740.74,730.04,732.99,2427.11,
1789136100000,2026-09-11T14:15:00.000Z,732.99,734.7,731.93,734.43,788.09,
1789137000000,2026-09-11T14:30:00.000Z,734.43,734.43,730.09,732.06,275.92,
1789137900000,2026-09-11T14:45:00.000Z,732.06,733.22,729.33,732.29,322.01,
1789138800000,2026-09-11T15:00:00.000Z,732.29,732.64,729.59,729.66,180.17,
1789139700000,2026-09-11T15:15:00.000Z,729.66,734.49,729.34,734.3,116.73,
1789140600000,2026-09-11T15:30:00.000Z,734.3,739.76,733.85,738.16,270.49,
1789141500000,2026-09-11T15:45:00.000Z,738.16,738.2,725.7,727.91,574.92,
1789142400000,2026-09-11T16:00:00.000Z,727.91,732.94,727.39,729.89,338.02,
1789143300000,2026-09-11T16:15:00.000Z,729.89,730.93,726.67,728.98,248.09,
1789144200000,2026-09-11T16:30:00.000Z,728.98,730.42,727.56,729.08,274.76,
1789145100000,2026-09-11T16:45:00.000Z,729.08,731.47,729.08,729.82,95.56,
1789146000000,2026-09-11T17:00:00.000Z,729.82,730.29,728.25,728.52,134.65,
1789146900000,2026-09-11T17:15:00.000Z,728.52,730.14,727.8,729.66,154.44,
1789147800000,2026-09-11T17:30:00.000Z,729.66,730.12,726.48,727.11,107.78,
1789148700000,2026-09-11T17:45:00.000Z,727.11,727.76,725.7,726.89,44.06,
1789149600000,2026-09-11T18:00:00.000Z,726.89,727.33,719.21,722.62,1124.67,
1789150500000,2026-09-11T18:15:00.000Z,722.62,724.78,722.33,723.96,150.79,
1789151400000,2026-09-11T18:30:00.000Z,723.96,724.77,723.08,723.37,20.36,
1789152300000,2026-09-11T18:45:00.000Z,723.37,724.56,720.84,721.64,124.19,
1789153200000,2026-09-11T19:00:00.000Z,721.64,723.6,720.61,723.6,109.53,
1789154100000,2026-09-11T19:15:00.000Z,723.6,725.23,722.28,724.24,246.37,
1789155000000,2026-09-11T19:30:00.000Z,724.24,724.53,723.17,724.16,154.61,
1789155900000,2026-09-11T19:45:00.000Z,724.16,725.67,723.93,724.34,400.28,
1789156800000,2026-09-11T20:00:00.000Z,724.34,726.96,724.18,726.31,715.97,
1789157700000,2026-09-11T20:15:00.000Z,726.31,726.31,725.04,725.44,156.07,
1789158600000,2026-09-11T20:30:00.000Z,725.44,727.04,724.11,726.5,316.93,
1789159500000,2026-09-11T20:45:00.000Z,726.5,726.5,723.74,725.64,140.81,
1789160400000,2026-09-11T21:00:00.000Z,725.64,726.6,725.26,726.01,26.32,
1789161300000,2026-09-11T21:15:00.000Z,726.01,726.92,726.01,726.01,13.39,
1789162200000,2026-09-11T21:30:00.000Z,726.01,726.35,725.55,725.55,17.17,
1789163100000,2026-09-11T21:45:00.000Z,725.55,725.79,722.33,722.33,66.74,
1789164000000,2026-09-11T22:00:00.000Z,722.33,724.48,721.33,723.64,82,
1789164900000,2026-09-11T22:15:00.000Z,723.64,724.96,722.98,723.87,91.16,
1789165800000,2026-09-11T22:30:00.000Z,723.87,724.56,722.26,723.65,95,
1789166700000,2026-09-11T22:45:00.000Z,723.65,723.75,722.34,723.6,124.02,
1789167600000,2026-09-11T23:00:00.000Z,723.6,725.38,723.6,724.44,234,
1789168500000,2026-09-11T23:15:00.000Z,724.44,725.02,723.95,724.69,6.21,
1789169400000,2026-09-11T23:30:00.000Z,724.69,725.94,724.65,725.7,18.36,
1789170300000,2026-09-11T23:45:00.000Z,725.7,727.15,725.7,726.19,26.96,
1789171200000,2026-09-12T00:00:00.000Z,726.19,727.32,725.53,726.73,27.64,
1789172100000,2026-09-12T00:15:00.000Z,726.73,727.66,726.73,727.09,121.29,
1789173000000,2026-09-12T00:30:00.000Z,727.09,727.99,726.87,727.06,97.21,
1789173900000,2026-09-12T00:45:00.000Z,727.06,727.34,726.16,726.16,39.91,
1789174800000,2026-09-12T01:00:00.000Z,726.16,728.49,725.39,727.79,114.86,
1789175700000,2026-09-12T01:15:00.000Z,727.79,729.53,727.79,728.8,42.33,
1789176600000,2026-09-12T01:30:00.000Z,728.8,728.99,727.8,728.64,44.35,
1789177500000,2026-09-12T01:45:00.000Z,728.64,730.3,728.64,729.74,189.3,
1789178400000,2026-09-12T02:00:00.000Z,729.74,730.57,729.35,729.35,139.57,
1789179300000,2026-09-12T02:15:00.000Z,729.35,730.16,728.8,729.35,19.73,
1789180200000,2026-09-12T02:30:00.000Z,729.35,729.83,728.74,729.47,428.64,
1789181100000,2026-09-12T02:45:00.000Z,729.47,731.32,729.11,731.13,263.31,
1789182000000,2026-09-12T03:00:00.000Z,731.13,735,731.05,734.41,247.06,
1789182900000,2026-09-12T03:15:00.000Z,734.41,734.99,732.47,733.6,202.89,
1789183800000,2026-09-12T03:30:00.000Z,733.6,735.64,732.55,733.83,171.11,
1789184700000,2026-09-12T03:45:00.000Z,733.83,733.83,732.95,732.95,8.98,
1789185600000,2026-09-12T04:00:00.000Z,732.95,734.25,732.88,733.47,68.21,
1789186500000,2026-09-12T04:15:00.000Z,733.47,733.87,732.47,733.3,79.41,
1789187400000,2026-09-12T04:30:00.000Z,733.3,734.89,733.3,734.27,84.96,
1789188300000,2026-09-12T04:45:00.000Z,734.27,734.39,732.77,733.1,57.11,
1789189200000,2026-09-12T05:00:00.000Z,733.1,734.71,732.3,734.71,90.31,
1789190100000,2026-09-12T05:15:00.000Z,734.71,734.71,731.36,731.68,713.99,
1789191000000,2026-09-12T05:30:00.000Z,731.68,733.31,731.61,732.45,180.84,
1789191900000,2026-09-12T05:45:00.000Z,732.45,733.04,732.1,732.46,62.24,
1789192800000,2026-09-12T06:00:00.000Z,732.46,732.75,731.63,731.63,319.6,
1789193700000,2026-09-12T06:15:00.000Z,731.63,732.17,730.89,730.91,163.4,
1789194600000,2026-09-12T06:30:00.000Z,730.91,731.91,730.91,731.82,112.68,
1789195500000,2026-09-12T06:45:00.000Z,731.82,732.96,731.04,731.26,268.48,
1789196400000,2026-09-12T07:00:00.000Z,731.26,732.76,731.23,732.76,40.24,
1789197300000,2026-09-12T07:15:00.000Z,732.76,733.68,732.76,733.09,111.28,
1789198200000,2026-09-12T07:30:00.000Z,733.09,733.82,732.57,733.44,27.57,
1789199100000,2026-09-12T07:45:00.000Z,733.44,734.14,733.06,733.07,27.03,
1789200000000,2026-09-12T08:00:00.000Z,733.07,734.16,732.64,733.54,54.79,
1789200900000,2026-09-12T08:15:00.000Z,733.54,734.51,732.67,732.83,81.34,
1789201800000,2026-09-12T08:30:00.000Z,732.83,733.88,732.03,733.88,58.72,
1789202700000,2026-09-12T08:45:00.000Z,733.88,734.51,733.74,734.49,59.87,
1789203600000,2026-09-12T09:00:00.000Z,734.49,734.99,734.12,734.89,107.75,
1789204500000,2026-09-12T09:15:00.000Z,734.89,735.18,734.29,734.89,263.94,
1789205400000,2026-09-12T09:30:00.000Z,734.89,736.37,734.68,734.73,247.61,
1789206300000,2026-09-12T09:45:00.000Z,734.73,734.96,734,734.76,61.66,
1789207200000,2026-09-12T10:00:00.000Z,734.76,736.22,734.76,735.74,28.41,
1789208100000,2026-09-12T10:15:00.000Z,735.74,738,735.61,737.57,103.88,
1789209000000,2026-09-12T10:30:00.000Z,737.57,738.79,736.44,738.35,92.4,
1789209900000,2026-09-12T10:45:00.000Z,738.35,739.72,737.2,737.29,240.22,
1789210800000,2026-09-12T11:00:00.000Z,737.29,737.63,736.28,736.55,74.14,
1789211700000,2026-09-12T11:15:00.000Z,736.55,736.55,735.56,735.84,51.02,
1789212600000,2026-09-12T11:30:00.000Z,735.84,736.28,735.56,735.56,75.4,
1789213500000,2026-09-12T11:45:00.000Z,735.56,736.09,735.39,736.08,77.02,
1789214400000,2026-09-12T12:00:00.000Z,736.08,736.58,735.59,735.83,89.01,
1789215300000,2026-09-12T12:15:00.000Z,735.83,735.98,734.99,735.34,106.36,
1789216200000,2026-09-12T12:30:00.000Z,735.34,736.84,735.34,735.81,50.37,
1789217100000,2026-09-12T12:45:00.000Z,735.81,736.22,735.05,735.68,47.61,
1789218000000,2026-09-12T13:00:00.000Z,735.68,736.46,734.67,734.88,102.71,
1789218900000,2026-09-12T13:15:00.000Z,734.88,735.41,734.18,735.29,67.85,
1789219800000,2026-09-12T13:30:00.000Z,735.29,735.81,734.64,735.4,132.05,
1789220700000,2026-09-12T13:45:00.000Z,735.4,736.04,734.76,736.04,60.08,
1789221600000,2026-09-12T14:00:00.000Z,736.04,736.13,735.26,735.47,41.36,
1789222500000,2026-09-12T14:15:00.000Z,735.47,735.61,734.3,734.75,62.64,
1789223400000,2026-09-12T14:30:00.000Z,734.75,735.18,734.05,734.58,113.52,
1789224300000,2026-09-12T14:45:00.000Z,734.58,734.79,733.93,734.31,32.73,
1789225200000,2026-09-12T15:00:00.000Z,734.31,736.28,734.31,736.18,71.33,
1789226100000,2026-09-12T15:15:00.000Z,736.18,736.41,735.78,735.95,33.86,
1789227000000,2026-09-12T15:30:00.000Z,735.95,735.95,734.54,735.13,60.89,
1789227900000,2026-09-12T15:45:00.000Z,735.13,735.23,734.4,734.49,54.26,
1789228800000,2026-09-12T16:00:00.000Z,734.49,734.57,733.31,733.71,66.87,
1789229700000,2026-09-12T16:15:00.000Z,733.71,733.88,733.28,733.28,5.01,
1789230600000,2026-09-12T16:30:00.000Z,733.28,733.55,731.61,731.73,136.11,
1789231500000,2026-09-12T16:45:00.000Z,731.73,731.84,731.15,731.38,39.68,
1789232400000,2026-09-12T17:00:00.000Z,731.38,731.77,731.09,731.45,29.31,
1789233300000,2026-09-12T17:15:00.000Z,731.45,731.64,730.52,730.69,85.47,
1789234200000,2026-09-12T17:30:00.000Z,730.69,730.76,729.8,730.29,90.56,
1789235100000,2026-09-12T17:45:00.000Z,730.29,730.31,729.64,730.2,12,
1789236000000,2026-09-12T18:00:00.000Z,730.2,730.25,729.74,729.77,47.34,
1789236900000,2026-09-12T18:15:00.000Z,729.77,730.21,729.61,730.06,42.31,
1789237800000,2026-09-12T18:30:00.000Z,730.06,730.28,728.66,728.88,137.84,
1789238700000,2026-09-12T18:45:00.000Z,728.88,729.01,728.3,728.64,24.33,
1789239600000,2026-09-12T19:00:00.000Z,728.64,728.87,727.11,727.59,63.81,
1789240500000,2026-09-12T19:15:00.000Z,727.59,727.59,724.62,725.12,521.91,
1789241400000,2026-09-12T19:30:00.000Z,725.12,725.39,724.62,724.93,174.84,
1789242300000,2026-09-12T19:45:00.000Z,724.93,725.98,724.93,725.56,8.54,
1789243200000,2026-09-12T20:00:00.000Z,725.56,726.49,725.3,726.2,63.75,
1789244100000,2026-09-12T20:15:00.000Z,726.2,726.26,725.69,726.26,15.93,
1789245000000,2026-09-12T20:30:00.000Z,726.26,726.75,726.06,726.32,49.1,
1789245900000,2026-09-12T20:45:00.000Z,726.32,726.51,725.77,725.95,8.75,
1789246800000,2026-09-12T21:00:00.000Z,725.95,726.81,725.78,726.09,57.27,
1789247700000,2026-09-12T21:15:00.000Z,726.09,726.28,725.89,726.28,9.02,
1789248600000,2026-09-12T21:30:00.000Z,726.28,726.69,726.24,726.64,22.14,
1789249500000,2026-09-12T21:45:00.000Z,726.64,726.64,725.87,726.04,15.2,
1789250400000,2026-09-12T22:00:00.000Z,726.04,726.37,725.38,725.92,42.41,
1789251300000,2026-09-12T22:15:00.000Z,725.92,726.76,725.23,725.23,20.59,
1789252200000,2026-09-12T22:30:00.000Z,725.23,725.54,724.89,725.26,40.96,
1789253100000,2026-09-12T22:45:00.000Z,725.26,725.72,725.23,725.72,32.11,
1789254000000,2026-09-12T23:00:00.000Z,725.72,726.52,725.58,726.41,22.84,
1789254900000,2026-09-12T23:15:00.000Z,726.41,726.76,726.32,726.44,23.35,
1789255800000,2026-09-12T23:30:00.000Z,726.44,726.89,726.15,726.87,181,
1789256700000,2026-09-12T23:45:00.000Z,726.87,727.39,726.84,727.06,13.51,
1789257600000,2026-09-13T00:00:00.000Z,727.06,727.44,726.69,726.75,34.35,
1789258500000,2026-09-13T00:15:00.000Z,726.75,727.3,726.5,727.08,93.65,
1789259400000,2026-09-13T00:30:00.000Z,727.08,727.08,726.37,726.45,19.28,
1789260300000,2026-09-13T00:45:00.000Z,726.45,727.52,726.45,727.46,24.55,
1789261200000,2026-09-13T01:00:00.000Z,727.46,728.67,727.41,728.24,183.36,
1789262100000,2026-09-13T01:15:00.000Z,728.24,729.32,727.95,728.45,95.81,
1789263000000,2026-09-13T01:30:00.000Z,728.45,729.23,728.07,728.61,116.17,
1789263900000,2026-09-13T01:45:00.000Z,728.61,728.72,727.71,727.74,62.4,
1789264800000,2026-09-13T02:00:00.000Z,727.74,727.96,727.42,727.73,146.97,
1789265700000,2026-09-13T02:15:00.000Z,727.73,728.35,727.73,727.92,21.38,
1789266600000,2026-09-13T02:30:00.000Z,727.92,728.49,727.12,727.83,62.06,
1789267500000,2026-09-13T02:45:00.000Z,727.83,727.83,727.25,727.4,25.66,
1789268400000,2026-09-13T03:00:00.000Z,727.4,727.98,727.14,727.5,38.41,
1789269300000,2026-09-13T03:15:00.000Z,727.5,728.17,727.04,727.36,93.42,
1789270200000,2026-09-13T03:30:00.000Z,727.36,727.36,726.61,727.24,34.05,
1789271100000,2026-09-13T03:45:00.000Z,727.24,727.24,726.43,726.43,26.93,
1789272000000,2026-09-13T04:00:00.000Z,726.43,726.47,725.83,725.92,49.47,
1789272900000,2026-09-13T04:15:00.000Z,725.92,726.87,725.92,726.5,104.38,
1789273800000,2026-09-13T04:30:00.000Z,726.5,726.66,725.87,726.08,25.22,
1789274700000,2026-09-13T04:45:00.000Z,726.08,726.08,725.76,725.76,15.57,
1789275600000,2026-09-13T05:00:00.000Z,725.76,726.1,725.66,725.84,42.99,
1789276500000,2026-09-13T05:15:00.000Z,725.84,725.84,725.1,725.58,110.02,
1789277400000,2026-09-13T05:30:00.000Z,725.58,725.84,725.52,725.53,48.06,
1789278300000,2026-09-13T05:45:00.000Z,725.53,725.77,725.48,725.77,28.09,
1789279200000,2026-09-13T06:00:00.000Z,725.77,725.77,725.39,725.4,31.7,
1789280100000,2026-09-13T06:15:00.000Z,725.4,725.42,723.24,723.4,271.12,
1789281000000,2026-09-13T06:30:00.000Z,723.4,723.4,722.48,722.99,185.69,
1789281900000,2026-09-13T06:45:00.000Z,722.99,723.11,720.89,721.27,114.37,
1789282800000,2026-09-13T07:00:00.000Z,721.27,722.13,720.98,722.01,272.23,
1789283700000,2026-09-13T07:15:00.000Z,722.01,722.93,721.88,722.26,37.44,
1789284600000,2026-09-13T07:30:00.000Z,722.26,722.82,721.94,722.48,82.48,
1789285500000,2026-09-13T07:45:00.000Z,722.48,722.48,721.49,721.57,95.42,
1789286400000,2026-09-13T08:00:00.000Z,721.57,721.98,721,721.64,58.3,
1789287300000,2026-09-13T08:15:00.000Z,721.64,721.64,720.34,720.36,84.98,
1789288200000,2026-09-13T08:30:00.000Z,720.36,720.36,717,717.02,705.52,
1789289100000,2026-09-13T08:45:00.000Z,717.02,718.28,716.74,717.57,171.3,
1789290000000,2026-09-13T09:00:00.000Z,717.57,718.42,717.14,717.62,110.79,
1789290900000,2026-09-13T09:15:00.000Z,717.62,717.62,714.67,714.79,382.94,
1789291800000,2026-09-13T09:30:00.000Z,714.79,716.71,713.97,715.48,172.39,
1789292700000,2026-09-13T09:45:00.000Z,715.48,716.23,715.33,716.23,166.13,
1789293600000,2026-09-13T10:00:00.000Z,716.23,716.23,715.56,715.86,34.97,
1789294500000,2026-09-13T10:15:00.000Z,715.86,715.91,715.01,715.27,55.73,
1789295400000,2026-09-13T10:30:00.000Z,715.27,716.02,714.08,714.25,79.91,
1789296300000,2026-09-13T10:45:00.000Z,714.25,714.86,713.85,714.64,67.08,
1789297200000,2026-09-13T11:00:00.000Z,714.64,715.22,713.6,714.24,177.67,
1789298100000,2026-09-13T11:15:00.000Z,714.24,715.06,713.86,714.72,99.54,
1789299000000,2026-09-13T11:30:00.000Z,714.72,716.06,714.72,716.06,144.46,
1789299900000,2026-09-13T11:45:00.000Z,716.06,716.51,715.84,715.89,82.38,
1789300800000,2026-09-13T12:00:00.000Z,715.89,716.02,715.55,716,71.84,
1789301700000,2026-09-13T12:15:00.000Z,716,716.51,716,716.09,66.5,
1789302600000,2026-09-13T12:30:00.000Z,716.09,716.36,715,715,95.1,
1789303500000,2026-09-13T12:45:00.000Z,715,715.33,714.66,715.16,28.13,
1789304400000,2026-09-13T13:00:00.000Z,715.16,715.45,714.77,715.24,83.17,
1789305300000,2026-09-13T13:15:00.000Z,715.24,715.24,712.58,713.05,207.01,
1789306200000,2026-09-13T13:30:00.000Z,713.05,715.96,713.05,715.93,175.84,
1789307100000,2026-09-13T13:45:00.000Z,715.93,718,715.93,717.66,604.28,
1789308000000,2026-09-13T14:00:00.000Z,717.66,718.85,717.64,718.81,84.25,
1789308900000,2026-09-13T14:15:00.000Z,718.81,719.44,718.6,718.98,52.99,
1789309800000,2026-09-13T14:30:00.000Z,718.98,719.74,718.53,719.12,134.75,
1789310700000,2026-09-13T14:45:00.000Z,719.12,719.36,717.64,718.02,87.91,
1789311600000,2026-09-13T15:00:00.000Z,718.02,718.21,716.87,717.1,69.75,
1789312500000,2026-09-13T15:15:00.000Z,717.1,718.9,716.88,717.7,89.66,
1789313400000,2026-09-13T15:30:00.000Z,717.7,719.16,717.54,719.08,43.6,
1789314300000,2026-09-13T15:45:00.000Z,719.08,719.08,718.13,718.23,19.95,
1789315200000,2026-09-13T16:00:00.000Z,718.23,720.95,718.23,720.42,213.8,
1789316100000,2026-09-13T16:15:00.000Z,720.42,720.67,719.84,720.6,85.3,
1789317000000,2026-09-13T16:30:00.000Z,720.6,720.73,719.93,720.61,18.58,
1789317900000,2026-09-13T16:45:00.000Z,720.61,720.87,720,720.53,14.48,
1789318800000,2026-09-13T17:00:00.000Z,720.53,721.77,720.47,720.96,142.49,
1789319700000,2026-09-13T17:15:00.000Z,720.96,721.15,720.51,720.98,26.67,
1789320600000,2026-09-13T17:30:00.000Z,720.98,720.98,720.3,720.55,29.03,
1789321500000,2026-09-13T17:45:00.000Z,720.55,721.22,720.55,720.67,67.66,
1789322400000,2026-09-13T18:00:00.000Z,720.67,720.89,720.45,720.76,25.34,
1789323300000,2026-09-13T18:15:00.000Z,720.76,721.24,720.32,720.88,23.73,
1789324200000,2026-09-13T18:30:00.000Z,720.88,721.32,720.54,720.7,33.02,
1789325100000,2026-09-13T18:45:00.000Z,720.7,721.79,720.7,721.65,59.09,
1789326000000,2026-09-13T19:00:00.000Z,721.65,722.55,721.14,721.14,30.64,
1789326900000,2026-09-13T19:15:00.000Z,721.14,721.14,720.22,720.9,8.12,
1789327800000,2026-09-13T19:30:00.000Z,720.9,720.99,720.49,720.88,12.68,
1789328700000,2026-09-13T19:45:00.000Z,720.88,720.99,720.44,720.44,19.26,
1789329600000,2026-09-13T20:00:00.000Z,720.44,721.11,720.44,721.05,11.04,
1789330500000,2026-09-13T20:15:00.000Z,721.05,721.54,720.85,721.43,20.43,
1789331400000,2026-09-13T20:30:00.000Z,721.43,722.14,721.43,722.09,26.23,
1789332300000,2026-09-13T20:45:00.000Z,722.09,722.36,721.33,721.87,160.22,
1789333200000,2026-09-13T21:00:00.000Z,721.87,722.06,721.44,721.92,13.28,
1789334100000,2026-09-13T21:15:00.000Z,721.92,722.35,721.92,722.09,3.28,
1789335000000,2026-09-13T21:30:00.000Z,722.09,722.09,721.69,721.82,17.8,
1789335900000,2026-09-13T21:45:00.000Z,721.82,721.94,721.46,721.65,130.95,
1789336800000,2026-09-13T22:00:00.000Z,721.65,721.65,717.34,717.73,340.99,
1789337700000,2026-09-13T22:15:00.000Z,717.73,717.9,714.69,715.86,77.36,
1789338600000,2026-09-13T22:30:00.000Z,715.86,717.1,714.85,715.1,23.07,
1789339500000,2026-09-13T22:45:00.000Z,715.1,716.24,714.67,715.29,212.41,
1789340400000,2026-09-13T23:00:00.000Z,715.29,716.62,715.29,716.07,78.44,
1789341300000,2026-09-13T23:15:00.000Z,716.07,716.43,714.94,715.77,29.39,
1789342200000,2026-09-13T23:30:00.000Z,715.77,716.65,715.19,716.12,93.49,
1789343100000,2026-09-13T23:45:00.000Z,716.12,716.54,715.67,715.8,423.1,
1789344000000,2026-09-14T00:00:00.000Z,715.8,717.77,715.41,716.61,281.81,
1789344900000,2026-09-14T00:15:00.000Z,716.61,717.41,713.26,713.74,80.2,
1789345800000,2026-09-14T00:30:00.000Z,713.74,719.34,713.74,719.34,350.87,
1789346700000,2026-09-14T00:45:00.000Z,719.34,719.92,718.27,718.27,44.99,
1789347600000,2026-09-14T01:00:00.000Z,718.27,719.41,717.73,718.01,51.5,
1789348500000,2026-09-14T01:15:00.000Z,718.01,718.01,715.03,717.05,182.81,
1789349400000,2026-09-14T01:30:00.000Z,717.05,717.36,714.17,716.4,83.87,
1789350300000,2026-09-14T01:45:00.000Z,716.4,719.85,716.09,719.78,94.52,
1789351200000,2026-09-14T02:00:00.000Z,719.78,722.17,718.41,721.03,559.26,
1789352100000,2026-09-14T02:15:00.000Z,721.03,723.99,720.61,723.02,212.63,
1789353000000,2026-09-14T02:30:00.000Z,723.02,723.92,721.84,722.04,28.09,
1789353900000,2026-09-14T02:45:00.000Z,722.04,724.27,722.04,723.09,95.27,
1789354800000,2026-09-14T03:00:00.000Z,723.09,724.73,723.04,724.01,77.8,
1789355700000,2026-09-14T03:15:00.000Z,724.01,724.41,723.44,723.68,11.45,
1789356600000,2026-09-14T03:30:00.000Z,723.68,723.68,721.1,721.1,53.05,
1789357500000,2026-09-14T03:45:00.000Z,721.1,721.94,721,721.94,25.11,
1789358400000,2026-09-14T04:00:00.000Z,721.94,722.87,721.84,722.52,26.14,
1789359300000,2026-09-14T04:15:00.000Z,722.52,723.31,722.02,722.02,32.26,
1789360200000,2026-09-14T04:30:00.000Z,722.02,723.03,722.02,722.68,61.91,
1789361100000,2026-09-14T04:45:00.000Z,722.68,725.42,722.68,723.93,102.4,
1789362000000,2026-09-14T05:00:00.000Z,723.93,724.57,723.61,724.57,66.19,
1789362900000,2026-09-14T05:15:00.000Z,724.57,725.25,723.97,724.24,145.06,
1789363800000,2026-09-14T05:30:00.000Z,724.24,725.38,724.19,724.67,176.6,
1789364700000,2026-09-14T05:45:00.000Z,724.67,724.73,723.72,724.61,22.66,
1789365600000,2026-09-14T06:00:00.000Z,724.61,725.97,724.19,725.11,101.38,
1789366500000,2026-09-14T06:15:00.000Z,725.11,725.11,722.81,723.04,100.08,
1789367400000,2026-09-14T06:30:00.000Z,723.04,723.92,721.78,723.78,123.58,
1789368300000,2026-09-14T06:45:00.000Z,723.78,723.78,722.71,722.91,48.21,
1789369200000,2026-09-14T07:00:00.000Z,722.91,724.19,722.22,723.6,131.81,
1789370100000,2026-09-14T07:15:00.000Z,723.6,724.37,723.43,723.66,67.66,
1789371000000,2026-09-14T07:30:00.000Z,723.66,724.39,723.26,724.13,34.31,
1789371900000,2026-09-14T07:45:00.000Z,724.13,724.57,723.62,724.57,39.04,
1789372800000,2026-09-14T08:00:00.000Z,724.57,724.75,723.26,723.85,175.41,
1789373700000,2026-09-14T08:15:00.000Z,723.85,725.43,723.24,723.5,111.16,
1789374600000,2026-09-14T08:30:00.000Z,723.5,724.19,723.1,723.73,43.48,
1789375500000,2026-09-14T08:45:00.000Z,723.73,723.87,722.91,723.25,50.75,
1789376400000,2026-09-14T09:00:00.000Z,723.25,724.04,722.23,722.27,204.38,
1789377300000,2026-09-14T09:15:00.000Z,722.27,722.54,721.28,722.54,143.06,
1789378200000,2026-09-14T09:30:00.000Z,722.54,723.55,722.13,723.09,141.82,
1789379100000,2026-09-14T09:45:00.000Z,723.09,727.9,723.09,724.03,545.23,
1789380000000,2026-09-14T10:00:00.000Z,724.03,724.81,723.01,723.07,167.78,
1789380900000,2026-09-14T10:15:00.000Z,723.07,723.24,722.22,722.86,66.21,
1789381800000,2026-09-14T10:30:00.000Z,722.86,723.23,721.77,722.97,121.29,
1789382700000,2026-09-14T10:45:00.000Z,722.97,723.41,722.09,722.17,62.45,
1789383600000,2026-09-14T11:00:00.000Z,722.17,722.72,720.14,720.85,293.83,
1789384500000,2026-09-14T11:15:00.000Z,720.85,721.88,720.82,721.88,22.54,
1789385400000,2026-09-14T11:30:00.000Z,721.88,721.96,720.79,721.65,74.18,
1789386300000,2026-09-14T11:45:00.000Z,721.65,721.73,720.55,721.35,79.03,
1789387200000,2026-09-14T12:00:00.000Z,721.35,721.69,720.72,721.69,104.63,
1789388100000,2026-09-14T12:15:00.000Z,721.69,722.33,721.49,722.01,46.66,
1789389000000,2026-09-14T12:30:00.000Z,722.01,722.57,720.23,721.43,117.22,
1789389900000,2026-09-14T12:45:00.000Z,721.43,721.51,719.13,719.28,208.81,
1789390800000,2026-09-14T13:00:00.000Z,719.28,719.32,716.37,718.19,254.89,
1789391700000,2026-09-14T13:15:00.000Z,718.19,719.64,718.18,719.38,114.28,
1789392600000,2026-09-14T13:30:00.000Z,719.38,722.3,718.83,721.1,203.7,
1789393500000,2026-09-14T13:45:00.000Z,721.1,722.7,719.43,720.05,141.5,
1789394400000,2026-09-14T14:00:00.000Z,720.05,722.7,720,722.28,54.25,
1789395300000,2026-09-14T14:15:00.000Z,722.28,722.7,719.07,720.69,78.64,
1789396200000,2026-09-14T14:30:00.000Z,720.69,723.11,720.12,720.57,92.56,
1789397100000,2026-09-14T14:45:00.000Z,720.57,722.28,720.38,720.89,80.12,
1789398000000,2026-09-14T15:00:00.000Z,720.89,721.28,719.24,721.19,101.23,
1789398900000,2026-09-14T15:15:00.000Z,721.19,721.77,720.58,721,396.04,
1789399800000,2026-09-14T15:30:00.000Z,721,722.39,719.79,722.06,1404.31,
1789400700000,2026-09-14T15:45:00.000Z,722.06,722.5,720.94,721.82,53.91,
1789401600000,2026-09-14T16:00:00.000Z,721.82,722.8,721.57,722.34,102.27,
1789402500000,2026-09-14T16:15:00.000Z,722.34,725.5,722.34,723.44,378.74,
1789403400000,2026-09-14T16:30:00.000Z,723.44,724.04,723.08,723.44,100.37,
1789404300000,2026-09-14T16:45:00.000Z,723.44,726.09,723.44,724.5,334.99,
1789405200000,2026-09-14T17:00:00.000Z,724.5,724.68,723.36,724.68,38.81,
1789406100000,2026-09-14T17:15:00.000Z,724.68,725.42,723.9,724.73,45.15,
1789407000000,2026-09-14T17:30:00.000Z,724.73,724.73,723.34,724.49,46.7,
1789407900000,2026-09-14T17:45:00.000Z,724.49,726.81,724.45,725.87,277.91,
1789408800000,2026-09-14T18:00:00.000Z,725.87,726.68,725.55,725.7,71.41,
1789409700000,2026-09-14T18:15:00.000Z,725.7,727.28,725.41,727.01,60.35,
1789410600000,2026-09-14T18:30:00.000Z,727.01,727.61,726.41,727.15,57.52,
1789411500000,2026-09-14T18:45:00.000Z,727.15,728.11,726.72,727.05,125.73,
1789412400000,2026-09-14T19:00:00.000Z,727.05,727.05,725.17,725.52,730.27,
1789413300000,2026-09-14T19:15:00.000Z,725.52,726.29,725.23,725.63,21.68,
1789414200000,2026-09-14T19:30:00.000Z,725.63,725.94,724.71,725.94,27.61,
1789415100000,2026-09-14T19:45:00.000Z,725.94,726.41,724.44,724.91,34.79,
1789416000000,2026-09-14T20:00:00.000Z,724.91,729.28,724.91,728.11,157.74,
1789416900000,2026-09-14T20:15:00.000Z,728.11,733.15,728.11,731.15,280.53,
1789417800000,2026-09-14T20:30:00.000Z,731.15,731.31,728.88,728.99,149.45,
1789418700000,2026-09-14T20:45:00.000Z,728.99,729.66,726.22,726.39,75.45,
1789419600000,2026-09-14T21:00:00.000Z,726.39,726.48,723.2,723.46,209.15,
1789420500000,2026-09-14T21:15:00.000Z,723.46,725.02,723.17,723.74,49.9,
1789421400000,2026-09-14T21:30:00.000Z,723.74,724.17,722.66,723.48,84.22,
1789422300000,2026-09-14T21:45:00.000Z,723.48,723.5,722.92,723,7.21,
1789423200000,2026-09-14T22:00:00.000Z,723,724.2,722.17,723.82,52.39,
1789424100000,2026-09-14T22:15:00.000Z,723.82,724,722.25,722.84,67.01,
1789425000000,2026-09-14T22:30:00.000Z,722.84,723.52,721.78,723.5,80.65,
1789425900000,2026-09-14T22:45:00.000Z,723.5,723.5,716.41,721.96,3139.58,
1789426800000,2026-09-14T23:00:00.000Z,721.96,722.09,719.1,720.68,425.68,
1789427700000,2026-09-14T23:15:00.000Z,720.68,721.99,720.68,721.35,138.18,
1789428600000,2026-09-14T23:30:00.000Z,721.35,721.35,720.2,720.96,23.29,
1789429500000,2026-09-14T23:45:00.000Z,720.96,720.96,718.54,719.94,569.36,
1789430400000,2026-09-15T00:00:00.000Z,719.94,719.94,718.49,718.57,249.08,
1789431300000,2026-09-15T00:15:00.000Z,718.57,719.3,718.52,718.84,41.22,
1789432200000,2026-09-15T00:30:00.000Z,718.84,718.84,718.01,718.48,38.95,
1789433100000,2026-09-15T00:45:00.000Z,718.48,718.79,718.08,718.56,18.28,
1789434000000,2026-09-15T01:00:00.000Z,718.56,718.97,717.33,718.73,144.68,
1789434900000,2026-09-15T01:15:00.000Z,718.73,720.4,718.47,718.6,172.99,
1789435800000,2026-09-15T01:30:00.000Z,718.6,719.81,718.38,719.79,112.48,
1789436700000,2026-09-15T01:45:00.000Z,719.79,720.67,719.16,719.58,574.05,
1789437600000,2026-09-15T02:00:00.000Z,719.58,720.33,719.32,719.83,78.04,
1789438500000,2026-09-15T02:15:00.000Z,719.83,720.78,719.67,719.9,82.52,
1789439400000,2026-09-15T02:30:00.000Z,719.9,719.98,719.24,719.98,137.42,
1789440300000,2026-09-15T02:45:00.000Z,719.98,721.78,719.66,721.31,360.76,
1789441200000,2026-09-15T03:00:00.000Z,721.31,721.31,718.81,718.83,334.14,
1789442100000,2026-09-15T03:15:00.000Z,718.83,721.1,718.6,720.63,80.35,
1789443000000,2026-09-15T03:30:00.000Z,720.63,721.77,720.63,721.67,55.7,
1789443900000,2026-09-15T03:45:00.000Z,721.67,721.82,720.24,720.69,98.88,
1789444800000,2026-09-15T04:00:00.000Z,720.69,720.99,720.16,720.2,66.69,
1789445700000,2026-09-15T04:15:00.000Z,720.2,721.07,719.38,719.56,80.82,
1789446600000,2026-09-15T04:30:00.000Z,719.56,720.2,719.37,720.2,148.43,
1789447500000,2026-09-15T04:45:00.000Z,720.2,720.43,719.87,719.99,41.31,
1789448400000,2026-09-15T05:00:00.000Z,719.99,720.74,717.99,718.62,101.33,
1789449300000,2026-09-15T05:15:00.000Z,718.62,719.24,717.9,718.99,171.4,
1789450200000,2026-09-15T05:30:00.000Z,718.99,719.91,718.91,719.82,39.62,
1789451100000,2026-09-15T05:45:00.000Z,719.82,721.73,719.8,721.22,143.3,
1789452000000,2026-09-15T06:00:00.000Z,721.22,723.08,721.06,721.35,164.57,
1789452900000,2026-09-15T06:15:00.000Z,721.35,721.35,718.8,718.92,196.74,
1789453800000,2026-09-15T06:30:00.000Z,718.92,719.23,718.01,718.73,124.22,
1789454700000,2026-09-15T06:45:00.000Z,718.73,718.81,717,717.9,272.41,
1789455600000,2026-09-15T07:00:00.000Z,717.9,718.53,716.75,717.01,200.67,
1789456500000,2026-09-15T07:15:00.000Z,717.01,717.71,716.88,717.46,108.3,
1789457400000,2026-09-15T07:30:00.000Z,717.46,717.46,715.56,715.56,143.31,
1789458300000,2026-09-15T07:45:00.000Z,715.56,716.16,714.26,714.57,183.1,
1789459200000,2026-09-15T08:00:00.000Z,714.57,714.93,713.45,714.86,607.63,
1789460100000,2026-09-15T08:15:00.000Z,714.86,715.95,714.12,715.61,223.46,
1789461000000,2026-09-15T08:30:00.000Z,715.61,716,715.01,715.84,89.14,
1789461900000,2026-09-15T08:45:00.000Z,715.84,716.99,715.84,716.99,79.43,
1789462800000,2026-09-15T09:00:00.000Z,716.99,716.99,716.26,716.32,37.77,
1789463700000,2026-09-15T09:15:00.000Z,716.32,716.84,716.13,716.53,44.06,
1789464600000,2026-09-15T09:30:00.000Z,716.53,716.96,715.95,716.9,77.97,
1789465500000,2026-09-15T09:45:00.000Z,716.9,718.11,716.9,717.14,311.77,
1789466400000,2026-09-15T10:00:00.000Z,717.14,717.98,716.86,717.73,114.25,
1789467300000,2026-09-15T10:15:00.000Z,717.73,718.67,717.43,717.6,124.81,
1789468200000,2026-09-15T10:30:00.000Z,717.6,718.94,717.29,718.85,102.46,
1789469100000,2026-09-15T10:45:00.000Z,718.85,719.77,718.63,718.76,157.49,
1789470000000,2026-09-15T11:00:00.000Z,718.76,719.77,718.54,718.6,54.15,
1789470900000,2026-09-15T11:15:00.000Z,718.6,718.91,717.44,717.54,45.46,
1789471800000,2026-09-15T11:30:00.000Z,717.54,717.63,716.92,717.32,115.9,
1789472700000,2026-09-15T11:45:00.000Z,717.32,718.36,717.08,718.36,88.08,
1789473600000,2026-09-15T12:00:00.000Z,718.36,718.85,717.49,717.79,146.08,
1789474500000,2026-09-15T12:15:00.000Z,717.79,718.78,717.5,718.37,75.74,
1789475400000,2026-09-15T12:30:00.000Z,718.37,718.55,717.63,718.52,88.58,
1789476300000,2026-09-15T12:45:00.000Z,718.52,720.95,718.21,719.76,221.74,
1789477200000,2026-09-15T13:00:00.000Z,719.76,721.74,719.65,720.02,335.56,
1789478100000,2026-09-15T13:15:00.000Z,720.02,720.54,719.67,720.54,43.41,
1789479000000,2026-09-15T13:30:00.000Z,720.54,720.54,714.47,717.6,403.45,
1789479900000,2026-09-15T13:45:00.000Z,717.6,719.88,716.03,719.88,235.25,
1789480800000,2026-09-15T14:00:00.000Z,719.88,720.93,718.47,719.35,125.69,
1789481700000,2026-09-15T14:15:00.000Z,719.35,720.05,717.81,718.49,125.74,
1789482600000,2026-09-15T14:30:00.000Z,718.49,718.49,714.01,715.55,509.97,
1789483500000,2026-09-15T14:45:00.000Z,715.55,715.72,710.62,714.97,909.83,
1789484400000,2026-09-15T15:00:00.000Z,714.97,717.51,714.28,716.88,244.18,
1789485300000,2026-09-15T15:15:00.000Z,716.88,719.23,716.56,718.36,98.56,
1789486200000,2026-09-15T15:30:00.000Z,718.36,719.04,717.23,718.66,61.94,
1789487100000,2026-09-15T15:45:00.000Z,718.66,718.94,717.82,718.24,39.56,
1789488000000,2026-09-15T16:00:00.000Z,718.24,718.24,715.8,715.8,94.55,
1789488900000,2026-09-15T16:15:00.000Z,715.8,719.23,715.78,719.09,183.66,
1789489800000,2026-09-15T16:30:00.000Z,719.09,719.32,717.73,717.94,86.66,
1789490700000,2026-09-15T16:45:00.000Z,717.94,720.24,717.94,719.04,62.27,
1789491600000,2026-09-15T17:00:00.000Z,719.04,719.04,716.92,717.66,42.55,
1789492500000,2026-09-15T17:15:00.000Z,717.66,720.19,717.39,720.07,115.76,
1789493400000,2026-09-15T17:30:00.000Z,720.07,724.63,719.95,721.43,1118.56,
1789494300000,2026-09-15T17:45:00.000Z,721.43,724.11,721.43,722.62,92.56,
1789495200000,2026-09-15T18:00:00.000Z,722.62,723.55,722.18,722.94,85.8,
1789496100000,2026-09-15T18:15:00.000Z,722.94,725.05,720.53,722.5,297,
1789497000000,2026-09-15T18:30:00.000Z,722.5,722.56,713.56,713.79,941.59,
1789497900000,2026-09-15T18:45:00.000Z,713.79,718.08,706.14,717.64,1585.34,
1789498800000,2026-09-15T19:00:00.000Z,717.64,720.93,716.5,719.71,442.69,
1789499700000,2026-09-15T19:15:00.000Z,719.71,722.16,718.72,719.08,329.84,
1789500600000,2026-09-15T19:30:00.000Z,719.08,719.88,717.24,717.24,153.77,
1789501500000,2026-09-15T19:45:00.000Z,717.24,719.16,716.92,719.05,49.16,
1789502400000,2026-09-15T20:00:00.000Z,719.05,719.83,715.77,716.19,140.03,
1789503300000,2026-09-15T20:15:00.000Z,716.19,716.26,713.51,713.55,218.08,
1789504200000,2026-09-15T20:30:00.000Z,713.55,714.21,711.46,713.97,172.63,
1789505100000,2026-09-15T20:45:00.000Z,713.97,716.04,713.97,714.56,99.25,
1789506000000,2026-09-15T21:00:00.000Z,714.56,714.96,712.8,714.14,90.23,
1789506900000,2026-09-15T21:15:00.000Z,714.14,714.35,711.61,711.63,57.63,
1789507800000,2026-09-15T21:30:00.000Z,711.63,713.33,711.21,713.27,74.03,
1789508700000,2026-09-15T21:45:00.000Z,713.27,713.27,709.86,710.38,66.85,
1789509600000,2026-09-15T22:00:00.000Z,710.38,712.22,709.42,709.9,97.88,
1789510500000,2026-09-15T22:15:00.000Z,709.9,711.58,708.15,711.17,522.29,
1789511400000,2026-09-15T22:30:00.000Z,711.17,712.85,711.16,712.55,185.6,
1789512300000,2026-09-15T22:45:00.000Z,712.55,714.11,712.37,712.91,259.95,
1789513200000,2026-09-15T23:00:00.000Z,712.91,714.79,712.85,714.76,88.28,
1789514100000,2026-09-15T23:15:00.000Z,714.76,715.08,713.62,713.62,155.84,
1789515000000,2026-09-15T23:30:00.000Z,713.62,713.62,711.29,712.42,126.61,
1789515900000,2026-09-15T23:45:00.000Z,712.42,712.93,711.62,711.67,61.74,
1789516800000,2026-09-16T00:00:00.000Z,711.67,714.27,711.52,714.09,82.69,
1789517700000,2026-09-16T00:15:00.000Z,714.09,715.31,713.92,714.82,90.15,
1789518600000,2026-09-16T00:30:00.000Z,714.82,715.58,713.23,713.41,33.18,
1789519500000,2026-09-16T00:45:00.000Z,713.41,714.29,712.98,713.76,75.69,
1789520400000,2026-09-16T01:00:00.000Z,713.76,714.4,712.56,713.47,100.41,
1789521300000,2026-09-16T01:15:00.000Z,713.47,714.32,712.9,713.65,45.97,
1789522200000,2026-09-16T01:30:00.000Z,713.65,713.66,709.91,710.68,347.82,
1789523100000,2026-09-16T01:45:00.000Z,710.68,711.14,708.28,708.28,160.55,
1789524000000,2026-09-16T02:00:00.000Z,708.28,710.13,707.65,709.53,269.97,
1789524900000,2026-09-16T02:15:00.000Z,709.53,712,709.5,712,41.87,
1789525800000,2026-09-16T02:30:00.000Z,712,714.22,712,713.6,156.05,
1789526700000,2026-09-16T02:45:00.000Z,713.6,713.77,711.52,712.25,77.86,
1789527600000,2026-09-16T03:00:00.000Z,712.25,714.5,712.25,714.5,120.11,
1789528500000,2026-09-16T03:15:00.000Z,714.5,715.26,714.19,714.23,166.45,
1789529400000,2026-09-16T03:30:00.000Z,714.23,714.23,712.48,713.35,93.57,
1789530300000,2026-09-16T03:45:00.000Z,713.35,713.71,712.95,713.65,11.6,
1789531200000,2026-09-16T04:00:00.000Z,713.65,715.08,713.59,714.31,39.37,
1789532100000,2026-09-16T04:15:00.000Z,714.31,715.3,713.89,714.04,208.69,
1789533000000,2026-09-16T04:30:00.000Z,714.04,715.59,713.3,714.76,86.31,
1789533900000,2026-09-16T04:45:00.000Z,714.76,715.05,714.12,714.77,47.42,
1789534800000,2026-09-16T05:00:00.000Z,714.77,714.95,712.64,713.89,59.88,
1789535700000,2026-09-16T05:15:00.000Z,713.89,714.99,713.67,713.84,84.89,
1789536600000,2026-09-16T05:30:00.000Z,713.84,715.12,713.3,714.83,86.2,
1789537500000,2026-09-16T05:45:00.000Z,714.83,715.09,713.91,714.54,59.97,
1789538400000,2026-09-16T06:00:00.000Z,714.54,714.92,713.68,714.12,70.87,
1789539300000,2026-09-16T06:15:00.000Z,714.12,714.12,712.76,712.82,18.3,
1789540200000,2026-09-16T06:30:00.000Z,712.82,712.97,711.17,711.84,30.61,
1789541100000,2026-09-16T06:45:00.000Z,711.84,713.86,711.84,713.77,37.12,
1789542000000,2026-09-16T07:00:00.000Z,713.77,714.36,711.54,711.55,46.92,
1789542900000,2026-09-16T07:15:00.000Z,711.55,712.8,711.55,711.93,106.46,
1789543800000,2026-09-16T07:30:00.000Z,711.93,711.93,708.96,709.24,671.22,
1789544700000,2026-09-16T07:45:00.000Z,709.24,709.99,708.74,709.13,48.4,
1789545600000,2026-09-16T08:00:00.000Z,709.13,709.13,706.16,706.42,456.45,
1789546500000,2026-09-16T08:15:00.000Z,706.42,707.17,703.6,704.4,469.01,
1789547400000,2026-09-16T08:30:00.000Z,704.4,705.92,704.13,705.63,83.94,
1789548300000,2026-09-16T08:45:00.000Z,705.63,706.93,704.98,706.56,85.04,
1789549200000,2026-09-16T09:00:00.000Z,706.56,708.31,706.44,708.14,117.32,
1789550100000,2026-09-16T09:15:00.000Z,708.14,710.09,707.48,709.58,63.43,
1789551000000,2026-09-16T09:30:00.000Z,709.58,710.08,709.11,709.83,31.03,
1789551900000,2026-09-16T09:45:00.000Z,709.83,710.51,709.56,710.07,180.19,
1789552800000,2026-09-16T10:00:00.000Z,710.07,710.79,709.64,710.06,239.07,
1789553700000,2026-09-16T10:15:00.000Z,710.06,711.21,710.06,711.06,91.98,
1789554600000,2026-09-16T10:30:00.000Z,711.06,711.28,710.48,711.2,51.74,
1789555500000,2026-09-16T10:45:00.000Z,711.2,711.27,710.58,710.81,6.78,
1789556400000,2026-09-16T11:00:00.000Z,710.81,711.68,710.59,710.66,182.74,
1789557300000,2026-09-16T11:15:00.000Z,710.66,712.3,710.52,711.91,117.38,
1789558200000,2026-09-16T11:30:00.000Z,711.91,715.2,711.91,715.01,306.26,
1789559100000,2026-09-16T11:45:00.000Z,715.01,715.21,713.68,713.83,151.27,
1789560000000,2026-09-16T12:00:00.000Z,713.83,714.09,712.55,712.84,241.81,
1789560900000,2026-09-16T12:15:00.000Z,712.84,713.58,712.55,712.77,91.31,
1789561800000,2026-09-16T12:30:00.000Z,712.77,713.09,711.36,712.47,238.96,
1789562700000,2026-09-16T12:45:00.000Z,712.47,713.12,711.58,712.17,91.62,
1789563600000,2026-09-16T13:00:00.000Z,712.17,712.3,710.01,711.32,88.1,
1789564500000,2026-09-16T13:15:00.000Z,711.32,712.12,711.16,711.62,73.75,
1789565400000,2026-09-16T13:30:00.000Z,711.62,711.85,709.64,711.36,946.15,
1789566300000,2026-09-16T13:45:00.000Z,711.36,712.67,710.38,710.58,235.15,
1789567200000,2026-09-16T14:00:00.000Z,710.58,710.62,708.73,709.39,87.45,
1789568100000,2026-09-16T14:15:00.000Z,709.39,711.35,709.38,711.35,346.69,
1789569000000,2026-09-16T14:30:00.000Z,711.35,711.35,709.3,709.94,127.87,
1789569900000,2026-09-16T14:45:00.000Z,709.94,710.17,707.72,708.82,120.79,
1789570800000,2026-09-16T15:00:00.000Z,708.82,710.9,708.82,710.54,76.92,
1789571700000,2026-09-16T15:15:00.000Z,710.54,711.16,709.18,709.18,39.96,
1789572600000,2026-09-16T15:30:00.000Z,709.18,711.4,708.31,711.01,41.47,
1789573500000,2026-09-16T15:45:00.000Z,711.01,713.09,710.83,711.09,149.74,
1789574400000,2026-09-16T16:00:00.000Z,711.09,712.3,710.26,711.93,141.92,
1789575300000,2026-09-16T16:15:00.000Z,711.93,713.08,711.69,712.07,46.09,
1789576200000,2026-09-16T16:30:00.000Z,712.07,712.65,711.19,711.21,35.23,
1789577100000,2026-09-16T16:45:00.000Z,711.21,713.33,711.21,712.89,87.36,
1789578000000,2026-09-16T17:00:00.000Z,712.89,712.89,711.77,712.48,89.22,
1789578900000,2026-09-16T17:15:00.000Z,712.48,713.29,712.08,712.8,34.94,
1789579800000,2026-09-16T17:30:00.000Z,712.8,713.01,709.82,710.49,71.68,
1789580700000,2026-09-16T17:45:00.000Z,710.49,713.87,708.22,712.83,502.15,
1789581600000,2026-09-16T18:00:00.000Z,712.83,720.77,710.06,714.85,1536.71,
1789582500000,2026-09-16T18:15:00.000Z,714.85,718.28,714.85,718.08,356.31,
1789583400000,2026-09-16T18:30:00.000Z,718.08,720.57,710.12,717.94,732.53,
1789584300000,2026-09-16T18:45:00.000Z,717.94,718.4,713.65,714.97,177.71,
1789585200000,2026-09-16T19:00:00.000Z,714.97,719.12,714.97,716.95,275.7,
1789586100000,2026-09-16T19:15:00.000Z,716.95,717.58,712.05,714.28,103.03,
1789587000000,2026-09-16T19:30:00.000Z,714.28,717.85,714.03,717.84,126.15,
1789587900000,2026-09-16T19:45:00.000Z,717.84,719.41,717.84,718.58,74.08,
1789588800000,2026-09-16T20:00:00.000Z,718.58,721.28,718.37,719.04,388.56,
1789589700000,2026-09-16T20:15:00.000Z,719.04,720.77,718.28,719.28,149.59,
1789590600000,2026-09-16T20:30:00.000Z,719.28,720.4,718.26,718.57,103.34,
1789591500000,2026-09-16T20:45:00.000Z,718.57,720.02,718.38,719.85,153.56,
1789592400000,2026-09-16T21:00:00.000Z,719.85,720.35,719.33,719.55,54.54,
1789593300000,2026-09-16T21:15:00.000Z,719.55,720.61,719.3,719.79,46.07,
1789594200000,2026-09-16T21:30:00.000Z,719.79,720.27,718.85,719.48,48.94,
1789595100000,2026-09-16T21:45:00.000Z,719.48,720.43,719.23,720.33,92.17,
1789596000000,2026-09-16T22:00:00.000Z,720.33,720.64,717.59,719.28,224.84,
1789596900000,2026-09-16T22:15:00.000Z,719.28,720.21,717.99,718.81,31.49,
1789597800000,2026-09-16T22:30:00.000Z,718.81,719.06,718.12,719.06,30.45,
1789598700000,2026-09-16T22:45:00.000Z,719.06,719.3,717.78,718.46,58.25,
1789599600000,2026-09-16T23:00:00.000Z,718.46,719.73,717.93,719.66,158.96,
1789600500000,2026-09-16T23:15:00.000Z,719.66,723.79,719.66,723.35,375.84,
1789601400000,2026-09-16T23:30:00.000Z,723.35,726.11,723.35,725.7,351.23,
1789602300000,2026-09-16T23:45:00.000Z,725.7,726.29,724.48,725.36,81.46,
1789603200000,2026-09-17T00:00:00.000Z,725.36,726.37,724.92,725.41,88.08,
1789604100000,2026-09-17T00:15:00.000Z,725.41,728.61,725.34,727.38,77.98,
1789605000000,2026-09-17T00:30:00.000Z,727.38,728.42,725.78,725.78,113.03,
1789605900000,2026-09-17T00:45:00.000Z,725.78,725.78,724.04,724.04,170.83,
1789606800000,2026-09-17T01:00:00.000Z,724.04,724.69,722.85,724.51,69.14,
1789607700000,2026-09-17T01:15:00.000Z,724.51,727.99,724.28,727.87,97.57,
1789608600000,2026-09-17T01:30:00.000Z,727.87,728.76,726,727,85.38,
1789609500000,2026-09-17T01:45:00.000Z,727,727,725.12,725.13,41.2,
1789610400000,2026-09-17T02:00:00.000Z,725.13,725.41,722.5,723.2,45.21,
1789611300000,2026-09-17T02:15:00.000Z,723.2,723.51,721.98,723.14,19.69,
1789612200000,2026-09-17T02:30:00.000Z,723.14,724.91,722.45,724.87,58.63,
1789613100000,2026-09-17T02:45:00.000Z,724.87,724.87,723.02,723.23,97.57,
1789614000000,2026-09-17T03:00:00.000Z,723.23,725.43,723.23,724.88,30.09,
1789614900000,2026-09-17T03:15:00.000Z,724.88,725.85,724.3,725.85,23.56,
1789615800000,2026-09-17T03:30:00.000Z,725.85,726.14,724.84,725.25,53.83,
1789616700000,2026-09-17T03:45:00.000Z,725.25,725.52,724.93,725.11,59.17,
1789617600000,2026-09-17T04:00:00.000Z,725.11,725.12,724.05,724.26,26.42,
1789618500000,2026-09-17T04:15:00.000Z,724.26,724.33,722.07,722.95,64.68,
1789619400000,2026-09-17T04:30:00.000Z,722.95,724.61,722.12,723.87,44.28,
1789620300000,2026-09-17T04:45:00.000Z,723.87,725.12,723.82,725.12,20.3,
1789621200000,2026-09-17T05:00:00.000Z,725.12,726.49,725.12,725.7,63.67,
1789622100000,2026-09-17T05:15:00.000Z,725.7,726.18,725.28,725.56,26.57,
1789623000000,2026-09-17T05:30:00.000Z,725.56,725.99,724.58,724.59,66.98,
1789623900000,2026-09-17T05:45:00.000Z,724.59,725.61,724.39,724.44,42.85,
1789624800000,2026-09-17T06:00:00.000Z,724.44,725.8,724.32,725.47,10.4,
1789625700000,2026-09-17T06:15:00.000Z,725.47,725.47,723.55,724.37,22.87,
1789626600000,2026-09-17T06:30:00.000Z,724.37,725.82,724.36,725.45,30.84,
1789627500000,2026-09-17T06:45:00.000Z,725.45,725.86,725,725.36,24.28,
1789628400000,2026-09-17T07:00:00.000Z,725.36,726.84,725.15,725.66,88.84,
1789629300000,2026-09-17T07:15:00.000Z,725.66,726.44,725.43,725.54,61.55,
1789630200000,2026-09-17T07:30:00.000Z,725.54,726.02,724.79,724.79,42,
1789631100000,2026-09-17T07:45:00.000Z,724.79,724.81,723.66,723.71,35.03,
1789632000000,2026-09-17T08:00:00.000Z,723.71,724.94,723.71,724.31,110.6,
1789632900000,2026-09-17T08:15:00.000Z,724.31,724.99,723.95,724.16,49.6,
1789633800000,2026-09-17T08:30:00.000Z,724.16,725.4,723.72,725.28,33.21,
1789634700000,2026-09-17T08:45:00.000Z,725.28,726.33,725.28,725.67,17.97,
1789635600000,2026-09-17T09:00:00.000Z,725.67,726.96,725.51,726.35,151.27,
1789636500000,2026-09-17T09:15:00.000Z,726.35,726.81,726,726,39.79,
1789637400000,2026-09-17T09:30:00.000Z,726,726.55,725.64,725.76,224.66,
1789638300000,2026-09-17T09:45:00.000Z,725.76,726.27,724.7,725.02,98.28,
1789639200000,2026-09-17T10:00:00.000Z,725.02,725.2,723.85,723.97,72.72,
1789640100000,2026-09-17T10:15:00.000Z,723.97,723.97,722.34,722.71,99.87,
1789641000000,2026-09-17T10:30:00.000Z,722.71,723.15,722.09,722.36,70.79,
1789641900000,2026-09-17T10:45:00.000Z,722.36,723.07,722.01,723.07,31.26,
1789642800000,2026-09-17T11:00:00.000Z,723.07,723.35,722.25,722.55,60.08,
1789643700000,2026-09-17T11:15:00.000Z,722.55,722.89,721.53,721.95,337.63,
1789644600000,2026-09-17T11:30:00.000Z,721.95,721.95,720.23,720.54,143.05,
1789645500000,2026-09-17T11:45:00.000Z,720.54,724.08,720.28,724.08,75.49,
1789646400000,2026-09-17T12:00:00.000Z,724.08,727.89,723.71,727.69,232.25,
1789647300000,2026-09-17T12:15:00.000Z,727.69,732,727.58,730.51,522.35,
1789648200000,2026-09-17T12:30:00.000Z,730.51,731.38,727.78,727.8,127.99,
1789649100000,2026-09-17T12:45:00.000Z,727.8,728.9,727.33,728.22,448.42,
1789650000000,2026-09-17T13:00:00.000Z,728.22,729.8,726.71,727.3,162.38,
1789650900000,2026-09-17T13:15:00.000Z,727.3,728.01,726.67,726.78,84.28,
1789651800000,2026-09-17T13:30:00.000Z,726.78,727.53,722.77,723.58,289.14,
1789652700000,2026-09-17T13:45:00.000Z,723.58,726.91,723.42,726.79,102.62,
1789653600000,2026-09-17T14:00:00.000Z,726.79,728.72,724.27,728.72,300.09,
1789654500000,2026-09-17T14:15:00.000Z,728.72,729.11,726.24,728.44,82.04,
1789655400000,2026-09-17T14:30:00.000Z,728.44,728.6,725.81,725.89,101.88,
1789656300000,2026-09-17T14:45:00.000Z,725.89,726.64,725.11,725.11,35.73,
1789657200000,2026-09-17T15:00:00.000Z,725.11,725.26,724,725.04,46.49,
1789658100000,2026-09-17T15:15:00.000Z,725.04,726.04,724.5,725.2,34.63,
1789659000000,2026-09-17T15:30:00.000Z,725.2,728.26,725.2,727.66,33.98,
1789659900000,2026-09-17T15:45:00.000Z,727.66,727.81,726.62,727.16,54.14,
1789660800000,2026-09-17T16:00:00.000Z,727.16,727.53,726.43,727.08,28.29,
1789661700000,2026-09-17T16:15:00.000Z,727.08,727.45,726.64,726.71,7.32,
1789662600000,2026-09-17T16:30:00.000Z,726.71,727.54,725.53,727.24,133.68,
1789663500000,2026-09-17T16:45:00.000Z,727.24,728.17,726.53,728.16,538.35,
1789664400000,2026-09-17T17:00:00.000Z,728.16,729.49,728.15,728.84,145.92,
1789665300000,2026-09-17T17:15:00.000Z,728.84,729.91,728.46,729.61,38.02,
1789666200000,2026-09-17T17:30:00.000Z,729.61,729.69,728.51,728.51,64.72,
1789667100000,2026-09-17T17:45:00.000Z,728.51,728.71,727.79,728.6,94.99,
1789668000000,2026-09-17T18:00:00.000Z,728.6,729,728.34,728.94,248.94,
1789668900000,2026-09-17T18:15:00.000Z,728.94,729.03,728.31,728.56,65.67,
1789669800000,2026-09-17T18:30:00.000Z,728.56,728.61,726.8,727.73,300.03,
1789670700000,2026-09-17T18:45:00.000Z,727.73,727.96,727.26,727.49,26.92,
1789671600000,2026-09-17T19:00:00.000Z,727.49,728.61,727.33,728.55,84.63,
1789672500000,2026-09-17T19:15:00.000Z,728.55,729.59,727.87,729.29,39.53,
1789673400000,2026-09-17T19:30:00.000Z,729.29,731.04,729.15,730.84,127.77,
1789674300000,2026-09-17T19:45:00.000Z,730.84,733.21,729.9,732.07,295.37,
1789675200000,2026-09-17T20:00:00.000Z,732.07,732.86,731.17,732.86,138.52,
1789676100000,2026-09-17T20:15:00.000Z,732.86,735.95,732.43,734.35,352.64,
1789677000000,2026-09-17T20:30:00.000Z,734.35,735.32,733.26,733.52,89.51,
1789677900000,2026-09-17T20:45:00.000Z,733.52,734.46,733.19,734.25,31.45,
1789678800000,2026-09-17T21:00:00.000Z,734.25,735.13,733.37,733.37,90.07,
1789679700000,2026-09-17T21:15:00.000Z,733.37,734.45,733.37,734,12.72,
1789680600000,2026-09-17T21:30:00.000Z,734,734.22,733.73,733.73,9.75,
1789681500000,2026-09-17T21:45:00.000Z,733.73,733.81,733.09,733.5,33.41,
1789682400000,2026-09-17T22:00:00.000Z,733.5,734.46,732.86,733.6,122.46,
1789683300000,2026-09-17T22:15:00.000Z,733.6,734.2,733,733.28,459.07,
1789684200000,2026-09-17T22:30:00.000Z,733.28,735.19,733.28,734.64,241.41,
1789685100000,2026-09-17T22:45:00.000Z,734.64,735.32,734.2,735.25,144.1,
1789686000000,2026-09-17T23:00:00.000Z,735.25,736.6,734.94,736.03,253.88,
1789686900000,2026-09-17T23:15:00.000Z,736.03,737.25,735.44,736.36,174.32,
1789687800000,2026-09-17T23:30:00.000Z,736.36,737.09,736.23,736.66,72.45,
1789688700000,2026-09-17T23:45:00.000Z,736.66,739.09,736.66,737.93,243.07,
1789689600000,2026-09-18T00:00:00.000Z,737.93,739.39,737.01,737.52,216.42,
1789690500000,2026-09-18T00:15:00.000Z,737.52,737.8,734.71,734.81,346.68,
1789691400000,2026-09-18T00:30:00.000Z,734.81,736.45,734.81,735.35,271.88,
1789692300000,2026-09-18T00:45:00.000Z,735.35,737.73,735,737.34,71.56,
1789693200000,2026-09-18T01:00:00.000Z,737.34,741,737.01,740.65,163.27,
1789694100000,2026-09-18T01:15:00.000Z,740.65,741.57,739.5,741.19,131.97,
1789695000000,2026-09-18T01:30:00.000Z,741.19,743.75,741.02,742.94,422.55,
1789695900000,2026-09-18T01:45:00.000Z,742.94,743.97,742.62,743.14,206.92,
1789696800000,2026-09-18T02:00:00.000Z,743.14,745.96,742.99,744.66,622.15,
1789697700000,2026-09-18T02:15:00.000Z,744.66,749.18,744.66,749.13,458.19,
1789698600000,2026-09-18T02:30:00.000Z,749.13,751.87,748.22,748.22,566.72,
1789699500000,2026-09-18T02:45:00.000Z,748.22,748.84,746.52,748.12,253.25,
1789700400000,2026-09-18T03:00:00.000Z,748.12,751.39,746.79,750.89,226.64,
1789701300000,2026-09-18T03:15:00.000Z,750.89,753.79,749.33,750.25,483.02,
1789702200000,2026-09-18T03:30:00.000Z,750.25,751.05,749.08,750.24,140.25,
1789703100000,2026-09-18T03:45:00.000Z,750.24,752.26,750.24,751.06,119.65,
1789704000000,2026-09-18T04:00:00.000Z,751.06,751.77,748.48,748.85,171.32,
1789704900000,2026-09-18T04:15:00.000Z,748.85,750.35,748.4,750.35,181.66,
1789705800000,2026-09-18T04:30:00.000Z,750.35,752.33,748.78,752.15,347.91,
1789706700000,2026-09-18T04:45:00.000Z,752.15,752.64,751.26,751.27,151.18,
1789707600000,2026-09-18T05:00:00.000Z,751.27,753.58,750.47,753.35,197.61,
1789708500000,2026-09-18T05:15:00.000Z,753.35,754.14,750.59,752.26,197.46,
1789709400000,2026-09-18T05:30:00.000Z,752.26,753.85,751.67,753.02,382.4,
1789710300000,2026-09-18T05:45:00.000Z,753.02,753.12,750.39,751.86,743.61,
1789711200000,2026-09-18T06:00:00.000Z,751.86,754.78,751.86,752.96,363.36,
1789712100000,2026-09-18T06:15:00.000Z,752.96,753.71,752.21,752.3,277.85,
1789713000000,2026-09-18T06:30:00.000Z,752.3,753.1,751.54,752.74,57.66,
1789713900000,2026-09-18T06:45:00.000Z,752.74,754.73,752.38,754.56,71.56,
1789714800000,2026-09-18T07:00:00.000Z,754.56,755.87,753.87,755.17,314.83,
1789715700000,2026-09-18T07:15:00.000Z,755.17,758.99,754.73,754.79,635.66,
1789716600000,2026-09-18T07:30:00.000Z,754.79,757.13,754.62,755.47,886.07,
1789717500000,2026-09-18T07:45:00.000Z,755.47,755.47,752.67,752.67,363.04,
1789718400000,2026-09-18T08:00:00.000Z,752.67,754.32,750.74,752.15,305.24,
1789719300000,2026-09-18T08:15:00.000Z,752.15,754.4,751.78,753.24,293,
1789720200000,2026-09-18T08:30:00.000Z,753.24,754.09,752.57,753.23,122.33,
1789721100000,2026-09-18T08:45:00.000Z,753.23,754.49,752.6,754.47,175.34,
1789722000000,2026-09-18T09:00:00.000Z,754.47,755.26,752.96,754.16,300.96,
1789722900000,2026-09-18T09:15:00.000Z,754.16,754.71,751.86,751.98,628.05,
1789723800000,2026-09-18T09:30:00.000Z,751.98,752.13,749.62,749.99,307.67,
1789724700000,2026-09-18T09:45:00.000Z,749.99,751.57,749.99,751.15,223.51,
1789725600000,2026-09-18T10:00:00.000Z,751.15,751.24,749.17,750.68,1009.02,
1789726500000,2026-09-18T10:15:00.000Z,750.68,751.6,749.87,751.54,167.63,
1789727400000,2026-09-18T10:30:00.000Z,751.54,752.46,751.36,751.86,103.76,
1789728300000,2026-09-18T10:45:00.000Z,751.86,752.97,751.73,751.97,203.88,
1789729200000,2026-09-18T11:00:00.000Z,751.97,753.47,748.44,748.91,277.6,
1789730100000,2026-09-18T11:15:00.000Z,748.91,750.33,748.74,750.05,227.18,
1789731000000,2026-09-18T11:30:00.000Z,750.05,750.86,748.36,748.53,167.11,
1789731900000,2026-09-18T11:45:00.000Z,748.53,749.96,748.43,748.64,240.18,
1789732800000,2026-09-18T12:00:00.000Z,748.64,749.29,746.05,746.58,244.03,
1789733700000,2026-09-18T12:15:00.000Z,746.58,746.72,744.2,744.44,137.17,
1789734600000,2026-09-18T12:30:00.000Z,744.44,746.67,744.34,745.61,299.87,
1789735500000,2026-09-18T12:45:00.000Z,745.61,745.98,745.31,745.84,97.82,
1789736400000,2026-09-18T13:00:00.000Z,745.84,747.24,745.65,747.18,189.25,
1789737300000,2026-09-18T13:15:00.000Z,747.18,750.75,747.02,750.74,559.9,
1789738200000,2026-09-18T13:30:00.000Z,750.74,757.51,750.5,757.39,605.38,
1789739100000,2026-09-18T13:45:00.000Z,757.39,762.09,755.89,758,1859.04,
1789740000000,2026-09-18T14:00:00.000Z,758,759.38,754.66,757.13,512.94,
1789740900000,2026-09-18T14:15:00.000Z,757.13,761.3,757.13,758.93,535.69,
1789741800000,2026-09-18T14:30:00.000Z,758.93,759.05,756.92,759.03,496.23,
1789742700000,2026-09-18T14:45:00.000Z,759.03,761.38,758.34,760.02,279.04,
1789743600000,2026-09-18T15:00:00.000Z,760.02,760.25,754.73,756.54,301.91,
1789744500000,2026-09-18T15:15:00.000Z,756.54,760.19,756.54,758.25,478.21,
1789745400000,2026-09-18T15:30:00.000Z,758.25,758.25,754.86,754.92,540.43,
1789746300000,2026-09-18T15:45:00.000Z,754.92,756.8,753.34,756.34,557.28,
1789747200000,2026-09-18T16:00:00.000Z,756.34,760.28,755.74,759.59,532.35,
1789748100000,2026-09-18T16:15:00.000Z,759.59,760.33,757.8,758.89,171.92,
1789749000000,2026-09-18T16:30:00.000Z,758.89,760.8,758.41,759.65,227.87,
1789749900000,2026-09-18T16:45:00.000Z,759.65,759.65,757.14,757.92,111.96,
1789750800000,2026-09-18T17:00:00.000Z,757.92,758.08,756.55,757.48,383.95,
1789751700000,2026-09-18T17:15:00.000Z,757.48,759.16,756.38,758.08,113.11,
1789752600000,2026-09-18T17:30:00.000Z,758.08,758.64,757.19,758.64,69.25,
1789753500000,2026-09-18T17:45:00.000Z,758.64,761.29,758.62,761.1,432.89,
1789754400000,2026-09-18T18:00:00.000Z,761.1,762,760.39,761.97,182.12,
1789755300000,2026-09-18T18:15:00.000Z,761.97,762.27,760.86,762.26,144.15,
1789756200000,2026-09-18T18:30:00.000Z,762.26,764.78,761.59,762.61,521.45,
1789757100000,2026-09-18T18:45:00.000Z,762.61,764.45,762.61,764.03,134.59,
1789758000000,2026-09-18T19:00:00.000Z,764.03,767.95,763.97,766.81,229.11,
1789758900000,2026-09-18T19:15:00.000Z,766.81,768.58,765.53,766.72,282.34,
1789759800000,2026-09-18T19:30:00.000Z,766.72,767.33,765.64,767.3,110.1,
1789760700000,2026-09-18T19:45:00.000Z,767.3,767.5,765.42,766.03,99.57,
1789761600000,2026-09-18T20:00:00.000Z,766.03,766.29,763.52,764.04,299.56,
1789762500000,2026-09-18T20:15:00.000Z,764.04,764.69,762.78,763.11,102.53,
1789763400000,2026-09-18T20:30:00.000Z,763.11,764.64,762.56,764.36,71.05,
1789764300000,2026-09-18T20:45:00.000Z,764.36,764.69,762.88,763.26,77.51,
1789765200000,2026-09-18T21:00:00.000Z,763.26,764.73,763.24,764.52,69.18,
1789766100000,2026-09-18T21:15:00.000Z,764.52,764.52,762.95,763.58,115.01,
1789767000000,2026-09-18T21:30:00.000Z,763.58,764.64,763.03,764.51,35.35,
1789767900000,2026-09-18T21:45:00.000Z,764.51,764.51,763.4,763.51,14.87,
1789768800000,2026-09-18T22:00:00.000Z,763.51,764.17,762.5,763.05,82.91,
1789769700000,2026-09-18T22:15:00.000Z,763.05,764.42,763.05,763.08,437.5,
1789770600000,2026-09-18T22:30:00.000Z,763.08,763.08,761.12,762.48,33.78,
1789771500000,2026-09-18T22:45:00.000Z,762.48,763.64,762.21,763.64,75.16,
1789772400000,2026-09-18T23:00:00.000Z,763.64,764.48,762.35,763.12,38.76,
1789773300000,2026-09-18T23:15:00.000Z,763.12,763.29,762,762.04,109.01,
1789774200000,2026-09-18T23:30:00.000Z,762.04,762.32,760.93,761.44,79.71,
1789775100000,2026-09-18T23:45:00.000Z,761.44,761.71,759.85,760.9,130.41,
1789776000000,2026-09-19T00:00:00.000Z,760.9,761.25,759.36,761.01,222.86,
1789776900000,2026-09-19T00:15:00.000Z,761.01,761.86,760.52,761.38,199.85,
1789777800000,2026-09-19T00:30:00.000Z,761.38,763.91,761.25,763.76,62.58,
1789778700000,2026-09-19T00:45:00.000Z,763.76,763.95,762.66,763.58,51.12,
1789779600000,2026-09-19T01:00:00.000Z,763.58,763.74,760.64,761.1,96.96,
1789780500000,2026-09-19T01:15:00.000Z,761.1,763.19,759.31,762.69,37.17,
1789781400000,2026-09-19T01:30:00.000Z,762.69,762.69,759.06,761.14,93.09,
1789782300000,2026-09-19T01:45:00.000Z,761.14,763.32,761.14,762.17,78.88,
1789783200000,2026-09-19T02:00:00.000Z,762.17,763.72,761.82,763.15,16.67,
1789784100000,2026-09-19T02:15:00.000Z,763.15,764.24,762.59,762.66,63.78,
1789785000000,2026-09-19T02:30:00.000Z,762.66,763.21,762.11,762.11,22.8,
1789785900000,2026-09-19T02:45:00.000Z,762.11,762.11,760.95,761.47,73.74,
1789786800000,2026-09-19T03:00:00.000Z,761.47,762.33,761.26,761.72,117.86,
1789787700000,2026-09-19T03:15:00.000Z,761.72,761.72,759.59,759.65,218.62,
1789788600000,2026-09-19T03:30:00.000Z,759.65,759.83,758.05,759.3,106.18,
1789789500000,2026-09-19T03:45:00.000Z,759.3,759.88,759.06,759.06,27.06,
1789790400000,2026-09-19T04:00:00.000Z,759.06,763.94,759.05,763.94,240.93,
1789791300000,2026-09-19T04:15:00.000Z,763.94,767.3,763,763.25,875.02,
1789792200000,2026-09-19T04:30:00.000Z,763.25,763.27,760.2,760.61,558.24,
1789793100000,2026-09-19T04:45:00.000Z,760.61,760.72,759.47,759.79,822.65,
1789794000000,2026-09-19T05:00:00.000Z,759.79,761.79,759.77,761.2,73.77,
1789794900000,2026-09-19T05:15:00.000Z,761.2,764.11,761.04,762.97,65.86,
1789795800000,2026-09-19T05:30:00.000Z,762.97,764.22,761.96,762.61,60.68,
1789796700000,2026-09-19T05:45:00.000Z,762.61,764.03,762.09,763.43,50.45,
1789797600000,2026-09-19T06:00:00.000Z,763.43,764.02,762.02,762.56,28.51,
1789798500000,2026-09-19T06:15:00.000Z,762.56,763.8,760.67,761.7,37.4,
1789799400000,2026-09-19T06:30:00.000Z,761.7,764.16,761.7,762.33,53.78,
1789800300000,2026-09-19T06:45:00.000Z,762.33,762.33,760.8,761.45,152.06,
1789801200000,2026-09-19T07:00:00.000Z,761.45,762.26,760.76,762.2,22.02,
1789802100000,2026-09-19T07:15:00.000Z,762.2,762.34,760.89,761.22,105.36,
1789803000000,2026-09-19T07:30:00.000Z,761.22,761.63,759.64,759.97,64.24,
1789803900000,2026-09-19T07:45:00.000Z,759.97,760.89,759.86,760.27,105.15,
1789804800000,2026-09-19T08:00:00.000Z,760.27,761.97,759.82,761.97,399.75,
1789805700000,2026-09-19T08:15:00.000Z,761.97,764.48,761.97,762.88,88.82,
1789806600000,2026-09-19T08:30:00.000Z,762.88,764.59,762.71,764.46,78.07,
1789807500000,2026-09-19T08:45:00.000Z,764.46,766.39,764.03,765.41,213.28,
1789808400000,2026-09-19T09:00:00.000Z,765.41,769.76,765.41,766.97,846.54,
1789809300000,2026-09-19T09:15:00.000Z,766.97,768.16,764.18,764.34,211.68,
1789810200000,2026-09-19T09:30:00.000Z,764.34,765.7,763.64,765.59,137.53,
1789811100000,2026-09-19T09:45:00.000Z,765.59,767,765.59,766.14,53.77,
1789812000000,2026-09-19T10:00:00.000Z,766.14,767.04,765.75,766.44,76.93,
1789812900000,2026-09-19T10:15:00.000Z,766.44,766.66,765.44,766.23,68.03,
1789813800000,2026-09-19T10:30:00.000Z,766.23,766.43,765.33,765.43,108.44,
1789814700000,2026-09-19T10:45:00.000Z,765.43,765.89,764.51,764.57,116.42,
1789815600000,2026-09-19T11:00:00.000Z,764.57,766.13,764.42,764.54,173.68,
1789816500000,2026-09-19T11:15:00.000Z,764.54,766.12,764.28,765.5,223.32,
1789817400000,2026-09-19T11:30:00.000Z,765.5,766.28,764.96,765.94,17.72,
1789818300000,2026-09-19T11:45:00.000Z,765.94,767.69,765.94,767.66,110.82,
1789819200000,2026-09-19T12:00:00.000Z,767.66,767.89,766.93,767.51,291.1,
1789820100000,2026-09-19T12:15:00.000Z,767.51,768.57,766.75,768.48,135.9,
1789821000000,2026-09-19T12:30:00.000Z,768.48,769.4,767.45,767.86,264.68,
1789821900000,2026-09-19T12:45:00.000Z,767.86,773.44,767.86,773.02,405.46,
1789822800000,2026-09-19T13:00:00.000Z,773.02,773.06,767.94,768.67,676.66,
1789823700000,2026-09-19T13:15:00.000Z,768.67,770.99,768.57,768.77,87.83,
1789824600000,2026-09-19T13:30:00.000Z,768.77,771.3,767.91,768.31,151.46,
1789825500000,2026-09-19T13:45:00.000Z,768.31,769.82,768.01,769.44,133.23,
1789826400000,2026-09-19T14:00:00.000Z,769.44,771.5,768.8,769.87,194.75,
1789827300000,2026-09-19T14:15:00.000Z,769.87,772.8,769.87,772.08,140.53,
1789828200000,2026-09-19T14:30:00.000Z,772.08,773.01,768.77,769.18,324.21,
1789829100000,2026-09-19T14:45:00.000Z,769.18,770.95,768.97,769.6,704.35,
1789830000000,2026-09-19T15:00:00.000Z,769.6,771.1,768.57,769.34,147.68,
1789830900000,2026-09-19T15:15:00.000Z,769.34,769.5,766.61,766.64,134.11,
1789831800000,2026-09-19T15:30:00.000Z,766.64,769.41,766.61,768.82,236.7,
1789832700000,2026-09-19T15:45:00.000Z,768.82,768.82,766.27,766.44,35.44,
1789833600000,2026-09-19T16:00:00.000Z,766.44,767.27,764.3,766.68,224.21,
1789834500000,2026-09-19T16:15:00.000Z,766.68,767.2,766.03,766.25,55.97,
1789835400000,2026-09-19T16:30:00.000Z,766.25,766.95,765.87,766.2,76.82,
1789836300000,2026-09-19T16:45:00.000Z,766.2,768.08,765.64,768.06,38.91,
1789837200000,2026-09-19T17:00:00.000Z,768.06,768.67,767.08,767.08,181.53,
1789838100000,2026-09-19T17:15:00.000Z,767.08,768.12,762.5,763.6,569.58,
1789839000000,2026-09-19T17:30:00.000Z,763.6,764.53,761.14,762.75,948.17,
1789839900000,2026-09-19T17:45:00.000Z,762.75,763.3,762.02,762.1,82.99,
1789840800000,2026-09-19T18:00:00.000Z,762.1,763.46,761.6,761.99,191.77,
1789841700000,2026-09-19T18:15:00.000Z,761.99,762.6,761.15,762.04,68.91,
1789842600000,2026-09-19T18:30:00.000Z,762.04,763.07,760.8,762.14,63.42,
1789843500000,2026-09-19T18:45:00.000Z,762.14,763,761.67,762.68,46.2,
1789844400000,2026-09-19T19:00:00.000Z,762.68,763.67,762.22,762.68,58.72,
1789845300000,2026-09-19T19:15:00.000Z,762.68,763.47,762.08,763.23,93.93,
1789846200000,2026-09-19T19:30:00.000Z,763.23,763.47,762.71,762.71,17.01,
1789847100000,2026-09-19T19:45:00.000Z,762.71,763.46,762.45,762.72,25.98,
1789848000000,2026-09-19T20:00:00.000Z,762.72,762.88,760.08,762.29,159.97,
1789848900000,2026-09-19T20:15:00.000Z,762.29,762.4,760.95,760.95,44.18,
1789849800000,2026-09-19T20:30:00.000Z,760.95,761.92,760.95,761.66,17.95,
1789850700000,2026-09-19T20:45:00.000Z,761.66,761.93,760.66,761.55,20.86,
1789851600000,2026-09-19T21:00:00.000Z,761.55,762.08,759.16,759.17,88.98,
1789852500000,2026-09-19T21:15:00.000Z,759.17,760.12,756.54,758.65,676.67,
1789853400000,2026-09-19T21:30:00.000Z,758.65,758.65,757.05,757.8,76.81,
1789854300000,2026-09-19T21:45:00.000Z,757.8,759.23,757.8,758.92,128.56,
1789855200000,2026-09-19T22:00:00.000Z,758.92,758.99,757.11,757.67,37.66,
1789856100000,2026-09-19T22:15:00.000Z,757.67,758.91,757.22,758.75,30.49,
1789857000000,2026-09-19T22:30:00.000Z,758.75,761,758.75,760.99,77.02,
1789857900000,2026-09-19T22:45:00.000Z,760.99,761.44,760.33,761.15,37.45,
1789858800000,2026-09-19T23:00:00.000Z,761.15,761.92,761.07,761.92,80.34,
1789859700000,2026-09-19T23:15:00.000Z,761.92,762.63,761.53,762.17,49.52,
1789860600000,2026-09-19T23:30:00.000Z,762.17,763.1,761.89,761.89,20.63,
1789861500000,2026-09-19T23:45:00.000Z,761.89,762.18,761.39,761.51,80.54,
1789862400000,2026-09-20T00:00:00.000Z,761.51,761.51,760.48,760.88,83.49,
1789863300000,2026-09-20T00:15:00.000Z,760.88,761.8,760.81,761.65,52.2,
1789864200000,2026-09-20T00:30:00.000Z,761.65,762.9,760.86,762.77,108.74,
1789865100000,2026-09-20T00:45:00.000Z,762.77,763.07,762.19,763.07,133.54,
1789866000000,2026-09-20T01:00:00.000Z,763.07,763.18,761.07,761.54,408.59,
1789866900000,2026-09-20T01:15:00.000Z,761.54,763.76,761.13,761.18,113.64,
1789867800000,2026-09-20T01:30:00.000Z,761.18,761.19,758.85,759.69,222.02,
1789868700000,2026-09-20T01:45:00.000Z,759.69,760.64,758.92,760.27,21.38,
1789869600000,2026-09-20T02:00:00.000Z,760.27,761.6,760.19,761.6,17.69,
1789870500000,2026-09-20T02:15:00.000Z,761.6,762.51,759.21,759.21,784.76,
1789871400000,2026-09-20T02:30:00.000Z,759.21,759.7,753.15,753.15,405.44,
1789872300000,2026-09-20T02:45:00.000Z,753.15,755.06,751.08,751.27,373.73,