timestamp,datetime,open,high,low,close,volume,quoteVolume
1789450800000,2026-09-15T05:40:00.000Z,719.18,719.91,719.18,719.82,17.61,
1789451100000,2026-09-15T05:45:00.000Z,719.82,720.53,719.8,720.44,38.19,
1789451400000,2026-09-15T05:50:00.000Z,720.44,721.33,720.44,721.33,11.27,
1789451700000,2026-09-15T05:55:00.000Z,721.33,721.73,721.19,721.22,93.84,
1789452000000,2026-09-15T06:00:00.000Z,721.22,722.96,721.06,722.96,87.27,
1789452300000,2026-09-15T06:05:00.000Z,722.96,723.08,722.03,722.03,34.38,
1789452600000,2026-09-15T06:10:00.000Z,722.03,722.03,721.31,721.35,42.92,
1789452900000,2026-09-15T06:15:00.000Z,721.35,721.35,721,721,16.71,
1789453200000,2026-09-15T06:20:00.000Z,721,721,719.72,719.72,98.44,
1789453500000,2026-09-15T06:25:00.000Z,719.72,719.72,718.8,718.92,81.59,
1789453800000,2026-09-15T06:30:00.000Z,718.92,719.23,718.46,718.86,34.29,
1789454100000,2026-09-15T06:35:00.000Z,718.86,718.99,718.01,718.47,50.93,
1789454400000,2026-09-15T06:40:00.000Z,718.47,718.78,718.46,718.73,39,
1789454700000,2026-09-15T06:45:00.000Z,718.73,718.81,718.18,718.18,27.05,
1789455000000,2026-09-15T06:50:00.000Z,718.18,718.31,717.13,717.54,117.05,
1789455300000,2026-09-15T06:55:00.000Z,717.54,717.9,717,717.9,128.31,
1789455600000,2026-09-15T07:00:00.000Z,717.9,718.52,717.37,718.42,64.83,
1789455900000,2026-09-15T07:05:00.000Z,718.42,718.53,716.89,717.25,106.36,
1789456200000,2026-09-15T07:10:00.000Z,717.25,717.45,716.75,717.01,29.48,
1789456500000,2026-09-15T07:15:00.000Z,717.01,717.36,716.88,717.32,39.96,
1789456800000,2026-09-15T07:20:00.000Z,717.32,717.71,717.23,717.65,45.93,
1789457100000,2026-09-15T07:25:00.000Z,717.65,717.66,717.31,717.46,22.41,
1789457400000,2026-09-15T07:30:00.000Z,717.46,717.46,715.96,715.97,23.41,
1789457700000,2026-09-15T07:35:00.000Z,715.97,716.84,715.61,716.44,103,
1789458000000,2026-09-15T07:40:00.000Z,716.44,716.6,715.56,715.56,16.9,
1789458300000,2026-09-15T07:45:00.000Z,715.56,716.16,715.53,715.53,11.04,
1789458600000,2026-09-15T07:50:00.000Z,715.53,715.53,714.37,714.52,131.11,
1789458900000,2026-09-15T07:55:00.000Z,714.52,714.7,714.26,714.57,40.95,
1789459200000,2026-09-15T08:00:00.000Z,714.57,714.63,713.78,713.97,154.45,
1789459500000,2026-09-15T08:05:00.000Z,713.97,714.63,713.45,713.91,154.95,
1789459800000,2026-09-15T08:10:00.000Z,713.91,714.93,713.7,714.86,298.23,
1789460100000,2026-09-15T08:15:00.000Z,714.86,715.27,714.12,714.9,45.4,
1789460400000,2026-09-15T08:20:00.000Z,714.9,715.58,714.9,715.35,102.08,
1789460700000,2026-09-15T08:25:00.000Z,715.35,715.95,715.17,715.61,75.98,
1789461000000,2026-09-15T08:30:00.000Z,715.61,715.89,715.4,715.75,25.34,
1789461300000,2026-09-15T08:35:00.000Z,715.75,716,715.73,715.92,10.67,
1789461600000,2026-09-15T08:40:00.000Z,715.92,715.92,715.01,715.84,53.13,
1789461900000,2026-09-15T08:45:00.000Z,715.84,716.39,715.84,716.05,33.5,
1789462200000,2026-09-15T08:50:00.000Z,716.05,716.46,715.94,716.39,43.01,
1789462500000,2026-09-15T08:55:00.000Z,716.39,716.99,716.39,716.99,2.92,
1789462800000,2026-09-15T09:00:00.000Z,716.99,716.99,716.4,716.66,13.36,
1789463100000,2026-09-15T09:05:00.000Z,716.66,716.66,716.28,716.43,7.29,
1789463400000,2026-09-15T09:10:00.000Z,716.43,716.45,716.26,716.32,17.12,
1789463700000,2026-09-15T09:15:00.000Z,716.32,716.48,716.32,716.37,2.78,
1789464000000,2026-09-15T09:20:00.000Z,716.37,716.84,716.31,716.58,20.14,
1789464300000,2026-09-15T09:25:00.000Z,716.58,716.58,716.13,716.53,21.14,
1789464600000,2026-09-15T09:30:00.000Z,716.53,716.53,715.95,716.44,16.27,
1789464900000,2026-09-15T09:35:00.000Z,716.44,716.94,716.33,716.82,32.58,
1789465200000,2026-09-15T09:40:00.000Z,716.82,716.96,716.53,716.9,29.12,
1789465500000,2026-09-15T09:45:00.000Z,716.9,718.11,716.9,718.05,166.44,
1789465800000,2026-09-15T09:50:00.000Z,718.05,718.05,717.57,717.91,32.47,
1789466100000,2026-09-15T09:55:00.000Z,717.91,717.91,717.04,717.14,112.86,
1789466400000,2026-09-15T10:00:00.000Z,717.14,717.68,716.86,717.55,94.48,
1789466700000,2026-09-15T10:05:00.000Z,717.55,717.89,717.15,717.89,1.1,
1789467000000,2026-09-15T10:10:00.000Z,717.89,717.98,717.63,717.73,18.67,
1789467300000,2026-09-15T10:15:00.000Z,717.73,718.3,717.69,718.3,41.36,
1789467600000,2026-09-15T10:20:00.000Z,718.3,718.52,717.43,718.52,73.52,
1789467900000,2026-09-15T10:25:00.000Z,718.52,718.67,717.47,717.6,9.93,
1789468200000,2026-09-15T10:30:00.000Z,717.6,718.01,717.29,717.77,11.2,
1789468500000,2026-09-15T10:35:00.000Z,717.77,717.85,717.35,717.56,21.84,
1789468800000,2026-09-15T10:40:00.000Z,717.56,718.94,717.56,718.85,69.42,
1789469100000,2026-09-15T10:45:00.000Z,718.85,719,718.63,718.99,16.17,
1789469400000,2026-09-15T10:50:00.000Z,718.99,719.46,718.93,719.04,65.96,
1789469700000,2026-09-15T10:55:00.000Z,719.04,719.77,718.75,718.76,75.36,
1789470000000,2026-09-15T11:00:00.000Z,718.76,719.31,718.76,718.92,25.01,
1789470300000,2026-09-15T11:05:00.000Z,718.92,719.77,718.92,719.77,8.69,
1789470600000,2026-09-15T11:10:00.000Z,719.77,719.77,718.54,718.6,20.45,
1789470900000,2026-09-15T11:15:00.000Z,718.6,718.91,718.41,718.86,17.36,
1789471200000,2026-09-15T11:20:00.000Z,718.86,718.86,717.44,717.48,12.78,
1789471500000,2026-09-15T11:25:00.000Z,717.48,717.62,717.48,717.54,15.32,
1789471800000,2026-09-15T11:30:00.000Z,717.54,717.54,717.11,717.16,4.67,
1789472100000,2026-09-15T11:35:00.000Z,717.16,717.63,717.04,717.38,87.62,
1789472400000,2026-09-15T11:40:00.000Z,717.38,717.38,716.92,717.32,23.61,
1789472700000,2026-09-15T11:45:00.000Z,717.32,717.38,717.12,717.3,16.07,
1789473000000,2026-09-15T11:50:00.000Z,717.3,717.94,717.08,717.85,70.56,
1789473300000,2026-09-15T11:55:00.000Z,717.85,718.36,717.81,718.36,1.45,
1789473600000,2026-09-15T12:00:00.000Z,718.36,718.85,718.18,718.5,14.45,
1789473900000,2026-09-15T12:05:00.000Z,718.5,718.65,717.51,717.51,112.1,
1789474200000,2026-09-15T12:10:00.000Z,717.51,718.44,717.49,717.79,19.53,
1789474500000,2026-09-15T12:15:00.000Z,717.79,718.57,717.5,718.39,25.41,
1789474800000,2026-09-15T12:20:00.000Z,718.39,718.47,717.94,718.33,38.08,
1789475100000,2026-09-15T12:25:00.000Z,718.33,718.78,718.19,718.37,12.25,
1789475400000,2026-09-15T12:30:00.000Z,718.37,718.48,717.63,718.15,14.66,
1789475700000,2026-09-15T12:35:00.000Z,718.15,718.55,718.01,718.48,62.73,
1789476000000,2026-09-15T12:40:00.000Z,718.48,718.52,718.22,718.52,11.19,
1789476300000,2026-09-15T12:45:00.000Z,718.52,719.23,718.21,719.1,54.82,
1789476600000,2026-09-15T12:50:00.000Z,719.1,720.93,719.1,720.92,126.83,
1789476900000,2026-09-15T12:55:00.000Z,720.92,720.95,719.44,719.76,40.09,
1789477200000,2026-09-15T13:00:00.000Z,719.76,720.68,719.73,720.68,20.5,
1789477500000,2026-09-15T13:05:00.000Z,720.68,721.74,720.57,720.74,247.1,
1789477800000,2026-09-15T13:10:00.000Z,720.74,720.75,719.65,720.02,67.96,
1789478100000,2026-09-15T13:15:00.000Z,720.02,720.42,719.67,719.96,6.45,
1789478400000,2026-09-15T13:20:00.000Z,719.96,720.19,719.95,720.02,1.4,
1789478700000,2026-09-15T13:25:00.000Z,720.02,720.54,719.72,720.54,35.56,
1789479000000,2026-09-15T13:30:00.000Z,720.54,720.54,718.54,718.65,42.9,
1789479300000,2026-09-15T13:35:00.000Z,718.65,718.72,714.47,715.52,263.25,
1789479600000,2026-09-15T13:40:00.000Z,715.52,717.78,715.22,717.6,97.3,
1789479900000,2026-09-15T13:45:00.000Z,717.6,717.92,716.96,717.16,30.82,
1789480200000,2026-09-15T13:50:00.000Z,717.16,717.16,716.03,717.01,28.54,
1789480500000,2026-09-15T13:55:00.000Z,717.01,719.88,717.01,719.88,175.89,
1789480800000,2026-09-15T14:00:00.000Z,719.88,720.93,719.26,719.26,81.82,
1789481100000,2026-09-15T14:05:00.000Z,719.26,720.33,718.47,720.33,38.85,
1789481400000,2026-09-15T14:10:00.000Z,720.33,720.6,719.35,719.35,5.02,
1789481700000,2026-09-15T14:15:00.000Z,719.35,720.05,718.51,719.16,49.59,
1789482000000,2026-09-15T14:20:00.000Z,719.16,719.49,717.81,718.63,71.33,
1789482300000,2026-09-15T14:25:00.000Z,718.63,718.72,718.15,718.49,4.82,
1789482600000,2026-09-15T14:30:00.000Z,718.49,718.49,717.24,717.24,10.91,
1789482900000,2026-09-15T14:35:00.000Z,717.24,717.24,715.34,715.66,311.27,
1789483200000,2026-09-15T14:40:00.000Z,715.66,715.94,714.01,715.55,187.79,
1789483500000,2026-09-15T14:45:00.000Z,715.55,715.72,713.52,713.6,138.95,
1789483800000,2026-09-15T14:50:00.000Z,713.6,713.94,710.62,713.62,636.69,
1789484100000,2026-09-15T14:55:00.000Z,713.62,715.2,713.01,714.97,134.19,
1789484400000,2026-09-15T15:00:00.000Z,714.97,717,714.28,717,135.93,
1789484700000,2026-09-15T15:05:00.000Z,717,717.51,716.56,717,37.33,
1789485000000,2026-09-15T15:10:00.000Z,717,717.01,716.6,716.88,70.92,
1789485300000,2026-09-15T15:15:00.000Z,716.88,717.78,716.56,717.22,33.51,
1789485600000,2026-09-15T15:20:00.000Z,717.22,718.16,716.69,718.02,10.43,
1789485900000,2026-09-15T15:25:00.000Z,718.02,719.23,718.02,718.36,54.62,
1789486200000,2026-09-15T15:30:00.000Z,718.36,718.47,717.23,718.2,16.66,
1789486500000,2026-09-15T15:35:00.000Z,718.2,719.01,717.99,718.66,29.11,
1789486800000,2026-09-15T15:40:00.000Z,718.66,719.04,718.6,718.66,16.17,
1789487100000,2026-09-15T15:45:00.000Z,718.66,718.67,717.82,717.82,12.87,
1789487400000,2026-09-15T15:50:00.000Z,717.82,718.88,717.82,717.88,11.31,
1789487700000,2026-09-15T15:55:00.000Z,717.88,718.94,717.88,718.24,15.38,
1789488000000,2026-09-15T16:00:00.000Z,718.24,718.24,717.29,717.29,58.78,
1789488300000,2026-09-15T16:05:00.000Z,717.29,717.4,716.28,716.28,22.07,
1789488600000,2026-09-15T16:10:00.000Z,716.28,716.67,715.8,715.8,13.7,
1789488900000,2026-09-15T16:15:00.000Z,715.8,717.36,715.78,717.23,2.74,
1789489200000,2026-09-15T16:20:00.000Z,717.23,718.86,717.23,718.86,106.56,
1789489500000,2026-09-15T16:25:00.000Z,718.86,719.23,718.32,719.09,74.36,
1789489800000,2026-09-15T16:30:00.000Z,719.09,719.32,718.4,718.4,20.65,
1789490100000,2026-09-15T16:35:00.000Z,718.4,718.79,718.18,718.18,50.6,
1789490400000,2026-09-15T16:40:00.000Z,718.18,718.25,717.73,717.94,15.41,
1789490700000,2026-09-15T16:45:00.000Z,717.94,718.98,717.94,718.86,11.92,
1789491000000,2026-09-15T16:50:00.000Z,718.86,720.24,718.86,720.24,22.3,
1789491300000,2026-09-15T16:55:00.000Z,720.24,720.24,718.82,719.04,28.05,
1789491600000,2026-09-15T17:00:00.000Z,719.04,719.04,717.92,717.92,22.47,
1789491900000,2026-09-15T17:05:00.000Z,717.92,717.98,716.92,717.09,17.15,
1789492200000,2026-09-15T17:10:00.000Z,717.09,717.7,717.09,717.66,2.93,
1789492500000,2026-09-15T17:15:00.000Z,717.66,717.88,717.39,717.85,7.39,
1789492800000,2026-09-15T17:20:00.000Z,717.85,718.96,717.83,718.82,81.23,
1789493100000,2026-09-15T17:25:00.000Z,718.82,720.19,718.82,720.07,27.14,
1789493400000,2026-09-15T17:30:00.000Z,720.07,722.94,719.95,722.66,116.04,
1789493700000,2026-09-15T17:35:00.000Z,722.66,724.63,722.35,722.88,966.81,
1789494000000,2026-09-15T17:40:00.000Z,722.88,722.88,721.21,721.43,35.71,
1789494300000,2026-09-15T17:45:00.000Z,721.43,723.84,721.43,723.61,37.66,
1789494600000,2026-09-15T17:50:00.000Z,723.61,724.11,723,723.29,12.72,
1789494900000,2026-09-15T17:55:00.000Z,723.29,723.29,722.42,722.62,42.18,
1789495200000,2026-09-15T18:00:00.000Z,722.62,723.55,722.18,723.27,24.59,
1789495500000,2026-09-15T18:05:00.000Z,723.27,723.31,722.25,722.65,33.46,
1789495800000,2026-09-15T18:10:00.000Z,722.65,723.45,722.61,722.94,27.75,
1789496100000,2026-09-15T18:15:00.000Z,722.94,723.12,720.53,721.63,83.69,
1789496400000,2026-09-15T18:20:00.000Z,721.63,721.86,721.38,721.56,16.49,
1789496700000,2026-09-15T18:25:00.000Z,721.56,725.05,720.88,722.5,196.82,
1789497000000,2026-09-15T18:30:00.000Z,722.5,722.56,718.95,721.67,93.86,
1789497300000,2026-09-15T18:35:00.000Z,721.67,721.67,715.38,718.29,468.73,
1789497600000,2026-09-15T18:40:00.000Z,718.29,718.29,713.56,713.79,379,
1789497900000,2026-09-15T18:45:00.000Z,713.79,714.13,706.14,707.5,1000.16,
1789498200000,2026-09-15T18:50:00.000Z,707.5,716.14,707.36,716.12,325.44,
1789498500000,2026-09-15T18:55:00.000Z,716.12,718.08,715.64,717.64,259.74,
1789498800000,2026-09-15T19:00:00.000Z,717.64,720.93,716.5,719.75,229.57,
1789499100000,2026-09-15T19:05:00.000Z,719.75,720.5,718.74,720.13,99.28,
1789499400000,2026-09-15T19:10:00.000Z,720.13,720.81,719.52,719.71,113.84,
1789499700000,2026-09-15T19:15:00.000Z,719.71,721.99,719.49,721.14,131.84,
1789500000000,2026-09-15T19:20:00.000Z,721.14,722.16,720.34,720.59,68.61,
1789500300000,2026-09-15T19:25:00.000Z,720.59,720.91,718.72,719.08,129.39,
1789500600000,2026-09-15T19:30:00.000Z,719.08,719.88,718.66,719.25,76.75,
1789500900000,2026-09-15T19:35:00.000Z,719.25,719.25,718.17,719.05,33.13,
1789501200000,2026-09-15T19:40:00.000Z,719.05,719.05,717.24,717.24,43.89,
1789501500000,2026-09-15T19:45:00.000Z,717.24,717.62,716.92,717.47,23.36,
1789501800000,2026-09-15T19:50:00.000Z,717.47,718.74,717.32,718.56,14.36,
1789502100000,2026-09-15T19:55:00.000Z,718.56,719.16,718.26,719.05,11.44,
1789502400000,2026-09-15T20:00:00.000Z,719.05,719.83,717.58,717.58,42.93,
1789502700000,2026-09-15T20:05:00.000Z,717.58,717.58,715.77,715.78,51.59,
1789503000000,2026-09-15T20:10:00.000Z,715.78,717.25,715.78,716.19,45.51,
1789503300000,2026-09-15T20:15:00.000Z,716.19,716.26,715.01,715.01,20.46,
1789503600000,2026-09-15T20:20:00.000Z,715.01,715.38,714.03,715.15,69.68,
1789503900000,2026-09-15T20:25:00.000Z,715.15,715.49,713.51,713.55,127.94,
1789504200000,2026-09-15T20:30:00.000Z,713.55,713.55,711.46,712.11,81.82,
1789504500000,2026-09-15T20:35:00.000Z,712.11,714.21,712.11,712.97,68.02,
1789504800000,2026-09-15T20:40:00.000Z,712.97,714.16,712.97,713.97,22.79,
1789505100000,2026-09-15T20:45:00.000Z,713.97,716.04,713.97,716.04,54.18,
1789505400000,2026-09-15T20:50:00.000Z,716.04,716.04,714.95,715.57,23.94,
1789505700000,2026-09-15T20:55:00.000Z,715.57,715.57,714.49,714.56,21.13,
1789506000000,2026-09-15T21:00:00.000Z,714.56,714.56,712.8,713.23,59.14,
1789506300000,2026-09-15T21:05:00.000Z,713.23,713.67,712.95,713.19,7.14,
1789506600000,2026-09-15T21:10:00.000Z,713.19,714.96,713.05,714.14,23.95,
1789506900000,2026-09-15T21:15:00.000Z,714.14,714.35,713.31,714.35,17.36,
1789507200000,2026-09-15T21:20:00.000Z,714.35,714.35,712.79,713.13,16.11,
1789507500000,2026-09-15T21:25:00.000Z,713.13,713.13,711.61,711.63,24.16,
1789507800000,2026-09-15T21:30:00.000Z,711.63,712.27,711.38,711.77,39.36,
1789508100000,2026-09-15T21:35:00.000Z,711.77,712.76,711.21,712.39,12.03,
1789508400000,2026-09-15T21:40:00.000Z,712.39,713.33,712.39,713.27,22.64,
1789508700000,2026-09-15T21:45:00.000Z,713.27,713.27,712.47,712.59,5.2,
1789509000000,2026-09-15T21:50:00.000Z,712.59,712.59,711.19,711.67,13.07,
1789509300000,2026-09-15T21:55:00.000Z,711.67,711.67,709.86,710.38,48.58,
1789509600000,2026-09-15T22:00:00.000Z,710.38,712.22,710.15,711.29,53.88,
1789509900000,2026-09-15T22:05:00.000Z,711.29,711.29,709.98,710.02,14.32,
1789510200000,2026-09-15T22:10:00.000Z,710.02,710.84,709.42,709.9,29.68,
1789510500000,2026-09-15T22:15:00.000Z,709.9,709.9,708.41,708.59,81.38,
1789510800000,2026-09-15T22:20:00.000Z,708.59,709.75,708.15,709.3,347.28,
1789511100000,2026-09-15T22:25:00.000Z,709.3,711.58,709.01,711.17,93.63,
1789511400000,2026-09-15T22:30:00.000Z,711.17,712.43,711.16,712.37,27.27,
1789511700000,2026-09-15T22:35:00.000Z,712.37,712.85,711.65,712.61,16.81,
1789512000000,2026-09-15T22:40:00.000Z,712.61,712.61,712.11,712.55,141.52,
1789512300000,2026-09-15T22:45:00.000Z,712.55,713.56,712.37,713.56,12.47,
1789512600000,2026-09-15T22:50:00.000Z,713.56,714.11,713.42,713.59,147.77,
1789512900000,2026-09-15T22:55:00.000Z,713.59,713.73,712.76,712.91,99.71,
1789513200000,2026-09-15T23:00:00.000Z,712.91,713.42,712.85,713.32,12.22,
1789513500000,2026-09-15T23:05:00.000Z,713.32,713.87,713.26,713.87,36,
1789513800000,2026-09-15T23:10:00.000Z,713.87,714.79,713.83,714.76,40.06,
1789514100000,2026-09-15T23:15:00.000Z,714.76,715.08,714.5,715.08,68.39,
1789514400000,2026-09-15T23:20:00.000Z,715.08,715.08,714.36,714.36,28.02,
1789514700000,2026-09-15T23:25:00.000Z,714.36,714.36,713.62,713.62,59.43,
1789515000000,2026-09-15T23:30:00.000Z,713.62,713.62,711.74,712.69,53.79,
1789515300000,2026-09-15T23:35:00.000Z,712.69,712.69,711.45,711.58,38.6,
1789515600000,2026-09-15T23:40:00.000Z,711.58,712.58,711.29,712.42,34.22,
1789515900000,2026-09-15T23:45:00.000Z,712.42,712.59,712.02,712.02,21.51,
1789516200000,2026-09-15T23:50:00.000Z,712.02,712.93,712.02,712.41,12.03,
1789516500000,2026-09-15T23:55:00.000Z,712.41,712.47,711.62,711.67,28.2,
1789516800000,2026-09-16T00:00:00.000Z,711.67,712.63,711.52,712.47,37.17,
1789517100000,2026-09-16T00:05:00.000Z,712.47,713.72,712.47,713.42,36.66,
1789517400000,2026-09-16T00:10:00.000Z,713.42,714.27,713.17,714.09,8.86,
1789517700000,2026-09-16T00:15:00.000Z,714.09,714.91,713.92,714.91,12.15,
1789518000000,2026-09-16T00:20:00.000Z,714.91,715.31,714.44,715.31,57.08,
1789518300000,2026-09-16T00:25:00.000Z,715.31,715.31,714.51,714.82,20.92,
1789518600000,2026-09-16T00:30:00.000Z,714.82,715.58,714.76,714.76,14.01,
1789518900000,2026-09-16T00:35:00.000Z,714.76,715.31,714.75,715.31,2.52,
1789519200000,2026-09-16T00:40:00.000Z,715.31,715.42,713.23,713.41,16.65,
1789519500000,2026-09-16T00:45:00.000Z,713.41,714.18,712.98,713.84,22.68,
1789519800000,2026-09-16T00:50:00.000Z,713.84,714.29,713.61,714.05,24.61,
1789520100000,2026-09-16T00:55:00.000Z,714.05,714.05,713.32,713.76,28.4,
1789520400000,2026-09-16T01:00:00.000Z,713.76,714.4,712.56,712.56,82.97,
1789520700000,2026-09-16T01:05:00.000Z,712.56,713.18,712.56,713.06,1.66,
1789521000000,2026-09-16T01:10:00.000Z,713.06,713.52,712.76,713.47,15.78,
1789521300000,2026-09-16T01:15:00.000Z,713.47,713.47,712.9,713.2,9.37,
1789521600000,2026-09-16T01:20:00.000Z,713.2,713.94,713.2,713.94,14.1,
1789521900000,2026-09-16T01:25:00.000Z,713.94,714.32,713.65,713.65,22.5,
1789522200000,2026-09-16T01:30:00.000Z,713.65,713.66,711.44,711.44,98.67,
1789522500000,2026-09-16T01:35:00.000Z,711.44,712.08,709.91,709.95,146.49,
1789522800000,2026-09-16T01:40:00.000Z,709.95,710.82,709.92,710.68,102.66,
1789523100000,2026-09-16T01:45:00.000Z,710.68,711.14,709.95,710.2,59.25,
1789523400000,2026-09-16T01:50:00.000Z,710.2,710.2,708.48,708.54,19.89,
1789523700000,2026-09-16T01:55:00.000Z,708.54,708.91,708.28,708.28,81.41,
1789524000000,2026-09-16T02:00:00.000Z,708.28,710.13,708.28,709.57,62.81,
1789524300000,2026-09-16T02:05:00.000Z,709.57,709.65,708.32,708.65,33.92,
1789524600000,2026-09-16T02:10:00.000Z,708.65,709.54,707.65,709.53,173.24,
1789524900000,2026-09-16T02:15:00.000Z,709.53,711.47,709.5,710.95,15.77,
1789525200000,2026-09-16T02:20:00.000Z,710.95,711.25,710.92,711.19,24.37,
1789525500000,2026-09-16T02:25:00.000Z,711.19,712,711.19,712,1.73,
1789525800000,2026-09-16T02:30:00.000Z,712,713.63,712,713.26,15.97,
1789526100000,2026-09-16T02:35:00.000Z,713.26,714.22,713.26,714.05,83.17,
1789526400000,2026-09-16T02:40:00.000Z,714.05,714.17,713.6,713.6,56.91,
1789526700000,2026-09-16T02:45:00.000Z,713.6,713.61,713.37,713.61,2.31,
1789527000000,2026-09-16T02:50:00.000Z,713.61,713.77,712.52,712.52,22.82,
1789527300000,2026-09-16T02:55:00.000Z,712.52,712.52,711.52,712.25,52.73,
1789527600000,2026-09-16T03:00:00.000Z,712.25,713.35,712.25,712.79,43.78,
1789527900000,2026-09-16T03:05:00.000Z,712.79,713.6,712.79,713.26,38.39,
1789528200000,2026-09-16T03:10:00.000Z,713.26,714.5,713.12,714.5,37.94,
1789528500000,2026-09-16T03:15:00.000Z,714.5,715.26,714.41,714.68,98.38,
1789528800000,2026-09-16T03:20:00.000Z,714.68,715.04,714.46,714.62,6.99,
1789529100000,2026-09-16T03:25:00.000Z,714.62,714.72,714.19,714.23,61.08,
1789529400000,2026-09-16T03:30:00.000Z,714.23,714.23,713.32,713.66,43.58,
1789529700000,2026-09-16T03:35:00.000Z,713.66,713.66,712.48,713.27,6.31,
1789530000000,2026-09-16T03:40:00.000Z,713.27,713.45,712.9,713.35,43.68,
1789530300000,2026-09-16T03:45:00.000Z,713.35,713.71,713.29,713.29,6.93,
1789530600000,2026-09-16T03:50:00.000Z,713.29,713.32,712.95,713.21,2.42,
1789530900000,2026-09-16T03:55:00.000Z,713.21,713.65,713.2,713.65,2.25,
1789531200000,2026-09-16T04:00:00.000Z,713.65,715.08,713.59,715.08,16.69,
1789531500000,2026-09-16T04:05:00.000Z,715.08,715.08,714.38,714.38,21.43,
1789531800000,2026-09-16T04:10:00.000Z,714.38,714.79,714.19,714.31,1.25,
1789532100000,2026-09-16T04:15:00.000Z,714.31,714.39,714.14,714.39,3.17,
1789532400000,2026-09-16T04:20:00.000Z,714.39,715.3,714,715.26,54.25,
1789532700000,2026-09-16T04:25:00.000Z,715.26,715.26,713.89,714.04,151.27,
1789533000000,2026-09-16T04:30:00.000Z,714.04,714.04,713.3,713.98,34.83,
1789533300000,2026-09-16T04:35:00.000Z,713.98,715.05,713.98,715.05,10.19,
1789533600000,2026-09-16T04:40:00.000Z,715.05,715.59,714.76,714.76,41.29,
1789533900000,2026-09-16T04:45:00.000Z,714.76,715.05,714.64,714.64,2.12,
1789534200000,2026-09-16T04:50:00.000Z,714.64,714.64,714.12,714.13,8.48,
1789534500000,2026-09-16T04:55:00.000Z,714.13,714.96,714.12,714.77,36.82,
1789534800000,2026-09-16T05:00:00.000Z,714.77,714.95,712.75,713.08,24.59,
1789535100000,2026-09-16T05:05:00.000Z,713.08,713.81,712.64,713.81,23.35,
1789535400000,2026-09-16T05:10:00.000Z,713.81,713.95,713.57,713.89,11.94,
1789535700000,2026-09-16T05:15:00.000Z,713.89,714.33,713.89,714.33,3.52,
1789536000000,2026-09-16T05:20:00.000Z,714.33,714.99,714.1,714.4,76.91,
1789536300000,2026-09-16T05:25:00.000Z,714.4,714.4,713.67,713.84,4.46,
1789536600000,2026-09-16T05:30:00.000Z,713.84,714.28,713.3,714.23,3.89,
1789536900000,2026-09-16T05:35:00.000Z,714.23,714.94,714.23,714.77,65.86,
1789537200000,2026-09-16T05:40:00.000Z,714.77,715.12,714.74,714.83,16.45,
1789537500000,2026-09-16T05:45:00.000Z,714.83,715.09,714.26,714.4,28.37,
1789537800000,2026-09-16T05:50:00.000Z,714.4,714.72,713.93,713.95,4.11,
1789538100000,2026-09-16T05:55:00.000Z,713.95,714.54,713.91,714.54,27.49,
1789538400000,2026-09-16T06:00:00.000Z,714.54,714.92,713.88,713.88,63.84,
1789538700000,2026-09-16T06:05:00.000Z,713.88,714.34,713.88,713.92,1.39,
1789539000000,2026-09-16T06:10:00.000Z,713.92,714.12,713.68,714.12,5.64,
1789539300000,2026-09-16T06:15:00.000Z,714.12,714.12,713.34,713.62,9.4,
1789539600000,2026-09-16T06:20:00.000Z,713.62,713.73,713.06,713.06,7.91,
1789539900000,2026-09-16T06:25:00.000Z,713.06,713.06,712.76,712.82,0.99,
1789540200000,2026-09-16T06:30:00.000Z,712.82,712.97,712.65,712.75,3.34,
1789540500000,2026-09-16T06:35:00.000Z,712.75,712.75,711.17,711.23,24.92,
1789540800000,2026-09-16T06:40:00.000Z,711.23,711.85,711.23,711.84,2.35,
1789541100000,2026-09-16T06:45:00.000Z,711.84,712.9,711.84,712.27,2.44,
1789541400000,2026-09-16T06:50:00.000Z,712.27,712.6,712.2,712.6,16.93,
1789541700000,2026-09-16T06:55:00.000Z,712.6,713.86,712.6,713.77,17.75,
1789542000000,2026-09-16T07:00:00.000Z,713.77,714.36,713.46,714.04,21.17,
1789542300000,2026-09-16T07:05:00.000Z,714.04,714.04,712.47,712.47,6.44,
1789542600000,2026-09-16T07:10:00.000Z,712.47,712.47,711.54,711.55,19.31,
1789542900000,2026-09-16T07:15:00.000Z,711.55,712.8,711.55,711.56,73.27,
1789543200000,2026-09-16T07:20:00.000Z,711.56,712.37,711.56,712.36,28.51,
1789543500000,2026-09-16T07:25:00.000Z,712.36,712.51,711.93,711.93,4.68,
1789543800000,2026-09-16T07:30:00.000Z,711.93,711.93,711.21,711.21,32.66,
1789544100000,2026-09-16T07:35:00.000Z,711.21,711.33,710.29,710.29,17.97,
1789544400000,2026-09-16T07:40:00.000Z,710.29,710.29,708.96,709.24,620.59,
1789544700000,2026-09-16T07:45:00.000Z,709.24,709.99,709.09,709.44,25.44,
1789545000000,2026-09-16T07:50:00.000Z,709.44,709.44,708.74,708.74,20.03,
1789545300000,2026-09-16T07:55:00.000Z,708.74,709.37,708.74,709.13,2.93,
1789545600000,2026-09-16T08:00:00.000Z,709.13,709.13,707.69,707.69,48.92,
1789545900000,2026-09-16T08:05:00.000Z,707.69,707.76,706.16,706.66,397.2,
1789546200000,2026-09-16T08:10:00.000Z,706.66,707.08,706.16,706.42,10.33,
1789546500000,2026-09-16T08:15:00.000Z,706.42,707.17,705.07,705.64,239.54,
1789546800000,2026-09-16T08:20:00.000Z,705.64,705.73,704.44,704.67,114.34,
1789547100000,2026-09-16T08:25:00.000Z,704.67,704.94,703.6,704.4,115.13,
1789547400000,2026-09-16T08:30:00.000Z,704.4,705.11,704.13,704.6,40.09,
1789547700000,2026-09-16T08:35:00.000Z,704.6,705.62,704.59,705.62,40.11,
1789548000000,2026-09-16T08:40:00.000Z,705.62,705.92,705.43,705.63,3.74,
1789548300000,2026-09-16T08:45:00.000Z,705.63,705.68,704.98,705.32,51.19,
1789548600000,2026-09-16T08:50:00.000Z,705.32,706.15,705.32,706.14,15.66,
1789548900000,2026-09-16T08:55:00.000Z,706.14,706.93,706.12,706.56,18.19,
1789549200000,2026-09-16T09:00:00.000Z,706.56,707.41,706.44,707.41,7.87,
1789549500000,2026-09-16T09:05:00.000Z,707.41,707.88,706.86,707.38,48.85,
1789549800000,2026-09-16T09:10:00.000Z,707.38,708.31,707.19,708.14,60.6,
1789550100000,2026-09-16T09:15:00.000Z,708.14,708.46,707.48,708.46,17.44,
1789550400000,2026-09-16T09:20:00.000Z,708.46,709.67,708.46,709.67,18.72,
1789550700000,2026-09-16T09:25:00.000Z,709.67,710.09,709.2,709.58,27.27,
1789551000000,2026-09-16T09:30:00.000Z,709.58,709.99,709.48,709.59,8.36,
1789551300000,2026-09-16T09:35:00.000Z,709.59,710.08,709.11,709.87,21.5,
1789551600000,2026-09-16T09:40:00.000Z,709.87,709.95,709.66,709.83,1.17,
1789551900000,2026-09-16T09:45:00.000Z,709.83,710.09,709.56,710.09,1.55,
1789552200000,2026-09-16T09:50:00.000Z,710.09,710.51,710.06,710.33,11.24,
1789552500000,2026-09-16T09:55:00.000Z,710.33,710.33,709.76,710.07,167.4,
1789552800000,2026-09-16T10:00:00.000Z,710.07,710.79,709.94,709.94,80.29,
1789553100000,2026-09-16T10:05:00.000Z,709.94,710.64,709.64,710.64,127.11,
1789553400000,2026-09-16T10:10:00.000Z,710.64,710.65,709.82,710.06,31.67,
1789553700000,2026-09-16T10:15:00.000Z,710.06,710.85,710.06,710.66,63.79,
1789554000000,2026-09-16T10:20:00.000Z,710.66,711.21,710.42,710.55,18.78,
1789554300000,2026-09-16T10:25:00.000Z,710.55,711.14,710.53,711.06,9.41,
1789554600000,2026-09-16T10:30:00.000Z,711.06,711.1,710.48,710.67,14.36,
1789554900000,2026-09-16T10:35:00.000Z,710.67,711.09,710.63,710.93,37.28,
1789555200000,2026-09-16T10:40:00.000Z,710.93,711.28,710.93,711.2,0.1,
1789555500000,2026-09-16T10:45:00.000Z,711.2,711.27,710.87,710.87,1.21,
1789555800000,2026-09-16T10:50:00.000Z,710.87,710.87,710.64,710.73,2.8,
1789556100000,2026-09-16T10:55:00.000Z,710.73,710.81,710.58,710.81,2.77,
1789556400000,2026-09-16T11:00:00.000Z,710.81,711.68,710.81,711.6,108.23,
1789556700000,2026-09-16T11:05:00.000Z,711.6,711.6,710.59,710.79,69.97,
1789557000000,2026-09-16T11:10:00.000Z,710.79,711.16,710.66,710.66,4.54,
1789557300000,2026-09-16T11:15:00.000Z,710.66,712.24,710.52,712.23,55.5,
1789557600000,2026-09-16T11:20:00.000Z,712.23,712.3,711.41,711.47,53.88,
1789557900000,2026-09-16T11:25:00.000Z,711.47,712.01,711.47,711.91,8,
1789558200000,2026-09-16T11:30:00.000Z,711.91,712.75,711.91,712.52,72.51,
1789558500000,2026-09-16T11:35:00.000Z,712.52,713.16,712.5,712.85,49.21,
1789558800000,2026-09-16T11:40:00.000Z,712.85,715.2,712.55,715.01,184.54,
1789559100000,2026-09-16T11:45:00.000Z,715.01,715.21,713.68,714,79.13,
1789559400000,2026-09-16T11:50:00.000Z,714,714.41,713.81,713.87,51.89,
1789559700000,2026-09-16T11:55:00.000Z,713.87,714.09,713.74,713.83,20.25,
1789560000000,2026-09-16T12:00:00.000Z,713.83,714.09,713.23,713.97,159.09,
1789560300000,2026-09-16T12:05:00.000Z,713.97,713.97,713.39,713.51,30.62,
1789560600000,2026-09-16T12:10:00.000Z,713.51,713.51,712.55,712.84,52.1,
1789560900000,2026-09-16T12:15:00.000Z,712.84,713.53,712.73,713.4,47.63,
1789561200000,2026-09-16T12:20:00.000Z,713.4,713.58,713.06,713.16,25.44,
1789561500000,2026-09-16T12:25:00.000Z,713.16,713.4,712.55,712.77,18.24,
1789561800000,2026-09-16T12:30:00.000Z,712.77,713.09,711.36,712.93,201.57,
1789562100000,2026-09-16T12:35:00.000Z,712.93,713.09,711.98,711.98,20.55,
1789562400000,2026-09-16T12:40:00.000Z,711.98,712.53,711.96,712.47,16.84,
1789562700000,2026-09-16T12:45:00.000Z,712.47,712.92,712.28,712.92,5.36,
1789563000000,2026-09-16T12:50:00.000Z,712.92,713.12,712.26,712.26,58.53,
1789563300000,2026-09-16T12:55:00.000Z,712.26,712.26,711.58,712.17,27.73,
1789563600000,2026-09-16T13:00:00.000Z,712.17,712.3,710.43,710.79,36.57,
1789563900000,2026-09-16T13:05:00.000Z,710.79,710.87,710.58,710.7,23.43,
1789564200000,2026-09-16T13:10:00.000Z,710.7,711.32,710.01,711.32,28.1,
1789564500000,2026-09-16T13:15:00.000Z,711.32,712.12,711.16,711.77,27.29,
1789564800000,2026-09-16T13:20:00.000Z,711.77,711.77,711.26,711.29,19.19,
1789565100000,2026-09-16T13:25:00.000Z,711.29,711.76,711.17,711.62,27.27,
1789565400000,2026-09-16T13:30:00.000Z,711.62,711.85,710.9,711.21,27.38,
1789565700000,2026-09-16T13:35:00.000Z,711.21,711.56,709.64,709.92,888,
1789566000000,2026-09-16T13:40:00.000Z,709.92,711.36,709.69,711.36,30.77,
1789566300000,2026-09-16T13:45:00.000Z,711.36,712.56,710.38,711.76,159.85,
1789566600000,2026-09-16T13:50:00.000Z,711.76,712.67,710.9,711.28,67.8,
1789566900000,2026-09-16T13:55:00.000Z,711.28,711.75,710.58,710.58,7.5,
1789567200000,2026-09-16T14:00:00.000Z,710.58,710.62,708.77,709.3,37.55,
1789567500000,2026-09-16T14:05:00.000Z,709.3,710.21,709.21,710.15,7.52,
1789567800000,2026-09-16T14:10:00.000Z,710.15,710.15,708.73,709.39,42.38,
1789568100000,2026-09-16T14:15:00.000Z,709.39,710.87,709.38,709.51,76.01,
1789568400000,2026-09-16T14:20:00.000Z,709.51,710.36,709.45,709.9,249.99,
1789568700000,2026-09-16T14:25:00.000Z,709.9,711.35,709.9,711.35,20.69,
1789569000000,2026-09-16T14:30:00.000Z,711.35,711.35,709.36,710.85,69.04,
1789569300000,2026-09-16T14:35:00.000Z,710.85,710.85,709.45,709.45,13.41,
1789569600000,2026-09-16T14:40:00.000Z,709.45,710.15,709.3,709.94,45.42,
1789569900000,2026-09-16T14:45:00.000Z,709.94,710.17,708.44,709.1,21.13,
1789570200000,2026-09-16T14:50:00.000Z,709.1,709.59,707.72,708.61,76.99,
1789570500000,2026-09-16T14:55:00.000Z,708.61,708.82,708.21,708.82,22.67,
1789570800000,2026-09-16T15:00:00.000Z,708.82,710.39,708.82,709.93,23.54,
1789571100000,2026-09-16T15:05:00.000Z,709.93,710.83,708.97,710.18,25.92,
1789571400000,2026-09-16T15:10:00.000Z,710.18,710.9,710.17,710.54,27.46,
1789571700000,2026-09-16T15:15:00.000Z,710.54,710.54,709.42,709.93,18.69,
1789572000000,2026-09-16T15:20:00.000Z,709.93,711.16,709.93,710.76,17.09,
1789572300000,2026-09-16T15:25:00.000Z,710.76,710.76,709.18,709.18,4.18,
1789572600000,2026-09-16T15:30:00.000Z,709.18,709.46,708.31,709.11,9.24,
1789572900000,2026-09-16T15:35:00.000Z,709.11,711.07,709.11,711.07,2.69,
1789573200000,2026-09-16T15:40:00.000Z,711.07,711.4,710.83,711.01,29.54,
1789573500000,2026-09-16T15:45:00.000Z,711.01,713.09,710.88,712,96.31,
1789573800000,2026-09-16T15:50:00.000Z,712,712.7,711.68,711.83,32.02,
1789574100000,2026-09-16T15:55:00.000Z,711.83,711.83,710.83,711.09,21.41,
1789574400000,2026-09-16T16:00:00.000Z,711.09,711.4,710.67,710.67,33.85,
1789574700000,2026-09-16T16:05:00.000Z,710.67,711.56,710.26,711.09,96.47,
1789575000000,2026-09-16T16:10:00.000Z,711.09,712.3,711.06,711.93,11.6,
1789575300000,2026-09-16T16:15:00.000Z,711.93,713.08,711.69,713.08,17.86,
1789575600000,2026-09-16T16:20:00.000Z,713.08,713.08,711.81,711.81,5.24,
1789575900000,2026-09-16T16:25:00.000Z,711.81,712.24,711.81,712.07,22.99,
1789576200000,2026-09-16T16:30:00.000Z,712.07,712.65,712.07,712.22,4.68,
1789576500000,2026-09-16T16:35:00.000Z,712.22,712.38,711.68,711.72,3.28,
1789576800000,2026-09-16T16:40:00.000Z,711.72,711.72,711.19,711.21,27.27,
1789577100000,2026-09-16T16:45:00.000Z,711.21,713.08,711.21,712.6,74.66,
1789577400000,2026-09-16T16:50:00.000Z,712.6,713.18,712.51,713.18,4.45,
1789577700000,2026-09-16T16:55:00.000Z,713.18,713.33,712.89,712.89,8.25,
1789578000000,2026-09-16T17:00:00.000Z,712.89,712.89,712.16,712.62,54.02,
1789578300000,2026-09-16T17:05:00.000Z,712.62,712.75,711.77,711.77,22.74,
1789578600000,2026-09-16T17:10:00.000Z,711.77,712.66,711.77,712.48,12.46,
1789578900000,2026-09-16T17:15:00.000Z,712.48,713.29,712.36,712.52,7.16,
1789579200000,2026-09-16T17:20:00.000Z,712.52,712.97,712.08,712.69,25.07,
1789579500000,2026-09-16T17:25:00.000Z,712.69,712.91,712.6,712.8,2.71,
1789579800000,2026-09-16T17:30:00.000Z,712.8,713.01,712.03,712.03,0.59,
1789580100000,2026-09-16T17:35:00.000Z,712.03,712.29,710.67,710.67,30.07,
1789580400000,2026-09-16T17:40:00.000Z,710.67,710.89,709.82,710.49,41.02,
1789580700000,2026-09-16T17:45:00.000Z,710.49,711.6,708.22,708.94,282.04,
1789581000000,2026-09-16T17:50:00.000Z,708.94,711.17,708.94,710.51,90.36,
1789581300000,2026-09-16T17:55:00.000Z,710.51,713.87,710.23,712.83,129.75,
1789581600000,2026-09-16T18:00:00.000Z,712.83,716.73,710.06,716.19,1059.69,
1789581900000,2026-09-16T18:05:00.000Z,716.19,720.77,716.19,719.38,276.09,
1789582200000,2026-09-16T18:10:00.000Z,719.38,719.78,714.33,714.85,200.93,
1789582500000,2026-09-16T18:15:00.000Z,714.85,716.66,714.85,716.66,71.5,
1789582800000,2026-09-16T18:20:00.000Z,716.66,717.15,715.64,716.17,26.81,
1789583100000,2026-09-16T18:25:00.000Z,716.17,718.28,715.07,718.08,258,
1789583400000,2026-09-16T18:30:00.000Z,718.08,718.08,714.32,714.99,161.79,
1789583700000,2026-09-16T18:35:00.000Z,714.99,716.8,710.12,716.19,160.91,
1789584000000,2026-09-16T18:40:00.000Z,716.19,720.57,715.71,717.94,409.83,
1789584300000,2026-09-16T18:45:00.000Z,717.94,718.4,716.34,716.84,58.04,
1789584600000,2026-09-16T18:50:00.000Z,716.84,717.03,714.34,714.34,82.08,
1789584900000,2026-09-16T18:55:00.000Z,714.34,715.59,713.65,714.97,37.59,
1789585200000,2026-09-16T19:00:00.000Z,714.97,719.12,714.97,717.95,82.44,
1789585500000,2026-09-16T19:05:00.000Z,717.95,718.81,717.14,717.34,155.1,
1789585800000,2026-09-16T19:10:00.000Z,717.34,717.34,715.39,716.95,38.16,
1789586100000,2026-09-16T19:15:00.000Z,716.95,717.58,714.68,715.27,15.16,
1789586400000,2026-09-16T19:20:00.000Z,715.27,715.65,713.4,713.4,73.99,
1789586700000,2026-09-16T19:25:00.000Z,713.4,714.28,712.05,714.28,13.88,
1789587000000,2026-09-16T19:30:00.000Z,714.28,717,714.03,717,63.38,
1789587300000,2026-09-16T19:35:00.000Z,717,717.51,715.77,716.93,5.95,
1789587600000,2026-09-16T19:40:00.000Z,716.93,717.85,716.61,717.84,56.82,
1789587900000,2026-09-16T19:45:00.000Z,717.84,719.41,717.84,719.12,30.91,
1789588200000,2026-09-16T19:50:00.000Z,719.12,719.4,718.76,719.04,17.73,
1789588500000,2026-09-16T19:55:00.000Z,719.04,719.04,718.38,718.58,25.44,
1789588800000,2026-09-16T20:00:00.000Z,718.58,720.29,718.37,720.29,21.34,
1789589100000,2026-09-16T20:05:00.000Z,720.29,721.28,719.05,719.21,174.03,
1789589400000,2026-09-16T20:10:00.000Z,719.21,719.91,718.91,719.04,193.19,
1789589700000,2026-09-16T20:15:00.000Z,719.04,719.71,718.3,719.51,65.4,
1789590000000,2026-09-16T20:20:00.000Z,719.51,720.77,719.51,719.99,58.02,
1789590300000,2026-09-16T20:25:00.000Z,719.99,720.03,718.28,719.28,26.17,
1789590600000,2026-09-16T20:30:00.000Z,719.28,719.94,718.97,719.94,21.8,
1789590900000,2026-09-16T20:35:00.000Z,719.94,720.4,718.95,719.13,23.1,
1789591200000,2026-09-16T20:40:00.000Z,719.13,719.13,718.26,718.57,58.44,
1789591500000,2026-09-16T20:45:00.000Z,718.57,719.79,718.38,719.39,115.33,
1789591800000,2026-09-16T20:50:00.000Z,719.39,719.39,718.88,719.19,15.67,
1789592100000,2026-09-16T20:55:00.000Z,719.19,720.02,719.02,719.85,22.56,
1789592400000,2026-09-16T21:00:00.000Z,719.85,720.19,719.69,719.69,17.92,
1789592700000,2026-09-16T21:05:00.000Z,719.69,720.35,719.69,720,13.37,
1789593000000,2026-09-16T21:10:00.000Z,720,720.22,719.33,719.55,23.25,
1789593300000,2026-09-16T21:15:00.000Z,719.55,719.89,719.4,719.49,19.34,
1789593600000,2026-09-16T21:20:00.000Z,719.49,719.8,719.3,719.44,7.15,
1789593900000,2026-09-16T21:25:00.000Z,719.44,720.61,719.43,719.79,19.58,
1789594200000,2026-09-16T21:30:00.000Z,719.79,720.27,719.58,719.58,0.88,
1789594500000,2026-09-16T21:35:00.000Z,719.58,719.89,718.85,718.89,36.5,
1789594800000,2026-09-16T21:40:00.000Z,718.89,719.48,718.89,719.48,11.56,
1789595100000,2026-09-16T21:45:00.000Z,719.48,719.81,719.23,719.68,61.02,
1789595400000,2026-09-16T21:50:00.000Z,719.68,720.43,719.68,720.43,14.27,
1789595700000,2026-09-16T21:55:00.000Z,720.43,720.43,719.73,720.33,16.88,
1789596000000,2026-09-16T22:00:00.000Z,720.33,720.64,717.91,718.58,156.75,
1789596300000,2026-09-16T22:05:00.000Z,718.58,718.58,717.59,718.02,31.3,
1789596600000,2026-09-16T22:10:00.000Z,718.02,719.28,717.84,719.28,36.79,
1789596900000,2026-09-16T22:15:00.000Z,719.28,720.21,718.96,718.96,17.84,
1789597200000,2026-09-16T22:20:00.000Z,718.96,718.96,717.99,718.26,7.41,
1789597500000,2026-09-16T22:25:00.000Z,718.26,719.03,718.15,718.81,6.24,
1789597800000,2026-09-16T22:30:00.000Z,718.81,718.81,718.22,718.4,11.79,
1789598100000,2026-09-16T22:35:00.000Z,718.4,718.85,718.12,718.85,9.03,
1789598400000,2026-09-16T22:40:00.000Z,718.85,719.06,718.63,719.06,9.63,
1789598700000,2026-09-16T22:45:00.000Z,719.06,719.3,718.59,718.59,31.84,
1789599000000,2026-09-16T22:50:00.000Z,718.59,718.59,717.78,717.88,20.42,
1789599300000,2026-09-16T22:55:00.000Z,717.88,718.56,717.88,718.46,5.99,
1789599600000,2026-09-16T23:00:00.000Z,718.46,718.71,717.93,718.65,132.51,
1789599900000,2026-09-16T23:05:00.000Z,718.65,719.54,718.65,719.54,10.93,
1789600200000,2026-09-16T23:10:00.000Z,719.54,719.73,719.43,719.66,15.52,
1789600500000,2026-09-16T23:15:00.000Z,719.66,721.98,719.66,721.75,166.36,
1789600800000,2026-09-16T23:20:00.000Z,721.75,723.4,721.75,723.11,161.35,
1789601100000,2026-09-16T23:25:00.000Z,723.11,723.79,722.71,723.35,48.13,
1789601400000,2026-09-16T23:30:00.000Z,723.35,724.51,723.35,724.44,28.19,
1789601700000,2026-09-16T23:35:00.000Z,724.44,724.44,723.57,724.34,54.93,
1789602000000,2026-09-16T23:40:00.000Z,724.34,726.11,724.34,725.7,268.11,
1789602300000,2026-09-16T23:45:00.000Z,725.7,725.71,724.48,724.87,36.84,
1789602600000,2026-09-16T23:50:00.000Z,724.87,726.29,724.87,725.89,5.84,
1789602900000,2026-09-16T23:55:00.000Z,725.89,726.19,725.14,725.36,38.78,
1789603200000,2026-09-17T00:00:00.000Z,725.36,726.36,725.21,725.63,47.73,
1789603500000,2026-09-17T00:05:00.000Z,725.63,726.37,725.03,726.14,31.65,
1789603800000,2026-09-17T00:10:00.000Z,726.14,726.34,724.92,725.41,8.7,
1789604100000,2026-09-17T00:15:00.000Z,725.41,726.68,725.34,726.6,17.7,
1789604400000,2026-09-17T00:20:00.000Z,726.6,728.3,726.51,728.3,40.28,
1789604700000,2026-09-17T00:25:00.000Z,728.3,728.61,727.3,727.38,20,
1789605000000,2026-09-17T00:30:00.000Z,727.38,728.42,727.05,727.05,39.23,
1789605300000,2026-09-17T00:35:00.000Z,727.05,727.43,725.96,726.62,43.18,
1789605600000,2026-09-17T00:40:00.000Z,726.62,726.69,725.78,725.78,30.62,
1789605900000,2026-09-17T00:45:00.000Z,725.78,725.78,724.75,724.93,52.69,
1789606200000,2026-09-17T00:50:00.000Z,724.93,725.02,724.32,724.53,102.07,
1789606500000,2026-09-17T00:55:00.000Z,724.53,724.53,724.04,724.04,16.07,
1789606800000,2026-09-17T01:00:00.000Z,724.04,724.04,722.85,723.47,21.35,
1789607100000,2026-09-17T01:05:00.000Z,723.47,724.69,723.42,724,41.63,
1789607400000,2026-09-17T01:10:00.000Z,724,724.51,723.4,724.51,6.16,
1789607700000,2026-09-17T01:15:00.000Z,724.51,725.78,724.28,725.53,10.06,
1789608000000,2026-09-17T01:20:00.000Z,725.53,726,725.28,725.97,12.35,
1789608300000,2026-09-17T01:25:00.000Z,725.97,727.99,725.97,727.87,75.16,
1789608600000,2026-09-17T01:30:00.000Z,727.87,728.56,726.8,726.8,57.32,
1789608900000,2026-09-17T01:35:00.000Z,726.8,728.76,726.79,726.79,10.87,
1789609200000,2026-09-17T01:40:00.000Z,726.79,727,726,727,17.19,
1789609500000,2026-09-17T01:45:00.000Z,727,727,726.12,726.46,3.41,
1789609800000,2026-09-17T01:50:00.000Z,726.46,726.46,725.53,725.71,24.48,
1789610100000,2026-09-17T01:55:00.000Z,725.71,725.71,725.12,725.13,13.31,
1789610400000,2026-09-17T02:00:00.000Z,725.13,725.41,724.6,724.7,14.55,
1789610700000,2026-09-17T02:05:00.000Z,724.7,724.82,723.04,723.04,12.79,
1789611000000,2026-09-17T02:10:00.000Z,723.04,723.2,722.5,723.2,17.87,
1789611300000,2026-09-17T02:15:00.000Z,723.2,723.2,722.4,722.58,2.24,
1789611600000,2026-09-17T02:20:00.000Z,722.58,722.73,721.98,722.33,11.38,
1789611900000,2026-09-17T02:25:00.000Z,722.33,723.51,722.33,723.14,6.07,
1789612200000,2026-09-17T02:30:00.000Z,723.14,723.32,722.45,723.32,25.24,
1789612500000,2026-09-17T02:35:00.000Z,723.32,724.54,723.09,724.04,20.41,
1789612800000,2026-09-17T02:40:00.000Z,724.04,724.91,724.04,724.87,12.98,
1789613100000,2026-09-17T02:45:00.000Z,724.87,724.87,723.6,724.05,17.68,
1789613400000,2026-09-17T02:50:00.000Z,724.05,724.45,723.02,723.26,42.78,
1789613700000,2026-09-17T02:55:00.000Z,723.26,723.76,723.14,723.23,37.11,
1789614000000,2026-09-17T03:00:00.000Z,723.23,724.9,723.23,724.75,12.73,
1789614300000,2026-09-17T03:05:00.000Z,724.75,725.43,724.73,724.73,9.08,
1789614600000,2026-09-17T03:10:00.000Z,724.73,724.9,724.62,724.88,8.28,
1789614900000,2026-09-17T03:15:00.000Z,724.88,724.93,724.3,724.5,13.63,
1789615200000,2026-09-17T03:20:00.000Z,724.5,725.14,724.5,725.14,1.22,
1789615500000,2026-09-17T03:25:00.000Z,725.14,725.85,725.14,725.85,8.71,
1789615800000,2026-09-17T03:30:00.000Z,725.85,726.14,725.49,725.49,42.63,
1789616100000,2026-09-17T03:35:00.000Z,725.49,725.78,725.29,725.29,4.32,
1789616400000,2026-09-17T03:40:00.000Z,725.29,725.39,724.84,725.25,6.88,
1789616700000,2026-09-17T03:45:00.000Z,725.25,725.52,725.13,725.2,14.78,
1789617000000,2026-09-17T03:50:00.000Z,725.2,725.3,724.93,725.12,35.78,
1789617300000,2026-09-17T03:55:00.000Z,725.12,725.46,725.05,725.11,8.61,
1789617600000,2026-09-17T04:00:00.000Z,725.11,725.12,724.34,724.58,7.29,
1789617900000,2026-09-17T04:05:00.000Z,724.58,724.7,724.35,724.35,14.3,
1789618200000,2026-09-17T04:10:00.000Z,724.35,724.37,724.05,724.26,4.83,
1789618500000,2026-09-17T04:15:00.000Z,724.26,724.33,724.06,724.06,2.58,
1789618800000,2026-09-17T04:20:00.000Z,724.06,724.06,722.34,722.68,8.75,
1789619100000,2026-09-17T04:25:00.000Z,722.68,722.95,722.07,722.95,53.35,
1789619400000,2026-09-17T04:30:00.000Z,722.95,722.95,722.12,722.5,3.96,
1789619700000,2026-09-17T04:35:00.000Z,722.5,724.43,722.5,724.32,32.76,
1789620000000,2026-09-17T04:40:00.000Z,724.32,724.61,723.87,723.87,7.56,
1789620300000,2026-09-17T04:45:00.000Z,723.87,724.82,723.82,724.72,7.57,
1789620600000,2026-09-17T04:50:00.000Z,724.72,725,724.16,724.25,7.05,
1789620900000,2026-09-17T04:55:00.000Z,724.25,725.12,724.04,725.12,5.68,
1789621200000,2026-09-17T05:00:00.000Z,725.12,726.15,725.12,725.73,11.99,
1789621500000,2026-09-17T05:05:00.000Z,725.73,726.25,725.65,726.25,17.48,
1789621800000,2026-09-17T05:10:00.000Z,726.25,726.49,725.7,725.7,34.2,
1789622100000,2026-09-17T05:15:00.000Z,725.7,725.7,725.32,725.65,8.01,
1789622400000,2026-09-17T05:20:00.000Z,725.65,725.68,725.28,725.64,2.72,
1789622700000,2026-09-17T05:25:00.000Z,725.64,726.18,725.38,725.56,15.84,
1789623000000,2026-09-17T05:30:00.000Z,725.56,725.67,724.79,725.67,30.98,
1789623300000,2026-09-17T05:35:00.000Z,725.67,725.99,724.87,724.87,32.4,
1789623600000,2026-09-17T05:40:00.000Z,724.87,724.87,724.58,724.59,3.6,
1789623900000,2026-09-17T05:45:00.000Z,724.59,725.05,724.54,725.04,11.34,
1789624200000,2026-09-17T05:50:00.000Z,725.04,725.61,725.04,725.24,21.07,
1789624500000,2026-09-17T05:55:00.000Z,725.24,725.24,724.39,724.44,10.44,
1789624800000,2026-09-17T06:00:00.000Z,724.44,724.96,724.32,724.96,1.47,
1789625100000,2026-09-17T06:05:00.000Z,724.96,725.8,724.96,725.52,8.92,
1789625400000,2026-09-17T06:10:00.000Z,725.52,725.52,725.47,725.47,0.01,
1789625700000,2026-09-17T06:15:00.000Z,725.47,725.47,724.47,724.5,0.73,
1789626000000,2026-09-17T06:20:00.000Z,724.5,724.5,723.87,723.87,4.14,
1789626300000,2026-09-17T06:25:00.000Z,723.87,724.37,723.55,724.37,18,
1789626600000,2026-09-17T06:30:00.000Z,724.37,724.89,724.36,724.36,5.48,
1789626900000,2026-09-17T06:35:00.000Z,724.36,725.28,724.36,725.15,10.58,
1789627200000,2026-09-17T06:40:00.000Z,725.15,725.82,725.15,725.45,14.78,
1789627500000,2026-09-17T06:45:00.000Z,725.45,725.86,725.35,725.45,10.21,
1789627800000,2026-09-17T06:50:00.000Z,725.45,725.45,725.16,725.21,2.18,
1789628100000,2026-09-17T06:55:00.000Z,725.21,725.36,725,725.36,11.89,
1789628400000,2026-09-17T07:00:00.000Z,725.36,725.95,725.15,725.7,6.74,
1789628700000,2026-09-17T07:05:00.000Z,725.7,726.8,725.7,726.57,66.86,
1789629000000,2026-09-17T07:10:00.000Z,726.57,726.84,725.55,725.66,15.24,
1789629300000,2026-09-17T07:15:00.000Z,725.66,726.44,725.5,725.85,9.03,
1789629600000,2026-09-17T07:20:00.000Z,725.85,726.02,725.43,725.85,13.64,
1789629900000,2026-09-17T07:25:00.000Z,725.85,726.04,725.49,725.54,38.88,
1789630200000,2026-09-17T07:30:00.000Z,725.54,726.02,725.51,725.82,11.36,
1789630500000,2026-09-17T07:35:00.000Z,725.82,725.82,725.16,725.16,18.54,
1789630800000,2026-09-17T07:40:00.000Z,725.16,725.3,724.79,724.79,12.1,
1789631100000,2026-09-17T07:45:00.000Z,724.79,724.81,724.45,724.66,14.38,
1789631400000,2026-09-17T07:50:00.000Z,724.66,724.66,724.44,724.44,0.64,
1789631700000,2026-09-17T07:55:00.000Z,724.44,724.44,723.66,723.71,20.01,
1789632000000,2026-09-17T08:00:00.000Z,723.71,724.45,723.71,724.45,11.15,
1789632300000,2026-09-17T08:05:00.000Z,724.45,724.94,724.2,724.54,23.42,
1789632600000,2026-09-17T08:10:00.000Z,724.54,724.85,724.13,724.31,76.03,
1789632900000,2026-09-17T08:15:00.000Z,724.31,724.88,723.95,724.32,28.39,
1789633200000,2026-09-17T08:20:00.000Z,724.32,724.99,724.19,724.66,16.63,
1789633500000,2026-09-17T08:25:00.000Z,724.66,724.66,724.16,724.16,4.58,
1789633800000,2026-09-17T08:30:00.000Z,724.16,724.2,723.72,724.06,18.24,
1789634100000,2026-09-17T08:35:00.000Z,724.06,725.4,723.98,725.39,10.7,
1789634400000,2026-09-17T08:40:00.000Z,725.39,725.39,724.72,725.28,4.27,
1789634700000,2026-09-17T08:45:00.000Z,725.28,725.9,725.28,725.85,2.93,
1789635000000,2026-09-17T08:50:00.000Z,725.85,726.33,725.76,725.82,10.09,
1789635300000,2026-09-17T08:55:00.000Z,725.82,725.86,725.66,725.67,4.95,
1789635600000,2026-09-17T09:00:00.000Z,725.67,726.43,725.51,726.18,15.12,
1789635900000,2026-09-17T09:05:00.000Z,726.18,726.55,726.01,726.15,118.52,
1789636200000,2026-09-17T09:10:00.000Z,726.15,726.96,726.15,726.35,17.63,
1789636500000,2026-09-17T09:15:00.000Z,726.35,726.81,726.18,726.34,23.83,
1789636800000,2026-09-17T09:20:00.000Z,726.34,726.6,726.23,726.38,4.79,
1789637100000,2026-09-17T09:25:00.000Z,726.38,726.64,726,726,11.17,
1789637400000,2026-09-17T09:30:00.000Z,726,726.29,725.86,726.21,184.43,
1789637700000,2026-09-17T09:35:00.000Z,726.21,726.55,726.08,726.09,20.19,
1789638000000,2026-09-17T09:40:00.000Z,726.09,726.14,725.64,725.76,20.04,
1789638300000,2026-09-17T09:45:00.000Z,725.76,726.27,725.29,725.35,18.13,
1789638600000,2026-09-17T09:50:00.000Z,725.35,725.88,724.7,725.87,59.75,
1789638900000,2026-09-17T09:55:00.000Z,725.87,725.88,725.02,725.02,20.4,
1789639200000,2026-09-17T10:00:00.000Z,725.02,725.17,723.85,724.4,21.18,
1789639500000,2026-09-17T10:05:00.000Z,724.4,725.2,724.34,724.45,47.26,
1789639800000,2026-09-17T10:10:00.000Z,724.45,724.45,723.9,723.97,4.28,
1789640100000,2026-09-17T10:15:00.000Z,723.97,723.97,723,723.06,37.81,
1789640400000,2026-09-17T10:20:00.000Z,723.06,723.06,722.34,722.34,20.39,
1789640700000,2026-09-17T10:25:00.000Z,722.34,722.86,722.34,722.71,41.67,
1789641000000,2026-09-17T10:30:00.000Z,722.71,722.71,722.09,722.32,34.72,
1789641300000,2026-09-17T10:35:00.000Z,722.32,723.15,722.32,723.12,14.12,
1789641600000,2026-09-17T10:40:00.000Z,723.12,723.12,722.36,722.36,21.95,
1789641900000,2026-09-17T10:45:00.000Z,722.36,722.48,722.01,722.2,9.62,
1789642200000,2026-09-17T10:50:00.000Z,722.2,722.72,722.2,722.72,2.65,
1789642500000,2026-09-17T10:55:00.000Z,722.72,723.07,722.72,723.07,18.99,
1789642800000,2026-09-17T11:00:00.000Z,723.07,723.35,722.85,722.85,4.24,
1789643100000,2026-09-17T11:05:00.000Z,722.85,722.85,722.25,722.36,25.19,
1789643400000,2026-09-17T11:10:00.000Z,722.36,722.77,722.36,722.55,30.65,
1789643700000,2026-09-17T11:15:00.000Z,722.55,722.89,722.27,722.37,280.06,
1789644000000,2026-09-17T11:20:00.000Z,722.37,722.37,721.99,721.99,20.06,
1789644300000,2026-09-17T11:25:00.000Z,721.99,722.09,721.53,721.95,37.51,
1789644600000,2026-09-17T11:30:00.000Z,721.95,721.95,721.22,721.22,42.08,
1789644900000,2026-09-17T11:35:00.000Z,721.22,721.24,720.56,720.78,57.82,
1789645200000,2026-09-17T11:40:00.000Z,720.78,720.78,720.23,720.54,43.15,
1789645500000,2026-09-17T11:45:00.000Z,720.54,721.04,720.28,721.04,6.08,
1789645800000,2026-09-17T11:50:00.000Z,721.04,722.28,720.97,722.28,20.65,
1789646100000,2026-09-17T11:55:00.000Z,722.28,724.08,722.28,724.08,48.76,
1789646400000,2026-09-17T12:00:00.000Z,724.08,725.3,723.71,725.2,52.56,
1789646700000,2026-09-17T12:05:00.000Z,725.2,726.16,724.9,726.16,40.91,
1789647000000,2026-09-17T12:10:00.000Z,726.16,727.89,726.11,727.69,138.78,
1789647300000,2026-09-17T12:15:00.000Z,727.69,730.58,727.58,730.12,268.52,
1789647600000,2026-09-17T12:20:00.000Z,730.12,732,729.94,730.77,194.09,
1789647900000,2026-09-17T12:25:00.000Z,730.77,730.78,730.03,730.51,59.74,
1789648200000,2026-09-17T12:30:00.000Z,730.51,731.38,729.13,730.5,46.03,
1789648500000,2026-09-17T12:35:00.000Z,730.5,730.5,728.78,728.97,34.24,
1789648800000,2026-09-17T12:40:00.000Z,728.97,728.97,727.78,727.8,47.72,
1789649100000,2026-09-17T12:45:00.000Z,727.8,728.25,727.33,727.42,46.47,
1789649400000,2026-09-17T12:50:00.000Z,727.42,728.47,727.34,727.92,163.73,
1789649700000,2026-09-17T12:55:00.000Z,727.92,728.9,727.62,728.22,238.22,
1789650000000,2026-09-17T13:00:00.000Z,728.22,729.8,728.17,728.78,42.05,
1789650300000,2026-09-17T13:05:00.000Z,728.78,728.78,727.39,727.39,67.71,
1789650600000,2026-09-17T13:10:00.000Z,727.39,727.98,726.71,727.3,52.62,
1789650900000,2026-09-17T13:15:00.000Z,727.3,728.01,727.08,727.43,43.06,
1789651200000,2026-09-17T13:20:00.000Z,727.43,727.83,727.05,727.33,22.53,
1789651500000,2026-09-17T13:25:00.000Z,727.33,727.49,726.67,726.78,18.69,
1789651800000,2026-09-17T13:30:00.000Z,726.78,727.53,725.24,726.05,122.42,
1789652100000,2026-09-17T13:35:00.000Z,726.05,726.05,722.87,722.87,119.45,
1789652400000,2026-09-17T13:40:00.000Z,722.87,724.36,722.77,723.58,47.27,
1789652700000,2026-09-17T13:45:00.000Z,723.58,725.75,723.42,725.3,23.1,
1789653000000,2026-09-17T13:50:00.000Z,725.3,726.61,725.27,725.95,31.07,
1789653300000,2026-09-17T13:55:00.000Z,725.95,726.91,725.38,726.79,48.45,
1789653600000,2026-09-17T14:00:00.000Z,726.79,727.04,724.27,724.27,80.31,
1789653900000,2026-09-17T14:05:00.000Z,724.27,726.6,724.27,726.59,92.99,
1789654200000,2026-09-17T14:10:00.000Z,726.59,728.72,726.32,728.72,126.79,
1789654500000,2026-09-17T14:15:00.000Z,728.72,728.72,726.24,726.34,52.09,
1789654800000,2026-09-17T14:20:00.000Z,726.34,727.93,726.34,727.46,13.35,
1789655100000,2026-09-17T14:25:00.000Z,727.46,729.11,727.46,728.44,16.6,
1789655400000,2026-09-17T14:30:00.000Z,728.44,728.6,727.35,727.47,52.56,
1789655700000,2026-09-17T14:35:00.000Z,727.47,727.74,726.96,727.42,43.62,
1789656000000,2026-09-17T14:40:00.000Z,727.42,727.42,725.81,725.89,5.7,
1789656300000,2026-09-17T14:45:00.000Z,725.89,726.64,725.53,725.53,19,
1789656600000,2026-09-17T14:50:00.000Z,725.53,725.69,725.12,725.6,11.9,
1789656900000,2026-09-17T14:55:00.000Z,725.6,725.6,725.11,725.11,4.83,
1789657200000,2026-09-17T15:00:00.000Z,725.11,725.26,724.15,724.59,13.1,
1789657500000,2026-09-17T15:05:00.000Z,724.59,725.09,724,724.65,31.53,
1789657800000,2026-09-17T15:10:00.000Z,724.65,725.04,724.38,725.04,1.86,
1789658100000,2026-09-17T15:15:00.000Z,725.04,726.04,724.5,725.45,27.1,
1789658400000,2026-09-17T15:20:00.000Z,725.45,725.45,724.79,724.84,2.41,
1789658700000,2026-09-17T15:25:00.000Z,724.84,725.26,724.53,725.2,5.12,
1789659000000,2026-09-17T15:30:00.000Z,725.2,725.54,725.2,725.27,4.3,
1789659300000,2026-09-17T15:35:00.000Z,725.27,727.2,725.27,727.2,15.76,
1789659600000,2026-09-17T15:40:00.000Z,727.2,728.26,727.2,727.66,13.92,
1789659900000,2026-09-17T15:45:00.000Z,727.66,727.81,726.94,727.02,28.88,
1789660200000,2026-09-17T15:50:00.000Z,727.02,727.37,726.63,727.06,24,
1789660500000,2026-09-17T15:55:00.000Z,727.06,727.16,726.62,727.16,1.26,
1789660800000,2026-09-17T16:00:00.000Z,727.16,727.53,726.85,726.85,15.51,
1789661100000,2026-09-17T16:05:00.000Z,726.85,727.07,726.43,727.03,4.54,
1789661400000,2026-09-17T16:10:00.000Z,727.03,727.09,726.87,727.08,8.24,
1789661700000,2026-09-17T16:15:00.000Z,727.08,727.17,726.83,726.94,1.64,
1789662000000,2026-09-17T16:20:00.000Z,726.94,727.45,726.78,727.43,2.62,
1789662300000,2026-09-17T16:25:00.000Z,727.43,727.43,726.64,726.71,3.06,
1789662600000,2026-09-17T16:30:00.000Z,726.71,727.54,725.53,725.8,22.51,
1789662900000,2026-09-17T16:35:00.000Z,725.8,726.73,725.8,726.58,67.23,
1789663200000,2026-09-17T16:40:00.000Z,726.58,727.24,726.34,727.24,43.94,
1789663500000,2026-09-17T16:45:00.000Z,727.24,727.52,726.53,726.8,25.79,
1789663800000,2026-09-17T16:50:00.000Z,726.8,727.58,726.73,727.41,300.93,
1789664100000,2026-09-17T16:55:00.000Z,727.41,728.17,726.69,728.16,211.63,
1789664400000,2026-09-17T17:00:00.000Z,728.16,729.25,728.15,729.14,105.58,
1789664700000,2026-09-17T17:05:00.000Z,729.14,729.49,728.88,729.45,7.91,
1789665000000,2026-09-17T17:10:00.000Z,729.45,729.47,728.78,728.84,32.43,
1789665300000,2026-09-17T17:15:00.000Z,728.84,729.15,728.46,728.99,7.88,
1789665600000,2026-09-17T17:20:00.000Z,728.99,729.91,728.99,729.45,7.54,
1789665900000,2026-09-17T17:25:00.000Z,729.45,729.76,729.29,729.61,22.6,
1789666200000,2026-09-17T17:30:00.000Z,729.61,729.69,729.35,729.57,38.98,
1789666500000,2026-09-17T17:35:00.000Z,729.57,729.6,728.96,729.09,12.47,
1789666800000,2026-09-17T17:40:00.000Z,729.09,729.42,728.51,728.51,13.27,
1789667100000,2026-09-17T17:45:00.000Z,728.51,728.52,727.79,728.13,46.5,
1789667400000,2026-09-17T17:50:00.000Z,728.13,728.52,728.09,728.47,42.61,
1789667700000,2026-09-17T17:55:00.000Z,728.47,728.71,728.47,728.6,5.88,
1789668000000,2026-09-17T18:00:00.000Z,728.6,728.68,728.41,728.6,6.01,
1789668300000,2026-09-17T18:05:00.000Z,728.6,728.66,728.41,728.66,11.68,
1789668600000,2026-09-17T18:10:00.000Z,728.66,729,728.34,728.94,231.25,
1789668900000,2026-09-17T18:15:00.000Z,728.94,728.94,728.72,728.85,2.77,
1789669200000,2026-09-17T18:20:00.000Z,728.85,729.03,728.54,728.72,19.69,
1789669500000,2026-09-17T18:25:00.000Z,728.72,728.72,728.31,728.56,43.21,
1789669800000,2026-09-17T18:30:00.000Z,728.56,728.61,727.28,727.28,66.26,
1789670100000,2026-09-17T18:35:00.000Z,727.28,727.63,726.8,726.94,212.33,
1789670400000,2026-09-17T18:40:00.000Z,726.94,727.73,726.83,727.73,21.44,
1789670700000,2026-09-17T18:45:00.000Z,727.73,727.96,727.27,727.63,10.72,
1789671000000,2026-09-17T18:50:00.000Z,727.63,727.84,727.26,727.84,12.95,
1789671300000,2026-09-17T18:55:00.000Z,727.84,727.86,727.48,727.49,3.25,
1789671600000,2026-09-17T19:00:00.000Z,727.49,727.82,727.33,727.73,55.13,
1789671900000,2026-09-17T19:05:00.000Z,727.73,728.46,727.73,728.19,4.75,
1789672200000,2026-09-17T19:10:00.000Z,728.19,728.61,728.19,728.55,24.75,
1789672500000,2026-09-17T19:15:00.000Z,728.55,728.56,727.87,727.87,1.84,
1789672800000,2026-09-17T19:20:00.000Z,727.87,729.54,727.87,729.28,25.38,
1789673100000,2026-09-17T19:25:00.000Z,729.28,729.59,729.05,729.29,12.31,
1789673400000,2026-09-17T19:30:00.000Z,729.29,730.14,729.15,729.91,13.14,
1789673700000,2026-09-17T19:35:00.000Z,729.91,729.94,729.41,729.41,61.65,
1789674000000,2026-09-17T19:40:00.000Z,729.41,731.04,729.41,730.84,52.98,
1789674300000,2026-09-17T19:45:00.000Z,730.84,730.97,729.9,730.6,62.18,
1789674600000,2026-09-17T19:50:00.000Z,730.6,733.21,730.6,732.9,135.22,
1789674900000,2026-09-17T19:55:00.000Z,732.9,733.07,731.71,732.07,97.97,
1789675200000,2026-09-17T20:00:00.000Z,732.07,732.31,731.17,731.6,120.94,
1789675500000,2026-09-17T20:05:00.000Z,731.6,732.73,731.6,732.43,14.87,
1789675800000,2026-09-17T20:10:00.000Z,732.43,732.86,732.36,732.86,2.71,
1789676100000,2026-09-17T20:15:00.000Z,732.86,733.32,732.43,733.16,16.65,
1789676400000,2026-09-17T20:20:00.000Z,733.16,735.38,733.16,735.38,178.54,
1789676700000,2026-09-17T20:25:00.000Z,735.38,735.95,734.35,734.35,157.45,
1789677000000,2026-09-17T20:30:00.000Z,734.35,734.45,734.18,734.28,12.51,
1789677300000,2026-09-17T20:35:00.000Z,734.28,735,734.14,734.14,41.48,
1789677600000,2026-09-17T20:40:00.000Z,734.14,735.32,733.26,733.52,35.52,
1789677900000,2026-09-17T20:45:00.000Z,733.52,733.65,733.3,733.3,1.86,
1789678200000,2026-09-17T20:50:00.000Z,733.3,734.44,733.19,734.43,9.35,
1789678500000,2026-09-17T20:55:00.000Z,734.43,734.46,734.23,734.25,20.24,
1789678800000,2026-09-17T21:00:00.000Z,734.25,735.13,733.92,733.92,67.92,
1789679100000,2026-09-17T21:05:00.000Z,733.92,734.1,733.8,733.87,7.32,
1789679400000,2026-09-17T21:10:00.000Z,733.87,733.87,733.37,733.37,14.83,
1789679700000,2026-09-17T21:15:00.000Z,733.37,733.66,733.37,733.57,3.31,
1789680000000,2026-09-17T21:20:00.000Z,733.57,734.33,733.57,734.05,8.08,
1789680300000,2026-09-17T21:25:00.000Z,734.05,734.45,734,734,1.33,
1789680600000,2026-09-17T21:30:00.000Z,734,734,733.77,733.94,1.24,
1789680900000,2026-09-17T21:35:00.000Z,733.94,734.2,733.82,734.19,2.97,
1789681200000,2026-09-17T21:40:00.000Z,734.19,734.22,733.73,733.73,5.54,
1789681500000,2026-09-17T21:45:00.000Z,733.73,733.81,733.4,733.4,7.22,
1789681800000,2026-09-17T21:50:00.000Z,733.4,733.44,733.24,733.43,0.39,
1789682100000,2026-09-17T21:55:00.000Z,733.43,733.5,733.09,733.5,25.8,
1789682400000,2026-09-17T22:00:00.000Z,733.5,733.94,732.86,733.59,51.05,
1789682700000,2026-09-17T22:05:00.000Z,733.59,734.46,733.48,733.48,30.59,
1789683000000,2026-09-17T22:10:00.000Z,733.48,734.35,733.28,733.6,40.82,
1789683300000,2026-09-17T22:15:00.000Z,733.6,734,733.09,733.24,407.76,
1789683600000,2026-09-17T22:20:00.000Z,733.24,733.84,733,733.84,26.2,
1789683900000,2026-09-17T22:25:00.000Z,733.84,734.2,733.28,733.28,25.11,
1789684200000,2026-09-17T22:30:00.000Z,733.28,733.79,733.28,733.49,20.78,
1789684500000,2026-09-17T22:35:00.000Z,733.49,735.11,733.3,735.11,15.33,
1789684800000,2026-09-17T22:40:00.000Z,735.11,735.19,734.5,734.64,205.3,
1789685100000,2026-09-17T22:45:00.000Z,734.64,735.12,734.31,734.97,74.6,
1789685400000,2026-09-17T22:50:00.000Z,734.97,735.32,734.76,735.07,38.02,
1789685700000,2026-09-17T22:55:00.000Z,735.07,735.25,734.2,735.25,31.48,
1789686000000,2026-09-17T23:00:00.000Z,735.25,735.84,734.94,735.84,79.47,
1789686300000,2026-09-17T23:05:00.000Z,735.84,736.44,735.74,736.03,93.63,
1789686600000,2026-09-17T23:10:00.000Z,736.03,736.6,735.89,736.03,80.78,
1789686900000,2026-09-17T23:15:00.000Z,736.03,736.05,735.44,736.05,108.38,
1789687200000,2026-09-17T23:20:00.000Z,736.05,736.76,735.74,736.71,9.49,
1789687500000,2026-09-17T23:25:00.000Z,736.71,737.25,736.21,736.36,56.45,
1789687800000,2026-09-17T23:30:00.000Z,736.36,736.63,736.35,736.35,7.91,
1789688100000,2026-09-17T23:35:00.000Z,736.35,736.9,736.23,736.9,39.59,
1789688400000,2026-09-17T23:40:00.000Z,736.9,737.09,736.49,736.66,24.95,
1789688700000,2026-09-17T23:45:00.000Z,736.66,738.78,736.66,738.13,133.96,
1789689000000,2026-09-17T23:50:00.000Z,738.13,738.66,737.87,738.66,24.79,
1789689300000,2026-09-17T23:55:00.000Z,738.66,739.09,737.93,737.93,84.32,
1789689600000,2026-09-18T00:00:00.000Z,737.93,738.51,737.01,738.51,67.98,
1789689900000,2026-09-18T00:05:00.000Z,738.51,739.39,738.16,739.38,55.03,
1789690200000,2026-09-18T00:10:00.000Z,739.38,739.39,737.05,737.52,93.41,
1789690500000,2026-09-18T00:15:00.000Z,737.52,737.8,735.35,735.75,275.64,
1789690800000,2026-09-18T00:20:00.000Z,735.75,735.75,734.79,735.41,60.02,
1789691100000,2026-09-18T00:25:00.000Z,735.41,735.68,734.71,734.81,11.02,
1789691400000,2026-09-18T00:30:00.000Z,734.81,735.94,734.81,735.94,200.86,
1789691700000,2026-09-18T00:35:00.000Z,735.94,736.45,735.43,735.43,2.64,
1789692000000,2026-09-18T00:40:00.000Z,735.43,735.43,735,735.35,68.38,
1789692300000,2026-09-18T00:45:00.000Z,735.35,735.36,735,735.36,29.37,
1789692600000,2026-09-18T00:50:00.000Z,735.36,737.04,735.36,737.04,14.93,
1789692900000,2026-09-18T00:55:00.000Z,737.04,737.73,736.97,737.34,27.26,
1789693200000,2026-09-18T01:00:00.000Z,737.34,737.78,737.04,737.11,13.4,
1789693500000,2026-09-18T01:05:00.000Z,737.11,738.98,737.01,738.93,11.56,
1789693800000,2026-09-18T01:10:00.000Z,738.93,741,738.93,740.65,138.31,
1789694100000,2026-09-18T01:15:00.000Z,740.65,741.43,740.32,741,29.36,
1789694400000,2026-09-18T01:20:00.000Z,741,741.24,739.5,740.36,44.41,
1789694700000,2026-09-18T01:25:00.000Z,740.36,741.57,740.09,741.19,58.2,
1789695000000,2026-09-18T01:30:00.000Z,741.19,742.67,741.02,742.53,313.47,
1789695300000,2026-09-18T01:35:00.000Z,742.53,742.82,741.88,742.61,72.59,
1789695600000,2026-09-18T01:40:00.000Z,742.61,743.75,742.6,742.94,36.49,
1789695900000,2026-09-18T01:45:00.000Z,742.94,743.73,742.62,743.59,92.21,
1789696200000,2026-09-18T01:50:00.000Z,743.59,743.96,742.89,743.9,35.9,
1789696500000,2026-09-18T01:55:00.000Z,743.9,743.97,742.75,743.14,78.81,
1789696800000,2026-09-18T02:00:00.000Z,743.14,745.04,742.99,744.14,512.66,
1789697100000,2026-09-18T02:05:00.000Z,744.14,744.43,743.59,743.77,20.32,
1789697400000,2026-09-18T02:10:00.000Z,743.77,745.96,743.54,744.66,89.17,
1789697700000,2026-09-18T02:15:00.000Z,744.66,746.67,744.66,745.13,51.02,
1789698000000,2026-09-18T02:20:00.000Z,745.13,748.07,745.1,747.8,111.5,
1789698300000,2026-09-18T02:25:00.000Z,747.8,749.18,747.38,749.13,295.67,
1789698600000,2026-09-18T02:30:00.000Z,749.13,751,749.07,750.37,259.05,
1789698900000,2026-09-18T02:35:00.000Z,750.37,751.87,749.6,750.97,202.37,
1789699200000,2026-09-18T02:40:00.000Z,750.97,750.97,748.22,748.22,105.3,
1789699500000,2026-09-18T02:45:00.000Z,748.22,748.46,746.52,747.37,110.53,
1789699800000,2026-09-18T02:50:00.000Z,747.37,748.16,747.16,748.16,114.88,
1789700100000,2026-09-18T02:55:00.000Z,748.16,748.84,747.73,748.12,27.84,
1789700400000,2026-09-18T03:00:00.000Z,748.12,748.6,746.79,748.5,72.17,
1789700700000,2026-09-18T03:05:00.000Z,748.5,750.61,748.48,750.46,61.02,
1789701000000,2026-09-18T03:10:00.000Z,750.46,751.39,749.83,750.89,93.45,
1789701300000,2026-09-18T03:15:00.000Z,750.89,753.79,750.88,752.76,272.48,
1789701600000,2026-09-18T03:20:00.000Z,752.76,752.76,750.68,750.81,82.22,
1789701900000,2026-09-18T03:25:00.000Z,750.81,751.1,749.33,750.25,128.32,
1789702200000,2026-09-18T03:30:00.000Z,750.25,751.05,749.56,749.67,52.6,
1789702500000,2026-09-18T03:35:00.000Z,749.67,750.76,749.23,749.39,11.52,
1789702800000,2026-09-18T03:40:00.000Z,749.39,750.31,749.08,750.24,76.13,
1789703100000,2026-09-18T03:45:00.000Z,750.24,752.2,750.24,752.04,40.91,
1789703400000,2026-09-18T03:50:00.000Z,752.04,752.26,751.46,751.86,56.91,
1789703700000,2026-09-18T03:55:00.000Z,751.86,751.86,750.4,751.06,21.83,
1789704000000,2026-09-18T04:00:00.000Z,751.06,751.77,750.49,750.6,52.44,
1789704300000,2026-09-18T04:05:00.000Z,750.6,750.6,748.48,748.88,66.18,
1789704600000,2026-09-18T04:10:00.000Z,748.88,749.69,748.84,748.85,52.7,
1789704900000,2026-09-18T04:15:00.000Z,748.85,749.43,748.4,749.06,66.17,
1789705200000,2026-09-18T04:20:00.000Z,749.06,749.74,749,749.43,35.92,
1789705500000,2026-09-18T04:25:00.000Z,749.43,750.35,748.85,750.35,79.57,
1789705800000,2026-09-18T04:30:00.000Z,750.35,750.39,748.78,749.66,37.49,
1789706100000,2026-09-18T04:35:00.000Z,749.66,752.33,749.66,751.64,104.83,
1789706400000,2026-09-18T04:40:00.000Z,751.64,752.15,750.76,752.15,205.59,
1789706700000,2026-09-18T04:45:00.000Z,752.15,752.64,751.61,751.79,111.32,
1789707000000,2026-09-18T04:50:00.000Z,751.79,751.98,751.4,751.6,29.34,
1789707300000,2026-09-18T04:55:00.000Z,751.6,752.35,751.26,751.27,10.52,
1789707600000,2026-09-18T05:00:00.000Z,751.27,751.77,750.91,751.24,112.56,
1789707900000,2026-09-18T05:05:00.000Z,751.24,752.67,750.47,751.84,42.96,
1789708200000,2026-09-18T05:10:00.000Z,751.84,753.58,751.49,753.35,42.09,
1789708500000,2026-09-18T05:15:00.000Z,753.35,754.14,752.29,752.63,65.24,
1789708800000,2026-09-18T05:20:00.000Z,752.63,752.73,750.59,751.08,65.89,
1789709100000,2026-09-18T05:25:00.000Z,751.08,752.62,750.68,752.26,66.33,
1789709400000,2026-09-18T05:30:00.000Z,752.26,753.85,751.67,753.85,222.05,
1789709700000,2026-09-18T05:35:00.000Z,753.85,753.85,752.39,753.11,46.44,
1789710000000,2026-09-18T05:40:00.000Z,753.11,753.36,752.7,753.02,113.91,
1789710300000,2026-09-18T05:45:00.000Z,753.02,753.12,751.61,751.65,141.53,
1789710600000,2026-09-18T05:50:00.000Z,751.65,751.76,750.39,750.65,593.35,
1789710900000,2026-09-18T05:55:00.000Z,750.65,751.86,750.65,751.86,8.73,
1789711200000,2026-09-18T06:00:00.000Z,751.86,754.2,751.86,753.97,220.18,
1789711500000,2026-09-18T06:05:00.000Z,753.97,754.78,753.26,753.26,86.67,
1789711800000,2026-09-18T06:10:00.000Z,753.26,754.01,752.79,752.96,56.51,
1789712100000,2026-09-18T06:15:00.000Z,752.96,753.6,752.64,752.64,59.29,
1789712400000,2026-09-18T06:20:00.000Z,752.64,753.71,752.32,752.81,188.6,
1789712700000,2026-09-18T06:25:00.000Z,752.81,753.13,752.21,752.3,29.96,
1789713000000,2026-09-18T06:30:00.000Z,752.3,752.42,751.7,751.7,9.04,
1789713300000,2026-09-18T06:35:00.000Z,751.7,752.76,751.54,752.76,31.87,
1789713600000,2026-09-18T06:40:00.000Z,752.76,753.1,752.65,752.74,16.75,
1789713900000,2026-09-18T06:45:00.000Z,752.74,752.93,752.38,752.93,24.41,
1789714200000,2026-09-18T06:50:00.000Z,752.93,753.93,752.93,753.52,19.66,
1789714500000,2026-09-18T06:55:00.000Z,753.52,754.73,753.32,754.56,27.49,
1789714800000,2026-09-18T07:00:00.000Z,754.56,755.33,753.87,755.33,166.84,
1789715100000,2026-09-18T07:05:00.000Z,755.33,755.87,754.66,754.66,26.79,
1789715400000,2026-09-18T07:10:00.000Z,754.66,755.39,754.66,755.17,121.2,
1789715700000,2026-09-18T07:15:00.000Z,755.17,758.45,755.17,757.65,264.71,
1789716000000,2026-09-18T07:20:00.000Z,757.65,758.99,756.73,756.79,236.63,
1789716300000,2026-09-18T07:25:00.000Z,756.79,756.96,754.73,754.79,134.32,
1789716600000,2026-09-18T07:30:00.000Z,754.79,757.13,754.62,756,759.16,
1789716900000,2026-09-18T07:35:00.000Z,756,756.01,754.83,755.16,102.2,
1789717200000,2026-09-18T07:40:00.000Z,755.16,755.65,755.16,755.47,24.71,
1789717500000,2026-09-18T07:45:00.000Z,755.47,755.47,752.9,752.99,49.09,
1789717800000,2026-09-18T07:50:00.000Z,752.99,754.95,752.98,753.18,98.57,
1789718100000,2026-09-18T07:55:00.000Z,753.18,754.4,752.67,752.67,215.38,
1789718400000,2026-09-18T08:00:00.000Z,752.67,754.32,752.6,754.23,99.55,
1789718700000,2026-09-18T08:05:00.000Z,754.23,754.23,751.12,751.3,89.87,
1789719000000,2026-09-18T08:10:00.000Z,751.3,752.92,750.74,752.15,115.82,
1789719300000,2026-09-18T08:15:00.000Z,752.15,752.93,752.09,752.24,30.58,
1789719600000,2026-09-18T08:20:00.000Z,752.24,754.4,751.78,754.3,211.03,
1789719900000,2026-09-18T08:25:00.000Z,754.3,754.3,752.97,753.24,51.39,
1789720200000,2026-09-18T08:30:00.000Z,753.24,754.09,752.57,753.67,11.97,
1789720500000,2026-09-18T08:35:00.000Z,753.67,753.74,753.08,753.62,89.61,
1789720800000,2026-09-18T08:40:00.000Z,753.62,753.62,752.89,753.23,20.75,
1789721100000,2026-09-18T08:45:00.000Z,753.23,753.47,752.83,752.93,30.56,
1789721400000,2026-09-18T08:50:00.000Z,752.93,753.94,752.6,753.9,126.81,
1789721700000,2026-09-18T08:55:00.000Z,753.9,754.49,753.61,754.47,17.97,
1789722000000,2026-09-18T09:00:00.000Z,754.47,755.14,752.96,753.3,145.35,
1789722300000,2026-09-18T09:05:00.000Z,753.3,755.26,753.3,754.84,40.4,
1789722600000,2026-09-18T09:10:00.000Z,754.84,754.84,753.37,754.16,115.21,
1789722900000,2026-09-18T09:15:00.000Z,754.16,754.71,753.23,754.31,149.3,
1789723200000,2026-09-18T09:20:00.000Z,754.31,754.48,753.36,753.54,29.51,
1789723500000,2026-09-18T09:25:00.000Z,753.54,753.54,751.86,751.98,449.24,
1789723800000,2026-09-18T09:30:00.000Z,751.98,752.13,751.12,751.12,70.09,
1789724100000,2026-09-18T09:35:00.000Z,751.12,751.12,750.53,750.53,87.79,
1789724400000,2026-09-18T09:40:00.000Z,750.53,750.77,749.62,749.99,149.79,
1789724700000,2026-09-18T09:45:00.000Z,749.99,751.22,749.99,750.53,155.87,
1789725000000,2026-09-18T09:50:00.000Z,750.53,751.02,750.41,750.66,22.99,
1789725300000,2026-09-18T09:55:00.000Z,750.66,751.57,750.66,751.15,44.65,
1789725600000,2026-09-18T10:00:00.000Z,751.15,751.15,750.67,750.82,11.16,
1789725900000,2026-09-18T10:05:00.000Z,750.82,751.24,749.65,749.73,70.09,
1789726200000,2026-09-18T10:10:00.000Z,749.73,750.8,749.17,750.68,927.77,
1789726500000,2026-09-18T10:15:00.000Z,750.68,750.68,750.05,750.53,61.48,
1789726800000,2026-09-18T10:20:00.000Z,750.53,751.45,749.87,750.51,89.66,
1789727100000,2026-09-18T10:25:00.000Z,750.51,751.6,750.17,751.54,16.49,
1789727400000,2026-09-18T10:30:00.000Z,751.54,752.11,751.36,751.73,44.94,
1789727700000,2026-09-18T10:35:00.000Z,751.73,751.99,751.59,751.83,35.97,
1789728000000,2026-09-18T10:40:00.000Z,751.83,752.46,751.71,751.86,22.85,
1789728300000,2026-09-18T10:45:00.000Z,751.86,752.17,751.73,752.17,54.87,
1789728600000,2026-09-18T10:50:00.000Z,752.17,752.97,752.17,752.46,78.52,
1789728900000,2026-09-18T10:55:00.000Z,752.46,752.54,751.89,751.97,70.49,
1789729200000,2026-09-18T11:00:00.000Z,751.97,753.11,751.8,753.11,24.28,
1789729500000,2026-09-18T11:05:00.000Z,753.11,753.47,749.01,750.17,110.22,
1789729800000,2026-09-18T11:10:00.000Z,750.17,750.17,748.44,748.91,143.1,
1789730100000,2026-09-18T11:15:00.000Z,748.91,750.25,748.74,750.14,30.39,
1789730400000,2026-09-18T11:20:00.000Z,750.14,750.33,749.54,750.1,101.97,
1789730700000,2026-09-18T11:25:00.000Z,750.1,750.28,749.48,750.05,94.82,
1789731000000,2026-09-18T11:30:00.000Z,750.05,750.86,749.71,749.91,136.5,
1789731300000,2026-09-18T11:35:00.000Z,749.91,750.64,749.61,749.61,15.07,
1789731600000,2026-09-18T11:40:00.000Z,749.61,749.61,748.36,748.53,15.54,
1789731900000,2026-09-18T11:45:00.000Z,748.53,749.32,748.53,749.08,108.78,
1789732200000,2026-09-18T11:50:00.000Z,749.08,749.96,749.08,749.54,72.76,
1789732500000,2026-09-18T11:55:00.000Z,749.54,749.69,748.43,748.64,58.64,
1789732800000,2026-09-18T12:00:00.000Z,748.64,749.29,747.87,749.29,123.18,
1789733100000,2026-09-18T12:05:00.000Z,749.29,749.29,746.84,747.05,58.59,
1789733400000,2026-09-18T12:10:00.000Z,747.05,747.12,746.05,746.58,62.26,
1789733700000,2026-09-18T12:15:00.000Z,746.58,746.72,745.96,746,9.57,
1789734000000,2026-09-18T12:20:00.000Z,746,746.1,745.26,745.52,61.79,
1789734300000,2026-09-18T12:25:00.000Z,745.52,745.69,744.2,744.44,65.81,
1789734600000,2026-09-18T12:30:00.000Z,744.44,746.03,744.34,746,228.58,
1789734900000,2026-09-18T12:35:00.000Z,746,746.67,745.93,746.67,28.93,
1789735200000,2026-09-18T12:40:00.000Z,746.67,746.67,745.61,745.61,42.36,
1789735500000,2026-09-18T12:45:00.000Z,745.61,745.98,745.42,745.43,31.9,
1789735800000,2026-09-18T12:50:00.000Z,745.43,745.91,745.31,745.41,52.74,
1789736100000,2026-09-18T12:55:00.000Z,745.41,745.84,745.41,745.84,13.18,
1789736400000,2026-09-18T13:00:00.000Z,745.84,746.76,745.65,746.32,79.1,
1789736700000,2026-09-18T13:05:00.000Z,746.32,746.88,746.28,746.88,83.69,
1789737000000,2026-09-18T13:10:00.000Z,746.88,747.24,746.74,747.18,26.46,
1789737300000,2026-09-18T13:15:00.000Z,747.18,747.85,747.02,747.85,94.2,
1789737600000,2026-09-18T13:20:00.000Z,747.85,749.37,747.85,749.25,186.6,
1789737900000,2026-09-18T13:25:00.000Z,749.25,750.75,748.62,750.74,279.1,
1789738200000,2026-09-18T13:30:00.000Z,750.74,752.69,750.5,752.21,210.76,
1789738500000,2026-09-18T13:35:00.000Z,752.21,755.83,751.91,755.83,132.95,
1789738800000,2026-09-18T13:40:00.000Z,755.83,757.51,754.42,757.39,261.67,
1789739100000,2026-09-18T13:45:00.000Z,757.39,759.91,756.95,759.57,446.47,
1789739400000,2026-09-18T13:50:00.000Z,759.57,762.09,757.7,757.79,845.61,
1789739700000,2026-09-18T13:55:00.000Z,757.79,758.4,755.89,758,566.96,
1789740000000,2026-09-18T14:00:00.000Z,758,759.38,756.46,757.44,330.09,
1789740300000,2026-09-18T14:05:00.000Z,757.44,758.11,754.66,756.05,114.6,
1789740600000,2026-09-18T14:10:00.000Z,756.05,757.19,755.2,757.13,68.25,
1789740900000,2026-09-18T14:15:00.000Z,757.13,759.3,757.13,758.91,201.11,
1789741200000,2026-09-18T14:20:00.000Z,758.91,761.3,758.81,760.77,193.01,
1789741500000,2026-09-18T14:25:00.000Z,760.77,761.12,758,758.93,141.57,
1789741800000,2026-09-18T14:30:00.000Z,758.93,758.93,756.92,757.7,195.22,
1789742100000,2026-09-18T14:35:00.000Z,757.7,758.64,757.13,757.89,200.77,
1789742400000,2026-09-18T14:40:00.000Z,757.89,759.05,757.58,759.03,100.24,
1789742700000,2026-09-18T14:45:00.000Z,759.03,760,758.34,759.61,66.32,
1789743000000,2026-09-18T14:50:00.000Z,759.61,761.38,758.95,760.6,123.1,
1789743300000,2026-09-18T14:55:00.000Z,760.6,761.05,759.5,760.02,89.62,
1789743600000,2026-09-18T15:00:00.000Z,760.02,760.25,757.14,757.26,104.74,
1789743900000,2026-09-18T15:05:00.000Z,757.26,758.24,755.56,755.56,64.68,
1789744200000,2026-09-18T15:10:00.000Z,755.56,756.56,754.73,756.54,132.49,
1789744500000,2026-09-18T15:15:00.000Z,756.54,758.67,756.54,758.53,370.02,
1789744800000,2026-09-18T15:20:00.000Z,758.53,759.63,757.9,759.63,69.12,
1789745100000,2026-09-18T15:25:00.000Z,759.63,760.19,757.69,758.25,39.07,
1789745400000,2026-09-18T15:30:00.000Z,758.25,758.25,755.63,756.12,426.25,
1789745700000,2026-09-18T15:35:00.000Z,756.12,757.24,755.76,756.13,99.12,
1789746000000,2026-09-18T15:40:00.000Z,756.13,756.13,754.86,754.92,15.06,
1789746300000,2026-09-18T15:45:00.000Z,754.92,755.31,753.34,755.06,499.27,
1789746600000,2026-09-18T15:50:00.000Z,755.06,756.07,755.06,755.49,24.45,
1789746900000,2026-09-18T15:55:00.000Z,755.49,756.8,755.17,756.34,33.56,
1789747200000,2026-09-18T16:00:00.000Z,756.34,758.1,755.74,758.1,404.3,
1789747500000,2026-09-18T16:05:00.000Z,758.1,760.28,757.98,760.28,94.06,
1789747800000,2026-09-18T16:10:00.000Z,760.28,760.28,759.14,759.59,33.99,
1789748100000,2026-09-18T16:15:00.000Z,759.59,760.33,759.43,759.92,54.58,
1789748400000,2026-09-18T16:20:00.000Z,759.92,760.19,758.63,759.17,74.56,
1789748700000,2026-09-18T16:25:00.000Z,759.17,759.2,757.8,758.89,42.78,
1789749000000,2026-09-18T16:30:00.000Z,758.89,760.8,758.83,760.59,12.39,
1789749300000,2026-09-18T16:35:00.000Z,760.59,760.59,758.41,760.3,156.42,
1789749600000,2026-09-18T16:40:00.000Z,760.3,760.3,758.66,759.65,59.06,
1789749900000,2026-09-18T16:45:00.000Z,759.65,759.65,757.24,757.39,62.55,
1789750200000,2026-09-18T16:50:00.000Z,757.39,759.21,757.14,759.21,16.91,
1789750500000,2026-09-18T16:55:00.000Z,759.21,759.21,757.76,757.92,32.5,
1789750800000,2026-09-18T17:00:00.000Z,757.92,758.08,756.55,757.3,312.55,
1789751100000,2026-09-18T17:05:00.000Z,757.3,757.58,756.91,757.07,51.85,
1789751400000,2026-09-18T17:10:00.000Z,757.07,757.64,756.6,757.48,19.55,
1789751700000,2026-09-18T17:15:00.000Z,757.48,759.16,757.29,757.73,31.11,
1789752000000,2026-09-18T17:20:00.000Z,757.73,757.86,756.38,757.34,26.84,
1789752300000,2026-09-18T17:25:00.000Z,757.34,758.16,757.34,758.08,55.16,
1789752600000,2026-09-18T17:30:00.000Z,758.08,758.12,757.19,757.61,7.02,
1789752900000,2026-09-18T17:35:00.000Z,757.61,758.25,757.41,758.25,48.29,
1789753200000,2026-09-18T17:40:00.000Z,758.25,758.64,758,758.64,13.94,
1789753500000,2026-09-18T17:45:00.000Z,758.64,759.79,758.62,759.79,44.45,
1789753800000,2026-09-18T17:50:00.000Z,759.79,760.66,759.77,760.64,227.16,
1789754100000,2026-09-18T17:55:00.000Z,760.64,761.29,760.26,761.1,161.28,
1789754400000,2026-09-18T18:00:00.000Z,761.1,761.57,760.39,760.99,30.79,
1789754700000,2026-09-18T18:05:00.000Z,760.99,762,760.81,761.71,90.93,
1789755000000,2026-09-18T18:10:00.000Z,761.71,761.97,760.85,761.97,60.4,
1789755300000,2026-09-18T18:15:00.000Z,761.97,761.97,761.38,761.9,1.17,
1789755600000,2026-09-18T18:20:00.000Z,761.9,761.95,760.91,760.91,68.19,
1789755900000,2026-09-18T18:25:00.000Z,760.91,762.27,760.86,762.26,74.79,
1789756200000,2026-09-18T18:30:00.000Z,762.26,763.39,761.59,763.23,162.87,
1789756500000,2026-09-18T18:35:00.000Z,763.23,764.78,762.51,763.51,278.74,
1789756800000,2026-09-18T18:40:00.000Z,763.51,763.51,762.35,762.61,79.84,
1789757100000,2026-09-18T18:45:00.000Z,762.61,764.28,762.61,764.28,40.47,
1789757400000,2026-09-18T18:50:00.000Z,764.28,764.45,763.19,763.19,65.8,
1789757700000,2026-09-18T18:55:00.000Z,763.19,764.19,763.19,764.03,28.32,
1789758000000,2026-09-18T19:00:00.000Z,764.03,765,763.97,764.95,22.05,
1789758300000,2026-09-18T19:05:00.000Z,764.95,767.2,764.84,767.2,96.98,
1789758600000,2026-09-18T19:10:00.000Z,767.2,767.95,766.7,766.81,110.08,
1789758900000,2026-09-18T19:15:00.000Z,766.81,768.58,766.31,767.77,78.73,
1789759200000,2026-09-18T19:20:00.000Z,767.77,767.77,765.89,766.04,97.72,
1789759500000,2026-09-18T19:25:00.000Z,766.04,767.7,765.53,766.72,105.89,
1789759800000,2026-09-18T19:30:00.000Z,766.72,766.96,766.34,766.34,23.14,
1789760100000,2026-09-18T19:35:00.000Z,766.34,766.34,765.64,766.03,41.19,
1789760400000,2026-09-18T19:40:00.000Z,766.03,767.33,765.84,767.3,45.77,
1789760700000,2026-09-18T19:45:00.000Z,767.3,767.5,766.23,766.27,49.72,
1789761000000,2026-09-18T19:50:00.000Z,766.27,766.61,765.5,765.5,22.62,
1789761300000,2026-09-18T19:55:00.000Z,765.5,766.16,765.42,766.03,27.23,
1789761600000,2026-09-18T20:00:00.000Z,766.03,766.29,763.55,764.64,217.01,
1789761900000,2026-09-18T20:05:00.000Z,764.64,764.7,763.52,763.67,53.29,
1789762200000,2026-09-18T20:10:00.000Z,763.67,764.45,763.67,764.04,29.26,
1789762500000,2026-09-18T20:15:00.000Z,764.04,764.69,763.74,764.32,23.11,
1789762800000,2026-09-18T20:20:00.000Z,764.32,764.52,763.49,763.72,26.39,
1789763100000,2026-09-18T20:25:00.000Z,763.72,763.72,762.78,763.11,53.03,
1789763400000,2026-09-18T20:30:00.000Z,763.11,763.15,762.73,763.05,17.12,
1789763700000,2026-09-18T20:35:00.000Z,763.05,763.44,762.56,763.41,21.78,
1789764000000,2026-09-18T20:40:00.000Z,763.41,764.64,763.18,764.36,32.15,
1789764300000,2026-09-18T20:45:00.000Z,764.36,764.69,763.24,763.47,48.5,
1789764600000,2026-09-18T20:50:00.000Z,763.47,763.92,762.96,763.22,12.51,
1789764900000,2026-09-18T20:55:00.000Z,763.22,763.43,762.88,763.26,16.5,
1789765200000,2026-09-18T21:00:00.000Z,763.26,764.31,763.24,764.27,43.37,
1789765500000,2026-09-18T21:05:00.000Z,764.27,764.73,763.97,764.32,3.2,
1789765800000,2026-09-18T21:10:00.000Z,764.32,764.52,763.9,764.52,22.61,
1789766100000,2026-09-18T21:15:00.000Z,764.52,764.52,762.95,762.97,27.14,
1789766400000,2026-09-18T21:20:00.000Z,762.97,763.59,762.97,763.17,41.49,
1789766700000,2026-09-18T21:25:00.000Z,763.17,764.28,763.17,763.58,46.38,
1789767000000,2026-09-18T21:30:00.000Z,763.58,763.73,763.03,763.39,13.23,
1789767300000,2026-09-18T21:35:00.000Z,763.39,764.58,763.39,764.47,3.18,
1789767600000,2026-09-18T21:40:00.000Z,764.47,764.64,764.23,764.51,18.94,
1789767900000,2026-09-18T21:45:00.000Z,764.51,764.51,763.73,763.85,2.31,
1789768200000,2026-09-18T21:50:00.000Z,763.85,763.9,763.4,763.53,4.26,
1789768500000,2026-09-18T21:55:00.000Z,763.53,763.61,763.46,763.51,8.3,
1789768800000,2026-09-18T22:00:00.000Z,763.51,763.97,762.5,762.5,8.86,
1789769100000,2026-09-18T22:05:00.000Z,762.5,764.07,762.5,764.07,58.58,
1789769400000,2026-09-18T22:10:00.000Z,764.07,764.17,762.88,763.05,15.47,
1789769700000,2026-09-18T22:15:00.000Z,763.05,764.36,763.05,764.36,33.91,
1789770000000,2026-09-18T22:20:00.000Z,764.36,764.42,763.54,763.65,387.01,
1789770300000,2026-09-18T22:25:00.000Z,763.65,763.66,763.08,763.08,16.58,
1789770600000,2026-09-18T22:30:00.000Z,763.08,763.08,761.33,761.33,12.86,
1789770900000,2026-09-18T22:35:00.000Z,761.33,762.55,761.12,762.55,10.11,
1789771200000,2026-09-18T22:40:00.000Z,762.55,762.84,762.36,762.48,10.81,
1789771500000,2026-09-18T22:45:00.000Z,762.48,762.76,762.43,762.76,5.01,
1789771800000,2026-09-18T22:50:00.000Z,762.76,762.94,762.21,762.6,30.25,
1789772100000,2026-09-18T22:55:00.000Z,762.6,763.64,762.42,763.64,39.9,
1789772400000,2026-09-18T23:00:00.000Z,763.64,764.48,763.14,763.18,11.61,
1789772700000,2026-09-18T23:05:00.000Z,763.18,763.26,762.36,762.43,21.11,
1789773000000,2026-09-18T23:10:00.000Z,762.43,763.39,762.35,763.12,6.04,
1789773300000,2026-09-18T23:15:00.000Z,763.12,763.29,762.45,762.53,70.5,
1789773600000,2026-09-18T23:20:00.000Z,762.53,763.08,762.38,762.38,7.74,
1789773900000,2026-09-18T23:25:00.000Z,762.38,762.48,762,762.04,30.77,
1789774200000,2026-09-18T23:30:00.000Z,762.04,762.25,761.43,762.25,20.05,
1789774500000,2026-09-18T23:35:00.000Z,762.25,762.32,760.93,761.62,53.65,
1789774800000,2026-09-18T23:40:00.000Z,761.62,761.65,761.16,761.44,6.01,
1789775100000,2026-09-18T23:45:00.000Z,761.44,761.71,761.04,761.34,26.3,
1789775400000,2026-09-18T23:50:00.000Z,761.34,761.64,759.85,760.93,84.85,
1789775700000,2026-09-18T23:55:00.000Z,760.93,761.38,760.39,760.9,19.26,
1789776000000,2026-09-19T00:00:00.000Z,760.9,761.25,759.36,759.79,199.06,
1789776300000,2026-09-19T00:05:00.000Z,759.79,760.66,759.79,760.16,20.22,
1789776600000,2026-09-19T00:10:00.000Z,760.16,761.05,760.16,761.01,3.58,
1789776900000,2026-09-19T00:15:00.000Z,761.01,761.76,760.86,761.76,161.54,
1789777200000,2026-09-19T00:20:00.000Z,761.76,761.86,760.95,761,7.29,
1789777500000,2026-09-19T00:25:00.000Z,761,761.43,760.52,761.38,31.02,
1789777800000,2026-09-19T00:30:00.000Z,761.38,762.51,761.25,762.49,24.12,
1789778100000,2026-09-19T00:35:00.000Z,762.49,763.33,762.49,763.15,5.01,
1789778400000,2026-09-19T00:40:00.000Z,763.15,763.91,763.15,763.76,33.45,
1789778700000,2026-09-19T00:45:00.000Z,763.76,763.95,762.79,762.79,13.12,
1789779000000,2026-09-19T00:50:00.000Z,762.79,763.51,762.66,763.09,16.49,
1789779300000,2026-09-19T00:55:00.000Z,763.09,763.77,762.72,763.58,21.51,
1789779600000,2026-09-19T01:00:00.000Z,763.58,763.74,762.64,762.64,8.39,
1789779900000,2026-09-19T01:05:00.000Z,762.64,762.88,762.15,762.18,35.86,
1789780200000,2026-09-19T01:10:00.000Z,762.18,762.72,760.64,761.1,52.71,
1789780500000,2026-09-19T01:15:00.000Z,761.1,761.36,759.92,759.92,8.48,
1789780800000,2026-09-19T01:20:00.000Z,759.92,761.79,759.31,761.79,16.08,
1789781100000,2026-09-19T01:25:00.000Z,761.79,763.19,761.79,762.69,12.61,
1789781400000,2026-09-19T01:30:00.000Z,762.69,762.69,760.91,760.94,3.98,
1789781700000,2026-09-19T01:35:00.000Z,760.94,760.94,759.06,759.97,82.77,
1789782000000,2026-09-19T01:40:00.000Z,759.97,761.14,759.67,761.14,6.34,
1789782300000,2026-09-19T01:45:00.000Z,761.14,762.77,761.14,762.58,5.7,
1789782600000,2026-09-19T01:50:00.000Z,762.58,763.32,762.35,763.04,59.64,
1789782900000,2026-09-19T01:55:00.000Z,763.04,763.04,761.46,762.17,13.54,
1789783200000,2026-09-19T02:00:00.000Z,762.17,762.43,761.82,762.09,5.7,
1789783500000,2026-09-19T02:05:00.000Z,762.09,763.32,762.09,763.29,1.49,
1789783800000,2026-09-19T02:10:00.000Z,763.29,763.72,763.15,763.15,9.48,
1789784100000,2026-09-19T02:15:00.000Z,763.15,763.16,762.67,762.67,7.79,
1789784400000,2026-09-19T02:20:00.000Z,762.67,764.24,762.59,763.64,48.97,
1789784700000,2026-09-19T02:25:00.000Z,763.64,763.64,762.66,762.66,7.02,
1789785000000,2026-09-19T02:30:00.000Z,762.66,763.21,762.32,762.99,11.2,
1789785300000,2026-09-19T02:35:00.000Z,762.99,763.16,762.37,762.37,11.24,
1789785600000,2026-09-19T02:40:00.000Z,762.37,762.37,762.11,762.11,0.36,
1789785900000,2026-09-19T02:45:00.000Z,762.11,762.11,761.15,761.61,57.15,
1789786200000,2026-09-19T02:50:00.000Z,761.61,761.63,761.14,761.14,0.39,
1789786500000,2026-09-19T02:55:00.000Z,761.14,761.47,760.95,761.47,16.2,
1789786800000,2026-09-19T03:00:00.000Z,761.47,762.31,761.26,762.31,49.65,
1789787100000,2026-09-19T03:05:00.000Z,762.31,762.33,761.71,761.71,21.91,
1789787400000,2026-09-19T03:10:00.000Z,761.71,761.94,761.5,761.72,46.3,
1789787700000,2026-09-19T03:15:00.000Z,761.72,761.72,760.49,760.49,162.74,
1789788000000,2026-09-19T03:20:00.000Z,760.49,761.15,760.48,760.72,44.07,
1789788300000,2026-09-19T03:25:00.000Z,760.72,760.72,759.59,759.65,11.81,
1789788600000,2026-09-19T03:30:00.000Z,759.65,759.83,758.46,758.65,45.09,
1789788900000,2026-09-19T03:35:00.000Z,758.65,759.19,758.05,758.97,54.79,
1789789200000,2026-09-19T03:40:00.000Z,758.97,759.3,758.83,759.3,6.3,
1789789500000,2026-09-19T03:45:00.000Z,759.3,759.88,759.29,759.87,4.77,
1789789800000,2026-09-19T03:50:00.000Z,759.87,759.87,759.43,759.6,4.16,
1789790100000,2026-09-19T03:55:00.000Z,759.6,759.72,759.06,759.06,18.13,
1789790400000,2026-09-19T04:00:00.000Z,759.06,759.87,759.05,759.73,47.89,
1789790700000,2026-09-19T04:05:00.000Z,759.73,761.54,759.33,761.46,57.62,
1789791000000,2026-09-19T04:10:00.000Z,761.46,763.94,761.4,763.94,135.42,
1789791300000,2026-09-19T04:15:00.000Z,763.94,766.66,763.2,766.12,611.78,
1789791600000,2026-09-19T04:20:00.000Z,766.12,767.3,763.88,763.88,231.61,
1789791900000,2026-09-19T04:25:00.000Z,763.88,763.88,763,763.25,31.63,
1789792200000,2026-09-19T04:30:00.000Z,763.25,763.27,761.56,761.64,42.13,
1789792500000,2026-09-19T04:35:00.000Z,761.64,763.13,760.51,760.51,460.94,
1789792800000,2026-09-19T04:40:00.000Z,760.51,761.01,760.2,760.61,55.17,
1789793100000,2026-09-19T04:45:00.000Z,760.61,760.72,759.47,759.87,479.6,
1789793400000,2026-09-19T04:50:00.000Z,759.87,760.3,759.48,760.07,316.5,
1789793700000,2026-09-19T04:55:00.000Z,760.07,760.26,759.79,759.79,26.55,
1789794000000,2026-09-19T05:00:00.000Z,759.79,760.59,759.77,760.59,21.11,
1789794300000,2026-09-19T05:05:00.000Z,760.59,761.79,760.59,761.63,42.26,
1789794600000,2026-09-19T05:10:00.000Z,761.63,761.67,761.2,761.2,10.4,
1789794900000,2026-09-19T05:15:00.000Z,761.2,762.22,761.04,762.17,0.49,
1789795200000,2026-09-19T05:20:00.000Z,762.17,763.2,761.93,763.1,44.28,
1789795500000,2026-09-19T05:25:00.000Z,763.1,764.11,762.97,762.97,21.09,
1789795800000,2026-09-19T05:30:00.000Z,762.97,762.97,761.96,762.75,15.26,
1789796100000,2026-09-19T05:35:00.000Z,762.75,764.22,762.75,764,44.01,
1789796400000,2026-09-19T05:40:00.000Z,764,764,762.61,762.61,1.41,
1789796700000,2026-09-19T05:45:00.000Z,762.61,763.71,762.09,763.64,12.87,
1789797000000,2026-09-19T05:50:00.000Z,763.64,764.03,763.33,763.61,25.36,
1789797300000,2026-09-19T05:55:00.000Z,763.61,763.61,762.88,763.43,12.22,
1789797600000,2026-09-19T06:00:00.000Z,763.43,764.02,762.07,762.32,15.64,
1789797900000,2026-09-19T06:05:00.000Z,762.32,763.52,762.12,762.37,7.99,
1789798200000,2026-09-19T06:10:00.000Z,762.37,763.03,762.02,762.56,4.88,
1789798500000,2026-09-19T06:15:00.000Z,762.56,763.8,762.56,763.07,15.74,
1789798800000,2026-09-19T06:20:00.000Z,763.07,763.07,761.79,761.79,9.64,
1789799100000,2026-09-19T06:25:00.000Z,761.79,761.82,760.67,761.7,12.02,
1789799400000,2026-09-19T06:30:00.000Z,761.7,763.33,761.7,763.33,21.39,
1789799700000,2026-09-19T06:35:00.000Z,763.33,764.16,763.02,763.48,29.19,
1789800000000,2026-09-19T06:40:00.000Z,763.48,763.48,762.33,762.33,3.2,
1789800300000,2026-09-19T06:45:00.000Z,762.33,762.33,761.6,761.6,38.18,
1789800600000,2026-09-19T06:50:00.000Z,761.6,761.61,760.8,761.31,111.62,
1789800900000,2026-09-19T06:55:00.000Z,761.31,761.47,760.82,761.45,2.26,
1789801200000,2026-09-19T07:00:00.000Z,761.45,761.54,761.13,761.24,4.01,
1789801500000,2026-09-19T07:05:00.000Z,761.24,761.61,760.76,761.46,10.25,
1789801800000,2026-09-19T07:10:00.000Z,761.46,762.26,761.46,762.2,7.76,
1789802100000,2026-09-19T07:15:00.000Z,762.2,762.34,761.87,761.91,2.08,
1789802400000,2026-09-19T07:20:00.000Z,761.91,761.99,761.09,761.19,91.33,
1789802700000,2026-09-19T07:25:00.000Z,761.19,761.22,760.89,761.22,11.95,
1789803000000,2026-09-19T07:30:00.000Z,761.22,761.63,760.68,761.1,27.64,
1789803300000,2026-09-19T07:35:00.000Z,761.1,761.1,759.64,759.93,11.71,
1789803600000,2026-09-19T07:40:00.000Z,759.93,760.02,759.67,759.97,24.89,
1789803900000,2026-09-19T07:45:00.000Z,759.97,760.14,759.88,759.88,33.45,
1789804200000,2026-09-19T07:50:00.000Z,759.88,760.89,759.86,760.85,45.57,
1789804500000,2026-09-19T07:55:00.000Z,760.85,760.88,760.27,760.27,26.13,
1789804800000,2026-09-19T08:00:00.000Z,760.27,760.63,759.82,760.25,31.42,
1789805100000,2026-09-19T08:05:00.000Z,760.25,761.38,760.2,761.27,11.14,
1789805400000,2026-09-19T08:10:00.000Z,761.27,761.97,761.27,761.97,357.19,
1789805700000,2026-09-19T08:15:00.000Z,761.97,762.76,761.97,762.22,18.56,
1789806000000,2026-09-19T08:20:00.000Z,762.22,764.48,762.22,762.58,63,
1789806300000,2026-09-19T08:25:00.000Z,762.58,762.88,762.22,762.88,7.26,
1789806600000,2026-09-19T08:30:00.000Z,762.88,763.52,762.71,763.52,19.96,
1789806900000,2026-09-19T08:35:00.000Z,763.52,764.11,763.25,763.85,24.65,
1789807200000,2026-09-19T08:40:00.000Z,763.85,764.59,763.43,764.46,33.46,
1789807500000,2026-09-19T08:45:00.000Z,764.46,765.25,764.03,764.97,61.91,
1789807800000,2026-09-19T08:50:00.000Z,764.97,766.39,764.97,765.68,128.09,
1789808100000,2026-09-19T08:55:00.000Z,765.68,766.39,765.2,765.41,23.28,
1789808400000,2026-09-19T09:00:00.000Z,765.41,768.62,765.41,768.12,212.19,
1789808700000,2026-09-19T09:05:00.000Z,768.12,769.76,767.32,767.93,562.13,
1789809000000,2026-09-19T09:10:00.000Z,767.93,768.18,766.69,766.97,72.22,
1789809300000,2026-09-19T09:15:00.000Z,766.97,768.16,766.77,767.67,29.21,
1789809600000,2026-09-19T09:20:00.000Z,767.67,767.83,766.6,767.18,29.33,
1789809900000,2026-09-19T09:25:00.000Z,767.18,767.21,764.18,764.34,153.14,
1789810200000,2026-09-19T09:30:00.000Z,764.34,765.6,764.09,764.49,41.01,
1789810500000,2026-09-19T09:35:00.000Z,764.49,764.69,763.64,764.66,51.91,
1789810800000,2026-09-19T09:40:00.000Z,764.66,765.7,764.55,765.59,44.61,
1789811100000,2026-09-19T09:45:00.000Z,765.59,767,765.59,766.65,42.91,
1789811400000,2026-09-19T09:50:00.000Z,766.65,766.81,766.17,766.81,9,
1789811700000,2026-09-19T09:55:00.000Z,766.81,766.92,766.14,766.14,1.86,
1789812000000,2026-09-19T10:00:00.000Z,766.14,767.03,765.75,766.5,41.06,
1789812300000,2026-09-19T10:05:00.000Z,766.5,766.69,766.18,766.3,17.09,
1789812600000,2026-09-19T10:10:00.000Z,766.3,767.04,766.2,766.44,18.78,
1789812900000,2026-09-19T10:15:00.000Z,766.44,766.66,765.44,765.8,33.91,
1789813200000,2026-09-19T10:20:00.000Z,765.8,766.19,765.78,765.91,11.07,
1789813500000,2026-09-19T10:25:00.000Z,765.91,766.59,765.91,766.23,23.05,
1789813800000,2026-09-19T10:30:00.000Z,766.23,766.43,766,766,4.89,
1789814100000,2026-09-19T10:35:00.000Z,766,766.26,765.47,765.85,22.47,
1789814400000,2026-09-19T10:40:00.000Z,765.85,766.05,765.33,765.43,81.08,
1789814700000,2026-09-19T10:45:00.000Z,765.43,765.89,764.8,765.07,59.35,
1789815000000,2026-09-19T10:50:00.000Z,765.07,765.2,764.88,765.19,36.27,
1789815300000,2026-09-19T10:55:00.000Z,765.19,765.64,764.51,764.57,20.8,
1789815600000,2026-09-19T11:00:00.000Z,764.57,765.73,764.57,765.27,45.6,
1789815900000,2026-09-19T11:05:00.000Z,765.27,765.96,764.87,765.96,19.79,
1789816200000,2026-09-19T11:10:00.000Z,765.96,766.13,764.42,764.54,108.29,
1789816500000,2026-09-19T11:15:00.000Z,764.54,765.51,764.28,765.12,192.5,
1789816800000,2026-09-19T11:20:00.000Z,765.12,766.12,765.12,765.99,3.14,
1789817100000,2026-09-19T11:25:00.000Z,765.99,765.99,765.16,765.5,27.68,
1789817400000,2026-09-19T11:30:00.000Z,765.5,765.75,764.96,764.96,7.96,
1789817700000,2026-09-19T11:35:00.000Z,764.96,766.28,764.96,766.28,3.17,
1789818000000,2026-09-19T11:40:00.000Z,766.28,766.28,765.79,765.94,6.59,
1789818300000,2026-09-19T11:45:00.000Z,765.94,767.3,765.94,767.3,41.82,
1789818600000,2026-09-19T11:50:00.000Z,767.3,767.69,767.04,767.4,15.19,
1789818900000,2026-09-19T11:55:00.000Z,767.4,767.67,767.34,767.66,53.81,
1789819200000,2026-09-19T12:00:00.000Z,767.66,767.72,766.93,767.51,44.59,
1789819500000,2026-09-19T12:05:00.000Z,767.51,767.89,767.19,767.57,203.13,
1789819800000,2026-09-19T12:10:00.000Z,767.57,767.66,767.26,767.51,43.38,
1789820100000,2026-09-19T12:15:00.000Z,767.51,767.84,767.05,767.05,89.07,
1789820400000,2026-09-19T12:20:00.000Z,767.05,767.24,766.75,766.87,2.08,
1789820700000,2026-09-19T12:25:00.000Z,766.87,768.57,766.87,768.48,44.75,
1789821000000,2026-09-19T12:30:00.000Z,768.48,768.8,768.31,768.7,23.43,
1789821300000,2026-09-19T12:35:00.000Z,768.7,769.07,768.56,769.07,47.05,
1789821600000,2026-09-19T12:40:00.000Z,769.07,769.4,767.45,767.86,194.2,
1789821900000,2026-09-19T12:45:00.000Z,767.86,769.68,767.86,769.64,38.81,
1789822200000,2026-09-19T12:50:00.000Z,769.64,772.09,769.44,771.22,183.67,
1789822500000,2026-09-19T12:55:00.000Z,771.22,773.44,771.22,773.02,182.98,
1789822800000,2026-09-19T13:00:00.000Z,773.02,773.06,770.87,771.07,115.62,
1789823100000,2026-09-19T13:05:00.000Z,771.07,771.15,769.68,769.9,78.5,
1789823400000,2026-09-19T13:10:00.000Z,769.9,770.38,767.94,768.67,482.54,
1789823700000,2026-09-19T13:15:00.000Z,768.67,770.99,768.67,770.07,56.59,
1789824000000,2026-09-19T13:20:00.000Z,770.07,770.34,769.33,769.74,28.72,
1789824300000,2026-09-19T13:25:00.000Z,769.74,769.74,768.57,768.77,2.52,
1789824600000,2026-09-19T13:30:00.000Z,768.77,769.81,767.91,769.81,46.28,
1789824900000,2026-09-19T13:35:00.000Z,769.81,771.3,769.33,771.27,28.4,
1789825200000,2026-09-19T13:40:00.000Z,771.27,771.29,768.09,768.31,76.78,
1789825500000,2026-09-19T13:45:00.000Z,768.31,768.81,768.01,768.81,13.83,
1789825800000,2026-09-19T13:50:00.000Z,768.81,769.82,768.59,769.79,13.99,
1789826100000,2026-09-19T13:55:00.000Z,769.79,769.79,769.17,769.44,105.41,
1789826400000,2026-09-19T14:00:00.000Z,769.44,769.8,769.15,769.6,11.58,
1789826700000,2026-09-19T14:05:00.000Z,769.6,771.5,769.41,771.18,43.18,
1789827000000,2026-09-19T14:10:00.000Z,771.18,771.35,768.8,769.87,139.99,
1789827300000,2026-09-19T14:15:00.000Z,769.87,771.56,769.87,770.98,59.27,
1789827600000,2026-09-19T14:20:00.000Z,770.98,772.8,770.98,771.96,59.17,
1789827900000,2026-09-19T14:25:00.000Z,771.96,772.4,771.69,772.08,22.09,
1789828200000,2026-09-19T14:30:00.000Z,772.08,773.01,769.41,769.53,220.37,
1789828500000,2026-09-19T14:35:00.000Z,769.53,770.1,768.81,769.15,35.63,
1789828800000,2026-09-19T14:40:00.000Z,769.15,770.01,768.77,769.18,68.21,
1789829100000,2026-09-19T14:45:00.000Z,769.18,770.83,769.17,770.22,202.76,
1789829400000,2026-09-19T14:50:00.000Z,770.22,770.79,769.98,770.64,8.02,
1789829700000,2026-09-19T14:55:00.000Z,770.64,770.95,768.97,769.6,493.57,
1789830000000,2026-09-19T15:00:00.000Z,769.6,771.1,769.6,770.12,61.9,
1789830300000,2026-09-19T15:05:00.000Z,770.12,770.31,769.32,769.68,73.72,
1789830600000,2026-09-19T15:10:00.000Z,769.68,769.68,768.57,769.34,12.06,
1789830900000,2026-09-19T15:15:00.000Z,769.34,769.5,768.23,768.35,47.95,
1789831200000,2026-09-19T15:20:00.000Z,768.35,769.05,768.23,769.03,34.82,
1789831500000,2026-09-19T15:25:00.000Z,769.03,769.03,766.61,766.64,51.34,
1789831800000,2026-09-19T15:30:00.000Z,766.64,767.63,766.61,766.9,46.96,
1789832100000,2026-09-19T15:35:00.000Z,766.9,767.8,766.83,767.62,5.25,
1789832400000,2026-09-19T15:40:00.000Z,767.62,769.41,767.62,768.82,184.49,
1789832700000,2026-09-19T15:45:00.000Z,768.82,768.82,767.4,767.71,5.22,
1789833000000,2026-09-19T15:50:00.000Z,767.71,768.44,767.6,767.86,4.8,
1789833300000,2026-09-19T15:55:00.000Z,767.86,767.86,766.27,766.44,25.42,
1789833600000,2026-09-19T16:00:00.000Z,766.44,766.73,764.3,764.3,158.13,
1789833900000,2026-09-19T16:05:00.000Z,764.3,766.51,764.3,766.03,29.23,
1789834200000,2026-09-19T16:10:00.000Z,766.03,767.27,765.81,766.68,36.85,
1789834500000,2026-09-19T16:15:00.000Z,766.68,767,766.22,766.6,17,
1789834800000,2026-09-19T16:20:00.000Z,766.6,766.99,766.03,766.99,18.3,
1789835100000,2026-09-19T16:25:00.000Z,766.99,767.2,766.25,766.25,20.67,
1789835400000,2026-09-19T16:30:00.000Z,766.25,766.95,766.06,766.86,52.94,
1789835700000,2026-09-19T16:35:00.000Z,766.86,766.86,765.87,765.87,12.09,
1789836000000,2026-09-19T16:40:00.000Z,765.87,766.77,765.87,766.2,11.79,
1789836300000,2026-09-19T16:45:00.000Z,766.2,766.2,765.64,766.03,21.14,
1789836600000,2026-09-19T16:50:00.000Z,766.03,766.49,765.77,766.31,4.52,
1789836900000,2026-09-19T16:55:00.000Z,766.31,768.08,766.31,768.06,13.25,
1789837200000,2026-09-19T17:00:00.000Z,768.06,768.13,767.59,767.91,56.35,
1789837500000,2026-09-19T17:05:00.000Z,767.91,768.67,767.76,768.14,99.24,
1789837800000,2026-09-19T17:10:00.000Z,768.14,768.17,767.08,767.08,25.94,
1789838100000,2026-09-19T17:15:00.000Z,767.08,768.12,766.46,766.77,299.28,
1789838400000,2026-09-19T17:20:00.000Z,766.77,766.77,763.63,763.76,224.48,
1789838700000,2026-09-19T17:25:00.000Z,763.76,764.67,762.5,763.6,45.82,
1789839000000,2026-09-19T17:30:00.000Z,763.6,764.53,763.5,763.81,39.33,
1789839300000,2026-09-19T17:35:00.000Z,763.81,763.81,761.14,762.29,815.72,
1789839600000,2026-09-19T17:40:00.000Z,762.29,762.97,762.28,762.75,93.12,
1789839900000,2026-09-19T17:45:00.000Z,762.75,763.3,762.72,762.89,49.03,
1789840200000,2026-09-19T17:50:00.000Z,762.89,762.89,762.12,762.24,3.37,
1789840500000,2026-09-19T17:55:00.000Z,762.24,762.61,762.02,762.1,30.59,
1789840800000,2026-09-19T18:00:00.000Z,762.1,763.16,762.04,763.08,101.88,
1789841100000,2026-09-19T18:05:00.000Z,763.08,763.46,762.21,762.35,31.32,
1789841400000,2026-09-19T18:10:00.000Z,762.35,762.72,761.6,761.99,58.57,
1789841700000,2026-09-19T18:15:00.000Z,761.99,762.51,761.15,761.99,29.5,
1789842000000,2026-09-19T18:20:00.000Z,761.99,762.6,761.95,761.98,34.25,
1789842300000,2026-09-19T18:25:00.000Z,761.98,762.29,761.66,762.04,5.16,
1789842600000,2026-09-19T18:30:00.000Z,762.04,762.16,760.8,762.16,15.4,
1789842900000,2026-09-19T18:35:00.000Z,762.16,763.07,762.15,762.98,38.12,
1789843200000,2026-09-19T18:40:00.000Z,762.98,762.98,762.14,762.14,9.9,
1789843500000,2026-09-19T18:45:00.000Z,762.14,762.32,761.76,762.14,12.29,
1789843800000,2026-09-19T18:50:00.000Z,762.14,762.77,761.67,762.5,10.25,
1789844100000,2026-09-19T18:55:00.000Z,762.5,763,762.3,762.68,23.66,
1789844400000,2026-09-19T19:00:00.000Z,762.68,763.5,762.68,763.5,8.12,
1789844700000,2026-09-19T19:05:00.000Z,763.5,763.67,762.22,762.76,30.61,
1789845000000,2026-09-19T19:10:00.000Z,762.76,763.05,762.35,762.68,19.99,
1789845300000,2026-09-19T19:15:00.000Z,762.68,762.99,762.08,762.99,25.55,
1789845600000,2026-09-19T19:20:00.000Z,762.99,763.26,762.98,763.17,26.06,
1789845900000,2026-09-19T19:25:00.000Z,763.17,763.47,763.12,763.23,42.32,
1789846200000,2026-09-19T19:30:00.000Z,763.23,763.44,762.96,763.27,5.78,
1789846500000,2026-09-19T19:35:00.000Z,763.27,763.47,762.93,762.97,8.63,
1789846800000,2026-09-19T19:40:00.000Z,762.97,763.38,762.71,762.71,2.6,
1789847100000,2026-09-19T19:45:00.000Z,762.71,763.42,762.71,763.42,11.11,
1789847400000,2026-09-19T19:50:00.000Z,763.42,763.46,763.13,763.13,2.68,
1789847700000,2026-09-19T19:55:00.000Z,763.13,763.13,762.45,762.72,12.19,
1789848000000,2026-09-19T20:00:00.000Z,762.72,762.88,760.08,761.59,101.43,
1789848300000,2026-09-19T20:05:00.000Z,761.59,762.82,761.59,762.32,52.44,
1789848600000,2026-09-19T20:10:00.000Z,762.32,762.49,761.96,762.29,6.1,
1789848900000,2026-09-19T20:15:00.000Z,762.29,762.4,760.97,761.53,9.27,
1789849200000,2026-09-19T20:20:00.000Z,761.53,762.22,761.53,762.07,25.26,
1789849500000,2026-09-19T20:25:00.000Z,762.07,762.07,760.95,760.95,9.65,
1789849800000,2026-09-19T20:30:00.000Z,760.95,761.7,760.95,761.37,9.34,
1789850100000,2026-09-19T20:35:00.000Z,761.37,761.86,761.33,761.84,7.41,
1789850400000,2026-09-19T20:40:00.000Z,761.84,761.92,761.6,761.66,1.2,
1789850700000,2026-09-19T20:45:00.000Z,761.66,761.93,761.08,761.66,16.61,
1789851000000,2026-09-19T20:50:00.000Z,761.66,761.66,760.78,761.22,2.91,
1789851300000,2026-09-19T20:55:00.000Z,761.22,761.55,760.66,761.55,1.34,
1789851600000,2026-09-19T21:00:00.000Z,761.55,762.08,761.34,761.69,30.75,
1789851900000,2026-09-19T21:05:00.000Z,761.69,761.69,759.88,760.01,29.88,
1789852200000,2026-09-19T21:10:00.000Z,760.01,760.06,759.16,759.17,28.35,
1789852500000,2026-09-19T21:15:00.000Z,759.17,760.12,758.57,758.81,183.47,
1789852800000,2026-09-19T21:20:00.000Z,758.81,758.81,756.54,758.48,475.2,
1789853100000,2026-09-19T21:25:00.000Z,758.48,758.89,758.48,758.65,18,
1789853400000,2026-09-19T21:30:00.000Z,758.65,758.65,757.5,757.61,34.63,
1789853700000,2026-09-19T21:35:00.000Z,757.61,758.61,757.05,757.98,13.34,
1789854000000,2026-09-19T21:40:00.000Z,757.98,758.46,757.6,757.8,28.84,
1789854300000,2026-09-19T21:45:00.000Z,757.8,759.05,757.8,758.89,97.85,
1789854600000,2026-09-19T21:50:00.000Z,758.89,758.89,758.39,758.77,26.44,
1789854900000,2026-09-19T21:55:00.000Z,758.77,759.23,758.77,758.92,4.27,
1789855200000,2026-09-19T22:00:00.000Z,758.92,758.92,757.11,757.36,9.65,
1789855500000,2026-09-19T22:05:00.000Z,757.36,758.99,757.26,758.54,9.24,
1789855800000,2026-09-19T22:10:00.000Z,758.54,758.54,757.25,757.67,18.77,
1789856100000,2026-09-19T22:15:00.000Z,757.67,758.64,757.4,757.91,10.55,
1789856400000,2026-09-19T22:20:00.000Z,757.91,758.2,757.22,757.47,15.65,
1789856700000,2026-09-19T22:25:00.000Z,757.47,758.91,757.47,758.75,4.29,
1789857000000,2026-09-19T22:30:00.000Z,758.75,759.45,758.75,759.41,2.29,
1789857300000,2026-09-19T22:35:00.000Z,759.41,760.99,759.41,760.88,67.97,
1789857600000,2026-09-19T22:40:00.000Z,760.88,761,760.45,760.99,6.76,
1789857900000,2026-09-19T22:45:00.000Z,760.99,760.99,760.33,760.73,11.91,
1789858200000,2026-09-19T22:50:00.000Z,760.73,761.44,760.59,761.32,8.76,
1789858500000,2026-09-19T22:55:00.000Z,761.32,761.44,760.83,761.15,16.78,
1789858800000,2026-09-19T23:00:00.000Z,761.15,761.59,761.07,761.48,42.71,
1789859100000,2026-09-19T23:05:00.000Z,761.48,761.65,761.25,761.55,26.92,
1789859400000,2026-09-19T23:10:00.000Z,761.55,761.92,761.53,761.92,10.71,
1789859700000,2026-09-19T23:15:00.000Z,761.92,762.63,761.92,762.24,23.45,
1789860000000,2026-09-19T23:20:00.000Z,762.24,762.49,761.56,761.56,23.38,
1789860300000,2026-09-19T23:25:00.000Z,761.56,762.17,761.53,762.17,2.69,
1789860600000,2026-09-19T23:30:00.000Z,762.17,762.76,761.93,762.67,10.74,
1789860900000,2026-09-19T23:35:00.000Z,762.67,763.1,762.25,762.25,6.71,
1789861200000,2026-09-19T23:40:00.000Z,762.25,762.25,761.89,761.89,3.18,
1789861500000,2026-09-19T23:45:00.000Z,761.89,761.97,761.39,761.39,8.51,
1789861800000,2026-09-19T23:50:00.000Z,761.39,762.18,761.39,762.07,57.04,
1789862100000,2026-09-19T23:55:00.000Z,762.07,762.07,761.49,761.51,14.99,
1789862400000,2026-09-20T00:00:00.000Z,761.51,761.51,760.65,760.81,55.16,
1789862700000,2026-09-20T00:05:00.000Z,760.81,761.05,760.48,760.93,18,
1789863000000,2026-09-20T00:10:00.000Z,760.93,761.18,760.88,760.88,10.33,
1789863300000,2026-09-20T00:15:00.000Z,760.88,761.79,760.88,761.42,12.77,
1789863600000,2026-09-20T00:20:00.000Z,761.42,761.54,760.81,761.31,30.18,
1789863900000,2026-09-20T00:25:00.000Z,761.31,761.8,761.13,761.65,9.25,
1789864200000,2026-09-20T00:30:00.000Z,761.65,762.13,760.86,761.97,83.18,
1789864500000,2026-09-20T00:35:00.000Z,761.97,762.13,761.5,762.01,15.6,
1789864800000,2026-09-20T00:40:00.000Z,762.01,762.9,762.01,762.77,9.96,
1789865100000,2026-09-20T00:45:00.000Z,762.77,762.91,762.19,762.44,8.8,
1789865400000,2026-09-20T00:50:00.000Z,762.44,762.9,762.32,762.89,94.6,
1789865700000,2026-09-20T00:55:00.000Z,762.89,763.07,762.41,763.07,30.14,
1789866000000,2026-09-20T01:00:00.000Z,763.07,763.18,762.22,762.83,6.93,
1789866300000,2026-09-20T01:05:00.000Z,762.83,763.18,762.59,762.59,35.76,
1789866600000,2026-09-20T01:10:00.000Z,762.59,762.59,761.07,761.54,365.9,
1789866900000,2026-09-20T01:15:00.000Z,761.54,763.76,761.47,763.76,41.97,
1789867200000,2026-09-20T01:20:00.000Z,763.76,763.76,762.4,762.4,38.69,
1789867500000,2026-09-20T01:25:00.000Z,762.4,762.43,761.13,761.18,32.98,
1789867800000,2026-09-20T01:30:00.000Z,761.18,761.19,760.44,760.44,4.32,
1789868100000,2026-09-20T01:35:00.000Z,760.44,760.44,758.85,760.07,212.86,
1789868400000,2026-09-20T01:40:00.000Z,760.07,760.08,759.5,759.69,4.84,
1789868700000,2026-09-20T01:45:00.000Z,759.69,760.48,758.92,760.39,13.34,
1789869000000,2026-09-20T01:50:00.000Z,760.39,760.62,759.94,760.45,4.47,
1789869300000,2026-09-20T01:55:00.000Z,760.45,760.64,760.1,760.27,3.57,
1789869600000,2026-09-20T02:00:00.000Z,760.27,761.49,760.19,761.29,11.84,
1789869900000,2026-09-20T02:05:00.000Z,761.29,761.6,760.99,761.6,2.63,
1789870200000,2026-09-20T02:10:00.000Z,761.6,761.6,761.26,761.6,3.22,
1789870500000,2026-09-20T02:15:00.000Z,761.6,762.51,761.24,761.59,45.78,
1789870800000,2026-09-20T02:20:00.000Z,761.59,761.79,760.66,760.86,6.45,
1789871100000,2026-09-20T02:25:00.000Z,760.86,760.86,759.21,759.21,732.53,
1789871400000,2026-09-20T02:30:00.000Z,759.21,759.7,758.4,758.4,20.42,
1789871700000,2026-09-20T02:35:00.000Z,758.4,758.75,757.6,757.6,17.1,
1789872000000,2026-09-20T02:40:00.000Z,757.6,757.68,753.15,753.15,367.92,
1789872300000,2026-09-20T02:45:00.000Z,753.15,755.06,752.5,753.07,269.82,
1789872600000,2026-09-20T02:50:00.000Z,753.07,753.96,750.48,751.81,132.25,
1789872900000,2026-09-20T02:55:00.000Z,751.81,751.96,745.4,747.35,791.27,
1789873200000,2026-09-20T03:00:00.000Z,747.35,748.32,745.3,748.32,71.59,
1789873500000,2026-09-20T03:05:00.000Z,748.32,751.53,748.31,750.68,115.46,
1789873800000,2026-09-20T03:10:00.000Z,750.68,751.21,748.07,748.07,29.91,
1789874100000,2026-09-20T03:15:00.000Z,748.07,751.07,746.3,751.07,51.89,
1789874400000,2026-09-20T03:20:00.000Z,751.07,752.52,751.07,752.43,43.6,
1789874700000,2026-09-20T03:25:00.000Z,752.43,752.48,750.16,750.9,23.46,
1789875000000,2026-09-20T03:30:00.000Z,750.9,751.58,750.53,751.04,30.82,
1789875300000,2026-09-20T03:35:00.000Z,751.04,751.04,748.29,748.3,85.96,
1789875600000,2026-09-20T03:40:00.000Z,748.3,748.36,746.89,747.86,177.73,
1789875900000,2026-09-20T03:45:00.000Z,747.86,748.78,746.72,748.7,231.09,
1789876200000,2026-09-20T03:50:00.000Z,748.7,749.84,748.45,749.84,26.2,
1789876500000,2026-09-20T03:55:00.000Z,749.84,750.17,749.32,749.96,12.02,
1789876800000,2026-09-20T04:00:00.000Z,749.96,750.1,748.98,749.98,51.12,
1789877100000,2026-09-20T04:05:00.000Z,749.98,749.98,748.51,748.51,4.94,
1789877400000,2026-09-20T04:10:00.000Z,748.51,748.89,747.4,748.09,13.69,
1789877700000,2026-09-20T04:15:00.000Z,748.09,749.08,747.43,747.43,4.23,
1789878000000,2026-09-20T04:20:00.000Z,747.43,747.87,746.49,747.67,29.98,
1789878300000,2026-09-20T04:25:00.000Z,747.67,748.46,747.43,747.85,30.46,
1789878600000,2026-09-20T04:30:00.000Z,747.85,747.87,747.45,747.8,19.42,
1789878900000,2026-09-20T04:35:00.000Z,747.8,749,747.8,748.89,1.37,
1789879200000,2026-09-20T04:40:00.000Z,748.89,748.89,747.59,747.76,126.42,
1789879500000,2026-09-20T04:45:00.000Z,747.76,747.76,746.38,747.24,22.71,
1789879800000,2026-09-20T04:50:00.000Z,747.24,748.73,747.15,748.67,29.79,
1789880100000,2026-09-20T04:55:00.000Z,748.67,748.88,748.23,748.38,33.88,
1789880400000,2026-09-20T05:00:00.000Z,748.38,749.04,748,749.04,8.01,
1789880700000,2026-09-20T05:05:00.000Z,749.04,749.06,748.71,748.83,5.41,
1789881000000,2026-09-20T05:10:00.000Z,748.83,750.31,748.79,749.57,38.57,
1789881300000,2026-09-20T05:15:00.000Z,749.57,749.61,748.24,748.37,6.67,
1789881600000,2026-09-20T05:20:00.000Z,748.37,748.38,748.02,748.07,10.05,
1789881900000,2026-09-20T05:25:00.000Z,748.07,749.11,748.07,749.11,15.15,
1789882200000,2026-09-20T05:30:00.000Z,749.11,750.12,749.1,749.8,10.29,
1789882500000,2026-09-20T05:35:00.000Z,749.8,749.92,749.11,749.11,5.04,