timestamp,datetime,open,high,low,close,volume,quoteVolume
1789040340000,2026-09-10T11:39:00.000Z,718,718.01,717.72,717.89,0.47,
1789040520000,2026-09-10T11:42:00.000Z,717.89,717.96,717.44,717.57,9.52,
1789040700000,2026-09-10T11:45:00.000Z,717.57,717.83,717.04,717.04,1.91,
1789040880000,2026-09-10T11:48:00.000Z,717.04,717.49,716.6,716.6,26.12,
1789041060000,2026-09-10T11:51:00.000Z,716.6,716.86,716.26,716.86,2.82,
1789041240000,2026-09-10T11:54:00.000Z,716.86,716.9,715.93,715.93,36.84,
1789041420000,2026-09-10T11:57:00.000Z,715.93,716.37,715.88,716,6.4,
1789041600000,2026-09-10T12:00:00.000Z,716,716.54,715.85,715.9,19.52,
1789041780000,2026-09-10T12:03:00.000Z,715.9,715.95,715.37,715.61,6.33,
1789041960000,2026-09-10T12:06:00.000Z,715.61,715.66,714.73,714.79,27.26,
1789042140000,2026-09-10T12:09:00.000Z,714.79,714.99,714.79,714.95,7.78,
1789042320000,2026-09-10T12:12:00.000Z,714.95,715.62,714.87,715.44,49.74,
1789042500000,2026-09-10T12:15:00.000Z,715.44,715.44,714.77,714.83,8.11,
1789042680000,2026-09-10T12:18:00.000Z,714.83,715.09,714.72,714.82,26.15,
1789042860000,2026-09-10T12:21:00.000Z,714.82,715.05,714.6,714.9,3.82,
1789043040000,2026-09-10T12:24:00.000Z,714.9,715.12,714.77,715.08,8.1,
1789043220000,2026-09-10T12:27:00.000Z,715.08,716.19,714.9,716.19,18.35,
1789043400000,2026-09-10T12:30:00.000Z,716.19,717.64,713.09,715.17,792.06,
1789043580000,2026-09-10T12:33:00.000Z,715.17,715.31,713.39,714.75,629.76,
1789043760000,2026-09-10T12:36:00.000Z,714.75,715.39,711.96,712.04,389.53,
1789043940000,2026-09-10T12:39:00.000Z,712.04,712.44,710.18,711.84,275.26,
1789044120000,2026-09-10T12:42:00.000Z,711.84,712.17,711.06,711.77,54.67,
1789044300000,2026-09-10T12:45:00.000Z,711.77,711.86,702.5,706.3,3236.81,
1789044480000,2026-09-10T12:48:00.000Z,706.3,708.23,705.88,707.6,496.12,
1789044660000,2026-09-10T12:51:00.000Z,707.6,707.65,705.14,705.15,206.13,
1789044840000,2026-09-10T12:54:00.000Z,705.15,705.71,703.04,704.78,298.79,
1789045020000,2026-09-10T12:57:00.000Z,704.78,706.67,704.25,704.81,655.05,
1789045200000,2026-09-10T13:00:00.000Z,704.81,707.68,704.66,707.31,237.34,
1789045380000,2026-09-10T13:03:00.000Z,707.31,707.94,706.67,706.8,55.8,
1789045560000,2026-09-10T13:06:00.000Z,706.8,707.16,705.85,706.1,46.13,
1789045740000,2026-09-10T13:09:00.000Z,706.1,706.96,705.87,706.17,183.41,
1789045920000,2026-09-10T13:12:00.000Z,706.17,706.32,704.34,704.71,145.82,
1789046100000,2026-09-10T13:15:00.000Z,704.71,705.75,704.5,705.17,40.37,
1789046280000,2026-09-10T13:18:00.000Z,705.17,705.31,704.33,704.87,63.17,
1789046460000,2026-09-10T13:21:00.000Z,704.87,706.55,704.87,706.23,15.31,
1789046640000,2026-09-10T13:24:00.000Z,706.23,706.33,705.59,706.2,37.7,
1789046820000,2026-09-10T13:27:00.000Z,706.2,706.53,706.01,706.02,110.02,
1789047000000,2026-09-10T13:30:00.000Z,706.02,706.6,705.38,706.22,17.93,
1789047180000,2026-09-10T13:33:00.000Z,706.22,707.04,706.06,706.87,26.21,
1789047360000,2026-09-10T13:36:00.000Z,706.87,708.96,706.87,707.88,219.1,
1789047540000,2026-09-10T13:39:00.000Z,707.88,708.86,707.59,708.37,81.6,
1789047720000,2026-09-10T13:42:00.000Z,708.37,708.94,708.05,708.22,20.98,
1789047900000,2026-09-10T13:45:00.000Z,708.22,708.92,708.01,708.74,8.89,
1789048080000,2026-09-10T13:48:00.000Z,708.74,709.49,708.29,708.49,70.54,
1789048260000,2026-09-10T13:51:00.000Z,708.49,710.04,707.93,709.88,89.19,
1789048440000,2026-09-10T13:54:00.000Z,709.88,709.99,709.29,709.74,99.58,
1789048620000,2026-09-10T13:57:00.000Z,709.74,710.41,709.6,709.94,56.41,
1789048800000,2026-09-10T14:00:00.000Z,709.94,711.45,709.94,710.81,84.86,
1789048980000,2026-09-10T14:03:00.000Z,710.81,711.02,709.26,709.26,36.44,
1789049160000,2026-09-10T14:06:00.000Z,709.26,709.54,707.42,707.83,87.81,
1789049340000,2026-09-10T14:09:00.000Z,707.83,708.63,707.56,708.63,35.88,
1789049520000,2026-09-10T14:12:00.000Z,708.63,708.96,707.72,707.72,59.14,
1789049700000,2026-09-10T14:15:00.000Z,707.72,707.72,706.61,706.85,72.8,
1789049880000,2026-09-10T14:18:00.000Z,706.85,708.4,706.5,708.21,96.06,
1789050060000,2026-09-10T14:21:00.000Z,708.21,708.99,707.8,708.83,3.41,
1789050240000,2026-09-10T14:24:00.000Z,708.83,710.46,708.26,708.36,619.97,
1789050420000,2026-09-10T14:27:00.000Z,708.36,709.74,708.2,708.96,33.37,
1789050600000,2026-09-10T14:30:00.000Z,708.96,709.35,708.64,709,36.16,
1789050780000,2026-09-10T14:33:00.000Z,709,709.91,708.87,709.83,19.18,
1789050960000,2026-09-10T14:36:00.000Z,709.83,709.91,709.36,709.36,22.17,
1789051140000,2026-09-10T14:39:00.000Z,709.36,709.94,709.26,709.59,17.4,
1789051320000,2026-09-10T14:42:00.000Z,709.59,709.69,709.26,709.68,10.9,
1789051500000,2026-09-10T14:45:00.000Z,709.68,710.73,709.68,709.87,30.84,
1789051680000,2026-09-10T14:48:00.000Z,709.87,709.87,708.86,708.86,23.83,
1789051860000,2026-09-10T14:51:00.000Z,708.86,709.87,708.81,709.83,13.87,
1789052040000,2026-09-10T14:54:00.000Z,709.83,710.03,709.71,709.88,5.21,
1789052220000,2026-09-10T14:57:00.000Z,709.88,709.88,709.08,709.34,25.95,
1789052400000,2026-09-10T15:00:00.000Z,709.34,709.34,707.42,707.54,11.01,
1789052580000,2026-09-10T15:03:00.000Z,707.54,708.97,707.42,708.97,11.03,
1789052760000,2026-09-10T15:06:00.000Z,708.97,709.52,708.47,709.52,10.22,
1789052940000,2026-09-10T15:09:00.000Z,709.52,709.99,709.25,709.54,3.59,
1789053120000,2026-09-10T15:12:00.000Z,709.54,709.62,708.7,708.74,5.72,
1789053300000,2026-09-10T15:15:00.000Z,708.74,708.96,707.59,707.59,44.11,
1789053480000,2026-09-10T15:18:00.000Z,707.59,707.63,706.53,706.53,24.53,
1789053660000,2026-09-10T15:21:00.000Z,706.53,707.22,706.39,706.61,27.65,
1789053840000,2026-09-10T15:24:00.000Z,706.61,706.73,706.11,706.47,52.39,
1789054020000,2026-09-10T15:27:00.000Z,706.47,706.79,706,706,8.12,
1789054200000,2026-09-10T15:30:00.000Z,706,706.71,705.99,706.53,59.62,
1789054380000,2026-09-10T15:33:00.000Z,706.53,707.75,706.53,707.48,86.58,
1789054560000,2026-09-10T15:36:00.000Z,707.48,708.76,707.48,708.56,13.66,
1789054740000,2026-09-10T15:39:00.000Z,708.56,708.56,707.04,707.13,54.28,
1789054920000,2026-09-10T15:42:00.000Z,707.13,707.47,706.99,707.24,5.59,
1789055100000,2026-09-10T15:45:00.000Z,707.24,707.86,706.43,706.43,51.54,
1789055280000,2026-09-10T15:48:00.000Z,706.43,707.42,706.43,707.07,24.38,
1789055460000,2026-09-10T15:51:00.000Z,707.07,707.34,706.85,707,2.81,
1789055640000,2026-09-10T15:54:00.000Z,707,707.22,706.59,707.22,43.9,
1789055820000,2026-09-10T15:57:00.000Z,707.22,707.65,707.14,707.24,6.77,
1789056000000,2026-09-10T16:00:00.000Z,707.24,708.14,706.82,706.82,25,
1789056180000,2026-09-10T16:03:00.000Z,706.82,707.15,705.99,707.04,313.95,
1789056360000,2026-09-10T16:06:00.000Z,707.04,707.19,705.71,705.71,11.55,
1789056540000,2026-09-10T16:09:00.000Z,705.71,706.1,705.06,705.65,80.6,
1789056720000,2026-09-10T16:12:00.000Z,705.65,706.18,705.34,705.96,5.87,
1789056900000,2026-09-10T16:15:00.000Z,705.96,706.16,704.88,704.88,40.88,
1789057080000,2026-09-10T16:18:00.000Z,704.88,705.54,704.19,705.52,27.06,
1789057260000,2026-09-10T16:21:00.000Z,705.52,705.97,705.19,705.25,7.49,
1789057440000,2026-09-10T16:24:00.000Z,705.25,705.54,704.86,704.86,1.85,
1789057620000,2026-09-10T16:27:00.000Z,704.86,705.09,704.69,704.94,6.56,
1789057800000,2026-09-10T16:30:00.000Z,704.94,705.4,704.86,705.1,1.23,
1789057980000,2026-09-10T16:33:00.000Z,705.1,705.1,703.83,703.83,39.41,
1789058160000,2026-09-10T16:36:00.000Z,703.83,705.68,703.83,705.28,89.62,
1789058340000,2026-09-10T16:39:00.000Z,705.28,706.3,705.2,706.04,30.27,
1789058520000,2026-09-10T16:42:00.000Z,706.04,706.37,705.34,706.37,11.34,
1789058700000,2026-09-10T16:45:00.000Z,706.37,708.44,706.37,707.97,27.82,
1789058880000,2026-09-10T16:48:00.000Z,707.97,708.11,707.5,707.5,5.65,
1789059060000,2026-09-10T16:51:00.000Z,707.5,707.62,707.43,707.55,8.43,
1789059240000,2026-09-10T16:54:00.000Z,707.55,708.1,707.49,708.09,7.62,
1789059420000,2026-09-10T16:57:00.000Z,708.09,708.42,707.78,707.78,45.05,
1789059600000,2026-09-10T17:00:00.000Z,707.78,708.28,707.61,708.15,15.87,
1789059780000,2026-09-10T17:03:00.000Z,708.15,708.35,707.36,708.35,3.76,
1789059960000,2026-09-10T17:06:00.000Z,708.35,708.35,708.01,708.06,2.72,
1789060140000,2026-09-10T17:09:00.000Z,708.06,708.73,708.02,708.73,1.24,
1789060320000,2026-09-10T17:12:00.000Z,708.73,708.9,708.29,708.41,6.52,
1789060500000,2026-09-10T17:15:00.000Z,708.41,708.73,708.36,708.73,0.56,
1789060680000,2026-09-10T17:18:00.000Z,708.73,710.55,708.62,710.5,106.58,
1789060860000,2026-09-10T17:21:00.000Z,710.5,710.97,710.37,710.67,105.89,
1789061040000,2026-09-10T17:24:00.000Z,710.67,711.27,710.16,710.29,13.13,
1789061220000,2026-09-10T17:27:00.000Z,710.29,711.41,710.29,710.72,120.14,
1789061400000,2026-09-10T17:30:00.000Z,710.72,712.56,710.72,712.07,65.34,
1789061580000,2026-09-10T17:33:00.000Z,712.07,712.98,711.86,712.83,26.9,
1789061760000,2026-09-10T17:36:00.000Z,712.83,713.09,711.46,711.78,56.16,
1789061940000,2026-09-10T17:39:00.000Z,711.78,711.96,711.12,711.84,25.48,
1789062120000,2026-09-10T17:42:00.000Z,711.84,711.87,711,711.76,15.72,
1789062300000,2026-09-10T17:45:00.000Z,711.76,712,711.52,711.65,39.35,
1789062480000,2026-09-10T17:48:00.000Z,711.65,712.59,711.65,712.18,11.15,
1789062660000,2026-09-10T17:51:00.000Z,712.18,712.83,712.18,712.7,1.84,
1789062840000,2026-09-10T17:54:00.000Z,712.7,712.7,711.93,712.32,29.42,
1789063020000,2026-09-10T17:57:00.000Z,712.32,712.47,712.13,712.21,5.87,
1789063200000,2026-09-10T18:00:00.000Z,712.21,712.21,711.06,711.2,3.54,
1789063380000,2026-09-10T18:03:00.000Z,711.2,711.31,710.58,710.82,27.5,
1789063560000,2026-09-10T18:06:00.000Z,710.82,710.95,710.65,710.65,6.9,
1789063740000,2026-09-10T18:09:00.000Z,710.65,710.65,710.05,710.05,6.21,
1789063920000,2026-09-10T18:12:00.000Z,710.05,710.05,709.77,709.87,2.15,
1789064100000,2026-09-10T18:15:00.000Z,709.87,710.51,709.81,709.84,5.64,
1789064280000,2026-09-10T18:18:00.000Z,709.84,710.42,709.74,710.42,11.04,
1789064460000,2026-09-10T18:21:00.000Z,710.42,711.14,710.33,710.93,56.05,
1789064640000,2026-09-10T18:24:00.000Z,710.93,711.05,710.93,710.94,0.21,
1789064820000,2026-09-10T18:27:00.000Z,710.94,711.28,710.94,711.06,8.96,
1789065000000,2026-09-10T18:30:00.000Z,711.06,711.06,710.67,710.75,6.26,
1789065180000,2026-09-10T18:33:00.000Z,710.75,710.83,710.39,710.83,6.5,
1789065360000,2026-09-10T18:36:00.000Z,710.83,711.68,710.83,711.68,6.95,
1789065540000,2026-09-10T18:39:00.000Z,711.68,711.79,711.55,711.74,17.76,
1789065720000,2026-09-10T18:42:00.000Z,711.74,711.95,711.67,711.7,5.29,
1789065900000,2026-09-10T18:45:00.000Z,711.7,711.82,711.59,711.73,4.78,
1789066080000,2026-09-10T18:48:00.000Z,711.73,712.59,711.69,712.13,6.54,
1789066260000,2026-09-10T18:51:00.000Z,712.13,712.91,712.13,712.71,7.28,
1789066440000,2026-09-10T18:54:00.000Z,712.71,713.32,712.71,713.12,33.04,
1789066620000,2026-09-10T18:57:00.000Z,713.12,713.33,712.93,713.33,14.68,
1789066800000,2026-09-10T19:00:00.000Z,713.33,713.69,713.23,713.46,51.12,
1789066980000,2026-09-10T19:03:00.000Z,713.46,713.58,712.98,713.1,23.24,
1789067160000,2026-09-10T19:06:00.000Z,713.1,713.21,712.94,712.98,4.91,
1789067340000,2026-09-10T19:09:00.000Z,712.98,713.52,712.76,712.81,215.08,
1789067520000,2026-09-10T19:12:00.000Z,712.81,713.51,712.68,712.68,7.87,
1789067700000,2026-09-10T19:15:00.000Z,712.68,713.18,712.68,712.84,5,
1789067880000,2026-09-10T19:18:00.000Z,712.84,712.87,712.69,712.69,0.54,
1789068060000,2026-09-10T19:21:00.000Z,712.69,713.06,712.61,712.76,7.17,
1789068240000,2026-09-10T19:24:00.000Z,712.76,713.86,712.74,713.43,15.55,
1789068420000,2026-09-10T19:27:00.000Z,713.43,714.19,713.38,713.77,14.81,
1789068600000,2026-09-10T19:30:00.000Z,713.77,713.9,713.51,713.77,3.56,
1789068780000,2026-09-10T19:33:00.000Z,713.77,714.14,713.33,713.98,17.67,
1789068960000,2026-09-10T19:36:00.000Z,713.98,714.31,713.76,714.31,3.52,
1789069140000,2026-09-10T19:39:00.000Z,714.31,715.33,714.3,715.19,74.99,
1789069320000,2026-09-10T19:42:00.000Z,715.19,715.42,714.96,715.11,8.72,
1789069500000,2026-09-10T19:45:00.000Z,715.11,715.11,714.04,714.31,4.51,
1789069680000,2026-09-10T19:48:00.000Z,714.31,714.4,713.2,713.28,133.67,
1789069860000,2026-09-10T19:51:00.000Z,713.28,713.94,713.23,713.68,16.5,
1789070040000,2026-09-10T19:54:00.000Z,713.68,713.77,713.6,713.71,0.51,
1789070220000,2026-09-10T19:57:00.000Z,713.71,714.14,713.65,713.81,2.84,
1789070400000,2026-09-10T20:00:00.000Z,713.81,714.31,713.81,713.96,55.71,
1789070580000,2026-09-10T20:03:00.000Z,713.96,713.96,713.4,713.64,5.26,
1789070760000,2026-09-10T20:06:00.000Z,713.64,714.15,713.53,714.1,3.67,
1789070940000,2026-09-10T20:09:00.000Z,714.1,714.82,714.1,714.52,10.43,
1789071120000,2026-09-10T20:12:00.000Z,714.52,714.94,714.5,714.94,2.59,
1789071300000,2026-09-10T20:15:00.000Z,714.94,715.25,714.83,715.05,24.24,
1789071480000,2026-09-10T20:18:00.000Z,715.05,715.16,714.97,714.97,0.63,
1789071660000,2026-09-10T20:21:00.000Z,714.97,715.15,714.94,715,26.62,
1789071840000,2026-09-10T20:24:00.000Z,715,715.04,714.81,715.04,4.15,
1789072020000,2026-09-10T20:27:00.000Z,715.04,715.25,715.04,715.19,1.2,
1789072200000,2026-09-10T20:30:00.000Z,715.19,715.19,714.53,714.53,13.28,
1789072380000,2026-09-10T20:33:00.000Z,714.53,715.12,714.53,714.83,39.9,
1789072560000,2026-09-10T20:36:00.000Z,714.83,715.04,714.82,715.02,2.58,
1789072740000,2026-09-10T20:39:00.000Z,715.02,715.06,714.85,714.92,16.14,
1789072920000,2026-09-10T20:42:00.000Z,714.92,715.61,714.89,715.49,26.03,
1789073100000,2026-09-10T20:45:00.000Z,715.49,715.8,714.85,714.85,39.97,
1789073280000,2026-09-10T20:48:00.000Z,714.85,715.08,714.72,715.04,2.32,
1789073460000,2026-09-10T20:51:00.000Z,715.04,715.04,714.75,715,13.6,
1789073640000,2026-09-10T20:54:00.000Z,715,715.03,714.87,714.93,2.63,
1789073820000,2026-09-10T20:57:00.000Z,714.93,714.93,714.5,714.52,2.19,
1789074000000,2026-09-10T21:00:00.000Z,714.52,714.84,714.36,714.39,11.65,
1789074180000,2026-09-10T21:03:00.000Z,714.39,714.53,714.08,714.53,2.97,
1789074360000,2026-09-10T21:06:00.000Z,714.53,714.63,714.16,714.42,2.97,
1789074540000,2026-09-10T21:09:00.000Z,714.42,714.87,714.42,714.87,0.66,
1789074720000,2026-09-10T21:12:00.000Z,714.87,714.96,714.3,714.38,11.71,
1789074900000,2026-09-10T21:15:00.000Z,714.38,714.46,714.15,714.15,1.31,
1789075080000,2026-09-10T21:18:00.000Z,714.15,714.17,713.31,713.54,205.73,
1789075260000,2026-09-10T21:21:00.000Z,713.54,713.75,713.05,713.75,102.59,
1789075440000,2026-09-10T21:24:00.000Z,713.75,713.89,713.61,713.61,3.39,
1789075620000,2026-09-10T21:27:00.000Z,713.61,713.76,713.61,713.76,1.35,
1789075800000,2026-09-10T21:30:00.000Z,713.76,713.76,713.54,713.54,0.12,
1789075980000,2026-09-10T21:33:00.000Z,713.54,713.59,713.4,713.44,5.01,
1789076160000,2026-09-10T21:36:00.000Z,713.44,713.88,713.29,713.59,6.15,
1789076340000,2026-09-10T21:39:00.000Z,713.59,714.08,713.59,713.96,2.62,
1789076520000,2026-09-10T21:42:00.000Z,713.96,714.06,713.52,713.56,24.62,
1789076700000,2026-09-10T21:45:00.000Z,713.56,714.49,713.56,714.49,1.94,
1789076880000,2026-09-10T21:48:00.000Z,714.49,714.49,714.12,714.12,0.86,
1789077060000,2026-09-10T21:51:00.000Z,714.12,714.29,713.89,714.29,2.74,
1789077240000,2026-09-10T21:54:00.000Z,714.29,714.29,713.73,713.9,21.08,
1789077420000,2026-09-10T21:57:00.000Z,713.9,714.1,713.59,713.88,12.09,
1789077600000,2026-09-10T22:00:00.000Z,713.88,714.12,713.73,713.91,3.55,
1789077780000,2026-09-10T22:03:00.000Z,713.91,714.52,713.89,714.32,0.62,
1789077960000,2026-09-10T22:06:00.000Z,714.32,714.97,714.23,714.97,1.73,
1789078140000,2026-09-10T22:09:00.000Z,714.97,715.31,714.97,715.17,10.44,
1789078320000,2026-09-10T22:12:00.000Z,715.17,715.17,714.14,714.52,18.06,
1789078500000,2026-09-10T22:15:00.000Z,714.52,715.15,714.52,715.15,1.03,
1789078680000,2026-09-10T22:18:00.000Z,715.15,715.17,714.81,714.86,27.47,
1789078860000,2026-09-10T22:21:00.000Z,714.86,715.07,714.63,714.89,6.85,
1789079040000,2026-09-10T22:24:00.000Z,714.89,714.89,714.55,714.55,4.04,
1789079220000,2026-09-10T22:27:00.000Z,714.55,714.55,713.77,713.77,0.35,
1789079400000,2026-09-10T22:30:00.000Z,713.77,713.97,712.74,712.95,42.5,
1789079580000,2026-09-10T22:33:00.000Z,712.95,712.95,712.36,712.45,19.97,
1789079760000,2026-09-10T22:36:00.000Z,712.45,712.45,711.54,711.7,7.38,
1789079940000,2026-09-10T22:39:00.000Z,711.7,712.22,711.7,711.72,53.32,
1789080120000,2026-09-10T22:42:00.000Z,711.72,711.92,711.37,711.79,28.77,
1789080300000,2026-09-10T22:45:00.000Z,711.79,712.35,711.52,712.35,5.9,
1789080480000,2026-09-10T22:48:00.000Z,712.35,712.35,712.13,712.26,11.72,
1789080660000,2026-09-10T22:51:00.000Z,712.26,712.3,711.55,711.76,4.79,
1789080840000,2026-09-10T22:54:00.000Z,711.76,712.06,711.51,711.59,9.71,
1789081020000,2026-09-10T22:57:00.000Z,711.59,711.88,710.87,711.21,46.96,
1789081200000,2026-09-10T23:00:00.000Z,711.21,712.21,711.13,711.48,50.35,
1789081380000,2026-09-10T23:03:00.000Z,711.48,711.55,710.5,711.5,90.24,
1789081560000,2026-09-10T23:06:00.000Z,711.5,711.67,708.9,709.24,803.66,
1789081740000,2026-09-10T23:09:00.000Z,709.24,710.53,709.24,710.19,315.34,
1789081920000,2026-09-10T23:12:00.000Z,710.19,710.56,708.34,708.53,51.28,
1789082100000,2026-09-10T23:15:00.000Z,708.53,709.49,708.17,709.36,90.05,
1789082280000,2026-09-10T23:18:00.000Z,709.36,710.11,708.87,710.11,50,
1789082460000,2026-09-10T23:21:00.000Z,710.11,710.24,709.83,710.05,14.91,
1789082640000,2026-09-10T23:24:00.000Z,710.05,710.05,709.52,709.92,1.38,
1789082820000,2026-09-10T23:27:00.000Z,709.92,710.76,709.92,710.11,70.01,
1789083000000,2026-09-10T23:30:00.000Z,710.11,710.34,710.02,710.02,2.62,
1789083180000,2026-09-10T23:33:00.000Z,710.02,710.56,710.02,710.17,12.14,
1789083360000,2026-09-10T23:36:00.000Z,710.17,710.91,710.17,710.91,19.08,
1789083540000,2026-09-10T23:39:00.000Z,710.91,710.93,709.35,709.6,65.11,
1789083720000,2026-09-10T23:42:00.000Z,709.6,710.05,709.6,710.05,2.09,
1789083900000,2026-09-10T23:45:00.000Z,710.05,710.2,709.96,710.01,0.44,
1789084080000,2026-09-10T23:48:00.000Z,710.01,710.01,709.69,709.78,1.02,
1789084260000,2026-09-10T23:51:00.000Z,709.78,709.78,709.19,709.19,3.36,
1789084440000,2026-09-10T23:54:00.000Z,709.19,709.2,708.27,708.55,44.35,
1789084620000,2026-09-10T23:57:00.000Z,708.55,708.72,707.78,708.13,17.38,
1789084800000,2026-09-11T00:00:00.000Z,708.13,709.23,708.13,709.23,20.76,
1789084980000,2026-09-11T00:03:00.000Z,709.23,709.49,708.99,709.26,16.48,
1789085160000,2026-09-11T00:06:00.000Z,709.26,711.7,709.26,711.29,30.28,
1789085340000,2026-09-11T00:09:00.000Z,711.29,712,711.29,711.55,4.19,
1789085520000,2026-09-11T00:12:00.000Z,711.55,712.13,711.55,712.03,35.16,
1789085700000,2026-09-11T00:15:00.000Z,712.03,712.13,711.7,712.13,11.69,
1789085880000,2026-09-11T00:18:00.000Z,712.13,712.13,711.6,711.62,4.14,
1789086060000,2026-09-11T00:21:00.000Z,711.62,712.2,711.32,711.85,21.32,
1789086240000,2026-09-11T00:24:00.000Z,711.85,711.85,710.99,711.38,1.3,
1789086420000,2026-09-11T00:27:00.000Z,711.38,711.67,711.38,711.55,0.39,
1789086600000,2026-09-11T00:30:00.000Z,711.55,711.55,709.67,710.42,22.23,
1789086780000,2026-09-11T00:33:00.000Z,710.42,711.04,710.25,711.04,17.63,
1789086960000,2026-09-11T00:36:00.000Z,711.04,711.42,711.02,711.23,0.28,
1789087140000,2026-09-11T00:39:00.000Z,711.23,711.51,710.78,710.78,1.52,
1789087320000,2026-09-11T00:42:00.000Z,710.78,711.46,710.78,711.24,3.89,
1789087500000,2026-09-11T00:45:00.000Z,711.24,711.55,711.08,711.41,1.17,
1789087680000,2026-09-11T00:48:00.000Z,711.41,711.66,711.41,711.58,0.06,
1789087860000,2026-09-11T00:51:00.000Z,711.58,711.96,711.58,711.82,0.1,
1789088040000,2026-09-11T00:54:00.000Z,711.82,712.97,711.82,712.75,31.3,
1789088220000,2026-09-11T00:57:00.000Z,712.75,712.94,712.51,712.94,0.61,
1789088400000,2026-09-11T01:00:00.000Z,712.94,714,712.85,713.92,19.88,
1789088580000,2026-09-11T01:03:00.000Z,713.92,714.41,713.69,713.69,21,
1789088760000,2026-09-11T01:06:00.000Z,713.69,714.17,713.67,713.84,36.09,
1789088940000,2026-09-11T01:09:00.000Z,713.84,714.11,713.7,713.84,0.66,
1789089120000,2026-09-11T01:12:00.000Z,713.84,713.9,713.36,713.36,12.99,
1789089300000,2026-09-11T01:15:00.000Z,713.36,713.36,712.62,713.18,6.69,
1789089480000,2026-09-11T01:18:00.000Z,713.18,713.4,712.91,713.3,7.09,
1789089660000,2026-09-11T01:21:00.000Z,713.3,713.3,712.2,712.53,32.39,
1789089840000,2026-09-11T01:24:00.000Z,712.53,712.97,712.53,712.63,38.55,
1789090020000,2026-09-11T01:27:00.000Z,712.63,712.63,711.8,711.8,4.88,
1789090200000,2026-09-11T01:30:00.000Z,711.8,711.8,710.99,711.15,3.79,
1789090380000,2026-09-11T01:33:00.000Z,711.15,712.56,710.63,712.56,15.77,
1789090560000,2026-09-11T01:36:00.000Z,712.56,713.01,711.06,711.08,4.76,
1789090740000,2026-09-11T01:39:00.000Z,711.08,711.08,710.27,710.36,2.8,
1789090920000,2026-09-11T01:42:00.000Z,710.36,711.79,710.36,711.79,68.69,
1789091100000,2026-09-11T01:45:00.000Z,711.79,711.98,711.31,711.44,3.3,
1789091280000,2026-09-11T01:48:00.000Z,711.44,712.47,711.44,712.47,0.53,
1789091460000,2026-09-11T01:51:00.000Z,712.47,712.61,712.3,712.49,2.28,
1789091640000,2026-09-11T01:54:00.000Z,712.49,713.1,712.49,713.1,10.73,
1789091820000,2026-09-11T01:57:00.000Z,713.1,713.15,713.07,713.14,10.1,
1789092000000,2026-09-11T02:00:00.000Z,713.14,713.14,712.28,712.33,18.21,
1789092180000,2026-09-11T02:03:00.000Z,712.33,712.89,712.06,712.89,0.15,
1789092360000,2026-09-11T02:06:00.000Z,712.89,712.89,712.12,712.68,1.15,
1789092540000,2026-09-11T02:09:00.000Z,712.68,712.68,712.02,712.22,1.34,
1789092720000,2026-09-11T02:12:00.000Z,712.22,712.93,712.22,712.91,4.47,
1789092900000,2026-09-11T02:15:00.000Z,712.91,712.91,712.38,712.64,0.06,
1789093080000,2026-09-11T02:18:00.000Z,712.64,712.64,711.71,711.99,0.86,
1789093260000,2026-09-11T02:21:00.000Z,711.99,712.14,711.77,711.77,0.19,
1789093440000,2026-09-11T02:24:00.000Z,711.77,711.77,709.76,710.06,611.06,
1789093620000,2026-09-11T02:27:00.000Z,710.06,710.75,710.06,710.62,835.1,
1789093800000,2026-09-11T02:30:00.000Z,710.62,710.62,710.12,710.12,4.77,
1789093980000,2026-09-11T02:33:00.000Z,710.12,710.2,709.92,709.93,1.42,
1789094160000,2026-09-11T02:36:00.000Z,709.93,711.58,709.93,711.58,0.93,
1789094340000,2026-09-11T02:39:00.000Z,711.58,711.97,711.58,711.75,1.39,
1789094520000,2026-09-11T02:42:00.000Z,711.75,711.75,711.24,711.39,1.13,
1789094700000,2026-09-11T02:45:00.000Z,711.39,711.73,711.15,711.52,1.12,
1789094880000,2026-09-11T02:48:00.000Z,711.52,711.85,711.52,711.85,0.43,
1789095060000,2026-09-11T02:51:00.000Z,711.85,711.85,710.83,710.83,29.58,
1789095240000,2026-09-11T02:54:00.000Z,710.83,711.03,710.51,711.03,0.34,
1789095420000,2026-09-11T02:57:00.000Z,711.03,711.03,710.68,710.68,0.24,
1789095600000,2026-09-11T03:00:00.000Z,710.68,711.22,710.68,711.21,12.7,
1789095780000,2026-09-11T03:03:00.000Z,711.21,711.21,710.33,710.33,0.22,
1789095960000,2026-09-11T03:06:00.000Z,710.33,710.33,709.84,709.85,0.7,
1789096140000,2026-09-11T03:09:00.000Z,709.85,710.1,709.71,710.1,2.79,
1789096320000,2026-09-11T03:12:00.000Z,710.1,711.29,709.71,711.28,1.23,
1789096500000,2026-09-11T03:15:00.000Z,711.28,711.5,710.42,710.75,72.92,
1789096680000,2026-09-11T03:18:00.000Z,710.75,711.68,710.75,711.37,1.43,
1789096860000,2026-09-11T03:21:00.000Z,711.37,711.37,710.43,710.8,13.85,
1789097040000,2026-09-11T03:24:00.000Z,710.8,710.8,710.37,710.56,10.98,
1789097220000,2026-09-11T03:27:00.000Z,710.56,711.04,710.56,710.81,0.11,
1789097400000,2026-09-11T03:30:00.000Z,710.81,710.81,710.36,710.37,12.1,
1789097580000,2026-09-11T03:33:00.000Z,710.37,710.37,709.84,710.32,2.23,
1789097760000,2026-09-11T03:36:00.000Z,710.32,711.4,710.32,711.4,0.26,
1789097940000,2026-09-11T03:39:00.000Z,711.4,711.99,711.4,711.92,18.51,
1789098120000,2026-09-11T03:42:00.000Z,711.92,711.94,711.4,711.83,8.48,
1789098300000,2026-09-11T03:45:00.000Z,711.83,711.96,711.27,711.33,0.24,
1789098480000,2026-09-11T03:48:00.000Z,711.33,711.39,711.22,711.24,0.93,
1789098660000,2026-09-11T03:51:00.000Z,711.24,711.33,711.1,711.33,0.07,
1789098840000,2026-09-11T03:54:00.000Z,711.33,711.73,711.31,711.71,6.75,
1789099020000,2026-09-11T03:57:00.000Z,711.71,711.91,711.53,711.66,1.03,
1789099200000,2026-09-11T04:00:00.000Z,711.66,712.24,711.62,711.62,1.75,
1789099380000,2026-09-11T04:03:00.000Z,711.62,712.28,711.62,712.28,0.76,
1789099560000,2026-09-11T04:06:00.000Z,712.28,712.5,712.2,712.33,0.57,
1789099740000,2026-09-11T04:09:00.000Z,712.33,712.67,712.04,712.28,4.36,
1789099920000,2026-09-11T04:12:00.000Z,712.28,712.72,712.28,712.68,0.1,
1789100100000,2026-09-11T04:15:00.000Z,712.68,712.94,712.29,712.6,17.46,
1789100280000,2026-09-11T04:18:00.000Z,712.6,713.33,712.6,713.33,1.54,
1789100460000,2026-09-11T04:21:00.000Z,713.33,714,713.3,714,41.78,
1789100640000,2026-09-11T04:24:00.000Z,714,714.73,714,714.73,7.74,
1789100820000,2026-09-11T04:27:00.000Z,714.73,715.38,714.73,715.38,26.53,
1789101000000,2026-09-11T04:30:00.000Z,715.38,716.13,715.32,715.89,85.17,
1789101180000,2026-09-11T04:33:00.000Z,715.89,715.96,715.61,715.66,19.33,
1789101360000,2026-09-11T04:36:00.000Z,715.66,715.75,715.09,715.35,13.13,
1789101540000,2026-09-11T04:39:00.000Z,715.35,715.64,715.08,715.64,2.14,
1789101720000,2026-09-11T04:42:00.000Z,715.64,716.23,715.56,715.94,19.73,
1789101900000,2026-09-11T04:45:00.000Z,715.94,716.22,715.68,716.17,0.82,
1789102080000,2026-09-11T04:48:00.000Z,716.17,716.88,716.07,716.85,8.68,
1789102260000,2026-09-11T04:51:00.000Z,716.85,717.1,716.54,716.57,56.68,
1789102440000,2026-09-11T04:54:00.000Z,716.57,716.57,716.45,716.5,10.74,
1789102620000,2026-09-11T04:57:00.000Z,716.5,716.6,716.27,716.27,2.75,
1789102800000,2026-09-11T05:00:00.000Z,716.27,716.36,715.73,715.76,2.46,
1789102980000,2026-09-11T05:03:00.000Z,715.76,715.98,715.46,715.51,21.03,
1789103160000,2026-09-11T05:06:00.000Z,715.51,716.11,715.51,716.11,5.44,
1789103340000,2026-09-11T05:09:00.000Z,716.11,716.25,715.54,716.25,14.5,
1789103520000,2026-09-11T05:12:00.000Z,716.25,716.37,715.57,715.96,38.43,
1789103700000,2026-09-11T05:15:00.000Z,715.96,715.96,715.54,715.64,6.64,
1789103880000,2026-09-11T05:18:00.000Z,715.64,715.65,715.33,715.33,1.54,
1789104060000,2026-09-11T05:21:00.000Z,715.33,715.34,714.92,715.34,50.99,
1789104240000,2026-09-11T05:24:00.000Z,715.34,715.34,714.99,714.99,10.56,
1789104420000,2026-09-11T05:27:00.000Z,714.99,715.62,714.95,715.62,32.76,
1789104600000,2026-09-11T05:30:00.000Z,715.62,716.57,715.43,715.43,43.54,
1789104780000,2026-09-11T05:33:00.000Z,715.43,715.78,715.35,715.78,2.94,
1789104960000,2026-09-11T05:36:00.000Z,715.78,716.55,715.78,716.36,6.83,
1789105140000,2026-09-11T05:39:00.000Z,716.36,716.91,716.05,716.5,346.69,
1789105320000,2026-09-11T05:42:00.000Z,716.5,716.79,716.43,716.51,121.18,
1789105500000,2026-09-11T05:45:00.000Z,716.51,716.52,716.04,716.3,11.39,
1789105680000,2026-09-11T05:48:00.000Z,716.3,716.32,716.18,716.18,0.05,
1789105860000,2026-09-11T05:51:00.000Z,716.18,716.18,715.81,715.81,9.31,
1789106040000,2026-09-11T05:54:00.000Z,715.81,716.21,715.81,716.21,0.62,
1789106220000,2026-09-11T05:57:00.000Z,716.21,716.21,716.1,716.1,0.03,
1789106400000,2026-09-11T06:00:00.000Z,716.1,716.22,716.01,716.13,16.44,
1789106580000,2026-09-11T06:03:00.000Z,716.13,716.26,715.96,715.96,6.05,
1789106760000,2026-09-11T06:06:00.000Z,715.96,716.2,715.88,716.09,1.95,
1789106940000,2026-09-11T06:09:00.000Z,716.09,716.17,716.09,716.09,0.22,
1789107120000,2026-09-11T06:12:00.000Z,716.09,716.57,715.91,716.57,4.14,
1789107300000,2026-09-11T06:15:00.000Z,716.57,716.57,716.2,716.43,0.69,
1789107480000,2026-09-11T06:18:00.000Z,716.43,716.43,715.8,715.97,8.35,
1789107660000,2026-09-11T06:21:00.000Z,715.97,715.97,714.93,714.93,10.64,
1789107840000,2026-09-11T06:24:00.000Z,714.93,714.93,714.72,714.72,0.04,
1789108020000,2026-09-11T06:27:00.000Z,714.72,714.86,714.6,714.71,15.57,
1789108200000,2026-09-11T06:30:00.000Z,714.71,714.71,714,714,31.94,
1789108380000,2026-09-11T06:33:00.000Z,714,714.15,713.82,714.13,39.21,
1789108560000,2026-09-11T06:36:00.000Z,714.13,714.37,714.1,714.1,29.93,
1789108740000,2026-09-11T06:39:00.000Z,714.1,714.52,714.1,714.31,3.66,
1789108920000,2026-09-11T06:42:00.000Z,714.31,714.35,714.28,714.35,0.03,
1789109100000,2026-09-11T06:45:00.000Z,714.35,714.35,714.33,714.33,0.05,
1789109280000,2026-09-11T06:48:00.000Z,714.33,714.74,713.88,714.73,204.49,
1789109460000,2026-09-11T06:51:00.000Z,714.73,714.73,714.42,714.67,4.9,
1789109640000,2026-09-11T06:54:00.000Z,714.67,714.74,714.54,714.54,1.66,
1789109820000,2026-09-11T06:57:00.000Z,714.54,714.73,714.54,714.73,3.06,
1789110000000,2026-09-11T07:00:00.000Z,714.73,714.73,714.61,714.69,2.37,
1789110180000,2026-09-11T07:03:00.000Z,714.69,714.98,714.66,714.92,4.49,
1789110360000,2026-09-11T07:06:00.000Z,714.92,715.18,714.92,715.18,0.01,
1789110540000,2026-09-11T07:09:00.000Z,715.18,715.44,715.1,715.4,8.58,
1789110720000,2026-09-11T07:12:00.000Z,715.4,715.4,714.73,714.74,0.44,
1789110900000,2026-09-11T07:15:00.000Z,714.74,715,714.72,715,8.16,
1789111080000,2026-09-11T07:18:00.000Z,715,715.24,714.94,715.07,5.49,
1789111260000,2026-09-11T07:21:00.000Z,715.07,715.07,714.85,714.92,4.13,
1789111440000,2026-09-11T07:24:00.000Z,714.92,715.52,714.46,714.46,13.41,
1789111620000,2026-09-11T07:27:00.000Z,714.46,714.63,714.46,714.55,0.58,
1789111800000,2026-09-11T07:30:00.000Z,714.55,714.55,713.9,713.9,5.98,
1789111980000,2026-09-11T07:33:00.000Z,713.9,714.18,713.47,713.49,44.32,
1789112160000,2026-09-11T07:36:00.000Z,713.49,713.72,713.49,713.62,0.53,
1789112340000,2026-09-11T07:39:00.000Z,713.62,713.62,713.54,713.54,0.41,
1789112520000,2026-09-11T07:42:00.000Z,713.54,713.54,713.33,713.33,4.81,
1789112700000,2026-09-11T07:45:00.000Z,713.33,713.33,712.98,713.02,20.68,
1789112880000,2026-09-11T07:48:00.000Z,713.02,713.02,712.51,712.57,27.04,
1789113060000,2026-09-11T07:51:00.000Z,712.57,712.63,712.4,712.58,20.31,
1789113240000,2026-09-11T07:54:00.000Z,712.58,713.21,712.54,713.21,20.35,
1789113420000,2026-09-11T07:57:00.000Z,713.21,713.22,712.98,713.07,5.33,
1789113600000,2026-09-11T08:00:00.000Z,713.07,714.19,713.07,714.11,9.95,
1789113780000,2026-09-11T08:03:00.000Z,714.11,714.11,712.71,712.71,1.54,
1789113960000,2026-09-11T08:06:00.000Z,712.71,712.86,712.64,712.72,3.02,
1789114140000,2026-09-11T08:09:00.000Z,712.72,712.72,712.13,712.24,33.41,
1789114320000,2026-09-11T08:12:00.000Z,712.24,712.5,712.24,712.5,3.02,
1789114500000,2026-09-11T08:15:00.000Z,712.5,712.85,712.5,712.85,2.02,
1789114680000,2026-09-11T08:18:00.000Z,712.85,713.59,712.85,713.51,22.55,
1789114860000,2026-09-11T08:21:00.000Z,713.51,713.59,713.51,713.59,2.82,
1789115040000,2026-09-11T08:24:00.000Z,713.59,714.97,713.59,713.95,66.35,
1789115220000,2026-09-11T08:27:00.000Z,713.95,714.15,713.84,714.15,0.04,
1789115400000,2026-09-11T08:30:00.000Z,714.15,715.58,714.15,715.43,102.35,
1789115580000,2026-09-11T08:33:00.000Z,715.43,715.43,714.29,714.29,5.57,
1789115760000,2026-09-11T08:36:00.000Z,714.29,714.44,714.19,714.23,0.58,
1789115940000,2026-09-11T08:39:00.000Z,714.23,714.29,714.12,714.29,1.34,
1789116120000,2026-09-11T08:42:00.000Z,714.29,714.29,714.01,714.07,16.24,
1789116300000,2026-09-11T08:45:00.000Z,714.07,714.13,714.07,714.07,7.73,
1789116480000,2026-09-11T08:48:00.000Z,714.07,714.07,713.35,713.52,16.88,
1789116660000,2026-09-11T08:51:00.000Z,713.52,713.72,713.52,713.72,0.35,
1789116840000,2026-09-11T08:54:00.000Z,713.72,713.72,713.32,713.32,0.36,
1789117020000,2026-09-11T08:57:00.000Z,713.32,713.38,713.29,713.29,0.76,
1789117200000,2026-09-11T09:00:00.000Z,713.29,713.38,713.22,713.22,0.62,
1789117380000,2026-09-11T09:03:00.000Z,713.22,713.75,712.94,713.39,36.82,
1789117560000,2026-09-11T09:06:00.000Z,713.39,713.39,712.24,712.28,23.64,
1789117740000,2026-09-11T09:09:00.000Z,712.28,712.74,712.28,712.63,7.26,
1789117920000,2026-09-11T09:12:00.000Z,712.63,712.9,712.63,712.9,3.31,
1789118100000,2026-09-11T09:15:00.000Z,712.9,713.05,712.9,713.05,0.09,
1789118280000,2026-09-11T09:18:00.000Z,713.05,713.28,713.05,713.26,1.9,
1789118460000,2026-09-11T09:21:00.000Z,713.26,713.26,712.87,712.87,0.26,
1789118640000,2026-09-11T09:24:00.000Z,712.87,712.87,712.43,712.62,41.78,
1789118820000,2026-09-11T09:27:00.000Z,712.62,712.69,712.51,712.68,7.69,
1789119000000,2026-09-11T09:30:00.000Z,712.68,712.71,712.67,712.67,0.58,
1789119180000,2026-09-11T09:33:00.000Z,712.67,712.67,711.86,711.86,10.23,
1789119360000,2026-09-11T09:36:00.000Z,711.86,711.9,710.81,711.11,20.04,
1789119540000,2026-09-11T09:39:00.000Z,711.11,711.34,710.57,710.57,25.55,
1789119720000,2026-09-11T09:42:00.000Z,710.57,711.28,710.57,711.28,20.74,
1789119900000,2026-09-11T09:45:00.000Z,711.28,711.83,711.28,711.83,5.63,
1789120080000,2026-09-11T09:48:00.000Z,711.83,712.09,711.79,712.06,12.66,
1789120260000,2026-09-11T09:51:00.000Z,712.06,713.07,712.06,712.99,10.06,
1789120440000,2026-09-11T09:54:00.000Z,712.99,712.99,712.33,712.33,2.18,
1789120620000,2026-09-11T09:57:00.000Z,712.33,712.42,712.33,712.42,0.11,
1789120800000,2026-09-11T10:00:00.000Z,712.42,713.09,711.86,713.09,9.2,
1789120980000,2026-09-11T10:03:00.000Z,713.09,713.89,713.05,713.75,28.95,
1789121160000,2026-09-11T10:06:00.000Z,713.75,714.42,713.75,714.4,12.44,
1789121340000,2026-09-11T10:09:00.000Z,714.4,714.52,713.76,713.89,8.83,
1789121520000,2026-09-11T10:12:00.000Z,713.89,714.01,713.39,713.61,14.83,
1789121700000,2026-09-11T10:15:00.000Z,713.61,713.96,713.61,713.62,1.24,
1789121880000,2026-09-11T10:18:00.000Z,713.62,713.95,713.35,713.35,12.53,
1789122060000,2026-09-11T10:21:00.000Z,713.35,713.56,713.35,713.5,0.09,
1789122240000,2026-09-11T10:24:00.000Z,713.5,713.5,713.32,713.4,4.2,
1789122420000,2026-09-11T10:27:00.000Z,713.4,713.44,713.29,713.37,8.17,
1789122600000,2026-09-11T10:30:00.000Z,713.37,713.42,711.96,712.3,33.44,
1789122780000,2026-09-11T10:33:00.000Z,712.3,713.2,712.3,713.2,2.62,
1789122960000,2026-09-11T10:36:00.000Z,713.2,713.27,712.92,712.93,6.91,
1789123140000,2026-09-11T10:39:00.000Z,712.93,712.93,712.39,712.51,12.88,
1789123320000,2026-09-11T10:42:00.000Z,712.51,712.95,712.24,712.24,0.09,
1789123500000,2026-09-11T10:45:00.000Z,712.24,712.59,712.24,712.31,0.25,
1789123680000,2026-09-11T10:48:00.000Z,712.31,712.32,712.26,712.32,0.02,
1789123860000,2026-09-11T10:51:00.000Z,712.32,712.79,712.32,712.68,14.61,
1789124040000,2026-09-11T10:54:00.000Z,712.68,712.68,712.5,712.6,17.34,
1789124220000,2026-09-11T10:57:00.000Z,712.6,712.6,712.16,712.28,22.77,
1789124400000,2026-09-11T11:00:00.000Z,712.28,712.28,711.38,711.59,8.95,
1789124580000,2026-09-11T11:03:00.000Z,711.59,711.59,710.81,711.22,35.2,
1789124760000,2026-09-11T11:06:00.000Z,711.22,711.25,710.08,710.15,49.93,
1789124940000,2026-09-11T11:09:00.000Z,710.15,710.41,709.85,709.98,132.39,
1789125120000,2026-09-11T11:12:00.000Z,709.98,710.25,709.66,709.91,20.48,
1789125300000,2026-09-11T11:15:00.000Z,709.91,710.35,709.89,710.26,30.19,
1789125480000,2026-09-11T11:18:00.000Z,710.26,710.79,710.26,710.74,1.22,
1789125660000,2026-09-11T11:21:00.000Z,710.74,710.74,710.59,710.64,0.03,
1789125840000,2026-09-11T11:24:00.000Z,710.64,711.24,710.59,711.24,2.15,
1789126020000,2026-09-11T11:27:00.000Z,711.24,711.24,710.68,710.68,3.39,
1789126200000,2026-09-11T11:30:00.000Z,710.68,710.81,710.65,710.74,0.39,
1789126380000,2026-09-11T11:33:00.000Z,710.74,711.19,710.74,710.88,7.02,
1789126560000,2026-09-11T11:36:00.000Z,710.88,711.63,710.88,711.6,16.33,
1789126740000,2026-09-11T11:39:00.000Z,711.6,711.91,711.34,711.82,0.27,
1789126920000,2026-09-11T11:42:00.000Z,711.82,712.09,711.82,712.09,0.23,
1789127100000,2026-09-11T11:45:00.000Z,712.09,712.63,711.79,712.36,52.21,
1789127280000,2026-09-11T11:48:00.000Z,712.36,712.36,712.07,712.08,3.27,
1789127460000,2026-09-11T11:51:00.000Z,712.08,712.41,712.08,712.34,1.71,
1789127640000,2026-09-11T11:54:00.000Z,712.34,712.35,712.15,712.16,8.95,
1789127820000,2026-09-11T11:57:00.000Z,712.16,712.64,712.16,712.64,20.25,
1789128000000,2026-09-11T12:00:00.000Z,712.64,713.37,712.57,713.37,8,
1789128180000,2026-09-11T12:03:00.000Z,713.37,713.38,712.58,712.72,12.07,
1789128360000,2026-09-11T12:06:00.000Z,712.72,712.72,711.55,711.78,2.61,
1789128540000,2026-09-11T12:09:00.000Z,711.78,712.04,711.45,711.88,12.51,
1789128720000,2026-09-11T12:12:00.000Z,711.88,711.88,711.2,711.44,2.42,
1789128900000,2026-09-11T12:15:00.000Z,711.44,712.03,711.1,712.03,29.88,
1789129080000,2026-09-11T12:18:00.000Z,712.03,712.33,711.38,711.82,5.99,
1789129260000,2026-09-11T12:21:00.000Z,711.82,711.98,711.38,711.48,20.11,
1789129440000,2026-09-11T12:24:00.000Z,711.48,711.89,710.78,711.68,23.21,
1789129620000,2026-09-11T12:27:00.000Z,711.68,714.32,710.67,711.93,169.04,
1789129800000,2026-09-11T12:30:00.000Z,711.93,713.19,706.02,712.96,702.4,
1789129980000,2026-09-11T12:33:00.000Z,712.96,718.16,712.95,717.61,595.05,
1789130160000,2026-09-11T12:36:00.000Z,717.61,721,717.2,720.72,228.81,
1789130340000,2026-09-11T12:39:00.000Z,720.72,722.88,719.83,721.07,254.16,
1789130520000,2026-09-11T12:42:00.000Z,721.07,721.28,719.71,721.05,68.3,
1789130700000,2026-09-11T12:45:00.000Z,721.05,722.73,720.82,722.65,99.01,
1789130880000,2026-09-11T12:48:00.000Z,722.65,722.99,720.4,721.74,75.96,
1789131060000,2026-09-11T12:51:00.000Z,721.74,724.22,721.74,723.57,634.82,
1789131240000,2026-09-11T12:54:00.000Z,723.57,723.57,721.58,722.16,169.09,
1789131420000,2026-09-11T12:57:00.000Z,722.16,723.28,721.98,723.12,39.57,
1789131600000,2026-09-11T13:00:00.000Z,723.12,723.12,720.27,720.37,56.22,
1789131780000,2026-09-11T13:03:00.000Z,720.37,720.37,719.24,720.19,42.25,
1789131960000,2026-09-11T13:06:00.000Z,720.19,721.02,718.91,718.96,63.97,
1789132140000,2026-09-11T13:09:00.000Z,718.96,719.37,718.4,719.24,46.05,
1789132320000,2026-09-11T13:12:00.000Z,719.24,719.93,718.53,719.92,16.11,
1789132500000,2026-09-11T13:15:00.000Z,719.92,719.92,719.3,719.58,18.25,
1789132680000,2026-09-11T13:18:00.000Z,719.58,721.15,719.58,720.39,16.29,
1789132860000,2026-09-11T13:21:00.000Z,720.39,721.54,720.32,721.11,27.64,
1789133040000,2026-09-11T13:24:00.000Z,721.11,721.11,719.84,720.55,31.96,
1789133220000,2026-09-11T13:27:00.000Z,720.55,720.55,718.09,718.38,43.93,
1789133400000,2026-09-11T13:30:00.000Z,718.38,719.73,717.06,717.06,27.98,
1789133580000,2026-09-11T13:33:00.000Z,717.06,719.15,716.92,718.71,49.65,
1789133760000,2026-09-11T13:36:00.000Z,718.71,718.71,716.67,718.45,47.88,
1789133940000,2026-09-11T13:39:00.000Z,718.45,720.29,718.45,720.25,71.15,
1789134120000,2026-09-11T13:42:00.000Z,720.25,722.07,720.18,721.35,282.93,
1789134300000,2026-09-11T13:45:00.000Z,721.35,722.78,720.84,722.78,158.85,
1789134480000,2026-09-11T13:48:00.000Z,722.78,729.14,722.78,727.9,4501.7,
1789134660000,2026-09-11T13:51:00.000Z,727.9,732.58,727.56,731.86,727.3,
1789134840000,2026-09-11T13:54:00.000Z,731.86,733.07,730.15,732.55,675.03,
1789135020000,2026-09-11T13:57:00.000Z,732.55,736.44,732.27,735.93,252.15,
1789135200000,2026-09-11T14:00:00.000Z,735.93,740.22,735.49,739.87,727.38,
1789135380000,2026-09-11T14:03:00.000Z,739.87,740.74,737.48,737.52,337.89,
1789135560000,2026-09-11T14:06:00.000Z,737.52,737.52,732.55,732.85,273.02,
1789135740000,2026-09-11T14:09:00.000Z,732.85,734.12,731.11,731.11,147.84,
1789135920000,2026-09-11T14:12:00.000Z,731.11,733.56,730.04,732.99,940.98,
1789136100000,2026-09-11T14:15:00.000Z,732.99,733.85,731.93,732.9,294.12,
1789136280000,2026-09-11T14:18:00.000Z,732.9,733.56,732.39,733.32,14.11,
1789136460000,2026-09-11T14:21:00.000Z,733.32,733.69,732.59,733.3,223.83,
1789136640000,2026-09-11T14:24:00.000Z,733.3,733.95,732.73,733.24,233.67,
1789136820000,2026-09-11T14:27:00.000Z,733.24,734.7,733.08,734.43,22.36,
1789137000000,2026-09-11T14:30:00.000Z,734.43,734.43,732.78,734.07,69.13,
1789137180000,2026-09-11T14:33:00.000Z,734.07,734.43,731.7,731.7,76.18,
1789137360000,2026-09-11T14:36:00.000Z,731.7,732.99,730.09,732.27,94.94,
1789137540000,2026-09-11T14:39:00.000Z,732.27,732.82,731.73,731.86,21.62,
1789137720000,2026-09-11T14:42:00.000Z,731.86,732.22,731.08,732.06,14.05,
1789137900000,2026-09-11T14:45:00.000Z,732.06,733.22,731.78,731.78,11.07,
1789138080000,2026-09-11T14:48:00.000Z,731.78,731.78,729.33,730.61,111.91,
1789138260000,2026-09-11T14:51:00.000Z,730.61,732.84,730.29,732.45,186.75,
1789138440000,2026-09-11T14:54:00.000Z,732.45,732.82,732.25,732.56,9.73,
1789138620000,2026-09-11T14:57:00.000Z,732.56,733.08,732.29,732.29,2.55,
1789138800000,2026-09-11T15:00:00.000Z,732.29,732.56,730.17,731.63,33.58,
1789138980000,2026-09-11T15:03:00.000Z,731.63,732.64,731.35,731.94,67.57,
1789139160000,2026-09-11T15:06:00.000Z,731.94,732.53,731.34,731.62,3.72,
1789139340000,2026-09-11T15:09:00.000Z,731.62,731.62,730.13,730.42,14.58,
1789139520000,2026-09-11T15:12:00.000Z,730.42,730.42,729.59,729.66,60.72,
1789139700000,2026-09-11T15:15:00.000Z,729.66,731.39,729.34,731.39,11.97,
1789139880000,2026-09-11T15:18:00.000Z,731.39,733,731.32,732.79,15.34,
1789140060000,2026-09-11T15:21:00.000Z,732.79,734.03,732.79,734.03,53.98,
1789140240000,2026-09-11T15:24:00.000Z,734.03,734.12,733.68,734.12,5.59,
1789140420000,2026-09-11T15:27:00.000Z,734.12,734.49,733.89,734.3,29.85,
1789140600000,2026-09-11T15:30:00.000Z,734.3,735.01,733.85,735.01,52.01,
1789140780000,2026-09-11T15:33:00.000Z,735.01,736.67,735.01,736.67,19.89,
1789140960000,2026-09-11T15:36:00.000Z,736.67,737.78,736.21,737.67,39.67,
1789141140000,2026-09-11T15:39:00.000Z,737.67,739.76,737.67,739.29,104.21,
1789141320000,2026-09-11T15:42:00.000Z,739.29,739.64,737.61,738.16,54.71,
1789141500000,2026-09-11T15:45:00.000Z,738.16,738.2,736.81,737.23,53.12,
1789141680000,2026-09-11T15:48:00.000Z,737.23,737.23,734.86,735.68,28.02,
1789141860000,2026-09-11T15:51:00.000Z,735.68,735.68,729.53,729.56,155.1,
1789142040000,2026-09-11T15:54:00.000Z,729.56,730.15,725.7,727.87,302.27,
1789142220000,2026-09-11T15:57:00.000Z,727.87,729.29,727.2,727.91,36.41,
1789142400000,2026-09-11T16:00:00.000Z,727.91,731.45,727.39,731.04,138.08,
1789142580000,2026-09-11T16:03:00.000Z,731.04,732.08,729.36,731.76,48.98,
1789142760000,2026-09-11T16:06:00.000Z,731.76,732.94,731.31,731.78,38.95,
1789142940000,2026-09-11T16:09:00.000Z,731.78,732.71,730.96,731.23,33.5,
1789143120000,2026-09-11T16:12:00.000Z,731.23,731.23,729.57,729.89,78.51,
1789143300000,2026-09-11T16:15:00.000Z,729.89,730.93,729.44,729.48,16.21,
1789143480000,2026-09-11T16:18:00.000Z,729.48,729.48,727.06,727.19,82.07,
1789143660000,2026-09-11T16:21:00.000Z,727.19,728.63,726.72,727.42,35.25,
1789143840000,2026-09-11T16:24:00.000Z,727.42,729.01,726.67,729,98.32,
1789144020000,2026-09-11T16:27:00.000Z,729,729.66,728.37,728.98,16.24,
1789144200000,2026-09-11T16:30:00.000Z,728.98,729.24,727.56,727.9,60.37,
1789144380000,2026-09-11T16:33:00.000Z,727.9,730.42,727.9,729.94,22.62,
1789144560000,2026-09-11T16:36:00.000Z,729.94,729.94,728.3,728.35,25.51,
1789144740000,2026-09-11T16:39:00.000Z,728.35,729.2,728.11,728.82,154.75,
1789144920000,2026-09-11T16:42:00.000Z,728.82,729.45,728.82,729.08,11.51,
1789145100000,2026-09-11T16:45:00.000Z,729.08,731.33,729.08,731.25,40.64,
1789145280000,2026-09-11T16:48:00.000Z,731.25,731.47,730.06,730.23,25.3,
1789145460000,2026-09-11T16:51:00.000Z,730.23,730.65,729.93,729.99,0.69,
1789145640000,2026-09-11T16:54:00.000Z,729.99,730.28,729.74,729.83,10.69,
1789145820000,2026-09-11T16:57:00.000Z,729.83,730.18,729.39,729.82,18.24,
1789146000000,2026-09-11T17:00:00.000Z,729.82,730.29,729.28,729.66,45.5,
1789146180000,2026-09-11T17:03:00.000Z,729.66,730.01,729.16,729.16,9.71,
1789146360000,2026-09-11T17:06:00.000Z,729.16,730.15,728.94,729.22,37.3,
1789146540000,2026-09-11T17:09:00.000Z,729.22,729.22,728.25,728.65,41.54,
1789146720000,2026-09-11T17:12:00.000Z,728.65,729.1,728.52,728.52,0.6,
1789146900000,2026-09-11T17:15:00.000Z,728.52,729.38,728.19,729.38,116.07,
1789147080000,2026-09-11T17:18:00.000Z,729.38,729.46,729.03,729.11,1.06,
1789147260000,2026-09-11T17:21:00.000Z,729.11,729.24,727.8,729.22,28.98,
1789147440000,2026-09-11T17:24:00.000Z,729.22,729.75,729.13,729.75,3.32,
1789147620000,2026-09-11T17:27:00.000Z,729.75,730.14,729.5,729.66,5.01,
1789147800000,2026-09-11T17:30:00.000Z,729.66,730.12,729.36,729.36,27.86,
1789147980000,2026-09-11T17:33:00.000Z,729.36,729.48,729.04,729.04,2.12,
1789148160000,2026-09-11T17:36:00.000Z,729.04,729.04,727.2,727.2,44.33,
1789148340000,2026-09-11T17:39:00.000Z,727.2,727.2,726.69,726.88,20.25,
1789148520000,2026-09-11T17:42:00.000Z,726.88,727.63,726.48,727.11,13.22,
1789148700000,2026-09-11T17:45:00.000Z,727.11,727.36,727.1,727.12,1.43,
1789148880000,2026-09-11T17:48:00.000Z,727.12,727.76,727.12,727.76,0.22,
1789149060000,2026-09-11T17:51:00.000Z,727.76,727.76,726.8,726.8,22.63,
1789149240000,2026-09-11T17:54:00.000Z,726.8,726.8,725.7,726.8,6.39,
1789149420000,2026-09-11T17:57:00.000Z,726.8,727.48,726.59,726.89,13.39,
1789149600000,2026-09-11T18:00:00.000Z,726.89,727.33,725.33,725.34,11.79,
1789149780000,2026-09-11T18:03:00.000Z,725.34,725.34,721.36,721.55,681.98,
1789149960000,2026-09-11T18:06:00.000Z,721.55,723.74,719.21,723.21,344.39,
1789150140000,2026-09-11T18:09:00.000Z,723.21,723.29,721.42,722.52,43.62,
1789150320000,2026-09-11T18:12:00.000Z,722.52,722.62,721.6,722.62,42.89,
1789150500000,2026-09-11T18:15:00.000Z,722.62,723.99,722.33,723.78,11.21,
1789150680000,2026-09-11T18:18:00.000Z,723.78,724.71,723.61,724.32,39.49,
1789150860000,2026-09-11T18:21:00.000Z,724.32,724.78,724.08,724.28,6.11,
1789151040000,2026-09-11T18:24:00.000Z,724.28,724.28,723.32,723.88,89.85,
1789151220000,2026-09-11T18:27:00.000Z,723.88,723.96,722.85,723.96,4.13,
1789151400000,2026-09-11T18:30:00.000Z,723.96,723.98,723.1,723.59,4.27,
1789151580000,2026-09-11T18:33:00.000Z,723.59,724.44,723.59,724.07,9.17,
1789151760000,2026-09-11T18:36:00.000Z,724.07,724.77,723.65,724.53,1.06,
1789151940000,2026-09-11T18:39:00.000Z,724.53,724.53,723.08,723.25,4.62,
1789152120000,2026-09-11T18:42:00.000Z,723.25,723.37,723.09,723.37,1.24,
1789152300000,2026-09-11T18:45:00.000Z,723.37,724.56,722.78,722.91,52.57,
1789152480000,2026-09-11T18:48:00.000Z,722.91,723.2,722.33,722.5,1.36,
1789152660000,2026-09-11T18:51:00.000Z,722.5,722.5,721.06,721.7,25.55,
1789152840000,2026-09-11T18:54:00.000Z,721.7,721.7,720.84,721.58,30.18,
1789153020000,2026-09-11T18:57:00.000Z,721.58,721.77,721.53,721.64,14.53,
1789153200000,2026-09-11T19:00:00.000Z,721.64,721.99,720.61,720.92,3.21,
1789153380000,2026-09-11T19:03:00.000Z,720.92,723.04,720.92,723.04,51.62,
1789153560000,2026-09-11T19:06:00.000Z,723.04,723.37,722.78,723.33,7.23,
1789153740000,2026-09-11T19:09:00.000Z,723.33,723.34,722.32,722.46,29.95,
1789153920000,2026-09-11T19:12:00.000Z,722.46,723.6,722.46,723.6,17.52,
1789154100000,2026-09-11T19:15:00.000Z,723.6,723.66,722.28,723.13,27.83,
1789154280000,2026-09-11T19:18:00.000Z,723.13,723.39,722.52,722.73,16.72,
1789154460000,2026-09-11T19:21:00.000Z,722.73,723.98,722.73,723.95,5.35,
1789154640000,2026-09-11T19:24:00.000Z,723.95,725.17,723.95,725.17,134.5,
1789154820000,2026-09-11T19:27:00.000Z,725.17,725.23,724.24,724.24,61.97,
1789155000000,2026-09-11T19:30:00.000Z,724.24,724.24,723.19,723.69,110.76,
1789155180000,2026-09-11T19:33:00.000Z,723.69,723.99,723.69,723.99,5.87,
1789155360000,2026-09-11T19:36:00.000Z,723.99,724.11,723.17,723.17,29.08,
1789155540000,2026-09-11T19:39:00.000Z,723.17,724.53,723.17,724.53,8.65,
1789155720000,2026-09-11T19:42:00.000Z,724.53,724.53,724.16,724.16,0.25,
1789155900000,2026-09-11T19:45:00.000Z,724.16,724.45,723.95,724.2,0.36,
1789156080000,2026-09-11T19:48:00.000Z,724.2,724.62,723.93,724.42,94.22,
1789156260000,2026-09-11T19:51:00.000Z,724.42,724.92,724.36,724.62,72.45,
1789156440000,2026-09-11T19:54:00.000Z,724.62,724.82,724.42,724.82,23.6,
1789156620000,2026-09-11T19:57:00.000Z,724.82,725.67,724.28,724.34,209.65,
1789156800000,2026-09-11T20:00:00.000Z,724.34,725.8,724.18,725.61,59.51,
1789156980000,2026-09-11T20:03:00.000Z,725.61,726.96,725.56,726.58,637.15,
1789157160000,2026-09-11T20:06:00.000Z,726.58,726.78,726.43,726.43,0.53,
1789157340000,2026-09-11T20:09:00.000Z,726.43,726.71,726.03,726.62,18.19,
1789157520000,2026-09-11T20:12:00.000Z,726.62,726.72,726.22,726.31,0.59,
1789157700000,2026-09-11T20:15:00.000Z,726.31,726.31,725.73,725.73,1.95,
1789157880000,2026-09-11T20:18:00.000Z,725.73,725.73,725.04,725.19,76.61,
1789158060000,2026-09-11T20:21:00.000Z,725.19,725.63,725.19,725.63,1.53,
1789158240000,2026-09-11T20:24:00.000Z,725.63,726.14,725.54,726,32.51,
1789158420000,2026-09-11T20:27:00.000Z,726,726.12,725.27,725.44,43.47,
1789158600000,2026-09-11T20:30:00.000Z,725.44,725.44,724.11,724.85,266.06,
1789158780000,2026-09-11T20:33:00.000Z,724.85,726.07,724.85,726.07,16.47,
1789158960000,2026-09-11T20:36:00.000Z,726.07,726.67,725.73,726.67,0.95,
1789159140000,2026-09-11T20:39:00.000Z,726.67,727.04,726.67,726.71,33.31,
1789159320000,2026-09-11T20:42:00.000Z,726.71,726.71,726.26,726.5,0.14,
1789159500000,2026-09-11T20:45:00.000Z,726.5,726.5,725.93,725.93,0.21,
1789159680000,2026-09-11T20:48:00.000Z,725.93,725.93,724.45,724.5,11.38,
1789159860000,2026-09-11T20:51:00.000Z,724.5,725.01,723.74,724.64,29.33,
1789160040000,2026-09-11T20:54:00.000Z,724.64,724.9,724.22,724.6,4.74,
1789160220000,2026-09-11T20:57:00.000Z,724.6,725.93,724.55,725.64,95.15,
1789160400000,2026-09-11T21:00:00.000Z,725.64,725.64,725.44,725.44,5.71,
1789160580000,2026-09-11T21:03:00.000Z,725.44,725.44,725.26,725.29,0.07,
1789160760000,2026-09-11T21:06:00.000Z,725.29,726.37,725.29,726.37,0.72,
1789160940000,2026-09-11T21:09:00.000Z,726.37,726.6,725.89,726.41,7.33,
1789161120000,2026-09-11T21:12:00.000Z,726.41,726.41,725.59,726.01,12.49,
1789161300000,2026-09-11T21:15:00.000Z,726.01,726.66,726.01,726.66,1.08,
1789161480000,2026-09-11T21:18:00.000Z,726.66,726.66,726.45,726.53,6.71,
1789161660000,2026-09-11T21:21:00.000Z,726.53,726.92,726.53,726.91,1.38,
1789161840000,2026-09-11T21:24:00.000Z,726.91,726.91,726.3,726.54,2.53,
1789162020000,2026-09-11T21:27:00.000Z,726.54,726.54,726.01,726.01,1.69,
1789162200000,2026-09-11T21:30:00.000Z,726.01,726.17,725.81,725.98,2.24,
1789162380000,2026-09-11T21:33:00.000Z,725.98,726.35,725.88,726.06,2.38,
1789162560000,2026-09-11T21:36:00.000Z,726.06,726.2,725.81,726.2,0.03,
1789162740000,2026-09-11T21:39:00.000Z,726.2,726.28,725.77,725.94,9.01,
1789162920000,2026-09-11T21:42:00.000Z,725.94,725.94,725.55,725.55,3.51,
1789163100000,2026-09-11T21:45:00.000Z,725.55,725.79,724.62,724.62,2.87,
1789163280000,2026-09-11T21:48:00.000Z,724.62,724.62,723.9,723.9,11.59,
1789163460000,2026-09-11T21:51:00.000Z,723.9,723.91,723.15,723.26,6.08,
1789163640000,2026-09-11T21:54:00.000Z,723.26,723.5,722.49,722.49,42.5,
1789163820000,2026-09-11T21:57:00.000Z,722.49,723.02,722.33,722.33,3.7,
1789164000000,2026-09-11T22:00:00.000Z,722.33,722.69,721.33,721.8,19.06,
1789164180000,2026-09-11T22:03:00.000Z,721.8,724.48,721.8,723.55,45.78,
1789164360000,2026-09-11T22:06:00.000Z,723.55,723.55,722.84,722.96,0.32,
1789164540000,2026-09-11T22:09:00.000Z,722.96,723.39,722.25,723.13,10.23,
1789164720000,2026-09-11T22:12:00.000Z,723.13,723.67,723.13,723.64,6.61,
1789164900000,2026-09-11T22:15:00.000Z,723.64,723.68,722.98,723.55,12.64,
1789165080000,2026-09-11T22:18:00.000Z,723.55,723.78,723.51,723.63,0.24,
1789165260000,2026-09-11T22:21:00.000Z,723.63,724.72,723.54,724.35,14.74,
1789165440000,2026-09-11T22:24:00.000Z,724.35,724.96,724.24,724.96,2.77,
1789165620000,2026-09-11T22:27:00.000Z,724.96,724.96,723.74,723.87,60.77,
1789165800000,2026-09-11T22:30:00.000Z,723.87,723.87,723.43,723.44,14.23,
1789165980000,2026-09-11T22:33:00.000Z,723.44,723.44,722.26,723.34,30.01,
1789166160000,2026-09-11T22:36:00.000Z,723.34,724.17,723.15,724.17,4.43,
1789166340000,2026-09-11T22:39:00.000Z,724.17,724.56,724.17,724.33,0.12,
1789166520000,2026-09-11T22:42:00.000Z,724.33,724.47,723.65,723.65,46.21,
1789166700000,2026-09-11T22:45:00.000Z,723.65,723.66,723.64,723.64,0.02,
1789166880000,2026-09-11T22:48:00.000Z,723.64,723.64,722.73,723.18,33.2,
1789167060000,2026-09-11T22:51:00.000Z,723.18,723.22,722.34,723.19,30.39,
1789167240000,2026-09-11T22:54:00.000Z,723.19,723.75,722.83,723.43,20.86,
1789167420000,2026-09-11T22:57:00.000Z,723.43,723.6,722.46,723.6,39.55,
1789167600000,2026-09-11T23:00:00.000Z,723.6,724.25,723.6,724.25,7.06,
1789167780000,2026-09-11T23:03:00.000Z,724.25,724.77,724.2,724.72,12.97,
1789167960000,2026-09-11T23:06:00.000Z,724.72,724.72,724.18,724.63,3.78,
1789168140000,2026-09-11T23:09:00.000Z,724.63,725.19,724.39,724.99,17.93,
1789168320000,2026-09-11T23:12:00.000Z,724.99,725.38,724.14,724.44,192.26,
1789168500000,2026-09-11T23:15:00.000Z,724.44,724.75,724.39,724.75,0.67,
1789168680000,2026-09-11T23:18:00.000Z,724.75,725.02,724.41,724.88,1.28,
1789168860000,2026-09-11T23:21:00.000Z,724.88,724.88,724.29,724.29,0.61,
1789169040000,2026-09-11T23:24:00.000Z,724.29,724.49,723.95,724.49,3.23,
1789169220000,2026-09-11T23:27:00.000Z,724.49,724.72,724.49,724.69,0.42,
1789169400000,2026-09-11T23:30:00.000Z,724.69,725.06,724.65,725.06,2.41,
1789169580000,2026-09-11T23:33:00.000Z,725.06,725.17,724.86,725.17,0.28,
1789169760000,2026-09-11T23:36:00.000Z,725.17,725.33,725.16,725.33,12.86,
1789169940000,2026-09-11T23:39:00.000Z,725.33,725.33,724.98,724.98,0.19,
1789170120000,2026-09-11T23:42:00.000Z,724.98,725.94,724.88,725.7,2.62,
1789170300000,2026-09-11T23:45:00.000Z,725.7,726.77,725.7,726.33,10.13,
1789170480000,2026-09-11T23:48:00.000Z,726.33,726.63,726.25,726.36,0.8,
1789170660000,2026-09-11T23:51:00.000Z,726.36,726.91,726.36,726.71,2.04,
1789170840000,2026-09-11T23:54:00.000Z,726.71,727.15,726.71,726.88,12.86,
1789171020000,2026-09-11T23:57:00.000Z,726.88,726.88,726.15,726.19,1.13,
1789171200000,2026-09-12T00:00:00.000Z,726.19,727.32,726.01,727.32,3.19,
1789171380000,2026-09-12T00:03:00.000Z,727.32,727.32,725.83,725.83,9.26,
1789171560000,2026-09-12T00:06:00.000Z,725.83,725.84,725.53,725.84,5.79,
1789171740000,2026-09-12T00:09:00.000Z,725.84,725.99,725.79,725.99,5.37,
1789171920000,2026-09-12T00:12:00.000Z,725.99,726.73,725.99,726.73,4.03,
1789172100000,2026-09-12T00:15:00.000Z,726.73,727.45,726.73,727.45,10.42,
1789172280000,2026-09-12T00:18:00.000Z,727.45,727.45,726.8,727.24,21.52,
1789172460000,2026-09-12T00:21:00.000Z,727.24,727.38,727.19,727.19,3.06,
1789172640000,2026-09-12T00:24:00.000Z,727.19,727.66,727.05,727.07,74.23,
1789172820000,2026-09-12T00:27:00.000Z,727.07,727.21,726.97,727.09,12.06,
1789173000000,2026-09-12T00:30:00.000Z,727.09,727.19,726.87,727.19,12.1,
1789173180000,2026-09-12T00:33:00.000Z,727.19,727.38,726.9,727.38,0.3,
1789173360000,2026-09-12T00:36:00.000Z,727.38,727.99,726.97,727.12,11.5,
1789173540000,2026-09-12T00:39:00.000Z,727.12,727.56,727.12,727.23,3.68,
1789173720000,2026-09-12T00:42:00.000Z,727.23,727.23,726.99,727.06,69.63,
1789173900000,2026-09-12T00:45:00.000Z,727.06,727.24,727.06,727.19,2.66,
1789174080000,2026-09-12T00:48:00.000Z,727.19,727.34,727.19,727.23,13.16,
1789174260000,2026-09-12T00:51:00.000Z,727.23,727.23,726.87,727.21,11.1,
1789174440000,2026-09-12T00:54:00.000Z,727.21,727.27,726.96,726.96,4.3,
1789174620000,2026-09-12T00:57:00.000Z,726.96,726.97,726.16,726.16,8.69,
1789174800000,2026-09-12T01:00:00.000Z,726.16,726.16,725.39,725.61,17.01,
1789174980000,2026-09-12T01:03:00.000Z,725.61,726.69,725.61,726.68,22.77,
1789175160000,2026-09-12T01:06:00.000Z,726.68,727.58,726.68,727.1,4.84,
1789175340000,2026-09-12T01:09:00.000Z,727.1,728.49,727.1,727.85,68.87,
1789175520000,2026-09-12T01:12:00.000Z,727.85,728.01,727.67,727.79,1.37,
1789175700000,2026-09-12T01:15:00.000Z,727.79,729.12,727.79,729.02,11.66,
1789175880000,2026-09-12T01:18:00.000Z,729.02,729.26,728.79,729.02,6.06,
1789176060000,2026-09-12T01:21:00.000Z,729.02,729.26,728.93,729.12,1.39,
1789176240000,2026-09-12T01:24:00.000Z,729.12,729.53,728.2,728.2,13.27,
1789176420000,2026-09-12T01:27:00.000Z,728.2,729.11,728.17,728.8,9.95,
1789176600000,2026-09-12T01:30:00.000Z,728.8,728.83,728.58,728.58,6.12,
1789176780000,2026-09-12T01:33:00.000Z,728.58,728.8,728.37,728.37,2.65,
1789176960000,2026-09-12T01:36:00.000Z,728.37,728.99,728.36,728.36,12.92,
1789177140000,2026-09-12T01:39:00.000Z,728.36,728.36,727.8,728.28,22.18,
1789177320000,2026-09-12T01:42:00.000Z,728.28,728.75,728.28,728.64,0.48,
1789177500000,2026-09-12T01:45:00.000Z,728.64,729.8,728.64,729.8,23.8,
1789177680000,2026-09-12T01:48:00.000Z,729.8,730.3,729.66,730.1,13.97,
1789177860000,2026-09-12T01:51:00.000Z,730.1,730.3,729.16,729.58,73.7,
1789178040000,2026-09-12T01:54:00.000Z,729.58,730.04,729.49,729.98,64.71,
1789178220000,2026-09-12T01:57:00.000Z,729.98,730.07,729.69,729.74,13.12,
1789178400000,2026-09-12T02:00:00.000Z,729.74,730.57,729.63,730.39,27.33,
1789178580000,2026-09-12T02:03:00.000Z,730.39,730.39,729.78,729.97,69.13,
1789178760000,2026-09-12T02:06:00.000Z,729.97,730.37,729.97,730.23,2.55,
1789178940000,2026-09-12T02:09:00.000Z,730.23,730.31,730.13,730.19,0.23,
1789179120000,2026-09-12T02:12:00.000Z,730.19,730.19,729.35,729.35,40.33,
1789179300000,2026-09-12T02:15:00.000Z,729.35,729.39,729.35,729.36,5.12,
1789179480000,2026-09-12T02:18:00.000Z,729.36,730.04,729.36,730.04,2.75,
1789179660000,2026-09-12T02:21:00.000Z,730.04,730.16,730.04,730.1,0.16,
1789179840000,2026-09-12T02:24:00.000Z,730.1,730.1,729.36,729.36,3.13,
1789180020000,2026-09-12T02:27:00.000Z,729.36,729.62,728.8,729.35,8.57,
1789180200000,2026-09-12T02:30:00.000Z,729.35,729.68,729.18,729.68,0.59,
1789180380000,2026-09-12T02:33:00.000Z,729.68,729.83,728.88,729.23,47.37,
1789180560000,2026-09-12T02:36:00.000Z,729.23,729.68,729.11,729.11,5.19,
1789180740000,2026-09-12T02:39:00.000Z,729.11,729.27,728.74,728.79,16.21,
1789180920000,2026-09-12T02:42:00.000Z,728.79,729.54,728.78,729.47,359.28,
1789181100000,2026-09-12T02:45:00.000Z,729.47,729.59,729.11,729.32,99.28,
1789181280000,2026-09-12T02:48:00.000Z,729.32,731.2,729.32,731.18,98.77,
1789181460000,2026-09-12T02:51:00.000Z,731.18,731.32,730.53,730.71,37.39,
1789181640000,2026-09-12T02:54:00.000Z,730.71,730.71,730.39,730.62,1.6,
1789181820000,2026-09-12T02:57:00.000Z,730.62,731.13,730.44,731.13,26.27,
1789182000000,2026-09-12T03:00:00.000Z,731.13,731.9,731.05,731.81,48.7,
1789182180000,2026-09-12T03:03:00.000Z,731.81,733.29,731.81,733.29,40.87,
1789182360000,2026-09-12T03:06:00.000Z,733.29,733.78,732.99,733.41,76.51,
1789182540000,2026-09-12T03:09:00.000Z,733.41,735,733.21,734.85,48.75,
1789182720000,2026-09-12T03:12:00.000Z,734.85,734.95,733.84,734.41,32.23,
1789182900000,2026-09-12T03:15:00.000Z,734.41,734.99,733.72,734.52,42.85,
1789183080000,2026-09-12T03:18:00.000Z,734.52,734.52,733.48,734.03,36.35,
1789183260000,2026-09-12T03:21:00.000Z,734.03,734.03,732.94,733.6,50.64,
1789183440000,2026-09-12T03:24:00.000Z,733.6,733.6,732.47,732.91,67.1,
1789183620000,2026-09-12T03:27:00.000Z,732.91,733.6,732.91,733.6,5.95,
1789183800000,2026-09-12T03:30:00.000Z,733.6,734.53,733.6,734.38,39.63,
1789183980000,2026-09-12T03:33:00.000Z,734.38,734.43,733.69,733.78,12.1,
1789184160000,2026-09-12T03:36:00.000Z,733.78,734.96,733.78,734.96,46.77,
1789184340000,2026-09-12T03:39:00.000Z,734.96,735.64,734.96,735.26,12.58,
1789184520000,2026-09-12T03:42:00.000Z,735.26,735.32,732.55,733.83,60.03,
1789184700000,2026-09-12T03:45:00.000Z,733.83,733.83,733.29,733.69,1.73,
1789184880000,2026-09-12T03:48:00.000Z,733.69,733.69,733.41,733.48,5.06,
1789185060000,2026-09-12T03:51:00.000Z,733.48,733.75,733.3,733.48,0.29,
1789185240000,2026-09-12T03:54:00.000Z,733.48,733.48,733.04,733.19,0.42,
1789185420000,2026-09-12T03:57:00.000Z,733.19,733.23,732.95,732.95,1.48,
1789185600000,2026-09-12T04:00:00.000Z,732.95,734.12,732.88,734.12,32.97,
1789185780000,2026-09-12T04:03:00.000Z,734.12,734.12,733.52,733.87,20.75,
1789185960000,2026-09-12T04:06:00.000Z,733.87,734.25,733.38,733.39,1.42,
1789186140000,2026-09-12T04:09:00.000Z,733.39,733.42,733.09,733.31,0.67,
1789186320000,2026-09-12T04:12:00.000Z,733.31,733.47,732.89,733.47,12.4,
1789186500000,2026-09-12T04:15:00.000Z,733.47,733.87,733,733,33.36,
1789186680000,2026-09-12T04:18:00.000Z,733,733.27,732.47,733.2,37.92,
1789186860000,2026-09-12T04:21:00.000Z,733.2,733.2,733.04,733.15,0.02,
1789187040000,2026-09-12T04:24:00.000Z,733.15,733.15,732.8,732.83,1.38,
1789187220000,2026-09-12T04:27:00.000Z,732.83,733.35,732.78,733.3,6.73,
1789187400000,2026-09-12T04:30:00.000Z,733.3,734.25,733.3,733.96,1.57,
1789187580000,2026-09-12T04:33:00.000Z,733.96,734.15,733.74,734.15,14.3,
1789187760000,2026-09-12T04:36:00.000Z,734.15,734.15,733.9,734.03,0.85,
1789187940000,2026-09-12T04:39:00.000Z,734.03,734.89,734.03,734.35,6.28,
1789188120000,2026-09-12T04:42:00.000Z,734.35,734.46,733.44,734.27,61.96,
1789188300000,2026-09-12T04:45:00.000Z,734.27,734.39,733.66,733.66,39.23,
1789188480000,2026-09-12T04:48:00.000Z,733.66,733.66,733.17,733.6,0.07,
1789188660000,2026-09-12T04:51:00.000Z,733.6,733.64,733.02,733.02,2.69,
1789188840000,2026-09-12T04:54:00.000Z,733.02,733.08,732.77,732.9,6.36,
1789189020000,2026-09-12T04:57:00.000Z,732.9,733.1,732.77,733.1,8.76,
1789189200000,2026-09-12T05:00:00.000Z,733.1,733.1,732.3,732.58,17.73,
1789189380000,2026-09-12T05:03:00.000Z,732.58,732.85,732.55,732.8,2.35,
1789189560000,2026-09-12T05:06:00.000Z,732.8,732.81,732.33,732.71,20.71,
1789189740000,2026-09-12T05:09:00.000Z,732.71,734.41,732.71,734.41,14.74,
1789189920000,2026-09-12T05:12:00.000Z,734.41,734.71,734.23,734.71,34.78,
1789190100000,2026-09-12T05:15:00.000Z,734.71,734.71,733.74,733.74,102.3,
1789190280000,2026-09-12T05:18:00.000Z,733.74,733.74,733.32,733.59,3.25,
1789190460000,2026-09-12T05:21:00.000Z,733.59,733.92,733.16,733.4,49.39,
1789190640000,2026-09-12T05:24:00.000Z,733.4,733.48,732.42,732.61,1.06,
1789190820000,2026-09-12T05:27:00.000Z,732.61,732.69,731.36,731.68,557.99,
1789191000000,2026-09-12T05:30:00.000Z,731.68,732.48,731.61,732.38,61.27,
1789191180000,2026-09-12T05:33:00.000Z,732.38,733.12,732.38,733.03,61.92,
1789191360000,2026-09-12T05:36:00.000Z,733.03,733.31,732.74,732.99,55.59,
1789191540000,2026-09-12T05:39:00.000Z,732.99,733.28,732.39,732.39,0.28,
1789191720000,2026-09-12T05:42:00.000Z,732.39,732.45,732.28,732.45,1.78,
1789191900000,2026-09-12T05:45:00.000Z,732.45,732.71,732.45,732.64,22,
1789192080000,2026-09-12T05:48:00.000Z,732.64,733.04,732.64,732.86,5.15,
1789192260000,2026-09-12T05:51:00.000Z,732.86,732.86,732.15,732.28,0.66,
1789192440000,2026-09-12T05:54:00.000Z,732.28,732.36,732.1,732.36,0.49,
1789192620000,2026-09-12T05:57:00.000Z,732.36,732.82,732.36,732.46,33.94,
1789192800000,2026-09-12T06:00:00.000Z,732.46,732.46,731.88,731.88,10.54,
1789192980000,2026-09-12T06:03:00.000Z,731.88,732.54,731.71,732.46,84.51,
1789193160000,2026-09-12T06:06:00.000Z,732.46,732.75,732.09,732.58,144.22,
1789193340000,2026-09-12T06:09:00.000Z,732.58,732.58,731.82,731.82,61.13,
1789193520000,2026-09-12T06:12:00.000Z,731.82,732.23,731.63,731.63,19.2,
1789193700000,2026-09-12T06:15:00.000Z,731.63,732.17,731.61,732.17,88.62,
1789193880000,2026-09-12T06:18:00.000Z,732.17,732.17,731.39,731.39,1.98,
1789194060000,2026-09-12T06:21:00.000Z,731.39,731.45,731.01,731.31,66.43,
1789194240000,2026-09-12T06:24:00.000Z,731.31,731.5,731.26,731.31,3.19,
1789194420000,2026-09-12T06:27:00.000Z,731.31,731.31,730.89,730.91,3.18,
1789194600000,2026-09-12T06:30:00.000Z,730.91,731.8,730.91,731.68,22.64,
1789194780000,2026-09-12T06:33:00.000Z,731.68,731.91,731.03,731.24,51.48,
1789194960000,2026-09-12T06:36:00.000Z,731.24,731.42,730.92,731.32,8.18,
1789195140000,2026-09-12T06:39:00.000Z,731.32,731.4,731.24,731.29,0.52,
1789195320000,2026-09-12T06:42:00.000Z,731.29,731.82,731.22,731.82,29.86,
1789195500000,2026-09-12T06:45:00.000Z,731.82,732.96,731.64,732.32,247.02,
1789195680000,2026-09-12T06:48:00.000Z,732.32,732.33,731.63,731.63,10.02,
1789195860000,2026-09-12T06:51:00.000Z,731.63,731.8,731.43,731.43,3.22,
1789196040000,2026-09-12T06:54:00.000Z,731.43,731.55,731.04,731.04,5.13,
1789196220000,2026-09-12T06:57:00.000Z,731.04,731.26,731.04,731.26,3.09,
1789196400000,2026-09-12T07:00:00.000Z,731.26,731.53,731.23,731.53,0.49,
1789196580000,2026-09-12T07:03:00.000Z,731.53,731.66,731.53,731.65,11.96,
1789196760000,2026-09-12T07:06:00.000Z,731.65,731.81,731.47,731.81,12.38,
1789196940000,2026-09-12T07:09:00.000Z,731.81,731.9,731.81,731.88,4.36,
1789197120000,2026-09-12T07:12:00.000Z,731.88,732.76,731.88,732.76,11.05,
1789197300000,2026-09-12T07:15:00.000Z,732.76,733.68,732.76,733.68,78.02,
1789197480000,2026-09-12T07:18:00.000Z,733.68,733.68,733.08,733.08,0.16,
1789197660000,2026-09-12T07:21:00.000Z,733.08,733.59,732.86,733.29,21.3,
1789197840000,2026-09-12T07:24:00.000Z,733.29,733.57,733.13,733.13,7.82,
1789198020000,2026-09-12T07:27:00.000Z,733.13,733.13,733.09,733.09,3.98,
1789198200000,2026-09-12T07:30:00.000Z,733.09,733.09,732.57,732.72,0.93,
1789198380000,2026-09-12T07:33:00.000Z,732.72,733.07,732.66,733.07,0.61,
1789198560000,2026-09-12T07:36:00.000Z,733.07,733.13,733.07,733.13,2.15,
1789198740000,2026-09-12T07:39:00.000Z,733.13,733.13,732.92,733.12,1.62,
1789198920000,2026-09-12T07:42:00.000Z,733.12,733.82,733.12,733.44,22.26,
1789199100000,2026-09-12T07:45:00.000Z,733.44,734.09,733.14,734,15.04,
1789199280000,2026-09-12T07:48:00.000Z,734,734.1,733.88,734.1,0.23,
1789199460000,2026-09-12T07:51:00.000Z,734.1,734.14,733.88,733.88,3.43,
1789199640000,2026-09-12T07:54:00.000Z,733.88,733.88,733.49,733.49,6.33,
1789199820000,2026-09-12T07:57:00.000Z,733.49,733.49,733.06,733.07,2,
1789200000000,2026-09-12T08:00:00.000Z,733.07,733.33,733.07,733.33,0.93,
1789200180000,2026-09-12T08:03:00.000Z,733.33,734.16,733.02,734.16,10.47,
1789200360000,2026-09-12T08:06:00.000Z,734.16,734.16,733.72,733.77,1.04,
1789200540000,2026-09-12T08:09:00.000Z,733.77,733.87,733.36,733.4,19.89,
1789200720000,2026-09-12T08:12:00.000Z,733.4,733.54,732.64,733.54,22.46,
1789200900000,2026-09-12T08:15:00.000Z,733.54,734.51,733.51,734.36,39.02,
1789201080000,2026-09-12T08:18:00.000Z,734.36,734.36,733.89,733.89,0.05,
1789201260000,2026-09-12T08:21:00.000Z,733.89,733.89,733.28,733.29,36.38,
1789201440000,2026-09-12T08:24:00.000Z,733.29,733.29,732.67,732.94,2.63,
1789201620000,2026-09-12T08:27:00.000Z,732.94,733.01,732.83,732.83,3.26,
1789201800000,2026-09-12T08:30:00.000Z,732.83,732.83,732.03,732.05,25.18,
1789201980000,2026-09-12T08:33:00.000Z,732.05,732.39,732.04,732.39,3.52,
1789202160000,2026-09-12T08:36:00.000Z,732.39,733.31,732.39,733.22,25.55,
1789202340000,2026-09-12T08:39:00.000Z,733.22,733.58,733.22,733.58,3.32,
1789202520000,2026-09-12T08:42:00.000Z,733.58,733.88,733.48,733.88,1.15,
1789202700000,2026-09-12T08:45:00.000Z,733.88,733.93,733.74,733.93,2.35,
1789202880000,2026-09-12T08:48:00.000Z,733.93,733.94,733.93,733.93,3.81,
1789203060000,2026-09-12T08:51:00.000Z,733.93,734.44,733.92,734.44,1.9,
1789203240000,2026-09-12T08:54:00.000Z,734.44,734.51,734.26,734.26,47.5,
1789203420000,2026-09-12T08:57:00.000Z,734.26,734.49,734.11,734.49,4.31,
1789203600000,2026-09-12T09:00:00.000Z,734.49,734.57,734.31,734.41,22.89,
1789203780000,2026-09-12T09:03:00.000Z,734.41,734.99,734.35,734.92,14.31,
1789203960000,2026-09-12T09:06:00.000Z,734.92,734.92,734.12,734.4,44.74,
1789204140000,2026-09-12T09:09:00.000Z,734.4,734.79,734.24,734.24,16.81,
1789204320000,2026-09-12T09:12:00.000Z,734.24,734.89,734.16,734.89,9,
1789204500000,2026-09-12T09:15:00.000Z,734.89,735.18,734.57,734.83,89.86,
1789204680000,2026-09-12T09:18:00.000Z,734.83,735.1,734.51,734.51,15.15,
1789204860000,2026-09-12T09:21:00.000Z,734.51,734.51,734.29,734.29,2.41,
1789205040000,2026-09-12T09:24:00.000Z,734.29,734.75,734.29,734.53,17.49,
1789205220000,2026-09-12T09:27:00.000Z,734.53,734.99,734.44,734.89,139.03,
1789205400000,2026-09-12T09:30:00.000Z,734.89,736.37,734.89,736.09,164.95,
1789205580000,2026-09-12T09:33:00.000Z,736.09,736.09,734.68,734.68,3.93,
1789205760000,2026-09-12T09:36:00.000Z,734.68,735.43,734.68,735.43,34.45,
1789205940000,2026-09-12T09:39:00.000Z,735.43,735.6,735.41,735.41,0.85,
1789206120000,2026-09-12T09:42:00.000Z,735.41,735.41,734.73,734.73,43.43,
1789206300000,2026-09-12T09:45:00.000Z,734.73,734.96,734.67,734.74,3.99,
1789206480000,2026-09-12T09:48:00.000Z,734.74,734.88,734.31,734.62,7.95,
1789206660000,2026-09-12T09:51:00.000Z,734.62,734.62,734,734,36.5,
1789206840000,2026-09-12T09:54:00.000Z,734,734.49,734,734.49,1.99,
1789207020000,2026-09-12T09:57:00.000Z,734.49,734.76,734.21,734.76,11.23,
1789207200000,2026-09-12T10:00:00.000Z,734.76,735.49,734.76,735.2,9.78,
1789207380000,2026-09-12T10:03:00.000Z,735.2,735.33,734.98,735.22,0.1,
1789207560000,2026-09-12T10:06:00.000Z,735.22,735.8,735.22,735.63,7.2,
1789207740000,2026-09-12T10:09:00.000Z,735.63,736.22,735.63,735.76,7.55,
1789207920000,2026-09-12T10:12:00.000Z,735.76,735.99,735.71,735.74,3.78,
1789208100000,2026-09-12T10:15:00.000Z,735.74,735.78,735.61,735.76,16.53,
1789208280000,2026-09-12T10:18:00.000Z,735.76,737.39,735.76,737.39,60.04,
1789208460000,2026-09-12T10:21:00.000Z,737.39,737.84,736.63,737.13,18.71,
1789208640000,2026-09-12T10:24:00.000Z,737.13,738,736.48,737.71,3.97,
1789208820000,2026-09-12T10:27:00.000Z,737.71,737.97,737.45,737.57,4.63,
1789209000000,2026-09-12T10:30:00.000Z,737.57,737.57,737.08,737.4,4.88,
1789209180000,2026-09-12T10:33:00.000Z,737.4,737.4,736.74,736.74,10.2,
1789209360000,2026-09-12T10:36:00.000Z,736.74,737.54,736.44,737.25,45.98,
1789209540000,2026-09-12T10:39:00.000Z,737.25,738.79,737.25,738.77,22.31,
1789209720000,2026-09-12T10:42:00.000Z,738.77,738.77,738.08,738.35,9.03,
1789209900000,2026-09-12T10:45:00.000Z,738.35,739.72,738.01,738.88,143.63,
1789210080000,2026-09-12T10:48:00.000Z,738.88,738.88,738.36,738.36,7.57,
1789210260000,2026-09-12T10:51:00.000Z,738.36,738.36,737.6,737.6,7.87,
1789210440000,2026-09-12T10:54:00.000Z,737.6,737.95,737.24,737.32,74.2,
1789210620000,2026-09-12T10:57:00.000Z,737.32,737.32,737.2,737.29,6.95,
1789210800000,2026-09-12T11:00:00.000Z,737.29,737.42,736.56,737.04,44.78,
1789210980000,2026-09-12T11:03:00.000Z,737.04,737.58,737.04,737.58,13.08,
1789211160000,2026-09-12T11:06:00.000Z,737.58,737.63,737.11,737.24,7.79,
1789211340000,2026-09-12T11:09:00.000Z,737.24,737.24,736.61,737.01,2.22,
1789211520000,2026-09-12T11:12:00.000Z,737.01,737.01,736.28,736.55,6.27,
1789211700000,2026-09-12T11:15:00.000Z,736.55,736.55,736.31,736.31,1.75,
1789211880000,2026-09-12T11:18:00.000Z,736.31,736.31,735.56,735.56,41.62,
1789212060000,2026-09-12T11:21:00.000Z,735.56,735.75,735.56,735.75,4.31,
1789212240000,2026-09-12T11:24:00.000Z,735.75,736.05,735.75,736.05,0.01,
1789212420000,2026-09-12T11:27:00.000Z,736.05,736.05,735.83,735.84,3.33,
1789212600000,2026-09-12T11:30:00.000Z,735.84,735.99,735.69,735.99,1.92,
1789212780000,2026-09-12T11:33:00.000Z,735.99,735.99,735.65,735.79,5.5,
1789212960000,2026-09-12T11:36:00.000Z,735.79,736.28,735.79,736.27,4.42,
1789213140000,2026-09-12T11:39:00.000Z,736.27,736.27,736,736,0.5,
1789213320000,2026-09-12T11:42:00.000Z,736,736.28,735.56,735.56,63.06,
1789213500000,2026-09-12T11:45:00.000Z,735.56,735.82,735.52,735.52,1.42,
1789213680000,2026-09-12T11:48:00.000Z,735.52,735.88,735.45,735.72,26.08,
1789213860000,2026-09-12T11:51:00.000Z,735.72,735.75,735.39,735.72,5.49,
1789214040000,2026-09-12T11:54:00.000Z,735.72,735.82,735.48,735.72,15.45,
1789214220000,2026-09-12T11:57:00.000Z,735.72,736.09,735.61,736.08,28.58,
1789214400000,2026-09-12T12:00:00.000Z,736.08,736.58,736.03,736.03,6.8,
1789214580000,2026-09-12T12:03:00.000Z,736.03,736.28,735.69,736.28,36.76,
1789214760000,2026-09-12T12:06:00.000Z,736.28,736.56,736.01,736.12,21.64,
1789214940000,2026-09-12T12:09:00.000Z,736.12,736.21,735.67,735.68,5.1,
1789215120000,2026-09-12T12:12:00.000Z,735.68,735.84,735.59,735.83,18.71,
1789215300000,2026-09-12T12:15:00.000Z,735.83,735.92,735.35,735.89,22.74,
1789215480000,2026-09-12T12:18:00.000Z,735.89,735.98,735.83,735.85,6.8,
1789215660000,2026-09-12T12:21:00.000Z,735.85,735.89,735.42,735.43,6.98,
1789215840000,2026-09-12T12:24:00.000Z,735.43,735.47,734.99,735.13,63.31,
1789216020000,2026-09-12T12:27:00.000Z,735.13,735.5,735.13,735.34,6.53,
1789216200000,2026-09-12T12:30:00.000Z,735.34,735.69,735.34,735.66,5.66,
1789216380000,2026-09-12T12:33:00.000Z,735.66,736.24,735.66,736.24,9.27,
1789216560000,2026-09-12T12:36:00.000Z,736.24,736.24,735.97,736.05,0.55,
1789216740000,2026-09-12T12:39:00.000Z,736.05,736.84,736.05,736.79,24.72,
1789216920000,2026-09-12T12:42:00.000Z,736.79,736.79,735.72,735.81,10.17,
1789217100000,2026-09-12T12:45:00.000Z,735.81,736.16,735.81,736.16,3.67,
1789217280000,2026-09-12T12:48:00.000Z,736.16,736.22,735.84,735.85,15.46,
1789217460000,2026-09-12T12:51:00.000Z,735.85,735.85,735.14,735.21,9.65,
1789217640000,2026-09-12T12:54:00.000Z,735.21,735.34,735.05,735.1,2.97,
1789217820000,2026-09-12T12:57:00.000Z,735.1,735.68,735.05,735.68,15.86,
1789218000000,2026-09-12T13:00:00.000Z,735.68,735.96,735.58,735.58,28.91,
1789218180000,2026-09-12T13:03:00.000Z,735.58,735.74,735.37,735.6,0.54,
1789218360000,2026-09-12T13:06:00.000Z,735.6,736.46,735.6,736.25,41.97,
1789218540000,2026-09-12T13:09:00.000Z,736.25,736.25,735.01,735.01,6.88,
1789218720000,2026-09-12T13:12:00.000Z,735.01,735.2,734.67,734.88,24.41,
1789218900000,2026-09-12T13:15:00.000Z,734.88,734.97,734.39,734.55,19.33,
1789219080000,2026-09-12T13:18:00.000Z,734.55,734.79,734.18,734.58,8.61,
1789219260000,2026-09-12T13:21:00.000Z,734.58,734.66,734.43,734.51,6.4,
1789219440000,2026-09-12T13:24:00.000Z,734.51,735.01,734.51,734.51,32.46,
1789219620000,2026-09-12T13:27:00.000Z,734.51,735.41,734.51,735.29,1.05,
1789219800000,2026-09-12T13:30:00.000Z,735.29,735.29,734.64,734.7,11.07,
1789219980000,2026-09-12T13:33:00.000Z,734.7,735.22,734.69,735.09,105.9,
1789220160000,2026-09-12T13:36:00.000Z,735.09,735.4,735.08,735.4,7.56,
1789220340000,2026-09-12T13:39:00.000Z,735.4,735.81,735.14,735.81,5.6,
1789220520000,2026-09-12T13:42:00.000Z,735.81,735.81,735.4,735.4,1.92,
1789220700000,2026-09-12T13:45:00.000Z,735.4,735.4,734.86,735.06,2.35,
1789220880000,2026-09-12T13:48:00.000Z,735.06,735.17,734.76,735.05,5.15,
1789221060000,2026-09-12T13:51:00.000Z,735.05,735.27,734.99,735.26,3.86,
1789221240000,2026-09-12T13:54:00.000Z,735.26,735.6,735.05,735.27,26.32,
1789221420000,2026-09-12T13:57:00.000Z,735.27,736.04,735.16,736.04,22.4,
1789221600000,2026-09-12T14:00:00.000Z,736.04,736.12,735.88,735.88,0.96,
1789221780000,2026-09-12T14:03:00.000Z,735.88,736.08,735.61,735.88,37.01,
1789221960000,2026-09-12T14:06:00.000Z,735.88,736.13,735.55,735.67,1.83,
1789222140000,2026-09-12T14:09:00.000Z,735.67,735.88,735.26,735.31,0.73,
1789222320000,2026-09-12T14:12:00.000Z,735.31,735.47,735.31,735.47,0.83,
1789222500000,2026-09-12T14:15:00.000Z,735.47,735.5,735.34,735.34,0.71,
1789222680000,2026-09-12T14:18:00.000Z,735.34,735.61,734.93,735.2,1.63,
1789222860000,2026-09-12T14:21:00.000Z,735.2,735.58,734.86,735.19,4.45,
1789223040000,2026-09-12T14:24:00.000Z,735.19,735.19,734.49,734.49,22.82,
1789223220000,2026-09-12T14:27:00.000Z,734.49,734.75,734.3,734.75,33.03,
1789223400000,2026-09-12T14:30:00.000Z,734.75,735.12,734.59,735.06,6.23,
1789223580000,2026-09-12T14:33:00.000Z,735.06,735.18,734.54,734.69,17.08,
1789223760000,2026-09-12T14:36:00.000Z,734.69,734.76,734.6,734.73,9.4,
1789223940000,2026-09-12T14:39:00.000Z,734.73,734.89,734.54,734.55,19,
1789224120000,2026-09-12T14:42:00.000Z,734.55,734.66,734.05,734.58,61.81,
1789224300000,2026-09-12T14:45:00.000Z,734.58,734.73,734.3,734.55,11.99,
1789224480000,2026-09-12T14:48:00.000Z,734.55,734.71,734.55,734.68,1.53,
1789224660000,2026-09-12T14:51:00.000Z,734.68,734.79,734.58,734.58,7.28,
1789224840000,2026-09-12T14:54:00.000Z,734.58,734.58,733.93,733.98,9.29,
1789225020000,2026-09-12T14:57:00.000Z,733.98,734.31,733.98,734.31,2.64,
1789225200000,2026-09-12T15:00:00.000Z,734.31,736.02,734.31,736.02,19.59,
1789225380000,2026-09-12T15:03:00.000Z,736.02,736.02,735.45,735.51,8.43,
1789225560000,2026-09-12T15:06:00.000Z,735.51,735.97,735.51,735.69,12.85,
1789225740000,2026-09-12T15:09:00.000Z,735.69,736.04,735.69,735.98,6.65,
1789225920000,2026-09-12T15:12:00.000Z,735.98,736.28,735.93,736.18,23.81,
1789226100000,2026-09-12T15:15:00.000Z,736.18,736.36,736.04,736.36,0.35,
1789226280000,2026-09-12T15:18:00.000Z,736.36,736.41,736.03,736.27,13.25,
1789226460000,2026-09-12T15:21:00.000Z,736.27,736.3,736.08,736.08,10.51,
1789226640000,2026-09-12T15:24:00.000Z,736.08,736.1,735.78,736.1,6.86,
1789226820000,2026-09-12T15:27:00.000Z,736.1,736.1,735.91,735.95,2.89,
1789227000000,2026-09-12T15:30:00.000Z,735.95,735.95,735.61,735.68,3.18,
1789227180000,2026-09-12T15:33:00.000Z,735.68,735.68,735.14,735.43,13.87,
1789227360000,2026-09-12T15:36:00.000Z,735.43,735.45,734.54,734.76,27.71,
1789227540000,2026-09-12T15:39:00.000Z,734.76,735.25,734.66,734.91,13.88,
1789227720000,2026-09-12T15:42:00.000Z,734.91,735.24,734.89,735.13,2.25,
1789227900000,2026-09-12T15:45:00.000Z,735.13,735.23,734.9,734.9,17.86,
1789228080000,2026-09-12T15:48:00.000Z,734.9,734.9,734.9,734.9,0,
1789228260000,2026-09-12T15:51:00.000Z,734.9,734.9,734.64,734.64,22.66,
1789228440000,2026-09-12T15:54:00.000Z,734.64,734.87,734.6,734.87,13.45,
1789228620000,2026-09-12T15:57:00.000Z,734.87,735,734.4,734.49,0.29,
1789228800000,2026-09-12T16:00:00.000Z,734.49,734.57,734.14,734.14,15.94,
1789228980000,2026-09-12T16:03:00.000Z,734.14,734.31,733.68,733.68,26.42,
1789229160000,2026-09-12T16:06:00.000Z,733.68,733.76,733.31,733.76,19.65,
1789229340000,2026-09-12T16:09:00.000Z,733.76,734.16,733.63,733.63,4.31,
1789229520000,2026-09-12T16:12:00.000Z,733.63,733.71,733.63,733.71,0.55,
1789229700000,2026-09-12T16:15:00.000Z,733.71,733.71,733.55,733.55,1.32,
1789229880000,2026-09-12T16:18:00.000Z,733.55,733.88,733.51,733.88,2.56,
1789230060000,2026-09-12T16:21:00.000Z,733.88,733.88,733.48,733.48,1.08,
1789230240000,2026-09-12T16:24:00.000Z,733.48,733.49,733.44,733.44,0.04,
1789230420000,2026-09-12T16:27:00.000Z,733.44,733.44,733.28,733.28,0.01,
1789230600000,2026-09-12T16:30:00.000Z,733.28,733.55,733.26,733.55,1.85,
1789230780000,2026-09-12T16:33:00.000Z,733.55,733.55,732.76,732.83,51.83,
1789230960000,2026-09-12T16:36:00.000Z,732.83,733.04,732.74,732.87,5.39,
1789231140000,2026-09-12T16:39:00.000Z,732.87,732.87,732.55,732.55,7.54,
1789231320000,2026-09-12T16:42:00.000Z,732.55,732.55,731.61,731.73,69.5,
1789231500000,2026-09-12T16:45:00.000Z,731.73,731.84,731.63,731.63,5.91,
1789231680000,2026-09-12T16:48:00.000Z,731.63,731.63,731.33,731.39,19.22,
1789231860000,2026-09-12T16:51:00.000Z,731.39,731.58,731.39,731.52,0.03,
1789232040000,2026-09-12T16:54:00.000Z,731.52,731.6,731.52,731.59,9.41,
1789232220000,2026-09-12T16:57:00.000Z,731.59,731.61,731.15,731.38,5.11,
1789232400000,2026-09-12T17:00:00.000Z,731.38,731.46,731.1,731.1,4.4,
1789232580000,2026-09-12T17:03:00.000Z,731.1,731.4,731.09,731.33,9.69,
1789232760000,2026-09-12T17:06:00.000Z,731.33,731.53,731.33,731.51,5.14,
1789232940000,2026-09-12T17:09:00.000Z,731.51,731.77,731.48,731.48,9.09,
1789233120000,2026-09-12T17:12:00.000Z,731.48,731.55,731.4,731.45,0.99,
1789233300000,2026-09-12T17:15:00.000Z,731.45,731.64,731.33,731.33,9.28,
1789233480000,2026-09-12T17:18:00.000Z,731.33,731.33,731.07,731.07,9.16,
1789233660000,2026-09-12T17:21:00.000Z,731.07,731.14,730.52,730.76,49.25,
1789233840000,2026-09-12T17:24:00.000Z,730.76,730.81,730.61,730.69,4.58,
1789234020000,2026-09-12T17:27:00.000Z,730.69,730.73,730.64,730.69,13.2,
1789234200000,2026-09-12T17:30:00.000Z,730.69,730.76,730.3,730.43,6.82,
1789234380000,2026-09-12T17:33:00.000Z,730.43,730.62,730.43,730.62,2.03,
1789234560000,2026-09-12T17:36:00.000Z,730.62,730.76,730.47,730.47,5.24,
1789234740000,2026-09-12T17:39:00.000Z,730.47,730.47,729.8,730.03,63.46,
1789234920000,2026-09-12T17:42:00.000Z,730.03,730.29,730.03,730.29,13.01,
1789235100000,2026-09-12T17:45:00.000Z,730.29,730.29,729.97,729.97,1.15,
1789235280000,2026-09-12T17:48:00.000Z,729.97,729.97,729.64,729.85,3.49,
1789235460000,2026-09-12T17:51:00.000Z,729.85,729.96,729.84,729.96,1.92,
1789235640000,2026-09-12T17:54:00.000Z,729.96,730.24,729.96,730.24,2.22,
1789235820000,2026-09-12T17:57:00.000Z,730.24,730.31,730.16,730.2,3.22,
1789236000000,2026-09-12T18:00:00.000Z,730.2,730.2,729.99,729.99,9.68,
1789236180000,2026-09-12T18:03:00.000Z,729.99,730.18,729.97,730.18,1.68,
1789236360000,2026-09-12T18:06:00.000Z,730.18,730.25,729.96,729.96,7.68,
1789236540000,2026-09-12T18:09:00.000Z,729.96,729.96,729.74,729.87,22.98,
1789236720000,2026-09-12T18:12:00.000Z,729.87,729.94,729.77,729.77,5.32,
1789236900000,2026-09-12T18:15:00.000Z,729.77,730.1,729.7,729.76,18.59,
1789237080000,2026-09-12T18:18:00.000Z,729.76,729.76,729.73,729.73,0.02,
1789237260000,2026-09-12T18:21:00.000Z,729.73,729.93,729.61,729.93,9.92,
1789237440000,2026-09-12T18:24:00.000Z,729.93,730.13,729.7,729.87,6.85,
1789237620000,2026-09-12T18:27:00.000Z,729.87,730.21,729.7,730.06,6.93,
1789237800000,2026-09-12T18:30:00.000Z,730.06,730.28,729.85,729.87,15,
1789237980000,2026-09-12T18:33:00.000Z,729.87,730.04,729.83,729.87,5.15,
1789238160000,2026-09-12T18:36:00.000Z,729.87,729.87,728.66,729.05,101.27,
1789238340000,2026-09-12T18:39:00.000Z,729.05,729.51,729.05,729.22,8.42,
1789238520000,2026-09-12T18:42:00.000Z,729.22,729.26,728.88,728.88,8,
1789238700000,2026-09-12T18:45:00.000Z,728.88,728.94,728.88,728.94,0.12,
1789238880000,2026-09-12T18:48:00.000Z,728.94,729,728.94,728.99,3.19,
1789239060000,2026-09-12T18:51:00.000Z,728.99,729.01,728.3,728.34,19.33,
1789239240000,2026-09-12T18:54:00.000Z,728.34,728.39,728.34,728.39,0.21,
1789239420000,2026-09-12T18:57:00.000Z,728.39,728.8,728.39,728.64,1.48,
1789239600000,2026-09-12T19:00:00.000Z,728.64,728.87,727.87,727.88,4.46,
1789239780000,2026-09-12T19:03:00.000Z,727.88,728,727.57,727.57,5.43,
1789239960000,2026-09-12T19:06:00.000Z,727.57,727.71,727.15,727.16,17.35,
1789240140000,2026-09-12T19:09:00.000Z,727.16,727.69,727.16,727.42,13.94,
1789240320000,2026-09-12T19:12:00.000Z,727.42,727.59,727.11,727.59,22.63,
1789240500000,2026-09-12T19:15:00.000Z,727.59,727.59,726.83,726.95,17.2,
1789240680000,2026-09-12T19:18:00.000Z,726.95,727.52,725.43,725.52,332.56,
1789240860000,2026-09-12T19:21:00.000Z,725.52,725.53,725.15,725.28,35.17,
1789241040000,2026-09-12T19:24:00.000Z,725.28,725.28,724.62,724.89,66.29,
1789241220000,2026-09-12T19:27:00.000Z,724.89,725.64,724.89,725.12,70.69,
1789241400000,2026-09-12T19:30:00.000Z,725.12,725.39,725.09,725.34,63.66,
1789241580000,2026-09-12T19:33:00.000Z,725.34,725.34,724.96,725.33,39.98,
1789241760000,2026-09-12T19:36:00.000Z,725.33,725.33,724.83,724.83,1.14,
1789241940000,2026-09-12T19:39:00.000Z,724.83,725.26,724.62,724.83,62.66,
1789242120000,2026-09-12T19:42:00.000Z,724.83,725.09,724.75,724.93,7.4,
1789242300000,2026-09-12T19:45:00.000Z,724.93,725.19,724.93,725.19,0.02,
1789242480000,2026-09-12T19:48:00.000Z,725.19,725.66,725.19,725.66,0.65,
1789242660000,2026-09-12T19:51:00.000Z,725.66,725.66,725.44,725.45,0.14,
1789242840000,2026-09-12T19:54:00.000Z,725.45,725.75,725.45,725.75,0.27,
1789243020000,2026-09-12T19:57:00.000Z,725.75,725.98,725.56,725.56,7.46,
1789243200000,2026-09-12T20:00:00.000Z,725.56,726.29,725.3,726.25,29.17,
1789243380000,2026-09-12T20:03:00.000Z,726.25,726.25,725.73,726.05,7.17,
1789243560000,2026-09-12T20:06:00.000Z,726.05,726.26,726.05,726.18,3.91,
1789243740000,2026-09-12T20:09:00.000Z,726.18,726.49,726.18,726.31,22.69,
1789243920000,2026-09-12T20:12:00.000Z,726.31,726.31,726.14,726.2,0.81,
1789244100000,2026-09-12T20:15:00.000Z,726.2,726.26,725.94,725.95,0.93,
1789244280000,2026-09-12T20:18:00.000Z,725.95,726.02,725.69,725.8,1.25,
1789244460000,2026-09-12T20:21:00.000Z,725.8,725.96,725.8,725.96,5.81,
1789244640000,2026-09-12T20:24:00.000Z,725.96,726.19,725.96,726.06,1.63,
1789244820000,2026-09-12T20:27:00.000Z,726.06,726.26,726.06,726.26,6.31,
1789245000000,2026-09-12T20:30:00.000Z,726.26,726.34,726.26,726.26,2.4,
1789245180000,2026-09-12T20:33:00.000Z,726.26,726.27,726.06,726.19,4.77,
1789245360000,2026-09-12T20:36:00.000Z,726.19,726.67,726.18,726.57,26.39,
1789245540000,2026-09-12T20:39:00.000Z,726.57,726.66,726.38,726.38,0.85,
1789245720000,2026-09-12T20:42:00.000Z,726.38,726.75,726.26,726.32,14.69,
1789245900000,2026-09-12T20:45:00.000Z,726.32,726.41,726.32,726.41,0.34,
1789246080000,2026-09-12T20:48:00.000Z,726.41,726.41,726.3,726.34,0.46,
1789246260000,2026-09-12T20:51:00.000Z,726.34,726.51,725.77,725.77,5.82,
1789246440000,2026-09-12T20:54:00.000Z,725.77,725.9,725.77,725.86,0.48,
1789246620000,2026-09-12T20:57:00.000Z,725.86,725.95,725.86,725.95,1.65,
1789246800000,2026-09-12T21:00:00.000Z,725.95,726.26,725.89,726.13,5.71,
1789246980000,2026-09-12T21:03:00.000Z,726.13,726.18,725.86,726.18,4.74,
1789247160000,2026-09-12T21:06:00.000Z,726.18,726.35,725.78,726.35,16.66,
1789247340000,2026-09-12T21:09:00.000Z,726.35,726.75,726.35,726.75,4.01,
1789247520000,2026-09-12T21:12:00.000Z,726.75,726.81,726.09,726.09,26.15,
1789247700000,2026-09-12T21:15:00.000Z,726.09,726.27,726.09,726.14,1.02,
1789247880000,2026-09-12T21:18:00.000Z,726.14,726.16,725.89,725.89,0.57,
1789248060000,2026-09-12T21:21:00.000Z,725.89,726.03,725.89,726.03,3.58,
1789248240000,2026-09-12T21:24:00.000Z,726.03,726.08,726.01,726.08,1.44,
1789248420000,2026-09-12T21:27:00.000Z,726.08,726.28,726.08,726.28,2.41,
1789248600000,2026-09-12T21:30:00.000Z,726.28,726.51,726.24,726.48,15,
1789248780000,2026-09-12T21:33:00.000Z,726.48,726.66,726.42,726.66,2.86,
1789248960000,2026-09-12T21:36:00.000Z,726.66,726.66,726.4,726.4,0.53,
1789249140000,2026-09-12T21:39:00.000Z,726.4,726.46,726.4,726.46,0.08,
1789249320000,2026-09-12T21:42:00.000Z,726.46,726.69,726.46,726.64,3.67,
1789249500000,2026-09-12T21:45:00.000Z,726.64,726.64,726.15,726.15,0.7,
1789249680000,2026-09-12T21:48:00.000Z,726.15,726.22,725.87,726.18,14.06,
1789249860000,2026-09-12T21:51:00.000Z,726.18,726.18,726.13,726.14,0.4,
1789250040000,2026-09-12T21:54:00.000Z,726.14,726.28,726,726,0.03,
1789250220000,2026-09-12T21:57:00.000Z,726,726.04,726,726.04,0.01,
1789250400000,2026-09-12T22:00:00.000Z,726.04,726.06,725.64,726.06,8.37,
1789250580000,2026-09-12T22:03:00.000Z,726.06,726.37,726.06,726.37,0.02,
1789250760000,2026-09-12T22:06:00.000Z,726.37,726.37,725.78,725.84,11.44,
1789250940000,2026-09-12T22:09:00.000Z,725.84,726.11,725.84,726.06,1.97,
1789251120000,2026-09-12T22:12:00.000Z,726.06,726.06,725.38,725.92,20.61,
1789251300000,2026-09-12T22:15:00.000Z,725.92,725.92,725.67,725.81,7.81,
1789251480000,2026-09-12T22:18:00.000Z,725.81,726.42,725.81,726.42,0.86,
1789251660000,2026-09-12T22:21:00.000Z,726.42,726.76,726.4,726.4,2.94,
1789251840000,2026-09-12T22:24:00.000Z,726.4,726.4,725.94,725.94,7.52,
1789252020000,2026-09-12T22:27:00.000Z,725.94,725.94,725.23,725.23,1.46,
1789252200000,2026-09-12T22:30:00.000Z,725.23,725.44,724.89,725.23,34.6,
1789252380000,2026-09-12T22:33:00.000Z,725.23,725.23,725.14,725.14,1.69,
1789252560000,2026-09-12T22:36:00.000Z,725.14,725.42,725.14,725.37,0.41,
1789252740000,2026-09-12T22:39:00.000Z,725.37,725.54,725.37,725.54,1.03,
1789252920000,2026-09-12T22:42:00.000Z,725.54,725.54,725.26,725.26,3.23,
1789253100000,2026-09-12T22:45:00.000Z,725.26,725.5,725.23,725.5,1.19,
1789253280000,2026-09-12T22:48:00.000Z,725.5,725.52,725.24,725.52,2.21,
1789253460000,2026-09-12T22:51:00.000Z,725.52,725.57,725.42,725.57,19.57,
1789253640000,2026-09-12T22:54:00.000Z,725.57,725.68,725.57,725.68,4.22,
1789253820000,2026-09-12T22:57:00.000Z,725.68,725.72,725.52,725.72,4.92,
1789254000000,2026-09-12T23:00:00.000Z,725.72,725.97,725.58,725.97,7.17,
1789254180000,2026-09-12T23:03:00.000Z,725.97,726.44,725.97,726.44,4.94,
1789254360000,2026-09-12T23:06:00.000Z,726.44,726.44,725.99,726.2,7.24,
1789254540000,2026-09-12T23:09:00.000Z,726.2,726.32,726.12,726.32,0.72,
1789254720000,2026-09-12T23:12:00.000Z,726.32,726.52,726.32,726.41,2.77,
1789254900000,2026-09-12T23:15:00.000Z,726.41,726.76,726.36,726.54,12.3,
1789255080000,2026-09-12T23:18:00.000Z,726.54,726.67,726.32,726.32,1.43,
1789255260000,2026-09-12T23:21:00.000Z,726.32,726.47,726.32,726.43,3.04,
1789255440000,2026-09-12T23:24:00.000Z,726.43,726.47,726.43,726.47,0.01,
1789255620000,2026-09-12T23:27:00.000Z,726.47,726.59,726.34,726.44,6.57,
1789255800000,2026-09-12T23:30:00.000Z,726.44,726.55,726.2,726.55,7.18,
1789255980000,2026-09-12T23:33:00.000Z,726.55,726.55,726.16,726.35,14.75,
1789256160000,2026-09-12T23:36:00.000Z,726.35,726.87,726.15,726.4,145.3,
1789256340000,2026-09-12T23:39:00.000Z,726.4,726.57,726.4,726.57,2.01,
1789256520000,2026-09-12T23:42:00.000Z,726.57,726.89,726.57,726.87,11.76,
1789256700000,2026-09-12T23:45:00.000Z,726.87,727.02,726.87,727.02,7.6,
1789256880000,2026-09-12T23:48:00.000Z,727.02,727.02,726.84,726.88,0.07,
1789257060000,2026-09-12T23:51:00.000Z,726.88,727.39,726.88,727.39,1.72,
1789257240000,2026-09-12T23:54:00.000Z,727.39,727.39,727.04,727.2,2.7,
1789257420000,2026-09-12T23:57:00.000Z,727.2,727.26,727.06,727.06,1.42,
1789257600000,2026-09-13T00:00:00.000Z,727.06,727.06,726.77,726.77,7.76,
1789257780000,2026-09-13T00:03:00.000Z,726.77,726.95,726.77,726.95,0.44,
1789257960000,2026-09-13T00:06:00.000Z,726.95,727.13,726.69,727.13,5.18,
1789258140000,2026-09-13T00:09:00.000Z,727.13,727.44,726.73,726.77,20.85,
1789258320000,2026-09-13T00:12:00.000Z,726.77,726.77,726.75,726.75,0.12,
1789258500000,2026-09-13T00:15:00.000Z,726.75,726.76,726.5,726.51,1.05,
1789258680000,2026-09-13T00:18:00.000Z,726.51,726.79,726.51,726.79,1.77,
1789258860000,2026-09-13T00:21:00.000Z,726.79,726.89,726.79,726.84,2.4,
1789259040000,2026-09-13T00:24:00.000Z,726.84,726.97,726.74,726.93,44.51,
1789259220000,2026-09-13T00:27:00.000Z,726.93,727.3,726.91,727.08,43.92,
1789259400000,2026-09-13T00:30:00.000Z,727.08,727.08,727.06,727.07,0.59,
1789259580000,2026-09-13T00:33:00.000Z,727.07,727.07,726.95,727.04,1.64,
1789259760000,2026-09-13T00:36:00.000Z,727.04,727.05,726.99,726.99,0.81,
1789259940000,2026-09-13T00:39:00.000Z,726.99,726.99,726.41,726.41,1.12,
1789260120000,2026-09-13T00:42:00.000Z,726.41,726.53,726.37,726.45,15.12,
1789260300000,2026-09-13T00:45:00.000Z,726.45,726.81,726.45,726.81,8.29,
1789260480000,2026-09-13T00:48:00.000Z,726.81,726.92,726.81,726.87,3.78,
1789260660000,2026-09-13T00:51:00.000Z,726.87,727,726.87,727,3,
1789260840000,2026-09-13T00:54:00.000Z,727,727.52,727,727.34,9.4,
1789261020000,2026-09-13T00:57:00.000Z,727.34,727.46,727.32,727.46,0.08,
1789261200000,2026-09-13T01:00:00.000Z,727.46,727.91,727.41,727.82,20.68,
1789261380000,2026-09-13T01:03:00.000Z,727.82,727.82,727.62,727.71,2.3,
1789261560000,2026-09-13T01:06:00.000Z,727.71,728.34,727.71,728.34,27.72,
1789261740000,2026-09-13T01:09:00.000Z,728.34,728.67,728.33,728.49,15.74,
1789261920000,2026-09-13T01:12:00.000Z,728.49,728.55,728.12,728.24,116.92,
1789262100000,2026-09-13T01:15:00.000Z,728.24,728.26,728.01,728.01,12.45,
1789262280000,2026-09-13T01:18:00.000Z,728.01,728.68,727.95,728.68,31.09,
1789262460000,2026-09-13T01:21:00.000Z,728.68,729.15,728.68,729.14,3.1,
1789262640000,2026-09-13T01:24:00.000Z,729.14,729.32,729.14,729.32,12.27,
1789262820000,2026-09-13T01:27:00.000Z,729.32,729.32,728.45,728.45,36.9,
1789263000000,2026-09-13T01:30:00.000Z,728.45,728.45,728.24,728.35,0.07,
1789263180000,2026-09-13T01:33:00.000Z,728.35,728.36,728.07,728.2,80.38,
1789263360000,2026-09-13T01:36:00.000Z,728.2,728.38,728.17,728.2,2.06,
1789263540000,2026-09-13T01:39:00.000Z,728.2,729.23,728.2,728.98,33.25,
1789263720000,2026-09-13T01:42:00.000Z,728.98,728.98,728.61,728.61,0.41,
1789263900000,2026-09-13T01:45:00.000Z,728.61,728.72,728.39,728.64,0.49,
1789264080000,2026-09-13T01:48:00.000Z,728.64,728.68,728.43,728.43,2.51,
1789264260000,2026-09-13T01:51:00.000Z,728.43,728.43,728.35,728.35,0.16,
1789264440000,2026-09-13T01:54:00.000Z,728.35,728.37,727.88,727.88,29.85,
1789264620000,2026-09-13T01:57:00.000Z,727.88,728.09,727.71,727.74,29.39,
1789264800000,2026-09-13T02:00:00.000Z,727.74,727.87,727.7,727.7,1.58,
1789264980000,2026-09-13T02:03:00.000Z,727.7,727.7,727.58,727.58,0.08,
1789265160000,2026-09-13T02:06:00.000Z,727.58,727.73,727.58,727.73,0.88,
1789265340000,2026-09-13T02:09:00.000Z,727.73,727.92,727.72,727.92,3.53,
1789265520000,2026-09-13T02:12:00.000Z,727.92,727.96,727.42,727.73,140.9,
1789265700000,2026-09-13T02:15:00.000Z,727.73,728,727.73,728,1.36,
1789265880000,2026-09-13T02:18:00.000Z,728,728.35,728,728.2,4.2,
1789266060000,2026-09-13T02:21:00.000Z,728.2,728.2,728.2,728.2,0.15,
1789266240000,2026-09-13T02:24:00.000Z,728.2,728.23,727.8,727.88,14.45,
1789266420000,2026-09-13T02:27:00.000Z,727.88,727.92,727.88,727.92,1.22,
1789266600000,2026-09-13T02:30:00.000Z,727.92,728.49,727.92,728.12,11.12,
1789266780000,2026-09-13T02:33:00.000Z,728.12,728.12,727.85,727.85,0.01,
1789266960000,2026-09-13T02:36:00.000Z,727.85,728.2,727.65,727.65,9.43,
1789267140000,2026-09-13T02:39:00.000Z,727.65,727.65,727.15,727.15,12.37,
1789267320000,2026-09-13T02:42:00.000Z,727.15,727.83,727.12,727.83,29.13,
1789267500000,2026-09-13T02:45:00.000Z,727.83,727.83,727.58,727.63,0.63,
1789267680000,2026-09-13T02:48:00.000Z,727.63,727.63,727.43,727.47,0.89,
1789267860000,2026-09-13T02:51:00.000Z,727.47,727.75,727.25,727.26,21.96,
1789268040000,2026-09-13T02:54:00.000Z,727.26,727.46,727.26,727.38,2.17,
1789268220000,2026-09-13T02:57:00.000Z,727.38,727.4,727.38,727.4,0.01,
1789268400000,2026-09-13T03:00:00.000Z,727.4,727.52,727.38,727.43,1.32,
1789268580000,2026-09-13T03:03:00.000Z,727.43,727.98,727.43,727.72,6.6,
1789268760000,2026-09-13T03:06:00.000Z,727.72,727.72,727.36,727.36,6.54,
1789268940000,2026-09-13T03:09:00.000Z,727.36,727.67,727.14,727.67,15.42,
1789269120000,2026-09-13T03:12:00.000Z,727.67,727.67,727.33,727.5,8.53,
1789269300000,2026-09-13T03:15:00.000Z,727.5,727.5,727.16,727.28,6.67,
1789269480000,2026-09-13T03:18:00.000Z,727.28,727.54,727.23,727.49,4.62,
1789269660000,2026-09-13T03:21:00.000Z,727.49,727.56,727.33,727.54,26.16,
1789269840000,2026-09-13T03:24:00.000Z,727.54,728.17,727.04,727.92,53.92,
1789270020000,2026-09-13T03:27:00.000Z,727.92,727.92,727.36,727.36,2.05,
1789270200000,2026-09-13T03:30:00.000Z,727.36,727.36,726.61,726.67,7.21,
1789270380000,2026-09-13T03:33:00.000Z,726.67,727.09,726.67,727.09,25.48,
1789270560000,2026-09-13T03:36:00.000Z,727.09,727.18,726.92,727.18,0.28,
1789270740000,2026-09-13T03:39:00.000Z,727.18,727.18,726.99,727.1,0.03,
1789270920000,2026-09-13T03:42:00.000Z,727.1,727.26,727.08,727.24,1.05,
1789271100000,2026-09-13T03:45:00.000Z,727.24,727.24,726.72,726.72,6.31,
1789271280000,2026-09-13T03:48:00.000Z,726.72,726.72,726.63,726.63,3.9,
1789271460000,2026-09-13T03:51:00.000Z,726.63,726.72,726.44,726.68,10.32,
1789271640000,2026-09-13T03:54:00.000Z,726.68,726.74,726.68,726.72,0.7,
1789271820000,2026-09-13T03:57:00.000Z,726.72,726.74,726.43,726.43,5.7,
1789272000000,2026-09-13T04:00:00.000Z,726.43,726.43,726.29,726.38,2.23,
1789272180000,2026-09-13T04:03:00.000Z,726.38,726.47,726.15,726.47,6.82,
1789272360000,2026-09-13T04:06:00.000Z,726.47,726.47,725.89,725.89,18.81,
1789272540000,2026-09-13T04:09:00.000Z,725.89,726.22,725.89,726.22,10.36,
1789272720000,2026-09-13T04:12:00.000Z,726.22,726.22,725.83,725.92,11.25,
1789272900000,2026-09-13T04:15:00.000Z,725.92,726.13,725.92,726.13,0.03,
1789273080000,2026-09-13T04:18:00.000Z,726.13,726.18,726.13,726.18,0.02,
1789273260000,2026-09-13T04:21:00.000Z,726.18,726.31,725.95,726.06,13.86,
1789273440000,2026-09-13T04:24:00.000Z,726.06,726.32,726.06,726.24,12.53,
1789273620000,2026-09-13T04:27:00.000Z,726.24,726.87,726.24,726.5,77.94,
1789273800000,2026-09-13T04:30:00.000Z,726.5,726.66,726.45,726.45,1.64,
1789273980000,2026-09-13T04:33:00.000Z,726.45,726.47,726.32,726.47,2.54,
1789274160000,2026-09-13T04:36:00.000Z,726.47,726.47,726.15,726.15,0.34,
1789274340000,2026-09-13T04:39:00.000Z,726.15,726.15,725.87,725.92,19.61,
1789274520000,2026-09-13T04:42:00.000Z,725.92,726.08,725.92,726.08,1.09,
1789274700000,2026-09-13T04:45:00.000Z,726.08,726.08,725.97,726.06,7.33,
1789274880000,2026-09-13T04:48:00.000Z,726.06,726.06,725.83,725.83,3.06,
1789275060000,2026-09-13T04:51:00.000Z,725.83,725.83,725.83,725.83,0.01,
1789275240000,2026-09-13T04:54:00.000Z,725.83,725.84,725.83,725.84,4.5,
1789275420000,2026-09-13T04:57:00.000Z,725.84,725.84,725.76,725.76,0.67,
1789275600000,2026-09-13T05:00:00.000Z,725.76,725.87,725.66,725.66,2.7,
1789275780000,2026-09-13T05:03:00.000Z,725.66,725.75,725.66,725.72,2.85,
1789275960000,2026-09-13T05:06:00.000Z,725.72,725.98,725.71,725.98,2.2,
1789276140000,2026-09-13T05:09:00.000Z,725.98,726.05,725.97,726.05,5.18,
1789276320000,2026-09-13T05:12:00.000Z,726.05,726.1,725.84,725.84,30.06,
1789276500000,2026-09-13T05:15:00.000Z,725.84,725.84,725.63,725.7,3.77,
1789276680000,2026-09-13T05:18:00.000Z,725.7,725.8,725.58,725.65,9.51,
1789276860000,2026-09-13T05:21:00.000Z,725.65,725.68,725.63,725.63,0.36,
1789277040000,2026-09-13T05:24:00.000Z,725.63,725.63,725.1,725.29,83.45,
1789277220000,2026-09-13T05:27:00.000Z,725.29,725.58,725.28,725.58,12.93,
1789277400000,2026-09-13T05:30:00.000Z,725.58,725.72,725.52,725.52,0.71,
1789277580000,2026-09-13T05:33:00.000Z,725.52,725.78,725.52,725.74,15.99,
1789277760000,2026-09-13T05:36:00.000Z,725.74,725.84,725.74,725.84,14.08,
1789277940000,2026-09-13T05:39:00.000Z,725.84,725.84,725.83,725.83,1.06,
1789278120000,2026-09-13T05:42:00.000Z,725.83,725.83,725.53,725.53,16.22,
1789278300000,2026-09-13T05:45:00.000Z,725.53,725.61,725.53,725.58,0.07,
1789278480000,2026-09-13T05:48:00.000Z,725.58,725.64,725.48,725.6,7.97,
1789278660000,2026-09-13T05:51:00.000Z,725.6,725.65,725.55,725.64,3.15,
1789278840000,2026-09-13T05:54:00.000Z,725.64,725.65,725.64,725.65,0.46,
1789279020000,2026-09-13T05:57:00.000Z,725.65,725.77,725.57,725.77,16.44,
1789279200000,2026-09-13T06:00:00.000Z,725.77,725.77,725.57,725.64,3.64,
1789279380000,2026-09-13T06:03:00.000Z,725.64,725.64,725.6,725.6,0.65,
1789279560000,2026-09-13T06:06:00.000Z,725.6,725.62,725.6,725.62,21.13,
1789279740000,2026-09-13T06:09:00.000Z,725.62,725.62,725.39,725.44,3.07,
1789279920000,2026-09-13T06:12:00.000Z,725.44,725.67,725.39,725.4,3.21,
1789280100000,2026-09-13T06:15:00.000Z,725.4,725.42,725.17,725.18,11.96,
1789280280000,2026-09-13T06:18:00.000Z,725.18,725.18,724.79,724.89,20.39,
1789280460000,2026-09-13T06:21:00.000Z,724.89,724.96,723.85,724.02,151.65,
1789280640000,2026-09-13T06:24:00.000Z,724.02,724.07,723.24,723.39,80.69,
1789280820000,2026-09-13T06:27:00.000Z,723.39,723.4,723.32,723.4,6.43,
1789281000000,2026-09-13T06:30:00.000Z,723.4,723.4,723,723.26,48.87,
1789281180000,2026-09-13T06:33:00.000Z,723.26,723.26,722.98,722.98,0.34,
1789281360000,2026-09-13T06:36:00.000Z,722.98,722.99,722.96,722.99,33.39,
1789281540000,2026-09-13T06:39:00.000Z,722.99,723.04,722.6,722.6,37.9,
1789281720000,2026-09-13T06:42:00.000Z,722.6,722.99,722.48,722.99,65.19,
1789281900000,2026-09-13T06:45:00.000Z,722.99,723.11,722.6,722.78,5.62,
1789282080000,2026-09-13T06:48:00.000Z,722.78,722.84,722.48,722.52,10.12,
1789282260000,2026-09-13T06:51:00.000Z,722.52,722.52,722.2,722.2,15.86,
1789282440000,2026-09-13T06:54:00.000Z,722.2,722.2,721.4,721.49,27.99,
1789282620000,2026-09-13T06:57:00.000Z,721.49,721.49,720.89,721.27,54.78,
1789282800000,2026-09-13T07:00:00.000Z,721.27,721.8,720.98,721.41,244.09,
1789282980000,2026-09-13T07:03:00.000Z,721.41,721.76,721.41,721.52,17.31,
1789283160000,2026-09-13T07:06:00.000Z,721.52,721.92,721.52,721.92,4.39,
1789283340000,2026-09-13T07:09:00.000Z,721.92,722.13,721.92,722.13,3.93,
1789283520000,2026-09-13T07:12:00.000Z,722.13,722.13,721.89,722.01,2.51,
1789283700000,2026-09-13T07:15:00.000Z,722.01,722.6,721.88,722.54,9.47,
1789283880000,2026-09-13T07:18:00.000Z,722.54,722.54,722.41,722.45,7.09,
1789284060000,2026-09-13T07:21:00.000Z,722.45,722.8,722.45,722.8,0.84,
1789284240000,2026-09-13T07:24:00.000Z,722.8,722.93,722.75,722.75,2.29,
1789284420000,2026-09-13T07:27:00.000Z,722.75,722.78,722.15,722.26,17.75,
1789284600000,2026-09-13T07:30:00.000Z,722.26,722.56,722.18,722.18,22.29,
1789284780000,2026-09-13T07:33:00.000Z,722.18,722.34,722.18,722.22,2.72,
1789284960000,2026-09-13T07:36:00.000Z,722.22,722.28,721.94,722.09,18.3,
1789285140000,2026-09-13T07:39:00.000Z,722.09,722.82,721.96,722.76,11.39,
1789285320000,2026-09-13T07:42:00.000Z,722.76,722.82,722.37,722.48,27.78,
1789285500000,2026-09-13T07:45:00.000Z,722.48,722.48,722.1,722.24,7.69,
1789285680000,2026-09-13T07:48:00.000Z,722.24,722.27,721.95,722.02,19.67,
1789285860000,2026-09-13T07:51:00.000Z,722.02,722.02,721.72,721.76,16.56,
1789286040000,2026-09-13T07:54:00.000Z,721.76,722.01,721.56,721.7,50.88,
1789286220000,2026-09-13T07:57:00.000Z,721.7,721.76,721.49,721.57,0.62,
1789286400000,2026-09-13T08:00:00.000Z,721.57,721.75,721.33,721.73,11.42,
1789286580000,2026-09-13T08:03:00.000Z,721.73,721.98,721.6,721.61,30.76,
1789286760000,2026-09-13T08:06:00.000Z,721.61,721.71,721.45,721.71,3.6,
1789286940000,2026-09-13T08:09:00.000Z,721.71,721.88,721.22,721.22,2.31,
1789287120000,2026-09-13T08:12:00.000Z,721.22,721.64,721,721.64,10.21,
1789287300000,2026-09-13T08:15:00.000Z,721.64,721.64,720.67,720.8,53.07,
1789287480000,2026-09-13T08:18:00.000Z,720.8,720.8,720.34,720.64,14.52,
1789287660000,2026-09-13T08:21:00.000Z,720.64,720.86,720.49,720.67,7.82,
1789287840000,2026-09-13T08:24:00.000Z,720.67,720.67,720.41,720.64,7.39,
1789288020000,2026-09-13T08:27:00.000Z,720.64,720.69,720.36,720.36,2.18,
1789288200000,2026-09-13T08:30:00.000Z,720.36,720.36,719.46,719.53,135.23,
1789288380000,2026-09-13T08:33:00.000Z,719.53,719.53,718.59,719.05,99.52,
1789288560000,2026-09-13T08:36:00.000Z,719.05,719.32,718.68,718.73,14.37,
1789288740000,2026-09-13T08:39:00.000Z,718.73,719.17,718.35,719.17,163.34,
1789288920000,2026-09-13T08:42:00.000Z,719.17,719.17,717,717.02,293.06,
1789289100000,2026-09-13T08:45:00.000Z,717.02,717.51,716.74,717.51,82.55,
1789289280000,2026-09-13T08:48:00.000Z,717.51,718.28,717.44,718.28,22.97,
1789289460000,2026-09-13T08:51:00.000Z,718.28,718.28,717.58,717.58,8.1,
1789289640000,2026-09-13T08:54:00.000Z,717.58,717.63,717.27,717.38,56.39,
1789289820000,2026-09-13T08:57:00.000Z,717.38,717.69,717.3,717.57,1.29,
1789290000000,2026-09-13T09:00:00.000Z,717.57,717.69,717.14,717.57,33.22,
1789290180000,2026-09-13T09:03:00.000Z,717.57,718.07,717.17,718.07,6.95,
1789290360000,2026-09-13T09:06:00.000Z,718.07,718.42,718.04,718.28,61.3,
1789290540000,2026-09-13T09:09:00.000Z,718.28,718.34,717.59,717.7,6.12,
1789290720000,2026-09-13T09:12:00.000Z,717.7,717.79,717.51,717.62,3.2,
1789290900000,2026-09-13T09:15:00.000Z,717.62,717.62,716.72,717,25.02,
1789291080000,2026-09-13T09:18:00.000Z,717,717.04,716.77,716.89,3.31,
1789291260000,2026-09-13T09:21:00.000Z,716.89,717.06,716.7,716.95,0.37,
1789291440000,2026-09-13T09:24:00.000Z,716.95,716.95,714.67,716.05,341.03,
1789291620000,2026-09-13T09:27:00.000Z,716.05,716.11,714.68,714.79,13.21,
1789291800000,2026-09-13T09:30:00.000Z,714.79,715.24,713.99,714.38,12.42,
1789291980000,2026-09-13T09:33:00.000Z,714.38,715.34,713.97,715.34,10.74,
1789292160000,2026-09-13T09:36:00.000Z,715.34,716.71,715.23,715.39,103.77,
1789292340000,2026-09-13T09:39:00.000Z,715.39,715.64,715.15,715.18,17.94,
1789292520000,2026-09-13T09:42:00.000Z,715.18,715.75,715.18,715.48,27.52,
1789292700000,2026-09-13T09:45:00.000Z,715.48,715.81,715.48,715.68,1.38,
1789292880000,2026-09-13T09:48:00.000Z,715.68,715.91,715.68,715.72,31.36,
1789293060000,2026-09-13T09:51:00.000Z,715.72,715.88,715.37,715.64,3.92,
1789293240000,2026-09-13T09:54:00.000Z,715.64,715.83,715.33,715.33,9.75,
1789293420000,2026-09-13T09:57:00.000Z,715.33,716.23,715.33,716.23,119.72,
1789293600000,2026-09-13T10:00:00.000Z,716.23,716.23,715.68,716.1,15,
1789293780000,2026-09-13T10:03:00.000Z,716.1,716.1,715.76,715.76,4.08,
1789293960000,2026-09-13T10:06:00.000Z,715.76,715.76,715.56,715.76,1.16,
1789294140000,2026-09-13T10:09:00.000Z,715.76,715.8,715.76,715.76,0.97,
1789294320000,2026-09-13T10:12:00.000Z,715.76,715.88,715.63,715.86,13.76,
1789294500000,2026-09-13T10:15:00.000Z,715.86,715.91,715.74,715.81,16.52,
1789294680000,2026-09-13T10:18:00.000Z,715.81,715.81,715.31,715.31,21.26,
1789294860000,2026-09-13T10:21:00.000Z,715.31,715.33,715.25,715.25,2.96,
1789295040000,2026-09-13T10:24:00.000Z,715.25,715.25,715.01,715.01,4.89,
1789295220000,2026-09-13T10:27:00.000Z,715.01,715.27,715.01,715.27,10.1,
1789295400000,2026-09-13T10:30:00.000Z,715.27,715.37,715.19,715.37,5.89,
1789295580000,2026-09-13T10:33:00.000Z,715.37,716.02,715.37,715.88,23.41,
1789295760000,2026-09-13T10:36:00.000Z,715.88,715.89,715.42,715.43,7.42,
1789295940000,2026-09-13T10:39:00.000Z,715.43,715.43,715.04,715.04,2.41,
1789296120000,2026-09-13T10:42:00.000Z,715.04,715.04,714.08,714.25,40.78,
1789296300000,2026-09-13T10:45:00.000Z,714.25,714.83,714.25,714.83,40.12,
1789296480000,2026-09-13T10:48:00.000Z,714.83,714.86,714.49,714.54,1.03,
1789296660000,2026-09-13T10:51:00.000Z,714.54,714.54,714.2,714.2,0.72,
1789296840000,2026-09-13T10:54:00.000Z,714.2,714.79,714.2,714.58,13.82,
1789297020000,2026-09-13T10:57:00.000Z,714.58,714.64,713.85,714.64,11.39,
1789297200000,2026-09-13T11:00:00.000Z,714.64,714.9,713.6,714.31,12.19,
1789297380000,2026-09-13T11:03:00.000Z,714.31,715.22,714.31,714.96,20.35,
1789297560000,2026-09-13T11:06:00.000Z,714.96,714.96,714.36,714.49,73.16,
1789297740000,2026-09-13T11:09:00.000Z,714.49,714.61,714.32,714.46,17.86,
1789297920000,2026-09-13T11:12:00.000Z,714.46,714.46,713.95,714.24,54.11,
1789298100000,2026-09-13T11:15:00.000Z,714.24,714.68,713.86,714.68,20.01,
1789298280000,2026-09-13T11:18:00.000Z,714.68,714.76,714.34,714.46,17.95,
1789298460000,2026-09-13T11:21:00.000Z,714.46,714.96,714.46,714.67,35.89,
1789298640000,2026-09-13T11:24:00.000Z,714.67,715.06,714.67,714.95,13.32,
1789298820000,2026-09-13T11:27:00.000Z,714.95,715.03,714.64,714.72,12.37,
1789299000000,2026-09-13T11:30:00.000Z,714.72,714.92,714.72,714.77,0.56,
1789299180000,2026-09-13T11:33:00.000Z,714.77,715.28,714.77,715.23,0.79,
1789299360000,2026-09-13T11:36:00.000Z,715.23,715.73,715.23,715.67,120.43,
1789299540000,2026-09-13T11:39:00.000Z,715.67,715.96,715.67,715.9,1.02,
1789299720000,2026-09-13T11:42:00.000Z,715.9,716.06,715.9,716.06,21.66,
1789299900000,2026-09-13T11:45:00.000Z,716.06,716.51,716.06,716.33,53.57,
1789300080000,2026-09-13T11:48:00.000Z,716.33,716.33,715.99,716.15,0.17,
1789300260000,2026-09-13T11:51:00.000Z,716.15,716.2,716.15,716.16,9.22,
1789300440000,2026-09-13T11:54:00.000Z,716.16,716.19,716.15,716.16,17.26,
1789300620000,2026-09-13T11:57:00.000Z,716.16,716.16,715.84,715.89,2.16,
1789300800000,2026-09-13T12:00:00.000Z,715.89,715.93,715.67,715.75,19.69,
1789300980000,2026-09-13T12:03:00.000Z,715.75,715.76,715.55,715.76,12.3,
1789301160000,2026-09-13T12:06:00.000Z,715.76,715.76,715.58,715.61,19.07,
1789301340000,2026-09-13T12:09:00.000Z,715.61,715.89,715.57,715.89,5.98,
1789301520000,2026-09-13T12:12:00.000Z,715.89,716.02,715.89,716,14.8,
1789301700000,2026-09-13T12:15:00.000Z,716,716.51,716,716.36,37.64,
1789301880000,2026-09-13T12:18:00.000Z,716.36,716.36,716.18,716.18,4.27,
1789302060000,2026-09-13T12:21:00.000Z,716.18,716.42,716.17,716.42,5.73,
1789302240000,2026-09-13T12:24:00.000Z,716.42,716.47,716.36,716.37,10,
1789302420000,2026-09-13T12:27:00.000Z,716.37,716.46,716.09,716.09,8.86,
1789302600000,2026-09-13T12:30:00.000Z,716.09,716.36,715.85,715.91,22.09,
1789302780000,2026-09-13T12:33:00.000Z,715.91,715.91,715.41,715.76,38.85,
1789302960000,2026-09-13T12:36:00.000Z,715.76,715.76,715.02,715.09,18.87,
1789303140000,2026-09-13T12:39:00.000Z,715.09,715.28,715,715.07,2.06,
1789303320000,2026-09-13T12:42:00.000Z,715.07,715.36,715,715,13.23,
1789303500000,2026-09-13T12:45:00.000Z,715,715.01,714.85,714.92,5.83,
1789303680000,2026-09-13T12:48:00.000Z,714.92,714.92,714.66,714.74,5,
1789303860000,2026-09-13T12:51:00.000Z,714.74,715.17,714.73,715.17,0.27,
1789304040000,2026-09-13T12:54:00.000Z,715.17,715.21,715.02,715.21,9.3,
1789304220000,2026-09-13T12:57:00.000Z,715.21,715.33,714.92,715.16,7.73,
1789304400000,2026-09-13T13:00:00.000Z,715.16,715.16,714.88,715,9.15,
1789304580000,2026-09-13T13:03:00.000Z,715,715.06,714.77,715.06,1.17,
1789304760000,2026-09-13T13:06:00.000Z,715.06,715.29,714.77,715.29,2.14,
1789304940000,2026-09-13T13:09:00.000Z,715.29,715.29,715.15,715.15,0.03,
1789305120000,2026-09-13T13:12:00.000Z,715.15,715.45,714.97,715.24,70.68,
1789305300000,2026-09-13T13:15:00.000Z,715.24,715.24,714.73,714.73,58.32,
1789305480000,2026-09-13T13:18:00.000Z,714.73,714.73,714.35,714.37,2.56,
1789305660000,2026-09-13T13:21:00.000Z,714.37,714.55,714.1,714.1,6.78,
1789305840000,2026-09-13T13:24:00.000Z,714.1,714.38,712.58,712.82,127.46,
1789306020000,2026-09-13T13:27:00.000Z,712.82,713.09,712.76,713.05,11.89,
1789306200000,2026-09-13T13:30:00.000Z,713.05,714.24,713.05,714.14,44.02,
1789306380000,2026-09-13T13:33:00.000Z,714.14,714.72,714.14,714.69,56.38,
1789306560000,2026-09-13T13:36:00.000Z,714.69,715.24,714.69,715.24,20.79,
1789306740000,2026-09-13T13:39:00.000Z,715.24,715.53,715.13,715.13,24.6,
1789306920000,2026-09-13T13:42:00.000Z,715.13,715.96,715.13,715.93,30.05,
1789307100000,2026-09-13T13:45:00.000Z,715.93,716.67,715.93,716.67,46.92,
1789307280000,2026-09-13T13:48:00.000Z,716.67,717.68,716.67,717.22,483.4,
1789307460000,2026-09-13T13:51:00.000Z,717.22,718,717.04,717.63,59.13,
1789307640000,2026-09-13T13:54:00.000Z,717.63,717.63,717.39,717.39,2.36,
1789307820000,2026-09-13T13:57:00.000Z,717.39,717.75,717.39,717.66,12.47,
1789308000000,2026-09-13T14:00:00.000Z,717.66,717.94,717.64,717.85,23.71,
1789308180000,2026-09-13T14:03:00.000Z,717.85,717.85,717.69,717.69,8.1,
1789308360000,2026-09-13T14:06:00.000Z,717.69,718.36,717.69,718.27,27.15,
1789308540000,2026-09-13T14:09:00.000Z,718.27,718.81,718.27,718.36,14.81,
1789308720000,2026-09-13T14:12:00.000Z,718.36,718.85,718.36,718.81,10.48,
1789308900000,2026-09-13T14:15:00.000Z,718.81,719.44,718.81,718.99,28.52,
1789309080000,2026-09-13T14:18:00.000Z,718.99,719.02,718.62,718.89,13.61,
1789309260000,2026-09-13T14:21:00.000Z,718.89,718.89,718.6,718.76,1.29,
1789309440000,2026-09-13T14:24:00.000Z,718.76,718.85,718.7,718.85,3.89,
1789309620000,2026-09-13T14:27:00.000Z,718.85,718.98,718.74,718.98,5.68,
1789309800000,2026-09-13T14:30:00.000Z,718.98,719.16,718.83,718.99,69.82,
1789309980000,2026-09-13T14:33:00.000Z,718.99,718.99,718.53,718.59,4,
1789310160000,2026-09-13T14:36:00.000Z,718.59,719.45,718.54,719.45,19.49,
1789310340000,2026-09-13T14:39:00.000Z,719.45,719.74,718.89,719.27,30.97,
1789310520000,2026-09-13T14:42:00.000Z,719.27,719.4,719.12,719.12,10.47,
1789310700000,2026-09-13T14:45:00.000Z,719.12,719.36,718.61,718.7,57.59,
1789310880000,2026-09-13T14:48:00.000Z,718.7,718.8,718.58,718.58,1.71,
1789311060000,2026-09-13T14:51:00.000Z,718.58,718.58,718.13,718.28,15.61,
1789311240000,2026-09-13T14:54:00.000Z,718.28,718.28,718,718,7.3,
1789311420000,2026-09-13T14:57:00.000Z,718,718.02,717.64,718.02,5.7,
1789311600000,2026-09-13T15:00:00.000Z,718.02,718.21,717.14,717.14,47.65,
1789311780000,2026-09-13T15:03:00.000Z,717.14,717.14,716.87,716.87,12.96,
1789311960000,2026-09-13T15:06:00.000Z,716.87,717.45,716.87,717.2,5.66,
1789312140000,2026-09-13T15:09:00.000Z,717.2,717.33,717.2,717.21,0.65,
1789312320000,2026-09-13T15:12:00.000Z,717.21,717.21,717.09,717.1,2.83,
1789312500000,2026-09-13T15:15:00.000Z,717.1,717.16,716.88,717.02,1.45,
1789312680000,2026-09-13T15:18:00.000Z,717.02,717.17,716.98,717.17,3.44,
1789312860000,2026-09-13T15:21:00.000Z,717.17,717.5,717.17,717.5,0.43,
1789313040000,2026-09-13T15:24:00.000Z,717.5,718.9,717.5,718.09,58.68,
1789313220000,2026-09-13T15:27:00.000Z,718.09,718.32,717.34,717.7,25.66,
1789313400000,2026-09-13T15:30:00.000Z,717.7,718.4,717.54,718.07,6.93,
1789313580000,2026-09-13T15:33:00.000Z,718.07,718.8,718.07,718.8,3.03,
1789313760000,2026-09-13T15:36:00.000Z,718.8,718.8,718.4,718.76,17.79,
1789313940000,2026-09-13T15:39:00.000Z,718.76,718.76,718.18,718.18,2.04,
1789314120000,2026-09-13T15:42:00.000Z,718.18,719.16,718.18,719.08,13.81,
1789314300000,2026-09-13T15:45:00.000Z,719.08,719.08,718.36,718.36,14.88,
1789314480000,2026-09-13T15:48:00.000Z,718.36,718.56,718.24,718.56,2.12,
1789314660000,2026-09-13T15:51:00.000Z,718.56,718.56,718.13,718.27,1.64,
1789314840000,2026-09-13T15:54:00.000Z,718.27,718.49,718.27,718.48,0.17,
1789315020000,2026-09-13T15:57:00.000Z,718.48,718.48,718.23,718.23,1.14,
1789315200000,2026-09-13T16:00:00.000Z,718.23,719.14,718.23,719.14,7.9,
1789315380000,2026-09-13T16:03:00.000Z,719.14,719.66,719.14,719.34,22.96,
1789315560000,2026-09-13T16:06:00.000Z,719.34,720.44,719.34,719.87,142.58,
1789315740000,2026-09-13T16:09:00.000Z,719.87,720.71,719.71,720.64,13.22,
1789315920000,2026-09-13T16:12:00.000Z,720.64,720.95,720.36,720.42,27.14,
1789316100000,2026-09-13T16:15:00.000Z,720.42,720.42,719.98,719.98,51.18,
1789316280000,2026-09-13T16:18:00.000Z,719.98,720.21,719.84,720.19,6.27,
1789316460000,2026-09-13T16:21:00.000Z,720.19,720.25,719.95,719.95,4.08,
1789316640000,2026-09-13T16:24:00.000Z,719.95,720.67,719.95,720.61,21.78,
1789316820000,2026-09-13T16:27:00.000Z,720.61,720.61,720.55,720.6,1.99,
1789317000000,2026-09-13T16:30:00.000Z,720.6,720.72,720.21,720.21,11.59,
1789317180000,2026-09-13T16:33:00.000Z,720.21,720.21,719.98,720.04,3.27,
1789317360000,2026-09-13T16:36:00.000Z,720.04,720.26,719.93,720.2,0.99,
1789317540000,2026-09-13T16:39:00.000Z,720.2,720.39,720.12,720.39,0.93,
1789317720000,2026-09-13T16:42:00.000Z,720.39,720.73,720.34,720.61,1.8,
1789317900000,2026-09-13T16:45:00.000Z,720.61,720.77,720.31,720.35,2.13,
1789318080000,2026-09-13T16:48:00.000Z,720.35,720.35,720,720,3.6,
1789318260000,2026-09-13T16:51:00.000Z,720,720.87,720,720.87,3.15,
1789318440000,2026-09-13T16:54:00.000Z,720.87,720.87,720.67,720.82,1.18,
1789318620000,2026-09-13T16:57:00.000Z,720.82,720.82,720.48,720.53,4.42,
1789318800000,2026-09-13T17:00:00.000Z,720.53,720.62,720.47,720.62,0.15,
1789318980000,2026-09-13T17:03:00.000Z,720.62,721.41,720.49,721.41,82.73,
1789319160000,2026-09-13T17:06:00.000Z,721.41,721.41,720.86,721.02,11.55,
1789319340000,2026-09-13T17:09:00.000Z,721.02,721.64,721.02,721.5,18.89,
1789319520000,2026-09-13T17:12:00.000Z,721.5,721.77,720.82,720.96,29.17,
1789319700000,2026-09-13T17:15:00.000Z,720.96,721.15,720.51,720.51,6.39,
1789319880000,2026-09-13T17:18:00.000Z,720.51,720.91,720.51,720.72,4.07,
1789320060000,2026-09-13T17:21:00.000Z,720.72,720.88,720.66,720.66,4.33,
1789320240000,2026-09-13T17:24:00.000Z,720.66,720.67,720.57,720.67,5.08,
1789320420000,2026-09-13T17:27:00.000Z,720.67,720.98,720.67,720.98,6.8,
1789320600000,2026-09-13T17:30:00.000Z,720.98,720.98,720.66,720.66,5.19,
1789320780000,2026-09-13T17:33:00.000Z,720.66,720.66,720.3,720.41,11.88,
1789320960000,2026-09-13T17:36:00.000Z,720.41,720.66,720.38,720.61,1.79,
1789321140000,2026-09-13T17:39:00.000Z,720.61,720.68,720.52,720.53,5.23,
1789321320000,2026-09-13T17:42:00.000Z,720.53,720.63,720.53,720.55,4.94,
1789321500000,2026-09-13T17:45:00.000Z,720.55,720.65,720.55,720.65,0.64,
1789321680000,2026-09-13T17:48:00.000Z,720.65,721.14,720.65,721,55.08,
1789321860000,2026-09-13T17:51:00.000Z,721,721.22,720.82,720.82,2.37,
1789322040000,2026-09-13T17:54:00.000Z,720.82,720.89,720.7,720.75,3.49,
1789322220000,2026-09-13T17:57:00.000Z,720.75,720.78,720.59,720.67,6.08,
1789322400000,2026-09-13T18:00:00.000Z,720.67,720.84,720.52,720.52,6.96,
1789322580000,2026-09-13T18:03:00.000Z,720.52,720.53,720.52,720.52,2.21,
1789322760000,2026-09-13T18:06:00.000Z,720.52,720.61,720.52,720.56,1.65,
1789322940000,2026-09-13T18:09:00.000Z,720.56,720.6,720.55,720.56,0.86,
1789323120000,2026-09-13T18:12:00.000Z,720.56,720.89,720.45,720.76,13.66,
1789323300000,2026-09-13T18:15:00.000Z,720.76,721.24,720.56,720.69,14.99,
1789323480000,2026-09-13T18:18:00.000Z,720.69,720.92,720.55,720.66,1.67,
1789323660000,2026-09-13T18:21:00.000Z,720.66,720.68,720.51,720.51,0.08,
1789323840000,2026-09-13T18:24:00.000Z,720.51,720.68,720.32,720.32,0.22,
1789324020000,2026-09-13T18:27:00.000Z,720.32,720.96,720.32,720.88,6.77,
1789324200000,2026-09-13T18:30:00.000Z,720.88,721.32,720.8,720.8,10.42,
1789324380000,2026-09-13T18:33:00.000Z,720.8,720.8,720.56,720.79,0.5,
1789324560000,2026-09-13T18:36:00.000Z,720.79,720.82,720.79,720.82,0.28,
1789324740000,2026-09-13T18:39:00.000Z,720.82,720.9,720.66,720.9,2.67,
1789324920000,2026-09-13T18:42:00.000Z,720.9,721.18,720.54,720.7,19.15,
1789325100000,2026-09-13T18:45:00.000Z,720.7,720.84,720.7,720.75,2.71,
1789325280000,2026-09-13T18:48:00.000Z,720.75,720.95,720.71,720.95,1.69,
1789325460000,2026-09-13T18:51:00.000Z,720.95,721.79,720.95,721.79,50.38,
1789325640000,2026-09-13T18:54:00.000Z,721.79,721.79,721.14,721.32,4.01,
1789325820000,2026-09-13T18:57:00.000Z,721.32,721.65,721.32,721.65,0.3,
1789326000000,2026-09-13T19:00:00.000Z,721.65,722.24,721.64,722.01,16.5,
1789326180000,2026-09-13T19:03:00.000Z,722.01,722.34,721.71,722.34,2.42,
1789326360000,2026-09-13T19:06:00.000Z,722.34,722.55,721.85,721.85,6.22,
1789326540000,2026-09-13T19:09:00.000Z,721.85,721.85,721.33,721.33,2.86,
1789326720000,2026-09-13T19:12:00.000Z,721.33,721.33,721.14,721.14,2.64,
1789326900000,2026-09-13T19:15:00.000Z,721.14,721.14,720.8,720.8,1,
1789327080000,2026-09-13T19:18:00.000Z,720.8,720.8,720.55,720.55,0.79,
1789327260000,2026-09-13T19:21:00.000Z,720.55,720.56,720.22,720.55,3.53,
1789327440000,2026-09-13T19:24:00.000Z,720.55,720.9,720.5,720.9,2.8,
1789327620000,2026-09-13T19:27:00.000Z,720.9,720.9,720.9,720.9,0,
1789327800000,2026-09-13T19:30:00.000Z,720.9,720.94,720.72,720.94,0.57,
1789327980000,2026-09-13T19:33:00.000Z,720.94,720.99,720.54,720.69,4.65,
1789328160000,2026-09-13T19:36:00.000Z,720.69,720.89,720.59,720.66,4.53,
1789328340000,2026-09-13T19:39:00.000Z,720.66,720.66,720.49,720.66,0.04,
1789328520000,2026-09-13T19:42:00.000Z,720.66,720.88,720.63,720.88,2.89,
1789328700000,2026-09-13T19:45:00.000Z,720.88,720.88,720.49,720.61,1.42,
1789328880000,2026-09-13T19:48:00.000Z,720.61,720.74,720.61,720.62,1.21,
1789329060000,2026-09-13T19:51:00.000Z,720.62,720.69,720.53,720.69,1.41,
1789329240000,2026-09-13T19:54:00.000Z,720.69,720.75,720.67,720.72,6.58,
1789329420000,2026-09-13T19:57:00.000Z,720.72,720.99,720.44,720.44,8.64,
1789329600000,2026-09-13T20:00:00.000Z,720.44,721.06,720.44,721.04,1.16,
1789329780000,2026-09-13T20:03:00.000Z,721.04,721.05,720.77,720.91,4.88,
1789329960000,2026-09-13T20:06:00.000Z,720.91,721.09,720.87,721.04,0.37,
1789330140000,2026-09-13T20:09:00.000Z,721.04,721.11,720.92,720.92,0.85,
1789330320000,2026-09-13T20:12:00.000Z,720.92,721.05,720.74,721.05,3.78,
1789330500000,2026-09-13T20:15:00.000Z,721.05,721.05,720.85,720.85,0.46,
1789330680000,2026-09-13T20:18:00.000Z,720.85,721.34,720.85,721.34,1.35,
1789330860000,2026-09-13T20:21:00.000Z,721.34,721.5,721.2,721.28,16.7,
1789331040000,2026-09-13T20:24:00.000Z,721.28,721.36,721.28,721.36,0.74,
1789331220000,2026-09-13T20:27:00.000Z,721.36,721.54,721.36,721.43,1.18,
1789331400000,2026-09-13T20:30:00.000Z,721.43,721.92,721.43,721.92,0.04,
1789331580000,2026-09-13T20:33:00.000Z,721.92,721.92,721.55,721.72,2.39,
1789331760000,2026-09-13T20:36:00.000Z,721.72,721.72,721.43,721.43,0.58,
1789331940000,2026-09-13T20:39:00.000Z,721.43,721.8,721.43,721.76,0.72,
1789332120000,2026-09-13T20:42:00.000Z,721.76,722.14,721.76,722.09,22.5,
1789332300000,2026-09-13T20:45:00.000Z,722.09,722.19,722.06,722.14,0.1,
1789332480000,2026-09-13T20:48:00.000Z,722.14,722.2,721.9,721.91,3.55,
1789332660000,2026-09-13T20:51:00.000Z,721.91,721.98,721.33,721.96,140.95,
1789332840000,2026-09-13T20:54:00.000Z,721.96,722.36,721.96,722.17,15.02,
1789333020000,2026-09-13T20:57:00.000Z,722.17,722.17,721.87,721.87,0.6,
1789333200000,2026-09-13T21:00:00.000Z,721.87,721.87,721.73,721.85,0.92,
1789333380000,2026-09-13T21:03:00.000Z,721.85,721.85,721.51,721.54,0.08,
1789333560000,2026-09-13T21:06:00.000Z,721.54,721.54,721.44,721.44,0.01,
1789333740000,2026-09-13T21:09:00.000Z,721.44,722.04,721.44,721.93,2.94,
1789333920000,2026-09-13T21:12:00.000Z,721.93,722.06,721.9,721.92,9.33,
1789334100000,2026-09-13T21:15:00.000Z,721.92,722.1,721.92,722.1,1.19,
1789334280000,2026-09-13T21:18:00.000Z,722.1,722.19,721.98,722.11,0.16,
1789334460000,2026-09-13T21:21:00.000Z,722.11,722.35,722.09,722.35,1.43,
1789334640000,2026-09-13T21:24:00.000Z,722.35,722.35,722.04,722.04,0.49,
1789334820000,2026-09-13T21:27:00.000Z,722.04,722.09,722.04,722.09,0.01,
1789335000000,2026-09-13T21:30:00.000Z,722.09,722.09,721.7,721.9,1.9,
1789335180000,2026-09-13T21:33:00.000Z,721.9,721.91,721.74,721.91,0.05,
1789335360000,2026-09-13T21:36:00.000Z,721.91,721.96,721.78,721.96,0.07,
1789335540000,2026-09-13T21:39:00.000Z,721.96,721.96,721.75,721.75,5.83,
1789335720000,2026-09-13T21:42:00.000Z,721.75,722.04,721.69,721.82,9.95,
1789335900000,2026-09-13T21:45:00.000Z,721.82,721.94,721.82,721.93,0.31,
1789336080000,2026-09-13T21:48:00.000Z,721.93,721.93,721.46,721.46,124.71,
1789336260000,2026-09-13T21:51:00.000Z,721.46,721.75,721.46,721.75,0.02,
1789336440000,2026-09-13T21:54:00.000Z,721.75,721.92,721.75,721.86,3.38,
1789336620000,2026-09-13T21:57:00.000Z,721.86,721.86,721.55,721.65,2.53,
1789336800000,2026-09-13T22:00:00.000Z,721.65,721.65,719.48,720.23,47.47,
1789336980000,2026-09-13T22:03:00.000Z,720.23,720.23,718.3,719.17,178.1,
1789337160000,2026-09-13T22:06:00.000Z,719.17,719.7,717.34,718.1,104.64,
1789337340000,2026-09-13T22:09:00.000Z,718.1,718.56,717.8,717.96,5.31,
1789337520000,2026-09-13T22:12:00.000Z,717.96,718.55,717.64,717.73,5.47,
1789337700000,2026-09-13T22:15:00.000Z,717.73,717.9,716.05,716.05,37.53,
1789337880000,2026-09-13T22:18:00.000Z,716.05,716.57,715.31,715.88,10.31,
1789338060000,2026-09-13T22:21:00.000Z,715.88,716.56,715.66,715.68,5.34,
1789338240000,2026-09-13T22:24:00.000Z,715.68,716.27,715.59,715.89,5.75,
1789338420000,2026-09-13T22:27:00.000Z,715.89,716.52,714.69,715.86,18.43,
1789338600000,2026-09-13T22:30:00.000Z,715.86,716.22,715.48,715.48,5.62,
1789338780000,2026-09-13T22:33:00.000Z,715.48,717.1,715.45,716.43,4.18,
1789338960000,2026-09-13T22:36:00.000Z,716.43,716.86,716.19,716.21,1.48,
1789339140000,2026-09-13T22:39:00.000Z,716.21,716.21,715.26,715.26,6.34,
1789339320000,2026-09-13T22:42:00.000Z,715.26,715.58,714.85,715.1,5.45,
1789339500000,2026-09-13T22:45:00.000Z,715.1,716.09,715.1,715.19,3.22,
1789339680000,2026-09-13T22:48:00.000Z,715.19,716.12,715.09,716.06,139.5,
1789339860000,2026-09-13T22:51:00.000Z,716.06,716.24,715.42,716.03,29.7,
1789340040000,2026-09-13T22:54:00.000Z,716.03,716.03,714.67,714.93,38.53,
1789340220000,2026-09-13T22:57:00.000Z,714.93,715.66,714.93,715.29,1.46,
1789340400000,2026-09-13T23:00:00.000Z,715.29,716.23,715.29,716.23,2.64,
1789340580000,2026-09-13T23:03:00.000Z,716.23,716.55,716.23,716.44,7.23,
1789340760000,2026-09-13T23:06:00.000Z,716.44,716.6,716.17,716.17,4.71,
1789340940000,2026-09-13T23:09:00.000Z,716.17,716.62,715.97,716.28,30.89,
1789341120000,2026-09-13T23:12:00.000Z,716.28,716.39,715.9,716.07,32.97,
1789341300000,2026-09-13T23:15:00.000Z,716.07,716.43,715.32,715.35,4.01,
1789341480000,2026-09-13T23:18:00.000Z,715.35,715.4,714.94,715.39,17.42,
1789341660000,2026-09-13T23:21:00.000Z,715.39,715.98,715.31,715.31,6.51,
1789341840000,2026-09-13T23:24:00.000Z,715.31,716.35,715.31,716.26,0.35,
1789342020000,2026-09-13T23:27:00.000Z,716.26,716.26,715.69,715.77,1.1,
1789342200000,2026-09-13T23:30:00.000Z,715.77,716.65,715.77,715.98,23.32,
1789342380000,2026-09-13T23:33:00.000Z,715.98,716.16,715.44,715.44,10.39,
1789342560000,2026-09-13T23:36:00.000Z,715.44,716.11,715.26,716.11,5.22,
1789342740000,2026-09-13T23:39:00.000Z,716.11,716.11,715.19,715.81,3.17,
1789342920000,2026-09-13T23:42:00.000Z,715.81,716.51,715.81,716.12,51.39,
1789343100000,2026-09-13T23:45:00.000Z,716.12,716.52,715.92,716.25,0.77,
1789343280000,2026-09-13T23:48:00.000Z,716.25,716.54,716.17,716.46,0.77,
1789343460000,2026-09-13T23:51:00.000Z,716.46,716.46,716.18,716.41,4.45,
1789343640000,2026-09-13T23:54:00.000Z,716.41,716.41,715.67,715.81,8.19,
1789343820000,2026-09-13T23:57:00.000Z,715.81,715.95,715.72,715.8,408.92,
1789344000000,2026-09-14T00:00:00.000Z,715.8,716.28,715.53,715.72,168.86,
1789344180000,2026-09-14T00:03:00.000Z,715.72,715.78,715.41,715.66,5.86,
1789344360000,2026-09-14T00:06:00.000Z,715.66,717.77,715.66,717.33,96.43,
1789344540000,2026-09-14T00:09:00.000Z,717.33,717.33,716.05,716.1,7.55,
1789344720000,2026-09-14T00:12:00.000Z,716.1,716.77,716.1,716.61,3.11,
1789344900000,2026-09-14T00:15:00.000Z,716.61,717.03,716.52,716.68,2.13,
1789345080000,2026-09-14T00:18:00.000Z,716.68,717.41,716.6,717.21,3.48,
1789345260000,2026-09-14T00:21:00.000Z,717.21,717.21,715.88,716.01,11.72,
1789345440000,2026-09-14T00:24:00.000Z,716.01,716.55,714.6,714.85,25.23,
1789345620000,2026-09-14T00:27:00.000Z,714.85,714.96,713.26,713.74,37.64,
1789345800000,2026-09-14T00:30:00.000Z,713.74,717.35,713.74,717.03,18.07,
1789345980000,2026-09-14T00:33:00.000Z,717.03,718.46,717.03,717.78,74.01,
1789346160000,2026-09-14T00:36:00.000Z,717.78,718.88,717.78,718.78,13.07,
1789346340000,2026-09-14T00:39:00.000Z,718.78,718.78,718.07,718.76,7.66,
1789346520000,2026-09-14T00:42:00.000Z,718.76,719.34,718.21,719.34,238.06,
1789346700000,2026-09-14T00:45:00.000Z,719.34,719.92,718.95,719.25,31.92,
1789346880000,2026-09-14T00:48:00.000Z,719.25,719.32,718.88,718.88,6.47,
1789347060000,2026-09-14T00:51:00.000Z,718.88,718.99,718.6,718.99,4.26,
1789347240000,2026-09-14T00:54:00.000Z,718.99,719.18,718.92,718.92,1.46,
1789347420000,2026-09-14T00:57:00.000Z,718.92,718.95,718.27,718.27,0.88,
1789347600000,2026-09-14T01:00:00.000Z,718.27,718.5,717.91,718.5,16.88,
1789347780000,2026-09-14T01:03:00.000Z,718.5,718.59,717.99,718.11,4.81,
1789347960000,2026-09-14T01:06:00.000Z,718.11,718.25,717.73,718.12,4.76,
1789348140000,2026-09-14T01:09:00.000Z,718.12,719.41,718.12,719.08,20.89,
1789348320000,2026-09-14T01:12:00.000Z,719.08,719.08,717.96,718.01,4.16,
1789348500000,2026-09-14T01:15:00.000Z,718.01,718.01,716.24,716.68,66.99,
1789348680000,2026-09-14T01:18:00.000Z,716.68,717.05,715.03,715.14,79.12,
1789348860000,2026-09-14T01:21:00.000Z,715.14,716.03,715.03,715.86,3.56,
1789349040000,2026-09-14T01:24:00.000Z,715.86,716.36,715.71,716.3,10.74,
1789349220000,2026-09-14T01:27:00.000Z,716.3,717.14,716.3,717.05,22.4,
1789349400000,2026-09-14T01:30:00.000Z,717.05,717.05,716.28,716.28,9.9,
1789349580000,2026-09-14T01:33:00.000Z,716.28,716.28,714.17,714.47,20.7,
1789349760000,2026-09-14T01:36:00.000Z,714.47,716.04,714.47,715.92,20.35,
1789349940000,2026-09-14T01:39:00.000Z,715.92,717.33,715.92,717.32,14.56,
1789350120000,2026-09-14T01:42:00.000Z,717.32,717.36,716.31,716.4,18.36,
1789350300000,2026-09-14T01:45:00.000Z,716.4,716.97,716.09,716.97,47.47,
1789350480000,2026-09-14T01:48:00.000Z,716.97,717.25,716.4,716.4,12.44,
1789350660000,2026-09-14T01:51:00.000Z,716.4,717.34,716.4,717.31,17.6,
1789350840000,2026-09-14T01:54:00.000Z,717.31,718,717.26,717.78,10.03,
1789351020000,2026-09-14T01:57:00.000Z,717.78,719.85,717.78,719.78,6.98,
1789351200000,2026-09-14T02:00:00.000Z,719.78,719.78,718.75,718.75,47.63,
1789351380000,2026-09-14T02:03:00.000Z,718.75,719.16,718.68,718.68,3.7,
1789351560000,2026-09-14T02:06:00.000Z,718.68,720.32,718.41,720.32,50.57,
1789351740000,2026-09-14T02:09:00.000Z,720.32,722.17,720.04,720.71,189.49,
1789351920000,2026-09-14T02:12:00.000Z,720.71,721.68,719.88,721.03,267.87,
1789352100000,2026-09-14T02:15:00.000Z,721.03,721.37,720.8,721.37,8.3,
1789352280000,2026-09-14T02:18:00.000Z,721.37,721.37,720.61,720.63,0.75,
1789352460000,2026-09-14T02:21:00.000Z,720.63,722.07,720.63,721.9,46,
1789352640000,2026-09-14T02:24:00.000Z,721.9,723.7,721.9,723.58,83.77,
1789352820000,2026-09-14T02:27:00.000Z,723.58,723.99,722.73,723.02,73.81,
1789353000000,2026-09-14T02:30:00.000Z,723.02,723.92,723.02,723.46,3.99,
1789353180000,2026-09-14T02:33:00.000Z,723.46,723.46,723.02,723.04,8.73,
1789353360000,2026-09-14T02:36:00.000Z,723.04,723.04,722.21,722.21,11.08,
1789353540000,2026-09-14T02:39:00.000Z,722.21,722.33,721.85,721.85,0.35,
1789353720000,2026-09-14T02:42:00.000Z,721.85,722.31,721.84,722.04,3.94,
1789353900000,2026-09-14T02:45:00.000Z,722.04,723.02,722.04,722.87,8.81,
1789354080000,2026-09-14T02:48:00.000Z,722.87,723.28,722.82,723.28,33.08,
1789354260000,2026-09-14T02:51:00.000Z,723.28,724.24,723.19,724.02,8,
1789354440000,2026-09-14T02:54:00.000Z,724.02,724.27,723.43,723.43,37.65,
1789354620000,2026-09-14T02:57:00.000Z,723.43,723.43,723.09,723.09,7.73,
1789354800000,2026-09-14T03:00:00.000Z,723.09,723.75,723.04,723.75,12.44,
1789354980000,2026-09-14T03:03:00.000Z,723.75,723.95,723.57,723.88,3.69,
1789355160000,2026-09-14T03:06:00.000Z,723.88,724.73,723.88,724.73,25.74,
1789355340000,2026-09-14T03:09:00.000Z,724.73,724.73,724.14,724.33,34.67,
1789355520000,2026-09-14T03:12:00.000Z,724.33,724.63,724.01,724.01,1.26,
1789355700000,2026-09-14T03:15:00.000Z,724.01,724.41,723.96,723.96,3.59,
1789355880000,2026-09-14T03:18:00.000Z,723.96,723.96,723.64,723.86,1.47,
1789356060000,2026-09-14T03:21:00.000Z,723.86,724.28,723.86,724.08,1.82,
1789356240000,2026-09-14T03:24:00.000Z,724.08,724.08,723.44,723.85,3.9,
1789356420000,2026-09-14T03:27:00.000Z,723.85,723.96,723.68,723.68,0.67,
1789356600000,2026-09-14T03:30:00.000Z,723.68,723.68,722.73,722.73,5.73,
1789356780000,2026-09-14T03:33:00.000Z,722.73,722.73,722.07,722.49,17.96,
1789356960000,2026-09-14T03:36:00.000Z,722.49,722.61,722.12,722.27,9.39,
1789357140000,2026-09-14T03:39:00.000Z,722.27,722.27,721.17,721.35,11.73,
1789357320000,2026-09-14T03:42:00.000Z,721.35,721.51,721.1,721.1,8.24,
1789357500000,2026-09-14T03:45:00.000Z,721.1,721.45,721.1,721.34,0.78,
1789357680000,2026-09-14T03:48:00.000Z,721.34,721.59,721,721,0.68,
1789357860000,2026-09-14T03:51:00.000Z,721,721.63,721,721.63,10.64,
1789358040000,2026-09-14T03:54:00.000Z,721.63,721.85,721.63,721.85,0.28,
1789358220000,2026-09-14T03:57:00.000Z,721.85,721.94,721.36,721.94,12.73,
1789358400000,2026-09-14T04:00:00.000Z,721.94,722.21,721.84,721.84,3.75,
1789358580000,2026-09-14T04:03:00.000Z,721.84,721.9,721.84,721.9,0.01,
1789358760000,2026-09-14T04:06:00.000Z,721.9,722.86,721.9,722.52,8.35,
1789358940000,2026-09-14T04:09:00.000Z,722.52,722.85,722.49,722.49,1.69,
1789359120000,2026-09-14T04:12:00.000Z,722.49,722.87,722.42,722.52,12.34,
1789359300000,2026-09-14T04:15:00.000Z,722.52,722.62,722.25,722.62,11.08,
1789359480000,2026-09-14T04:18:00.000Z,722.62,722.62,722.23,722.47,3.58,
1789359660000,2026-09-14T04:21:00.000Z,722.47,723.01,722.45,723.01,2.04,
1789359840000,2026-09-14T04:24:00.000Z,723.01,723.31,722.91,723.1,7.34,
1789360020000,2026-09-14T04:27:00.000Z,723.1,723.1,722.02,722.02,8.22,
1789360200000,2026-09-14T04:30:00.000Z,722.02,722.52,722.02,722.36,1.24,
1789360380000,2026-09-14T04:33:00.000Z,722.36,722.72,722.18,722.72,44.19,
1789360560000,2026-09-14T04:36:00.000Z,722.72,722.72,722.48,722.71,2.8,
1789360740000,2026-09-14T04:39:00.000Z,722.71,723.03,722.64,722.95,8.94,
1789360920000,2026-09-14T04:42:00.000Z,722.95,722.95,722.67,722.68,4.74,
1789361100000,2026-09-14T04:45:00.000Z,722.68,723.64,722.68,723.23,22.26,
1789361280000,2026-09-14T04:48:00.000Z,723.23,723.95,723.18,723.95,8.23,
1789361460000,2026-09-14T04:51:00.000Z,723.95,724.43,723.94,724.28,1.82,
1789361640000,2026-09-14T04:54:00.000Z,724.28,725.42,724.1,724.1,55.92,
1789361820000,2026-09-14T04:57:00.000Z,724.1,724.1,723.59,723.93,14.17,
1789362000000,2026-09-14T05:00:00.000Z,723.93,724.26,723.74,723.74,7.3,
1789362180000,2026-09-14T05:03:00.000Z,723.74,724.13,723.61,724.13,3.9,
1789362360000,2026-09-14T05:06:00.000Z,724.13,724.36,723.79,723.79,3.88,
1789362540000,2026-09-14T05:09:00.000Z,723.79,724.22,723.67,723.87,38.98,
1789362720000,2026-09-14T05:12:00.000Z,723.87,724.57,723.87,724.57,12.13,
1789362900000,2026-09-14T05:15:00.000Z,724.57,725.25,724.57,724.57,82.84,
1789363080000,2026-09-14T05:18:00.000Z,724.57,724.57,724.17,724.29,4.44,
1789363260000,2026-09-14T05:21:00.000Z,724.29,724.29,723.97,724,53.43,
1789363440000,2026-09-14T05:24:00.000Z,724,724.29,724,724.29,2.23,
1789363620000,2026-09-14T05:27:00.000Z,724.29,724.38,724.13,724.24,2.12,
1789363800000,2026-09-14T05:30:00.000Z,724.24,724.39,724.19,724.39,13.16,
1789363980000,2026-09-14T05:33:00.000Z,724.39,724.62,724.33,724.62,20.15,
1789364160000,2026-09-14T05:36:00.000Z,724.62,725.24,724.58,725.24,9.5,
1789364340000,2026-09-14T05:39:00.000Z,725.24,725.38,725,725.23,100.02,
1789364520000,2026-09-14T05:42:00.000Z,725.23,725.23,724.54,724.67,33.77,
1789364700000,2026-09-14T05:45:00.000Z,724.67,724.67,724.12,724.12,5.99,
1789364880000,2026-09-14T05:48:00.000Z,724.12,724.35,723.85,723.85,2.77,
1789365060000,2026-09-14T05:51:00.000Z,723.85,723.99,723.72,723.99,1.79,
1789365240000,2026-09-14T05:54:00.000Z,723.99,724.68,723.99,724.53,6.41,
1789365420000,2026-09-14T05:57:00.000Z,724.53,724.73,724.4,724.61,5.7,
1789365600000,2026-09-14T06:00:00.000Z,724.61,724.8,724.19,724.7,16.25,
1789365780000,2026-09-14T06:03:00.000Z,724.7,725.48,724.61,725.37,12.37,
1789365960000,2026-09-14T06:06:00.000Z,725.37,725.97,725.01,725.37,32.87,
1789366140000,2026-09-14T06:09:00.000Z,725.37,725.51,724.71,725.42,19.22,
1789366320000,2026-09-14T06:12:00.000Z,725.42,725.42,724.74,725.11,20.67,
1789366500000,2026-09-14T06:15:00.000Z,725.11,725.11,724.44,724.44,27.19,
1789366680000,2026-09-14T06:18:00.000Z,724.44,724.44,723.86,723.86,7.54,
1789366860000,2026-09-14T06:21:00.000Z,723.86,723.98,723.2,723.21,31.66,
1789367040000,2026-09-14T06:24:00.000Z,723.21,723.25,723.04,723.16,24.35,
1789367220000,2026-09-14T06:27:00.000Z,723.16,723.16,722.81,723.04,9.34,
1789367400000,2026-09-14T06:30:00.000Z,723.04,723.04,721.78,721.82,11.81,
1789367580000,2026-09-14T06:33:00.000Z,721.82,722.35,721.81,722.35,10.09,
1789367760000,2026-09-14T06:36:00.000Z,722.35,722.81,722.28,722.61,19.88,
1789367940000,2026-09-14T06:39:00.000Z,722.61,723.51,722.45,723.26,34.76,
1789368120000,2026-09-14T06:42:00.000Z,723.26,723.92,723.15,723.78,47.04,
1789368300000,2026-09-14T06:45:00.000Z,723.78,723.78,723.29,723.57,11.72,
1789368480000,2026-09-14T06:48:00.000Z,723.57,723.75,723.2,723.41,14.94,
1789368660000,2026-09-14T06:51:00.000Z,723.41,723.41,722.81,722.81,8.56,
1789368840000,2026-09-14T06:54:00.000Z,722.81,723.06,722.8,722.94,7.87,
1789369020000,2026-09-14T06:57:00.000Z,722.94,722.94,722.71,722.91,5.12,
1789369200000,2026-09-14T07:00:00.000Z,722.91,723.04,722.22,723.04,9.71,
1789369380000,2026-09-14T07:03:00.000Z,723.04,724.19,722.95,723.93,8.11,
1789369560000,2026-09-14T07:06:00.000Z,723.93,723.93,723.12,723.16,19.76,
1789369740000,2026-09-14T07:09:00.000Z,723.16,723.27,722.87,723.03,7.82,
1789369920000,2026-09-14T07:12:00.000Z,723.03,723.62,722.94,723.6,86.41,
1789370100000,2026-09-14T07:15:00.000Z,723.6,724.22,723.43,724.06,4.35,
1789370280000,2026-09-14T07:18:00.000Z,724.06,724.37,723.87,724.25,45.6,
1789370460000,2026-09-14T07:21:00.000Z,724.25,724.25,723.66,723.73,8.01,
1789370640000,2026-09-14T07:24:00.000Z,723.73,724,723.72,723.72,7.75,
1789370820000,2026-09-14T07:27:00.000Z,723.72,723.72,723.66,723.66,1.95,
1789371000000,2026-09-14T07:30:00.000Z,723.66,723.66,723.36,723.38,4.73,
1789371180000,2026-09-14T07:33:00.000Z,723.38,723.43,723.26,723.27,13.95,
1789371360000,2026-09-14T07:36:00.000Z,723.27,723.74,723.27,723.71,3.89,
1789371540000,2026-09-14T07:39:00.000Z,723.71,724.04,723.71,723.73,4.03,
1789371720000,2026-09-14T07:42:00.000Z,723.73,724.39,723.73,724.13,7.71,
1789371900000,2026-09-14T07:45:00.000Z,724.13,724.2,723.62,723.93,10.83,
1789372080000,2026-09-14T07:48:00.000Z,723.93,724.22,723.93,724.12,5.11,
1789372260000,2026-09-14T07:51:00.000Z,724.12,724.27,723.85,724.04,1.71,
1789372440000,2026-09-14T07:54:00.000Z,724.04,724.48,724.04,724.48,11.42,
1789372620000,2026-09-14T07:57:00.000Z,724.48,724.57,724.28,724.57,9.97,
1789372800000,2026-09-14T08:00:00.000Z,724.57,724.57,723.77,724.12,35.53,
1789372980000,2026-09-14T08:03:00.000Z,724.12,724.12,723.26,723.76,38.42,
1789373160000,2026-09-14T08:06:00.000Z,723.76,724.42,723.49,724.25,44.42,
1789373340000,2026-09-14T08:09:00.000Z,724.25,724.75,723.98,724.07,47.9,
1789373520000,2026-09-14T08:12:00.000Z,724.07,724.35,723.85,723.85,9.14,
1789373700000,2026-09-14T08:15:00.000Z,723.85,723.96,723.31,723.96,16.44,
1789373880000,2026-09-14T08:18:00.000Z,723.96,723.96,723.24,723.67,46.3,
1789374060000,2026-09-14T08:21:00.000Z,723.67,724.28,723.67,724.19,5.08,
1789374240000,2026-09-14T08:24:00.000Z,724.19,725.43,723.63,724.17,41.84,
1789374420000,2026-09-14T08:27:00.000Z,724.17,724.33,723.5,723.5,1.5,
1789374600000,2026-09-14T08:30:00.000Z,723.5,723.88,723.1,723.46,11.49,
1789374780000,2026-09-14T08:33:00.000Z,723.46,723.61,723.23,723.36,10.45,
1789374960000,2026-09-14T08:36:00.000Z,723.36,723.51,723.36,723.48,6.88,
1789375140000,2026-09-14T08:39:00.000Z,723.48,724.15,723.48,724.15,11.48,
1789375320000,2026-09-14T08:42:00.000Z,724.15,724.19,723.73,723.73,3.18,
1789375500000,2026-09-14T08:45:00.000Z,723.73,723.87,723.34,723.42,7.36,
1789375680000,2026-09-14T08:48:00.000Z,723.42,723.42,723,723.01,16.21,
1789375860000,2026-09-14T08:51:00.000Z,723.01,723.3,723.01,723.04,6.84,
1789376040000,2026-09-14T08:54:00.000Z,723.04,723.24,722.91,723.24,10.8,
1789376220000,2026-09-14T08:57:00.000Z,723.24,723.25,723.07,723.25,9.54,
1789376400000,2026-09-14T09:00:00.000Z,723.25,724.03,723.25,723.73,5.23,
1789376580000,2026-09-14T09:03:00.000Z,723.73,724.04,723.61,723.84,22.87,
1789376760000,2026-09-14T09:06:00.000Z,723.84,723.84,723.46,723.77,60.16,
1789376940000,2026-09-14T09:09:00.000Z,723.77,723.96,722.73,722.73,15.78,
1789377120000,2026-09-14T09:12:00.000Z,722.73,722.73,722.23,722.27,100.34,
1789377300000,2026-09-14T09:15:00.000Z,722.27,722.27,721.6,721.86,11.54,
1789377480000,2026-09-14T09:18:00.000Z,721.86,722.24,721.66,722.13,20.1,
1789377660000,2026-09-14T09:21:00.000Z,722.13,722.13,721.53,721.53,18.88,
1789377840000,2026-09-14T09:24:00.000Z,721.53,722,721.28,721.99,68.91,
1789378020000,2026-09-14T09:27:00.000Z,721.99,722.54,721.63,722.54,23.63,
1789378200000,2026-09-14T09:30:00.000Z,722.54,723.55,722.54,722.88,99.86,
1789378380000,2026-09-14T09:33:00.000Z,722.88,722.95,722.44,722.5,10.24,
1789378560000,2026-09-14T09:36:00.000Z,722.5,722.5,722.13,722.49,5.29,
1789378740000,2026-09-14T09:39:00.000Z,722.49,723.06,722.3,722.6,12.43,
1789378920000,2026-09-14T09:42:00.000Z,722.6,723.36,722.6,723.09,14,
1789379100000,2026-09-14T09:45:00.000Z,723.09,724.15,723.09,723.83,8.37,
1789379280000,2026-09-14T09:48:00.000Z,723.83,725.18,723.83,725.08,52,
1789379460000,2026-09-14T09:51:00.000Z,725.08,727.9,725.07,727.57,206.82,
1789379640000,2026-09-14T09:54:00.000Z,727.57,727.65,724.83,725.13,245.25,
1789379820000,2026-09-14T09:57:00.000Z,725.13,725.35,724.01,724.03,32.79,
1789380000000,2026-09-14T10:00:00.000Z,724.03,724.81,724,724,96.18,
1789380180000,2026-09-14T10:03:00.000Z,724,724.54,723.47,723.48,30.7,
1789380360000,2026-09-14T10:06:00.000Z,723.48,723.92,723.48,723.53,15.74,
1789380540000,2026-09-14T10:09:00.000Z,723.53,723.53,723.2,723.34,2.31,
1789380720000,2026-09-14T10:12:00.000Z,723.34,723.34,723.01,723.07,22.85,
1789380900000,2026-09-14T10:15:00.000Z,723.07,723.24,722.72,722.81,15.02,
1789381080000,2026-09-14T10:18:00.000Z,722.81,722.81,722.37,722.43,13.61,
1789381260000,2026-09-14T10:21:00.000Z,722.43,722.84,722.22,722.28,13.27,
1789381440000,2026-09-14T10:24:00.000Z,722.28,722.77,722.25,722.39,11.66,
1789381620000,2026-09-14T10:27:00.000Z,722.39,722.86,722.39,722.86,12.65,
1789381800000,2026-09-14T10:30:00.000Z,722.86,722.86,721.77,722.2,31.54,
1789381980000,2026-09-14T10:33:00.000Z,722.2,722.81,722.18,722.56,60.75,
1789382160000,2026-09-14T10:36:00.000Z,722.56,722.73,722.53,722.67,1.36,
1789382340000,2026-09-14T10:39:00.000Z,722.67,722.86,722.43,722.86,19.69,
1789382520000,2026-09-14T10:42:00.000Z,722.86,723.23,722.86,722.97,7.95,
1789382700000,2026-09-14T10:45:00.000Z,722.97,723.33,722.97,723.06,12.37,
1789382880000,2026-09-14T10:48:00.000Z,723.06,723.41,722.99,723.17,5.9,
1789383060000,2026-09-14T10:51:00.000Z,723.17,723.17,722.32,722.4,23.21,
1789383240000,2026-09-14T10:54:00.000Z,722.4,722.42,722.09,722.42,5.54,
1789383420000,2026-09-14T10:57:00.000Z,722.42,722.52,722.13,722.17,15.43,
1789383600000,2026-09-14T11:00:00.000Z,722.17,722.72,722.02,722.05,15.51,
1789383780000,2026-09-14T11:03:00.000Z,722.05,722.05,721.2,721.21,68.45,
1789383960000,2026-09-14T11:06:00.000Z,721.21,721.32,720.14,721.18,124.88,
1789384140000,2026-09-14T11:09:00.000Z,721.18,721.18,720.34,720.86,80.92,
1789384320000,2026-09-14T11:12:00.000Z,720.86,721.02,720.7,720.85,4.07,
1789384500000,2026-09-14T11:15:00.000Z,720.85,721.03,720.82,721.03,9.03,
1789384680000,2026-09-14T11:18:00.000Z,721.03,721.27,720.93,721.27,2.23,
1789384860000,2026-09-14T11:21:00.000Z,721.27,721.29,721.13,721.2,6.63,
1789385040000,2026-09-14T11:24:00.000Z,721.2,721.79,721.2,721.68,2.5,
1789385220000,2026-09-14T11:27:00.000Z,721.68,721.88,721.68,721.88,2.15,
1789385400000,2026-09-14T11:30:00.000Z,721.88,721.96,721.59,721.59,6.19,
1789385580000,2026-09-14T11:33:00.000Z,721.59,721.59,720.79,720.8,6.71,
1789385760000,2026-09-14T11:36:00.000Z,720.8,721.84,720.8,721.84,21.27,
1789385940000,2026-09-14T11:39:00.000Z,721.84,721.84,721.38,721.51,28.45,
1789386120000,2026-09-14T11:42:00.000Z,721.51,721.9,721.42,721.65,11.56,
1789386300000,2026-09-14T11:45:00.000Z,721.65,721.73,721.53,721.65,3.47,
1789386480000,2026-09-14T11:48:00.000Z,721.65,721.65,721.04,721.04,6.67,
1789386660000,2026-09-14T11:51:00.000Z,721.04,721.04,720.56,720.56,25.29,
1789386840000,2026-09-14T11:54:00.000Z,720.56,720.9,720.55,720.77,24.41,
1789387020000,2026-09-14T11:57:00.000Z,720.77,721.58,720.77,721.35,19.19,
1789387200000,2026-09-14T12:00:00.000Z,721.35,721.55,720.82,721.55,8.41,
1789387380000,2026-09-14T12:03:00.000Z,721.55,721.56,721.05,721.16,43.65,
1789387560000,2026-09-14T12:06:00.000Z,721.16,721.4,720.72,721.27,26.18,
1789387740000,2026-09-14T12:09:00.000Z,721.27,721.54,721.17,721.54,6.61,
1789387920000,2026-09-14T12:12:00.000Z,721.54,721.69,721.15,721.69,19.78,
1789388100000,2026-09-14T12:15:00.000Z,721.69,722.33,721.64,722.05,9.89,
1789388280000,2026-09-14T12:18:00.000Z,722.05,722.16,721.63,721.63,10.53,
1789388460000,2026-09-14T12:21:00.000Z,721.63,721.87,721.49,721.81,13.54,
1789388640000,2026-09-14T12:24:00.000Z,721.81,721.97,721.78,721.86,5.26,
1789388820000,2026-09-14T12:27:00.000Z,721.86,722.13,721.86,722.01,7.44,
1789389000000,2026-09-14T12:30:00.000Z,722.01,722.56,721.87,722.36,53.97,
1789389180000,2026-09-14T12:33:00.000Z,722.36,722.57,720.69,720.97,15.99,
1789389360000,2026-09-14T12:36:00.000Z,720.97,721.2,720.23,720.61,14.54,
1789389540000,2026-09-14T12:39:00.000Z,720.61,721.16,720.25,720.94,22.51,
1789389720000,2026-09-14T12:42:00.000Z,720.94,721.61,720.72,721.43,10.21,
1789389900000,2026-09-14T12:45:00.000Z,721.43,721.51,720.65,720.77,7.05,
1789390080000,2026-09-14T12:48:00.000Z,720.77,720.86,720.14,720.14,41.46,
1789390260000,2026-09-14T12:51:00.000Z,720.14,720.14,719.47,719.77,91.25,
1789390440000,2026-09-14T12:54:00.000Z,719.77,719.77,719.13,719.25,62.42,
1789390620000,2026-09-14T12:57:00.000Z,719.25,719.49,719.17,719.28,6.63,
1789390800000,2026-09-14T13:00:00.000Z,719.28,719.32,718.07,718.26,28.63,
1789390980000,2026-09-14T13:03:00.000Z,718.26,718.63,717.51,717.65,133.81,
1789391160000,2026-09-14T13:06:00.000Z,717.65,717.75,716.37,716.59,62.4,
1789391340000,2026-09-14T13:09:00.000Z,716.59,718.82,716.59,718.36,17.06,
1789391520000,2026-09-14T13:12:00.000Z,718.36,718.83,718.06,718.19,12.99,
1789391700000,2026-09-14T13:15:00.000Z,718.19,719.31,718.18,719.31,26.18,
1789391880000,2026-09-14T13:18:00.000Z,719.31,719.64,719,719.24,23.85,
1789392060000,2026-09-14T13:21:00.000Z,719.24,719.37,718.92,718.98,32.32,
1789392240000,2026-09-14T13:24:00.000Z,718.98,718.98,718.37,718.63,26.84,
1789392420000,2026-09-14T13:27:00.000Z,718.63,719.38,718.63,719.38,5.09,
1789392600000,2026-09-14T13:30:00.000Z,719.38,721.9,719.23,721.74,75.1,
1789392780000,2026-09-14T13:33:00.000Z,721.74,722.3,721.01,721.01,51.28,
1789392960000,2026-09-14T13:36:00.000Z,721.01,721.35,718.83,720.97,13.36,
1789393140000,2026-09-14T13:39:00.000Z,720.97,720.98,719.55,719.65,56.82,
1789393320000,2026-09-14T13:42:00.000Z,719.65,721.1,719.65,721.1,7.14,
1789393500000,2026-09-14T13:45:00.000Z,721.1,722.22,720.58,722.22,71.02,
1789393680000,2026-09-14T13:48:00.000Z,722.22,722.7,721.7,721.7,26.68,
1789393860000,2026-09-14T13:51:00.000Z,721.7,722.11,720.44,721.13,26.33,
1789394040000,2026-09-14T13:54:00.000Z,721.13,721.13,719.67,719.99,14.91,
1789394220000,2026-09-14T13:57:00.000Z,719.99,720.53,719.43,720.05,2.56,
1789394400000,2026-09-14T14:00:00.000Z,720.05,721.33,720,721,11.89,
1789394580000,2026-09-14T14:03:00.000Z,721,722,721,721.19,7.52,
1789394760000,2026-09-14T14:06:00.000Z,721.19,721.45,721.19,721.35,15.5,
1789394940000,2026-09-14T14:09:00.000Z,721.35,722.7,721.35,722.56,16.54,
1789395120000,2026-09-14T14:12:00.000Z,722.56,722.56,721.79,722.28,2.8,
1789395300000,2026-09-14T14:15:00.000Z,722.28,722.47,721.8,722.33,5.39,
1789395480000,2026-09-14T14:18:00.000Z,722.33,722.7,721.72,722.42,8.1,
1789395660000,2026-09-14T14:21:00.000Z,722.42,722.42,720.35,720.92,9.6,
1789395840000,2026-09-14T14:24:00.000Z,720.92,720.92,719.07,719.29,35.87,
1789396020000,2026-09-14T14:27:00.000Z,719.29,721.25,719.29,720.69,19.68,
1789396200000,2026-09-14T14:30:00.000Z,720.69,723.11,720.61,722.24,24.98,
1789396380000,2026-09-14T14:33:00.000Z,722.24,722.31,720.8,720.8,37.41,
1789396560000,2026-09-14T14:36:00.000Z,720.8,720.8,720.27,720.8,13.92,
1789396740000,2026-09-14T14:39:00.000Z,720.8,721.01,720.25,720.48,6.64,
1789396920000,2026-09-14T14:42:00.000Z,720.48,720.77,720.12,720.57,9.61,
1789397100000,2026-09-14T14:45:00.000Z,720.57,722.01,720.57,720.67,21.6,
1789397280000,2026-09-14T14:48:00.000Z,720.67,722.28,720.67,721.99,19.44,
1789397460000,2026-09-14T14:51:00.000Z,721.99,721.99,720.61,720.96,6.71,
1789397640000,2026-09-14T14:54:00.000Z,720.96,721.62,720.38,720.38,19.14,
1789397820000,2026-09-14T14:57:00.000Z,720.38,721.34,720.38,720.89,13.23,
1789398000000,2026-09-14T15:00:00.000Z,720.89,720.89,719.89,720.58,23.18,
1789398180000,2026-09-14T15:03:00.000Z,720.58,720.82,719.24,720.33,65.21,
1789398360000,2026-09-14T15:06:00.000Z,720.33,721.28,720.21,720.97,6.35,
1789398540000,2026-09-14T15:09:00.000Z,720.97,721.05,720.3,720.3,3.19,
1789398720000,2026-09-14T15:12:00.000Z,720.3,721.28,720.16,721.19,3.3,
1789398900000,2026-09-14T15:15:00.000Z,721.19,721.77,720.82,721.77,3.29,
1789399080000,2026-09-14T15:18:00.000Z,721.77,721.77,721.1,721.28,1.6,
1789399260000,2026-09-14T15:21:00.000Z,721.28,721.28,720.58,720.88,4.54,
1789399440000,2026-09-14T15:24:00.000Z,720.88,721.24,720.78,721,154.51,
1789399620000,2026-09-14T15:27:00.000Z,721,721.33,721,721,232.1,
1789399800000,2026-09-14T15:30:00.000Z,721,721.99,719.79,721.88,1294.91,
1789399980000,2026-09-14T15:33:00.000Z,721.88,722.31,721.03,721.03,26.71,
1789400160000,2026-09-14T15:36:00.000Z,721.03,721.33,720.71,721.14,22.53,
1789400340000,2026-09-14T15:39:00.000Z,721.14,721.8,720.99,721.8,48.98,
1789400520000,2026-09-14T15:42:00.000Z,721.8,722.39,721.79,722.06,11.18,
1789400700000,2026-09-14T15:45:00.000Z,722.06,722.06,721.01,721.01,8.05,
1789400880000,2026-09-14T15:48:00.000Z,721.01,721.93,720.94,721.51,13.67,
1789401060000,2026-09-14T15:51:00.000Z,721.51,722.32,721.51,722.32,14.8,
1789401240000,2026-09-14T15:54:00.000Z,722.32,722.5,721.5,721.85,16.6,
1789401420000,2026-09-14T15:57:00.000Z,721.85,721.92,721.78,721.82,0.79,
1789401600000,2026-09-14T16:00:00.000Z,721.82,722.62,721.82,722.34,33.58,
1789401780000,2026-09-14T16:03:00.000Z,722.34,722.34,721.65,722.09,5.21,
1789401960000,2026-09-14T16:06:00.000Z,722.09,722.15,721.93,722.01,9.79,
1789402140000,2026-09-14T16:09:00.000Z,722.01,722.63,721.57,722.63,17.65,
1789402320000,2026-09-14T16:12:00.000Z,722.63,722.8,722.34,722.34,36.04,
1789402500000,2026-09-14T16:15:00.000Z,722.34,723.8,722.34,723.66,25.05,
1789402680000,2026-09-14T16:18:00.000Z,723.66,725.23,723.66,723.99,235.95,
1789402860000,2026-09-14T16:21:00.000Z,723.99,725.16,723.95,724.8,32.4,
1789403040000,2026-09-14T16:24:00.000Z,724.8,725.5,723.54,723.54,80.57,
1789403220000,2026-09-14T16:27:00.000Z,723.54,723.85,723.08,723.44,4.77,
1789403400000,2026-09-14T16:30:00.000Z,723.44,724.04,723.44,723.51,5.46,
1789403580000,2026-09-14T16:33:00.000Z,723.51,723.68,723.2,723.2,11.74,
1789403760000,2026-09-14T16:36:00.000Z,723.2,723.39,723.08,723.19,60.59,
1789403940000,2026-09-14T16:39:00.000Z,723.19,723.48,723.08,723.11,7.39,
1789404120000,2026-09-14T16:42:00.000Z,723.11,723.76,723.11,723.44,15.19,
1789404300000,2026-09-14T16:45:00.000Z,723.44,725.35,723.44,725.31,54.41,
1789404480000,2026-09-14T16:48:00.000Z,725.31,725.87,725.01,725.61,28.26,
1789404660000,2026-09-14T16:51:00.000Z,725.61,726.09,725.3,725.3,30.81,
1789404840000,2026-09-14T16:54:00.000Z,725.3,725.92,725.07,725.07,213.41,
1789405020000,2026-09-14T16:57:00.000Z,725.07,725.21,724.44,724.5,8.1,
1789405200000,2026-09-14T17:00:00.000Z,724.5,724.5,724.06,724.34,2.08,
1789405380000,2026-09-14T17:03:00.000Z,724.34,724.34,723.76,723.76,0.19,
1789405560000,2026-09-14T17:06:00.000Z,723.76,724.11,723.36,723.87,21.16,
1789405740000,2026-09-14T17:09:00.000Z,723.87,724.43,723.74,724.43,13,
1789405920000,2026-09-14T17:12:00.000Z,724.43,724.68,724.34,724.68,2.38,
1789406100000,2026-09-14T17:15:00.000Z,724.68,724.84,724.36,724.54,8.47,
1789406280000,2026-09-14T17:18:00.000Z,724.54,724.54,723.9,724.51,5.85,
1789406460000,2026-09-14T17:21:00.000Z,724.51,724.86,724.2,724.86,7.14,
1789406640000,2026-09-14T17:24:00.000Z,724.86,725.42,724.7,725.04,8.63,
1789406820000,2026-09-14T17:27:00.000Z,725.04,725.13,724.42,724.73,15.06,
1789407000000,2026-09-14T17:30:00.000Z,724.73,724.73,724.1,724.1,3.41,
1789407180000,2026-09-14T17:33:00.000Z,724.1,724.2,723.34,724.2,14.18,
1789407360000,2026-09-14T17:36:00.000Z,724.2,724.2,723.94,724.01,2.21,
1789407540000,2026-09-14T17:39:00.000Z,724.01,724.24,723.62,724.15,17.27,
1789407720000,2026-09-14T17:42:00.000Z,724.15,724.71,724.15,724.49,9.63,
1789407900000,2026-09-14T17:45:00.000Z,724.49,724.85,724.45,724.75,28.66,
1789408080000,2026-09-14T17:48:00.000Z,724.75,725.6,724.75,725.41,128.04,
1789408260000,2026-09-14T17:51:00.000Z,725.41,725.89,725.39,725.89,27.04,
1789408440000,2026-09-14T17:54:00.000Z,725.89,726.81,725.89,726.11,84.32,
1789408620000,2026-09-14T17:57:00.000Z,726.11,726.22,725.69,725.87,9.85,
1789408800000,2026-09-14T18:00:00.000Z,725.87,726.27,725.76,725.9,24.21,
1789408980000,2026-09-14T18:03:00.000Z,725.9,726.18,725.69,725.83,14.25,
1789409160000,2026-09-14T18:06:00.000Z,725.83,726.66,725.55,726.58,6.02,
1789409340000,2026-09-14T18:09:00.000Z,726.58,726.68,725.64,725.68,23.38,
1789409520000,2026-09-14T18:12:00.000Z,725.68,725.86,725.68,725.7,3.55,
1789409700000,2026-09-14T18:15:00.000Z,725.7,726.04,725.54,725.59,10.61,
1789409880000,2026-09-14T18:18:00.000Z,725.59,726.79,725.41,726.76,13.66,
1789410060000,2026-09-14T18:21:00.000Z,726.76,727.16,726.4,727.02,14.57,
1789410240000,2026-09-14T18:24:00.000Z,727.02,727.02,726.34,726.78,10.87,
1789410420000,2026-09-14T18:27:00.000Z,726.78,727.28,726.76,727.01,10.64,
1789410600000,2026-09-14T18:30:00.000Z,727.01,727.51,726.86,727.47,13.55,
1789410780000,2026-09-14T18:33:00.000Z,727.47,727.61,726.77,726.77,6.39,
1789410960000,2026-09-14T18:36:00.000Z,726.77,727.22,726.74,726.74,6.5,
1789411140000,2026-09-14T18:39:00.000Z,726.74,727.09,726.56,726.58,27.4,
1789411320000,2026-09-14T18:42:00.000Z,726.58,727.38,726.41,727.15,3.68,
1789411500000,2026-09-14T18:45:00.000Z,727.15,727.88,727.15,727.45,23.84,
1789411680000,2026-09-14T18:48:00.000Z,727.45,728.11,727.28,727.44,30.19,
1789411860000,2026-09-14T18:51:00.000Z,727.44,727.44,726.94,727.18,50.07,
1789412040000,2026-09-14T18:54:00.000Z,727.18,727.19,726.87,726.89,21.53,
1789412220000,2026-09-14T18:57:00.000Z,726.89,727.07,726.72,727.05,0.1,
1789412400000,2026-09-14T19:00:00.000Z,727.05,727.05,726.01,726.17,77.47,
1789412580000,2026-09-14T19:03:00.000Z,726.17,726.17,725.59,725.8,21.46,
1789412760000,2026-09-14T19:06:00.000Z,725.8,725.99,725.54,725.54,572.91,
1789412940000,2026-09-14T19:09:00.000Z,725.54,725.68,725.17,725.23,42.65,
1789413120000,2026-09-14T19:12:00.000Z,725.23,725.7,725.23,725.52,15.78,
1789413300000,2026-09-14T19:15:00.000Z,725.52,725.57,725.23,725.39,3.98,
1789413480000,2026-09-14T19:18:00.000Z,725.39,726.13,725.39,726.13,1.71,
1789413660000,2026-09-14T19:21:00.000Z,726.13,726.13,725.5,725.8,3.5,
1789413840000,2026-09-14T19:24:00.000Z,725.8,726.2,725.8,725.93,2.18,
1789414020000,2026-09-14T19:27:00.000Z,725.93,726.29,725.63,725.63,10.31,
1789414200000,2026-09-14T19:30:00.000Z,725.63,725.81,725.12,725.4,5.12,
1789414380000,2026-09-14T19:33:00.000Z,725.4,725.63,725.12,725.15,2.11,
1789414560000,2026-09-14T19:36:00.000Z,725.15,725.15,724.74,724.81,8.6,
1789414740000,2026-09-14T19:39:00.000Z,724.81,725.22,724.71,725.22,2.48,
1789414920000,2026-09-14T19:42:00.000Z,725.22,725.94,725.22,725.94,9.3,
1789415100000,2026-09-14T19:45:00.000Z,725.94,726.41,725.94,725.95,8.13,
1789415280000,2026-09-14T19:48:00.000Z,725.95,726.14,725.52,725.61,13.29,
1789415460000,2026-09-14T19:51:00.000Z,725.61,725.61,724.98,725.04,2.7,
1789415640000,2026-09-14T19:54:00.000Z,725.04,725.18,724.44,724.44,7.39,
1789415820000,2026-09-14T19:57:00.000Z,724.44,725.02,724.44,724.91,3.28,
1789416000000,2026-09-14T20:00:00.000Z,724.91,725.28,724.91,725.21,13.62,
1789416180000,2026-09-14T20:03:00.000Z,725.21,725.65,725.21,725.65,10.93,
1789416360000,2026-09-14T20:06:00.000Z,725.65,726.67,725.59,726.35,9.12,
1789416540000,2026-09-14T20:09:00.000Z,726.35,726.69,726.35,726.41,16.84,
1789416720000,2026-09-14T20:12:00.000Z,726.41,729.28,726.41,728.11,107.23,
1789416900000,2026-09-14T20:15:00.000Z,728.11,730.83,728.11,730.62,112.58,
1789417080000,2026-09-14T20:18:00.000Z,730.62,731.6,730.38,731.37,45.77,
1789417260000,2026-09-14T20:21:00.000Z,731.37,733.15,730.97,732.61,24.56,
1789417440000,2026-09-14T20:24:00.000Z,732.61,732.78,731.04,731.28,39.47,
1789417620000,2026-09-14T20:27:00.000Z,731.28,731.33,730.46,731.15,58.15,
1789417800000,2026-09-14T20:30:00.000Z,731.15,731.31,730.05,730.32,20.23,
1789417980000,2026-09-14T20:33:00.000Z,730.32,731.29,729.91,730.79,94.56,
1789418160000,2026-09-14T20:36:00.000Z,730.79,730.8,730,730.05,4.77,
1789418340000,2026-09-14T20:39:00.000Z,730.05,730.22,729.56,730.14,18.72,
1789418520000,2026-09-14T20:42:00.000Z,730.14,730.14,728.88,728.99,11.17,
1789418700000,2026-09-14T20:45:00.000Z,728.99,729.66,728.8,728.8,6.11,
1789418880000,2026-09-14T20:48:00.000Z,728.8,728.8,727.73,727.73,9.88,
1789419060000,2026-09-14T20:51:00.000Z,727.73,728.06,727.57,727.81,3.44,
1789419240000,2026-09-14T20:54:00.000Z,727.81,727.81,726.56,726.7,41.22,
1789419420000,2026-09-14T20:57:00.000Z,726.7,726.7,726.22,726.39,14.8,
1789419600000,2026-09-14T21:00:00.000Z,726.39,726.48,723.2,724.33,47.73,
1789419780000,2026-09-14T21:03:00.000Z,724.33,725.14,724.04,724.91,11.12,
1789419960000,2026-09-14T21:06:00.000Z,724.91,725.6,724.74,725.51,47.41,
1789420140000,2026-09-14T21:09:00.000Z,725.51,725.51,724.29,724.52,86.88,
1789420320000,2026-09-14T21:12:00.000Z,724.52,724.57,723.4,723.46,16.01,
1789420500000,2026-09-14T21:15:00.000Z,723.46,724.02,723.17,723.71,27.57,
1789420680000,2026-09-14T21:18:00.000Z,723.71,725.02,723.66,724.78,14,
1789420860000,2026-09-14T21:21:00.000Z,724.78,724.78,724.4,724.54,1.4,
1789421040000,2026-09-14T21:24:00.000Z,724.54,724.54,723.86,723.89,3.93,
1789421220000,2026-09-14T21:27:00.000Z,723.89,724.15,723.74,723.74,3,
1789421400000,2026-09-14T21:30:00.000Z,723.74,724.17,723.74,723.94,4.57,
1789421580000,2026-09-14T21:33:00.000Z,723.94,723.94,723.45,723.45,3.81,
1789421760000,2026-09-14T21:36:00.000Z,723.45,723.45,722.66,722.9,16.37,
1789421940000,2026-09-14T21:39:00.000Z,722.9,723.72,722.9,723.42,54.86,
1789422120000,2026-09-14T21:42:00.000Z,723.42,723.52,723.42,723.48,4.61,
1789422300000,2026-09-14T21:45:00.000Z,723.48,723.5,723.15,723.15,1.05,
1789422480000,2026-09-14T21:48:00.000Z,723.15,723.42,722.92,723.42,4.68,
1789422660000,2026-09-14T21:51:00.000Z,723.42,723.5,723,723,1.43,
1789422840000,2026-09-14T21:54:00.000Z,723,723.16,723,723.16,0.03,
1789423020000,2026-09-14T21:57:00.000Z,723.16,723.16,723,723,0.02,
1789423200000,2026-09-14T22:00:00.000Z,723,723.23,722.27,722.67,14.46,
1789423380000,2026-09-14T22:03:00.000Z,722.67,722.89,722.17,722.89,2.04,
1789423560000,2026-09-14T22:06:00.000Z,722.89,723.32,722.32,723.21,0.71,
1789423740000,2026-09-14T22:09:00.000Z,723.21,723.89,723.21,723.77,31.73,
1789423920000,2026-09-14T22:12:00.000Z,723.77,724.2,723.67,723.82,3.45,
1789424100000,2026-09-14T22:15:00.000Z,723.82,724,723.79,723.79,1.47,
1789424280000,2026-09-14T22:18:00.000Z,723.79,723.79,722.57,722.57,24.44,
1789424460000,2026-09-14T22:21:00.000Z,722.57,722.67,722.29,722.51,1.78,
1789424640000,2026-09-14T22:24:00.000Z,722.51,723,722.25,722.77,12.4,
1789424820000,2026-09-14T22:27:00.000Z,722.77,722.84,722.3,722.84,26.92,
1789425000000,2026-09-14T22:30:00.000Z,722.84,723.04,722.22,722.22,32.71,
1789425180000,2026-09-14T22:33:00.000Z,722.22,722.54,721.78,722.54,32.67,
1789425360000,2026-09-14T22:36:00.000Z,722.54,723.3,722.54,723.17,4.49,
1789425540000,2026-09-14T22:39:00.000Z,723.17,723.44,722.97,723.04,7.99,
1789425720000,2026-09-14T22:42:00.000Z,723.04,723.52,723.04,723.5,2.79,
1789425900000,2026-09-14T22:45:00.000Z,723.5,723.5,722.74,723,9.08,
1789426080000,2026-09-14T22:48:00.000Z,723,723.35,716.41,721.31,2549.04,
1789426260000,2026-09-14T22:51:00.000Z,721.31,723.16,721.17,721.68,525.84,
1789426440000,2026-09-14T22:54:00.000Z,721.68,722.22,721.68,722.06,11.59,
1789426620000,2026-09-14T22:57:00.000Z,722.06,722.13,721.92,721.96,44.03,
1789426800000,2026-09-14T23:00:00.000Z,721.96,722.09,719.83,720.12,335.68,
1789426980000,2026-09-14T23:03:00.000Z,720.12,720.14,719.38,719.54,19.99,
1789427160000,2026-09-14T23:06:00.000Z,719.54,720.01,719.1,720.01,55.67,
1789427340000,2026-09-14T23:09:00.000Z,720.01,720.56,719.88,720.51,7.25,
1789427520000,2026-09-14T23:12:00.000Z,720.51,720.75,720.51,720.68,7.09,
1789427700000,2026-09-14T23:15:00.000Z,720.68,721.44,720.68,721.03,100.99,
1789427880000,2026-09-14T23:18:00.000Z,721.03,721.3,720.91,720.91,4.13,
1789428060000,2026-09-14T23:21:00.000Z,720.91,721.21,720.77,721.21,4.32,
1789428240000,2026-09-14T23:24:00.000Z,721.21,721.99,721.21,721.93,21.53,
1789428420000,2026-09-14T23:27:00.000Z,721.93,721.93,721.23,721.35,7.21,
1789428600000,2026-09-14T23:30:00.000Z,721.35,721.35,720.87,720.95,17.88,
1789428780000,2026-09-14T23:33:00.000Z,720.95,720.95,720.48,720.48,1.73,
1789428960000,2026-09-14T23:36:00.000Z,720.48,720.54,720.2,720.54,1.04,
1789429140000,2026-09-14T23:39:00.000Z,720.54,721.07,720.54,720.81,2.44,
1789429320000,2026-09-14T23:42:00.000Z,720.81,720.96,720.81,720.96,0.2,
1789429500000,2026-09-14T23:45:00.000Z,720.96,720.96,720.38,720.5,2.54,
1789429680000,2026-09-14T23:48:00.000Z,720.5,720.53,720.28,720.52,6.58,
1789429860000,2026-09-14T23:51:00.000Z,720.52,720.52,718.54,719.83,522.19,
1789430040000,2026-09-14T23:54:00.000Z,719.83,719.9,719.73,719.73,4.04,
1789430220000,2026-09-14T23:57:00.000Z,719.73,719.94,719.59,719.94,34.01,
1789430400000,2026-09-15T00:00:00.000Z,719.94,719.94,719.53,719.77,26.12,
1789430580000,2026-09-15T00:03:00.000Z,719.77,719.83,719.19,719.33,5.48,
1789430760000,2026-09-15T00:06:00.000Z,719.33,719.49,719.08,719.49,2.27,
1789430940000,2026-09-15T00:09:00.000Z,719.49,719.83,719.27,719.27,2.11,
1789431120000,2026-09-15T00:12:00.000Z,719.27,719.5,718.49,718.57,213.1,
1789431300000,2026-09-15T00:15:00.000Z,718.57,718.88,718.56,718.85,5.8,
1789431480000,2026-09-15T00:18:00.000Z,718.85,718.87,718.7,718.7,5.8,
1789431660000,2026-09-15T00:21:00.000Z,718.7,719.3,718.52,719.08,9.61,
1789431840000,2026-09-15T00:24:00.000Z,719.08,719.08,718.54,719.06,13.92,
1789432020000,2026-09-15T00:27:00.000Z,719.06,719.06,718.56,718.84,6.09,
1789432200000,2026-09-15T00:30:00.000Z,718.84,718.84,718.4,718.4,21.4,
1789432380000,2026-09-15T00:33:00.000Z,718.4,718.59,718.11,718.59,2.3,
1789432560000,2026-09-15T00:36:00.000Z,718.59,718.81,718.1,718.31,10.34,
1789432740000,2026-09-15T00:39:00.000Z,718.31,718.45,718.14,718.45,0.74,
1789432920000,2026-09-15T00:42:00.000Z,718.45,718.63,718.01,718.48,4.17,
1789433100000,2026-09-15T00:45:00.000Z,718.48,718.68,718.48,718.62,0.02,
1789433280000,2026-09-15T00:48:00.000Z,718.62,718.62,718.08,718.43,0.87,
1789433460000,2026-09-15T00:51:00.000Z,718.43,718.79,718.38,718.79,8.33,
1789433640000,2026-09-15T00:54:00.000Z,718.79,718.79,718.34,718.46,3.41,
1789433820000,2026-09-15T00:57:00.000Z,718.46,718.56,718.14,718.56,5.65,
1789434000000,2026-09-15T01:00:00.000Z,718.56,718.6,718,718.14,1.14,
1789434180000,2026-09-15T01:03:00.000Z,718.14,718.43,718.14,718.21,0.74,
1789434360000,2026-09-15T01:06:00.000Z,718.21,718.27,717.82,717.82,2.81,
1789434540000,2026-09-15T01:09:00.000Z,717.82,718.23,717.33,718.17,104.15,
1789434720000,2026-09-15T01:12:00.000Z,718.17,718.97,718.17,718.73,35.84,
1789434900000,2026-09-15T01:15:00.000Z,718.73,719.16,718.49,719.06,5.94,
1789435080000,2026-09-15T01:18:00.000Z,719.06,719.06,718.73,718.99,7.52,
1789435260000,2026-09-15T01:21:00.000Z,718.99,720.24,718.99,720.13,92.07,
1789435440000,2026-09-15T01:24:00.000Z,720.13,720.4,719.87,719.88,30.71,
1789435620000,2026-09-15T01:27:00.000Z,719.88,719.88,718.47,718.6,36.75,
1789435800000,2026-09-15T01:30:00.000Z,718.6,719.76,718.38,719.76,68.88,
1789435980000,2026-09-15T01:33:00.000Z,719.76,719.76,718.88,719.14,21.86,
1789436160000,2026-09-15T01:36:00.000Z,719.14,719.31,719.14,719.16,1.52,
1789436340000,2026-09-15T01:39:00.000Z,719.16,719.62,719.16,719.39,4.05,
1789436520000,2026-09-15T01:42:00.000Z,719.39,719.81,719.39,719.79,16.17,
1789436700000,2026-09-15T01:45:00.000Z,719.79,720.04,719.16,719.96,25.06,
1789436880000,2026-09-15T01:48:00.000Z,719.96,720.67,719.96,720.17,444.9,
1789437060000,2026-09-15T01:51:00.000Z,720.17,720.18,719.81,719.93,65.59,
1789437240000,2026-09-15T01:54:00.000Z,719.93,720.09,719.74,720.09,33.33,
1789437420000,2026-09-15T01:57:00.000Z,720.09,720.09,719.49,719.58,5.17,
1789437600000,2026-09-15T02:00:00.000Z,719.58,720,719.49,720,34.21,
1789437780000,2026-09-15T02:03:00.000Z,720,720.19,719.91,720.08,20.26,
1789437960000,2026-09-15T02:06:00.000Z,720.08,720.08,719.32,719.43,12.88,
1789438140000,2026-09-15T02:09:00.000Z,719.43,719.86,719.43,719.86,1.11,
1789438320000,2026-09-15T02:12:00.000Z,719.86,720.33,719.82,719.83,9.58,
1789438500000,2026-09-15T02:15:00.000Z,719.83,720.37,719.67,720.37,21.29,
1789438680000,2026-09-15T02:18:00.000Z,720.37,720.46,720.05,720.05,5.82,
1789438860000,2026-09-15T02:21:00.000Z,720.05,720.44,720.05,720.44,28.12,
1789439040000,2026-09-15T02:24:00.000Z,720.44,720.78,720.44,720.51,19.89,
1789439220000,2026-09-15T02:27:00.000Z,720.51,720.51,719.81,719.9,7.4,
1789439400000,2026-09-15T02:30:00.000Z,719.9,719.97,719.58,719.58,53.59,
1789439580000,2026-09-15T02:33:00.000Z,719.58,719.95,719.58,719.82,36.06,
1789439760000,2026-09-15T02:36:00.000Z,719.82,719.86,719.24,719.47,26.79,
1789439940000,2026-09-15T02:39:00.000Z,719.47,719.79,719.47,719.48,11.59,
1789440120000,2026-09-15T02:42:00.000Z,719.48,719.98,719.48,719.98,9.39,
1789440300000,2026-09-15T02:45:00.000Z,719.98,720.01,719.73,719.73,2.11,
1789440480000,2026-09-15T02:48:00.000Z,719.73,719.93,719.66,719.74,12.94,
1789440660000,2026-09-15T02:51:00.000Z,719.74,721.47,719.67,721.19,209.4,
1789440840000,2026-09-15T02:54:00.000Z,721.19,721.72,721.14,721.65,130.4,
1789441020000,2026-09-15T02:57:00.000Z,721.65,721.78,721.31,721.31,5.91,
1789441200000,2026-09-15T03:00:00.000Z,721.31,721.31,719.92,720.27,198.09,
1789441380000,2026-09-15T03:03:00.000Z,720.27,720.43,719.97,720.37,23.78,
1789441560000,2026-09-15T03:06:00.000Z,720.37,720.73,720.22,720.46,79.73,
1789441740000,2026-09-15T03:09:00.000Z,720.46,720.46,718.84,718.93,19.41,
1789441920000,2026-09-15T03:12:00.000Z,718.93,719.09,718.81,718.83,13.13,
1789442100000,2026-09-15T03:15:00.000Z,718.83,719.06,718.6,719,9.04,
1789442280000,2026-09-15T03:18:00.000Z,719,719.8,719,719.8,27.75,
1789442460000,2026-09-15T03:21:00.000Z,719.8,720.73,719.8,720.73,1.13,
1789442640000,2026-09-15T03:24:00.000Z,720.73,721.1,720.52,720.9,24.44,
1789442820000,2026-09-15T03:27:00.000Z,720.9,720.9,720.63,720.63,17.99,
1789443000000,2026-09-15T03:30:00.000Z,720.63,721.33,720.63,721.33,3.41,
1789443180000,2026-09-15T03:33:00.000Z,721.33,721.68,721.26,721.68,31.82,
1789443360000,2026-09-15T03:36:00.000Z,721.68,721.77,721.42,721.42,12.98,
1789443540000,2026-09-15T03:39:00.000Z,721.42,721.64,721.42,721.49,0.19,
1789443720000,2026-09-15T03:42:00.000Z,721.49,721.75,721.49,721.67,7.3,
1789443900000,2026-09-15T03:45:00.000Z,721.67,721.82,721.46,721.5,10.25,
1789444080000,2026-09-15T03:48:00.000Z,721.5,721.5,720.98,720.98,39.83,
1789444260000,2026-09-15T03:51:00.000Z,720.98,721.45,720.98,721.04,26.39,
1789444440000,2026-09-15T03:54:00.000Z,721.04,721.04,720.24,720.29,19.54,
1789444620000,2026-09-15T03:57:00.000Z,720.29,720.7,720.29,720.69,2.87,
1789444800000,2026-09-15T04:00:00.000Z,720.69,720.69,720.25,720.42,5.47,
1789444980000,2026-09-15T04:03:00.000Z,720.42,720.93,720.2,720.93,0.9,
1789445160000,2026-09-15T04:06:00.000Z,720.93,720.99,720.18,720.56,58.04,
1789445340000,2026-09-15T04:09:00.000Z,720.56,720.66,720.3,720.49,0.2,
1789445520000,2026-09-15T04:12:00.000Z,720.49,720.49,720.16,720.2,2.08,
1789445700000,2026-09-15T04:15:00.000Z,720.2,720.28,720.01,720.27,8.08,
1789445880000,2026-09-15T04:18:00.000Z,720.27,720.75,720.27,720.75,4.22,
1789446060000,2026-09-15T04:21:00.000Z,720.75,721.07,720.75,720.87,5.13,
1789446240000,2026-09-15T04:24:00.000Z,720.87,720.87,719.74,719.74,5.04,
1789446420000,2026-09-15T04:27:00.000Z,719.74,719.99,719.38,719.56,58.35,
1789446600000,2026-09-15T04:30:00.000Z,719.56,719.78,719.56,719.75,0.45,
1789446780000,2026-09-15T04:33:00.000Z,719.75,720.16,719.42,720.04,38.28,
1789446960000,2026-09-15T04:36:00.000Z,720.04,720.09,719.54,719.71,43.34,
1789447140000,2026-09-15T04:39:00.000Z,719.71,719.9,719.37,719.9,63.02,
1789447320000,2026-09-15T04:42:00.000Z,719.9,720.2,719.9,720.2,3.34,
1789447500000,2026-09-15T04:45:00.000Z,720.2,720.33,719.87,720.33,27.24,
1789447680000,2026-09-15T04:48:00.000Z,720.33,720.43,720.23,720.23,3.02,
1789447860000,2026-09-15T04:51:00.000Z,720.23,720.23,720.19,720.2,10.8,
1789448040000,2026-09-15T04:54:00.000Z,720.2,720.26,720.19,720.19,0.13,
1789448220000,2026-09-15T04:57:00.000Z,720.19,720.19,719.97,719.99,0.12,
1789448400000,2026-09-15T05:00:00.000Z,719.99,720.46,719.68,720.46,57.18,
1789448580000,2026-09-15T05:03:00.000Z,720.46,720.74,720.45,720.74,4.13,
1789448760000,2026-09-15T05:06:00.000Z,720.74,720.74,720.45,720.58,7.37,
1789448940000,2026-09-15T05:09:00.000Z,720.58,720.58,719,719.58,18.97,
1789449120000,2026-09-15T05:12:00.000Z,719.58,719.58,717.99,718.62,13.68,
1789449300000,2026-09-15T05:15:00.000Z,718.62,718.88,718.02,718.02,10.07,
1789449480000,2026-09-15T05:18:00.000Z,718.02,718.9,717.9,718.9,46.09,
1789449660000,2026-09-15T05:21:00.000Z,718.9,719.24,718.37,718.42,89.27,
1789449840000,2026-09-15T05:24:00.000Z,718.42,718.6,718.42,718.55,25.44,
1789450020000,2026-09-15T05:27:00.000Z,718.55,718.99,718.55,718.99,0.53,
1789450200000,2026-09-15T05:30:00.000Z,718.99,719.33,718.99,719.13,0.34,
1789450380000,2026-09-15T05:33:00.000Z,719.13,719.34,719.07,719.3,17.96,
1789450560000,2026-09-15T05:36:00.000Z,719.3,719.3,718.91,718.94,3.7,
1789450740000,2026-09-15T05:39:00.000Z,718.94,719.83,718.94,719.79,12.98,
1789450920000,2026-09-15T05:42:00.000Z,719.79,719.91,719.77,719.82,4.64,
1789451100000,2026-09-15T05:45:00.000Z,719.82,720.05,719.8,720.05,34.84,
1789451280000,2026-09-15T05:48:00.000Z,720.05,720.56,720.05,720.56,3.47,
1789451460000,2026-09-15T05:51:00.000Z,720.56,721.18,720.56,721.18,9.12,
1789451640000,2026-09-15T05:54:00.000Z,721.18,721.54,721.15,721.54,21.03,
1789451820000,2026-09-15T05:57:00.000Z,721.54,721.73,721.19,721.22,74.84,
1789452000000,2026-09-15T06:00:00.000Z,721.22,722.07,721.06,722.07,48.8,
1789452180000,2026-09-15T06:03:00.000Z,722.07,723.08,722.07,722.65,55.15,
1789452360000,2026-09-15T06:06:00.000Z,722.65,722.72,722.17,722.17,14.92,
1789452540000,2026-09-15T06:09:00.000Z,722.17,722.27,721.38,721.38,42.85,
1789452720000,2026-09-15T06:12:00.000Z,721.38,721.6,721.31,721.35,2.85,
1789452900000,2026-09-15T06:15:00.000Z,721.35,721.35,721.01,721.33,15.2,
1789453080000,2026-09-15T06:18:00.000Z,721.33,721.33,720.67,720.67,3.06,
1789453260000,2026-09-15T06:21:00.000Z,720.67,720.67,719.85,719.92,93.58,
1789453440000,2026-09-15T06:24:00.000Z,719.92,719.92,719.33,719.33,4.78,
1789453620000,2026-09-15T06:27:00.000Z,719.33,719.33,718.8,718.92,80.12,
1789453800000,2026-09-15T06:30:00.000Z,718.92,719.23,718.78,719,29.36,
1789453980000,2026-09-15T06:33:00.000Z,719,719,718.46,718.99,5.38,
1789454160000,2026-09-15T06:36:00.000Z,718.99,718.99,718.78,718.78,14.32,
1789454340000,2026-09-15T06:39:00.000Z,718.78,718.78,718.01,718.62,50.47,
1789454520000,2026-09-15T06:42:00.000Z,718.62,718.78,718.53,718.73,24.69,
1789454700000,2026-09-15T06:45:00.000Z,718.73,718.81,718.46,718.67,24.47,
1789454880000,2026-09-15T06:48:00.000Z,718.67,718.67,717.87,717.9,15.26,
1789455060000,2026-09-15T06:51:00.000Z,717.9,717.9,717.13,717.17,98.78,
1789455240000,2026-09-15T06:54:00.000Z,717.17,717.54,717,717.23,122.86,
1789455420000,2026-09-15T06:57:00.000Z,717.23,717.9,717.23,717.9,11.04,
1789455600000,2026-09-15T07:00:00.000Z,717.9,718.48,717.37,717.37,59.64,
1789455780000,2026-09-15T07:03:00.000Z,717.37,718.53,717.37,718.17,6.72,
1789455960000,2026-09-15T07:06:00.000Z,718.17,718.17,716.91,716.92,18.21,
1789456140000,2026-09-15T07:09:00.000Z,716.92,717.32,716.89,717.03,86.67,
1789456320000,2026-09-15T07:12:00.000Z,717.03,717.45,716.75,717.01,29.43,
1789456500000,2026-09-15T07:15:00.000Z,717.01,717.36,716.88,717.02,21.37,
1789456680000,2026-09-15T07:18:00.000Z,717.02,717.69,717.02,717.61,25.59,
1789456860000,2026-09-15T07:21:00.000Z,717.61,717.71,717.23,717.7,33.51,
1789457040000,2026-09-15T07:24:00.000Z,717.7,717.7,717.57,717.58,12.71,
1789457220000,2026-09-15T07:27:00.000Z,717.58,717.58,717.31,717.46,15.12,
1789457400000,2026-09-15T07:30:00.000Z,717.46,717.46,717.25,717.25,0.74,
1789457580000,2026-09-15T07:33:00.000Z,717.25,717.25,715.61,716.35,62.62,
1789457760000,2026-09-15T07:36:00.000Z,716.35,716.84,716.26,716.4,59.13,
1789457940000,2026-09-15T07:39:00.000Z,716.4,716.71,715.98,715.98,17.08,
1789458120000,2026-09-15T07:42:00.000Z,715.98,716.31,715.56,715.56,3.74,
1789458300000,2026-09-15T07:45:00.000Z,715.56,716.16,715.55,716.03,10.34,
1789458480000,2026-09-15T07:48:00.000Z,716.03,716.03,714.92,714.92,78.2,
1789458660000,2026-09-15T07:51:00.000Z,714.92,714.92,714.37,714.53,42.63,
1789458840000,2026-09-15T07:54:00.000Z,714.53,714.7,714.26,714.46,19.56,
1789459020000,2026-09-15T07:57:00.000Z,714.46,714.57,714.36,714.57,32.37,
1789459200000,2026-09-15T08:00:00.000Z,714.57,714.63,713.79,714.1,101.87,
1789459380000,2026-09-15T08:03:00.000Z,714.1,714.47,713.78,714.29,55.12,
1789459560000,2026-09-15T08:06:00.000Z,714.29,714.63,713.45,713.64,152.24,
1789459740000,2026-09-15T08:09:00.000Z,713.64,714.52,713.64,714.35,82.7,
1789459920000,2026-09-15T08:12:00.000Z,714.35,714.93,714.24,714.86,215.7,
1789460100000,2026-09-15T08:15:00.000Z,714.86,715.27,714.12,714.19,44.48,
1789460280000,2026-09-15T08:18:00.000Z,714.19,715.58,714.19,715.29,92.13,
1789460460000,2026-09-15T08:21:00.000Z,715.29,715.51,714.96,715.47,9.46,
1789460640000,2026-09-15T08:24:00.000Z,715.47,715.95,715.17,715.93,49.37,
1789460820000,2026-09-15T08:27:00.000Z,715.93,715.93,715.44,715.61,28.02,
1789461000000,2026-09-15T08:30:00.000Z,715.61,715.89,715.4,715.64,24.79,
1789461180000,2026-09-15T08:33:00.000Z,715.64,715.81,715.64,715.81,0.56,
1789461360000,2026-09-15T08:36:00.000Z,715.81,716,715.81,715.9,0.22,
1789461540000,2026-09-15T08:39:00.000Z,715.9,715.92,715.01,715.56,47.98,
1789461720000,2026-09-15T08:42:00.000Z,715.56,715.9,715.56,715.84,15.59,
1789461900000,2026-09-15T08:45:00.000Z,715.84,716.15,715.84,716.15,15.31,
1789462080000,2026-09-15T08:48:00.000Z,716.15,716.39,715.94,716.22,26.37,
1789462260000,2026-09-15T08:51:00.000Z,716.22,716.39,716.07,716.39,3.15,
1789462440000,2026-09-15T08:54:00.000Z,716.39,716.47,716.35,716.47,32.63,
1789462620000,2026-09-15T08:57:00.000Z,716.47,716.99,716.47,716.99,1.97,
1789462800000,2026-09-15T09:00:00.000Z,716.99,716.99,716.4,716.42,12.59,
1789462980000,2026-09-15T09:03:00.000Z,716.42,716.66,716.42,716.64,7.74,
1789463160000,2026-09-15T09:06:00.000Z,716.64,716.64,716.28,716.37,0.3,
1789463340000,2026-09-15T09:09:00.000Z,716.37,716.45,716.33,716.33,0.05,
1789463520000,2026-09-15T09:12:00.000Z,716.33,716.4,716.26,716.32,17.09,
1789463700000,2026-09-15T09:15:00.000Z,716.32,716.48,716.32,716.38,0.24,
1789463880000,2026-09-15T09:18:00.000Z,716.38,716.4,716.31,716.31,2.58,
1789464060000,2026-09-15T09:21:00.000Z,716.31,716.84,716.31,716.7,20.06,
1789464240000,2026-09-15T09:24:00.000Z,716.7,716.7,716.36,716.39,16.59,
1789464420000,2026-09-15T09:27:00.000Z,716.39,716.53,716.13,716.53,4.59,
1789464600000,2026-09-15T09:30:00.000Z,716.53,716.53,716.14,716.21,7.79,
1789464780000,2026-09-15T09:33:00.000Z,716.21,716.79,715.95,716.79,11.28,
1789464960000,2026-09-15T09:36:00.000Z,716.79,716.94,716.33,716.61,29.77,
1789465140000,2026-09-15T09:39:00.000Z,716.61,716.85,716.61,716.77,5.09,
1789465320000,2026-09-15T09:42:00.000Z,716.77,716.96,716.53,716.9,24.04,
1789465500000,2026-09-15T09:45:00.000Z,716.9,717.35,716.9,717.35,30.61,
1789465680000,2026-09-15T09:48:00.000Z,717.35,718.11,717.35,717.71,149.47,
1789465860000,2026-09-15T09:51:00.000Z,717.71,717.82,717.57,717.81,18.03,
1789466040000,2026-09-15T09:54:00.000Z,717.81,717.91,717.46,717.66,14.1,
1789466220000,2026-09-15T09:57:00.000Z,717.66,717.72,717.04,717.14,99.56,
1789466400000,2026-09-15T10:00:00.000Z,717.14,717.38,716.86,716.95,77.07,
1789466580000,2026-09-15T10:03:00.000Z,716.95,717.68,716.91,717.17,17.48,
1789466760000,2026-09-15T10:06:00.000Z,717.17,717.84,717.15,717.84,0.75,
1789466940000,2026-09-15T10:09:00.000Z,717.84,717.98,717.63,717.94,17.44,
1789467120000,2026-09-15T10:12:00.000Z,717.94,717.98,717.73,717.73,1.51,
1789467300000,2026-09-15T10:15:00.000Z,717.73,718.17,717.69,718.17,6.62,
1789467480000,2026-09-15T10:18:00.000Z,718.17,718.3,717.72,717.72,35.96,
1789467660000,2026-09-15T10:21:00.000Z,717.72,718.33,717.43,718.33,72.07,
1789467840000,2026-09-15T10:24:00.000Z,718.33,718.67,718.28,718.62,5.07,
1789468020000,2026-09-15T10:27:00.000Z,718.62,718.62,717.47,717.6,5.09,
1789468200000,2026-09-15T10:30:00.000Z,717.6,717.71,717.29,717.71,3.69,
1789468380000,2026-09-15T10:33:00.000Z,717.71,718.01,717.66,717.77,17.54,
1789468560000,2026-09-15T10:36:00.000Z,717.77,717.84,717.35,717.43,11.76,
1789468740000,2026-09-15T10:39:00.000Z,717.43,718.16,717.43,718.16,0.5,
1789468920000,2026-09-15T10:42:00.000Z,718.16,718.94,718.15,718.85,68.97,
1789469100000,2026-09-15T10:45:00.000Z,718.85,718.93,718.63,718.84,13.39,
1789469280000,2026-09-15T10:48:00.000Z,718.84,719.12,718.81,719.01,3.09,
1789469460000,2026-09-15T10:51:00.000Z,719.01,719.46,718.94,718.96,41.18,
1789469640000,2026-09-15T10:54:00.000Z,718.96,719.49,718.93,719.32,28,
1789469820000,2026-09-15T10:57:00.000Z,719.32,719.77,718.75,718.76,71.83,
1789470000000,2026-09-15T11:00:00.000Z,718.76,719.31,718.76,719.15,16.23,
1789470180000,2026-09-15T11:03:00.000Z,719.15,719.15,718.82,719.04,9.16,
1789470360000,2026-09-15T11:06:00.000Z,719.04,719.49,719.04,719.49,5.21,
1789470540000,2026-09-15T11:09:00.000Z,719.49,719.77,719.49,719.59,4.63,
1789470720000,2026-09-15T11:12:00.000Z,719.59,719.59,718.54,718.6,18.92,
1789470900000,2026-09-15T11:15:00.000Z,718.6,718.91,718.41,718.91,9.39,
1789471080000,2026-09-15T11:18:00.000Z,718.91,718.91,718.41,718.48,13.97,
1789471260000,2026-09-15T11:21:00.000Z,718.48,718.48,717.59,717.59,1.88,
1789471440000,2026-09-15T11:24:00.000Z,717.59,717.62,717.44,717.55,7.05,
1789471620000,2026-09-15T11:27:00.000Z,717.55,717.58,717.48,717.54,13.17,
1789471800000,2026-09-15T11:30:00.000Z,717.54,717.54,717.32,717.32,2.4,
1789471980000,2026-09-15T11:33:00.000Z,717.32,717.63,717.11,717.62,14.34,
1789472160000,2026-09-15T11:36:00.000Z,717.62,717.62,717.37,717.37,57.46,
1789472340000,2026-09-15T11:39:00.000Z,717.37,717.55,716.92,717.21,36.25,
1789472520000,2026-09-15T11:42:00.000Z,717.21,717.38,717.16,717.32,5.45,
1789472700000,2026-09-15T11:45:00.000Z,717.32,717.38,717.21,717.25,9.84,
1789472880000,2026-09-15T11:48:00.000Z,717.25,717.3,717.08,717.26,66.05,
1789473060000,2026-09-15T11:51:00.000Z,717.26,717.94,717.26,717.94,10.61,
1789473240000,2026-09-15T11:54:00.000Z,717.94,718,717.81,718,0.18,
1789473420000,2026-09-15T11:57:00.000Z,718,718.36,717.99,718.36,1.4,
1789473600000,2026-09-15T12:00:00.000Z,718.36,718.85,718.28,718.29,9.41,
1789473780000,2026-09-15T12:03:00.000Z,718.29,718.65,718.18,718.23,19.27,
1789473960000,2026-09-15T12:06:00.000Z,718.23,718.28,717.71,717.71,60.01,
1789474140000,2026-09-15T12:09:00.000Z,717.71,718.2,717.49,718.2,55.43,
1789474320000,2026-09-15T12:12:00.000Z,718.2,718.44,717.79,717.79,1.96,
1789474500000,2026-09-15T12:15:00.000Z,717.79,718.57,717.5,718.57,14.64,
1789474680000,2026-09-15T12:18:00.000Z,718.57,718.57,717.94,717.94,12.4,
1789474860000,2026-09-15T12:21:00.000Z,717.94,718.3,717.94,718.08,34.55,
1789475040000,2026-09-15T12:24:00.000Z,718.08,718.55,718.08,718.55,4.24,
1789475220000,2026-09-15T12:27:00.000Z,718.55,718.78,718.19,718.37,9.91,
1789475400000,2026-09-15T12:30:00.000Z,718.37,718.48,717.76,717.76,4.54,
1789475580000,2026-09-15T12:33:00.000Z,717.76,718.31,717.63,718.22,60.09,
1789475760000,2026-09-15T12:36:00.000Z,718.22,718.55,718.22,718.26,12.25,
1789475940000,2026-09-15T12:39:00.000Z,718.26,718.48,718.22,718.27,5.77,
1789476120000,2026-09-15T12:42:00.000Z,718.27,718.52,718.25,718.52,5.93,
1789476300000,2026-09-15T12:45:00.000Z,718.52,718.52,718.21,718.26,0.41,
1789476480000,2026-09-15T12:48:00.000Z,718.26,719.57,718.26,719.51,68.94,
1789476660000,2026-09-15T12:51:00.000Z,719.51,720,719.49,720,72.16,
1789476840000,2026-09-15T12:54:00.000Z,720,720.95,720,720.6,71.87,
1789477020000,2026-09-15T12:57:00.000Z,720.6,720.6,719.44,719.76,8.36,
1789477200000,2026-09-15T13:00:00.000Z,719.76,720.25,719.73,720.07,8,
1789477380000,2026-09-15T13:03:00.000Z,720.07,721.49,720.07,721.49,16.79,
1789477560000,2026-09-15T13:06:00.000Z,721.49,721.74,720.57,720.57,242,
1789477740000,2026-09-15T13:09:00.000Z,720.57,720.76,720.57,720.71,30.99,
1789477920000,2026-09-15T13:12:00.000Z,720.71,720.71,719.65,720.02,37.78,
1789478100000,2026-09-15T13:15:00.000Z,720.02,720.42,719.86,720.39,3.86,
1789478280000,2026-09-15T13:18:00.000Z,720.39,720.39,719.67,720.19,3.19,
1789478460000,2026-09-15T13:21:00.000Z,720.19,720.19,719.96,720.02,0.8,
1789478640000,2026-09-15T13:24:00.000Z,720.02,720.09,719.72,719.82,14.81,
1789478820000,2026-09-15T13:27:00.000Z,719.82,720.54,719.82,720.54,20.75,
1789479000000,2026-09-15T13:30:00.000Z,720.54,720.54,718.88,718.9,23.53,
1789479180000,2026-09-15T13:33:00.000Z,718.9,719.15,717.26,718.17,110.7,
1789479360000,2026-09-15T13:36:00.000Z,718.17,718.25,716,716.26,90.49,
1789479540000,2026-09-15T13:39:00.000Z,716.26,717.78,714.47,717.34,112.2,
1789479720000,2026-09-15T13:42:00.000Z,717.34,717.78,716.05,717.6,66.53,
1789479900000,2026-09-15T13:45:00.000Z,717.6,717.92,716.96,717.16,17.29,
1789480080000,2026-09-15T13:48:00.000Z,717.16,717.57,716.53,716.59,22.41,
1789480260000,2026-09-15T13:51:00.000Z,716.59,716.92,716.03,716.92,11.82,
1789480440000,2026-09-15T13:54:00.000Z,716.92,718,716.5,718,100.72,
1789480620000,2026-09-15T13:57:00.000Z,718,719.88,717.9,719.88,83.01,
1789480800000,2026-09-15T14:00:00.000Z,719.88,720.93,719.28,719.38,70.34,
1789480980000,2026-09-15T14:03:00.000Z,719.38,720.69,718.47,718.73,34.95,
1789481160000,2026-09-15T14:06:00.000Z,718.73,719.23,718.73,719.13,6.06,
1789481340000,2026-09-15T14:09:00.000Z,719.13,720.6,719.13,719.66,11.63,
1789481520000,2026-09-15T14:12:00.000Z,719.66,719.7,719.35,719.35,2.71,
1789481700000,2026-09-15T14:15:00.000Z,719.35,720.05,718.55,718.94,35.46,
1789481880000,2026-09-15T14:18:00.000Z,718.94,719.42,718.51,719.1,15.56,
1789482060000,2026-09-15T14:21:00.000Z,719.1,719.49,717.81,718.01,67.52,
1789482240000,2026-09-15T14:24:00.000Z,718.01,718.63,718.01,718.33,5.85,
1789482420000,2026-09-15T14:27:00.000Z,718.33,718.72,718.31,718.49,1.35,
1789482600000,2026-09-15T14:30:00.000Z,718.49,718.49,717.3,717.56,8.25,
1789482780000,2026-09-15T14:33:00.000Z,717.56,717.94,716.16,717.06,46.63,
1789482960000,2026-09-15T14:36:00.000Z,717.06,717.09,715.87,716.09,67.56,
1789483140000,2026-09-15T14:39:00.000Z,716.09,716.27,714.01,714.42,316.01,
1789483320000,2026-09-15T14:42:00.000Z,714.42,715.94,714.3,715.55,71.52,
1789483500000,2026-09-15T14:45:00.000Z,715.55,715.72,714.03,714.11,42.21,
1789483680000,2026-09-15T14:48:00.000Z,714.11,714.62,712.68,712.89,255.9,
1789483860000,2026-09-15T14:51:00.000Z,712.89,713.32,710.62,712.78,395.33,
1789484040000,2026-09-15T14:54:00.000Z,712.78,714.38,712.78,713.55,147.19,
1789484220000,2026-09-15T14:57:00.000Z,713.55,715.2,713.41,714.97,69.2,
1789484400000,2026-09-15T15:00:00.000Z,714.97,716,714.28,715.61,49.65,
1789484580000,2026-09-15T15:03:00.000Z,715.61,717.25,715.61,716.56,90.25,
1789484760000,2026-09-15T15:06:00.000Z,716.56,717.51,716.56,716.81,33.35,
1789484940000,2026-09-15T15:09:00.000Z,716.81,717.01,716.6,716.88,31.84,
1789485120000,2026-09-15T15:12:00.000Z,716.88,716.96,716.61,716.88,39.09,
1789485300000,2026-09-15T15:15:00.000Z,716.88,717.65,716.56,717.65,19.5,
1789485480000,2026-09-15T15:18:00.000Z,717.65,717.78,717.02,717.1,15.06,
1789485660000,2026-09-15T15:21:00.000Z,717.1,717.18,716.69,717.03,3.59,
1789485840000,2026-09-15T15:24:00.000Z,717.03,719.23,717.03,718.71,35.87,
1789486020000,2026-09-15T15:27:00.000Z,718.71,718.98,718.36,718.36,24.54,
1789486200000,2026-09-15T15:30:00.000Z,718.36,718.47,717.29,717.46,10.43,
1789486380000,2026-09-15T15:33:00.000Z,717.46,718.52,717.23,718.35,6.6,
1789486560000,2026-09-15T15:36:00.000Z,718.35,719.01,717.99,718.34,28.03,
1789486740000,2026-09-15T15:39:00.000Z,718.34,718.93,718.31,718.64,10.07,
1789486920000,2026-09-15T15:42:00.000Z,718.64,719.04,718.6,718.66,6.81,
1789487100000,2026-09-15T15:45:00.000Z,718.66,718.67,717.94,718.03,1.76,
1789487280000,2026-09-15T15:48:00.000Z,718.03,718.88,717.82,718.88,18.64,
1789487460000,2026-09-15T15:51:00.000Z,718.88,718.88,718.4,718.62,0.19,
1789487640000,2026-09-15T15:54:00.000Z,718.62,718.94,717.88,718.43,10.02,
1789487820000,2026-09-15T15:57:00.000Z,718.43,718.61,718.23,718.24,8.95,
1789488000000,2026-09-15T16:00:00.000Z,718.24,718.24,717.6,717.99,58.34,
1789488180000,2026-09-15T16:03:00.000Z,717.99,717.99,717.22,717.22,0.64,
1789488360000,2026-09-15T16:06:00.000Z,717.22,717.4,716.58,716.68,20.52,
1789488540000,2026-09-15T16:09:00.000Z,716.68,716.7,716.28,716.67,5.6,
1789488720000,2026-09-15T16:12:00.000Z,716.67,716.67,715.8,715.8,9.45,
1789488900000,2026-09-15T16:15:00.000Z,715.8,716.63,715.78,716.63,0.58,
1789489080000,2026-09-15T16:18:00.000Z,716.63,717.4,716.63,717.4,2.24,
1789489260000,2026-09-15T16:21:00.000Z,717.4,718.63,717.4,718.62,66.16,
1789489440000,2026-09-15T16:24:00.000Z,718.62,718.86,718.32,718.6,109.55,
1789489620000,2026-09-15T16:27:00.000Z,718.6,719.23,718.6,719.09,5.13,
1789489800000,2026-09-15T16:30:00.000Z,719.09,719.32,718.71,718.71,13.76,
1789489980000,2026-09-15T16:33:00.000Z,718.71,718.71,718.21,718.44,6.94,
1789490160000,2026-09-15T16:36:00.000Z,718.44,718.79,718.44,718.79,1.99,
1789490340000,2026-09-15T16:39:00.000Z,718.79,718.79,718.13,718.25,60.28,
1789490520000,2026-09-15T16:42:00.000Z,718.25,718.25,717.73,717.94,3.69,
1789490700000,2026-09-15T16:45:00.000Z,717.94,718.96,717.94,718.96,5.51,
1789490880000,2026-09-15T16:48:00.000Z,718.96,719.42,718.82,719.42,6.77,
1789491060000,2026-09-15T16:51:00.000Z,719.42,720.24,719.42,719.63,12.87,
1789491240000,2026-09-15T16:54:00.000Z,719.63,720.24,719.62,719.63,9.83,
1789491420000,2026-09-15T16:57:00.000Z,719.63,719.63,718.82,719.04,27.29,
1789491600000,2026-09-15T17:00:00.000Z,719.04,719.04,718.55,718.55,3.22,
1789491780000,2026-09-15T17:03:00.000Z,718.55,718.55,717.6,717.87,34.73,
1789491960000,2026-09-15T17:06:00.000Z,717.87,717.87,716.92,717.01,1.5,
1789492140000,2026-09-15T17:09:00.000Z,717.01,717.4,716.96,717.27,0.25,
1789492320000,2026-09-15T17:12:00.000Z,717.27,717.7,717.12,717.66,2.85,
1789492500000,2026-09-15T17:15:00.000Z,717.66,717.81,717.39,717.8,6.1,
1789492680000,2026-09-15T17:18:00.000Z,717.8,718.39,717.71,718.39,1.62,
1789492860000,2026-09-15T17:21:00.000Z,718.39,718.89,718.21,718.88,79.27,
1789493040000,2026-09-15T17:24:00.000Z,718.88,719.47,718.82,719.47,2.18,
1789493220000,2026-09-15T17:27:00.000Z,719.47,720.19,719.47,720.07,26.59,
1789493400000,2026-09-15T17:30:00.000Z,720.07,721.49,719.95,721.03,75.63,
1789493580000,2026-09-15T17:33:00.000Z,721.03,724.63,721.03,723.77,806.12,
1789493760000,2026-09-15T17:36:00.000Z,723.77,724.46,722.35,723.27,191.03,
1789493940000,2026-09-15T17:39:00.000Z,723.27,723.27,722.22,722.36,30.61,
1789494120000,2026-09-15T17:42:00.000Z,722.36,722.36,721.21,721.43,15.17,
1789494300000,2026-09-15T17:45:00.000Z,721.43,723.34,721.43,723.34,24.81,
1789494480000,2026-09-15T17:48:00.000Z,723.34,724.11,723.34,723.99,19.52,
1789494660000,2026-09-15T17:51:00.000Z,723.99,723.99,723,723,5.31,
1789494840000,2026-09-15T17:54:00.000Z,723,723.29,722.42,722.73,37.62,
1789495020000,2026-09-15T17:57:00.000Z,722.73,722.88,722.59,722.62,5.3,
1789495200000,2026-09-15T18:00:00.000Z,722.62,723.32,722.18,723.32,16.1,
1789495380000,2026-09-15T18:03:00.000Z,723.32,723.55,722.6,722.93,12.08,
1789495560000,2026-09-15T18:06:00.000Z,722.93,723.31,722.25,722.25,24.04,
1789495740000,2026-09-15T18:09:00.000Z,722.25,723.17,722.25,722.61,16.57,
1789495920000,2026-09-15T18:12:00.000Z,722.61,723.45,722.61,722.94,17.01,
1789496100000,2026-09-15T18:15:00.000Z,722.94,723.12,720.67,720.78,50.57,
1789496280000,2026-09-15T18:18:00.000Z,720.78,722.06,720.53,721.38,34.36,
1789496460000,2026-09-15T18:21:00.000Z,721.38,721.86,721.38,721.52,13.68,
1789496640000,2026-09-15T18:24:00.000Z,721.52,721.56,721.15,721.52,4.63,
1789496820000,2026-09-15T18:27:00.000Z,721.52,725.05,720.88,722.5,193.76,
1789497000000,2026-09-15T18:30:00.000Z,722.5,722.56,721.01,721.54,68.96,
1789497180000,2026-09-15T18:33:00.000Z,721.54,721.67,718.95,721.49,33.36,
1789497360000,2026-09-15T18:36:00.000Z,721.49,721.49,715.38,717.89,452.88,
1789497540000,2026-09-15T18:39:00.000Z,717.89,718.44,714.12,716.19,150.75,
1789497720000,2026-09-15T18:42:00.000Z,716.19,716.28,713.56,713.79,235.64,
1789497900000,2026-09-15T18:45:00.000Z,713.79,714.13,708.14,710.18,747.01,
1789498080000,2026-09-15T18:48:00.000Z,710.18,710.32,706.14,709.13,316.92,
1789498260000,2026-09-15T18:51:00.000Z,709.13,714.42,708.87,714.37,129.52,
1789498440000,2026-09-15T18:54:00.000Z,714.37,718.08,714.16,716.93,356.41,
1789498620000,2026-09-15T18:57:00.000Z,716.93,717.87,716.22,717.64,35.48,
1789498800000,2026-09-15T19:00:00.000Z,717.64,718.29,716.5,718.14,42.88,
1789498980000,2026-09-15T19:03:00.000Z,718.14,720.93,718.14,719.59,239.69,
1789499160000,2026-09-15T19:06:00.000Z,719.59,720.39,718.74,719.4,44.59,
1789499340000,2026-09-15T19:09:00.000Z,719.4,720.81,719.4,720.15,52.84,
1789499520000,2026-09-15T19:12:00.000Z,720.15,720.37,719.52,719.71,62.69,
1789499700000,2026-09-15T19:15:00.000Z,719.71,721.99,719.49,721.78,81.94,
1789499880000,2026-09-15T19:18:00.000Z,721.78,721.89,720.66,720.67,52.09,
1789500060000,2026-09-15T19:21:00.000Z,720.67,722.16,720.34,721.57,65.78,
1789500240000,2026-09-15T19:24:00.000Z,721.57,721.57,720.26,720.3,11.68,
1789500420000,2026-09-15T19:27:00.000Z,720.3,720.3,718.72,719.08,118.35,
1789500600000,2026-09-15T19:30:00.000Z,719.08,719.88,718.67,719.11,35.33,
1789500780000,2026-09-15T19:33:00.000Z,719.11,719.86,718.66,719.02,43.46,
1789500960000,2026-09-15T19:36:00.000Z,719.02,719.03,718.17,719.03,31.07,
1789501140000,2026-09-15T19:39:00.000Z,719.03,719.22,717.59,717.65,31.9,
1789501320000,2026-09-15T19:42:00.000Z,717.65,717.71,717.24,717.24,12.01,
1789501500000,2026-09-15T19:45:00.000Z,717.24,717.44,716.92,717.3,2.69,
1789501680000,2026-09-15T19:48:00.000Z,717.3,717.76,717.15,717.76,30.3,
1789501860000,2026-09-15T19:51:00.000Z,717.76,718.24,717.32,718.24,3.83,
1789502040000,2026-09-15T19:54:00.000Z,718.24,718.74,718.24,718.63,3.1,
1789502220000,2026-09-15T19:57:00.000Z,718.63,719.16,718.63,719.05,9.24,
1789502400000,2026-09-15T20:00:00.000Z,719.05,719.83,718.91,719.1,29.99,
1789502580000,2026-09-15T20:03:00.000Z,719.1,719.1,717.13,717.13,13.23,
1789502760000,2026-09-15T20:06:00.000Z,717.13,717.13,715.86,715.91,33.95,
1789502940000,2026-09-15T20:09:00.000Z,715.91,717.25,715.77,716.56,25.28,
1789503120000,2026-09-15T20:12:00.000Z,716.56,716.8,716.02,716.19,37.58,
1789503300000,2026-09-15T20:15:00.000Z,716.19,716.26,715.64,716,6.94,
1789503480000,2026-09-15T20:18:00.000Z,716,716,714.9,714.9,21.19,
1789503660000,2026-09-15T20:21:00.000Z,714.9,714.9,714.03,714.4,59.41,
1789503840000,2026-09-15T20:24:00.000Z,714.4,715.49,714.36,714.37,9.26,
1789504020000,2026-09-15T20:27:00.000Z,714.37,714.37,713.51,713.55,121.28,
1789504200000,2026-09-15T20:30:00.000Z,713.55,713.55,711.8,711.8,35.01,
1789504380000,2026-09-15T20:33:00.000Z,711.8,712.52,711.46,712.45,49.26,
1789504560000,2026-09-15T20:36:00.000Z,712.45,714.21,712.39,714.04,64.29,
1789504740000,2026-09-15T20:39:00.000Z,714.04,714.16,712.97,714.16,3.3,
1789504920000,2026-09-15T20:42:00.000Z,714.16,714.16,713.38,713.97,20.77,
1789505100000,2026-09-15T20:45:00.000Z,713.97,715.44,713.97,714.49,43.08,
1789505280000,2026-09-15T20:48:00.000Z,714.49,716.04,714.49,715.93,14.8,
1789505460000,2026-09-15T20:51:00.000Z,715.93,715.93,714.95,715.1,17.44,
1789505640000,2026-09-15T20:54:00.000Z,715.1,715.57,714.76,714.76,15.66,
1789505820000,2026-09-15T20:57:00.000Z,714.76,714.76,714.49,714.56,8.27,
1789506000000,2026-09-15T21:00:00.000Z,714.56,714.56,712.8,713.27,36.16,
1789506180000,2026-09-15T21:03:00.000Z,713.27,714.01,713.23,713.67,27.75,
1789506360000,2026-09-15T21:06:00.000Z,713.67,713.67,712.95,713.09,2.03,
1789506540000,2026-09-15T21:09:00.000Z,713.09,714.04,713.05,714.04,1.25,
1789506720000,2026-09-15T21:12:00.000Z,714.04,714.96,714.04,714.14,23.04,
1789506900000,2026-09-15T21:15:00.000Z,714.14,714.14,713.31,714.05,16.51,
1789507080000,2026-09-15T21:18:00.000Z,714.05,714.35,713.52,714.35,0.85,
1789507260000,2026-09-15T21:21:00.000Z,714.35,714.35,712.79,712.89,13.45,
1789507440000,2026-09-15T21:24:00.000Z,712.89,713.13,712.45,712.85,18.3,
1789507620000,2026-09-15T21:27:00.000Z,712.85,712.85,711.61,711.63,8.52,
1789507800000,2026-09-15T21:30:00.000Z,711.63,712.14,711.38,712.14,13.03,
1789507980000,2026-09-15T21:33:00.000Z,712.14,712.27,711.42,711.7,28.56,
1789508160000,2026-09-15T21:36:00.000Z,711.7,712.76,711.21,712.41,5.8,
1789508340000,2026-09-15T21:39:00.000Z,712.41,713.24,712.39,713.16,8.04,
1789508520000,2026-09-15T21:42:00.000Z,713.16,713.33,713.12,713.27,18.6,
1789508700000,2026-09-15T21:45:00.000Z,713.27,713.27,712.47,712.51,2.62,
1789508880000,2026-09-15T21:48:00.000Z,712.51,712.59,712.04,712.04,3.67,
1789509060000,2026-09-15T21:51:00.000Z,712.04,712.04,711.19,711.75,11.96,
1789509240000,2026-09-15T21:54:00.000Z,711.75,711.75,710.95,710.95,12.59,
1789509420000,2026-09-15T21:57:00.000Z,710.95,710.95,709.86,710.38,36.01,
1789509600000,2026-09-15T22:00:00.000Z,710.38,712.12,710.15,712.04,53.01,
1789509780000,2026-09-15T22:03:00.000Z,712.04,712.22,710.57,710.64,8.39,
1789509960000,2026-09-15T22:06:00.000Z,710.64,710.99,710.31,710.66,6.75,
1789510140000,2026-09-15T22:09:00.000Z,710.66,710.84,709.81,710.54,6.57,
1789510320000,2026-09-15T22:12:00.000Z,710.54,710.54,709.42,709.9,23.16,
1789510500000,2026-09-15T22:15:00.000Z,709.9,709.9,708.83,709.17,73.76,
1789510680000,2026-09-15T22:18:00.000Z,709.17,709.18,708.41,709.18,15.68,
1789510860000,2026-09-15T22:21:00.000Z,709.18,709.29,708.15,708.94,80.04,
1789511040000,2026-09-15T22:24:00.000Z,708.94,711,708.92,711,309.25,
1789511220000,2026-09-15T22:27:00.000Z,711,711.58,711,711.17,43.56,
1789511400000,2026-09-15T22:30:00.000Z,711.17,711.99,711.16,711.88,4.37,
1789511580000,2026-09-15T22:33:00.000Z,711.88,712.43,711.52,711.8,24.38,
1789511760000,2026-09-15T22:36:00.000Z,711.8,712.83,711.65,712.8,4.45,
1789511940000,2026-09-15T22:39:00.000Z,712.8,712.85,712.21,712.21,63.81,
1789512120000,2026-09-15T22:42:00.000Z,712.21,712.55,712.11,712.55,88.59,
1789512300000,2026-09-15T22:45:00.000Z,712.55,713.32,712.37,713.04,10.2,
1789512480000,2026-09-15T22:48:00.000Z,713.04,713.64,713.04,713.64,3.41,
1789512660000,2026-09-15T22:51:00.000Z,713.64,714.11,713.64,713.94,46.55,
1789512840000,2026-09-15T22:54:00.000Z,713.94,714.03,712.84,713.19,192.15,
1789513020000,2026-09-15T22:57:00.000Z,713.19,713.71,712.76,712.91,7.64,
1789513200000,2026-09-15T23:00:00.000Z,712.91,713.42,712.85,712.93,10.23,
1789513380000,2026-09-15T23:03:00.000Z,712.93,713.43,712.93,713.3,4.84,
1789513560000,2026-09-15T23:06:00.000Z,713.3,713.67,713.26,713.58,13.63,
1789513740000,2026-09-15T23:09:00.000Z,713.58,714.29,713.52,714.29,24.11,
1789513920000,2026-09-15T23:12:00.000Z,714.29,714.79,714.29,714.76,35.47,
1789514100000,2026-09-15T23:15:00.000Z,714.76,714.94,714.5,714.86,58.32,
1789514280000,2026-09-15T23:18:00.000Z,714.86,715.08,714.51,714.79,12.95,
1789514460000,2026-09-15T23:21:00.000Z,714.79,714.79,714.39,714.61,22.04,
1789514640000,2026-09-15T23:24:00.000Z,714.61,714.63,713.96,713.96,9.81,
1789514820000,2026-09-15T23:27:00.000Z,713.96,714.16,713.62,713.62,52.72,
1789515000000,2026-09-15T23:30:00.000Z,713.62,713.62,711.74,712.09,37.85,
1789515180000,2026-09-15T23:33:00.000Z,712.09,713.28,712.08,712.5,20.75,
1789515360000,2026-09-15T23:36:00.000Z,712.5,712.6,711.45,711.59,33.66,
1789515540000,2026-09-15T23:39:00.000Z,711.59,712.15,711.29,712.15,28.12,
1789515720000,2026-09-15T23:42:00.000Z,712.15,712.58,711.95,712.42,6.23,
1789515900000,2026-09-15T23:45:00.000Z,712.42,712.59,712.14,712.16,20.23,
1789516080000,2026-09-15T23:48:00.000Z,712.16,712.5,712.02,712.5,1.98,
1789516260000,2026-09-15T23:51:00.000Z,712.5,712.93,712.45,712.64,9.53,
1789516440000,2026-09-15T23:54:00.000Z,712.64,712.64,711.78,711.78,14.69,
1789516620000,2026-09-15T23:57:00.000Z,711.78,712.08,711.62,711.67,15.31,
1789516800000,2026-09-16T00:00:00.000Z,711.67,712.1,711.52,712.1,34.03,
1789516980000,2026-09-16T00:03:00.000Z,712.1,713.32,712.1,713.04,12.06,
1789517160000,2026-09-16T00:06:00.000Z,713.04,713.65,713.04,713.58,18.58,
1789517340000,2026-09-16T00:09:00.000Z,713.58,714.21,713.17,714.16,14.36,
1789517520000,2026-09-16T00:12:00.000Z,714.16,714.27,713.92,714.09,3.66,
1789517700000,2026-09-16T00:15:00.000Z,714.09,714.84,713.92,714.83,10.68,
1789517880000,2026-09-16T00:18:00.000Z,714.83,714.91,714.58,714.58,1.48,
1789518060000,2026-09-16T00:21:00.000Z,714.58,715.2,714.44,715.2,9.72,
1789518240000,2026-09-16T00:24:00.000Z,715.2,715.31,715.01,715.01,47.84,
1789518420000,2026-09-16T00:27:00.000Z,715.01,715.03,714.51,714.82,20.43,
1789518600000,2026-09-16T00:30:00.000Z,714.82,715.58,714.82,715.33,13.46,
1789518780000,2026-09-16T00:33:00.000Z,715.33,715.33,714.76,714.76,0.55,
1789518960000,2026-09-16T00:36:00.000Z,714.76,715.31,714.75,715.31,2.52,
1789519140000,2026-09-16T00:39:00.000Z,715.31,715.42,714.06,714.12,9.92,
1789519320000,2026-09-16T00:42:00.000Z,714.12,714.12,713.23,713.41,6.73,
1789519500000,2026-09-16T00:45:00.000Z,713.41,713.66,712.98,713.51,21.26,
1789519680000,2026-09-16T00:48:00.000Z,713.51,714.18,713.51,713.84,1.42,
1789519860000,2026-09-16T00:51:00.000Z,713.84,714.29,713.61,714.05,24.61,
1789520040000,2026-09-16T00:54:00.000Z,714.05,714.05,713.88,713.88,0.02,
1789520220000,2026-09-16T00:57:00.000Z,713.88,713.88,713.32,713.76,28.38,
1789520400000,2026-09-16T01:00:00.000Z,713.76,714.4,713.59,713.64,61.67,
1789520580000,2026-09-16T01:03:00.000Z,713.64,713.64,712.56,712.87,21.31,
1789520760000,2026-09-16T01:06:00.000Z,712.87,713.18,712.87,713.06,0.75,
1789520940000,2026-09-16T01:09:00.000Z,713.06,713.52,713,713.46,8.81,
1789521120000,2026-09-16T01:12:00.000Z,713.46,713.48,712.76,713.47,7.87,
1789521300000,2026-09-16T01:15:00.000Z,713.47,713.47,712.9,713.05,1.41,
1789521480000,2026-09-16T01:18:00.000Z,713.05,713.29,713.05,713.29,8.18,
1789521660000,2026-09-16T01:21:00.000Z,713.29,713.85,713.29,713.65,13,
1789521840000,2026-09-16T01:24:00.000Z,713.65,714.32,713.65,713.81,0.92,
1789522020000,2026-09-16T01:27:00.000Z,713.81,714.19,713.65,713.65,22.46,
1789522200000,2026-09-16T01:30:00.000Z,713.65,713.66,712.63,712.63,37.98,
1789522380000,2026-09-16T01:33:00.000Z,712.63,712.63,711.41,712.08,82.48,
1789522560000,2026-09-16T01:36:00.000Z,712.08,712.08,710.38,710.42,121.17,
1789522740000,2026-09-16T01:39:00.000Z,710.42,710.68,709.91,710.58,102.2,
1789522920000,2026-09-16T01:42:00.000Z,710.58,710.82,710.41,710.68,3.99,
1789523100000,2026-09-16T01:45:00.000Z,710.68,711.14,710.24,710.35,22.79,
1789523280000,2026-09-16T01:48:00.000Z,710.35,710.36,709.38,709.38,41.09,
1789523460000,2026-09-16T01:51:00.000Z,709.38,709.59,708.84,708.84,14.03,
1789523640000,2026-09-16T01:54:00.000Z,708.84,708.86,708.43,708.43,8.82,
1789523820000,2026-09-16T01:57:00.000Z,708.43,708.91,708.28,708.28,73.82,
1789524000000,2026-09-16T02:00:00.000Z,708.28,709.74,708.28,709.74,55.63,
1789524180000,2026-09-16T02:03:00.000Z,709.74,710.13,709.33,709.63,12.84,
1789524360000,2026-09-16T02:06:00.000Z,709.63,709.63,708.72,708.82,25.31,
1789524540000,2026-09-16T02:09:00.000Z,708.82,708.82,707.65,707.85,124.11,
1789524720000,2026-09-16T02:12:00.000Z,707.85,709.54,707.77,709.53,52.08,
1789524900000,2026-09-16T02:15:00.000Z,709.53,711.47,709.5,711.23,12.64,
1789525080000,2026-09-16T02:18:00.000Z,711.23,711.23,710.68,711.13,6,
1789525260000,2026-09-16T02:21:00.000Z,711.13,711.13,710.96,711,15.27,
1789525440000,2026-09-16T02:24:00.000Z,711,711.25,710.99,711.24,6.26,
1789525620000,2026-09-16T02:27:00.000Z,711.24,712,711.24,712,1.7,
1789525800000,2026-09-16T02:30:00.000Z,712,713.63,712,713.11,13.25,
1789525980000,2026-09-16T02:33:00.000Z,713.11,713.65,712.7,713.65,5.4,
1789526160000,2026-09-16T02:36:00.000Z,713.65,714.19,713.55,713.79,27.04,
1789526340000,2026-09-16T02:39:00.000Z,713.79,714.22,713.79,713.81,103.97,
1789526520000,2026-09-16T02:42:00.000Z,713.81,713.98,713.6,713.6,6.39,
1789526700000,2026-09-16T02:45:00.000Z,713.6,713.6,713.37,713.38,1.96,
1789526880000,2026-09-16T02:48:00.000Z,713.38,713.77,713.38,713.57,14.05,
1789527060000,2026-09-16T02:51:00.000Z,713.57,713.63,712.67,712.82,9.09,
1789527240000,2026-09-16T02:54:00.000Z,712.82,712.82,711.52,711.83,28.94,
1789527420000,2026-09-16T02:57:00.000Z,711.83,712.41,711.72,712.25,23.82,
1789527600000,2026-09-16T03:00:00.000Z,712.25,713.35,712.25,713.35,8.36,
1789527780000,2026-09-16T03:03:00.000Z,713.35,713.35,712.72,713.12,36.12,
1789527960000,2026-09-16T03:06:00.000Z,713.12,713.6,712.95,712.95,7.84,
1789528140000,2026-09-16T03:09:00.000Z,712.95,714.31,712.82,714.31,33.83,
1789528320000,2026-09-16T03:12:00.000Z,714.31,714.5,714.07,714.5,33.96,
1789528500000,2026-09-16T03:15:00.000Z,714.5,715.26,714.41,715.07,76.43,
1789528680000,2026-09-16T03:18:00.000Z,715.07,715.22,714.68,714.8,23.32,
1789528860000,2026-09-16T03:21:00.000Z,714.8,715.04,714.46,714.89,5.57,
1789529040000,2026-09-16T03:24:00.000Z,714.89,714.89,714.5,714.6,1.63,
1789529220000,2026-09-16T03:27:00.000Z,714.6,714.72,714.19,714.23,59.5,
1789529400000,2026-09-16T03:30:00.000Z,714.23,714.23,713.32,713.94,40.65,
1789529580000,2026-09-16T03:33:00.000Z,713.94,714.05,713.38,713.38,2.94,
1789529760000,2026-09-16T03:36:00.000Z,713.38,713.38,712.48,712.6,5.33,
1789529940000,2026-09-16T03:39:00.000Z,712.6,713.27,712.6,713.14,14.52,
1789530120000,2026-09-16T03:42:00.000Z,713.14,713.45,712.92,713.35,30.13,
1789530300000,2026-09-16T03:45:00.000Z,713.35,713.71,713.32,713.32,6.79,
1789530480000,2026-09-16T03:48:00.000Z,713.32,713.32,712.95,713.23,0.19,
1789530660000,2026-09-16T03:51:00.000Z,713.23,713.32,713.02,713.25,2.36,
1789530840000,2026-09-16T03:54:00.000Z,713.25,713.44,713.2,713.43,2.09,
1789531020000,2026-09-16T03:57:00.000Z,713.43,713.65,713.43,713.65,0.17,
1789531200000,2026-09-16T04:00:00.000Z,713.65,714.11,713.59,713.92,15.13,
1789531380000,2026-09-16T04:03:00.000Z,713.92,715.08,713.92,714.66,2.9,
1789531560000,2026-09-16T04:06:00.000Z,714.66,715,714.62,714.75,18.55,
1789531740000,2026-09-16T04:09:00.000Z,714.75,714.79,714.36,714.79,2.34,
1789531920000,2026-09-16T04:12:00.000Z,714.79,714.79,714.19,714.31,0.45,
1789532100000,2026-09-16T04:15:00.000Z,714.31,714.31,714.14,714.28,3.16,
1789532280000,2026-09-16T04:18:00.000Z,714.28,714.4,714,714.4,2.12,
1789532460000,2026-09-16T04:21:00.000Z,714.4,715.3,714.4,715.25,52.11,
1789532640000,2026-09-16T04:24:00.000Z,715.25,715.3,715.02,715.02,0.64,
1789532820000,2026-09-16T04:27:00.000Z,715.02,715.04,713.89,714.04,150.66,
1789533000000,2026-09-16T04:30:00.000Z,714.04,714.04,713.81,713.81,0.52,
1789533180000,2026-09-16T04:33:00.000Z,713.81,714.46,713.3,714.44,38.62,
1789533360000,2026-09-16T04:36:00.000Z,714.44,714.91,714.16,714.91,2.57,
1789533540000,2026-09-16T04:39:00.000Z,714.91,715.59,714.91,715.5,30.12,
1789533720000,2026-09-16T04:42:00.000Z,715.5,715.59,714.76,714.76,14.48,
1789533900000,2026-09-16T04:45:00.000Z,714.76,715.05,714.72,714.79,1.98,
1789534080000,2026-09-16T04:48:00.000Z,714.79,714.79,714.6,714.6,0.16,
1789534260000,2026-09-16T04:51:00.000Z,714.6,714.6,714.2,714.2,7.76,
1789534440000,2026-09-16T04:54:00.000Z,714.2,714.42,714.12,714.28,3.23,
1789534620000,2026-09-16T04:57:00.000Z,714.28,714.96,714.28,714.77,34.29,
1789534800000,2026-09-16T05:00:00.000Z,714.77,714.95,713.06,713.06,15.01,
1789534980000,2026-09-16T05:03:00.000Z,713.06,713.58,712.75,713.16,13.75,
1789535160000,2026-09-16T05:06:00.000Z,713.16,713.4,712.64,713.4,19.16,
1789535340000,2026-09-16T05:09:00.000Z,713.4,713.95,713.4,713.89,1.62,
1789535520000,2026-09-16T05:12:00.000Z,713.89,713.95,713.57,713.89,10.34,
1789535700000,2026-09-16T05:15:00.000Z,713.89,714.14,713.89,714.14,0.36,
1789535880000,2026-09-16T05:18:00.000Z,714.14,714.34,714.04,714.21,4.63,
1789536060000,2026-09-16T05:21:00.000Z,714.21,714.99,714.1,714.16,75.21,
1789536240000,2026-09-16T05:24:00.000Z,714.16,714.47,714.16,714.21,3.16,
1789536420000,2026-09-16T05:27:00.000Z,714.21,714.21,713.67,713.84,1.53,
1789536600000,2026-09-16T05:30:00.000Z,713.84,713.84,713.3,713.75,1.94,
1789536780000,2026-09-16T05:33:00.000Z,713.75,714.55,713.75,714.55,2.78,
1789536960000,2026-09-16T05:36:00.000Z,714.55,714.94,714.37,714.77,65.02,
1789537140000,2026-09-16T05:39:00.000Z,714.77,714.91,714.77,714.91,0.06,
1789537320000,2026-09-16T05:42:00.000Z,714.91,715.12,714.74,714.83,16.4,
1789537500000,2026-09-16T05:45:00.000Z,714.83,715.09,714.55,714.55,17.12,
1789537680000,2026-09-16T05:48:00.000Z,714.55,714.74,714.26,714.72,13.08,
1789537860000,2026-09-16T05:51:00.000Z,714.72,714.72,713.93,713.96,1.82,
1789538040000,2026-09-16T05:54:00.000Z,713.96,714.51,713.91,714.51,26.77,
1789538220000,2026-09-16T05:57:00.000Z,714.51,714.54,714.38,714.54,1.18,
1789538400000,2026-09-16T06:00:00.000Z,714.54,714.92,714.54,714.64,30.63,
1789538580000,2026-09-16T06:03:00.000Z,714.64,714.64,713.88,714.34,34.45,
1789538760000,2026-09-16T06:06:00.000Z,714.34,714.34,713.92,713.92,0.15,
1789538940000,2026-09-16T06:09:00.000Z,713.92,713.92,713.68,713.68,0.02,
1789539120000,2026-09-16T06:12:00.000Z,713.68,714.12,713.68,714.12,5.62,
1789539300000,2026-09-16T06:15:00.000Z,714.12,714.12,713.34,713.59,9.11,
1789539480000,2026-09-16T06:18:00.000Z,713.59,713.73,713.56,713.72,0.31,
1789539660000,2026-09-16T06:21:00.000Z,713.72,713.73,713.3,713.4,6.47,
1789539840000,2026-09-16T06:24:00.000Z,713.4,713.4,712.98,712.98,2.3,
1789540020000,2026-09-16T06:27:00.000Z,712.98,712.98,712.76,712.82,0.11,
1789540200000,2026-09-16T06:30:00.000Z,712.82,712.97,712.65,712.71,0.88,
1789540380000,2026-09-16T06:33:00.000Z,712.71,712.9,712.47,712.53,14.33,
1789540560000,2026-09-16T06:36:00.000Z,712.53,712.53,711.29,711.33,12.68,
1789540740000,2026-09-16T06:39:00.000Z,711.33,711.61,711.17,711.44,1.42,
1789540920000,2026-09-16T06:42:00.000Z,711.44,711.85,711.44,711.84,1.3,
1789541100000,2026-09-16T06:45:00.000Z,711.84,712.9,711.84,712.9,1.55,
1789541280000,2026-09-16T06:48:00.000Z,712.9,712.9,712.25,712.25,0.94,
1789541460000,2026-09-16T06:51:00.000Z,712.25,712.37,712.2,712.24,16.04,
1789541640000,2026-09-16T06:54:00.000Z,712.24,712.83,712.24,712.83,1.08,
1789541820000,2026-09-16T06:57:00.000Z,712.83,713.86,712.73,713.77,17.51,
1789542000000,2026-09-16T07:00:00.000Z,713.77,714.01,713.46,714.01,4.46,
1789542180000,2026-09-16T07:03:00.000Z,714.01,714.36,713.63,713.94,17.5,
1789542360000,2026-09-16T07:06:00.000Z,713.94,713.94,712.97,712.97,5.12,
1789542540000,2026-09-16T07:09:00.000Z,712.97,712.97,711.56,711.61,19.81,
1789542720000,2026-09-16T07:12:00.000Z,711.61,711.67,711.54,711.55,0.03,
1789542900000,2026-09-16T07:15:00.000Z,711.55,712.8,711.55,712.5,67.75,
1789543080000,2026-09-16T07:18:00.000Z,712.5,712.5,711.56,711.72,5.85,
1789543260000,2026-09-16T07:21:00.000Z,711.72,711.97,711.63,711.97,0.76,
1789543440000,2026-09-16T07:24:00.000Z,711.97,712.51,711.84,712.37,28.83,
1789543620000,2026-09-16T07:27:00.000Z,712.37,712.37,711.93,711.93,3.27,
1789543800000,2026-09-16T07:30:00.000Z,711.93,711.93,711.4,711.66,5.66,
1789543980000,2026-09-16T07:33:00.000Z,711.66,711.66,711.19,711.19,27.42,
1789544160000,2026-09-16T07:36:00.000Z,711.19,711.19,710.62,710.62,6.93,
1789544340000,2026-09-16T07:39:00.000Z,710.62,710.67,708.96,709.45,619.83,
1789544520000,2026-09-16T07:42:00.000Z,709.45,709.65,709.12,709.24,11.38,
1789544700000,2026-09-16T07:45:00.000Z,709.24,709.8,709.1,709.77,19.13,
1789544880000,2026-09-16T07:48:00.000Z,709.77,709.99,709.09,709.28,6.55,
1789545060000,2026-09-16T07:51:00.000Z,709.28,709.29,708.92,708.92,1.29,
1789545240000,2026-09-16T07:54:00.000Z,708.92,709.37,708.74,709.09,20.47,
1789545420000,2026-09-16T07:57:00.000Z,709.09,709.14,708.95,709.13,0.96,
1789545600000,2026-09-16T08:00:00.000Z,709.13,709.13,708.74,708.87,5.95,
1789545780000,2026-09-16T08:03:00.000Z,708.87,708.88,707.53,707.76,50.23,
1789545960000,2026-09-16T08:06:00.000Z,707.76,707.76,706.67,706.67,76.15,
1789546140000,2026-09-16T08:09:00.000Z,706.67,706.73,706.16,706.29,317.41,
1789546320000,2026-09-16T08:12:00.000Z,706.29,707.08,706.16,706.42,6.71,
1789546500000,2026-09-16T08:15:00.000Z,706.42,707.17,706.17,706.57,70.41,
1789546680000,2026-09-16T08:18:00.000Z,706.57,706.79,705.07,705.22,169.42,
1789546860000,2026-09-16T08:21:00.000Z,705.22,705.62,704.74,704.79,94.75,
1789547040000,2026-09-16T08:24:00.000Z,704.79,704.94,703.6,703.87,87.64,
1789547220000,2026-09-16T08:27:00.000Z,703.87,704.64,703.87,704.4,46.79,
1789547400000,2026-09-16T08:30:00.000Z,704.4,705.11,704.13,705.04,33.89,
1789547580000,2026-09-16T08:33:00.000Z,705.04,705.04,704.53,704.6,6.51,
1789547760000,2026-09-16T08:36:00.000Z,704.6,705.28,704.6,705.25,36.7,
1789547940000,2026-09-16T08:39:00.000Z,705.25,705.62,705.25,705.51,3.28,
1789548120000,2026-09-16T08:42:00.000Z,705.51,705.92,705.43,705.63,3.56,
1789548300000,2026-09-16T08:45:00.000Z,705.63,705.68,705.27,705.34,9.4,
1789548480000,2026-09-16T08:48:00.000Z,705.34,705.56,704.98,705.34,42.12,
1789548660000,2026-09-16T08:51:00.000Z,705.34,705.76,705.34,705.71,1.69,
1789548840000,2026-09-16T08:54:00.000Z,705.71,706.93,705.71,706.72,24.79,
1789549020000,2026-09-16T08:57:00.000Z,706.72,706.74,706.47,706.56,7.04,
1789549200000,2026-09-16T09:00:00.000Z,706.56,706.88,706.44,706.86,3.43,
1789549380000,2026-09-16T09:03:00.000Z,706.86,707.88,706.86,707.76,38.96,
1789549560000,2026-09-16T09:06:00.000Z,707.76,707.82,706.86,706.95,13.94,
1789549740000,2026-09-16T09:09:00.000Z,706.95,707.54,706.95,707.3,10.82,
1789549920000,2026-09-16T09:12:00.000Z,707.3,708.31,707.3,708.14,50.17,
1789550100000,2026-09-16T09:15:00.000Z,708.14,708.31,707.48,707.76,8.62,
1789550280000,2026-09-16T09:18:00.000Z,707.76,708.73,707.76,708.73,13.62,
1789550460000,2026-09-16T09:21:00.000Z,708.73,709.49,708.73,709.49,13.81,
1789550640000,2026-09-16T09:24:00.000Z,709.49,709.98,709.2,709.53,21.48,
1789550820000,2026-09-16T09:27:00.000Z,709.53,710.09,709.53,709.58,5.9,
1789551000000,2026-09-16T09:30:00.000Z,709.58,709.9,709.58,709.83,5.78,
1789551180000,2026-09-16T09:33:00.000Z,709.83,709.99,709.11,709.11,19.77,
1789551360000,2026-09-16T09:36:00.000Z,709.11,710.08,709.11,709.96,1.39,
1789551540000,2026-09-16T09:39:00.000Z,709.96,709.96,709.74,709.94,3.65,
1789551720000,2026-09-16T09:42:00.000Z,709.94,709.94,709.66,709.83,0.44,
1789551900000,2026-09-16T09:45:00.000Z,709.83,709.83,709.56,709.56,1.44,
1789552080000,2026-09-16T09:48:00.000Z,709.56,710.25,709.56,710.25,9.45,
1789552260000,2026-09-16T09:51:00.000Z,710.25,710.51,710.08,710.2,1.87,
1789552440000,2026-09-16T09:54:00.000Z,710.2,710.33,709.97,710.01,72.92,
1789552620000,2026-09-16T09:57:00.000Z,710.01,710.12,709.76,710.07,94.51,
1789552800000,2026-09-16T10:00:00.000Z,710.07,710.79,710.07,710.5,24.01,
1789552980000,2026-09-16T10:03:00.000Z,710.5,710.63,709.64,709.84,161.69,
1789553160000,2026-09-16T10:06:00.000Z,709.84,710.41,709.84,710.23,21.25,
1789553340000,2026-09-16T10:09:00.000Z,710.23,710.65,710.07,710.47,25.72,
1789553520000,2026-09-16T10:12:00.000Z,710.47,710.47,709.82,710.06,6.4,
1789553700000,2026-09-16T10:15:00.000Z,710.06,710.65,710.06,710.65,47.3,
1789553880000,2026-09-16T10:18:00.000Z,710.65,711.04,710.65,710.97,20.06,
1789554060000,2026-09-16T10:21:00.000Z,710.97,711.21,710.42,710.69,15.19,
1789554240000,2026-09-16T10:24:00.000Z,710.69,711.04,710.53,711.04,0.25,
1789554420000,2026-09-16T10:27:00.000Z,711.04,711.14,710.64,711.06,9.18,
1789554600000,2026-09-16T10:30:00.000Z,711.06,711.1,710.66,710.66,5.3,
1789554780000,2026-09-16T10:33:00.000Z,710.66,710.67,710.48,710.63,9.07,
1789554960000,2026-09-16T10:36:00.000Z,710.63,711.09,710.63,710.93,37.27,
1789555140000,2026-09-16T10:39:00.000Z,710.93,711.19,710.93,711.19,0.04,
1789555320000,2026-09-16T10:42:00.000Z,711.19,711.28,711.19,711.2,0.06,
1789555500000,2026-09-16T10:45:00.000Z,711.2,711.27,710.99,710.99,0.91,
1789555680000,2026-09-16T10:48:00.000Z,710.99,710.99,710.87,710.87,0.33,
1789555860000,2026-09-16T10:51:00.000Z,710.87,710.87,710.71,710.71,1.34,
1789556040000,2026-09-16T10:54:00.000Z,710.71,710.73,710.64,710.64,1.72,
1789556220000,2026-09-16T10:57:00.000Z,710.64,710.81,710.58,710.81,2.48,
1789556400000,2026-09-16T11:00:00.000Z,710.81,711.68,710.81,711.23,108.21,
1789556580000,2026-09-16T11:03:00.000Z,711.23,711.6,710.84,710.84,67.42,
1789556760000,2026-09-16T11:06:00.000Z,710.84,710.84,710.63,710.65,1.16,
1789556940000,2026-09-16T11:09:00.000Z,710.65,711.13,710.59,711.08,4.97,
1789557120000,2026-09-16T11:12:00.000Z,711.08,711.16,710.66,710.66,0.98,
1789557300000,2026-09-16T11:15:00.000Z,710.66,711.26,710.52,711.26,2.59,
1789557480000,2026-09-16T11:18:00.000Z,711.26,712.3,711.26,712.29,61.45,
1789557660000,2026-09-16T11:21:00.000Z,712.29,712.3,711.49,711.66,42.64,
1789557840000,2026-09-16T11:24:00.000Z,711.66,712.01,711.41,711.84,8.05,
1789558020000,2026-09-16T11:27:00.000Z,711.84,711.99,711.82,711.91,2.65,
1789558200000,2026-09-16T11:30:00.000Z,711.91,712.67,711.91,712.27,69.23,
1789558380000,2026-09-16T11:33:00.000Z,712.27,712.75,712.27,712.5,4.26,
1789558560000,2026-09-16T11:36:00.000Z,712.5,713.16,712.5,712.6,47.83,
1789558740000,2026-09-16T11:39:00.000Z,712.6,713.68,712.55,713.46,14.51,
1789558920000,2026-09-16T11:42:00.000Z,713.46,715.2,713.4,715.01,170.43,
1789559100000,2026-09-16T11:45:00.000Z,715.01,715.21,713.68,714.2,77.49,
1789559280000,2026-09-16T11:48:00.000Z,714.2,714.38,713.99,714.24,23.9,
1789559460000,2026-09-16T11:51:00.000Z,714.24,714.41,713.81,714.09,18.07,
1789559640000,2026-09-16T11:54:00.000Z,714.09,714.09,713.87,713.96,18.69,
1789559820000,2026-09-16T11:57:00.000Z,713.96,714.07,713.74,713.83,13.12,
1789560000000,2026-09-16T12:00:00.000Z,713.83,714.05,713.23,713.27,152.52,
1789560180000,2026-09-16T12:03:00.000Z,713.27,714.09,713.27,713.72,12.03,
1789560360000,2026-09-16T12:06:00.000Z,713.72,713.73,713.39,713.44,24.73,
1789560540000,2026-09-16T12:09:00.000Z,713.44,713.51,713.16,713.16,13.89,
1789560720000,2026-09-16T12:12:00.000Z,713.16,713.16,712.55,712.84,38.64,
1789560900000,2026-09-16T12:15:00.000Z,712.84,713.53,712.73,713.52,26.28,
1789561080000,2026-09-16T12:18:00.000Z,713.52,713.52,713.06,713.22,30.18,
1789561260000,2026-09-16T12:21:00.000Z,713.22,713.58,713.22,713.26,12.91,
1789561440000,2026-09-16T12:24:00.000Z,713.26,713.4,712.99,712.99,14.39,
1789561620000,2026-09-16T12:27:00.000Z,712.99,713.05,712.55,712.77,7.55,
1789561800000,2026-09-16T12:30:00.000Z,712.77,712.83,711.36,711.55,50.85,
1789561980000,2026-09-16T12:33:00.000Z,711.55,713.09,711.55,713,159.16,
1789562160000,2026-09-16T12:36:00.000Z,713,713,712.22,712.23,5.53,
1789562340000,2026-09-16T12:39:00.000Z,712.23,712.53,711.96,712.53,11.33,
1789562520000,2026-09-16T12:42:00.000Z,712.53,712.53,712.22,712.47,12.09,
1789562700000,2026-09-16T12:45:00.000Z,712.47,712.81,712.28,712.77,4.41,
1789562880000,2026-09-16T12:48:00.000Z,712.77,713.11,712.62,713.06,3.44,
1789563060000,2026-09-16T12:51:00.000Z,713.06,713.12,712.68,712.93,31.27,
1789563240000,2026-09-16T12:54:00.000Z,712.93,712.93,711.58,712.16,36.32,
1789563420000,2026-09-16T12:57:00.000Z,712.16,712.19,711.82,712.17,16.18,
1789563600000,2026-09-16T13:00:00.000Z,712.17,712.3,710.88,710.89,7.95,
1789563780000,2026-09-16T13:03:00.000Z,710.89,711.02,710.43,710.79,28.62,
1789563960000,2026-09-16T13:06:00.000Z,710.79,710.87,710.76,710.8,12.05,
1789564140000,2026-09-16T13:09:00.000Z,710.8,710.8,710.04,710.13,23.18,
1789564320000,2026-09-16T13:12:00.000Z,710.13,711.32,710.01,711.32,16.3,
1789564500000,2026-09-16T13:15:00.000Z,711.32,712.11,711.16,711.52,4.41,
1789564680000,2026-09-16T13:18:00.000Z,711.52,712.12,711.26,711.26,29.13,
1789564860000,2026-09-16T13:21:00.000Z,711.26,711.76,711.26,711.43,12.85,
1789565040000,2026-09-16T13:24:00.000Z,711.43,711.69,711.17,711.69,19.7,
1789565220000,2026-09-16T13:27:00.000Z,711.69,711.76,711.27,711.62,7.66,
1789565400000,2026-09-16T13:30:00.000Z,711.62,711.85,711.02,711.18,18.28,
1789565580000,2026-09-16T13:33:00.000Z,711.18,711.68,710.9,711.2,25.12,
1789565760000,2026-09-16T13:36:00.000Z,711.2,711.2,709.9,710.2,778.17,
1789565940000,2026-09-16T13:39:00.000Z,710.2,711.04,709.64,711.04,97.42,
1789566120000,2026-09-16T13:42:00.000Z,711.04,711.36,710.55,711.36,27.16,
1789566300000,2026-09-16T13:45:00.000Z,711.36,712.56,710.38,712.44,153.34,
1789566480000,2026-09-16T13:48:00.000Z,712.44,712.67,711.7,712,7.58,
1789566660000,2026-09-16T13:51:00.000Z,712,712,710.9,711.73,66.35,
1789566840000,2026-09-16T13:54:00.000Z,711.73,711.73,711.27,711.28,4.57,
1789567020000,2026-09-16T13:57:00.000Z,711.28,711.75,710.58,710.58,3.31,
1789567200000,2026-09-16T14:00:00.000Z,710.58,710.62,709.18,709.18,17.25,
1789567380000,2026-09-16T14:03:00.000Z,709.18,710.13,708.77,710.09,22.45,
1789567560000,2026-09-16T14:06:00.000Z,710.09,710.21,709.39,710.01,5,
1789567740000,2026-09-16T14:09:00.000Z,710.01,710.15,709.06,709.18,5.58,
1789567920000,2026-09-16T14:12:00.000Z,709.18,709.39,708.73,709.39,37.17,
1789568100000,2026-09-16T14:15:00.000Z,709.39,710.87,709.39,710.15,56.32,
1789568280000,2026-09-16T14:18:00.000Z,710.15,710.69,709.38,709.94,21.05,
1789568460000,2026-09-16T14:21:00.000Z,709.94,710.36,709.53,709.7,10.66,
1789568640000,2026-09-16T14:24:00.000Z,709.7,710.88,709.49,710.88,251.73,
1789568820000,2026-09-16T14:27:00.000Z,710.88,711.35,710.55,711.35,6.93,
1789569000000,2026-09-16T14:30:00.000Z,711.35,711.35,709.36,709.49,45.46,
1789569180000,2026-09-16T14:33:00.000Z,709.49,711.02,709.49,710.82,28.62,
1789569360000,2026-09-16T14:36:00.000Z,710.82,710.82,709.91,710.21,5.93,
1789569540000,2026-09-16T14:39:00.000Z,710.21,710.21,709.3,709.76,7.96,
1789569720000,2026-09-16T14:42:00.000Z,709.76,710.15,709.68,709.94,39.9,
1789569900000,2026-09-16T14:45:00.000Z,709.94,710.17,709.57,709.74,2.39,
1789570080000,2026-09-16T14:48:00.000Z,709.74,709.74,708.44,709.47,20.69,
1789570260000,2026-09-16T14:51:00.000Z,709.47,709.47,707.72,708.83,66.04,
1789570440000,2026-09-16T14:54:00.000Z,708.83,708.92,708.21,708.69,26.61,
1789570620000,2026-09-16T14:57:00.000Z,708.69,708.82,708.23,708.82,5.06,
1789570800000,2026-09-16T15:00:00.000Z,708.82,710.34,708.82,710.11,18.48,
1789570980000,2026-09-16T15:03:00.000Z,710.11,710.45,709.25,709.25,10.46,
1789571160000,2026-09-16T15:06:00.000Z,709.25,710.83,708.97,709.59,17.87,
1789571340000,2026-09-16T15:09:00.000Z,709.59,710.9,709.59,710.48,26.77,
1789571520000,2026-09-16T15:12:00.000Z,710.48,710.66,710.17,710.54,3.34,
1789571700000,2026-09-16T15:15:00.000Z,710.54,710.54,709.42,709.7,2.72,
1789571880000,2026-09-16T15:18:00.000Z,709.7,710.17,709.44,710.17,16.22,
1789572060000,2026-09-16T15:21:00.000Z,710.17,711.16,710.17,710.96,16.8,
1789572240000,2026-09-16T15:24:00.000Z,710.96,710.96,710.27,710.27,3.67,
1789572420000,2026-09-16T15:27:00.000Z,710.27,710.27,709.18,709.18,0.55,
1789572600000,2026-09-16T15:30:00.000Z,709.18,709.18,708.31,708.31,7.1,
1789572780000,2026-09-16T15:33:00.000Z,708.31,710.56,708.31,710.56,3.64,
1789572960000,2026-09-16T15:36:00.000Z,710.56,710.99,710.56,710.89,1.13,
1789573140000,2026-09-16T15:39:00.000Z,710.89,711.07,710.83,710.83,0.08,
1789573320000,2026-09-16T15:42:00.000Z,710.83,711.4,710.83,711.01,29.52,
1789573500000,2026-09-16T15:45:00.000Z,711.01,713.09,710.88,712.66,55.35,
1789573680000,2026-09-16T15:48:00.000Z,712.66,713.02,711.99,712.33,66.48,
1789573860000,2026-09-16T15:51:00.000Z,712.33,712.63,712.02,712.13,3.47,
1789574040000,2026-09-16T15:54:00.000Z,712.13,712.13,711.2,711.2,3.51,
1789574220000,2026-09-16T15:57:00.000Z,711.2,711.58,710.83,711.09,20.93,
1789574400000,2026-09-16T16:00:00.000Z,711.09,711.4,710.88,711.06,31.14,
1789574580000,2026-09-16T16:03:00.000Z,711.06,711.17,710.67,711.17,3.5,
1789574760000,2026-09-16T16:06:00.000Z,711.17,711.56,710.26,710.33,95.09,
1789574940000,2026-09-16T16:09:00.000Z,710.33,711.33,710.33,711.33,6.75,
1789575120000,2026-09-16T16:12:00.000Z,711.33,712.3,711.33,711.93,5.44,
1789575300000,2026-09-16T16:15:00.000Z,711.93,712.42,711.69,711.94,10.06,
1789575480000,2026-09-16T16:18:00.000Z,711.94,713.08,711.94,712.8,8.11,
1789575660000,2026-09-16T16:21:00.000Z,712.8,712.8,711.86,712.24,3.32,
1789575840000,2026-09-16T16:24:00.000Z,712.24,712.24,711.81,712.23,2.94,
1789576020000,2026-09-16T16:27:00.000Z,712.23,712.24,711.82,712.07,21.66,
1789576200000,2026-09-16T16:30:00.000Z,712.07,712.65,712.07,712.5,4.51,
1789576380000,2026-09-16T16:33:00.000Z,712.5,712.5,712.11,712.22,0.17,
1789576560000,2026-09-16T16:36:00.000Z,712.22,712.38,711.78,711.79,0.46,
1789576740000,2026-09-16T16:39:00.000Z,711.79,711.94,711.31,711.58,3.6,
1789576920000,2026-09-16T16:42:00.000Z,711.58,711.58,711.19,711.21,26.49,
1789577100000,2026-09-16T16:45:00.000Z,711.21,713.08,711.21,713.08,3.66,
1789577280000,2026-09-16T16:48:00.000Z,713.08,713.08,712.3,712.51,71.02,
1789577460000,2026-09-16T16:51:00.000Z,712.51,713.08,712.51,713.07,2.56,
1789577640000,2026-09-16T16:54:00.000Z,713.07,713.33,713.02,713.07,3.69,
1789577820000,2026-09-16T16:57:00.000Z,713.07,713.07,712.89,712.89,6.43,
1789578000000,2026-09-16T17:00:00.000Z,712.89,712.89,712.41,712.54,52.97,
1789578180000,2026-09-16T17:03:00.000Z,712.54,712.75,712.16,712.23,17.96,
1789578360000,2026-09-16T17:06:00.000Z,712.23,712.46,712.14,712.46,3.63,
1789578540000,2026-09-16T17:09:00.000Z,712.46,712.46,711.77,712.21,12.82,
1789578720000,2026-09-16T17:12:00.000Z,712.21,712.66,712.21,712.48,1.84,
1789578900000,2026-09-16T17:15:00.000Z,712.48,713.29,712.48,713.03,6.45,
1789579080000,2026-09-16T17:18:00.000Z,713.03,713.03,712.36,712.52,0.71,
1789579260000,2026-09-16T17:21:00.000Z,712.52,712.97,712.08,712.82,25.04,
1789579440000,2026-09-16T17:24:00.000Z,712.82,712.91,712.6,712.91,1.34,
1789579620000,2026-09-16T17:27:00.000Z,712.91,712.91,712.8,712.8,1.4,
1789579800000,2026-09-16T17:30:00.000Z,712.8,713.01,712.61,712.97,0.32,
1789579980000,2026-09-16T17:33:00.000Z,712.97,712.97,710.94,711.82,16.91,
1789580160000,2026-09-16T17:36:00.000Z,711.82,712.29,710.93,711.26,12.33,
1789580340000,2026-09-16T17:39:00.000Z,711.26,711.26,710.4,710.72,6.94,
1789580520000,2026-09-16T17:42:00.000Z,710.72,710.72,709.82,710.49,35.18,
1789580700000,2026-09-16T17:45:00.000Z,710.49,711.45,710.49,711.33,3.37,
1789580880000,2026-09-16T17:48:00.000Z,711.33,711.6,708.22,709.56,339.37,
1789581060000,2026-09-16T17:51:00.000Z,709.56,709.85,709.34,709.44,22.6,
1789581240000,2026-09-16T17:54:00.000Z,709.44,711.17,709.44,710.7,9.7,
1789581420000,2026-09-16T17:57:00.000Z,710.7,713.87,710.7,712.83,127.11,
1789581600000,2026-09-16T18:00:00.000Z,712.83,715.99,710.06,712.65,993.17,
1789581780000,2026-09-16T18:03:00.000Z,712.65,719.05,712.18,718.47,146.93,
1789581960000,2026-09-16T18:06:00.000Z,718.47,720.77,717.72,720.3,161.9,
1789582140000,2026-09-16T18:09:00.000Z,720.3,720.48,717.55,717.93,98.69,
1789582320000,2026-09-16T18:12:00.000Z,717.93,717.99,714.33,714.85,136.02,
1789582500000,2026-09-16T18:15:00.000Z,714.85,716.05,714.85,715.41,47.26,
1789582680000,2026-09-16T18:18:00.000Z,715.41,716.66,715.1,716.47,40.01,
1789582860000,2026-09-16T18:21:00.000Z,716.47,717.15,716.12,717.15,10.54,
1789583040000,2026-09-16T18:24:00.000Z,717.15,717.15,715.8,716.64,21.14,
1789583220000,2026-09-16T18:27:00.000Z,716.64,718.28,715.07,718.08,237.36,
1789583400000,2026-09-16T18:30:00.000Z,718.08,718.08,715.13,715.39,140.05,
1789583580000,2026-09-16T18:33:00.000Z,715.39,715.39,711.77,711.91,49.69,
1789583760000,2026-09-16T18:36:00.000Z,711.91,715.68,710.12,714.97,112.89,
1789583940000,2026-09-16T18:39:00.000Z,714.97,717.24,714.97,716.98,220.93,
1789584120000,2026-09-16T18:42:00.000Z,716.98,720.57,716.98,717.94,208.97,
1789584300000,2026-09-16T18:45:00.000Z,717.94,718.4,716.34,716.34,49.62,
1789584480000,2026-09-16T18:48:00.000Z,716.34,717.07,715.31,715.31,23.58,
1789584660000,2026-09-16T18:51:00.000Z,715.31,717.03,714.51,714.6,55.13,
1789584840000,2026-09-16T18:54:00.000Z,714.6,715.18,713.65,714.51,21.66,
1789585020000,2026-09-16T18:57:00.000Z,714.51,715.59,713.8,714.97,27.72,
1789585200000,2026-09-16T19:00:00.000Z,714.97,718.73,714.97,717.71,54.33,
1789585380000,2026-09-16T19:03:00.000Z,717.71,719.12,717.34,717.8,52.45,
1789585560000,2026-09-16T19:06:00.000Z,717.8,718.81,717.4,717.62,8.44,
1789585740000,2026-09-16T19:09:00.000Z,717.62,717.62,715.88,715.88,148.8,
1789585920000,2026-09-16T19:12:00.000Z,715.88,716.95,715.39,716.95,11.68,
1789586100000,2026-09-16T19:15:00.000Z,716.95,717.58,715.64,715.75,3.16,
1789586280000,2026-09-16T19:18:00.000Z,715.75,716.65,714.68,715,20.32,
1789586460000,2026-09-16T19:21:00.000Z,715,715,713.71,713.71,65.37,
1789586640000,2026-09-16T19:24:00.000Z,713.71,713.89,712.22,712.22,9.85,
1789586820000,2026-09-16T19:27:00.000Z,712.22,714.28,712.05,714.28,4.33,
1789587000000,2026-09-16T19:30:00.000Z,714.28,715.53,714.03,715.53,22.36,
1789587180000,2026-09-16T19:33:00.000Z,715.53,717.51,715.01,717.16,41.85,
1789587360000,2026-09-16T19:36:00.000Z,717.16,717.41,715.77,717.01,4.16,
1789587540000,2026-09-16T19:39:00.000Z,717.01,717.5,716.61,717.02,54.6,
1789587720000,2026-09-16T19:42:00.000Z,717.02,717.85,717.02,717.84,3.18,
1789587900000,2026-09-16T19:45:00.000Z,717.84,719.11,717.84,719.01,10.62,
1789588080000,2026-09-16T19:48:00.000Z,719.01,719.41,719.01,719.14,33.71,
1789588260000,2026-09-16T19:51:00.000Z,719.14,719.14,718.79,718.86,4.24,
1789588440000,2026-09-16T19:54:00.000Z,718.86,719.04,718.69,718.88,0.12,
1789588620000,2026-09-16T19:57:00.000Z,718.88,719.02,718.38,718.58,25.39,
1789588800000,2026-09-16T20:00:00.000Z,718.58,719.64,718.37,719.58,12.54,
1789588980000,2026-09-16T20:03:00.000Z,719.58,721.12,719.58,721.12,107.17,
1789589160000,2026-09-16T20:06:00.000Z,721.12,721.28,719.38,719.38,71.11,
1789589340000,2026-09-16T20:09:00.000Z,719.38,719.38,718.93,719.25,13.04,
1789589520000,2026-09-16T20:12:00.000Z,719.25,719.91,718.91,719.04,184.7,
1789589700000,2026-09-16T20:15:00.000Z,719.04,719.63,718.3,719.63,53.72,
1789589880000,2026-09-16T20:18:00.000Z,719.63,720.2,718.86,720.15,24.67,
1789590060000,2026-09-16T20:21:00.000Z,720.15,720.77,720.12,720.32,41.89,
1789590240000,2026-09-16T20:24:00.000Z,720.32,720.44,719.35,719.35,10.12,
1789590420000,2026-09-16T20:27:00.000Z,719.35,719.37,718.28,719.28,19.19,
1789590600000,2026-09-16T20:30:00.000Z,719.28,719.56,718.97,718.98,3.54,
1789590780000,2026-09-16T20:33:00.000Z,718.98,720.4,718.97,719.61,36.14,
1789590960000,2026-09-16T20:36:00.000Z,719.61,719.61,719.17,719.36,2.6,
1789591140000,2026-09-16T20:39:00.000Z,719.36,719.36,718.47,718.47,10.18,
1789591320000,2026-09-16T20:42:00.000Z,718.47,718.83,718.26,718.57,50.88,
1789591500000,2026-09-16T20:45:00.000Z,718.57,718.8,718.38,718.8,28.12,
1789591680000,2026-09-16T20:48:00.000Z,718.8,719.79,718.78,719.2,88.78,
1789591860000,2026-09-16T20:51:00.000Z,719.2,719.39,718.88,719.07,11.38,
1789592040000,2026-09-16T20:54:00.000Z,719.07,719.53,719.01,719.34,20.82,
1789592220000,2026-09-16T20:57:00.000Z,719.34,720.02,719.34,719.85,4.46,
1789592400000,2026-09-16T21:00:00.000Z,719.85,720.19,719.85,720,10.14,
1789592580000,2026-09-16T21:03:00.000Z,720,720.1,719.69,719.69,7.78,
1789592760000,2026-09-16T21:06:00.000Z,719.69,720.35,719.69,720,0.2,
1789592940000,2026-09-16T21:09:00.000Z,720,720.22,719.74,719.74,35.92,
1789593120000,2026-09-16T21:12:00.000Z,719.74,719.74,719.33,719.55,0.5,
1789593300000,2026-09-16T21:15:00.000Z,719.55,719.89,719.55,719.73,15.44,
1789593480000,2026-09-16T21:18:00.000Z,719.73,719.73,719.4,719.59,4.13,
1789593660000,2026-09-16T21:21:00.000Z,719.59,719.8,719.48,719.48,2.87,
1789593840000,2026-09-16T21:24:00.000Z,719.48,719.77,719.3,719.77,5.53,
1789594020000,2026-09-16T21:27:00.000Z,719.77,720.61,719.6,719.79,18.1,
1789594200000,2026-09-16T21:30:00.000Z,719.79,720.27,719.7,719.75,0.64,
1789594380000,2026-09-16T21:33:00.000Z,719.75,719.75,719.58,719.6,0.25,
1789594560000,2026-09-16T21:36:00.000Z,719.6,719.89,719.01,719.09,33.43,
1789594740000,2026-09-16T21:39:00.000Z,719.09,719.38,718.85,719.38,13.04,
1789594920000,2026-09-16T21:42:00.000Z,719.38,719.48,719.35,719.48,1.58,
1789595100000,2026-09-16T21:45:00.000Z,719.48,719.57,719.23,719.23,53.59,
1789595280000,2026-09-16T21:48:00.000Z,719.23,719.81,719.23,719.71,7.92,
1789595460000,2026-09-16T21:51:00.000Z,719.71,719.82,719.71,719.82,0.02,
1789595640000,2026-09-16T21:54:00.000Z,719.82,720.43,719.73,720.12,29.99,
1789595820000,2026-09-16T21:57:00.000Z,720.12,720.38,720.12,720.33,0.65,
1789596000000,2026-09-16T22:00:00.000Z,720.33,720.64,717.91,718.44,131.34,
1789596180000,2026-09-16T22:03:00.000Z,718.44,719.78,717.8,718.26,37.01,
1789596360000,2026-09-16T22:06:00.000Z,718.26,718.26,717.59,717.59,19.13,
1789596540000,2026-09-16T22:09:00.000Z,717.59,718.07,717.59,717.88,15.21,
1789596720000,2026-09-16T22:12:00.000Z,717.88,719.28,717.88,719.28,22.15,
1789596900000,2026-09-16T22:15:00.000Z,719.28,720.21,719.2,719.47,16.96,
1789597080000,2026-09-16T22:18:00.000Z,719.47,719.5,718.44,718.7,5.61,
1789597260000,2026-09-16T22:21:00.000Z,718.7,718.76,717.99,718,2.15,
1789597440000,2026-09-16T22:24:00.000Z,718,718.91,718,718.86,4.22,
1789597620000,2026-09-16T22:27:00.000Z,718.86,719.03,718.81,718.81,2.55,
1789597800000,2026-09-16T22:30:00.000Z,718.81,718.81,718.22,718.27,11.78,
1789597980000,2026-09-16T22:33:00.000Z,718.27,718.46,718.24,718.46,0.24,
1789598160000,2026-09-16T22:36:00.000Z,718.46,718.74,718.12,718.69,8.03,
1789598340000,2026-09-16T22:39:00.000Z,718.69,718.99,718.6,718.79,7.48,
1789598520000,2026-09-16T22:42:00.000Z,718.79,719.06,718.75,719.06,2.92,
1789598700000,2026-09-16T22:45:00.000Z,719.06,719.3,719.06,719.08,25.06,
1789598880000,2026-09-16T22:48:00.000Z,719.08,719.08,718.24,718.24,8.56,
1789599060000,2026-09-16T22:51:00.000Z,718.24,718.28,717.78,718.14,15.33,
1789599240000,2026-09-16T22:54:00.000Z,718.14,718.16,717.88,718.16,4.16,
1789599420000,2026-09-16T22:57:00.000Z,718.16,718.56,718.16,718.46,5.14,
1789599600000,2026-09-16T23:00:00.000Z,718.46,718.65,717.93,718.49,128.3,
1789599780000,2026-09-16T23:03:00.000Z,718.49,719.29,718.36,719.29,8.99,
1789599960000,2026-09-16T23:06:00.000Z,719.29,719.47,718.99,719.4,4.93,
1789600140000,2026-09-16T23:09:00.000Z,719.4,719.63,719.4,719.54,7.27,
1789600320000,2026-09-16T23:12:00.000Z,719.54,719.73,719.44,719.66,9.47,
1789600500000,2026-09-16T23:15:00.000Z,719.66,721.27,719.66,721.22,57.24,
1789600680000,2026-09-16T23:18:00.000Z,721.22,722.31,721.22,722.31,115.12,
1789600860000,2026-09-16T23:21:00.000Z,722.31,723.12,722.25,723.04,147.33,
1789601040000,2026-09-16T23:24:00.000Z,723.04,723.4,722.71,722.98,42.05,
1789601220000,2026-09-16T23:27:00.000Z,722.98,723.79,722.98,723.35,14.1,
1789601400000,2026-09-16T23:30:00.000Z,723.35,724.38,723.35,724.11,24.94,
1789601580000,2026-09-16T23:33:00.000Z,724.11,724.51,724.04,724.15,45.01,
1789601760000,2026-09-16T23:36:00.000Z,724.15,724.16,723.57,723.89,10.84,
1789601940000,2026-09-16T23:39:00.000Z,723.89,725.92,723.89,725.47,225.28,
1789602120000,2026-09-16T23:42:00.000Z,725.47,726.11,725.35,725.7,45.16,
1789602300000,2026-09-16T23:45:00.000Z,725.7,725.71,725.16,725.16,19.3,
1789602480000,2026-09-16T23:48:00.000Z,725.16,725.69,724.48,725.69,20.11,
1789602660000,2026-09-16T23:51:00.000Z,725.69,726.29,725.61,725.85,3.14,
1789602840000,2026-09-16T23:54:00.000Z,725.85,726.19,725.36,725.4,24.58,
1789603020000,2026-09-16T23:57:00.000Z,725.4,725.89,725.14,725.36,14.33,
1789603200000,2026-09-17T00:00:00.000Z,725.36,726.23,725.21,725.86,39.16,
1789603380000,2026-09-17T00:03:00.000Z,725.86,726.36,725.07,725.21,9.06,
1789603560000,2026-09-17T00:06:00.000Z,725.21,725.89,725.03,725.89,9.52,
1789603740000,2026-09-17T00:09:00.000Z,725.89,726.37,725.59,726.08,28.2,
1789603920000,2026-09-17T00:12:00.000Z,726.08,726.34,724.92,725.41,2.14,
1789604100000,2026-09-17T00:15:00.000Z,725.41,726.16,725.34,726.16,11.1,
1789604280000,2026-09-17T00:18:00.000Z,726.16,726.79,725.81,726.79,10.07,
1789604460000,2026-09-17T00:21:00.000Z,726.79,727.73,726.51,727.73,21.56,
1789604640000,2026-09-17T00:24:00.000Z,727.73,728.61,727.62,727.95,26.41,
1789604820000,2026-09-17T00:27:00.000Z,727.95,728.19,727.3,727.38,8.84,
1789605000000,2026-09-17T00:30:00.000Z,727.38,727.78,727.3,727.64,26.11,
1789605180000,2026-09-17T00:33:00.000Z,727.64,728.42,727.01,727.26,14.9,
1789605360000,2026-09-17T00:36:00.000Z,727.26,727.42,725.96,726.6,35.02,
1789605540000,2026-09-17T00:39:00.000Z,726.6,726.94,726.41,726.58,23.5,
1789605720000,2026-09-17T00:42:00.000Z,726.58,726.62,725.78,725.78,13.5,
1789605900000,2026-09-17T00:45:00.000Z,725.78,725.78,724.75,724.9,41.51,
1789606080000,2026-09-17T00:48:00.000Z,724.9,725.35,724.45,724.62,25.11,
1789606260000,2026-09-17T00:51:00.000Z,724.62,724.75,724.32,724.36,77.05,
1789606440000,2026-09-17T00:54:00.000Z,724.36,724.53,724.19,724.29,22.63,
1789606620000,2026-09-17T00:57:00.000Z,724.29,724.29,724.04,724.04,4.53,
1789606800000,2026-09-17T01:00:00.000Z,724.04,724.04,722.87,722.92,20.07,
1789606980000,2026-09-17T01:03:00.000Z,722.92,723.57,722.85,723.47,34.5,
1789607160000,2026-09-17T01:06:00.000Z,723.47,724.69,723.46,724,8.41,
1789607340000,2026-09-17T01:09:00.000Z,724,724,723.4,723.73,5.32,
1789607520000,2026-09-17T01:12:00.000Z,723.73,724.51,723.73,724.51,0.84,
1789607700000,2026-09-17T01:15:00.000Z,724.51,724.78,724.28,724.39,4.84,
1789607880000,2026-09-17T01:18:00.000Z,724.39,725.78,724.39,725.61,5.67,
1789608060000,2026-09-17T01:21:00.000Z,725.61,726,725.28,725.58,10.79,
1789608240000,2026-09-17T01:24:00.000Z,725.58,727.68,725.58,726.73,59,
1789608420000,2026-09-17T01:27:00.000Z,726.73,727.99,726.6,727.87,17.27,
1789608600000,2026-09-17T01:30:00.000Z,727.87,728.56,727.36,728.28,20.26,
1789608780000,2026-09-17T01:33:00.000Z,728.28,728.28,726.8,727.3,38.81,
1789608960000,2026-09-17T01:36:00.000Z,727.3,728.76,727.14,727.51,6.85,
1789609140000,2026-09-17T01:39:00.000Z,727.51,727.51,726,726,2.88,
1789609320000,2026-09-17T01:42:00.000Z,726,727,726,727,16.58,
1789609500000,2026-09-17T01:45:00.000Z,727,727,726.25,726.29,1.81,
1789609680000,2026-09-17T01:48:00.000Z,726.29,726.58,725.92,725.92,1.64,
1789609860000,2026-09-17T01:51:00.000Z,725.92,726.15,725.6,725.66,11.05,
1789610040000,2026-09-17T01:54:00.000Z,725.66,725.71,725.12,725.66,17.31,
1789610220000,2026-09-17T01:57:00.000Z,725.66,725.7,725.13,725.13,9.39,
1789610400000,2026-09-17T02:00:00.000Z,725.13,725.41,724.67,724.67,5.87,
1789610580000,2026-09-17T02:03:00.000Z,724.67,724.87,724.39,724.39,9.7,
1789610760000,2026-09-17T02:06:00.000Z,724.39,724.39,723.45,723.77,8.43,
1789610940000,2026-09-17T02:09:00.000Z,723.77,723.77,722.85,722.85,7.18,
1789611120000,2026-09-17T02:12:00.000Z,722.85,723.2,722.5,723.2,14.03,
1789611300000,2026-09-17T02:15:00.000Z,723.2,723.2,722.41,722.77,0.47,
1789611480000,2026-09-17T02:18:00.000Z,722.77,722.77,721.98,722.45,12.55,
1789611660000,2026-09-17T02:21:00.000Z,722.45,722.73,722.03,722.33,0.6,
1789611840000,2026-09-17T02:24:00.000Z,722.33,723.35,722.33,723.35,2.41,
1789612020000,2026-09-17T02:27:00.000Z,723.35,723.51,723.14,723.14,3.66,
1789612200000,2026-09-17T02:30:00.000Z,723.14,723.14,722.69,722.69,0.37,
1789612380000,2026-09-17T02:33:00.000Z,722.69,723.49,722.45,723.49,33.72,
1789612560000,2026-09-17T02:36:00.000Z,723.49,724.33,723.49,724.33,2.63,
1789612740000,2026-09-17T02:39:00.000Z,724.33,724.71,723.96,724.68,17.75,
1789612920000,2026-09-17T02:42:00.000Z,724.68,724.91,724.58,724.87,4.16,
1789613100000,2026-09-17T02:45:00.000Z,724.87,724.87,723.74,723.74,10.88,
1789613280000,2026-09-17T02:48:00.000Z,723.74,724.17,723.6,724.06,10.63,
1789613460000,2026-09-17T02:51:00.000Z,724.06,724.45,723.16,723.16,16.88,
1789613640000,2026-09-17T02:54:00.000Z,723.16,723.76,723.02,723.34,52.94,
1789613820000,2026-09-17T02:57:00.000Z,723.34,723.36,723.14,723.23,6.24,
1789614000000,2026-09-17T03:00:00.000Z,723.23,724.1,723.23,724.03,7.34,
1789614180000,2026-09-17T03:03:00.000Z,724.03,725.43,724.03,725.43,7.28,
1789614360000,2026-09-17T03:06:00.000Z,725.43,725.43,725.02,725.2,7.16,
1789614540000,2026-09-17T03:09:00.000Z,725.2,725.2,724.63,724.71,1.68,
1789614720000,2026-09-17T03:12:00.000Z,724.71,724.89,724.62,724.88,6.63,
1789614900000,2026-09-17T03:15:00.000Z,724.88,724.93,724.68,724.79,1.67,
1789615080000,2026-09-17T03:18:00.000Z,724.79,724.79,724.3,724.54,12.29,
1789615260000,2026-09-17T03:21:00.000Z,724.54,725.14,724.54,725.14,0.21,
1789615440000,2026-09-17T03:24:00.000Z,725.14,725.79,725.14,725.66,4.48,
1789615620000,2026-09-17T03:27:00.000Z,725.66,725.85,725.56,725.85,4.91,
1789615800000,2026-09-17T03:30:00.000Z,725.85,725.94,725.51,725.63,7.97,
1789615980000,2026-09-17T03:33:00.000Z,725.63,726.14,725.45,725.45,35.18,
1789616160000,2026-09-17T03:36:00.000Z,725.45,725.78,725.29,725.29,3.79,
1789616340000,2026-09-17T03:39:00.000Z,725.29,725.39,725.13,725.35,4.06,
1789616520000,2026-09-17T03:42:00.000Z,725.35,725.35,724.84,725.25,2.83,
1789616700000,2026-09-17T03:45:00.000Z,725.25,725.52,725.13,725.21,10.72,
1789616880000,2026-09-17T03:48:00.000Z,725.21,725.22,725.13,725.22,7.06,
1789617060000,2026-09-17T03:51:00.000Z,725.22,725.3,724.93,724.93,32.76,
1789617240000,2026-09-17T03:54:00.000Z,724.93,725.28,724.93,725.16,4.3,
1789617420000,2026-09-17T03:57:00.000Z,725.16,725.46,725.05,725.11,4.33,
1789617600000,2026-09-17T04:00:00.000Z,725.11,725.12,724.68,725.01,0.46,
1789617780000,2026-09-17T04:03:00.000Z,725.01,725.01,724.34,724.69,7.08,
1789617960000,2026-09-17T04:06:00.000Z,724.69,724.7,724.4,724.48,11.78,
1789618140000,2026-09-17T04:09:00.000Z,724.48,724.48,724.26,724.26,4.41,
1789618320000,2026-09-17T04:12:00.000Z,724.26,724.26,724.05,724.26,2.69,
1789618500000,2026-09-17T04:15:00.000Z,724.26,724.33,724.14,724.14,2.26,
1789618680000,2026-09-17T04:18:00.000Z,724.14,724.14,723.77,723.77,0.57,
1789618860000,2026-09-17T04:21:00.000Z,723.77,723.77,723.09,723.16,2.16,
1789619040000,2026-09-17T04:24:00.000Z,723.16,723.16,722.07,722.07,8.75,
1789619220000,2026-09-17T04:27:00.000Z,722.07,722.95,722.07,722.95,50.94,
1789619400000,2026-09-17T04:30:00.000Z,722.95,722.95,722.12,722.76,3.13,
1789619580000,2026-09-17T04:33:00.000Z,722.76,722.95,722.5,722.95,14.61,
1789619760000,2026-09-17T04:36:00.000Z,722.95,723.92,722.95,723.89,15.26,
1789619940000,2026-09-17T04:39:00.000Z,723.89,724.61,723.89,723.97,10.11,
1789620120000,2026-09-17T04:42:00.000Z,723.97,724.16,723.87,723.87,1.17,
1789620300000,2026-09-17T04:45:00.000Z,723.87,723.98,723.82,723.98,0.02,
1789620480000,2026-09-17T04:48:00.000Z,723.98,724.82,723.98,724.72,7.55,
1789620660000,2026-09-17T04:51:00.000Z,724.72,725,724.44,724.44,1.6,
1789620840000,2026-09-17T04:54:00.000Z,724.44,724.44,724.04,724.32,6.85,
1789621020000,2026-09-17T04:57:00.000Z,724.32,725.12,724.32,725.12,4.28,
1789621200000,2026-09-17T05:00:00.000Z,725.12,726.15,725.12,725.94,9.91,
1789621380000,2026-09-17T05:03:00.000Z,725.94,726.08,725.62,725.79,3.79,
1789621560000,2026-09-17T05:06:00.000Z,725.79,725.99,725.65,725.92,15.62,
1789621740000,2026-09-17T05:09:00.000Z,725.92,726.49,725.83,725.83,7.89,
1789621920000,2026-09-17T05:12:00.000Z,725.83,725.84,725.7,725.7,26.46,
1789622100000,2026-09-17T05:15:00.000Z,725.7,725.7,725.32,725.32,0.03,
1789622280000,2026-09-17T05:18:00.000Z,725.32,725.65,725.32,725.44,8.82,
1789622460000,2026-09-17T05:21:00.000Z,725.44,725.68,725.28,725.48,1.64,
1789622640000,2026-09-17T05:24:00.000Z,725.48,726.18,725.48,725.75,12.27,
1789622820000,2026-09-17T05:27:00.000Z,725.75,725.75,725.38,725.56,3.81,
1789623000000,2026-09-17T05:30:00.000Z,725.56,725.56,724.79,724.85,23.11,
1789623180000,2026-09-17T05:33:00.000Z,724.85,725.99,724.85,725.43,38.44,
1789623360000,2026-09-17T05:36:00.000Z,725.43,725.43,725,725,1.68,
1789623540000,2026-09-17T05:39:00.000Z,725,725,724.58,724.58,2.54,
1789623720000,2026-09-17T05:42:00.000Z,724.58,724.68,724.58,724.59,1.21,
1789623900000,2026-09-17T05:45:00.000Z,724.59,724.8,724.54,724.77,11.3,
1789624080000,2026-09-17T05:48:00.000Z,724.77,725.05,724.77,725.04,0.04,
1789624260000,2026-09-17T05:51:00.000Z,725.04,725.61,725.04,725.24,21.07,
1789624440000,2026-09-17T05:54:00.000Z,725.24,725.24,724.9,724.91,5.05,
1789624620000,2026-09-17T05:57:00.000Z,724.91,724.91,724.39,724.44,5.39,
1789624800000,2026-09-17T06:00:00.000Z,724.44,724.52,724.32,724.52,0.77,
1789624980000,2026-09-17T06:03:00.000Z,724.52,725.5,724.52,725.5,1.34,
1789625160000,2026-09-17T06:06:00.000Z,725.5,725.8,725.37,725.52,8.28,
1789625340000,2026-09-17T06:09:00.000Z,725.52,725.52,725.52,725.52,0,
1789625520000,2026-09-17T06:12:00.000Z,725.52,725.52,725.47,725.47,0.01,
1789625700000,2026-09-17T06:15:00.000Z,725.47,725.47,724.47,724.47,0.15,
1789625880000,2026-09-17T06:18:00.000Z,724.47,724.5,724.26,724.26,0.93,
1789626060000,2026-09-17T06:21:00.000Z,724.26,724.26,724.01,724.08,2,
1789626240000,2026-09-17T06:24:00.000Z,724.08,724.08,723.55,723.68,7.61,
1789626420000,2026-09-17T06:27:00.000Z,723.68,724.37,723.62,724.37,12.18,
1789626600000,2026-09-17T06:30:00.000Z,724.37,724.89,724.37,724.56,4.89,
1789626780000,2026-09-17T06:33:00.000Z,724.56,724.8,724.36,724.8,0.67,
1789626960000,2026-09-17T06:36:00.000Z,724.8,725.28,724.8,725.23,9.31,
1789627140000,2026-09-17T06:39:00.000Z,725.23,725.64,725.05,725.64,9.15,
1789627320000,2026-09-17T06:42:00.000Z,725.64,725.82,725.37,725.45,6.82,
1789627500000,2026-09-17T06:45:00.000Z,725.45,725.86,725.45,725.54,6.52,
1789627680000,2026-09-17T06:48:00.000Z,725.54,725.54,725.24,725.24,4.02,
1789627860000,2026-09-17T06:51:00.000Z,725.24,725.33,725.18,725.33,0.97,
1789628040000,2026-09-17T06:54:00.000Z,725.33,725.33,725,725,1.7,
1789628220000,2026-09-17T06:57:00.000Z,725,725.36,725,725.36,11.07,
1789628400000,2026-09-17T07:00:00.000Z,725.36,725.95,725.36,725.55,4.81,
1789628580000,2026-09-17T07:03:00.000Z,725.55,725.91,725.15,725.91,1.94,
1789628760000,2026-09-17T07:06:00.000Z,725.91,726.8,725.91,726.52,53.7,
1789628940000,2026-09-17T07:09:00.000Z,726.52,726.84,726.37,726.73,14.79,
1789629120000,2026-09-17T07:12:00.000Z,726.73,726.73,725.55,725.66,13.6,
1789629300000,2026-09-17T07:15:00.000Z,725.66,726.17,725.5,726.17,7.56,
1789629480000,2026-09-17T07:18:00.000Z,726.17,726.44,725.43,725.58,11.79,
1789629660000,2026-09-17T07:21:00.000Z,725.58,726.02,725.57,725.82,1.08,
1789629840000,2026-09-17T07:24:00.000Z,725.82,726.04,725.7,726.04,33.7,
1789630020000,2026-09-17T07:27:00.000Z,726.04,726.04,725.49,725.54,7.42,
1789630200000,2026-09-17T07:30:00.000Z,725.54,725.72,725.51,725.72,0.44,
1789630380000,2026-09-17T07:33:00.000Z,725.72,726.02,725.56,725.56,17.18,
1789630560000,2026-09-17T07:36:00.000Z,725.56,725.66,725.44,725.66,7.94,
1789630740000,2026-09-17T07:39:00.000Z,725.66,725.66,725.1,725.29,13.09,
1789630920000,2026-09-17T07:42:00.000Z,725.29,725.3,724.79,724.79,3.35,
1789631100000,2026-09-17T07:45:00.000Z,724.79,724.81,724.45,724.51,13.43,
1789631280000,2026-09-17T07:48:00.000Z,724.51,724.74,724.51,724.6,1.35,
1789631460000,2026-09-17T07:51:00.000Z,724.6,724.6,724.44,724.44,0.24,
1789631640000,2026-09-17T07:54:00.000Z,724.44,724.44,723.78,723.78,15.53,
1789631820000,2026-09-17T07:57:00.000Z,723.78,723.86,723.66,723.71,4.48,
1789632000000,2026-09-17T08:00:00.000Z,723.71,724.12,723.71,724.12,5.49,
1789632180000,2026-09-17T08:03:00.000Z,724.12,724.45,724.01,724.22,8.23,
1789632360000,2026-09-17T08:06:00.000Z,724.22,724.94,724.2,724.94,13.7,
1789632540000,2026-09-17T08:09:00.000Z,724.94,724.94,724.47,724.85,7.62,
1789632720000,2026-09-17T08:12:00.000Z,724.85,724.85,724.13,724.31,75.56,
1789632900000,2026-09-17T08:15:00.000Z,724.31,724.88,724.19,724.19,9.19,
1789633080000,2026-09-17T08:18:00.000Z,724.19,724.5,723.95,724.44,21.78,
1789633260000,2026-09-17T08:21:00.000Z,724.44,724.92,724.44,724.92,0.19,
1789633440000,2026-09-17T08:24:00.000Z,724.92,724.99,724.54,724.54,13.87,
1789633620000,2026-09-17T08:27:00.000Z,724.54,724.54,724.16,724.16,4.57,
1789633800000,2026-09-17T08:30:00.000Z,724.16,724.2,723.72,724.2,17.66,
1789633980000,2026-09-17T08:33:00.000Z,724.2,724.2,723.96,724.06,0.58,
1789634160000,2026-09-17T08:36:00.000Z,724.06,725.28,723.98,725.28,3.79,
1789634340000,2026-09-17T08:39:00.000Z,725.28,725.4,724.96,725.25,9.92,
1789634520000,2026-09-17T08:42:00.000Z,725.25,725.28,724.72,725.28,1.26,
1789634700000,2026-09-17T08:45:00.000Z,725.28,725.7,725.28,725.7,2.34,
1789634880000,2026-09-17T08:48:00.000Z,725.7,725.9,725.7,725.88,1.77,
1789635060000,2026-09-17T08:51:00.000Z,725.88,726.33,725.84,725.84,7.51,
1789635240000,2026-09-17T08:54:00.000Z,725.84,725.91,725.74,725.74,6.23,
1789635420000,2026-09-17T08:57:00.000Z,725.74,725.75,725.66,725.67,0.12,
1789635600000,2026-09-17T09:00:00.000Z,725.67,726.43,725.51,726.04,14.58,
1789635780000,2026-09-17T09:03:00.000Z,726.04,726.18,725.95,726.16,0.55,
1789635960000,2026-09-17T09:06:00.000Z,726.16,726.55,726.01,726.01,32.13,
1789636140000,2026-09-17T09:09:00.000Z,726.01,726.94,726.01,726.94,87.97,
1789636320000,2026-09-17T09:12:00.000Z,726.94,726.96,726.19,726.35,16.04,
1789636500000,2026-09-17T09:15:00.000Z,726.35,726.48,726.18,726.18,15.59,
1789636680000,2026-09-17T09:18:00.000Z,726.18,726.81,726.18,726.6,10.18,
1789636860000,2026-09-17T09:21:00.000Z,726.6,726.6,726.23,726.47,2.84,
1789637040000,2026-09-17T09:24:00.000Z,726.47,726.58,726.36,726.39,4.44,
1789637220000,2026-09-17T09:27:00.000Z,726.39,726.64,726,726,6.74,
1789637400000,2026-09-17T09:30:00.000Z,726,726,725.86,725.9,159.37,
1789637580000,2026-09-17T09:33:00.000Z,725.9,726.29,725.9,726.19,25.34,
1789637760000,2026-09-17T09:36:00.000Z,726.19,726.55,726.18,726.19,17.85,
1789637940000,2026-09-17T09:39:00.000Z,726.19,726.21,726.07,726.07,14.87,
1789638120000,2026-09-17T09:42:00.000Z,726.07,726.07,725.64,725.76,7.23,
1789638300000,2026-09-17T09:45:00.000Z,725.76,726.27,725.5,725.5,8.19,
1789638480000,2026-09-17T09:48:00.000Z,725.5,725.5,725.03,725.21,14.62,
1789638660000,2026-09-17T09:51:00.000Z,725.21,725.22,724.7,725.04,11.46,
1789638840000,2026-09-17T09:54:00.000Z,725.04,725.88,725.04,725.3,48.47,
1789639020000,2026-09-17T09:57:00.000Z,725.3,725.46,725.02,725.02,15.54,
1789639200000,2026-09-17T10:00:00.000Z,725.02,725.17,723.9,723.91,5.04,
1789639380000,2026-09-17T10:03:00.000Z,723.91,725.2,723.85,724.76,47.13,
1789639560000,2026-09-17T10:06:00.000Z,724.76,724.76,724.34,724.45,16.27,
1789639740000,2026-09-17T10:09:00.000Z,724.45,724.45,724.07,724.07,0.13,
1789639920000,2026-09-17T10:12:00.000Z,724.07,724.2,723.9,723.97,4.15,
1789640100000,2026-09-17T10:15:00.000Z,723.97,723.97,723.08,723.08,15.14,
1789640280000,2026-09-17T10:18:00.000Z,723.08,723.46,723,723,24.91,
1789640460000,2026-09-17T10:21:00.000Z,723,723,722.49,722.64,10.68,
1789640640000,2026-09-17T10:24:00.000Z,722.64,722.86,722.34,722.66,44.96,
1789640820000,2026-09-17T10:27:00.000Z,722.66,722.86,722.66,722.71,4.18,
1789641000000,2026-09-17T10:30:00.000Z,722.71,722.71,722.09,722.09,28.84,
1789641180000,2026-09-17T10:33:00.000Z,722.09,722.32,722.09,722.32,5.88,
1789641360000,2026-09-17T10:36:00.000Z,722.32,723,722.32,723,11.19,
1789641540000,2026-09-17T10:39:00.000Z,723,723.15,722.92,722.92,4.04,
1789641720000,2026-09-17T10:42:00.000Z,722.92,723.12,722.36,722.36,20.84,
1789641900000,2026-09-17T10:45:00.000Z,722.36,722.37,722.15,722.2,3.69,
1789642080000,2026-09-17T10:48:00.000Z,722.2,722.48,722.01,722.42,6.22,
1789642260000,2026-09-17T10:51:00.000Z,722.42,722.6,722.42,722.6,2.35,
1789642440000,2026-09-17T10:54:00.000Z,722.6,722.89,722.6,722.82,12.03,
1789642620000,2026-09-17T10:57:00.000Z,722.82,723.07,722.74,723.07,6.97,
1789642800000,2026-09-17T11:00:00.000Z,723.07,723.35,722.95,723.28,4.04,
1789642980000,2026-09-17T11:03:00.000Z,723.28,723.28,722.85,722.85,0.2,
1789643160000,2026-09-17T11:06:00.000Z,722.85,722.85,722.25,722.41,11.93,
1789643340000,2026-09-17T11:09:00.000Z,722.41,722.77,722.36,722.77,43.61,
1789643520000,2026-09-17T11:12:00.000Z,722.77,722.77,722.55,722.55,0.3,
1789643700000,2026-09-17T11:15:00.000Z,722.55,722.89,722.27,722.4,1.76,
1789643880000,2026-09-17T11:18:00.000Z,722.4,722.4,722.29,722.37,278.3,
1789644060000,2026-09-17T11:21:00.000Z,722.37,722.37,722,722.07,18.58,
1789644240000,2026-09-17T11:24:00.000Z,722.07,722.07,721.53,721.99,38.97,
1789644420000,2026-09-17T11:27:00.000Z,721.99,722.09,721.95,721.95,0.02,
1789644600000,2026-09-17T11:30:00.000Z,721.95,721.95,721.48,721.49,7.01,
1789644780000,2026-09-17T11:33:00.000Z,721.49,721.49,721.22,721.22,35.07,
1789644960000,2026-09-17T11:36:00.000Z,721.22,721.24,720.56,721.04,56.63,
1789645140000,2026-09-17T11:39:00.000Z,721.04,721.04,720.4,720.4,2.87,
1789645320000,2026-09-17T11:42:00.000Z,720.4,720.55,720.23,720.54,41.47,
1789645500000,2026-09-17T11:45:00.000Z,720.54,720.8,720.28,720.68,4.42,
1789645680000,2026-09-17T11:48:00.000Z,720.68,721.22,720.68,721.22,1.8,
1789645860000,2026-09-17T11:51:00.000Z,721.22,721.84,721.16,721.84,11.46,
1789646040000,2026-09-17T11:54:00.000Z,721.84,722.6,721.84,722.51,16.44,
1789646220000,2026-09-17T11:57:00.000Z,722.51,724.08,722.51,724.08,41.37,
1789646400000,2026-09-17T12:00:00.000Z,724.08,724.95,723.71,724.54,49.59,
1789646580000,2026-09-17T12:03:00.000Z,724.54,725.94,724.11,725.91,4.87,
1789646760000,2026-09-17T12:06:00.000Z,725.91,725.91,725.14,725.58,32.11,
1789646940000,2026-09-17T12:09:00.000Z,725.58,726.83,725.55,726.83,58.96,
1789647120000,2026-09-17T12:12:00.000Z,726.83,727.89,726.47,727.69,86.72,
1789647300000,2026-09-17T12:15:00.000Z,727.69,729.93,727.58,729.45,171.89,
1789647480000,2026-09-17T12:18:00.000Z,729.45,730.71,729.21,730.26,112.94,
1789647660000,2026-09-17T12:21:00.000Z,730.26,732,730.26,731.34,157.27,
1789647840000,2026-09-17T12:24:00.000Z,731.34,731.34,730.44,730.47,29.85,
1789648020000,2026-09-17T12:27:00.000Z,730.47,730.62,730.03,730.51,50.4,
1789648200000,2026-09-17T12:30:00.000Z,730.51,731.38,729.39,729.44,33.64,
1789648380000,2026-09-17T12:33:00.000Z,729.44,730.5,729.13,729.83,13.61,
1789648560000,2026-09-17T12:36:00.000Z,729.83,729.83,728.78,728.85,23.24,
1789648740000,2026-09-17T12:39:00.000Z,728.85,729.1,728.24,728.25,12.48,
1789648920000,2026-09-17T12:42:00.000Z,728.25,728.25,727.78,727.8,45.02,
1789649100000,2026-09-17T12:45:00.000Z,727.8,728.25,727.8,728,15.2,
1789649280000,2026-09-17T12:48:00.000Z,728,728,727.33,727.86,39.18,
1789649460000,2026-09-17T12:51:00.000Z,727.86,728.47,727.76,727.76,73.24,
1789649640000,2026-09-17T12:54:00.000Z,727.76,728.33,727.52,728.1,231.81,
1789649820000,2026-09-17T12:57:00.000Z,728.1,728.9,728.1,728.22,88.99,
1789650000000,2026-09-17T13:00:00.000Z,728.22,729.8,728.17,729.18,40.84,
1789650180000,2026-09-17T13:03:00.000Z,729.18,729.18,728.26,728.4,6.27,
1789650360000,2026-09-17T13:06:00.000Z,728.4,728.4,727.74,728.18,39.77,
1789650540000,2026-09-17T13:09:00.000Z,728.18,728.18,726.71,727.89,68.02,
1789650720000,2026-09-17T13:12:00.000Z,727.89,727.98,727.13,727.3,7.48,
1789650900000,2026-09-17T13:15:00.000Z,727.3,727.97,727.08,727.62,27.64,
1789651080000,2026-09-17T13:18:00.000Z,727.62,728.01,727.39,727.65,16.14,
1789651260000,2026-09-17T13:21:00.000Z,727.65,727.83,727.05,727.2,21.8,
1789651440000,2026-09-17T13:24:00.000Z,727.2,727.49,726.99,726.99,6.14,
1789651620000,2026-09-17T13:27:00.000Z,726.99,727.19,726.67,726.78,12.56,
1789651800000,2026-09-17T13:30:00.000Z,726.78,727.53,725.25,725.54,109.92,
1789651980000,2026-09-17T13:33:00.000Z,725.54,726.05,724.7,724.84,21.27,
1789652160000,2026-09-17T13:36:00.000Z,724.84,725.66,723.76,723.85,74.31,
1789652340000,2026-09-17T13:39:00.000Z,723.85,723.89,722.77,723.68,42.32,
1789652520000,2026-09-17T13:42:00.000Z,723.68,724.36,723.58,723.58,41.32,
1789652700000,2026-09-17T13:45:00.000Z,723.58,725.04,723.42,725.04,14.16,
1789652880000,2026-09-17T13:48:00.000Z,725.04,725.75,724.94,725.39,8.97,
1789653060000,2026-09-17T13:51:00.000Z,725.39,726.61,725.27,726.28,27.69,
1789653240000,2026-09-17T13:54:00.000Z,726.28,726.3,725.38,725.82,5.09,
1789653420000,2026-09-17T13:57:00.000Z,725.82,726.91,725.82,726.79,46.71,
1789653600000,2026-09-17T14:00:00.000Z,726.79,727.04,724.72,724.72,72.13,
1789653780000,2026-09-17T14:03:00.000Z,724.72,725.14,724.27,724.86,10.71,
1789653960000,2026-09-17T14:06:00.000Z,724.86,725.54,724.67,725.31,74.62,
1789654140000,2026-09-17T14:09:00.000Z,725.31,727.58,725.31,727.58,53.55,
1789654320000,2026-09-17T14:12:00.000Z,727.58,728.72,727.17,728.72,89.08,
1789654500000,2026-09-17T14:15:00.000Z,728.72,728.72,726.94,726.99,35.27,
1789654680000,2026-09-17T14:18:00.000Z,726.99,726.99,726.24,726.43,16.83,
1789654860000,2026-09-17T14:21:00.000Z,726.43,727.93,726.43,727.31,11.66,
1789655040000,2026-09-17T14:24:00.000Z,727.31,728.33,727.31,728.06,3.38,
1789655220000,2026-09-17T14:27:00.000Z,728.06,729.11,728.05,728.44,14.9,
1789655400000,2026-09-17T14:30:00.000Z,728.44,728.6,727.35,727.95,44.24,
1789655580000,2026-09-17T14:33:00.000Z,727.95,727.95,727.35,727.43,8.48,
1789655760000,2026-09-17T14:36:00.000Z,727.43,727.74,726.96,727.74,42.46,
1789655940000,2026-09-17T14:39:00.000Z,727.74,727.74,726.61,726.61,3.03,
1789656120000,2026-09-17T14:42:00.000Z,726.61,726.61,725.81,725.89,3.67,
1789656300000,2026-09-17T14:45:00.000Z,725.89,726.64,725.77,725.77,6.4,
1789656480000,2026-09-17T14:48:00.000Z,725.77,726.5,725.38,725.38,12.83,
1789656660000,2026-09-17T14:51:00.000Z,725.38,725.44,725.12,725.15,10.29,
1789656840000,2026-09-17T14:54:00.000Z,725.15,725.6,725.12,725.44,6.02,
1789657020000,2026-09-17T14:57:00.000Z,725.44,725.44,725.11,725.11,0.19,
1789657200000,2026-09-17T15:00:00.000Z,725.11,725.26,724.15,724.89,8.52,
1789657380000,2026-09-17T15:03:00.000Z,724.89,725.21,724,724,9.33,
1789657560000,2026-09-17T15:06:00.000Z,724,725.09,724,725.09,26.77,
1789657740000,2026-09-17T15:09:00.000Z,725.09,725.09,724.38,724.8,0.29,
1789657920000,2026-09-17T15:12:00.000Z,724.8,725.04,724.69,725.04,1.58,
1789658100000,2026-09-17T15:15:00.000Z,725.04,725.5,724.5,725.5,10.18,
1789658280000,2026-09-17T15:18:00.000Z,725.5,726.04,724.79,724.8,17.66,
1789658460000,2026-09-17T15:21:00.000Z,724.8,725.09,724.79,724.79,1.39,
1789658640000,2026-09-17T15:24:00.000Z,724.79,725,724.53,724.58,0.33,
1789658820000,2026-09-17T15:27:00.000Z,724.58,725.26,724.58,725.2,5.07,
1789659000000,2026-09-17T15:30:00.000Z,725.2,725.54,725.2,725.35,3.3,
1789659180000,2026-09-17T15:33:00.000Z,725.35,726.17,725.27,726.17,2.27,
1789659360000,2026-09-17T15:36:00.000Z,726.17,726.67,726.17,726.45,1.93,
1789659540000,2026-09-17T15:39:00.000Z,726.45,728.17,726.45,728.17,18.26,
1789659720000,2026-09-17T15:42:00.000Z,728.17,728.26,727.66,727.66,8.22,
1789659900000,2026-09-17T15:45:00.000Z,727.66,727.81,727.33,727.44,17.63,
1789660080000,2026-09-17T15:48:00.000Z,727.44,727.44,726.63,726.63,24.81,
1789660260000,2026-09-17T15:51:00.000Z,726.63,727.37,726.63,727.37,0.47,
1789660440000,2026-09-17T15:54:00.000Z,727.37,727.37,726.62,726.62,10.15,
1789660620000,2026-09-17T15:57:00.000Z,726.62,727.16,726.62,727.16,1.08,
1789660800000,2026-09-17T16:00:00.000Z,727.16,727.39,726.92,727.34,5.5,
1789660980000,2026-09-17T16:03:00.000Z,727.34,727.53,726.85,726.92,10.05,
1789661160000,2026-09-17T16:06:00.000Z,726.92,726.92,726.43,726.69,0.96,
1789661340000,2026-09-17T16:09:00.000Z,726.69,727.09,726.69,727.09,3.56,
1789661520000,2026-09-17T16:12:00.000Z,727.09,727.09,726.87,727.08,8.22,
1789661700000,2026-09-17T16:15:00.000Z,727.08,727.17,726.83,727.16,1.26,
1789661880000,2026-09-17T16:18:00.000Z,727.16,727.16,726.94,726.94,0.38,
1789662060000,2026-09-17T16:21:00.000Z,726.94,727.45,726.78,727.45,2.03,
1789662240000,2026-09-17T16:24:00.000Z,727.45,727.45,726.64,726.64,1.7,
1789662420000,2026-09-17T16:27:00.000Z,726.64,726.71,726.64,726.71,1.95,
1789662600000,2026-09-17T16:30:00.000Z,726.71,727.54,726.71,727.22,14.14,
1789662780000,2026-09-17T16:33:00.000Z,727.22,727.22,725.53,726.73,20.37,
1789662960000,2026-09-17T16:36:00.000Z,726.73,726.73,726.29,726.31,43.24,
1789663140000,2026-09-17T16:39:00.000Z,726.31,726.76,726.31,726.64,19.34,
1789663320000,2026-09-17T16:42:00.000Z,726.64,727.24,726.64,727.24,36.59,
1789663500000,2026-09-17T16:45:00.000Z,727.24,727.52,726.77,726.77,15.94,
1789663680000,2026-09-17T16:48:00.000Z,726.77,727.02,726.53,727.02,13.8,
1789663860000,2026-09-17T16:51:00.000Z,727.02,727.58,726.73,727.58,296.93,
1789664040000,2026-09-17T16:54:00.000Z,727.58,727.58,726.69,727.04,13.07,
1789664220000,2026-09-17T16:57:00.000Z,727.04,728.17,727.04,728.16,198.61,
1789664400000,2026-09-17T17:00:00.000Z,728.16,728.99,728.15,728.99,29.78,
1789664580000,2026-09-17T17:03:00.000Z,728.99,729.25,728.88,728.88,76.66,
1789664760000,2026-09-17T17:06:00.000Z,728.88,729.49,728.88,729.44,5.23,
1789664940000,2026-09-17T17:09:00.000Z,729.44,729.47,729.2,729.21,28.43,
1789665120000,2026-09-17T17:12:00.000Z,729.21,729.33,728.78,728.84,5.82,
1789665300000,2026-09-17T17:15:00.000Z,728.84,729.15,728.46,728.72,7.49,
1789665480000,2026-09-17T17:18:00.000Z,728.72,728.99,728.72,728.99,0.39,
1789665660000,2026-09-17T17:21:00.000Z,728.99,729.91,728.99,729.66,6.48,
1789665840000,2026-09-17T17:24:00.000Z,729.66,729.76,729.29,729.42,18.44,
1789666020000,2026-09-17T17:27:00.000Z,729.42,729.73,729.41,729.61,5.22,
1789666200000,2026-09-17T17:30:00.000Z,729.61,729.69,729.35,729.49,37.73,
1789666380000,2026-09-17T17:33:00.000Z,729.49,729.6,729.42,729.42,3,
1789666560000,2026-09-17T17:36:00.000Z,729.42,729.42,728.96,729.21,9.87,
1789666740000,2026-09-17T17:39:00.000Z,729.21,729.42,729.04,729.38,2.27,
1789666920000,2026-09-17T17:42:00.000Z,729.38,729.4,728.51,728.51,11.85,
1789667100000,2026-09-17T17:45:00.000Z,728.51,728.52,727.92,727.92,27.08,
1789667280000,2026-09-17T17:48:00.000Z,727.92,728.4,727.79,728.4,60.42,
1789667460000,2026-09-17T17:51:00.000Z,728.4,728.5,728.09,728.5,1.57,
1789667640000,2026-09-17T17:54:00.000Z,728.5,728.71,728.47,728.71,3.03,
1789667820000,2026-09-17T17:57:00.000Z,728.71,728.71,728.57,728.6,2.89,
1789668000000,2026-09-17T18:00:00.000Z,728.6,728.67,728.41,728.57,3,
1789668180000,2026-09-17T18:03:00.000Z,728.57,728.68,728.41,728.41,14.5,
1789668360000,2026-09-17T18:06:00.000Z,728.41,728.66,728.41,728.66,0.19,
1789668540000,2026-09-17T18:09:00.000Z,728.66,728.87,728.34,728.81,216.95,
1789668720000,2026-09-17T18:12:00.000Z,728.81,729,728.8,728.94,14.3,
1789668900000,2026-09-17T18:15:00.000Z,728.94,728.94,728.72,728.82,2.02,
1789669080000,2026-09-17T18:18:00.000Z,728.82,729.03,728.72,728.99,1.96,
1789669260000,2026-09-17T18:21:00.000Z,728.99,728.99,728.54,728.64,18.09,
1789669440000,2026-09-17T18:24:00.000Z,728.64,728.72,728.47,728.57,0.51,
1789669620000,2026-09-17T18:27:00.000Z,728.57,728.63,728.31,728.56,43.09,
1789669800000,2026-09-17T18:30:00.000Z,728.56,728.61,728.4,728.54,5.37,
1789669980000,2026-09-17T18:33:00.000Z,728.54,728.54,727.18,727.48,243.66,
1789670160000,2026-09-17T18:36:00.000Z,727.48,727.48,726.8,727.12,28.17,
1789670340000,2026-09-17T18:39:00.000Z,727.12,727.59,726.83,727.48,18.92,
1789670520000,2026-09-17T18:42:00.000Z,727.48,727.73,727.43,727.73,3.91,
1789670700000,2026-09-17T18:45:00.000Z,727.73,727.96,727.27,727.27,10.2,
1789670880000,2026-09-17T18:48:00.000Z,727.27,727.68,727.26,727.36,7.47,
1789671060000,2026-09-17T18:51:00.000Z,727.36,727.69,727.36,727.48,4,
1789671240000,2026-09-17T18:54:00.000Z,727.48,727.86,727.48,727.48,2.58,
1789671420000,2026-09-17T18:57:00.000Z,727.48,727.59,727.48,727.49,2.67,
1789671600000,2026-09-17T19:00:00.000Z,727.49,727.64,727.33,727.64,54.85,
1789671780000,2026-09-17T19:03:00.000Z,727.64,728.02,727.64,728.02,0.3,
1789671960000,2026-09-17T19:06:00.000Z,728.02,728.46,728.02,728.08,3.76,
1789672140000,2026-09-17T19:09:00.000Z,728.08,728.59,728.05,728.59,25.13,
1789672320000,2026-09-17T19:12:00.000Z,728.59,728.61,728.52,728.55,0.59,
1789672500000,2026-09-17T19:15:00.000Z,728.55,728.56,727.91,727.91,1.79,
1789672680000,2026-09-17T19:18:00.000Z,727.91,728.64,727.87,728.64,0.08,
1789672860000,2026-09-17T19:21:00.000Z,728.64,729.04,728.64,729.04,20.81,
1789673040000,2026-09-17T19:24:00.000Z,729.04,729.54,729.04,729.52,8.46,
1789673220000,2026-09-17T19:27:00.000Z,729.52,729.59,729.05,729.29,8.39,
1789673400000,2026-09-17T19:30:00.000Z,729.29,729.98,729.15,729.37,9.78,
1789673580000,2026-09-17T19:33:00.000Z,729.37,730.14,729.37,729.5,5.19,
1789673760000,2026-09-17T19:36:00.000Z,729.5,729.94,729.44,729.44,59.36,
1789673940000,2026-09-17T19:39:00.000Z,729.44,729.72,729.41,729.61,3.59,
1789674120000,2026-09-17T19:42:00.000Z,729.61,731.04,729.61,730.84,49.85,
1789674300000,2026-09-17T19:45:00.000Z,730.84,730.97,729.94,729.94,51.55,
1789674480000,2026-09-17T19:48:00.000Z,729.94,731.31,729.9,731.2,30.22,
1789674660000,2026-09-17T19:51:00.000Z,731.2,733.21,730.95,732.99,112.13,
1789674840000,2026-09-17T19:54:00.000Z,732.99,733.13,731.71,731.74,78.8,
1789675020000,2026-09-17T19:57:00.000Z,731.74,732.44,731.71,732.07,22.67,
1789675200000,2026-09-17T20:00:00.000Z,732.07,732.31,731.17,731.27,120.37,
1789675380000,2026-09-17T20:03:00.000Z,731.27,732.47,731.26,732.46,6.03,
1789675560000,2026-09-17T20:06:00.000Z,732.46,732.73,732.31,732.32,9.18,
1789675740000,2026-09-17T20:09:00.000Z,732.32,732.43,732.32,732.43,0.23,
1789675920000,2026-09-17T20:12:00.000Z,732.43,732.86,732.36,732.86,2.71,
1789676100000,2026-09-17T20:15:00.000Z,732.86,733.03,732.43,732.97,14.84,
1789676280000,2026-09-17T20:18:00.000Z,732.97,734.4,732.97,734.09,65.99,
1789676460000,2026-09-17T20:21:00.000Z,734.09,735.23,734.09,734.98,81.57,
1789676640000,2026-09-17T20:24:00.000Z,734.98,735.95,734.65,734.76,140.57,
1789676820000,2026-09-17T20:27:00.000Z,734.76,735.17,734.35,734.35,49.67,
1789677000000,2026-09-17T20:30:00.000Z,734.35,734.45,734.18,734.28,7.96,
1789677180000,2026-09-17T20:33:00.000Z,734.28,735,734.28,734.84,10.42,
1789677360000,2026-09-17T20:36:00.000Z,734.84,734.84,734.42,734.58,18.22,
1789677540000,2026-09-17T20:39:00.000Z,734.58,735.32,733.44,733.44,51.69,
1789677720000,2026-09-17T20:42:00.000Z,733.44,733.52,733.26,733.52,1.22,
1789677900000,2026-09-17T20:45:00.000Z,733.52,733.65,733.46,733.46,0.48,
1789678080000,2026-09-17T20:48:00.000Z,733.46,733.57,733.2,733.25,2.45,
1789678260000,2026-09-17T20:51:00.000Z,733.25,734.18,733.19,733.89,7.36,
1789678440000,2026-09-17T20:54:00.000Z,733.89,734.46,733.89,734.31,4.07,
1789678620000,2026-09-17T20:57:00.000Z,734.31,734.44,734.25,734.25,17.09,
1789678800000,2026-09-17T21:00:00.000Z,734.25,735.13,733.92,733.92,67.92,
1789678980000,2026-09-17T21:03:00.000Z,733.92,733.92,733.92,733.92,0,
1789679160000,2026-09-17T21:06:00.000Z,733.92,734.1,733.8,733.84,3.1,
1789679340000,2026-09-17T21:09:00.000Z,733.84,733.87,733.81,733.81,4.76,
1789679520000,2026-09-17T21:12:00.000Z,733.81,733.81,733.37,733.37,14.29,
1789679700000,2026-09-17T21:15:00.000Z,733.37,733.63,733.37,733.63,0.96,
1789679880000,2026-09-17T21:18:00.000Z,733.63,733.68,733.46,733.68,2.44,
1789680060000,2026-09-17T21:21:00.000Z,733.68,734.33,733.68,734.21,7.95,
1789680240000,2026-09-17T21:24:00.000Z,734.21,734.45,733.94,734.45,0.89,
1789680420000,2026-09-17T21:27:00.000Z,734.45,734.45,734,734,0.48,
1789680600000,2026-09-17T21:30:00.000Z,734,734,733.77,733.77,1.2,
1789680780000,2026-09-17T21:33:00.000Z,733.77,734.1,733.77,733.92,0.06,
1789680960000,2026-09-17T21:36:00.000Z,733.92,734.2,733.82,734.04,2.8,
1789681140000,2026-09-17T21:39:00.000Z,734.04,734.22,733.87,733.87,2.84,
1789681320000,2026-09-17T21:42:00.000Z,733.87,734.22,733.73,733.73,2.85,
1789681500000,2026-09-17T21:45:00.000Z,733.73,733.81,733.53,733.53,5.14,
1789681680000,2026-09-17T21:48:00.000Z,733.53,733.56,733.36,733.36,2.1,
1789681860000,2026-09-17T21:51:00.000Z,733.36,733.43,733.24,733.43,0.37,
1789682040000,2026-09-17T21:54:00.000Z,733.43,733.49,733.29,733.29,4.74,
1789682220000,2026-09-17T21:57:00.000Z,733.29,733.5,733.09,733.5,21.06,
1789682400000,2026-09-17T22:00:00.000Z,733.5,733.94,732.86,733.4,35.93,
1789682580000,2026-09-17T22:03:00.000Z,733.4,734.18,733.3,734.18,15.17,
1789682760000,2026-09-17T22:06:00.000Z,734.18,734.46,733.75,733.75,28.39,
1789682940000,2026-09-17T22:09:00.000Z,733.75,734.35,733.48,734.35,3.31,
1789683120000,2026-09-17T22:12:00.000Z,734.35,734.35,733.28,733.6,39.66,
1789683300000,2026-09-17T22:15:00.000Z,733.6,734,733.12,733.12,400.53,
1789683480000,2026-09-17T22:18:00.000Z,733.12,733.43,733.06,733.06,9.37,
1789683660000,2026-09-17T22:21:00.000Z,733.06,733.76,733,733.76,19.38,
1789683840000,2026-09-17T22:24:00.000Z,733.76,734.2,733.65,733.87,8.29,
1789684020000,2026-09-17T22:27:00.000Z,733.87,733.87,733.28,733.28,21.5,
1789684200000,2026-09-17T22:30:00.000Z,733.28,733.78,733.28,733.78,11.29,
1789684380000,2026-09-17T22:33:00.000Z,733.78,734.07,733.3,734.07,12.55,
1789684560000,2026-09-17T22:36:00.000Z,734.07,734.96,734.07,734.96,5.44,
1789684740000,2026-09-17T22:39:00.000Z,734.96,735.19,734.74,735.1,186.57,
1789684920000,2026-09-17T22:42:00.000Z,735.1,735.1,734.5,734.64,25.56,
1789685100000,2026-09-17T22:45:00.000Z,734.64,734.73,734.31,734.73,72,
1789685280000,2026-09-17T22:48:00.000Z,734.73,735.18,734.73,735.16,5.63,
1789685460000,2026-09-17T22:51:00.000Z,735.16,735.32,734.76,735.1,29.77,
1789685640000,2026-09-17T22:54:00.000Z,735.1,735.15,734.49,734.52,16.54,
1789685820000,2026-09-17T22:57:00.000Z,734.52,735.25,734.2,735.25,20.16,
1789686000000,2026-09-17T23:00:00.000Z,735.25,735.65,734.94,735.65,22.5,
1789686180000,2026-09-17T23:03:00.000Z,735.65,735.97,735.39,735.97,59.42,
1789686360000,2026-09-17T23:06:00.000Z,735.97,736.44,735.81,736.43,80.38,
1789686540000,2026-09-17T23:09:00.000Z,736.43,736.6,735.89,736.31,78.66,
1789686720000,2026-09-17T23:12:00.000Z,736.31,736.34,736.03,736.03,12.92,
1789686900000,2026-09-17T23:15:00.000Z,736.03,736.03,735.44,735.52,30.36,
1789687080000,2026-09-17T23:18:00.000Z,735.52,736.05,735.52,735.84,78.6,
1789687260000,2026-09-17T23:21:00.000Z,735.84,736.57,735.84,736.42,5.48,
1789687440000,2026-09-17T23:24:00.000Z,736.42,737.25,736.21,736.67,51.19,
1789687620000,2026-09-17T23:27:00.000Z,736.67,736.67,736.22,736.36,8.69,
1789687800000,2026-09-17T23:30:00.000Z,736.36,736.63,736.36,736.48,4.82,
1789687980000,2026-09-17T23:33:00.000Z,736.48,736.57,736.35,736.41,6.19,
1789688160000,2026-09-17T23:36:00.000Z,736.41,736.88,736.23,736.88,36.38,
1789688340000,2026-09-17T23:39:00.000Z,736.88,737.09,736.6,736.6,6.88,
1789688520000,2026-09-17T23:42:00.000Z,736.6,736.93,736.49,736.66,18.18,
1789688700000,2026-09-17T23:45:00.000Z,736.66,738.27,736.66,738.27,70.31,
1789688880000,2026-09-17T23:48:00.000Z,738.27,738.78,738,738,65.32,
1789689060000,2026-09-17T23:51:00.000Z,738,738.53,737.87,738.17,15.01,
1789689240000,2026-09-17T23:54:00.000Z,738.17,739.09,738.07,738.27,73.62,
1789689420000,2026-09-17T23:57:00.000Z,738.27,738.56,737.93,737.93,18.81,
1789689600000,2026-09-18T00:00:00.000Z,737.93,738.15,737.01,737.7,60.4,
1789689780000,2026-09-18T00:03:00.000Z,737.7,738.58,737.7,738.25,21.67,
1789689960000,2026-09-18T00:06:00.000Z,738.25,738.92,738.18,738.31,24.3,
1789690140000,2026-09-18T00:09:00.000Z,738.31,739.39,738.31,738.56,46.58,
1789690320000,2026-09-18T00:12:00.000Z,738.56,738.58,737.05,737.52,63.47,
1789690500000,2026-09-18T00:15:00.000Z,737.52,737.8,736.44,736.44,65.57,
1789690680000,2026-09-18T00:18:00.000Z,736.44,736.44,735.04,735.11,212.74,
1789690860000,2026-09-18T00:21:00.000Z,735.11,735.56,734.79,735.56,55.83,
1789691040000,2026-09-18T00:24:00.000Z,735.56,735.68,735.41,735.68,8.32,
1789691220000,2026-09-18T00:27:00.000Z,735.68,735.68,734.71,734.81,4.22,
1789691400000,2026-09-18T00:30:00.000Z,734.81,735.47,734.81,735.14,21.71,
1789691580000,2026-09-18T00:33:00.000Z,735.14,735.94,734.97,735.94,179.15,
1789691760000,2026-09-18T00:36:00.000Z,735.94,736.45,735.62,735.62,2.05,
1789691940000,2026-09-18T00:39:00.000Z,735.62,735.62,735,735.05,2.47,
1789692120000,2026-09-18T00:42:00.000Z,735.05,735.35,735,735.35,66.5,
1789692300000,2026-09-18T00:45:00.000Z,735.35,735.35,735,735.11,25.57,
1789692480000,2026-09-18T00:48:00.000Z,735.11,735.36,735.01,735.36,3.8,
1789692660000,2026-09-18T00:51:00.000Z,735.36,736.94,735.36,736.94,14.34,
1789692840000,2026-09-18T00:54:00.000Z,736.94,737.38,736.91,737.2,16.88,
1789693020000,2026-09-18T00:57:00.000Z,737.2,737.73,736.97,737.34,10.97,
1789693200000,2026-09-18T01:00:00.000Z,737.34,737.78,737.25,737.42,12.37,
1789693380000,2026-09-18T01:03:00.000Z,737.42,737.88,737.01,737.57,8.27,
1789693560000,2026-09-18T01:06:00.000Z,737.57,738.54,737.5,738.49,3.46,
1789693740000,2026-09-18T01:09:00.000Z,738.49,739.55,738.49,739.37,7.16,
1789693920000,2026-09-18T01:12:00.000Z,739.37,741,739.23,740.65,132.01,
1789694100000,2026-09-18T01:15:00.000Z,740.65,741.43,740.32,740.55,24.12,
1789694280000,2026-09-18T01:18:00.000Z,740.55,741.24,740.47,741.24,26.05,
1789694460000,2026-09-18T01:21:00.000Z,741.24,741.24,739.5,739.94,18.79,
1789694640000,2026-09-18T01:24:00.000Z,739.94,740.69,739.94,740.68,9.69,
1789694820000,2026-09-18T01:27:00.000Z,740.68,741.57,740.64,741.19,53.32,
1789695000000,2026-09-18T01:30:00.000Z,741.19,742.56,741.02,741.42,164.31,
1789695180000,2026-09-18T01:33:00.000Z,741.42,742.67,741.16,742.41,161.01,
1789695360000,2026-09-18T01:36:00.000Z,742.41,742.68,741.88,742.37,60.36,
1789695540000,2026-09-18T01:39:00.000Z,742.37,743.35,742.37,743.32,17.27,
1789695720000,2026-09-18T01:42:00.000Z,743.32,743.75,742.94,742.94,19.6,
1789695900000,2026-09-18T01:45:00.000Z,742.94,743.21,742.62,742.81,90.35,
1789696080000,2026-09-18T01:48:00.000Z,742.81,743.73,742.81,743.59,2.55,
1789696260000,2026-09-18T01:51:00.000Z,743.59,743.96,742.89,743.71,31.23,
1789696440000,2026-09-18T01:54:00.000Z,743.71,743.94,743.25,743.28,7.8,
1789696620000,2026-09-18T01:57:00.000Z,743.28,743.97,742.75,743.14,74.99,
1789696800000,2026-09-18T02:00:00.000Z,743.14,744.99,742.99,744.54,475.72,
1789696980000,2026-09-18T02:03:00.000Z,744.54,745.04,743.92,744.09,36.95,
1789697160000,2026-09-18T02:06:00.000Z,744.09,744.43,743.59,744.27,9.87,
1789697340000,2026-09-18T02:09:00.000Z,744.27,745.01,743.54,744.84,58.66,
1789697520000,2026-09-18T02:12:00.000Z,744.84,745.96,744.64,744.66,40.95,
1789697700000,2026-09-18T02:15:00.000Z,744.66,746.26,744.66,746.26,35.51,
1789697880000,2026-09-18T02:18:00.000Z,746.26,746.67,745.04,745.66,55.52,
1789698060000,2026-09-18T02:21:00.000Z,745.66,747.33,745.66,747.33,54.48,
1789698240000,2026-09-18T02:24:00.000Z,747.33,748.29,747.33,747.98,96.62,
1789698420000,2026-09-18T02:27:00.000Z,747.98,749.18,747.8,749.13,216.06,
1789698600000,2026-09-18T02:30:00.000Z,749.13,750.48,749.07,750.28,192.27,
1789698780000,2026-09-18T02:33:00.000Z,750.28,751,749.76,750.01,151.9,
1789698960000,2026-09-18T02:36:00.000Z,750.01,751.87,749.6,751.73,102.98,
1789699140000,2026-09-18T02:39:00.000Z,751.73,751.73,748.96,749.4,101.36,
1789699320000,2026-09-18T02:42:00.000Z,749.4,749.67,748.22,748.22,18.21,
1789699500000,2026-09-18T02:45:00.000Z,748.22,748.46,746.52,746.52,108.42,
1789699680000,2026-09-18T02:48:00.000Z,746.52,747.61,746.52,747.27,50.37,
1789699860000,2026-09-18T02:51:00.000Z,747.27,747.94,747.22,747.76,66.48,
1789700040000,2026-09-18T02:54:00.000Z,747.76,748.84,747.76,748.3,23.72,
1789700220000,2026-09-18T02:57:00.000Z,748.3,748.3,747.73,748.12,4.26,
1789700400000,2026-09-18T03:00:00.000Z,748.12,748.26,746.79,748.26,63.18,
1789700580000,2026-09-18T03:03:00.000Z,748.26,748.84,748.11,748.84,33.71,
1789700760000,2026-09-18T03:06:00.000Z,748.84,750.39,748.6,750.39,33.59,
1789700940000,2026-09-18T03:09:00.000Z,750.39,750.96,749.83,750.24,19.37,
1789701120000,2026-09-18T03:12:00.000Z,750.24,751.39,750.24,750.89,76.79,
1789701300000,2026-09-18T03:15:00.000Z,750.89,753.59,750.88,753.59,211.36,
1789701480000,2026-09-18T03:18:00.000Z,753.59,753.79,751.81,751.81,63.97,
1789701660000,2026-09-18T03:21:00.000Z,751.81,751.93,750.68,751.62,77.43,
1789701840000,2026-09-18T03:24:00.000Z,751.62,751.63,749.33,750,66.66,
1789702020000,2026-09-18T03:27:00.000Z,750,751.1,750,750.25,63.6,
1789702200000,2026-09-18T03:30:00.000Z,750.25,751.05,749.64,750.08,29.32,
1789702380000,2026-09-18T03:33:00.000Z,750.08,750.61,749.56,750.61,28.62,
1789702560000,2026-09-18T03:36:00.000Z,750.61,750.76,749.85,749.86,2.92,
1789702740000,2026-09-18T03:39:00.000Z,749.86,749.86,749.23,749.84,18.76,
1789702920000,2026-09-18T03:42:00.000Z,749.84,750.31,749.08,750.24,60.63,
1789703100000,2026-09-18T03:45:00.000Z,750.24,751.89,750.24,751.89,22.89,
1789703280000,2026-09-18T03:48:00.000Z,751.89,752.2,751.46,751.89,26.72,
1789703460000,2026-09-18T03:51:00.000Z,751.89,752.26,751.47,751.95,31.52,
1789703640000,2026-09-18T03:54:00.000Z,751.95,752.15,751.21,751.51,20.72,
1789703820000,2026-09-18T03:57:00.000Z,751.51,751.6,750.4,751.06,17.8,
1789704000000,2026-09-18T04:00:00.000Z,751.06,751.77,750.95,751.35,13.93,
1789704180000,2026-09-18T04:03:00.000Z,751.35,751.36,749.41,749.46,40.84,
1789704360000,2026-09-18T04:06:00.000Z,749.46,749.49,748.48,748.82,46.59,
1789704540000,2026-09-18T04:09:00.000Z,748.82,749.41,748.82,749.14,33.79,
1789704720000,2026-09-18T04:12:00.000Z,749.14,749.69,748.84,748.85,36.17,
1789704900000,2026-09-18T04:15:00.000Z,748.85,749,748.4,748.95,64.04,
1789705080000,2026-09-18T04:18:00.000Z,748.95,749.6,748.87,749.6,12.68,
1789705260000,2026-09-18T04:21:00.000Z,749.6,749.74,749.33,749.55,25.35,
1789705440000,2026-09-18T04:24:00.000Z,749.55,749.78,748.85,749.77,73.02,
1789705620000,2026-09-18T04:27:00.000Z,749.77,750.35,749.68,750.35,6.57,
1789705800000,2026-09-18T04:30:00.000Z,750.35,750.39,749.73,749.73,14.34,
1789705980000,2026-09-18T04:33:00.000Z,749.73,750.58,748.78,750.58,32.12,
1789706160000,2026-09-18T04:36:00.000Z,750.58,752.29,750.14,751.92,74.28,
1789706340000,2026-09-18T04:39:00.000Z,751.92,752.33,750.76,751.21,227.06,
1789706520000,2026-09-18T04:42:00.000Z,751.21,752.15,751.21,752.15,0.11,
1789706700000,2026-09-18T04:45:00.000Z,752.15,752.64,752.15,752.27,109.87,
1789706880000,2026-09-18T04:48:00.000Z,752.27,752.27,751.55,751.55,26.02,
1789707060000,2026-09-18T04:51:00.000Z,751.55,751.98,751.4,751.97,4.51,
1789707240000,2026-09-18T04:54:00.000Z,751.97,752.35,751.45,752.35,7.09,
1789707420000,2026-09-18T04:57:00.000Z,752.35,752.35,751.26,751.27,3.69,
1789707600000,2026-09-18T05:00:00.000Z,751.27,751.77,750.91,751.08,81.86,
1789707780000,2026-09-18T05:03:00.000Z,751.08,751.66,751.03,751.05,45.59,
1789707960000,2026-09-18T05:06:00.000Z,751.05,752.67,750.47,752.67,19.02,
1789708140000,2026-09-18T05:09:00.000Z,752.67,752.96,751.49,752.96,36.83,
1789708320000,2026-09-18T05:12:00.000Z,752.96,753.58,752.73,753.35,14.31,
1789708500000,2026-09-18T05:15:00.000Z,753.35,754.14,753.14,753.43,58.23,
1789708680000,2026-09-18T05:18:00.000Z,753.43,753.43,751.98,751.98,26.55,
1789708860000,2026-09-18T05:21:00.000Z,751.98,752.08,750.59,751.2,43.69,
1789709040000,2026-09-18T05:24:00.000Z,751.2,751.2,750.68,750.73,18.13,
1789709220000,2026-09-18T05:27:00.000Z,750.73,752.62,750.72,752.26,50.86,
1789709400000,2026-09-18T05:30:00.000Z,752.26,753.08,751.67,753.08,211.5,
1789709580000,2026-09-18T05:33:00.000Z,753.08,753.85,752.89,752.95,26.49,
1789709760000,2026-09-18T05:36:00.000Z,752.95,753.59,752.39,753.32,16.79,
1789709940000,2026-09-18T05:39:00.000Z,753.32,753.36,752.7,752.87,125.1,
1789710120000,2026-09-18T05:42:00.000Z,752.87,753.35,752.87,753.02,2.52,
1789710300000,2026-09-18T05:45:00.000Z,753.02,753.12,752.71,752.71,1.59,
1789710480000,2026-09-18T05:48:00.000Z,752.71,752.98,751.61,751.7,142.18,
1789710660000,2026-09-18T05:51:00.000Z,751.7,751.76,751.54,751.69,21.26,
1789710840000,2026-09-18T05:54:00.000Z,751.69,751.69,750.39,751.23,577,
1789711020000,2026-09-18T05:57:00.000Z,751.23,751.86,751.23,751.86,1.58,
1789711200000,2026-09-18T06:00:00.000Z,751.86,753.85,751.86,753.85,34.28,
1789711380000,2026-09-18T06:03:00.000Z,753.85,754.24,753.56,754.24,185.92,
1789711560000,2026-09-18T06:06:00.000Z,754.24,754.78,753.68,754.22,52.26,
1789711740000,2026-09-18T06:09:00.000Z,754.22,754.29,753.26,753.96,53.7,
1789711920000,2026-09-18T06:12:00.000Z,753.96,753.96,752.79,752.96,37.2,
1789712100000,2026-09-18T06:15:00.000Z,752.96,753.6,752.81,753.29,48.6,
1789712280000,2026-09-18T06:18:00.000Z,753.29,753.29,752.35,752.35,10.74,
1789712460000,2026-09-18T06:21:00.000Z,752.35,753.71,752.32,753.16,185.91,
1789712640000,2026-09-18T06:24:00.000Z,753.16,753.16,752.81,753.1,20.14,
1789712820000,2026-09-18T06:27:00.000Z,753.1,753.1,752.21,752.3,12.46,
1789713000000,2026-09-18T06:30:00.000Z,752.3,752.42,752.01,752.19,8.32,
1789713180000,2026-09-18T06:33:00.000Z,752.19,752.19,751.54,751.67,6.18,
1789713360000,2026-09-18T06:36:00.000Z,751.67,752.58,751.56,752.58,26.25,
1789713540000,2026-09-18T06:39:00.000Z,752.58,753.05,752.58,752.85,13.75,
1789713720000,2026-09-18T06:42:00.000Z,752.85,753.1,752.74,752.74,3.16,
1789713900000,2026-09-18T06:45:00.000Z,752.74,752.85,752.38,752.38,22.08,
1789714080000,2026-09-18T06:48:00.000Z,752.38,753.12,752.38,753.12,3.68,
1789714260000,2026-09-18T06:51:00.000Z,753.12,753.47,753.01,753.47,17.12,
1789714440000,2026-09-18T06:54:00.000Z,753.47,753.93,753.32,753.7,2.04,
1789714620000,2026-09-18T06:57:00.000Z,753.7,754.73,753.51,754.56,26.64,
1789714800000,2026-09-18T07:00:00.000Z,754.56,754.61,753.87,754.41,24.58,
1789714980000,2026-09-18T07:03:00.000Z,754.41,755.33,754.4,754.88,145.43,
1789715160000,2026-09-18T07:06:00.000Z,754.88,755.87,754.74,754.74,23.6,
1789715340000,2026-09-18T07:09:00.000Z,754.74,755.36,754.66,755.33,53.95,
1789715520000,2026-09-18T07:12:00.000Z,755.33,755.39,754.71,755.17,67.27,
1789715700000,2026-09-18T07:15:00.000Z,755.17,758.17,755.17,757.4,151.15,
1789715880000,2026-09-18T07:18:00.000Z,757.4,758.77,757.17,758.47,224.7,
1789716060000,2026-09-18T07:21:00.000Z,758.47,758.93,758.25,758.56,106.86,
1789716240000,2026-09-18T07:24:00.000Z,758.56,758.99,755.68,756.41,131.53,
1789716420000,2026-09-18T07:27:00.000Z,756.41,756.41,754.73,754.79,21.42,
1789716600000,2026-09-18T07:30:00.000Z,754.79,757.13,754.62,756.26,748.9,
1789716780000,2026-09-18T07:33:00.000Z,756.26,756.26,755.43,755.77,10.81,
1789716960000,2026-09-18T07:36:00.000Z,755.77,755.77,754.83,755.12,92.46,
1789717140000,2026-09-18T07:39:00.000Z,755.12,755.59,754.95,755.3,29.88,
1789717320000,2026-09-18T07:42:00.000Z,755.3,755.65,755.3,755.47,4.02,
1789717500000,2026-09-18T07:45:00.000Z,755.47,755.47,754.17,754.24,16.75,
1789717680000,2026-09-18T07:48:00.000Z,754.24,754.95,752.9,754.91,82.55,
1789717860000,2026-09-18T07:51:00.000Z,754.91,754.91,753.14,753.35,45.71,
1789718040000,2026-09-18T07:54:00.000Z,753.35,753.74,752.68,753.74,160.76,
1789718220000,2026-09-18T07:57:00.000Z,753.74,754.4,752.67,752.67,57.27,
1789718400000,2026-09-18T08:00:00.000Z,752.67,754.32,752.6,754.21,34.47,
1789718580000,2026-09-18T08:03:00.000Z,754.21,754.24,753.35,753.92,71.98,
1789718760000,2026-09-18T08:06:00.000Z,753.92,753.92,752.57,752.57,5.97,
1789718940000,2026-09-18T08:09:00.000Z,752.57,752.57,750.74,750.88,98.16,
1789719120000,2026-09-18T08:12:00.000Z,750.88,752.92,750.88,752.15,94.66,
1789719300000,2026-09-18T08:15:00.000Z,752.15,752.93,752.09,752.69,2.21,
1789719480000,2026-09-18T08:18:00.000Z,752.69,753.85,751.78,753.85,47.86,
1789719660000,2026-09-18T08:21:00.000Z,753.85,754.4,753.14,754.24,187.35,
1789719840000,2026-09-18T08:24:00.000Z,754.24,754.38,753.41,753.45,37.71,
1789720020000,2026-09-18T08:27:00.000Z,753.45,753.52,752.97,753.24,17.87,
1789720200000,2026-09-18T08:30:00.000Z,753.24,753.27,752.57,753.18,7.02,
1789720380000,2026-09-18T08:33:00.000Z,753.18,754.09,753.18,753.25,5.6,
1789720560000,2026-09-18T08:36:00.000Z,753.25,753.74,753.08,753.26,85.23,
1789720740000,2026-09-18T08:39:00.000Z,753.26,753.62,753.23,753.23,5.33,
1789720920000,2026-09-18T08:42:00.000Z,753.23,753.53,752.89,753.23,19.15,
1789721100000,2026-09-18T08:45:00.000Z,753.23,753.47,752.85,753.47,25.84,
1789721280000,2026-09-18T08:48:00.000Z,753.47,753.47,752.82,752.82,4.89,
1789721460000,2026-09-18T08:51:00.000Z,752.82,753.94,752.6,753.8,124.93,
1789721640000,2026-09-18T08:54:00.000Z,753.8,754.06,753.61,753.98,15.5,
1789721820000,2026-09-18T08:57:00.000Z,753.98,754.49,753.88,754.47,4.18,
1789722000000,2026-09-18T09:00:00.000Z,754.47,754.7,753.99,754.35,14.86,
1789722180000,2026-09-18T09:03:00.000Z,754.35,755.14,752.96,753.64,130.94,
1789722360000,2026-09-18T09:06:00.000Z,753.64,755.26,753.44,755.24,29.35,
1789722540000,2026-09-18T09:09:00.000Z,755.24,755.24,753.58,753.58,93.24,
1789722720000,2026-09-18T09:12:00.000Z,753.58,754.53,753.37,754.16,32.57,
1789722900000,2026-09-18T09:15:00.000Z,754.16,754.71,753.57,754.29,23.85,
1789723080000,2026-09-18T09:18:00.000Z,754.29,754.41,753.23,754.01,130.12,
1789723260000,2026-09-18T09:21:00.000Z,754.01,754.48,753.55,753.7,17.8,
1789723440000,2026-09-18T09:24:00.000Z,753.7,753.7,752.68,752.84,25.57,
1789723620000,2026-09-18T09:27:00.000Z,752.84,752.91,751.86,751.98,430.71,
1789723800000,2026-09-18T09:30:00.000Z,751.98,752.13,751.24,751.4,27.59,
1789723980000,2026-09-18T09:33:00.000Z,751.4,751.82,751,751,46.27,
1789724160000,2026-09-18T09:36:00.000Z,751,751,750.7,750.79,33.75,
1789724340000,2026-09-18T09:39:00.000Z,750.79,750.82,750.16,750.25,92.29,
1789724520000,2026-09-18T09:42:00.000Z,750.25,750.43,749.62,749.99,107.77,
1789724700000,2026-09-18T09:45:00.000Z,749.99,751.22,749.99,751.22,62.69,
1789724880000,2026-09-18T09:48:00.000Z,751.22,751.22,750.28,750.93,97.27,
1789725060000,2026-09-18T09:51:00.000Z,750.93,751.02,750.6,750.66,18.9,
1789725240000,2026-09-18T09:54:00.000Z,750.66,751.57,750.66,751.36,33.62,
1789725420000,2026-09-18T09:57:00.000Z,751.36,751.36,750.87,751.15,11.03,
1789725600000,2026-09-18T10:00:00.000Z,751.15,751.15,750.67,750.84,8.64,
1789725780000,2026-09-18T10:03:00.000Z,750.84,751.24,750.6,750.6,18.6,
1789725960000,2026-09-18T10:06:00.000Z,750.6,750.72,749.86,749.86,36.12,
1789726140000,2026-09-18T10:09:00.000Z,749.86,750.22,749.31,749.31,82.94,
1789726320000,2026-09-18T10:12:00.000Z,749.31,750.8,749.17,750.68,862.72,
1789726500000,2026-09-18T10:15:00.000Z,750.68,750.68,750.05,750.05,8.23,
1789726680000,2026-09-18T10:18:00.000Z,750.05,751.2,750.05,751.2,54.79,
1789726860000,2026-09-18T10:21:00.000Z,751.2,751.45,749.87,750.56,33.71,
1789727040000,2026-09-18T10:24:00.000Z,750.56,750.92,750.17,750.36,58.71,
1789727220000,2026-09-18T10:27:00.000Z,750.36,751.6,750.17,751.54,12.19,
1789727400000,2026-09-18T10:30:00.000Z,751.54,751.88,751.36,751.88,1.66,
1789727580000,2026-09-18T10:33:00.000Z,751.88,752.11,751.59,751.59,45.08,
1789727760000,2026-09-18T10:36:00.000Z,751.59,751.99,751.59,751.84,23.85,
1789727940000,2026-09-18T10:39:00.000Z,751.84,752.46,751.8,752.46,32.25,
1789728120000,2026-09-18T10:42:00.000Z,752.46,752.46,751.71,751.86,0.92,
1789728300000,2026-09-18T10:45:00.000Z,751.86,752.17,751.73,751.96,6.96,
1789728480000,2026-09-18T10:48:00.000Z,751.96,752.75,751.87,752.75,70.22,
1789728660000,2026-09-18T10:51:00.000Z,752.75,752.97,752.35,752.84,56.1,
1789728840000,2026-09-18T10:54:00.000Z,752.84,752.84,751.89,751.89,46.6,
1789729020000,2026-09-18T10:57:00.000Z,751.89,752.2,751.89,751.97,24,
1789729200000,2026-09-18T11:00:00.000Z,751.97,752.87,751.8,752.71,4.59,
1789729380000,2026-09-18T11:03:00.000Z,752.71,753.47,750.43,750.43,41.24,
1789729560000,2026-09-18T11:06:00.000Z,750.43,750.55,749.01,750.2,81.1,
1789729740000,2026-09-18T11:09:00.000Z,750.2,750.2,749.04,749.04,58.67,
1789729920000,2026-09-18T11:12:00.000Z,749.04,749.33,748.44,748.91,92,
1789730100000,2026-09-18T11:15:00.000Z,748.91,749.75,748.74,749.02,25.05,
1789730280000,2026-09-18T11:18:00.000Z,749.02,750.26,749.02,749.83,13,
1789730460000,2026-09-18T11:21:00.000Z,749.83,750.33,749.54,749.78,80.78,
1789730640000,2026-09-18T11:24:00.000Z,749.78,750.28,749.48,750.28,35.59,
1789730820000,2026-09-18T11:27:00.000Z,750.28,750.28,749.91,750.05,72.76,
1789731000000,2026-09-18T11:30:00.000Z,750.05,750.72,749.71,750.5,122.22,
1789731180000,2026-09-18T11:33:00.000Z,750.5,750.86,749.91,749.91,14.28,
1789731360000,2026-09-18T11:36:00.000Z,749.91,750.64,749.91,749.99,12.93,
1789731540000,2026-09-18T11:39:00.000Z,749.99,749.99,749.61,749.61,2.14,
1789731720000,2026-09-18T11:42:00.000Z,749.61,749.61,748.36,748.53,15.54,
1789731900000,2026-09-18T11:45:00.000Z,748.53,749.31,748.53,749.08,86.52,
1789732080000,2026-09-18T11:48:00.000Z,749.08,749.32,748.87,749.2,23.04,
1789732260000,2026-09-18T11:51:00.000Z,749.2,749.96,749.2,749.67,71.48,
1789732440000,2026-09-18T11:54:00.000Z,749.67,749.69,748.95,748.95,8.19,
1789732620000,2026-09-18T11:57:00.000Z,748.95,748.95,748.43,748.64,50.95,
1789732800000,2026-09-18T12:00:00.000Z,748.64,748.88,747.87,748.12,102.96,
1789732980000,2026-09-18T12:03:00.000Z,748.12,749.29,747.88,748.3,52.35,
1789733160000,2026-09-18T12:06:00.000Z,748.3,748.3,747.8,747.8,7.16,
1789733340000,2026-09-18T12:09:00.000Z,747.8,747.8,746.21,746.21,37.33,
1789733520000,2026-09-18T12:12:00.000Z,746.21,746.86,746.05,746.58,44.23,
1789733700000,2026-09-18T12:15:00.000Z,746.58,746.72,746.36,746.44,3.69,
1789733880000,2026-09-18T12:18:00.000Z,746.44,746.44,745.26,746.07,36.63,
1789734060000,2026-09-18T12:21:00.000Z,746.07,746.07,745.5,745.64,30.39,
1789734240000,2026-09-18T12:24:00.000Z,745.64,745.69,744.94,745.16,52.66,
1789734420000,2026-09-18T12:27:00.000Z,745.16,745.16,744.2,744.44,13.8,
1789734600000,2026-09-18T12:30:00.000Z,744.44,745.38,744.34,745.38,221.05,
1789734780000,2026-09-18T12:33:00.000Z,745.38,746.34,745.38,746.34,22.91,
1789734960000,2026-09-18T12:36:00.000Z,746.34,746.61,745.93,745.96,12.62,
1789735140000,2026-09-18T12:39:00.000Z,745.96,746.67,745.66,745.7,27.51,
1789735320000,2026-09-18T12:42:00.000Z,745.7,745.92,745.61,745.61,15.78,
1789735500000,2026-09-18T12:45:00.000Z,745.61,745.98,745.42,745.62,27.49,
1789735680000,2026-09-18T12:48:00.000Z,745.62,745.93,745.31,745.31,4.69,
1789735860000,2026-09-18T12:51:00.000Z,745.31,745.91,745.31,745.41,52.46,
1789736040000,2026-09-18T12:54:00.000Z,745.41,745.66,745.41,745.66,2.25,
1789736220000,2026-09-18T12:57:00.000Z,745.66,745.84,745.44,745.84,10.93,
1789736400000,2026-09-18T13:00:00.000Z,745.84,746.76,745.83,746.26,29.92,
1789736580000,2026-09-18T13:03:00.000Z,746.26,746.65,745.65,746.65,49.43,
1789736760000,2026-09-18T13:06:00.000Z,746.65,746.88,746.28,746.69,29.2,
1789736940000,2026-09-18T13:09:00.000Z,746.69,746.94,746.67,746.94,67.73,
1789737120000,2026-09-18T13:12:00.000Z,746.94,747.24,746.77,747.18,12.97,
1789737300000,2026-09-18T13:15:00.000Z,747.18,747.5,747.02,747.5,85.72,
1789737480000,2026-09-18T13:18:00.000Z,747.5,748.19,747.43,748.19,12.34,
1789737660000,2026-09-18T13:21:00.000Z,748.19,749.29,748.19,749.12,146.37,
1789737840000,2026-09-18T13:24:00.000Z,749.12,750,748.62,749.98,255.95,
1789738020000,2026-09-18T13:27:00.000Z,749.98,750.75,749.98,750.74,59.52,
1789738200000,2026-09-18T13:30:00.000Z,750.74,752.33,750.5,752,177.14,
1789738380000,2026-09-18T13:33:00.000Z,752,752.69,751.9,752.03,35.01,
1789738560000,2026-09-18T13:36:00.000Z,752.03,754.14,752.03,754.01,66.41,
1789738740000,2026-09-18T13:39:00.000Z,754.01,756.99,753.94,754.77,183.71,
1789738920000,2026-09-18T13:42:00.000Z,754.77,757.51,754.48,757.39,143.11,
1789739100000,2026-09-18T13:45:00.000Z,757.39,759.91,756.95,759.51,322.77,
1789739280000,2026-09-18T13:48:00.000Z,759.51,759.76,757.76,759.23,136.49,
1789739460000,2026-09-18T13:51:00.000Z,759.23,762.09,759.23,760.47,816.18,
1789739640000,2026-09-18T13:54:00.000Z,760.47,760.47,755.89,757.67,458.23,
1789739820000,2026-09-18T13:57:00.000Z,757.67,758.4,756,758,125.37,
1789740000000,2026-09-18T14:00:00.000Z,758,759.38,756.5,756.5,286.14,
1789740180000,2026-09-18T14:03:00.000Z,756.5,758.11,756.46,757,81.17,
1789740360000,2026-09-18T14:06:00.000Z,757,757.39,754.69,754.69,35.4,
1789740540000,2026-09-18T14:09:00.000Z,754.69,756.67,754.66,756.29,79.43,
1789740720000,2026-09-18T14:12:00.000Z,756.29,757.19,755.58,757.13,30.8,
1789740900000,2026-09-18T14:15:00.000Z,757.13,758.67,757.13,757.92,123.73,
1789741080000,2026-09-18T14:18:00.000Z,757.92,759.31,757.78,759.21,87.82,
1789741260000,2026-09-18T14:21:00.000Z,759.21,761.15,759.16,760.78,116.89,
1789741440000,2026-09-18T14:24:00.000Z,760.78,761.3,758.4,758.4,181.24,
1789741620000,2026-09-18T14:27:00.000Z,758.4,759.6,758,758.93,26.01,
1789741800000,2026-09-18T14:30:00.000Z,758.93,758.93,757.02,757.99,72.79,
1789741980000,2026-09-18T14:33:00.000Z,757.99,758.8,756.92,757.99,123.2,
1789742160000,2026-09-18T14:36:00.000Z,757.99,758.64,757.13,757.48,151.93,
1789742340000,2026-09-18T14:39:00.000Z,757.48,758.55,757.31,758.55,56.24,
1789742520000,2026-09-18T14:42:00.000Z,758.55,759.05,757.7,759.03,92.07,
1789742700000,2026-09-18T14:45:00.000Z,759.03,759.23,758.34,758.81,14.29,
1789742880000,2026-09-18T14:48:00.000Z,758.81,760,758.81,759.48,72.91,
1789743060000,2026-09-18T14:51:00.000Z,759.48,761.17,758.96,761.03,71.7,
1789743240000,2026-09-18T14:54:00.000Z,761.03,761.38,760.14,760.86,48.25,
1789743420000,2026-09-18T14:57:00.000Z,760.86,760.96,759.5,760.02,71.89,
1789743600000,2026-09-18T15:00:00.000Z,760.02,760.25,758.21,758.34,80.78,
1789743780000,2026-09-18T15:03:00.000Z,758.34,758.56,757.03,757.99,33.15,
1789743960000,2026-09-18T15:06:00.000Z,757.99,758.24,757,757.22,38.24,
1789744140000,2026-09-18T15:09:00.000Z,757.22,757.31,755.19,755.81,55.1,
1789744320000,2026-09-18T15:12:00.000Z,755.81,756.56,754.73,756.54,94.64,
1789744500000,2026-09-18T15:15:00.000Z,756.54,758.67,756.54,757.78,305.99,
1789744680000,2026-09-18T15:18:00.000Z,757.78,758.53,757.74,758.15,106.83,
1789744860000,2026-09-18T15:21:00.000Z,758.15,758.81,758.15,758.76,20.69,
1789745040000,2026-09-18T15:24:00.000Z,758.76,760.19,758.73,758.79,16.02,
1789745220000,2026-09-18T15:27:00.000Z,758.79,758.95,757.69,758.25,28.68,
1789745400000,2026-09-18T15:30:00.000Z,758.25,758.25,756.33,756.37,315.6,
1789745580000,2026-09-18T15:33:00.000Z,756.37,756.75,755.63,756.3,149.77,
1789745760000,2026-09-18T15:36:00.000Z,756.3,757.24,756.09,756.5,48.52,
1789745940000,2026-09-18T15:39:00.000Z,756.5,756.5,755.56,755.73,13.41,
1789746120000,2026-09-18T15:42:00.000Z,755.73,755.73,754.86,754.92,13.13,
1789746300000,2026-09-18T15:45:00.000Z,754.92,754.99,753.34,754.82,375.56,
1789746480000,2026-09-18T15:48:00.000Z,754.82,755.72,754.72,755.66,138.02,
1789746660000,2026-09-18T15:51:00.000Z,755.66,756.07,755.66,755.88,4.67,
1789746840000,2026-09-18T15:54:00.000Z,755.88,755.88,755.17,755.48,9.99,
1789747020000,2026-09-18T15:57:00.000Z,755.48,756.8,755.48,756.34,29.04,
1789747200000,2026-09-18T16:00:00.000Z,756.34,757.14,755.74,757.14,37.67,
1789747380000,2026-09-18T16:03:00.000Z,757.14,758.86,756.39,758.86,387.29,
1789747560000,2026-09-18T16:06:00.000Z,758.86,759.91,758.86,759.49,69.31,
1789747740000,2026-09-18T16:09:00.000Z,759.49,760.28,759.14,759.47,11.82,
1789747920000,2026-09-18T16:12:00.000Z,759.47,759.73,759.18,759.59,26.26,
1789748100000,2026-09-18T16:15:00.000Z,759.59,760.33,759.43,760.16,4.29,
1789748280000,2026-09-18T16:18:00.000Z,760.16,760.33,759.13,759.81,61.12,
1789748460000,2026-09-18T16:21:00.000Z,759.81,760.19,758.63,758.76,21.83,
1789748640000,2026-09-18T16:24:00.000Z,758.76,759.43,757.95,757.97,58.35,
1789748820000,2026-09-18T16:27:00.000Z,757.97,759.2,757.8,758.89,26.33,
1789749000000,2026-09-18T16:30:00.000Z,758.89,760.33,758.83,760.33,6.84,
1789749180000,2026-09-18T16:33:00.000Z,760.33,760.8,759.62,759.62,80.91,
1789749360000,2026-09-18T16:36:00.000Z,759.62,759.69,758.41,759.24,74.22,
1789749540000,2026-09-18T16:39:00.000Z,759.24,760.53,758.66,758.66,7.7,
1789749720000,2026-09-18T16:42:00.000Z,758.66,759.97,758.66,759.65,58.2,
1789749900000,2026-09-18T16:45:00.000Z,759.65,759.65,758,758.49,52.85,
1789750080000,2026-09-18T16:48:00.000Z,758.49,758.49,757.24,757.24,12.2,
1789750260000,2026-09-18T16:51:00.000Z,757.24,758.36,757.14,758.36,13.88,
1789750440000,2026-09-18T16:54:00.000Z,758.36,759.21,758.36,758.64,0.94,
1789750620000,2026-09-18T16:57:00.000Z,758.64,758.64,757.76,757.92,32.09,
1789750800000,2026-09-18T17:00:00.000Z,757.92,758.08,756.6,756.6,89.37,
1789750980000,2026-09-18T17:03:00.000Z,756.6,757.58,756.55,757.31,223.21,
1789751160000,2026-09-18T17:06:00.000Z,757.31,757.47,756.91,756.91,39.79,
1789751340000,2026-09-18T17:09:00.000Z,756.91,757.15,756.91,756.91,18.29,
1789751520000,2026-09-18T17:12:00.000Z,756.91,757.64,756.6,757.48,13.29,
1789751700000,2026-09-18T17:15:00.000Z,757.48,758.68,757.29,758.66,14.82,
1789751880000,2026-09-18T17:18:00.000Z,758.66,759.16,757.32,757.34,18.86,
1789752060000,2026-09-18T17:21:00.000Z,757.34,757.47,756.38,756.38,11.92,
1789752240000,2026-09-18T17:24:00.000Z,756.38,758.16,756.38,757.78,24.05,
1789752420000,2026-09-18T17:27:00.000Z,757.78,758.08,757.67,758.08,43.46,
1789752600000,2026-09-18T17:30:00.000Z,758.08,758.12,757.19,757.32,3.74,
1789752780000,2026-09-18T17:33:00.000Z,757.32,757.89,757.31,757.89,9.96,
1789752960000,2026-09-18T17:36:00.000Z,757.89,758.23,757.41,757.9,41.5,
1789753140000,2026-09-18T17:39:00.000Z,757.9,758.53,757.9,758.17,1.49,
1789753320000,2026-09-18T17:42:00.000Z,758.17,758.64,758.05,758.64,12.56,
1789753500000,2026-09-18T17:45:00.000Z,758.64,759.23,758.62,759.22,8.82,
1789753680000,2026-09-18T17:48:00.000Z,759.22,760.2,759.22,760.2,43.15,
1789753860000,2026-09-18T17:51:00.000Z,760.2,760.65,760.12,760.45,17.95,
1789754040000,2026-09-18T17:54:00.000Z,760.45,760.99,760.26,760.68,337.96,
1789754220000,2026-09-18T17:57:00.000Z,760.68,761.29,760.32,761.1,25.01,
1789754400000,2026-09-18T18:00:00.000Z,761.1,761.57,760.39,761.16,26.96,
1789754580000,2026-09-18T18:03:00.000Z,761.16,761.18,760.52,761.18,4.01,
1789754760000,2026-09-18T18:06:00.000Z,761.18,762,761.13,761.94,90.5,
1789754940000,2026-09-18T18:09:00.000Z,761.94,761.94,761.3,761.9,28.12,
1789755120000,2026-09-18T18:12:00.000Z,761.9,761.97,760.85,761.97,32.53,
1789755300000,2026-09-18T18:15:00.000Z,761.97,761.97,761.38,761.38,0.95,
1789755480000,2026-09-18T18:18:00.000Z,761.38,761.95,761.38,761.77,25.18,
1789755660000,2026-09-18T18:21:00.000Z,761.77,761.81,761.4,761.65,38.9,
1789755840000,2026-09-18T18:24:00.000Z,761.65,761.65,760.86,761.56,9.7,
1789756020000,2026-09-18T18:27:00.000Z,761.56,762.27,761.38,762.26,69.42,
1789756200000,2026-09-18T18:30:00.000Z,762.26,763.39,761.59,763.1,125.97,
1789756380000,2026-09-18T18:33:00.000Z,763.1,763.32,761.9,762.73,37.9,
1789756560000,2026-09-18T18:36:00.000Z,762.73,764.78,762.73,763.86,271.86,
1789756740000,2026-09-18T18:39:00.000Z,763.86,764.02,763.11,763.28,13.23,
1789756920000,2026-09-18T18:42:00.000Z,763.28,763.31,762.35,762.61,72.49,
1789757100000,2026-09-18T18:45:00.000Z,762.61,763.91,762.61,763.91,27.96,
1789757280000,2026-09-18T18:48:00.000Z,763.91,764.45,763.65,764.26,35.61,
1789757460000,2026-09-18T18:51:00.000Z,764.26,764.26,763.37,764.06,41.22,
1789757640000,2026-09-18T18:54:00.000Z,764.06,764.06,763.19,763.68,3.83,
1789757820000,2026-09-18T18:57:00.000Z,763.68,764.19,763.52,764.03,25.97,
1789758000000,2026-09-18T19:00:00.000Z,764.03,764.37,763.97,764.09,6.22,
1789758180000,2026-09-18T19:03:00.000Z,764.09,765.17,764.09,765.05,28.24,
1789758360000,2026-09-18T19:06:00.000Z,765.05,766.79,765.05,766.71,75.24,
1789758540000,2026-09-18T19:09:00.000Z,766.71,767.69,766.71,767.61,69.78,
1789758720000,2026-09-18T19:12:00.000Z,767.61,767.95,766.7,766.81,49.63,
1789758900000,2026-09-18T19:15:00.000Z,766.81,768.58,766.31,766.9,74.64,
1789759080000,2026-09-18T19:18:00.000Z,766.9,768.12,766.71,767.08,32.38,
1789759260000,2026-09-18T19:21:00.000Z,767.08,767.31,766.4,766.55,68.86,
1789759440000,2026-09-18T19:24:00.000Z,766.55,766.64,765.53,766.59,75.47,
1789759620000,2026-09-18T19:27:00.000Z,766.59,767.7,766.59,766.72,30.99,
1789759800000,2026-09-18T19:30:00.000Z,766.72,766.84,766.37,766.69,15.04,
1789759980000,2026-09-18T19:33:00.000Z,766.69,766.96,766.34,766.34,8.1,
1789760160000,2026-09-18T19:36:00.000Z,766.34,766.34,765.64,766.2,20.71,
1789760340000,2026-09-18T19:39:00.000Z,766.2,766.96,765.84,766.9,55.76,
1789760520000,2026-09-18T19:42:00.000Z,766.9,767.33,766.49,767.3,10.49,
1789760700000,2026-09-18T19:45:00.000Z,767.3,767.3,766.4,767.2,23.64,
1789760880000,2026-09-18T19:48:00.000Z,767.2,767.5,766.12,766.48,28.72,
1789761060000,2026-09-18T19:51:00.000Z,766.48,766.6,765.56,766.38,3.18,
1789761240000,2026-09-18T19:54:00.000Z,766.38,766.38,765.42,765.85,23.85,
1789761420000,2026-09-18T19:57:00.000Z,765.85,766.16,765.48,766.03,20.18,
1789761600000,2026-09-18T20:00:00.000Z,766.03,766.29,763.85,764.05,213.35,
1789761780000,2026-09-18T20:03:00.000Z,764.05,764.7,763.55,764.38,19.53,
1789761960000,2026-09-18T20:06:00.000Z,764.38,764.38,763.6,764.01,12.72,
1789762140000,2026-09-18T20:09:00.000Z,764.01,764.2,763.52,764.03,46.76,
1789762320000,2026-09-18T20:12:00.000Z,764.03,764.45,763.95,764.04,7.2,
1789762500000,2026-09-18T20:15:00.000Z,764.04,764.69,763.74,764.41,16.05,
1789762680000,2026-09-18T20:18:00.000Z,764.41,764.55,764.19,764.4,7.11,
1789762860000,2026-09-18T20:21:00.000Z,764.4,764.52,763.8,763.85,12.86,
1789763040000,2026-09-18T20:24:00.000Z,763.85,763.89,763.06,763.11,50.34,
1789763220000,2026-09-18T20:27:00.000Z,763.11,763.27,762.78,763.11,16.17,
1789763400000,2026-09-18T20:30:00.000Z,763.11,763.15,762.73,762.79,16.22,
1789763580000,2026-09-18T20:33:00.000Z,762.79,763.05,762.79,762.92,0.95,
1789763760000,2026-09-18T20:36:00.000Z,762.92,763.22,762.56,762.56,3.4,
1789763940000,2026-09-18T20:39:00.000Z,762.56,763.61,762.56,763.61,39.53,
1789764120000,2026-09-18T20:42:00.000Z,763.61,764.64,763.61,764.36,10.95,
1789764300000,2026-09-18T20:45:00.000Z,764.36,764.69,764.26,764.36,8.09,
1789764480000,2026-09-18T20:48:00.000Z,764.36,764.58,763.24,763.55,45.47,
1789764660000,2026-09-18T20:51:00.000Z,763.55,763.92,763.47,763.47,1.48,
1789764840000,2026-09-18T20:54:00.000Z,763.47,763.47,762.96,763.01,14.84,
1789765020000,2026-09-18T20:57:00.000Z,763.01,763.26,762.88,763.26,7.63,
1789765200000,2026-09-18T21:00:00.000Z,763.26,763.88,763.24,763.77,22.06,
1789765380000,2026-09-18T21:03:00.000Z,763.77,764.31,763.77,763.97,21.33,
1789765560000,2026-09-18T21:06:00.000Z,763.97,764.73,763.97,764.32,3.18,
1789765740000,2026-09-18T21:09:00.000Z,764.32,764.38,763.9,764.24,22.52,
1789765920000,2026-09-18T21:12:00.000Z,764.24,764.52,764.24,764.52,0.09,
1789766100000,2026-09-18T21:15:00.000Z,764.52,764.52,763.8,763.93,13.83,
1789766280000,2026-09-18T21:18:00.000Z,763.93,763.93,762.95,763.12,29.11,
1789766460000,2026-09-18T21:21:00.000Z,763.12,763.59,763.02,763.17,25.69,
1789766640000,2026-09-18T21:24:00.000Z,763.17,764.28,763.17,764.27,44.31,
1789766820000,2026-09-18T21:27:00.000Z,764.27,764.27,763.58,763.58,2.07,
1789767000000,2026-09-18T21:30:00.000Z,763.58,763.73,763.03,763.15,12.92,
1789767180000,2026-09-18T21:33:00.000Z,763.15,763.86,763.13,763.86,0.64,
1789767360000,2026-09-18T21:36:00.000Z,763.86,764.3,763.76,764.3,1.09,
1789767540000,2026-09-18T21:39:00.000Z,764.3,764.63,764.23,764.63,4.75,
1789767720000,2026-09-18T21:42:00.000Z,764.63,764.64,764.35,764.51,15.95,
1789767900000,2026-09-18T21:45:00.000Z,764.51,764.51,763.73,763.8,1.76,
1789768080000,2026-09-18T21:48:00.000Z,763.8,764.01,763.8,763.9,1.76,
1789768260000,2026-09-18T21:51:00.000Z,763.9,763.9,763.4,763.53,3.05,
1789768440000,2026-09-18T21:54:00.000Z,763.53,763.61,763.46,763.46,7.23,
1789768620000,2026-09-18T21:57:00.000Z,763.46,763.55,763.46,763.51,1.07,
1789768800000,2026-09-18T22:00:00.000Z,763.51,763.97,763,763.29,3.86,
1789768980000,2026-09-18T22:03:00.000Z,763.29,763.29,762.5,763.26,5.01,
1789769160000,2026-09-18T22:06:00.000Z,763.26,763.44,762.74,763.3,8.81,
1789769340000,2026-09-18T22:09:00.000Z,763.3,764.17,763.3,763.79,55.36,
1789769520000,2026-09-18T22:12:00.000Z,763.79,763.79,762.88,763.05,9.87,
1789769700000,2026-09-18T22:15:00.000Z,763.05,763.99,763.05,763.52,15.16,
1789769880000,2026-09-18T22:18:00.000Z,763.52,764.42,763.52,764.06,254.77,
1789770060000,2026-09-18T22:21:00.000Z,764.06,764.08,763.59,763.65,150.99,
1789770240000,2026-09-18T22:24:00.000Z,763.65,763.65,763.57,763.6,1.12,
1789770420000,2026-09-18T22:27:00.000Z,763.6,763.66,763.08,763.08,15.46,
1789770600000,2026-09-18T22:30:00.000Z,763.08,763.08,762,762,3.66,
1789770780000,2026-09-18T22:33:00.000Z,762,762.32,761.33,761.52,11.52,
1789770960000,2026-09-18T22:36:00.000Z,761.52,761.64,761.12,761.6,5.86,
1789771140000,2026-09-18T22:39:00.000Z,761.6,762.56,761.6,762.47,1.96,
1789771320000,2026-09-18T22:42:00.000Z,762.47,762.84,762.47,762.48,10.78,
1789771500000,2026-09-18T22:45:00.000Z,762.48,762.74,762.43,762.74,3.58,
1789771680000,2026-09-18T22:48:00.000Z,762.74,762.94,762.65,762.76,5.01,
1789771860000,2026-09-18T22:51:00.000Z,762.76,762.76,762.21,762.36,7.19,
1789772040000,2026-09-18T22:54:00.000Z,762.36,762.77,762.24,762.7,43.34,
1789772220000,2026-09-18T22:57:00.000Z,762.7,763.64,762.69,763.64,16.04,
1789772400000,2026-09-18T23:00:00.000Z,763.64,764.48,763.64,763.64,6.56,
1789772580000,2026-09-18T23:03:00.000Z,763.64,763.67,762.41,762.56,11.06,
1789772760000,2026-09-18T23:06:00.000Z,762.56,762.76,762.36,762.69,14.07,
1789772940000,2026-09-18T23:09:00.000Z,762.69,763.33,762.35,763.33,1.62,
1789773120000,2026-09-18T23:12:00.000Z,763.33,763.39,762.83,763.12,5.45,
1789773300000,2026-09-18T23:15:00.000Z,763.12,763.29,762.45,762.45,68.67,
1789773480000,2026-09-18T23:18:00.000Z,762.45,762.77,762.45,762.77,3.7,
1789773660000,2026-09-18T23:21:00.000Z,762.77,763.08,762.77,762.93,2.48,
1789773840000,2026-09-18T23:24:00.000Z,762.93,763.01,762.07,762.12,21.83,
1789774020000,2026-09-18T23:27:00.000Z,762.12,762.29,762,762.04,12.33,
1789774200000,2026-09-18T23:30:00.000Z,762.04,762.06,761.55,761.87,13.97,
1789774380000,2026-09-18T23:33:00.000Z,761.87,762.32,761.43,761.72,6.4,
1789774560000,2026-09-18T23:36:00.000Z,761.72,761.72,760.93,761.19,37.23,
1789774740000,2026-09-18T23:39:00.000Z,761.19,761.63,761.16,761.56,18.67,
1789774920000,2026-09-18T23:42:00.000Z,761.56,761.65,761.44,761.44,3.44,
1789775100000,2026-09-18T23:45:00.000Z,761.44,761.71,761.3,761.4,4.99,
1789775280000,2026-09-18T23:48:00.000Z,761.4,761.44,761.04,761.24,23.17,
1789775460000,2026-09-18T23:51:00.000Z,761.24,761.64,759.85,760.92,81.08,
1789775640000,2026-09-18T23:54:00.000Z,760.92,760.99,760.39,760.73,8.63,
1789775820000,2026-09-18T23:57:00.000Z,760.73,761.38,760.73,760.9,12.54,
1789776000000,2026-09-19T00:00:00.000Z,760.9,761.25,760.17,760.17,188.62,
1789776180000,2026-09-19T00:03:00.000Z,760.17,760.27,759.36,760.24,13.12,
1789776360000,2026-09-19T00:06:00.000Z,760.24,760.66,759.91,760.11,10.27,
1789776540000,2026-09-19T00:09:00.000Z,760.11,760.77,759.98,760.66,9.67,
1789776720000,2026-09-19T00:12:00.000Z,760.66,761.05,760.66,761.01,1.18,
1789776900000,2026-09-19T00:15:00.000Z,761.01,761.21,760.86,761.04,154.45,
1789777080000,2026-09-19T00:18:00.000Z,761.04,761.86,761.04,761.7,10.21,
1789777260000,2026-09-19T00:21:00.000Z,761.7,761.7,760.95,761,4.17,
1789777440000,2026-09-19T00:24:00.000Z,761,761.07,760.69,760.86,2.77,
1789777620000,2026-09-19T00:27:00.000Z,760.86,761.43,760.52,761.38,28.25,
1789777800000,2026-09-19T00:30:00.000Z,761.38,762.34,761.25,762.34,9.11,
1789777980000,2026-09-19T00:33:00.000Z,762.34,762.77,762.19,762.69,15.26,
1789778160000,2026-09-19T00:36:00.000Z,762.69,763.33,762.69,763.25,4.74,
1789778340000,2026-09-19T00:39:00.000Z,763.25,763.5,762.89,763.43,8.01,
1789778520000,2026-09-19T00:42:00.000Z,763.43,763.91,763.43,763.76,25.46,
1789778700000,2026-09-19T00:45:00.000Z,763.76,763.95,763.27,763.27,13.07,
1789778880000,2026-09-19T00:48:00.000Z,763.27,763.27,762.79,762.99,12.52,
1789779060000,2026-09-19T00:51:00.000Z,762.99,763.51,762.66,763.51,3.98,
1789779240000,2026-09-19T00:54:00.000Z,763.51,763.77,762.72,762.72,20.88,
1789779420000,2026-09-19T00:57:00.000Z,762.72,763.58,762.72,763.58,0.67,
1789779600000,2026-09-19T01:00:00.000Z,763.58,763.74,762.77,763.3,8.09,
1789779780000,2026-09-19T01:03:00.000Z,763.3,763.3,762.52,762.52,0.32,
1789779960000,2026-09-19T01:06:00.000Z,762.52,762.88,762.15,762.42,35.78,
1789780140000,2026-09-19T01:09:00.000Z,762.42,762.56,761.87,762.04,12.28,
1789780320000,2026-09-19T01:12:00.000Z,762.04,762.72,760.64,761.1,40.49,
1789780500000,2026-09-19T01:15:00.000Z,761.1,761.36,760.92,761.01,2.22,
1789780680000,2026-09-19T01:18:00.000Z,761.01,761.01,759.52,759.91,13.59,
1789780860000,2026-09-19T01:21:00.000Z,759.91,761.36,759.31,761.06,8.3,
1789781040000,2026-09-19T01:24:00.000Z,761.06,762.4,761.06,762.4,1.47,
1789781220000,2026-09-19T01:27:00.000Z,762.4,763.19,762.4,762.69,11.59,
1789781400000,2026-09-19T01:30:00.000Z,762.69,762.69,761.7,761.71,2.5,
1789781580000,2026-09-19T01:33:00.000Z,761.71,761.71,760.6,760.6,2.3,
1789781760000,2026-09-19T01:36:00.000Z,760.6,760.6,759.38,759.64,21.13,
1789781940000,2026-09-19T01:39:00.000Z,759.64,759.97,759.06,759.79,63.46,
1789782120000,2026-09-19T01:42:00.000Z,759.79,761.14,759.79,761.14,3.7,
1789782300000,2026-09-19T01:45:00.000Z,761.14,762.22,761.14,762.21,1.27,
1789782480000,2026-09-19T01:48:00.000Z,762.21,763.32,762.21,763.04,17.68,
1789782660000,2026-09-19T01:51:00.000Z,763.04,763.25,762.35,763.2,44.32,
1789782840000,2026-09-19T01:54:00.000Z,763.2,763.2,761.46,761.79,9.29,
1789783020000,2026-09-19T01:57:00.000Z,761.79,762.4,761.48,762.17,6.32,
1789783200000,2026-09-19T02:00:00.000Z,762.17,762.43,761.82,761.82,4.82,
1789783380000,2026-09-19T02:03:00.000Z,761.82,762.16,761.82,762.16,0.89,
1789783560000,2026-09-19T02:06:00.000Z,762.16,762.9,762.16,762.9,0.87,
1789783740000,2026-09-19T02:09:00.000Z,762.9,763.72,762.9,763.6,6.3,
1789783920000,2026-09-19T02:12:00.000Z,763.6,763.63,763.15,763.15,3.79,
1789784100000,2026-09-19T02:15:00.000Z,763.15,763.16,763.15,763.16,0.01,
1789784280000,2026-09-19T02:18:00.000Z,763.16,763.16,762.59,762.6,7.9,
1789784460000,2026-09-19T02:21:00.000Z,762.6,764.24,762.6,764.15,38.29,
1789784640000,2026-09-19T02:24:00.000Z,764.15,764.15,762.99,763.14,10.82,
1789784820000,2026-09-19T02:27:00.000Z,763.14,763.14,762.66,762.66,6.76,
1789785000000,2026-09-19T02:30:00.000Z,762.66,763.21,762.32,763.21,8.77,
1789785180000,2026-09-19T02:33:00.000Z,763.21,763.21,762.67,762.74,5.56,
1789785360000,2026-09-19T02:36:00.000Z,762.74,763.16,762.74,762.74,7.67,
1789785540000,2026-09-19T02:39:00.000Z,762.74,762.74,762.37,762.37,0.44,
1789785720000,2026-09-19T02:42:00.000Z,762.37,762.37,762.11,762.11,0.36,
1789785900000,2026-09-19T02:45:00.000Z,762.11,762.11,761.15,761.32,4.15,
1789786080000,2026-09-19T02:48:00.000Z,761.32,761.63,761.32,761.55,53.35,
1789786260000,2026-09-19T02:51:00.000Z,761.55,761.55,761.14,761.14,0.04,
1789786440000,2026-09-19T02:54:00.000Z,761.14,761.4,761.14,761.24,9.96,
1789786620000,2026-09-19T02:57:00.000Z,761.24,761.47,760.95,761.47,6.24,
1789786800000,2026-09-19T03:00:00.000Z,761.47,761.65,761.26,761.65,38.29,
1789786980000,2026-09-19T03:03:00.000Z,761.65,762.33,761.36,762.08,13.04,
1789787160000,2026-09-19T03:06:00.000Z,762.08,762.08,761.76,761.76,19.36,
1789787340000,2026-09-19T03:09:00.000Z,761.76,761.83,761.5,761.5,46.53,
1789787520000,2026-09-19T03:12:00.000Z,761.5,761.94,761.5,761.72,0.64,
1789787700000,2026-09-19T03:15:00.000Z,761.72,761.72,761.3,761.3,158.14,
1789787880000,2026-09-19T03:18:00.000Z,761.3,761.3,760.48,760.57,6.06,
1789788060000,2026-09-19T03:21:00.000Z,760.57,761.15,760.57,760.65,42.6,
1789788240000,2026-09-19T03:24:00.000Z,760.65,760.72,760.18,760.18,2.57,
1789788420000,2026-09-19T03:27:00.000Z,760.18,760.24,759.59,759.65,9.25,
1789788600000,2026-09-19T03:30:00.000Z,759.65,759.83,758.62,759.31,24.71,
1789788780000,2026-09-19T03:33:00.000Z,759.31,759.31,758.46,758.56,20.74,
1789788960000,2026-09-19T03:36:00.000Z,758.56,759.19,758.05,759.19,53.55,
1789789140000,2026-09-19T03:39:00.000Z,759.19,759.19,758.89,759.08,1.27,
1789789320000,2026-09-19T03:42:00.000Z,759.08,759.3,758.83,759.3,5.91,
1789789500000,2026-09-19T03:45:00.000Z,759.3,759.76,759.29,759.65,4.13,
1789789680000,2026-09-19T03:48:00.000Z,759.65,759.88,759.54,759.74,1.34,
1789789860000,2026-09-19T03:51:00.000Z,759.74,759.74,759.43,759.44,2.22,
1789790040000,2026-09-19T03:54:00.000Z,759.44,759.72,759.31,759.31,17.01,
1789790220000,2026-09-19T03:57:00.000Z,759.31,759.59,759.06,759.06,2.36,
1789790400000,2026-09-19T04:00:00.000Z,759.06,759.52,759.05,759.52,19.53,
1789790580000,2026-09-19T04:03:00.000Z,759.52,759.87,759.2,759.66,28.45,
1789790760000,2026-09-19T04:06:00.000Z,759.66,761.24,759.33,761.24,44.31,
1789790940000,2026-09-19T04:09:00.000Z,761.24,762.31,761.24,762.28,65.99,
1789791120000,2026-09-19T04:12:00.000Z,762.28,763.94,762.28,763.94,82.65,
1789791300000,2026-09-19T04:15:00.000Z,763.94,764.33,763.2,763.32,44.4,
1789791480000,2026-09-19T04:18:00.000Z,763.32,766.66,763.32,765.68,620.76,
1789791660000,2026-09-19T04:21:00.000Z,765.68,767.3,764.01,764.28,177.68,
1789791840000,2026-09-19T04:24:00.000Z,764.28,764.28,763.34,763.34,3.63,
1789792020000,2026-09-19T04:27:00.000Z,763.34,763.83,763,763.25,28.55,
1789792200000,2026-09-19T04:30:00.000Z,763.25,763.27,761.6,761.6,27.72,
1789792380000,2026-09-19T04:33:00.000Z,761.6,762.18,761.56,761.97,17.3,
1789792560000,2026-09-19T04:36:00.000Z,761.97,763.13,760.87,760.87,450.53,
1789792740000,2026-09-19T04:39:00.000Z,760.87,760.87,760.29,760.76,55.01,
1789792920000,2026-09-19T04:42:00.000Z,760.76,761.01,760.2,760.61,7.68,
1789793100000,2026-09-19T04:45:00.000Z,760.61,760.72,759.79,759.79,452.31,
1789793280000,2026-09-19T04:48:00.000Z,759.79,760.09,759.47,760.09,27.94,
1789793460000,2026-09-19T04:51:00.000Z,760.09,760.09,759.52,759.99,35.55,
1789793640000,2026-09-19T04:54:00.000Z,759.99,760.3,759.48,760.13,298.11,
1789793820000,2026-09-19T04:57:00.000Z,760.13,760.26,759.79,759.79,8.74,
1789794000000,2026-09-19T05:00:00.000Z,759.79,760.34,759.77,760.34,20.39,
1789794180000,2026-09-19T05:03:00.000Z,760.34,760.59,760.34,760.59,0.72,
1789794360000,2026-09-19T05:06:00.000Z,760.59,761.79,760.59,761.74,41.91,
1789794540000,2026-09-19T05:09:00.000Z,761.74,761.74,761.36,761.36,1.01,
1789794720000,2026-09-19T05:12:00.000Z,761.36,761.67,761.2,761.2,9.74,
1789794900000,2026-09-19T05:15:00.000Z,761.2,761.42,761.04,761.42,0.41,
1789795080000,2026-09-19T05:18:00.000Z,761.42,762.34,761.42,762.34,19.38,
1789795260000,2026-09-19T05:21:00.000Z,762.34,762.96,762.26,762.88,20.63,
1789795440000,2026-09-19T05:24:00.000Z,762.88,764,762.88,763.65,14.82,
1789795620000,2026-09-19T05:27:00.000Z,763.65,764.11,762.97,762.97,10.62,
1789795800000,2026-09-19T05:30:00.000Z,762.97,762.97,761.96,762.39,2.38,
1789795980000,2026-09-19T05:33:00.000Z,762.39,763.36,762.39,763.36,49.16,
1789796160000,2026-09-19T05:36:00.000Z,763.36,763.67,763.07,763.67,0.73,
1789796340000,2026-09-19T05:39:00.000Z,763.67,764.22,763.35,763.41,8.29,
1789796520000,2026-09-19T05:42:00.000Z,763.41,763.41,762.61,762.61,0.12,
1789796700000,2026-09-19T05:45:00.000Z,762.61,762.64,762.09,762.56,9.38,
1789796880000,2026-09-19T05:48:00.000Z,762.56,764.03,762.56,763.67,11.56,
1789797060000,2026-09-19T05:51:00.000Z,763.67,763.98,763.53,763.74,16.69,
1789797240000,2026-09-19T05:54:00.000Z,763.74,763.74,763.33,763.4,1.08,
1789797420000,2026-09-19T05:57:00.000Z,763.4,763.43,762.88,763.43,11.74,
1789797600000,2026-09-19T06:00:00.000Z,763.43,764.02,762.89,763.96,10.89,
1789797780000,2026-09-19T06:03:00.000Z,763.96,763.96,762.07,762.84,9.32,
1789797960000,2026-09-19T06:06:00.000Z,762.84,763.52,762.8,762.8,2.12,
1789798140000,2026-09-19T06:09:00.000Z,762.8,762.8,762.02,762.02,5.26,
1789798320000,2026-09-19T06:12:00.000Z,762.02,763.03,762.02,762.56,0.92,
1789798500000,2026-09-19T06:15:00.000Z,762.56,763.8,762.56,763.47,14.81,
1789798680000,2026-09-19T06:18:00.000Z,763.47,763.79,763.07,763.07,0.93,
1789798860000,2026-09-19T06:21:00.000Z,763.07,763.07,762.03,762.34,8.8,
1789799040000,2026-09-19T06:24:00.000Z,762.34,762.34,760.67,760.67,10.01,
1789799220000,2026-09-19T06:27:00.000Z,760.67,761.82,760.67,761.7,2.85,
1789799400000,2026-09-19T06:30:00.000Z,761.7,762.78,761.7,762.22,7.33,
1789799580000,2026-09-19T06:33:00.000Z,762.22,763.49,762.22,763.02,16.98,
1789799760000,2026-09-19T06:36:00.000Z,763.02,764.16,763.02,763.48,26.27,
1789799940000,2026-09-19T06:39:00.000Z,763.48,763.48,762.55,762.68,2.5,
1789800120000,2026-09-19T06:42:00.000Z,762.68,762.68,762.33,762.33,0.7,
1789800300000,2026-09-19T06:45:00.000Z,762.33,762.33,762.19,762.19,6.94,
1789800480000,2026-09-19T06:48:00.000Z,762.19,762.19,761.28,761.33,72.66,
1789800660000,2026-09-19T06:51:00.000Z,761.33,761.56,760.89,761.12,41,
1789800840000,2026-09-19T06:54:00.000Z,761.12,761.46,760.8,761.24,30.71,
1789801020000,2026-09-19T06:57:00.000Z,761.24,761.47,761.11,761.45,0.75,
1789801200000,2026-09-19T07:00:00.000Z,761.45,761.54,761.38,761.5,3.17,
1789801380000,2026-09-19T07:03:00.000Z,761.5,761.5,761.1,761.1,1.04,
1789801560000,2026-09-19T07:06:00.000Z,761.1,761.61,760.76,761.61,10.04,
1789801740000,2026-09-19T07:09:00.000Z,761.61,762.14,761.46,762.12,4.46,
1789801920000,2026-09-19T07:12:00.000Z,762.12,762.26,761.86,762.2,3.31,
1789802100000,2026-09-19T07:15:00.000Z,762.2,762.21,761.96,761.99,0.62,
1789802280000,2026-09-19T07:18:00.000Z,761.99,762.34,761.56,761.72,6.74,
1789802460000,2026-09-19T07:21:00.000Z,761.72,761.99,761.11,761.18,86.03,
1789802640000,2026-09-19T07:24:00.000Z,761.18,761.19,761.03,761.03,10.75,
1789802820000,2026-09-19T07:27:00.000Z,761.03,761.22,760.89,761.22,1.22,
1789803000000,2026-09-19T07:30:00.000Z,761.22,761.63,760.92,760.92,9.43,
1789803180000,2026-09-19T07:33:00.000Z,760.92,761.3,760.68,760.74,22.93,
1789803360000,2026-09-19T07:36:00.000Z,760.74,760.79,759.64,759.72,6.16,
1789803540000,2026-09-19T07:39:00.000Z,759.72,760.15,759.72,759.82,3.82,
1789803720000,2026-09-19T07:42:00.000Z,759.82,760.02,759.67,759.97,21.9,
1789803900000,2026-09-19T07:45:00.000Z,759.97,760.14,759.93,759.95,27.14,
1789804080000,2026-09-19T07:48:00.000Z,759.95,760.02,759.86,759.86,6.63,
1789804260000,2026-09-19T07:51:00.000Z,759.86,760.24,759.86,760.19,10.17,
1789804440000,2026-09-19T07:54:00.000Z,760.19,760.89,760.19,760.75,47.66,
1789804620000,2026-09-19T07:57:00.000Z,760.75,760.75,760.27,760.27,13.55,
1789804800000,2026-09-19T08:00:00.000Z,760.27,760.63,759.91,759.91,30.54,
1789804980000,2026-09-19T08:03:00.000Z,759.91,760.43,759.82,760.37,5.01,
1789805160000,2026-09-19T08:06:00.000Z,760.37,761.38,760.2,761.19,6.77,
1789805340000,2026-09-19T08:09:00.000Z,761.19,761.5,761.19,761.4,4.61,
1789805520000,2026-09-19T08:12:00.000Z,761.4,761.97,761.4,761.97,352.82,
1789805700000,2026-09-19T08:15:00.000Z,761.97,762.55,761.97,762.55,1.15,
1789805880000,2026-09-19T08:18:00.000Z,762.55,763.99,762.22,763.97,34.42,
1789806060000,2026-09-19T08:21:00.000Z,763.97,764.48,763.05,763.05,45.18,
1789806240000,2026-09-19T08:24:00.000Z,763.05,763.05,762.23,762.23,1.85,
1789806420000,2026-09-19T08:27:00.000Z,762.23,762.88,762.22,762.88,6.22,
1789806600000,2026-09-19T08:30:00.000Z,762.88,763.23,762.71,762.85,14.38,
1789806780000,2026-09-19T08:33:00.000Z,762.85,764.11,762.85,763.35,21.49,
1789806960000,2026-09-19T08:36:00.000Z,763.35,763.83,763.25,763.71,8.29,
1789807140000,2026-09-19T08:39:00.000Z,763.71,764.13,763.43,764.06,4.28,
1789807320000,2026-09-19T08:42:00.000Z,764.06,764.59,764.06,764.46,29.63,
1789807500000,2026-09-19T08:45:00.000Z,764.46,764.53,764.03,764.03,3.09,
1789807680000,2026-09-19T08:48:00.000Z,764.03,765.36,764.03,765.35,59.89,
1789807860000,2026-09-19T08:51:00.000Z,765.35,766.39,765.05,766.09,126.58,
1789808040000,2026-09-19T08:54:00.000Z,766.09,766.09,765.2,765.73,3.63,
1789808220000,2026-09-19T08:57:00.000Z,765.73,766.39,765.34,765.41,20.09,
1789808400000,2026-09-19T09:00:00.000Z,765.41,766.59,765.41,766.59,21.54,
1789808580000,2026-09-19T09:03:00.000Z,766.59,768.67,766.59,768.54,275.04,
1789808760000,2026-09-19T09:06:00.000Z,768.54,769.76,767.32,768.32,334.67,
1789808940000,2026-09-19T09:09:00.000Z,768.32,768.54,766.95,767.88,177.42,
1789809120000,2026-09-19T09:12:00.000Z,767.88,767.88,766.69,766.97,37.87,
1789809300000,2026-09-19T09:15:00.000Z,766.97,767.95,766.77,767.95,5.69,
1789809480000,2026-09-19T09:18:00.000Z,767.95,768.16,767.41,767.65,26.09,
1789809660000,2026-09-19T09:21:00.000Z,767.65,767.83,766.6,766.6,19.77,
1789809840000,2026-09-19T09:24:00.000Z,766.6,767.21,766.57,766.83,11.98,
1789810020000,2026-09-19T09:27:00.000Z,766.83,766.83,764.18,764.34,148.15,
1789810200000,2026-09-19T09:30:00.000Z,764.34,765.6,764.34,764.93,7.21,
1789810380000,2026-09-19T09:33:00.000Z,764.93,764.93,763.8,763.85,56.63,
1789810560000,2026-09-19T09:36:00.000Z,763.85,764.4,763.64,764,24.12,
1789810740000,2026-09-19T09:39:00.000Z,764,764.69,764,764.68,6.79,
1789810920000,2026-09-19T09:42:00.000Z,764.68,765.7,764.68,765.59,42.78,
1789811100000,2026-09-19T09:45:00.000Z,765.59,766.72,765.59,766.52,23.38,
1789811280000,2026-09-19T09:48:00.000Z,766.52,767,766.41,766.41,21.54,
1789811460000,2026-09-19T09:51:00.000Z,766.41,766.63,766.17,766.53,6.79,
1789811640000,2026-09-19T09:54:00.000Z,766.53,766.92,766.33,766.55,1.33,
1789811820000,2026-09-19T09:57:00.000Z,766.55,766.57,766.14,766.14,0.73,
1789812000000,2026-09-19T10:00:00.000Z,766.14,766.73,765.75,766.7,13.76,
1789812180000,2026-09-19T10:03:00.000Z,766.7,767.03,766.39,766.39,30.68,
1789812360000,2026-09-19T10:06:00.000Z,766.39,766.69,766.18,766.3,13.13,
1789812540000,2026-09-19T10:09:00.000Z,766.3,767.04,766.18,766.72,3.29,
1789812720000,2026-09-19T10:12:00.000Z,766.72,766.79,766.2,766.44,16.07,
1789812900000,2026-09-19T10:15:00.000Z,766.44,766.66,765.77,765.77,5.66,
1789813080000,2026-09-19T10:18:00.000Z,765.77,766.16,765.44,765.78,29.69,
1789813260000,2026-09-19T10:21:00.000Z,765.78,766.19,765.78,765.89,8.9,
1789813440000,2026-09-19T10:24:00.000Z,765.89,766.37,765.88,766.16,4.28,
1789813620000,2026-09-19T10:27:00.000Z,766.16,766.59,766.01,766.23,19.5,
1789813800000,2026-09-19T10:30:00.000Z,766.23,766.43,766.14,766.19,1.35,
1789813980000,2026-09-19T10:33:00.000Z,766.19,766.2,765.47,765.47,3.72,
1789814160000,2026-09-19T10:36:00.000Z,765.47,766.26,765.47,766.26,21.64,
1789814340000,2026-09-19T10:39:00.000Z,766.26,766.26,765.65,766.02,28.93,
1789814520000,2026-09-19T10:42:00.000Z,766.02,766.05,765.33,765.43,52.8,
1789814700000,2026-09-19T10:45:00.000Z,765.43,765.89,765.43,765.47,8.72,
1789814880000,2026-09-19T10:48:00.000Z,765.47,765.47,764.8,765.2,50.73,
1789815060000,2026-09-19T10:51:00.000Z,765.2,765.2,764.88,765.19,36.17,
1789815240000,2026-09-19T10:54:00.000Z,765.19,765.64,764.93,764.95,17.48,
1789815420000,2026-09-19T10:57:00.000Z,764.95,764.95,764.51,764.57,3.32,
1789815600000,2026-09-19T11:00:00.000Z,764.57,765.49,764.57,765.41,44.21,
1789815780000,2026-09-19T11:03:00.000Z,765.41,765.73,764.87,764.87,1.54,
1789815960000,2026-09-19T11:06:00.000Z,764.87,764.87,764.87,764.87,0,
1789816140000,2026-09-19T11:09:00.000Z,764.87,766.13,764.73,764.73,43.61,
1789816320000,2026-09-19T11:12:00.000Z,764.73,764.97,764.42,764.54,84.32,
1789816500000,2026-09-19T11:15:00.000Z,764.54,765.28,764.28,765.28,185.77,
1789816680000,2026-09-19T11:18:00.000Z,765.28,765.72,765.12,765.72,9.03,
1789816860000,2026-09-19T11:21:00.000Z,765.72,766.12,765.72,766.12,0.55,
1789817040000,2026-09-19T11:24:00.000Z,766.12,766.12,765.16,765.5,27.09,
1789817220000,2026-09-19T11:27:00.000Z,765.5,765.68,765.5,765.5,0.88,
1789817400000,2026-09-19T11:30:00.000Z,765.5,765.75,765.36,765.64,7.43,
1789817580000,2026-09-19T11:33:00.000Z,765.64,765.64,764.96,765.29,3.04,
1789817760000,2026-09-19T11:36:00.000Z,765.29,766.28,765.29,766.28,0.66,
1789817940000,2026-09-19T11:39:00.000Z,766.28,766.28,765.79,766.1,1.98,
1789818120000,2026-09-19T11:42:00.000Z,766.1,766.23,765.94,765.94,4.61,
1789818300000,2026-09-19T11:45:00.000Z,765.94,766.79,765.94,766.62,2.48,
1789818480000,2026-09-19T11:48:00.000Z,766.62,767.3,766.62,767.22,40.75,
1789818660000,2026-09-19T11:51:00.000Z,767.22,767.69,767.22,767.5,13.76,
1789818840000,2026-09-19T11:54:00.000Z,767.5,767.6,767.4,767.6,7.8,
1789819020000,2026-09-19T11:57:00.000Z,767.6,767.67,767.34,767.66,46.03,
1789819200000,2026-09-19T12:00:00.000Z,767.66,767.67,766.93,766.93,39.29,
1789819380000,2026-09-19T12:03:00.000Z,766.93,767.72,766.93,767.19,8.44,
1789819560000,2026-09-19T12:06:00.000Z,767.19,767.89,767.19,767.5,199.74,
1789819740000,2026-09-19T12:09:00.000Z,767.5,767.66,767.46,767.46,0.63,
1789819920000,2026-09-19T12:12:00.000Z,767.46,767.65,767.26,767.51,43,
1789820100000,2026-09-19T12:15:00.000Z,767.51,767.79,767.27,767.79,56.45,
1789820280000,2026-09-19T12:18:00.000Z,767.79,767.84,767.05,767.24,32.94,
1789820460000,2026-09-19T12:21:00.000Z,767.24,767.24,766.75,766.87,1.54,
1789820640000,2026-09-19T12:24:00.000Z,766.87,768.16,766.87,768.04,33.85,
1789820820000,2026-09-19T12:27:00.000Z,768.04,768.57,768.04,768.48,11.12,
1789821000000,2026-09-19T12:30:00.000Z,768.48,768.71,768.31,768.6,11.55,
1789821180000,2026-09-19T12:33:00.000Z,768.6,768.8,768.6,768.74,12.25,
1789821360000,2026-09-19T12:36:00.000Z,768.74,769.03,768.6,768.6,46.1,
1789821540000,2026-09-19T12:39:00.000Z,768.6,769.4,768.34,768.4,75.18,
1789821720000,2026-09-19T12:42:00.000Z,768.4,768.57,767.45,767.86,119.6,
1789821900000,2026-09-19T12:45:00.000Z,767.86,768.87,767.86,768.87,7.52,
1789822080000,2026-09-19T12:48:00.000Z,768.87,770.53,768.56,770.26,75.28,
1789822260000,2026-09-19T12:51:00.000Z,770.26,772.09,770,771.63,122.78,
1789822440000,2026-09-19T12:54:00.000Z,771.63,773.16,770.58,772.36,145.86,
1789822620000,2026-09-19T12:57:00.000Z,772.36,773.44,771.47,773.02,54.02,
1789822800000,2026-09-19T13:00:00.000Z,773.02,773.06,770.88,771.02,111.99,
1789822980000,2026-09-19T13:03:00.000Z,771.02,771.16,770.77,770.93,12.29,
1789823160000,2026-09-19T13:06:00.000Z,770.93,770.97,769.68,770.37,64.73,
1789823340000,2026-09-19T13:09:00.000Z,770.37,770.38,768.67,768.77,54.59,
1789823520000,2026-09-19T13:12:00.000Z,768.77,769.02,767.94,768.67,433.06,
1789823700000,2026-09-19T13:15:00.000Z,768.67,769.84,768.67,769.64,27.88,
1789823880000,2026-09-19T13:18:00.000Z,769.64,770.99,769.56,769.92,36.03,
1789824060000,2026-09-19T13:21:00.000Z,769.92,770.09,769.33,769.33,19.33,
1789824240000,2026-09-19T13:24:00.000Z,769.33,769.74,769.26,769.52,3,
1789824420000,2026-09-19T13:27:00.000Z,769.52,769.55,768.57,768.77,1.59,
1789824600000,2026-09-19T13:30:00.000Z,768.77,769.16,767.91,768.91,40.94,
1789824780000,2026-09-19T13:33:00.000Z,768.91,769.88,768.91,769.69,8.72,
1789824960000,2026-09-19T13:36:00.000Z,769.69,771,769.33,771,19.07,
1789825140000,2026-09-19T13:39:00.000Z,771,771.3,770.16,770.27,12.49,
1789825320000,2026-09-19T13:42:00.000Z,770.27,770.27,768.09,768.31,70.24,
1789825500000,2026-09-19T13:45:00.000Z,768.31,768.67,768.01,768.59,13.47,
1789825680000,2026-09-19T13:48:00.000Z,768.59,768.95,768.59,768.77,6.07,
1789825860000,2026-09-19T13:51:00.000Z,768.77,769.59,768.59,769.46,6.34,
1789826040000,2026-09-19T13:54:00.000Z,769.46,769.82,769.17,769.46,97.91,
1789826220000,2026-09-19T13:57:00.000Z,769.46,769.79,769.37,769.44,9.44,
1789826400000,2026-09-19T14:00:00.000Z,769.44,769.8,769.15,769.53,9.18,
1789826580000,2026-09-19T14:03:00.000Z,769.53,769.67,769.41,769.53,4.72,
1789826760000,2026-09-19T14:06:00.000Z,769.53,771.33,769.41,771.32,36.11,
1789826940000,2026-09-19T14:09:00.000Z,771.32,771.5,770.47,770.78,40.81,
1789827120000,2026-09-19T14:12:00.000Z,770.78,770.78,768.8,769.87,103.93,
1789827300000,2026-09-19T14:15:00.000Z,769.87,771,769.87,771,16.84,
1789827480000,2026-09-19T14:18:00.000Z,771,771.76,770.98,771.76,43.93,
1789827660000,2026-09-19T14:21:00.000Z,771.76,772.8,771.76,772.62,56.11,
1789827840000,2026-09-19T14:24:00.000Z,772.62,772.62,771.95,772.12,4.62,
1789828020000,2026-09-19T14:27:00.000Z,772.12,772.15,771.69,772.08,19.03,
1789828200000,2026-09-19T14:30:00.000Z,772.08,773.01,770.76,770.76,209.17,
1789828380000,2026-09-19T14:33:00.000Z,770.76,770.9,769.41,769.59,12.18,
1789828560000,2026-09-19T14:36:00.000Z,769.59,770.1,769.07,769.12,23.05,
1789828740000,2026-09-19T14:39:00.000Z,769.12,769.64,768.77,768.77,16.86,
1789828920000,2026-09-19T14:42:00.000Z,768.77,770.01,768.77,769.18,62.95,
1789829100000,2026-09-19T14:45:00.000Z,769.18,770.83,769.17,770.12,188.86,
1789829280000,2026-09-19T14:48:00.000Z,770.12,770.44,769.79,770.2,17.34,
1789829460000,2026-09-19T14:51:00.000Z,770.2,770.79,770.03,770.79,3.2,
1789829640000,2026-09-19T14:54:00.000Z,770.79,770.95,770.06,770.06,37.83,
1789829820000,2026-09-19T14:57:00.000Z,770.06,770.39,768.97,769.6,457.12,
1789830000000,2026-09-19T15:00:00.000Z,769.6,771.1,769.6,770.55,42.72,
1789830180000,2026-09-19T15:03:00.000Z,770.55,770.55,770.11,770.11,35.02,
1789830360000,2026-09-19T15:06:00.000Z,770.11,770.12,769.55,769.63,55.79,
1789830540000,2026-09-19T15:09:00.000Z,769.63,769.68,768.57,768.71,13.83,
1789830720000,2026-09-19T15:12:00.000Z,768.71,769.36,768.7,769.34,0.32,
1789830900000,2026-09-19T15:15:00.000Z,769.34,769.5,768.78,768.91,39.59,
1789831080000,2026-09-19T15:18:00.000Z,768.91,768.91,768.23,768.23,9.01,
1789831260000,2026-09-19T15:21:00.000Z,768.23,768.99,768.23,768.86,33.32,
1789831440000,2026-09-19T15:24:00.000Z,768.86,769.05,768.36,768.48,12.4,
1789831620000,2026-09-19T15:27:00.000Z,768.48,768.48,766.61,766.64,39.79,
1789831800000,2026-09-19T15:30:00.000Z,766.64,767.63,766.61,766.61,43.22,
1789831980000,2026-09-19T15:33:00.000Z,766.61,767.41,766.61,767.41,4.27,
1789832160000,2026-09-19T15:36:00.000Z,767.41,767.8,767.32,767.58,4.5,
1789832340000,2026-09-19T15:39:00.000Z,767.58,768.99,767.53,768.99,23.6,
1789832520000,2026-09-19T15:42:00.000Z,768.99,769.41,768.65,768.82,161.11,
1789832700000,2026-09-19T15:45:00.000Z,768.82,768.82,767.79,767.79,3,
1789832880000,2026-09-19T15:48:00.000Z,767.79,767.98,767.4,767.71,2.49,
1789833060000,2026-09-19T15:51:00.000Z,767.71,768.44,767.6,768.43,4.51,
1789833240000,2026-09-19T15:54:00.000Z,768.43,768.43,766.8,766.8,6.43,
1789833420000,2026-09-19T15:57:00.000Z,766.8,766.8,766.27,766.44,19.01,
1789833600000,2026-09-19T16:00:00.000Z,766.44,766.73,765.15,765.39,138.89,
1789833780000,2026-09-19T16:03:00.000Z,765.39,765.49,764.3,764.85,20.45,
1789833960000,2026-09-19T16:06:00.000Z,764.85,766.51,764.84,766.33,19.35,
1789834140000,2026-09-19T16:09:00.000Z,766.33,766.93,765.81,766.82,31.61,
1789834320000,2026-09-19T16:12:00.000Z,766.82,767.27,766.56,766.68,13.91,
1789834500000,2026-09-19T16:15:00.000Z,766.68,767,766.22,766.33,16.03,
1789834680000,2026-09-19T16:18:00.000Z,766.33,766.89,766.03,766.03,14.05,
1789834860000,2026-09-19T16:21:00.000Z,766.03,766.65,766.03,766.58,4.65,
1789835040000,2026-09-19T16:24:00.000Z,766.58,767.19,766.58,767.12,15.11,
1789835220000,2026-09-19T16:27:00.000Z,767.12,767.2,766.25,766.25,6.13,
1789835400000,2026-09-19T16:30:00.000Z,766.25,766.62,766.06,766.58,27.56,
1789835580000,2026-09-19T16:33:00.000Z,766.58,766.95,766.36,766.76,28.44,
1789835760000,2026-09-19T16:36:00.000Z,766.76,766.76,766.25,766.61,8.31,
1789835940000,2026-09-19T16:39:00.000Z,766.61,766.77,765.87,766.55,11.7,
1789836120000,2026-09-19T16:42:00.000Z,766.55,766.55,766.2,766.2,0.81,
1789836300000,2026-09-19T16:45:00.000Z,766.2,766.2,765.64,765.64,20.2,
1789836480000,2026-09-19T16:48:00.000Z,765.64,766.19,765.64,765.81,2.61,
1789836660000,2026-09-19T16:51:00.000Z,765.81,766.49,765.81,766.31,2.85,
1789836840000,2026-09-19T16:54:00.000Z,766.31,767.52,766.31,767.52,10.25,
1789837020000,2026-09-19T16:57:00.000Z,767.52,768.08,767.52,768.06,3,
1789837200000,2026-09-19T17:00:00.000Z,768.06,768.06,767.59,767.82,5.77,
1789837380000,2026-09-19T17:03:00.000Z,767.82,768.13,767.72,767.76,51.41,
1789837560000,2026-09-19T17:06:00.000Z,767.76,768.67,767.76,768.13,96.47,
1789837740000,2026-09-19T17:09:00.000Z,768.13,768.34,767.86,768,16.95,
1789837920000,2026-09-19T17:12:00.000Z,768,768,767.08,767.08,10.93,
1789838100000,2026-09-19T17:15:00.000Z,767.08,767.44,766.74,766.98,7.72,
1789838280000,2026-09-19T17:18:00.000Z,766.98,768.12,766.32,766.32,297.52,
1789838460000,2026-09-19T17:21:00.000Z,766.32,766.73,764.81,764.81,36.85,
1789838640000,2026-09-19T17:24:00.000Z,764.81,764.99,763.63,763.77,195.82,
1789838820000,2026-09-19T17:27:00.000Z,763.77,763.96,762.5,763.6,31.67,
1789839000000,2026-09-19T17:30:00.000Z,763.6,764.53,763.5,763.61,23.57,
1789839180000,2026-09-19T17:33:00.000Z,763.61,764.3,762.71,762.89,20.75,
1789839360000,2026-09-19T17:36:00.000Z,762.89,763.17,761.14,762.03,806.04,
1789839540000,2026-09-19T17:39:00.000Z,762.03,762.42,761.98,762.29,9.8,
1789839720000,2026-09-19T17:42:00.000Z,762.29,762.97,762.29,762.75,88.01,
1789839900000,2026-09-19T17:45:00.000Z,762.75,763.3,762.72,762.9,23.67,
1789840080000,2026-09-19T17:48:00.000Z,762.9,763.1,762.53,762.53,25.51,
1789840260000,2026-09-19T17:51:00.000Z,762.53,762.64,762.12,762.13,2.88,
1789840440000,2026-09-19T17:54:00.000Z,762.13,762.61,762.02,762.55,9.51,
1789840620000,2026-09-19T17:57:00.000Z,762.55,762.55,762.02,762.1,21.42,
1789840800000,2026-09-19T18:00:00.000Z,762.1,762.78,762.04,762.71,80.58,
1789840980000,2026-09-19T18:03:00.000Z,762.71,763.16,762.71,763.08,21.3,
1789841160000,2026-09-19T18:06:00.000Z,763.08,763.46,762.45,762.45,17.85,
1789841340000,2026-09-19T18:09:00.000Z,762.45,762.72,762.21,762.47,16.33,
1789841520000,2026-09-19T18:12:00.000Z,762.47,762.47,761.6,761.99,55.71,
1789841700000,2026-09-19T18:15:00.000Z,761.99,762.51,761.15,762.51,26.02,
1789841880000,2026-09-19T18:18:00.000Z,762.51,762.51,761.64,762.15,7.5,
1789842060000,2026-09-19T18:21:00.000Z,762.15,762.6,761.95,761.95,29.91,
1789842240000,2026-09-19T18:24:00.000Z,761.95,762.29,761.89,761.89,0.81,
1789842420000,2026-09-19T18:27:00.000Z,761.89,762.1,761.66,762.04,4.67,
1789842600000,2026-09-19T18:30:00.000Z,762.04,762.04,760.8,761.54,15.16,
1789842780000,2026-09-19T18:33:00.000Z,761.54,762.39,761.43,762.39,6.23,
1789842960000,2026-09-19T18:36:00.000Z,762.39,763.07,762.39,763.07,28.88,
1789843140000,2026-09-19T18:39:00.000Z,763.07,763.07,762.38,762.38,8.01,
1789843320000,2026-09-19T18:42:00.000Z,762.38,762.38,762.14,762.14,5.14,
1789843500000,2026-09-19T18:45:00.000Z,762.14,762.32,761.8,762,9.68,
1789843680000,2026-09-19T18:48:00.000Z,762,762.14,761.67,761.91,8.03,
1789843860000,2026-09-19T18:51:00.000Z,761.91,762.77,761.91,762.69,4.19,
1789844040000,2026-09-19T18:54:00.000Z,762.69,762.96,762.3,762.96,21.95,
1789844220000,2026-09-19T18:57:00.000Z,762.96,763,762.68,762.68,2.35,
1789844400000,2026-09-19T19:00:00.000Z,762.68,763.37,762.68,763.37,3.35,
1789844580000,2026-09-19T19:03:00.000Z,763.37,763.5,763.3,763.47,4.9,
1789844760000,2026-09-19T19:06:00.000Z,763.47,763.67,762.22,762.79,27.91,
1789844940000,2026-09-19T19:09:00.000Z,762.79,763.11,762.53,763.05,3.52,
1789845120000,2026-09-19T19:12:00.000Z,763.05,763.05,762.35,762.68,19.04,
1789845300000,2026-09-19T19:15:00.000Z,762.68,762.95,762.65,762.67,1.18,
1789845480000,2026-09-19T19:18:00.000Z,762.67,763.14,762.08,763.14,36.13,
1789845660000,2026-09-19T19:21:00.000Z,763.14,763.26,763.1,763.17,14.3,
1789845840000,2026-09-19T19:24:00.000Z,763.17,763.26,763.12,763.15,13.02,
1789846020000,2026-09-19T19:27:00.000Z,763.15,763.47,763.13,763.23,29.3,
1789846200000,2026-09-19T19:30:00.000Z,763.23,763.23,762.96,763.12,5.08,
1789846380000,2026-09-19T19:33:00.000Z,763.12,763.47,763.12,763.37,3.27,
1789846560000,2026-09-19T19:36:00.000Z,763.37,763.37,762.93,763.03,2.89,
1789846740000,2026-09-19T19:39:00.000Z,763.03,763.28,762.97,763.28,3.2,
1789846920000,2026-09-19T19:42:00.000Z,763.28,763.38,762.71,762.71,2.57,
1789847100000,2026-09-19T19:45:00.000Z,762.71,763.33,762.71,763.33,5.61,
1789847280000,2026-09-19T19:48:00.000Z,763.33,763.42,763.12,763.42,5.5,
1789847460000,2026-09-19T19:51:00.000Z,763.42,763.46,763.13,763.13,2.68,
1789847640000,2026-09-19T19:54:00.000Z,763.13,763.13,763.13,763.13,0,
1789847820000,2026-09-19T19:57:00.000Z,763.13,763.13,762.45,762.72,12.19,
1789848000000,2026-09-19T20:00:00.000Z,762.72,762.88,761.72,761.72,20.38,
1789848180000,2026-09-19T20:03:00.000Z,761.72,762.07,760.08,761.95,121.42,
1789848360000,2026-09-19T20:06:00.000Z,761.95,762.82,761.95,762.46,12.03,
1789848540000,2026-09-19T20:09:00.000Z,762.46,762.49,762.08,762.2,5.7,
1789848720000,2026-09-19T20:12:00.000Z,762.2,762.29,761.96,762.29,0.44,
1789848900000,2026-09-19T20:15:00.000Z,762.29,762.4,761.29,761.33,2.54,
1789849080000,2026-09-19T20:18:00.000Z,761.33,762.01,760.97,762.01,13.25,
1789849260000,2026-09-19T20:21:00.000Z,762.01,762.22,761.72,761.72,17.88,
1789849440000,2026-09-19T20:24:00.000Z,761.72,762.07,761.51,761.51,2.85,
1789849620000,2026-09-19T20:27:00.000Z,761.51,761.51,760.95,760.95,7.66,
1789849800000,2026-09-19T20:30:00.000Z,760.95,761.7,760.95,761.7,0.63,
1789849980000,2026-09-19T20:33:00.000Z,761.7,761.7,761.25,761.4,8.83,
1789850160000,2026-09-19T20:36:00.000Z,761.4,761.68,761.33,761.33,5.27,
1789850340000,2026-09-19T20:39:00.000Z,761.33,761.92,761.33,761.92,3,
1789850520000,2026-09-19T20:42:00.000Z,761.92,761.92,761.66,761.66,0.22,
1789850700000,2026-09-19T20:45:00.000Z,761.66,761.93,761.08,761.41,16.14,
1789850880000,2026-09-19T20:48:00.000Z,761.41,761.66,761.41,761.61,0.58,
1789851060000,2026-09-19T20:51:00.000Z,761.61,761.61,760.78,761.03,2.78,
1789851240000,2026-09-19T20:54:00.000Z,761.03,761.22,760.72,760.72,0.72,
1789851420000,2026-09-19T20:57:00.000Z,760.72,761.55,760.66,761.55,0.64,
1789851600000,2026-09-19T21:00:00.000Z,761.55,761.81,761.34,761.49,3.73,
1789851780000,2026-09-19T21:03:00.000Z,761.49,762.08,760.99,761.2,27.47,
1789851960000,2026-09-19T21:06:00.000Z,761.2,761.56,759.95,760.19,27.74,
1789852140000,2026-09-19T21:09:00.000Z,760.19,760.19,759.2,759.75,25.27,
1789852320000,2026-09-19T21:12:00.000Z,759.75,760,759.16,759.17,4.77,
1789852500000,2026-09-19T21:15:00.000Z,759.17,760.12,758.76,759.54,128.84,
1789852680000,2026-09-19T21:18:00.000Z,759.54,759.54,756.54,756.78,452.47,
1789852860000,2026-09-19T21:21:00.000Z,756.78,757.91,756.63,757.9,64.7,
1789853040000,2026-09-19T21:24:00.000Z,757.9,758.89,757.86,758.77,13.93,
1789853220000,2026-09-19T21:27:00.000Z,758.77,758.89,758.48,758.65,16.73,
1789853400000,2026-09-19T21:30:00.000Z,758.65,758.65,757.5,757.5,11.12,
1789853580000,2026-09-19T21:33:00.000Z,757.5,758.36,757.43,757.8,25.02,
1789853760000,2026-09-19T21:36:00.000Z,757.8,758.17,757.05,758.17,2.08,
1789853940000,2026-09-19T21:39:00.000Z,758.17,758.61,757.6,757.78,10.97,
1789854120000,2026-09-19T21:42:00.000Z,757.78,758.05,757.64,757.8,27.62,
1789854300000,2026-09-19T21:45:00.000Z,757.8,759.05,757.8,758.64,97.78,
1789854480000,2026-09-19T21:48:00.000Z,758.64,758.89,758.52,758.59,2.74,
1789854660000,2026-09-19T21:51:00.000Z,758.59,758.79,758.39,758.39,17.62,
1789854840000,2026-09-19T21:54:00.000Z,758.39,759.22,758.39,759.03,10.01,
1789855020000,2026-09-19T21:57:00.000Z,759.03,759.23,758.82,758.92,0.41,
1789855200000,2026-09-19T22:00:00.000Z,758.92,758.92,757.9,758.24,6.9,
1789855380000,2026-09-19T22:03:00.000Z,758.24,758.24,757.11,757.96,6.35,
1789855560000,2026-09-19T22:06:00.000Z,757.96,758.99,757.96,758.7,5,
1789855740000,2026-09-19T22:09:00.000Z,758.7,758.7,757.25,757.54,16.57,
1789855920000,2026-09-19T22:12:00.000Z,757.54,758.13,757.54,757.67,2.84,
1789856100000,2026-09-19T22:15:00.000Z,757.67,758.64,757.67,758.2,3.34,
1789856280000,2026-09-19T22:18:00.000Z,758.2,758.2,757.4,758.19,9.94,
1789856460000,2026-09-19T22:21:00.000Z,758.19,758.19,757.22,757.47,12.92,
1789856640000,2026-09-19T22:24:00.000Z,757.47,758.45,757.47,758.45,1.22,
1789856820000,2026-09-19T22:27:00.000Z,758.45,758.91,758.45,758.75,3.07,
1789857000000,2026-09-19T22:30:00.000Z,758.75,759.43,758.75,759.31,1.91,
1789857180000,2026-09-19T22:33:00.000Z,759.31,759.79,759.2,759.79,0.92,
1789857360000,2026-09-19T22:36:00.000Z,759.79,760.79,759.79,760.63,65.04,
1789857540000,2026-09-19T22:39:00.000Z,760.63,760.99,760.45,760.67,5.34,
1789857720000,2026-09-19T22:42:00.000Z,760.67,761,760.62,760.99,3.81,
1789857900000,2026-09-19T22:45:00.000Z,760.99,760.99,760.33,760.79,10.81,
1789858080000,2026-09-19T22:48:00.000Z,760.79,761,760.59,760.59,2.4,
1789858260000,2026-09-19T22:51:00.000Z,760.59,761.44,760.59,761.44,6.96,
1789858440000,2026-09-19T22:54:00.000Z,761.44,761.44,760.83,761.06,11.51,
1789858620000,2026-09-19T22:57:00.000Z,761.06,761.44,760.95,761.15,5.77,
1789858800000,2026-09-19T23:00:00.000Z,761.15,761.44,761.07,761.44,1.44,
1789858980000,2026-09-19T23:03:00.000Z,761.44,761.6,761.25,761.6,49.97,
1789859160000,2026-09-19T23:06:00.000Z,761.6,761.6,761.42,761.59,17.22,
1789859340000,2026-09-19T23:09:00.000Z,761.59,761.65,761.53,761.61,3.3,
1789859520000,2026-09-19T23:12:00.000Z,761.61,761.92,761.61,761.92,8.41,
1789859700000,2026-09-19T23:15:00.000Z,761.92,762.36,761.92,762.36,4.22,
1789859880000,2026-09-19T23:18:00.000Z,762.36,762.63,762.1,762.49,32.41,
1789860060000,2026-09-19T23:21:00.000Z,762.49,762.49,761.56,761.56,10.2,
1789860240000,2026-09-19T23:24:00.000Z,761.56,761.98,761.53,761.63,1.41,
1789860420000,2026-09-19T23:27:00.000Z,761.63,762.17,761.62,762.17,1.28,
1789860600000,2026-09-19T23:30:00.000Z,762.17,762.31,761.93,762.2,7.58,
1789860780000,2026-09-19T23:33:00.000Z,762.2,762.85,762.2,762.85,3.89,
1789860960000,2026-09-19T23:36:00.000Z,762.85,763.1,762.25,762.25,5.98,
1789861140000,2026-09-19T23:39:00.000Z,762.25,762.25,762.08,762.08,2.53,
1789861320000,2026-09-19T23:42:00.000Z,762.08,762.12,761.89,761.89,0.65,
1789861500000,2026-09-19T23:45:00.000Z,761.89,761.97,761.86,761.86,0.51,
1789861680000,2026-09-19T23:48:00.000Z,761.86,761.86,761.39,761.39,8,
1789861860000,2026-09-19T23:51:00.000Z,761.39,762.18,761.39,762.18,56.77,
1789862040000,2026-09-19T23:54:00.000Z,762.18,762.18,762.01,762.01,0.59,
1789862220000,2026-09-19T23:57:00.000Z,762.01,762.01,761.49,761.51,14.67,
1789862400000,2026-09-20T00:00:00.000Z,761.51,761.51,761.12,761.12,27.8,
1789862580000,2026-09-20T00:03:00.000Z,761.12,761.12,760.63,760.68,33.96,
1789862760000,2026-09-20T00:06:00.000Z,760.68,761.05,760.48,761.02,9.13,
1789862940000,2026-09-20T00:09:00.000Z,761.02,761.18,760.88,760.9,3.44,
1789863120000,2026-09-20T00:12:00.000Z,760.9,761.1,760.88,760.88,9.16,
1789863300000,2026-09-20T00:15:00.000Z,760.88,761.42,760.88,760.99,0.93,
1789863480000,2026-09-20T00:18:00.000Z,760.99,761.79,760.99,761,11.93,
1789863660000,2026-09-20T00:21:00.000Z,761,761.13,760.81,761,29.99,
1789863840000,2026-09-20T00:24:00.000Z,761,761.74,760.99,761.63,7.22,
1789864020000,2026-09-20T00:27:00.000Z,761.63,761.8,761.63,761.65,2.13,
1789864200000,2026-09-20T00:30:00.000Z,761.65,761.65,760.86,761.45,7.01,
1789864380000,2026-09-20T00:33:00.000Z,761.45,762.13,761.45,762.12,77.03,
1789864560000,2026-09-20T00:36:00.000Z,762.12,762.13,761.5,761.58,12.17,
1789864740000,2026-09-20T00:39:00.000Z,761.58,762.43,761.58,762.4,5.86,
1789864920000,2026-09-20T00:42:00.000Z,762.4,762.9,762.4,762.77,6.67,
1789865100000,2026-09-20T00:45:00.000Z,762.77,762.91,762.4,762.45,4.55,
1789865280000,2026-09-20T00:48:00.000Z,762.45,762.63,762.19,762.58,4.55,
1789865460000,2026-09-20T00:51:00.000Z,762.58,762.85,762.32,762.69,93.22,
1789865640000,2026-09-20T00:54:00.000Z,762.69,762.9,762.41,762.55,2.37,
1789865820000,2026-09-20T00:57:00.000Z,762.55,763.07,762.51,763.07,28.85,
1789866000000,2026-09-20T01:00:00.000Z,763.07,763.18,762.88,762.95,4.3,
1789866180000,2026-09-20T01:03:00.000Z,762.95,763.11,762.22,763.11,3.82,
1789866360000,2026-09-20T01:06:00.000Z,763.11,763.18,762.77,763.12,27.42,
1789866540000,2026-09-20T01:09:00.000Z,763.12,763.12,761.07,761.46,365.88,
1789866720000,2026-09-20T01:12:00.000Z,761.46,761.72,761.4,761.54,7.17,
1789866900000,2026-09-20T01:15:00.000Z,761.54,762.91,761.47,762.89,35.95,
1789867080000,2026-09-20T01:18:00.000Z,762.89,763.76,762.76,763.13,13.34,
1789867260000,2026-09-20T01:21:00.000Z,763.13,763.51,762.59,762.59,31.32,
1789867440000,2026-09-20T01:24:00.000Z,762.59,762.59,762.01,762.05,5.47,
1789867620000,2026-09-20T01:27:00.000Z,762.05,762.11,761.13,761.18,27.56,
1789867800000,2026-09-20T01:30:00.000Z,761.18,761.19,760.48,760.48,3.59,
1789867980000,2026-09-20T01:33:00.000Z,760.48,760.7,760,760.02,29.73,
1789868160000,2026-09-20T01:36:00.000Z,760.02,760.02,758.85,759.27,182.06,
1789868340000,2026-09-20T01:39:00.000Z,759.27,760.16,759.27,760.08,1.97,
1789868520000,2026-09-20T01:42:00.000Z,760.08,760.08,759.5,759.69,4.67,
1789868700000,2026-09-20T01:45:00.000Z,759.69,759.76,758.92,759.58,11.99,
1789868880000,2026-09-20T01:48:00.000Z,759.58,760.48,759.58,760.14,2.11,
1789869060000,2026-09-20T01:51:00.000Z,760.14,760.59,759.94,760.51,1.93,
1789869240000,2026-09-20T01:54:00.000Z,760.51,760.64,760.1,760.63,3.18,
1789869420000,2026-09-20T01:57:00.000Z,760.63,760.63,760.27,760.27,2.17,
1789869600000,2026-09-20T02:00:00.000Z,760.27,761.38,760.19,761.38,4.43,
1789869780000,2026-09-20T02:03:00.000Z,761.38,761.49,760.99,760.99,7.61,
1789869960000,2026-09-20T02:06:00.000Z,760.99,761.59,760.99,761.59,2.41,
1789870140000,2026-09-20T02:09:00.000Z,761.59,761.6,761.44,761.44,0.7,
1789870320000,2026-09-20T02:12:00.000Z,761.44,761.6,761.26,761.6,2.54,
1789870500000,2026-09-20T02:15:00.000Z,761.6,762.51,761.6,761.74,44.3,
1789870680000,2026-09-20T02:18:00.000Z,761.74,761.74,761.24,761.74,1.68,
1789870860000,2026-09-20T02:21:00.000Z,761.74,761.79,760.93,761.04,5.6,
1789871040000,2026-09-20T02:24:00.000Z,761.04,761.04,759.35,759.78,722.56,
1789871220000,2026-09-20T02:27:00.000Z,759.78,759.79,759.21,759.21,10.62,
1789871400000,2026-09-20T02:30:00.000Z,759.21,759.7,758.85,759.49,5.15,
1789871580000,2026-09-20T02:33:00.000Z,759.49,759.49,758.24,758.39,15.44,
1789871760000,2026-09-20T02:36:00.000Z,758.39,758.75,758.09,758.09,7.79,
1789871940000,2026-09-20T02:39:00.000Z,758.09,758.09,757.01,757.15,45.22,
1789872120000,2026-09-20T02:42:00.000Z,757.15,757.51,753.15,753.15,331.84,
1789872300000,2026-09-20T02:45:00.000Z,753.15,755.06,752.5,754.96,238.82,
1789872480000,2026-09-20T02:48:00.000Z,754.96,754.96,752.8,753.59,50.37,
1789872660000,2026-09-20T02:51:00.000Z,753.59,753.96,751.08,751.25,83.94,
1789872840000,2026-09-20T02:54:00.000Z,751.25,751.96,745.4,747.03,675.39,
1789873020000,2026-09-20T02:57:00.000Z,747.03,748.33,746.03,747.35,144.82,
1789873200000,2026-09-20T03:00:00.000Z,747.35,748.29,745.3,746.62,56.04,
1789873380000,2026-09-20T03:03:00.000Z,746.62,750.28,746.49,749.84,90.49,
1789873560000,2026-09-20T03:06:00.000Z,749.84,751.53,749.7,751.35,30.79,
1789873740000,2026-09-20T03:09:00.000Z,751.35,751.51,750.56,750.68,21.65,
1789873920000,2026-09-20T03:12:00.000Z,750.68,750.68,748.07,748.07,17.99,
1789874100000,2026-09-20T03:15:00.000Z,748.07,749.57,746.3,749.57,45.48,
1789874280000,2026-09-20T03:18:00.000Z,749.57,751.7,749.57,751.66,31.41,
1789874460000,2026-09-20T03:21:00.000Z,751.66,752.52,751.66,752.34,16.05,
1789874640000,2026-09-20T03:24:00.000Z,752.34,752.48,751.57,751.57,6.88,
1789874820000,2026-09-20T03:27:00.000Z,751.57,751.68,750.16,750.9,19.13,
1789875000000,2026-09-20T03:30:00.000Z,750.9,751.52,750.53,751.01,28.81,
1789875180000,2026-09-20T03:33:00.000Z,751.01,751.58,749.96,750.21,54.91,
1789875360000,2026-09-20T03:36:00.000Z,750.21,750.21,748.89,749.15,11.27,
1789875540000,2026-09-20T03:39:00.000Z,749.15,749.15,747.53,747.7,55.54,
1789875720000,2026-09-20T03:42:00.000Z,747.7,747.88,746.89,747.86,143.98,
1789875900000,2026-09-20T03:45:00.000Z,747.86,747.86,746.72,747.58,203.93,
1789876080000,2026-09-20T03:48:00.000Z,747.58,748.92,747.58,748.92,29.14,
1789876260000,2026-09-20T03:51:00.000Z,748.92,749.19,748.45,749.12,22.81,
1789876440000,2026-09-20T03:54:00.000Z,749.12,749.84,749.12,749.53,6.46,
1789876620000,2026-09-20T03:57:00.000Z,749.53,750.17,749.32,749.96,6.97,
1789876800000,2026-09-20T04:00:00.000Z,749.96,749.96,748.98,749.06,10.38,
1789876980000,2026-09-20T04:03:00.000Z,749.06,750.1,749.06,749.77,40.86,
1789877160000,2026-09-20T04:06:00.000Z,749.77,749.77,748.62,748.62,2.71,
1789877340000,2026-09-20T04:09:00.000Z,748.62,748.89,747.69,747.77,4.53,
1789877520000,2026-09-20T04:12:00.000Z,747.77,748.09,747.4,748.09,11.27,
1789877700000,2026-09-20T04:15:00.000Z,748.09,749.08,748.04,749.07,0.03,
1789877880000,2026-09-20T04:18:00.000Z,749.07,749.07,746.49,746.51,20.91,
1789878060000,2026-09-20T04:21:00.000Z,746.51,747.02,746.49,746.49,1.64,
1789878240000,2026-09-20T04:24:00.000Z,746.49,748.34,746.49,748.34,31.64,
1789878420000,2026-09-20T04:27:00.000Z,748.34,748.46,747.43,747.85,10.45,
1789878600000,2026-09-20T04:30:00.000Z,747.85,747.85,747.45,747.61,19.18,
1789878780000,2026-09-20T04:33:00.000Z,747.61,747.87,747.61,747.81,0.25,
1789878960000,2026-09-20T04:36:00.000Z,747.81,748.89,747.81,748.89,0.99,
1789879140000,2026-09-20T04:39:00.000Z,748.89,749,748.2,748.52,123.5,
1789879320000,2026-09-20T04:42:00.000Z,748.52,748.52,747.59,747.76,3.29,
1789879500000,2026-09-20T04:45:00.000Z,747.76,747.76,746.38,747.32,21.96,
1789879680000,2026-09-20T04:48:00.000Z,747.32,747.55,747.08,747.21,4.03,
1789879860000,2026-09-20T04:51:00.000Z,747.21,748.35,747.21,748.26,1.13,
1789880040000,2026-09-20T04:54:00.000Z,748.26,748.73,748.23,748.23,27.37,
1789880220000,2026-09-20T04:57:00.000Z,748.23,748.88,748.23,748.38,31.89,
1789880400000,2026-09-20T05:00:00.000Z,748.38,748.67,748.38,748.5,2.88,
1789880580000,2026-09-20T05:03:00.000Z,748.5,749.06,748,748.73,8.52,
1789880760000,2026-09-20T05:06:00.000Z,748.73,748.83,748.71,748.83,2.02,
1789880940000,2026-09-20T05:09:00.000Z,748.83,749.89,748.79,749.89,3.87,
1789881120000,2026-09-20T05:12:00.000Z,749.89,750.31,749.2,749.57,34.7,
1789881300000,2026-09-20T05:15:00.000Z,749.57,749.61,748.24,748.24,5.53,
1789881480000,2026-09-20T05:18:00.000Z,748.24,748.8,748.1,748.33,1.18,
1789881660000,2026-09-20T05:21:00.000Z,748.33,748.33,748.33,748.33,0,
1789881840000,2026-09-20T05:24:00.000Z,748.33,748.9,748.02,748.56,21.79,
1789882020000,2026-09-20T05:27:00.000Z,748.56,749.11,748.56,749.11,3.37,
1789882200000,2026-09-20T05:30:00.000Z,749.11,750.12,749.1,750.12,2.33,
1789882380000,2026-09-20T05:33:00.000Z,750.12,750.12,749.57,749.79,10.18,
1789882560000,2026-09-20T05:36:00.000Z,749.79,749.79,749.11,749.11,2.82,