time_ms,time_iso,open,high,low,close,volume_base,volume_quote
1777377600000,2026-04-28T12:00:00.000Z,76204.9,76396.2,76142.1,76350,1766.2888,134676345.40675
1777381200000,2026-04-28T13:00:00.000Z,76350,76381,75921.6,76162.7,3447.7811,262492110.79063
1777384800000,2026-04-28T14:00:00.000Z,76162.7,76173.9,75612.9,75923.1,3932.8103,298149952.29732
1777388400000,2026-04-28T15:00:00.000Z,75923.1,76060.3,75804.2,76030.9,1419.4015,107826018.25821
1777392000000,2026-04-28T16:00:00.000Z,76030.9,76219.9,75854,76099.5,964.4223,73314331.34442
1777395600000,2026-04-28T17:00:00.000Z,76099.5,76238.6,75926.2,76153.5,951.8753,72449352.28237
1777399200000,2026-04-28T18:00:00.000Z,76153.5,76266.3,76095,76203.2,627.2258,47785424.11392
1777402800000,2026-04-28T19:00:00.000Z,76203.2,76350,76031.2,76292.3,772.6168,58888420.05839
1777406400000,2026-04-28T20:00:00.000Z,76292.3,76436.7,76290.9,76428,679.6637,51902619.93398
1777410000000,2026-04-28T21:00:00.000Z,76428,76448.4,76225,76321.3,768.2222,58644363.91267
1777413600000,2026-04-28T22:00:00.000Z,76321.3,76403,76171.6,76204.4,409.2938,31227737.60387
1777417200000,2026-04-28T23:00:00.000Z,76204.4,76328,76150,76300.1,295.0812,22500017.38847
1777420800000,2026-04-29T00:00:00.000Z,76300.1,76520,76228,76464.5,804.8267,61475375.85418
1777424400000,2026-04-29T01:00:00.000Z,76464.5,76633.5,76133.2,76530.1,1687.0477,128909321.10368
1777428000000,2026-04-29T02:00:00.000Z,76530.1,76617.3,76356.6,76483.6,763.4652,58384523.58058
1777431600000,2026-04-29T03:00:00.000Z,76483.6,77080,76467.5,76949.9,2373.6034,182413899.8852
1777435200000,2026-04-29T04:00:00.000Z,76949.9,77412,76832,77217.2,2770.4327,213869316.00805
1777438800000,2026-04-29T05:00:00.000Z,77217.2,77277.3,77139,77238.8,943.7,72856025.23469
1777442400000,2026-04-29T06:00:00.000Z,77238.8,77281.5,76885.4,76974.1,1640.0891,126366808.64103
1777446000000,2026-04-29T07:00:00.000Z,76974.1,77139,76953.5,76999.8,930.2883,71667312.72267
1777449600000,2026-04-29T08:00:00.000Z,76999.8,77107.4,76913.7,76998,586.0564,45127859.05376
1777453200000,2026-04-29T09:00:00.000Z,76998,77750,76916,77595.9,2848.6999,220666444.31043
1777456800000,2026-04-29T10:00:00.000Z,77595.9,77864.1,77504.9,77566.4,1922.5056,149339700.29715
1777460400000,2026-04-29T11:00:00.000Z,77566.4,77638.8,77433,77543.5,912.7084,70761739.44872
1777464000000,2026-04-29T12:00:00.000Z,77543.5,77555.8,76935.8,77102.4,3039.8892,234603388.36356
1777467600000,2026-04-29T13:00:00.000Z,77102.4,77212.7,76374.4,76747.5,3776.0202,289798856.63237
1777471200000,2026-04-29T14:00:00.000Z,76747.5,76842.9,76454.8,76541.2,2076.0061,159074278.329
1777474800000,2026-04-29T15:00:00.000Z,76541.2,76610.2,75675.8,75901.9,4272.4417,325007246.53714
1777478400000,2026-04-29T16:00:00.000Z,75901.9,76116,75650.3,75783.4,2553.7859,193746033.46364
1777482000000,2026-04-29T17:00:00.000Z,75783.4,76157.9,75772.7,76152.7,1367.7416,103893860.23371
1777485600000,2026-04-29T18:00:00.000Z,76152.7,76230.1,74904,75478.1,5893.9423,443738877.35083
1777489200000,2026-04-29T19:00:00.000Z,75478.1,75574,75264.8,75531,1119.3571,84447078.55567
1777492800000,2026-04-29T20:00:00.000Z,75531,75829.3,75455,75640.1,2026.3296,153265057.11787
1777496400000,2026-04-29T21:00:00.000Z,75640.1,76068.3,75571,75893,918.3235,69656098.97249
1777500000000,2026-04-29T22:00:00.000Z,75893,75977,75783.3,75893,537.3174,40776720.01915
1777503600000,2026-04-29T23:00:00.000Z,75893,75959.6,75634.2,75753.7,738.3865,55958087.65149
1777507200000,2026-04-30T00:00:00.000Z,75753.7,76316.6,75618,76207.9,1594.771,121270304.01495
1777510800000,2026-04-30T01:00:00.000Z,76207.9,76441.1,76140,76196.9,1312.7846,100142008.52596
1777514400000,2026-04-30T02:00:00.000Z,76196.9,76315.6,75447,75662.1,2612.8485,198029559.7545
1777518000000,2026-04-30T03:00:00.000Z,75662.1,75949.9,75620.4,75885,940.7981,71317545.45872
1777521600000,2026-04-30T04:00:00.000Z,75885,75927.9,75358.3,75455.9,1446.7757,109315630.63526
1777525200000,2026-04-30T05:00:00.000Z,75455.9,75725.4,75265.6,75569.9,1494.4433,112902105.0695
1777528800000,2026-04-30T06:00:00.000Z,75569.9,75835.8,75540.1,75720.9,803.2494,60788665.89603
1777532400000,2026-04-30T07:00:00.000Z,75720.9,76143.8,75680.8,76123.8,1253.4478,95214805.334
1777536000000,2026-04-30T08:00:00.000Z,76123.8,76169,75977.9,76019.3,874.3345,66501793.8674
1777539600000,2026-04-30T09:00:00.000Z,76019.3,76310.5,75965.8,76060.3,1096.3223,83462205.31437
1777543200000,2026-04-30T10:00:00.000Z,76060.3,76129.9,75935.3,75992.5,684.6606,52048392.02074
1777546800000,2026-04-30T11:00:00.000Z,75992.5,76220.9,75831.7,76025.6,1127.6121,85703872.18096
1777550400000,2026-04-30T12:00:00.000Z,76025.6,76365.2,76002.6,76254.2,1323.3209,100899562.80755
1777554000000,2026-04-30T13:00:00.000Z,76254.2,76631.3,76060.6,76368.3,2557.8458,195364294.10129
1777557600000,2026-04-30T14:00:00.000Z,76368.3,76543.5,76042.1,76256.9,2217.4417,169182784.12915
1777561200000,2026-04-30T15:00:00.000Z,76256.9,76613.7,76110.9,76421.4,1262.6033,96457515.53109
1777564800000,2026-04-30T16:00:00.000Z,76421.4,76449.4,76175.7,76214.3,653.1949,49854168.37497
1777568400000,2026-04-30T17:00:00.000Z,76214.3,76285.8,76061,76200.2,707.8433,53909086.02744
1777572000000,2026-04-30T18:00:00.000Z,76200.2,76436.4,76156.2,76300.6,570.1815,43510748.16524
1777575600000,2026-04-30T19:00:00.000Z,76300.6,76466.6,76263.4,76361.6,536.5395,40984302.90916
1777579200000,2026-04-30T20:00:00.000Z,76361.6,76525.8,76264.9,76451.4,475.7285,36355743.16182
1777582800000,2026-04-30T21:00:00.000Z,76451.4,76492.8,76185.6,76200.1,382.8731,29228932.39376
1777586400000,2026-04-30T22:00:00.000Z,76200.1,76405.9,76161.8,76199.4,296.6863,22630290.78414
1777590000000,2026-04-30T23:00:00.000Z,76199.4,76342.8,76178.2,76305.7,295.9337,22571210.97747
1777593600000,2026-05-01T00:00:00.000Z,76305.7,76550.3,76271.1,76417.1,612.9698,46857810.21639
1777597200000,2026-05-01T01:00:00.000Z,76417.1,76726.6,76396.6,76639.4,936.9752,71785976.81907
1777600800000,2026-05-01T02:00:00.000Z,76639.4,76699.8,76486,76549.9,448.9911,34385308.69159
1777604400000,2026-05-01T03:00:00.000Z,76549.9,77400,76503.9,77076.7,3612.8331,278530473.1992
1777608000000,2026-05-01T04:00:00.000Z,77076.7,77154.3,76901.8,76994.2,1320.4305,101736429.11723
1777611600000,2026-05-01T05:00:00.000Z,76994.2,77144,76980.4,77122.9,512.0766,39466006.66211
1777615200000,2026-05-01T06:00:00.000Z,77122.9,77123,76805.2,76951.3,1010.6285,77817793.91685
1777618800000,2026-05-01T07:00:00.000Z,76951.3,77107.7,76915.2,77092.9,792.0696,60994175.11642
1777622400000,2026-05-01T08:00:00.000Z,77092.9,77463.1,77000.5,77320.2,2125.1435,164287728.9309
1777626000000,2026-05-01T09:00:00.000Z,77320.2,77338,77150,77228.5,889.462,68711142.83194
1777629600000,2026-05-01T10:00:00.000Z,77228.5,77389,77100,77253.3,759.2146,58646605.13744
1777633200000,2026-05-01T11:00:00.000Z,77253.3,77550,77213.2,77409,1188.2376,91981543.72916
1777636800000,2026-05-01T12:00:00.000Z,77409,78138,77350.1,77840.5,4779.7492,371999604.42848
1777640400000,2026-05-01T13:00:00.000Z,77840.5,78880,77840.5,78688.6,7655.9643,599878727.58959
1777644000000,2026-05-01T14:00:00.000Z,78688.6,78835.4,77997.9,78306.9,3606.0467,282617769.04004
1777647600000,2026-05-01T15:00:00.000Z,78306.9,78702.7,78125,78388.8,2773.4063,217484470.67072
1777651200000,2026-05-01T16:00:00.000Z,78388.8,78636.6,78112.8,78166.7,2110.3634,165265136.72914
1777654800000,2026-05-01T17:00:00.000Z,78166.7,78548.3,78073,78502.9,1027.7072,80496702.63571
1777658400000,2026-05-01T18:00:00.000Z,78502.9,78595.9,78322.7,78383.4,734.1484,57611251.91754
1777662000000,2026-05-01T19:00:00.000Z,78383.4,78494.9,78265,78309.9,465.546,36474496.59969
1777665600000,2026-05-01T20:00:00.000Z,78309.9,78375.3,77709.8,77834.4,1469.5103,114591201.34286
1777669200000,2026-05-01T21:00:00.000Z,77834.4,78160.5,77811.8,78160.5,715.4399,55800745.83779
1777672800000,2026-05-01T22:00:00.000Z,78160.5,78369.9,78090,78104.3,548.2977,42893443.17579
1777676400000,2026-05-01T23:00:00.000Z,78104.3,78211,77982.2,78189.7,477.6578,37299715.53643
1777680000000,2026-05-02T00:00:00.000Z,78189.7,78354.7,78114,78299.9,452.6847,35421946.62569
1777683600000,2026-05-02T01:00:00.000Z,78299.9,78402.6,78244,78300,524.9244,41104407.28968
1777687200000,2026-05-02T02:00:00.000Z,78300,78495.2,78208.1,78317.5,476.575,37337590.84077
1777690800000,2026-05-02T03:00:00.000Z,78317.5,78489,78196,78372,475.7654,37268398.26612
1777694400000,2026-05-02T04:00:00.000Z,78372,78416,78063.3,78144.5,736.0996,57568051.86991
1777698000000,2026-05-02T05:00:00.000Z,78144.5,78205,77988,78145.3,732.7278,57225470.8495
1777701600000,2026-05-02T06:00:00.000Z,78145.3,78345.4,78104.4,78290,520.2684,40698007.6095
1777705200000,2026-05-02T07:00:00.000Z,78290,78314.4,78170,78189.4,337.0812,26376332.17132
1777708800000,2026-05-02T08:00:00.000Z,78189.4,78320,78120.5,78280.7,590.8631,46222563.19707
1777712400000,2026-05-02T09:00:00.000Z,78280.7,78363.5,78175,78254.6,424.6116,33237985.44754
1777716000000,2026-05-02T10:00:00.000Z,78254.6,78283.7,78183.3,78209.8,379.279,29668952.99327
1777719600000,2026-05-02T11:00:00.000Z,78209.8,78209.8,78059.6,78108.9,537.2769,41979120.01971
1777723200000,2026-05-02T12:00:00.000Z,78108.9,78231.7,78068.1,78174.9,475.8055,37186796.32853
1777726800000,2026-05-02T13:00:00.000Z,78174.9,78400,78174.9,78327.7,684.8712,53626477.74686
1777730400000,2026-05-02T14:00:00.000Z,78327.7,78473.4,78275,78381.8,453.4166,35536106.22328
1777734000000,2026-05-02T15:00:00.000Z,78381.8,78448.3,78319.6,78445.5,300.2408,23532646.96973
1777737600000,2026-05-02T16:00:00.000Z,78445.5,78569.5,78386.3,78416.8,741.9105,58227585.07488
1777741200000,2026-05-02T17:00:00.000Z,78416.8,78447,78326,78360.9,293.6959,23022858.45592
1777744800000,2026-05-02T18:00:00.000Z,78360.9,78458.3,78268.2,78424.3,368.2632,28847619.51083
1777748400000,2026-05-02T19:00:00.000Z,78424.3,78486.4,78401.3,78447.4,162.2007,12721878.29339
1777752000000,2026-05-02T20:00:00.000Z,78447.4,78447.5,78373,78410.2,192.9559,15128327.89112
1777755600000,2026-05-02T21:00:00.000Z,78410.2,79176.3,78400.1,78692.8,2736.6833,215786398.1346
1777759200000,2026-05-02T22:00:00.000Z,78692.8,78844.3,78567,78794.6,1096.0665,86253563.95703
1777762800000,2026-05-02T23:00:00.000Z,78794.6,78794.7,78592.2,78654.2,455.5327,35848352.7315
1777766400000,2026-05-03T00:00:00.000Z,78654.2,78729,78444.6,78510.5,898.482,70573391.52643
1777770000000,2026-05-03T01:00:00.000Z,78510.5,78510.5,78108.1,78205.1,1257.4878,98415833.2224
1777773600000,2026-05-03T02:00:00.000Z,78205.1,78272.2,78062.8,78134.4,1198.9511,93688858.52465
1777777200000,2026-05-03T03:00:00.000Z,78134.4,78180,78063.3,78158.3,515.5537,40274012.85871
1777780800000,2026-05-03T04:00:00.000Z,78158.3,78198.9,78070.6,78130,445.7316,34829772.01001
1777784400000,2026-05-03T05:00:00.000Z,78130,78224.9,78120.5,78205,219.5255,17164689.20015
1777788000000,2026-05-03T06:00:00.000Z,78205,78321,78038.2,78251.1,806.0913,63008679.2993
1777791600000,2026-05-03T07:00:00.000Z,78251.1,78407.1,78251,78323,909.6393,71275057.19834
1777795200000,2026-05-03T08:00:00.000Z,78323,78463,78322.9,78345.2,691.4253,54209890.31364
1777798800000,2026-05-03T09:00:00.000Z,78345.2,78583.8,78306.6,78496.6,835.4255,65549153.56451
1777802400000,2026-05-03T10:00:00.000Z,78496.6,78499.4,78367.6,78368.7,304.5773,23883169.35411
1777806000000,2026-05-03T11:00:00.000Z,78368.7,78813,78343.4,78622.7,1486.596,116874059.09875
1777809600000,2026-05-03T12:00:00.000Z,78622.7,78842.4,78622.6,78710.9,1085.117,85431525.71153
1777813200000,2026-05-03T13:00:00.000Z,78710.9,78732.1,78546.5,78634.9,748.5679,58854075.75664
1777816800000,2026-05-03T14:00:00.000Z,78634.9,78751.4,78575.8,78700.1,644.8282,50733570.02322
1777820400000,2026-05-03T15:00:00.000Z,78700.1,78784.2,78586,78629,720.5362,56699505.66164
1777824000000,2026-05-03T16:00:00.000Z,78629,78749.2,78554.3,78628.7,398.7363,31356338.55917
1777827600000,2026-05-03T17:00:00.000Z,78628.7,78792.5,78518.1,78690,681.5983,53624335.29676
1777831200000,2026-05-03T18:00:00.000Z,78690,78722.4,78581.9,78700,321.0563,25251751.81503
1777834800000,2026-05-03T19:00:00.000Z,78700,78816.6,78636,78730,436.3854,34361183.83306
1777838400000,2026-05-03T20:00:00.000Z,78730,79251.2,78690,78883.9,2134.0448,168607181.48746
1777842000000,2026-05-03T21:00:00.000Z,78883.9,79030.1,78608.8,78792.9,944.5487,74443774.97933
1777845600000,2026-05-03T22:00:00.000Z,78792.9,79412.3,78792.9,79132.2,2613.5208,206847395.13262
1777849200000,2026-05-03T23:00:00.000Z,79132.2,79249.9,78439.5,78529.4,1860.4174,146443738.79571
1777852800000,2026-05-04T00:00:00.000Z,78529.4,78529.4,78237.2,78508.6,1594.9343,125016797.78816
1777856400000,2026-05-04T01:00:00.000Z,78508.6,79829,78362.5,79745.4,5078.2799,402338387.58845
1777860000000,2026-05-04T02:00:00.000Z,79745.4,80387.8,79500.6,80123,5769.2736,461276372.75944
1777863600000,2026-05-04T03:00:00.000Z,80123,80414.2,79864.2,80269.7,2547.9592,204186020.51043
1777867200000,2026-05-04T04:00:00.000Z,80269.7,80580.2,80180,80280,2820.7954,226681587.94723
1777870800000,2026-05-04T05:00:00.000Z,80280,80350,79901.4,79976.6,1484.7338,118889330.1284
1777874400000,2026-05-04T06:00:00.000Z,79976.6,80005.4,79441.2,79823.7,2171.5744,173137589.75271
1777878000000,2026-05-04T07:00:00.000Z,79823.7,79903,79631.7,79663,1064.6231,84917659.31344
1777881600000,2026-05-04T08:00:00.000Z,79663,79771,79550,79669.9,1263.178,100631452.8498
1777885200000,2026-05-04T09:00:00.000Z,79669.9,79892.9,79602,79793.7,984.2324,78494303.2225
1777888800000,2026-05-04T10:00:00.000Z,79793.7,79842.3,78161.3,78896,10562.104,831560649.28634
1777892400000,2026-05-04T11:00:00.000Z,78896,79085.9,78660.8,78756.4,1895.7648,149555950.92988
1777896000000,2026-05-04T12:00:00.000Z,78756.4,78989.7,78670.3,78808.3,1140.9966,89970854.88973
1777899600000,2026-05-04T13:00:00.000Z,78808.3,79083.9,78520,78750.1,2663.8944,209973372.18477
1777903200000,2026-05-04T14:00:00.000Z,78750.1,80528.8,78450,80165.9,7368.9776,586857310.97415
1777906800000,2026-05-04T15:00:00.000Z,80165.9,80330,79265,79979.2,6608.2235,527227416.1788
1777910400000,2026-05-04T16:00:00.000Z,79979.2,80358.2,79568,79970.3,3019.5617,241708796.5895
1777914000000,2026-05-04T17:00:00.000Z,79970.3,80744.4,79963.6,80339.2,3008.1461,241927048.2114
1777917600000,2026-05-04T18:00:00.000Z,80339.2,80391.9,79989,80069.9,1354.435,108651373.89574
1777921200000,2026-05-04T19:00:00.000Z,80069.9,80098.9,79838.7,80011.7,782.7077,62594162.52511
1777924800000,2026-05-04T20:00:00.000Z,80011.7,80117.4,79839.1,79888.2,448.4713,35855683.12912
1777928400000,2026-05-04T21:00:00.000Z,79888.2,80353,79888.2,80215.3,906.0136,72620151.29547
1777932000000,2026-05-04T22:00:00.000Z,80215.3,80359.4,80007.6,80021.6,511.1692,40988521.62846
1777935600000,2026-05-04T23:00:00.000Z,80021.6,80021.6,79711.3,79826.5,787.1849,62839928.50484
1777939200000,2026-05-05T00:00:00.000Z,79826.5,80141.9,79761.9,80126.8,862.3167,68962776.36896
1777942800000,2026-05-05T01:00:00.000Z,80126.8,80343.5,80032.7,80308.2,742.124,59533177.2039
1777946400000,2026-05-05T02:00:00.000Z,80308.2,80868.1,80248.7,80507.1,2606.4214,210034740.90929
1777950000000,2026-05-05T03:00:00.000Z,80507.1,81045,80383.9,80832.2,2347.7452,189641024.15166
1777953600000,2026-05-05T04:00:00.000Z,80832.2,80935,80663.5,80839.5,1445.5457,116801595.78456
1777957200000,2026-05-05T05:00:00.000Z,80839.5,81275,80771.4,80912.4,2735.1513,221635047.65316
1777960800000,2026-05-05T06:00:00.000Z,80912.4,80952.6,80738.6,80918.3,1181.4434,95495358.21438
1777964400000,2026-05-05T07:00:00.000Z,80918.3,81090,80782,80805.9,1457.471,117957294.94569
1777968000000,2026-05-05T08:00:00.000Z,80805.9,80842,80665,80764.5,808.8549,65334566.76325
1777971600000,2026-05-05T09:00:00.000Z,80764.5,80764.5,80463.4,80537.4,1175.9977,94777066.44593
1777975200000,2026-05-05T10:00:00.000Z,80537.4,80790,80476.8,80782.2,1100.3179,88794099.25283
1777978800000,2026-05-05T11:00:00.000Z,80782.2,81060.3,80731.1,80966.7,1790.4957,144856069.32213
1777982400000,2026-05-05T12:00:00.000Z,80966.7,81263.6,80876.8,81221.4,1569.695,127372067.3016
1777986000000,2026-05-05T13:00:00.000Z,81221.4,81665,81125.1,81270.4,5242.9724,427009453.59445
1777989600000,2026-05-05T14:00:00.000Z,81270.4,81450,80871.8,81269.9,3285.1905,266594397.18557
1777993200000,2026-05-05T15:00:00.000Z,81269.9,81645.7,81167.1,81478.8,2342.5258,190907518.2298
1777996800000,2026-05-05T16:00:00.000Z,81478.8,81563.1,80995.7,81248,2338.0544,189887960.93174
1778000400000,2026-05-05T17:00:00.000Z,81248,81422.6,81140.1,81219.9,1079.6111,87753103.90129
1778004000000,2026-05-05T18:00:00.000Z,81219.9,81558,81219.9,81464.9,1204.8376,98097995.15645
1778007600000,2026-05-05T19:00:00.000Z,81464.9,81635.7,81347.8,81549,1027.0541,83730759.96289
1778011200000,2026-05-05T20:00:00.000Z,81549,81741.1,81457.7,81601.5,1746.2967,142535302.20786
1778014800000,2026-05-05T21:00:00.000Z,81601.5,81752.1,81261.7,81365,1383.1164,112700371.469
1778018400000,2026-05-05T22:00:00.000Z,81365,81561.2,80759,81071.7,2655.3733,215444183.76784
1778022000000,2026-05-05T23:00:00.000Z,81071.7,81187,80740,80867.9,1503.9343,121743702.66732
1778025600000,2026-05-06T00:00:00.000Z,80867.9,81229.2,80666.5,80985.8,1722.7179,139471348.76495
1778029200000,2026-05-06T01:00:00.000Z,80985.8,81500,80942.5,81381.5,1625.4262,132107996.69336
1778032800000,2026-05-06T02:00:00.000Z,81381.5,81388,80987.1,81314.4,1105.1383,89737095.0367
1778036400000,2026-05-06T03:00:00.000Z,81314.4,81711.4,81301.8,81530.6,1579.0321,128725301.99107
1778040000000,2026-05-06T04:00:00.000Z,81530.6,81590,81212.6,81277.6,1116.9298,90916381.53333
1778043600000,2026-05-06T05:00:00.000Z,81277.6,81292.3,81008,81283.8,1231.8654,99987937.04413
1778047200000,2026-05-06T06:00:00.000Z,81283.8,81477.8,81159.9,81433,1080.8041,87907012.95277
1778050800000,2026-05-06T07:00:00.000Z,81433,81580.8,81269,81329.5,856.2885,69742969.82897
1778054400000,2026-05-06T08:00:00.000Z,81329.5,81960,81281.5,81900,3019.4002,246761168.87239
1778058000000,2026-05-06T09:00:00.000Z,81900,82037.9,81630.7,81948,2665.5075,218218428.98284
1778061600000,2026-05-06T10:00:00.000Z,81948,82347.9,81900.5,82235.1,3072.3978,252362882.69041
1778065200000,2026-05-06T11:00:00.000Z,82235.1,82799,82210.4,82477,4656.4224,384311806.66568
1778068800000,2026-05-06T12:00:00.000Z,82477,82499,82090.3,82186.5,2127.8888,175126225.00854
1778072400000,2026-05-06T13:00:00.000Z,82186.5,82186.5,81567,81632.1,3876.888,317406341.11163
1778076000000,2026-05-06T14:00:00.000Z,81632.1,81959.1,81101,81480.5,5098.0925,415661986.14568
1778079600000,2026-05-06T15:00:00.000Z,81480.5,81792.3,81288,81659.2,2422.7235,197547598.90686
1778083200000,2026-05-06T16:00:00.000Z,81659.2,81853.8,81381.5,81576.1,1966.8231,160568141.94311
1778086800000,2026-05-06T17:00:00.000Z,81576.1,81665.4,81340.4,81410.7,752.708,61306056.06037
1778090400000,2026-05-06T18:00:00.000Z,81410.7,81519.7,81219,81311.4,721.3892,58693087.9362
1778094000000,2026-05-06T19:00:00.000Z,81311.4,81472,81140.5,81413.9,742.1318,60348629.39421
1778097600000,2026-05-06T20:00:00.000Z,81413.9,81663.2,81250.1,81381.5,818.2545,66655978.19986
1778101200000,2026-05-06T21:00:00.000Z,81381.5,81585.1,81255,81498.7,421.104,34300428.51545
1778104800000,2026-05-06T22:00:00.000Z,81498.7,81505.9,81200,81300,519.5032,42238769.04863
1778108400000,2026-05-06T23:00:00.000Z,81300,81403.8,80943.3,81396.3,1403.4545,113879403.77058
1778112000000,2026-05-07T00:00:00.000Z,81396.3,81450.9,80923.5,80975.7,1103.9179,89554140.83791
1778115600000,2026-05-07T01:00:00.000Z,80975.7,81259.1,80760,81130.2,1541.0727,124897724.95635
1778119200000,2026-05-07T02:00:00.000Z,81130.2,81147.8,80839.6,81082.9,1565.2297,126696200.79358
1778122800000,2026-05-07T03:00:00.000Z,81082.9,81082.9,80790.5,80802.4,723.5278,58549417.8319
1778126400000,2026-05-07T04:00:00.000Z,80802.4,80951.8,80681,80946.8,917.3627,74157424.03176
1778130000000,2026-05-07T05:00:00.000Z,80946.8,81142,80935.1,81058.5,926.4324,75089506.10349
1778133600000,2026-05-07T06:00:00.000Z,81058.5,81413.9,80851.6,81407.9,1557.9092,126454540.98405
1778137200000,2026-05-07T07:00:00.000Z,81407.9,81669.9,81351.2,81471.5,1934.7592,157738841.46663
1778140800000,2026-05-07T08:00:00.000Z,81471.5,81552.9,81151.8,81193,1151.5302,93656993.61222
1778144400000,2026-05-07T09:00:00.000Z,81193,81200.5,80802.8,80900,1505.6415,121927817.46474
1778148000000,2026-05-07T10:00:00.000Z,80900,81137.9,80504,80815.9,3075.9404,248539573.73141
1778151600000,2026-05-07T11:00:00.000Z,80815.9,81025.9,80706.5,80832,1339.7482,108344648.97905
1778155200000,2026-05-07T12:00:00.000Z,80832,81148.3,80800.5,81117.7,1023.9799,82948010.96589
1778158800000,2026-05-07T13:00:00.000Z,81117.7,81123.2,80217.7,80478,4101.0349,330422590.56368
1778162400000,2026-05-07T14:00:00.000Z,80478,80657,80014.1,80137,4330.6754,347838816.32838
1778166000000,2026-05-07T15:00:00.000Z,80137,80260.3,79669,79869.3,4874.1118,389614833.35216
1778169600000,2026-05-07T16:00:00.000Z,79869.3,79988,79675.8,79771.1,2285.5803,182411543.96491
1778173200000,2026-05-07T17:00:00.000Z,79771.1,80099.9,79455,80063.1,2765.1728,220512762.91204
1778176800000,2026-05-07T18:00:00.000Z,80063.1,80236.9,79965,80165,1421.8723,113939562.76635
1778180400000,2026-05-07T19:00:00.000Z,80165,80180,79889.3,80110.2,799.1506,63967783.23622
1778184000000,2026-05-07T20:00:00.000Z,80110.2,80340.7,79809.1,79839.9,800.4606,64078091.9185
1778187600000,2026-05-07T21:00:00.000Z,79839.9,79894.9,79601.5,79684.5,894.5023,71341431.08168
1778191200000,2026-05-07T22:00:00.000Z,79684.5,79945,79538,79873.4,1198.7473,95603160.93074
1778194800000,2026-05-07T23:00:00.000Z,79873.4,80032,79825,79971.2,494.5237,39536285.01459
1778198400000,2026-05-08T00:00:00.000Z,79971.2,80099,79683,79797.2,768.8059,61451734.19282
1778202000000,2026-05-08T01:00:00.000Z,79797.2,79858.6,79565,79701,623.3609,49692911.46255
1778205600000,2026-05-08T02:00:00.000Z,79701,79719.2,79294.2,79447.9,2427.8795,192940635.50996
1778209200000,2026-05-08T03:00:00.000Z,79447.9,79635.5,79124.8,79543.5,1895.7894,150479689.6865
1778212800000,2026-05-08T04:00:00.000Z,79543.5,79723.4,79510.5,79625.3,658.0224,52393551.11091
1778216400000,2026-05-08T05:00:00.000Z,79625.3,79754.3,79564.6,79565.1,978.3086,77908259.63192
1778220000000,2026-05-08T06:00:00.000Z,79565.1,79620,79378.3,79491.1,906.9225,72087505.10705
1778223600000,2026-05-08T07:00:00.000Z,79491.1,79698,79230,79647.4,1897.2279,150712333.48577
1778227200000,2026-05-08T08:00:00.000Z,79647.4,79964.2,79634.3,79854.9,1463.1969,116747887.1475
1778230800000,2026-05-08T09:00:00.000Z,79854.9,80036.2,79759.8,79840,1600.526,127872739.77562
1778234400000,2026-05-08T10:00:00.000Z,79840,80238.9,79738,80170.1,1585.3046,126862363.21048
1778238000000,2026-05-08T11:00:00.000Z,80170.1,80289.7,80090.4,80178.6,1175.0846,94245264.51587
1778241600000,2026-05-08T12:00:00.000Z,80178.6,80490,79917.7,79984,2144.0538,171915864.94685
1778245200000,2026-05-08T13:00:00.000Z,79984,80048.6,79508,79609.1,3193.4903,254567329.83423
1778248800000,2026-05-08T14:00:00.000Z,79609.1,80412.4,79609,80112.2,3714.6605,297428786.78798
1778252400000,2026-05-08T15:00:00.000Z,80112.2,80166.6,79589.8,80123.7,1938.7858,154904497.32906
1778256000000,2026-05-08T16:00:00.000Z,80123.7,80159.2,79703.3,79768.9,1338.2744,106878059.45273
1778259600000,2026-05-08T17:00:00.000Z,79768.9,80234.8,79701.8,80035.9,1698.6144,135903503.61233
1778263200000,2026-05-08T18:00:00.000Z,80035.9,80260,80033.4,80046.2,1983.5881,159022183.71257
1778266800000,2026-05-08T19:00:00.000Z,80046.2,80147.7,79900,80139.3,727.6714,58231248.05587
1778270400000,2026-05-08T20:00:00.000Z,80139.3,80253,80042,80097.1,531.1216,42585598.18343
1778274000000,2026-05-08T21:00:00.000Z,80097.1,80229,80068.2,80226.1,405.2013,32477271.67931
1778277600000,2026-05-08T22:00:00.000Z,80226.1,80369.1,80192.5,80228.8,644.9077,51777129.0561
1778281200000,2026-05-08T23:00:00.000Z,80228.8,80250,80065.8,80155.1,404.6741,32436322.7369
1778284800000,2026-05-09T00:00:00.000Z,80155.1,80200,80083.9,80200,294.3085,23586264.67294
1778288400000,2026-05-09T01:00:00.000Z,80200,80409.1,80181.6,80291.3,1064.3127,85472642.86545
1778292000000,2026-05-09T02:00:00.000Z,80291.3,80445.6,80291.3,80385.3,520.0397,41799458.3713
1778295600000,2026-05-09T03:00:00.000Z,80385.3,80520,80272.9,80348,622.9751,50082572.44618
1778299200000,2026-05-09T04:00:00.000Z,80348,80635,80334.1,80354.6,855.009,68825102.92786
1778302800000,2026-05-09T05:00:00.000Z,80354.6,80453.6,80312.7,80342.2,656.1534,52736046.38591
1778306400000,2026-05-09T06:00:00.000Z,80342.2,80393.5,80160.8,80215.7,816.7008,65536320.94437
1778310000000,2026-05-09T07:00:00.000Z,80215.7,80262.7,80090,80185.1,781.1033,62621471.50736
1778313600000,2026-05-09T08:00:00.000Z,80185.1,80404.3,80176,80367.9,777.854,62497944.42487
1778317200000,2026-05-09T09:00:00.000Z,80367.9,80372.3,80167,80193,489.7927,39302102.82681
1778320800000,2026-05-09T10:00:00.000Z,80193,80306.8,80126,80223.9,402.1599,32253009.04729
1778324400000,2026-05-09T11:00:00.000Z,80223.9,80328,80210.1,80298.3,348.8507,28008745.93264
1778328000000,2026-05-09T12:00:00.000Z,80298.3,80366.8,80220.4,80356.8,328.9335,26416115.01718
1778331600000,2026-05-09T13:00:00.000Z,80356.8,80368,80270,80349.9,241.4075,19391024.22588
1778335200000,2026-05-09T14:00:00.000Z,80349.9,80380,80199.2,80283.8,545.2126,43770852.03602
1778338800000,2026-05-09T15:00:00.000Z,80283.8,80565.6,80184.4,80478.9,1026.871,82577860.85664
1778342400000,2026-05-09T16:00:00.000Z,80478.9,80750,80435,80576.8,1549.3341,124882819.62353
1778346000000,2026-05-09T17:00:00.000Z,80576.8,80888,80576.7,80771.1,1482.0654,119712172.53704
1778349600000,2026-05-09T18:00:00.000Z,80771.1,81036.2,80739,80868.2,1425.1116,115316856.10846
1778353200000,2026-05-09T19:00:00.000Z,80868.2,80920.3,80738.6,80899.5,470.6769,38045489.34025
1778356800000,2026-05-09T20:00:00.000Z,80899.5,80900,80692.4,80761.9,357.7833,28900368.60516
1778360400000,2026-05-09T21:00:00.000Z,80761.9,80855,80704.1,80735.6,273.4298,22083122.74208
1778364000000,2026-05-09T22:00:00.000Z,80735.6,80782,80625.2,80727.5,402.3164,32470186.49758
1778367600000,2026-05-09T23:00:00.000Z,80727.5,80800,80580,80626.5,374.3733,30197254.60911
1778371200000,2026-05-10T00:00:00.000Z,80626.5,80737.3,80581,80640.6,668.6338,53935331.58837
1778374800000,2026-05-10T01:00:00.000Z,80640.6,80655.2,80533.5,80644.9,451.2761,36365947.60721
1778378400000,2026-05-10T02:00:00.000Z,80644.9,80764,80576,80751.3,342.6942,27647192.86885
1778382000000,2026-05-10T03:00:00.000Z,80751.3,80859.4,80670.3,80741,468.1425,37815094.99346
1778385600000,2026-05-10T04:00:00.000Z,80741,80809.9,80696.8,80721.2,201.5602,16275177.65132
1778389200000,2026-05-10T05:00:00.000Z,80721.2,80777,80640,80654.1,338.1238,27291355.94477
1778392800000,2026-05-10T06:00:00.000Z,80654.1,80716.7,80617.4,80695.5,349.9017,28224039.193
1778396400000,2026-05-10T07:00:00.000Z,80695.5,80763.5,80681.5,80699.6,325.247,26256315.08713
1778400000000,2026-05-10T08:00:00.000Z,80699.6,80877.2,80680,80799.1,656.8294,53071464.1093
1778403600000,2026-05-10T09:00:00.000Z,80799.1,80881.9,80718.3,80770.2,344.7947,27856010.63265
1778407200000,2026-05-10T10:00:00.000Z,80770.2,80850,80652.2,80841.6,511.6355,41312749.0406
1778410800000,2026-05-10T11:00:00.000Z,80841.6,80946,80711,80789.5,579.467,46839697.78084
1778414400000,2026-05-10T12:00:00.000Z,80789.5,80912.9,80746.2,80890,324.7114,26251822.91547
1778418000000,2026-05-10T13:00:00.000Z,80890,80966,80830,80933.5,602.8665,48781922.27818
1778421600000,2026-05-10T14:00:00.000Z,80933.5,80964,80766.2,80942.4,543.1809,43929761.13557
1778425200000,2026-05-10T15:00:00.000Z,80942.4,81397.7,80891.3,81364,2913.7704,236566320.00401
1778428800000,2026-05-10T16:00:00.000Z,81364,81459.2,81130.4,81328.9,1770.6441,143943623.19291
1778432400000,2026-05-10T17:00:00.000Z,81328.9,81546.2,81165,81429.9,1547.856,125976556.43782
1778436000000,2026-05-10T18:00:00.000Z,81429.9,81455.9,81189,81227.3,656.091,53347901.5645
1778439600000,2026-05-10T19:00:00.000Z,81227.3,81439,81100.7,81389.6,678.1247,55123732.12371
1778443200000,2026-05-10T20:00:00.000Z,81389.6,81412.5,80222,80694.1,3700.2272,298596526.90322
1778446800000,2026-05-10T21:00:00.000Z,80694.1,80912.6,80526.3,80678.1,1595.1031,128828277.95039
1778450400000,2026-05-10T22:00:00.000Z,80678.1,82149.7,80621.3,81999.9,5975.5453,487494942.94809
1778454000000,2026-05-10T23:00:00.000Z,81999.9,82435.2,81999.9,82163.1,2957.3586,243224483.95705
1778457600000,2026-05-11T00:00:00.000Z,82163.1,82342.5,81239,81429.8,3285.3095,268222463.75239
1778461200000,2026-05-11T01:00:00.000Z,81429.8,81720.3,81242,81469.8,1218.4498,99302761.63071
1778464800000,2026-05-11T02:00:00.000Z,81469.8,81533.9,81087.3,81146.4,1425.8951,115816426.99638
1778468400000,2026-05-11T03:00:00.000Z,81146.4,81162.4,80496.6,80716.1,3582.5928,289113943.04752
1778472000000,2026-05-11T04:00:00.000Z,80716.1,80860,80625,80800.1,1014.4721,81904035.05303
1778475600000,2026-05-11T05:00:00.000Z,80800.1,80952.2,80728,80813.6,1004.6952,81221620.25926
1778479200000,2026-05-11T06:00:00.000Z,80813.6,81024,80722,80794.1,961.8453,77789967.90024
1778482800000,2026-05-11T07:00:00.000Z,80794.1,80808,80630,80707.3,763.2293,61605252.53207
1778486400000,2026-05-11T08:00:00.000Z,80707.3,80829,80585.2,80720.8,1051.3984,84851654.22575
1778490000000,2026-05-11T09:00:00.000Z,80720.8,80960,80715.7,80925.6,561.9515,45443236.00477
1778493600000,2026-05-11T10:00:00.000Z,80925.6,81169,80884.5,80901.1,1249.6921,101259870.30619
1778497200000,2026-05-11T11:00:00.000Z,80901.1,81159.5,80860,81159.5,703.7862,57039897.82273
1778500800000,2026-05-11T12:00:00.000Z,81159.5,81312.5,80985.1,81017.5,1254.9495,101845074.64855
1778504400000,2026-05-11T13:00:00.000Z,81017.5,81291,80715.5,81027.1,2058.048,166693855.13256
1778508000000,2026-05-11T14:00:00.000Z,81027.1,81213.9,80411.1,80917.9,3004.8421,242654368.06267
1778511600000,2026-05-11T15:00:00.000Z,80917.9,81420.5,80791.6,81397.9,2397.0646,194584641.54287
1778515200000,2026-05-11T16:00:00.000Z,81397.9,81863.5,81297.3,81520,3302.9111,269670392.3668
1778518800000,2026-05-11T17:00:00.000Z,81520,82024.2,81312.7,81888.6,1780.5466,145480337.40844
1778522400000,2026-05-11T18:00:00.000Z,81888.6,82088,81773.3,81809.5,1290.7949,105765571.27516
1778526000000,2026-05-11T19:00:00.000Z,81809.5,82047.7,81680,81915.9,1139.2114,93292226.39224
1778529600000,2026-05-11T20:00:00.000Z,81915.9,82040.5,81700,81771.2,1004.1635,82204398.99784
1778533200000,2026-05-11T21:00:00.000Z,81771.2,81853.8,81545.8,81776.6,764.3676,62430918.63574
1778536800000,2026-05-11T22:00:00.000Z,81776.6,81922,81680.1,81781.5,765.1496,62585715.86939
1778540400000,2026-05-11T23:00:00.000Z,81781.5,81781.6,81545.2,81689.3,740.389,60472105.03703
1778544000000,2026-05-12T00:00:00.000Z,81689.3,81742.5,81430,81504,908.7287,74096509.91833
1778547600000,2026-05-12T01:00:00.000Z,81504,81577,80675.9,81157.8,4122.521,334287707.79954
1778551200000,2026-05-12T02:00:00.000Z,81157.8,81300,81050.4,81224.3,903.1565,73325308.25454
1778554800000,2026-05-12T03:00:00.000Z,81224.3,81260,80979.9,81027.2,627.4976,50888217.2179
1778558400000,2026-05-12T04:00:00.000Z,81027.2,81268.9,80966.8,81196.8,965.8234,78346670.06205
1778562000000,2026-05-12T05:00:00.000Z,81196.8,81276.8,81154.2,81189.4,531.852,43197257.79977
1778565600000,2026-05-12T06:00:00.000Z,81189.4,81277,80970.8,80988.2,789.6331,64054349.1133
1778569200000,2026-05-12T07:00:00.000Z,80988.2,81106.5,80772,80820,2178.6509,176334937.80498
1778572800000,2026-05-12T08:00:00.000Z,80820,80940,80727.4,80815,936.1345,75674629.93578
1778576400000,2026-05-12T09:00:00.000Z,80815,80940,80684.9,80810.5,1055.2824,85264699.57983
1778580000000,2026-05-12T10:00:00.000Z,80810.5,80817.3,80550.1,80647.8,1251.911,101002665.76594
1778583600000,2026-05-12T11:00:00.000Z,80647.8,80757.9,80481.3,80752.7,1736.3978,139933756.44787
1778587200000,2026-05-12T12:00:00.000Z,80752.7,80977,80587.8,80842.6,2001.9101,161774454.8579
1778590800000,2026-05-12T13:00:00.000Z,80842.6,80893.4,80358.1,80432,3200.9705,258035733.29305
1778594400000,2026-05-12T14:00:00.000Z,80432,80849,80355.8,80508.3,2945.1316,237355881.76845
1778598000000,2026-05-12T15:00:00.000Z,80508.3,80630,80155,80300.1,3071.4612,246735013.01021
1778601600000,2026-05-12T16:00:00.000Z,80300.1,80387.6,79805.9,79965.4,3489.7524,279463311.60027
1778605200000,2026-05-12T17:00:00.000Z,79965.4,80559.1,79913.4,80485.5,1947.4165,156345710.35171
1778608800000,2026-05-12T18:00:00.000Z,80485.5,80719.7,80385,80632.2,1223.6912,98571327.87839
1778612400000,2026-05-12T19:00:00.000Z,80632.2,80827,80632.2,80789,769.1036,62096477.31126
1778616000000,2026-05-12T20:00:00.000Z,80789,80841,80588.9,80644.3,656.535,52996563.02079
1778619600000,2026-05-12T21:00:00.000Z,80644.3,80690.1,80441.3,80532.9,540.6463,43562601.55796
1778623200000,2026-05-12T22:00:00.000Z,80532.9,80748.6,80532.9,80609.9,555.7609,44818774.64979
1778626800000,2026-05-12T23:00:00.000Z,80609.9,80673,80400,80459.9,786.3172,63301696.24071
1778630400000,2026-05-13T00:00:00.000Z,80459.9,80730,80363,80666.2,916.0526,73800846.19173
1778634000000,2026-05-13T01:00:00.000Z,80666.2,81145,80632.3,80948,2073.265,167872058.00179
1778637600000,2026-05-13T02:00:00.000Z,80948,81232.2,80883.3,81000,1093.5884,88638517.57506
1778641200000,2026-05-13T03:00:00.000Z,81000,81244,80900,81199.9,1517.715,123016602.90553
1778644800000,2026-05-13T04:00:00.000Z,81199.9,81225.7,81065.4,81185.9,847.584,68782531.42727
1778648400000,2026-05-13T05:00:00.000Z,81185.9,81187.9,80943,80967.5,762.6704,61809435.93889
1778652000000,2026-05-13T06:00:00.000Z,80967.5,81105.2,80918.9,80937.4,635.4795,51475551.63204
1778655600000,2026-05-13T07:00:00.000Z,80937.4,81000,80854.6,80976,866.2601,70089430.76863
1778659200000,2026-05-13T08:00:00.000Z,80976,81163.6,80900.3,81150,1549.2609,125529714.26677
1778662800000,2026-05-13T09:00:00.000Z,81150,81280,81091.5,81249.9,1263.3135,102588417.46023
1778666400000,2026-05-13T10:00:00.000Z,81249.9,81260,80777.3,80780,1806.5074,146209838.00411
1778670000000,2026-05-13T11:00:00.000Z,80780,80825.9,80471,80485,2343.7145,188921328.65932
1778673600000,2026-05-13T12:00:00.000Z,80485,80575.7,79825.8,80180.4,6168.0858,494469066.33051
1778677200000,2026-05-13T13:00:00.000Z,80180.4,80327.8,79557,79633,5536.8595,442120054.31925
1778680800000,2026-05-13T14:00:00.000Z,79633,79883.1,79454,79740.1,2916.641,232378969.009
1778684400000,2026-05-13T15:00:00.000Z,79740.1,79840,78780.4,78830.1,5376.8398,426014415.40484
1778688000000,2026-05-13T16:00:00.000Z,78830.1,79226,78755.1,79106.7,3231.6957,255242720.90762
1778691600000,2026-05-13T17:00:00.000Z,79106.7,79555,79083.6,79504,1613.275,127999531.45604
1778695200000,2026-05-13T18:00:00.000Z,79504,79789.6,79504,79568.3,1883.9541,150070617.21723
1778698800000,2026-05-13T19:00:00.000Z,79568.3,79619.4,79364.4,79616.6,878.897,69864429.50032
1778702400000,2026-05-13T20:00:00.000Z,79616.6,79735.4,79588.5,79671.9,653.3031,52037761.64016
1778706000000,2026-05-13T21:00:00.000Z,79671.9,79671.9,79300.4,79363.9,829.2735,65865907.00991
1778709600000,2026-05-13T22:00:00.000Z,79363.9,79437,79185,79387.9,814.8943,64629745.61836
1778713200000,2026-05-13T23:00:00.000Z,79387.9,79467,79190,79281.4,612.1341,48548357.43764
1778716800000,2026-05-14T00:00:00.000Z,79281.4,79648.7,79266,79536.2,987.3114,78484409.3649
1778720400000,2026-05-14T01:00:00.000Z,79536.2,79650,79368,79560,1026.967,81682935.11883
1778724000000,2026-05-14T02:00:00.000Z,79560,79644,79180.1,79331.9,1117.9681,88824867.58791
1778727600000,2026-05-14T03:00:00.000Z,79331.9,79422.9,78865.6,79012.1,2568.9648,203241343.88925
1778731200000,2026-05-14T04:00:00.000Z,79012.1,79440.3,78936.7,79408.2,1040.6416,82475313.24866
1778734800000,2026-05-14T05:00:00.000Z,79408.2,79950.3,79338,79767.7,2012.5513,160360174.83798
1778738400000,2026-05-14T06:00:00.000Z,79767.7,79903.9,79715.5,79757.6,894.1889,71364952.52962
1778742000000,2026-05-14T07:00:00.000Z,79757.6,79887.8,79653.1,79690,1429.1202,114013997.93602
1778745600000,2026-05-14T08:00:00.000Z,79690,79888,79583,79774.8,1806.2991,144065082.65846
1778749200000,2026-05-14T09:00:00.000Z,79774.8,79868.6,79534,79600.1,1038.3603,82732105.50865
1778752800000,2026-05-14T10:00:00.000Z,79600.1,79722,79371.2,79533,1550.264,123349694.06492
1778756400000,2026-05-14T11:00:00.000Z,79533,79573.9,79193.8,79214.8,1055.875,83776990.69438
1778760000000,2026-05-14T12:00:00.000Z,79214.8,79747.5,79200,79731.5,1381.7697,109874746.45031
1778763600000,2026-05-14T13:00:00.000Z,79731.5,80024,79608.3,79654.4,3102.0743,247716159.22993
1778767200000,2026-05-14T14:00:00.000Z,79654.4,80961,79519,80908.6,7651.4326,614580639.85365
1778770800000,2026-05-14T15:00:00.000Z,80908.6,81270,80743,81232.5,5117.9517,414494776.79709
1778774400000,2026-05-14T16:00:00.000Z,81232.5,81850,81005,81829.2,6716.1516,546749324.25172
1778778000000,2026-05-14T17:00:00.000Z,81829.2,81998.4,81221,81628.1,5033.0892,410916987.87138
1778781600000,2026-05-14T18:00:00.000Z,81628.1,81900,81377.8,81521.1,4080.8195,333169411.05004
1778785200000,2026-05-14T19:00:00.000Z,81521.1,81660.4,81265.1,81372.6,1634.7504,133119979.04444
1778788800000,2026-05-14T20:00:00.000Z,81372.6,81541,81120,81377.1,1039.5307,84511355.34
1778792400000,2026-05-14T21:00:00.000Z,81377.1,81482,81220.1,81350.1,524.2018,42650188.40814
1778796000000,2026-05-14T22:00:00.000Z,81350.1,81520,81290,81414.8,571.7141,46547360.0012
1778799600000,2026-05-14T23:00:00.000Z,81414.8,81414.9,81012,81056.6,1090.7123,88518938.56056
1778803200000,2026-05-15T00:00:00.000Z,81056.6,81631.1,81024.2,81471,1373.1782,111751226.82947
1778806800000,2026-05-15T01:00:00.000Z,81471,81573.6,81070,81096.9,1145.0862,93118151.7621
1778810400000,2026-05-15T02:00:00.000Z,81096.9,81317.8,80716,81262.6,3302.5485,267424344.89094
1778814000000,2026-05-15T03:00:00.000Z,81262.6,81310,80888.9,81030.3,1316.0309,106687883.84663
1778817600000,2026-05-15T04:00:00.000Z,81030.3,81069,80661.1,80692.1,1255.8446,101555325.75355
1778821200000,2026-05-15T05:00:00.000Z,80692.1,80850.9,80279.1,80332,3292.7663,265131234.69704
1778824800000,2026-05-15T06:00:00.000Z,80332,80611,80286.6,80553.4,1610.8628,129608244.39273
1778828400000,2026-05-15T07:00:00.000Z,80553.4,80975,80529.5,80785.6,2363.6206,190938219.95703
1778832000000,2026-05-15T08:00:00.000Z,80785.6,80799.9,80376.4,80614,1736.6788,139951532.32343
1778835600000,2026-05-15T09:00:00.000Z,80614,80646.1,80312,80453.9,1219.3004,98105661.58557
1778839200000,2026-05-15T10:00:00.000Z,80453.9,80743.3,80369.2,80681.8,1087.9074,87636729.5073
1778842800000,2026-05-15T11:00:00.000Z,80681.8,80720.9,80549.3,80589.9,645.0802,51999869.86901
1778846400000,2026-05-15T12:00:00.000Z,80589.9,80605,80279,80349.8,1905.4748,153236765.22365
1778850000000,2026-05-15T13:00:00.000Z,80349.8,80349.8,78650.1,78731.5,9814.1083,779079092.45469
1778853600000,2026-05-15T14:00:00.000Z,78731.5,79326.9,78600.7,79122.4,4567.7123,360952805.73864
1778857200000,2026-05-15T15:00:00.000Z,79122.4,79417.5,79000,79130.7,2710.0439,214644348.83426
1778860800000,2026-05-15T16:00:00.000Z,79130.7,79370,79106.8,79275.9,910.3155,72129064.60346
1778864400000,2026-05-15T17:00:00.000Z,79275.9,79486,79200,79438.4,1005.1793,79769838.41477
1778868000000,2026-05-15T18:00:00.000Z,79438.4,79540.5,79147.7,79251,1654.0752,131125866.51046
1778871600000,2026-05-15T19:00:00.000Z,79251,79272.2,79029.6,79109.2,776.8955,61462919.98224
1778875200000,2026-05-15T20:00:00.000Z,79109.2,79199.9,78966.5,79100.4,561.3432,44393241.5663
1778878800000,2026-05-15T21:00:00.000Z,79100.4,79181.7,78880,78953.9,546.2111,43168986.21055
1778882400000,2026-05-15T22:00:00.000Z,78953.9,79131.9,78949.4,79088.9,303.4954,23993790.99985
1778886000000,2026-05-15T23:00:00.000Z,79088.9,79147.8,79056,79087.6,349.4396,27639318.17514
1778889600000,2026-05-16T00:00:00.000Z,79087.6,79210,79057.4,79095,403.0399,31896998.61711
1778893200000,2026-05-16T01:00:00.000Z,79095,79171,78991.7,79148.4,372.9954,29493792.39155
1778896800000,2026-05-16T02:00:00.000Z,79148.4,79190,79056.1,79131.1,303.1072,23980937.44926
1778900400000,2026-05-16T03:00:00.000Z,79131.1,79172.7,79040,79060.7,379.1684,30001854.77512
1778904000000,2026-05-16T04:00:00.000Z,79060.7,79116.3,78830.5,79021,712.8155,56289164.1201
1778907600000,2026-05-16T05:00:00.000Z,79021,79022.4,78908.7,79012.8,338.3745,26726154.03323
1778911200000,2026-05-16T06:00:00.000Z,79012.8,79032.3,78423,78624.6,2653.5135,208703925.13592
1778914800000,2026-05-16T07:00:00.000Z,78624.6,78624.6,78016.5,78350,5152.852,403547512.49725
1778918400000,2026-05-16T08:00:00.000Z,78350,78522.3,78311.1,78400,873.7584,68513735.9238
1778922000000,2026-05-16T09:00:00.000Z,78400,78422.1,77860,78069.4,3579.3006,279423123.87228
1778925600000,2026-05-16T10:00:00.000Z,78069.4,78095.6,77625.8,77961.7,2596.4612,202148655.91585
1778929200000,2026-05-16T11:00:00.000Z,77961.7,78185.8,77961.6,78070,1349.4993,105370146.12504
1778932800000,2026-05-16T12:00:00.000Z,78070,78121.6,77910,77993.1,967.3223,75480290.1334
1778936400000,2026-05-16T13:00:00.000Z,77993.1,78011.3,77821.9,78011.2,1054.8598,82195707.38045
1778940000000,2026-05-16T14:00:00.000Z,78011.2,78339,77880,78114.9,1470.5929,114868650.90331
1778943600000,2026-05-16T15:00:00.000Z,78114.9,78277,78057.6,78218.3,849.1794,66377463.26315
1778947200000,2026-05-16T16:00:00.000Z,78218.3,78355.6,78100,78187.7,853.1988,66743642.64939
1778950800000,2026-05-16T17:00:00.000Z,78187.7,78306.7,78179.1,78182.9,376.8701,29489795.36193
1778954400000,2026-05-16T18:00:00.000Z,78182.9,78317.1,78131.4,78219.2,528.6464,41347253.70668
1778958000000,2026-05-16T19:00:00.000Z,78219.2,78288.3,78189.8,78241.9,163.7989,12816782.13325
1778961600000,2026-05-16T20:00:00.000Z,78241.9,78310,78182.8,78236,237.7191,18601819.5651
1778965200000,2026-05-16T21:00:00.000Z,78236,78295.4,78191.5,78248.6,264.5025,20698727.14349
1778968800000,2026-05-16T22:00:00.000Z,78248.6,78264,78152,78161,206.308,16134566.24788
1778972400000,2026-05-16T23:00:00.000Z,78161,78250,78101.2,78121.7,264.4342,20670415.18912
1778976000000,2026-05-17T00:00:00.000Z,78121.7,78228,77777.5,77927.9,917.7819,71597178.85304
1778979600000,2026-05-17T01:00:00.000Z,77927.9,78094.1,77700,77702.5,1647.4411,128292419.88447
1778983200000,2026-05-17T02:00:00.000Z,77702.5,77916.8,77700,77870.1,864.594,67305018.59052
1778986800000,2026-05-17T03:00:00.000Z,77870.1,78064,77862.3,77992.6,618.2182,48212305.41965
1778990400000,2026-05-17T04:00:00.000Z,77992.6,78175,77970.6,78125.6,551.87,43099176.94086
1778994000000,2026-05-17T05:00:00.000Z,78125.6,78295.2,78076.9,78096,642.7379,50249032.59545
1778997600000,2026-05-17T06:00:00.000Z,78096,78178,77982.4,78077.6,330.915,25832428.34336
1779001200000,2026-05-17T07:00:00.000Z,78077.6,78177.9,78022.2,78149.7,288.9597,22570761.39481
1779004800000,2026-05-17T08:00:00.000Z,78149.7,78166.3,78000.7,78062.2,443.1337,34600383.74001
1779008400000,2026-05-17T09:00:00.000Z,78062.2,78270.9,78050,78221.4,461.2437,36048809.42762
1779012000000,2026-05-17T10:00:00.000Z,78221.4,78569.9,78213.8,78433.5,1799.5841,141121957.93689
1779015600000,2026-05-17T11:00:00.000Z,78433.5,78445,78261,78380,718.2142,56269297.67816
1779019200000,2026-05-17T12:00:00.000Z,78380,78529.1,78289.5,78330.1,593.4977,46535920.05197
1779022800000,2026-05-17T13:00:00.000Z,78330.1,78330.1,78135.3,78170.8,864.8644,67656314.41662
1779026400000,2026-05-17T14:00:00.000Z,78170.8,78181.6,77800,78016.2,1797.7988,140190636.28522
1779030000000,2026-05-17T15:00:00.000Z,78016.2,78089,77879.5,78013.2,590.9763,46098051.60674
1779033600000,2026-05-17T16:00:00.000Z,78013.2,78160,77992,77999.9,513.8284,40116152.89937
1779037200000,2026-05-17T17:00:00.000Z,77999.9,78064.9,77816.4,78054.5,745.3206,58089820.08571
1779040800000,2026-05-17T18:00:00.000Z,78054.5,78246.5,77971.4,78233,7124.9863,556530460.96081
1779044400000,2026-05-17T19:00:00.000Z,78233,78447.4,78180.2,78379.3,1311.0142,102633168.78995
1779048000000,2026-05-17T20:00:00.000Z,78379.3,78412.6,78208.4,78234.2,639.4321,50056202.46382
1779051600000,2026-05-17T21:00:00.000Z,78234.2,78457.3,78203.2,78371,936.8898,73424737.56065
1779055200000,2026-05-17T22:00:00.000Z,78371,78380.6,77786,77973.7,2097.9145,163741254.14101
1779058800000,2026-05-17T23:00:00.000Z,77973.7,77980.8,76685.3,77424.3,7776.6828,600894380.99825
1779062400000,2026-05-18T00:00:00.000Z,77424.3,77449.8,76880,77180.2,3652.4832,281603472.4348
1779066000000,2026-05-18T01:00:00.000Z,77180.2,77262.9,76716.4,77094.1,3744.981,288232586.09127
1779069600000,2026-05-18T02:00:00.000Z,77094.1,77196.8,76676.4,76812.6,2225.3139,171191007.81495
1779073200000,2026-05-18T03:00:00.000Z,76812.6,77000,76788.3,76909.2,1129.6599,86889289.33688
1779076800000,2026-05-18T04:00:00.000Z,76909.2,77046.9,76756,77016,1678.9393,129120757.95324
1779080400000,2026-05-18T05:00:00.000Z,77016,77060,76858.2,76893.1,851.3022,65514051.85099
1779084000000,2026-05-18T06:00:00.000Z,76893.1,76955.1,76555,76896.7,2502.5371,192066270.84893
1779087600000,2026-05-18T07:00:00.000Z,76896.7,77072.6,76740.1,77044.7,1536.9112,118278472.41634
1779091200000,2026-05-18T08:00:00.000Z,77044.7,77170,76860,77010,1427.7436,109960577.81564
1779094800000,2026-05-18T09:00:00.000Z,77010,77030,76855,76910.4,600.9296,46228231.33778
1779098400000,2026-05-18T10:00:00.000Z,76910.4,76933,76688.4,76747.9,1059.5009,81359513.85141
1779102000000,2026-05-18T11:00:00.000Z,76747.9,77388,76641.5,77265,2209.82,170415713.3863
1779105600000,2026-05-18T12:00:00.000Z,77265,77765,77254.7,77614.6,3476.7611,269424170.64359
1779109200000,2026-05-18T13:00:00.000Z,77614.6,77618.1,76661.2,76920,4412.4481,339960658.88111
1779112800000,2026-05-18T14:00:00.000Z,76920,76933,76200,76373.2,6821.3674,522047148.17739
1779116400000,2026-05-18T15:00:00.000Z,76373.2,76470.8,76010,76398.6,4355.9583,331947777.49592
1779120000000,2026-05-18T16:00:00.000Z,76398.6,76641.9,76193.2,76392.7,1986.6017,151835032.0039
1779123600000,2026-05-18T17:00:00.000Z,76392.7,76735,76343,76680.1,1721.8301,131911904.16704
1779127200000,2026-05-18T18:00:00.000Z,76680.1,76680.1,76112.6,76221.2,1628.0503,124213716.9171
1779130800000,2026-05-18T19:00:00.000Z,76221.2,76982,76200,76896,2889.0536,221626739.85183
1779134400000,2026-05-18T20:00:00.000Z,76896,77153,76840,76872.9,1563.7332,120409602.22153
1779138000000,2026-05-18T21:00:00.000Z,76872.9,77149,76757.7,77060.2,823.3336,63350856.15663
1779141600000,2026-05-18T22:00:00.000Z,77060.2,77197.9,76880.9,77038.2,1016.3156,78315288.77789
1779145200000,2026-05-18T23:00:00.000Z,77038.2,77127.1,76900,76958.9,608.5155,46866557.21181
1779148800000,2026-05-19T00:00:00.000Z,76958.9,77379.4,76904.6,77101.9,1458.769,112536981.71676
1779152400000,2026-05-19T01:00:00.000Z,77101.9,77115.5,76625.9,76628.8,1729.411,132894589.14511
1779156000000,2026-05-19T02:00:00.000Z,76628.8,76977.5,76441.1,76580,1293.9186,99232839.74231
1779159600000,2026-05-19T03:00:00.000Z,76580,76839.5,76553.1,76752.8,687.3668,52743126.54333
1779163200000,2026-05-19T04:00:00.000Z,76752.8,76913.1,76658.5,76892,724.0598,55609204.66946
1779166800000,2026-05-19T05:00:00.000Z,76892,76970.8,76600.4,76871,880.7499,67632959.46886
1779170400000,2026-05-19T06:00:00.000Z,76871,77064.3,76850,76988,963.5586,74168539.20894
1779174000000,2026-05-19T07:00:00.000Z,76988,77240.8,76930,77194.2,1705.9457,131571180.75968
1779177600000,2026-05-19T08:00:00.000Z,77194.2,77281.6,76923.4,77009.3,1752.8493,135116633.34303
1779181200000,2026-05-19T09:00:00.000Z,77009.3,77030.7,76666.2,76780.1,1609.8194,123667133.80645
1779184800000,2026-05-19T10:00:00.000Z,76780.1,77069.8,76666,77008.4,1314.22,100982620.1023
1779188400000,2026-05-19T11:00:00.000Z,77008.4,77044.4,76589.5,76680.1,1144.0684,87865710.35561
1779192000000,2026-05-19T12:00:00.000Z,76680.1,76949.7,76611.2,76905.9,842.5221,64718275.09931
1779195600000,2026-05-19T13:00:00.000Z,76905.9,77024.5,76558.9,76843.9,2726.6749,209375293.56522
1779199200000,2026-05-19T14:00:00.000Z,76843.9,76980,76115,76373,4490.656,343168855.8296
1779202800000,2026-05-19T15:00:00.000Z,76373,76668,76310.8,76505.7,2476.7547,189501068.8229
1779206400000,2026-05-19T16:00:00.000Z,76505.7,76900,76386.4,76870.8,1850.2281,141869919.27589
1779210000000,2026-05-19T17:00:00.000Z,76870.8,76995.3,76724,76825.2,1565.056,120322848.43959
1779213600000,2026-05-19T18:00:00.000Z,76825.2,76920,76709,76775.8,754.3754,57946489.13017
1779217200000,2026-05-19T19:00:00.000Z,76775.8,77048.4,76735,76788.1,1049.5861,80710522.78189
1779220800000,2026-05-19T20:00:00.000Z,76788.1,77001,76788,76984.4,673.805,51819433.08599
1779224400000,2026-05-19T21:00:00.000Z,76984.4,77009,76938,76945.6,333.6134,25681160.89909
1779228000000,2026-05-19T22:00:00.000Z,76945.6,76945.6,76613.1,76687.4,1058.6953,81245836.36831
1779231600000,2026-05-19T23:00:00.000Z,76687.4,76950,76640,76803.8,454.351,34910642.17772
1779235200000,2026-05-20T00:00:00.000Z,76803.8,76869,76480,76763.1,1070.2459,82030936.7997
1779238800000,2026-05-20T01:00:00.000Z,76763.1,76900,76510,76786.9,1384.0981,106206555.54662
1779242400000,2026-05-20T02:00:00.000Z,76786.9,76882,76571.4,76659.4,919.0014,70504742.22681
1779246000000,2026-05-20T03:00:00.000Z,76659.4,76800,76580,76693.6,430.3987,33007204.04588
1779249600000,2026-05-20T04:00:00.000Z,76693.6,76807,76660,76752.7,399.5983,30670205.92033
1779253200000,2026-05-20T05:00:00.000Z,76752.7,77293.1,76752.7,77161,2290.7124,176624813.18436
1779256800000,2026-05-20T06:00:00.000Z,77161,77377.7,77150.1,77369.9,1075.6618,83117018.83039
1779260400000,2026-05-20T07:00:00.000Z,77369.9,77433,77193.2,77240.5,994.3871,76878656.63874
1779264000000,2026-05-20T08:00:00.000Z,77240.5,77600,77163.3,77416.6,1534.9706,118809191.16123
1779267600000,2026-05-20T09:00:00.000Z,77416.6,77506,77323.7,77445.9,746.7627,57821189.19196
1779271200000,2026-05-20T10:00:00.000Z,77445.9,77633.7,77445.9,77471.8,838.7059,65038508.81391
1779274800000,2026-05-20T11:00:00.000Z,77471.8,77525.7,77277.5,77344.9,820.9358,63530041.73713
1779278400000,2026-05-20T12:00:00.000Z,77344.9,77714.9,77320,77585.2,916.2769,71026679.9637
1779282000000,2026-05-20T13:00:00.000Z,77585.2,77614.8,76930,77180,2912.4625,224824128.48622
1779285600000,2026-05-20T14:00:00.000Z,77180,77548.8,76856.8,77420,3286.0069,253950878.50975
1779289200000,2026-05-20T15:00:00.000Z,77420,77849.9,77278,77429.9,3132.771,243070134.34034
1779292800000,2026-05-20T16:00:00.000Z,77429.9,77539,76984.3,77311.5,1969.0066,152068434.42805
1779296400000,2026-05-20T17:00:00.000Z,77311.5,77688.7,77202.6,77542.5,1289.048,99891344.92696
1779300000000,2026-05-20T18:00:00.000Z,77542.5,77605,77351.2,77383.5,767.789,59483840.27988
1779303600000,2026-05-20T19:00:00.000Z,77383.5,77676.3,77312.7,77637.9,788.1994,61112656.45558
1779307200000,2026-05-20T20:00:00.000Z,77637.9,77736.1,77442.1,77680.1,1297.8459,100752735.18699
1779310800000,2026-05-20T21:00:00.000Z,77680.1,77739,77475,77475.1,406.71,31569117.31961
1779314400000,2026-05-20T22:00:00.000Z,77475.1,77479,77191.2,77479,682.8901,52822538.59792
1779318000000,2026-05-20T23:00:00.000Z,77479,77530,77350,77519.4,329.8434,25540850.77528
1779321600000,2026-05-21T00:00:00.000Z,77519.4,78044,77481,77923.9,2581.2714,200942250.19387
1779325200000,2026-05-21T01:00:00.000Z,77923.9,78149.4,77759,77816.4,1939.1492,151137547.2631
1779328800000,2026-05-21T02:00:00.000Z,77816.4,78054.7,77780,77910.2,1033.6421,80585233.25899
1779332400000,2026-05-21T03:00:00.000Z,77910.2,78053,77860.1,78029.4,867.2464,67605412.3366
1779336000000,2026-05-21T04:00:00.000Z,78029.4,78122,77921.3,77988.9,1461.2264,113962479.75185
1779339600000,2026-05-21T05:00:00.000Z,77988.9,78100,77659.9,77785.8,1977.7246,154046737.58417
1779343200000,2026-05-21T06:00:00.000Z,77785.8,77834.2,77483.2,77587.9,1430.3734,111096383.51547
1779346800000,2026-05-21T07:00:00.000Z,77587.9,77876.5,77500,77853.5,1305.648,101412421.1295
1779350400000,2026-05-21T08:00:00.000Z,77853.5,78185,77850,77890,2741.7098,213907820.56807
1779354000000,2026-05-21T09:00:00.000Z,77890,77951.7,77603.5,77603.5,1036.5522,80573460.11014
1779357600000,2026-05-21T10:00:00.000Z,77603.5,77657.4,77150,77180.5,2332.39,180425073.06447
1779361200000,2026-05-21T11:00:00.000Z,77180.5,77350,77038,77159.9,1660.4267,128165539.22325
1779364800000,2026-05-21T12:00:00.000Z,77159.9,77340,77041.2,77252.9,1229.1919,94884286.57107
1779368400000,2026-05-21T13:00:00.000Z,77252.9,77330,76693.2,77093.8,4233.3615,325931175.54885
1779372000000,2026-05-21T14:00:00.000Z,77093.8,77219.1,76766,76950,2031.4652,156421884.20108
1779375600000,2026-05-21T15:00:00.000Z,76950,77380.8,76867,77230,1657.7342,127907502.26017
1779379200000,2026-05-21T16:00:00.000Z,77230,77321,76970.6,77169.9,1208.1161,93234074.30247
1779382800000,2026-05-21T17:00:00.000Z,77169.9,78063,77150,77835,4140.9272,322013766.0077
1779386400000,2026-05-21T18:00:00.000Z,77835,77894.7,77200,77357.1,2309.9022,179179239.27583
1779390000000,2026-05-21T19:00:00.000Z,77357.1,77770,77335.1,77656.2,1239.5241,96150318.23755
1779393600000,2026-05-21T20:00:00.000Z,77656.2,77774.2,77606.1,77674.5,431.0625,33485553.45391
1779397200000,2026-05-21T21:00:00.000Z,77674.5,77782.7,77610.3,77639.9,461.0735,35834457.29758
1779400800000,2026-05-21T22:00:00.000Z,77639.9,77720,77522.1,77595,518.2663,40222235.54333
1779404400000,2026-05-21T23:00:00.000Z,77595,77715.7,77499.2,77584.4,818.0623,63509439.80024
1779408000000,2026-05-22T00:00:00.000Z,77584.4,77606.5,77338.3,77343.1,663.3911,51383869.3808
1779411600000,2026-05-22T01:00:00.000Z,77343.1,77636.7,77290,77577,949.6181,73531803.36178
1779415200000,2026-05-22T02:00:00.000Z,77577,77701,77562,77641.1,634.43,49254438.82192
1779418800000,2026-05-22T03:00:00.000Z,77641.1,77777,77641,77737.6,435.7002,33863418.17542
1779422400000,2026-05-22T04:00:00.000Z,77737.6,77857.7,77595,77617.6,939.6635,73057442.9162
1779426000000,2026-05-22T05:00:00.000Z,77617.6,77683,77417.3,77447.4,678.1895,52598080.18762
1779429600000,2026-05-22T06:00:00.000Z,77447.4,77490,77320,77384.9,1083.7534,83893846.65475
1779433200000,2026-05-22T07:00:00.000Z,77384.9,77511.2,77237,77366.6,1030.1452,79692634.1823
1779436800000,2026-05-22T08:00:00.000Z,77366.6,77506,77176,77234,1496.6372,115707569.52336
1779440400000,2026-05-22T09:00:00.000Z,77234,77336.1,77163.1,77273.9,924.2743,71376959.4292
1779444000000,2026-05-22T10:00:00.000Z,77273.9,77336.9,77231,77286.6,406.9941,31453448.80522
1779447600000,2026-05-22T11:00:00.000Z,77286.6,77402,77139.3,77401.9,1233.1341,95320303.63915
1779451200000,2026-05-22T12:00:00.000Z,77401.9,77558.4,77364.7,77498.7,1097.1522,84985489.43187
1779454800000,2026-05-22T13:00:00.000Z,77498.7,77527.5,77086.1,77263.3,1851.3526,143004242.25492
1779458400000,2026-05-22T14:00:00.000Z,77263.3,77263.3,76723.4,76752,4487.7504,345081193.16084
1779462000000,2026-05-22T15:00:00.000Z,76752,77012.3,76550,76772.1,3420.9112,262561141.9411
1779465600000,2026-05-22T16:00:00.000Z,76772.1,76981.3,76750,76924,809.9774,62267216.61923
1779469200000,2026-05-22T17:00:00.000Z,76924,77077,76733,76733,1365.0156,104965464.17246
1779472800000,2026-05-22T18:00:00.000Z,76733,76875,76066,76501.6,4946.4041,378009154.82341
1779476400000,2026-05-22T19:00:00.000Z,76501.6,76549.9,75600.7,75819.5,7501.4719,569455123.36019
1779480000000,2026-05-22T20:00:00.000Z,75819.5,76047.5,75780,75940,2325.8783,176526924.43653
1779483600000,2026-05-22T21:00:00.000Z,75940,76051,75890,75941.2,583.3067,44317507.7567
1779487200000,2026-05-22T22:00:00.000Z,75941.2,75945,75510,75702.4,1849.912,140034083.83013
1779490800000,2026-05-22T23:00:00.000Z,75702.4,75844.7,75320,75513.8,1926.6801,145602136.43019
1779494400000,2026-05-23T00:00:00.000Z,75513.8,75610.7,75188,75338.7,2665.9112,200865820.21952
1779498000000,2026-05-23T01:00:00.000Z,75338.7,75483.4,75321.7,75459.9,748.9051,56478726.60553
1779501600000,2026-05-23T02:00:00.000Z,75459.9,75555,75385.2,75542.4,881.3305,66526624.73596
1779505200000,2026-05-23T03:00:00.000Z,75542.4,75633.8,75530,75600,554.4115,41908748.72338
1779508800000,2026-05-23T04:00:00.000Z,75600,75620.2,75473.7,75501.6,613.1621,46320917.73246
1779512400000,2026-05-23T05:00:00.000Z,75501.6,75519.9,75440.1,75453.2,416.649,31445825.98233
1779516000000,2026-05-23T06:00:00.000Z,75453.2,75469.6,75355.4,75369.3,470.4239,35471835.27342
1779519600000,2026-05-23T07:00:00.000Z,75369.3,75409.5,74204.7,74563,7940.4077,593836878.03783
1779523200000,2026-05-23T08:00:00.000Z,74563,74711,74306.1,74644,3771.5659,281085081.31252
1779526800000,2026-05-23T09:00:00.000Z,74644,74714.6,74580,74614.3,1215.6251,90744887.40499
1779530400000,2026-05-23T10:00:00.000Z,74614.3,74751.5,74614.2,74674.9,630.602,47102657.21842
1779534000000,2026-05-23T11:00:00.000Z,74674.9,74829,74668.7,74753.3,914.0176,68332468.4017
1779537600000,2026-05-23T12:00:00.000Z,74753.3,74755.3,74616,74715.2,749.9295,56014464.68089
1779541200000,2026-05-23T13:00:00.000Z,74715.2,75214.2,74715.2,75173.5,2611.1088,195869884.58417
1779544800000,2026-05-23T14:00:00.000Z,75173.5,75655.5,75060,75490,3444.2677,259558318.12223
1779548400000,2026-05-23T15:00:00.000Z,75490,75633.7,75352.6,75478,2431.1985,183549753.629
1779552000000,2026-05-23T16:00:00.000Z,75478,75594.2,75361.4,75394,814.8719,61490519.42993
1779555600000,2026-05-23T17:00:00.000Z,75394,75474,75308.4,75444.2,719.0124,54227606.98611
1779559200000,2026-05-23T18:00:00.000Z,75444.2,75975.2,75420,75807.7,3113.103,235872996.61853
1779562800000,2026-05-23T19:00:00.000Z,75807.7,75973.1,75734.8,75942.9,995.2612,75481155.99782
1779566400000,2026-05-23T20:00:00.000Z,75942.9,77259.4,75901.5,77232.9,7780.1334,595372213.49875
1779570000000,2026-05-23T21:00:00.000Z,77232.9,77365.4,76475.1,76766.9,4707.5142,362099550.09135
1779573600000,2026-05-23T22:00:00.000Z,76766.9,76846.6,76340.6,76537.1,1405.4123,107609024.37716
1779577200000,2026-05-23T23:00:00.000Z,76537.1,76780,76482.7,76701.4,1328.262,101815528.01116
1779580800000,2026-05-24T00:00:00.000Z,76701.4,76880,76580.2,76796.9,1289.1042,98888241.86446
1779584400000,2026-05-24T01:00:00.000Z,76796.9,76875.1,76701,76842.1,940.2597,72224523.09772
1779588000000,2026-05-24T02:00:00.000Z,76842.1,76920,76658,76775.8,754.7772,57951277.40772
1779591600000,2026-05-24T03:00:00.000Z,76775.8,76967.9,76684.1,76696.5,893.8273,68658453.81011
1779595200000,2026-05-24T04:00:00.000Z,76696.5,76809.5,76684,76734.2,446.3552,34251333.30593
1779598800000,2026-05-24T05:00:00.000Z,76734.2,76819.4,76598.7,76768.4,662.792,50831184.16392
1779602400000,2026-05-24T06:00:00.000Z,76768.4,77022,76672,76941.5,937.5051,72069839.63725
1779606000000,2026-05-24T07:00:00.000Z,76941.5,76973.4,76736.8,76761.2,647.9122,49791648.52623
1779609600000,2026-05-24T08:00:00.000Z,76761.2,76815,76684.8,76792.9,394.9182,30312536.63329
1779613200000,2026-05-24T09:00:00.000Z,76792.9,77000,76770.9,76979,645.4618,49635534.90419
1779616800000,2026-05-24T10:00:00.000Z,76979,77488,76875.6,77145.2,2352.3094,181529080.03052
1779620400000,2026-05-24T11:00:00.000Z,77145.2,77310.6,77140,77273.9,990.3592,76495375.13131
1779624000000,2026-05-24T12:00:00.000Z,77273.9,77286.2,76998.3,77072.7,875.3298,67485542.41918
1779627600000,2026-05-24T13:00:00.000Z,77072.7,77080.3,76641,76761.2,1276.7769,98132247.84865
1779631200000,2026-05-24T14:00:00.000Z,76761.2,76805.8,76155.5,76434.8,4573.1835,349606916.27212
1779634800000,2026-05-24T15:00:00.000Z,76434.8,76519.7,76327.2,76342.9,790.4946,60414407.77881
1779638400000,2026-05-24T16:00:00.000Z,76342.9,76710,76342.9,76641.7,1612.5076,123468572.9898
1779642000000,2026-05-24T17:00:00.000Z,76641.7,76766,76525.3,76660.1,1082.0888,82947561.40837
1779645600000,2026-05-24T18:00:00.000Z,76660.1,76757.7,76554.6,76630.1,683.7431,52396751.75926
1779649200000,2026-05-24T19:00:00.000Z,76630.1,76750.9,76570,76735.5,332.6024,25498578.68089
1779652800000,2026-05-24T20:00:00.000Z,76735.5,76763.6,76554.6,76629.9,467.285,35816081.11702
1779656400000,2026-05-24T21:00:00.000Z,76629.9,76716.5,76009,76099,3156.487,240657332.38636
1779660000000,2026-05-24T22:00:00.000Z,76099,76991.7,76079.6,76770,3489.6675,267658910.14368
1779663600000,2026-05-24T23:00:00.000Z,76770,77188,76769.9,77030,1910.742,147135094.95233
1779667200000,2026-05-25T00:00:00.000Z,77030,77260.4,77030,77115.7,1360.7281,104952882.57196
1779670800000,2026-05-25T01:00:00.000Z,77115.7,77212.7,76867.5,76899.9,1420.0855,109420816.7001
1779674400000,2026-05-25T02:00:00.000Z,76899.9,77450,76899.9,77062.9,1656.5552,127919589.26719
1779678000000,2026-05-25T03:00:00.000Z,77062.9,77125.8,76955.9,76978.8,551.0765,42451099.66476
1779681600000,2026-05-25T04:00:00.000Z,76978.8,77410,76940,77345.3,983.3871,75917145.62046
1779685200000,2026-05-25T05:00:00.000Z,77345.3,77450,77270.1,77358,1310.6992,101405124.87583
1779688800000,2026-05-25T06:00:00.000Z,77358,77599,77168.7,77377.4,1916.4455,148316147.23898
1779692400000,2026-05-25T07:00:00.000Z,77377.4,77478,77127,77362.3,904.4747,69891200.65863
1779696000000,2026-05-25T08:00:00.000Z,77362.3,77424.2,77230.3,77411.1,555.6613,42965118.88844
1779699600000,2026-05-25T09:00:00.000Z,77411.1,77663.1,77377.9,77554.7,1543.5406,119670132.35033
1779703200000,2026-05-25T10:00:00.000Z,77554.7,77637.9,77434.7,77490.1,853.8695,66199506.51979
1779706800000,2026-05-25T11:00:00.000Z,77490.1,77490.1,77280,77309.9,898.5637,69538376.0011
1779710400000,2026-05-25T12:00:00.000Z,77309.9,77393.8,77231.4,77314.5,953.6051,73718132.29309
1779714000000,2026-05-25T13:00:00.000Z,77314.5,77416.4,77231.2,77298,551.2654,42611564.98341
1779717600000,2026-05-25T14:00:00.000Z,77298,77743.1,77266,77675.3,2199.6634,170570638.14477
1779721200000,2026-05-25T15:00:00.000Z,77675.3,77872,77512,77585.1,1888.8297,146734625.27983
1779724800000,2026-05-25T16:00:00.000Z,77585.1,77777,77458.1,77690,1002.33,77776839.80778
1779728400000,2026-05-25T17:00:00.000Z,77690,77767.2,77503,77513.1,586.5717,45534151.525
1779732000000,2026-05-25T18:00:00.000Z,77513.1,77619,77500.1,77500.7,269.6551,20915636.09854
1779735600000,2026-05-25T19:00:00.000Z,77500.7,77505.7,77304,77392.3,751.5161,58163626.47339
1779739200000,2026-05-25T20:00:00.000Z,77392.3,77459.7,77160.1,77233.3,823.8772,63673091.76464
1779742800000,2026-05-25T21:00:00.000Z,77233.3,77357.3,77233.3,77333.7,368.508,28482822.18889
1779746400000,2026-05-25T22:00:00.000Z,77333.7,77414.3,76979.3,77078.5,1123.1717,86665082.33533
1779750000000,2026-05-25T23:00:00.000Z,77078.5,77336.4,77029.5,77280.1,448.9113,34672458.76509
1779753600000,2026-05-26T00:00:00.000Z,77280.1,77312.3,76531.2,76754.6,2924.9467,224715669.90181
1779757200000,2026-05-26T01:00:00.000Z,76754.6,76857.1,76555.6,76722.1,1623.2118,124514547.74676
1779760800000,2026-05-26T02:00:00.000Z,76722.1,76784.8,76471,76629.9,1022.5476,78366389.00294
1779764400000,2026-05-26T03:00:00.000Z,76629.9,76680,76434,76629.4,985.8666,75493220.70157
1779768000000,2026-05-26T04:00:00.000Z,76629.4,76787.8,76565.9,76714.5,963.1892,73846982.04524
1779771600000,2026-05-26T05:00:00.000Z,76714.5,76959,76680,76884.3,810.0664,62237572.38981
1779775200000,2026-05-26T06:00:00.000Z,76884.3,77026.7,76730,76860.2,936.9085,72032333.22959
1779778800000,2026-05-26T07:00:00.000Z,76860.2,76881,76558,76683.3,1151.8342,88303106.55976
1779782400000,2026-05-26T08:00:00.000Z,76683.3,76820,76651,76688.6,858.642,65892765.04235
1779786000000,2026-05-26T09:00:00.000Z,76688.6,76769.9,76603.3,76635.9,758.8027,58179998.15274
1779789600000,2026-05-26T10:00:00.000Z,76635.9,77595.6,76528.1,77400.6,3956.5774,305520437.88111
1779793200000,2026-05-26T11:00:00.000Z,77400.6,77475,77141,77155.1,1379.8026,106608581.96984
1779796800000,2026-05-26T12:00:00.000Z,77155.1,77200,76843.7,77099.9,1865.8961,143680080.86798
1779800400000,2026-05-26T13:00:00.000Z,77099.9,77435.8,76644.9,77200,3883.9782,298993891.01716
1779804000000,2026-05-26T14:00:00.000Z,77200,78049.1,76677,76874,8385.5712,648577325.48339
1779807600000,2026-05-26T15:00:00.000Z,76874,76998.3,76230,76475.4,4932.1096,377489103.12448
1779811200000,2026-05-26T16:00:00.000Z,76475.4,76688.2,76166.4,76533.3,2616.575,200061726.74142
1779814800000,2026-05-26T17:00:00.000Z,76533.3,76623.8,75810.8,75900.2,4449.6273,338395669.37041
1779818400000,2026-05-26T18:00:00.000Z,75900.2,76249.5,75737.6,75810,2074.1225,157577306.97851
1779822000000,2026-05-26T19:00:00.000Z,75810,76073.7,75770,76026.7,1295.8114,98358702.2133
1779825600000,2026-05-26T20:00:00.000Z,76026.7,76150,75946,76077.8,762.3896,57973850.23368
1779829200000,2026-05-26T21:00:00.000Z,76077.8,76087,75810.1,75859.1,698.8551,53066890.60786
1779832800000,2026-05-26T22:00:00.000Z,75859.1,75970.7,75630.1,75720,1306.6204,98973795.16897
1779836400000,2026-05-26T23:00:00.000Z,75720,75965.5,75720,75897.8,701.6169,53233644.22603
1779840000000,2026-05-27T00:00:00.000Z,75897.8,76063,75850,76050,922.5694,70070782.70683
1779843600000,2026-05-27T01:00:00.000Z,76050,76088,75784.9,75839.8,1147.4695,87110284.81901
1779847200000,2026-05-27T02:00:00.000Z,75839.8,75865.9,75630,75842.2,910.8798,68980736.7503
1779850800000,2026-05-27T03:00:00.000Z,75842.2,75933.2,75545.2,75625.9,1228.7783,93001992.24206
1779854400000,2026-05-27T04:00:00.000Z,75625.9,75673.8,75254.8,75537.7,2715.483,204844426.78979
1779858000000,2026-05-27T05:00:00.000Z,75537.7,75713.1,75537.6,75668.4,887.2949,67097873.81626
1779861600000,2026-05-27T06:00:00.000Z,75668.4,75870.9,75650,75800,796.6427,60340616.34269
1779865200000,2026-05-27T07:00:00.000Z,75800,75937.2,75720,75932.3,949.1392,71984443.36027
1779868800000,2026-05-27T08:00:00.000Z,75932.3,76033,75800,75832,1284.7056,97539076.87687
1779872400000,2026-05-27T09:00:00.000Z,75832,75935,75664.6,75871.1,1154.9122,87535112.38489
1779876000000,2026-05-27T10:00:00.000Z,75871.1,76001.5,75829.1,75860.3,791.256,60061136.3516
1779879600000,2026-05-27T11:00:00.000Z,75860.3,75989.9,75720,75730,811.6902,61568335.13547
1779883200000,2026-05-27T12:00:00.000Z,75730,76139,75530,75651.3,2963.8882,224709099.57069
1779886800000,2026-05-27T13:00:00.000Z,75651.3,75736.1,74837,75055.9,6504.7192,488843177.76268
1779890400000,2026-05-27T14:00:00.000Z,75055.9,75257.2,74730,75010,3419.3823,256452555.72607
1779894000000,2026-05-27T15:00:00.000Z,75010,75484,74951.8,75296.8,2584.9989,194541886.09433
1779897600000,2026-05-27T16:00:00.000Z,75296.8,75380,74956.5,75275.9,1531.949,115110657.63958
1779901200000,2026-05-27T17:00:00.000Z,75275.9,75327.6,74637.7,74828.2,2793.2435,209361835.616
1779904800000,2026-05-27T18:00:00.000Z,74828.2,75010.2,74612,75000,1537.1431,115012248.71675
1779908400000,2026-05-27T19:00:00.000Z,75000,75079,74915.7,75034.2,928.4572,69641697.26551
1779912000000,2026-05-27T20:00:00.000Z,75034.2,75388,75020.1,75240.1,1341.9179,100927403.00022
1779915600000,2026-05-27T21:00:00.000Z,75240.1,75240.1,74311,74444.9,3214.1195,239742320.35261
1779919200000,2026-05-27T22:00:00.000Z,74444.9,74747.3,74236.8,74399.4,2531.079,188547811.60136
1779922800000,2026-05-27T23:00:00.000Z,74399.4,74549.9,74208.1,74420,1736.4426,129102360.87865
1779926400000,2026-05-28T00:00:00.000Z,74420,74560,74340,74543.5,943.2242,70264050.28962
1779930000000,2026-05-28T01:00:00.000Z,74543.5,74565.5,74123,74317.2,2102.9198,156186770.23825
1779933600000,2026-05-28T02:00:00.000Z,74317.2,74382.8,74077.7,74260.2,1190.0699,88324284.34424
1779937200000,2026-05-28T03:00:00.000Z,74260.2,74353.5,73038.4,73232.9,9721.7444,714965502.36432
1779940800000,2026-05-28T04:00:00.000Z,73232.9,73232.9,72700,73151.5,5147.9799,375806605.5065
1779944400000,2026-05-28T05:00:00.000Z,73151.5,73151.5,72879.4,72961.2,1236.9809,90279378.23527
1779948000000,2026-05-28T06:00:00.000Z,72961.2,73189.9,72732.9,73175.1,1793.548,130890415.34589
1779951600000,2026-05-28T07:00:00.000Z,73175.1,73490.1,73122.3,73460.1,1573.8574,115390765.48709
1779955200000,2026-05-28T08:00:00.000Z,73460.1,73476.3,73175.6,73286.9,1509.6276,110645571.63485
1779958800000,2026-05-28T09:00:00.000Z,73286.9,73535,73225.1,73512.9,1377.9438,101186608.24162
1779962400000,2026-05-28T10:00:00.000Z,73512.9,73597.3,73313.7,73367.8,1083.6079,79593722.8713
1779966000000,2026-05-28T11:00:00.000Z,73367.8,73504.2,73280,73473.7,749.9415,55033620.92352
1779969600000,2026-05-28T12:00:00.000Z,73473.7,73560.7,73208.3,73491.2,1374.5838,100907258.90854
1779973200000,2026-05-28T13:00:00.000Z,73491.2,73545,72739.1,72990.4,4220.9814,308185633.53969
1779976800000,2026-05-28T14:00:00.000Z,72990.4,73552,72550.1,72997.9,7694.5685,561465970.03573
1779980400000,2026-05-28T15:00:00.000Z,72997.9,73150,72660.2,72902.3,2366.1184,172475280.21821
1779984000000,2026-05-28T16:00:00.000Z,72902.3,73421,72701.9,73417.6,2384.3831,174367329.01642
1779987600000,2026-05-28T17:00:00.000Z,73417.6,73700,73277,73512.2,2015.8178,148145742.01883
1779991200000,2026-05-28T18:00:00.000Z,73512.2,73704.7,73488.8,73624,1189.4275,87547676.66062
1779994800000,2026-05-28T19:00:00.000Z,73624,73624,73343.6,73387.2,1105.9434,81233081.62044
1779998400000,2026-05-28T20:00:00.000Z,73387.2,73689.4,73203.3,73547,1441.2954,105884125.47397
1780002000000,2026-05-28T21:00:00.000Z,73547,73888,73521,73783.5,1298.0698,95724953.80039
1780005600000,2026-05-28T22:00:00.000Z,73783.5,73914.2,73413,73440,1002.1455,73798026.3542
1780009200000,2026-05-28T23:00:00.000Z,73440,73687.5,73439.9,73590.1,511.1617,37602571.67642
1780012800000,2026-05-29T00:00:00.000Z,73590.1,73832.5,73590,73690,812.6918,59922814.49188
1780016400000,2026-05-29T01:00:00.000Z,73690,73844,73431.9,73553.4,1199.7293,88308205.724
1780020000000,2026-05-29T02:00:00.000Z,73553.4,73620,73144.4,73190,1425.9511,104606190.27767
1780023600000,2026-05-29T03:00:00.000Z,73190,73429.5,73190,73264.9,859.9498,63058634.5729
1780027200000,2026-05-29T04:00:00.000Z,73264.9,73480,73175,73468.1,715.1438,52425432.43578
1780030800000,2026-05-29T05:00:00.000Z,73468.1,73685.6,73458,73660,1040.1549,76523854.47165
1780034400000,2026-05-29T06:00:00.000Z,73660,73897.5,73590.6,73746.9,861.94,63553274.35006
1780038000000,2026-05-29T07:00:00.000Z,73746.9,73786.3,73340,73485.8,1094.4768,80476109.44543
1780041600000,2026-05-29T08:00:00.000Z,73485.8,73792,73471.1,73619.9,870.1522,64114765.85088
1780045200000,2026-05-29T09:00:00.000Z,73619.9,73862.7,73609.9,73701.5,794.5269,58619492.5617
1780048800000,2026-05-29T10:00:00.000Z,73701.5,73701.6,73536.3,73599,642.4482,47299056.87319
1780052400000,2026-05-29T11:00:00.000Z,73599,73665.5,73300.6,73444.1,739.6012,54332186.28164
1780056000000,2026-05-29T12:00:00.000Z,73444.1,73444.1,73173.4,73264.1,1481.6956,108576823.4381
1780059600000,2026-05-29T13:00:00.000Z,73264.1,73329.4,72864.2,73120.8,3310.335,241972410.0762
1780063200000,2026-05-29T14:00:00.000Z,73120.8,73179,72476.5,73066.5,8087.6864,589180757.69228
1780066800000,2026-05-29T15:00:00.000Z,73066.5,74161.5,72975.3,73768,8350.4516,615296487.43736
1780070400000,2026-05-29T16:00:00.000Z,73768,74086.9,73505.6,74005.3,3295.6503,243419524.49906
1780074000000,2026-05-29T17:00:00.000Z,74005.3,74287,73874.6,73942.2,3192.4038,236722617.77846
1780077600000,2026-05-29T18:00:00.000Z,73942.2,74026.2,73145.6,73344.9,3162.8567,232590258.71368
1780081200000,2026-05-29T19:00:00.000Z,73344.9,73700,73206.6,73491,1388.2815,102014294.54914
1780084800000,2026-05-29T20:00:00.000Z,73491,73733.3,73479.1,73646.3,532.7867,39232769.80024
1780088400000,2026-05-29T21:00:00.000Z,73646.3,73829.1,73375,73385.1,600.9958,44227813.35508
1780092000000,2026-05-29T22:00:00.000Z,73385.1,73551.5,73344.7,73455.1,978.105,71834158.48579
1780095600000,2026-05-29T23:00:00.000Z,73455.1,73487,73284,73436.5,545.3131,40012725.77226
1780099200000,2026-05-30T00:00:00.000Z,73436.5,73557.3,73375.1,73471.4,580.3436,42651043.83088
1780102800000,2026-05-30T01:00:00.000Z,73471.4,73638.9,73443,73635,554.8269,40817999.24308
1780106400000,2026-05-30T02:00:00.000Z,73635,73755,73581.1,73755,470.0262,34630377.38881
1780110000000,2026-05-30T03:00:00.000Z,73755,73763.5,73490,73499.1,564.3768,41547377.46095
1780113600000,2026-05-30T04:00:00.000Z,73499.1,73549.9,73170,73373.9,1167.9339,85621434.89272
1780117200000,2026-05-30T05:00:00.000Z,73373.9,73619.1,73314.7,73567,1284.6705,94428215.73985
1780120800000,2026-05-30T06:00:00.000Z,73567,73675.1,73490,73541.5,1189.4524,87487413.85208
1780124400000,2026-05-30T07:00:00.000Z,73541.5,73556.2,73442.3,73514,397.4726,29209058.97284
1780128000000,2026-05-30T08:00:00.000Z,73514,73520,73465,73485,274.1309,20146731.76614
1780131600000,2026-05-30T09:00:00.000Z,73485,73574.9,73463,73566,352.1429,25891431.84375
1780135200000,2026-05-30T10:00:00.000Z,73566,73647.7,73547.8,73614.4,386.435,28442327.00563
1780138800000,2026-05-30T11:00:00.000Z,73614.4,73617.2,73521.5,73563,343.7589,25288496.20812
1780142400000,2026-05-30T12:00:00.000Z,73563,73687.2,73555.7,73659.7,344.0424,25328827.03944
1780146000000,2026-05-30T13:00:00.000Z,73659.7,73800,73629.3,73789.9,740.3349,54582571.17707
1780149600000,2026-05-30T14:00:00.000Z,73789.9,74060,73774.4,73890,1646.4432,121727294.85094
1780153200000,2026-05-30T15:00:00.000Z,73890,74000,73795.4,73885,922.5086,68155971.27578
1780156800000,2026-05-30T16:00:00.000Z,73885,73940.2,73834.3,73896.6,367.6832,27167633.17471
1780160400000,2026-05-30T17:00:00.000Z,73896.6,73988,73767,73975,535.8223,39594108.76561
1780164000000,2026-05-30T18:00:00.000Z,73975,74088,73903.6,73996.5,567.9103,42033888.37176
1780167600000,2026-05-30T19:00:00.000Z,73996.5,74029.8,73930,73966.3,306.1114,22646234.35558
1780171200000,2026-05-30T20:00:00.000Z,73966.3,73978.1,73881.3,73933.9,437.729,32353285.06614
1780174800000,2026-05-30T21:00:00.000Z,73933.9,74015.9,73885.1,73949.3,328.361,24279270.64632
1780178400000,2026-05-30T22:00:00.000Z,73949.3,73949.3,73750.1,73839.1,538.1603,39734176.35721
1780182000000,2026-05-30T23:00:00.000Z,73839.1,73950,73740.2,73849.9,500.7726,36975808.4861
1780185600000,2026-05-31T00:00:00.000Z,73849.9,74001.2,73809.7,73994.6,498.2429,36833063.74403
1780189200000,2026-05-31T01:00:00.000Z,73994.6,74238,73981,74012.4,1515.8208,112336526.73288
1780192800000,2026-05-31T02:00:00.000Z,74012.4,74212.2,73840.4,74049.4,782.1979,57890729.4555
1780196400000,2026-05-31T03:00:00.000Z,74049.4,74184,74022.3,74101.5,422.2839,31296423.2677
1780200000000,2026-05-31T04:00:00.000Z,74101.5,74181.9,74052.4,74136.7,277.7799,20591468.74747
1780203600000,2026-05-31T05:00:00.000Z,74136.7,74172.9,74010.8,74021.3,294.2275,21802587.7485
1780207200000,2026-05-31T06:00:00.000Z,74021.3,74073.3,73951.1,74013.1,310.5742,22980666.12403
1780210800000,2026-05-31T07:00:00.000Z,74013.1,74013.1,73793.7,73830.3,718.7415,53095107.41435
1780214400000,2026-05-31T08:00:00.000Z,73830.3,73949.9,73820,73910.9,740.528,54707539.09206
1780218000000,2026-05-31T09:00:00.000Z,73910.9,73997,73775,73815.1,595.7233,44027618.6012
1780221600000,2026-05-31T10:00:00.000Z,73815.1,73870,73680.7,73867.2,717.0889,52904895.29788
1780225200000,2026-05-31T11:00:00.000Z,73867.2,73946.3,73863.8,73914.1,305.6321,22587054.60806
1780228800000,2026-05-31T12:00:00.000Z,73914.1,73970.9,73832.9,73892.5,360.2893,26629022.29483
1780232400000,2026-05-31T13:00:00.000Z,73892.5,73996.3,73777,73840,404.2985,29870536.33958
1780236000000,2026-05-31T14:00:00.000Z,73840,73840,73467.1,73574.8,2467.7438,181656128.57795
1780239600000,2026-05-31T15:00:00.000Z,73574.8,73755,73554,73633.4,936.6211,68975962.87505
1780243200000,2026-05-31T16:00:00.000Z,73633.4,73711.3,73363.1,73506.4,1442.2807,106051425.6303
1780246800000,2026-05-31T17:00:00.000Z,73506.4,73713.6,73422.3,73686.1,630.7654,46408699.32307
1780250400000,2026-05-31T18:00:00.000Z,73686.1,73688.2,73550,73581.1,278.354,20491487.32899
1780254000000,2026-05-31T19:00:00.000Z,73581.1,73628.8,73420,73528.6,385.8508,28367218.83576
1780257600000,2026-05-31T20:00:00.000Z,73528.6,73735,73528.6,73715.8,453.088,33367037.85017
1780261200000,2026-05-31T21:00:00.000Z,73715.8,73900,73595.2,73865,826.5267,60968709.65197
1780264800000,2026-05-31T22:00:00.000Z,73865,73975,73644.2,73918.7,872.7066,64475657.34374
1780268400000,2026-05-31T23:00:00.000Z,73918.7,74170.5,73461.9,73643.8,2296.1991,169581947.28723
1780272000000,2026-06-01T00:00:00.000Z,73643.8,74058,73614.7,73848,1185.6998,87568140.70174
1780275600000,2026-06-01T01:00:00.000Z,73848,73884.6,73239.2,73271,2287.044,168167779.28707
1780279200000,2026-06-01T02:00:00.000Z,73271,73859.8,73180,73758.5,1646.6856,121139117.26601
1780282800000,2026-06-01T03:00:00.000Z,73758.5,73984,73695.6,73731.5,1359.1539,100394976.7162
1780286400000,2026-06-01T04:00:00.000Z,73731.5,73807.6,73316,73502,1486.6342,109250981.57025
1780290000000,2026-06-01T05:00:00.000Z,73502,73514,73293.4,73325.3,723.8234,53130991.87658
1780293600000,2026-06-01T06:00:00.000Z,73325.3,73348.5,72935,73112.2,2785.328,203623701.50042
1780297200000,2026-06-01T07:00:00.000Z,73112.2,73178,72670.4,72785.3,2967.996,216376862.56518
1780300800000,2026-06-01T08:00:00.000Z,72785.3,72908.5,72590,72885.1,2367.9344,172318547.40092
1780304400000,2026-06-01T09:00:00.000Z,72885.1,73078.1,72791,72868.5,1902.6205,138771509.6406
1780308000000,2026-06-01T10:00:00.000Z,72868.5,72886.8,72561.7,72731.8,1531.7943,111378147.40746
1780311600000,2026-06-01T11:00:00.000Z,72731.8,72763.7,72250.7,72472.1,3293.2106,238800973.94866
1780315200000,2026-06-01T12:00:00.000Z,72472.1,72595.1,71866.5,72211.3,6443.7321,464900460.22888
1780318800000,2026-06-01T13:00:00.000Z,72211.3,72233.5,71361.7,71712.3,8765.2643,628980942.63166
1780322400000,2026-06-01T14:00:00.000Z,71712.3,71887.6,71417.6,71570,4396.9459,314846263.20637
1780326000000,2026-06-01T15:00:00.000Z,71570,71682,71066,71128.5,5789.6472,412834051.45824
1780329600000,2026-06-01T16:00:00.000Z,71128.5,71607.6,70675,71550.3,6976.0121,495797946.06293
1780333200000,2026-06-01T17:00:00.000Z,71550.3,71786.3,71450,71625,2823.6891,202243213.38066
1780336800000,2026-06-01T18:00:00.000Z,71625,71679.9,71355,71475.4,1165.7738,83353963.5863
1780340400000,2026-06-01T19:00:00.000Z,71475.4,71650,71360.3,71576,1132.8434,81017277.09732
1780344000000,2026-06-01T20:00:00.000Z,71576,71671.9,71388,71422.5,804.5636,57572307.91579
1780347600000,2026-06-01T21:00:00.000Z,71422.5,71426.6,70907.7,71011.8,1646.8628,117111202.89367
1780351200000,2026-06-01T22:00:00.000Z,71011.8,71441.8,70805,71387.7,1421.9482,101123471.328
1780354800000,2026-06-01T23:00:00.000Z,71387.7,71571.1,71206.1,71398.4,1422.8839,101621205.9141
1780358400000,2026-06-02T00:00:00.000Z,71398.4,71404.3,71070.4,71274.9,904.268,64414138.59736
1780362000000,2026-06-02T01:00:00.000Z,71274.9,71363.6,70557.6,70628.4,3220.5817,228273205.98073
1780365600000,2026-06-02T02:00:00.000Z,70628.4,70865,70080.1,70839.9,5363.8097,377947858.82301
1780369200000,2026-06-02T03:00:00.000Z,70839.9,71028.9,70787.4,70930.5,1539.6342,109222151.14362
1780372800000,2026-06-02T04:00:00.000Z,70930.5,71025.6,70688.9,70788,1281.2011,90824759.45266
1780376400000,2026-06-02T05:00:00.000Z,70788,70824.9,70232.5,70249.4,2795.1543,196958964.1286
1780380000000,2026-06-02T06:00:00.000Z,70249.4,70429.4,69922.8,70092,3461.7316,242943415.74497
1780383600000,2026-06-02T07:00:00.000Z,70092,70255,69710.1,70095.9,3971.6078,277939604.00559
1780387200000,2026-06-02T08:00:00.000Z,70095.9,70159.9,69667,69805.3,1871.2057,130809702.53684
1780390800000,2026-06-02T09:00:00.000Z,69805.3,69835.6,69302.1,69404.9,3646.636,253461663.15229
1780394400000,2026-06-02T10:00:00.000Z,69404.9,69739.8,69330.4,69630,1997.1068,138929683.29024
1780398000000,2026-06-02T11:00:00.000Z,69630,69645.7,69383.2,69442.3,1122.8757,78029141.08178
1780401600000,2026-06-02T12:00:00.000Z,69442.3,69528,68970.5,68994.9,4786.5715,331221835.16707
1780405200000,2026-06-02T13:00:00.000Z,68994.9,69160,68737,68791.9,5225.0797,360229487.58246
1780408800000,2026-06-02T14:00:00.000Z,68791.9,68815.3,67574.3,67996.5,11329.2175,772454508.23772
1780412400000,2026-06-02T15:00:00.000Z,67996.5,68075,67040,67269.9,7539.6718,508655838.88941
1780416000000,2026-06-02T16:00:00.000Z,67269.9,68121.1,67194.9,67391.5,6342.9448,429434963.40616
1780419600000,2026-06-02T17:00:00.000Z,67391.5,67827.2,67350,67467.2,2392.4205,161593815.4698
1780423200000,2026-06-02T18:00:00.000Z,67467.2,67637.3,67100,67317.6,2257.4387,151982337.27183
1780426800000,2026-06-02T19:00:00.000Z,67317.6,67477.5,66380,67288.3,6862.8845,459246233.4645
1780430400000,2026-06-02T20:00:00.000Z,67288.3,67663,66877,67554.8,2505.1924,168564149.52883
1780434000000,2026-06-02T21:00:00.000Z,67554.8,67899.4,67374.3,67535.1,1788.5691,121005577.32487
1780437600000,2026-06-02T22:00:00.000Z,67535.1,67535.1,66206.1,66359.9,4759.2118,318015716.87788
1780441200000,2026-06-02T23:00:00.000Z,66359.9,66846.1,66158.5,66725.6,4948.5435,329026836.29485
1780444800000,2026-06-03T00:00:00.000Z,66725.6,67175,66608.6,66900.2,2252.2238,150646592.84087
1780448400000,2026-06-03T01:00:00.000Z,66900.2,67023.1,66431,66880,2357.2854,157391606.06866
1780452000000,2026-06-03T02:00:00.000Z,66880,66914,66550.7,66583.8,1075.2801,71756202.66333
1780455600000,2026-06-03T03:00:00.000Z,66583.8,66633.3,65373.4,65823.5,5886.7963,388281893.2378
1780459200000,2026-06-03T04:00:00.000Z,65823.5,66594.5,65800,66438.8,3884.9742,257814895.56066
1780462800000,2026-06-03T05:00:00.000Z,66438.8,67362,66438.8,67290,4604.8534,308556925.59844
1780466400000,2026-06-03T06:00:00.000Z,67290,67482.5,66921.4,66952.7,3020.2038,203022832.80394
1780470000000,2026-06-03T07:00:00.000Z,66952.7,67312.7,66835.9,67187.7,1594.1462,106997460.13473
1780473600000,2026-06-03T08:00:00.000Z,67187.7,67229.5,66938.8,66990.3,1521.14,101999360.51694
1780477200000,2026-06-03T09:00:00.000Z,66990.3,67298,66618.6,67037.5,3079.1895,206078768.37583
1780480800000,2026-06-03T10:00:00.000Z,67037.5,67449.9,67035,67262.1,1811.8435,121881991.46387
1780484400000,2026-06-03T11:00:00.000Z,67262.1,67342.2,67018.1,67039.9,1269.6978,85259798.56496
1780488000000,2026-06-03T12:00:00.000Z,67039.9,67140.4,66750,67051.7,2166.2164,145006642.03486
1780491600000,2026-06-03T13:00:00.000Z,67051.7,67222.1,66604.3,66879.7,3310.7333,221436174.97122
1780495200000,2026-06-03T14:00:00.000Z,66879.7,66977.1,66621.9,66841,1885.0561,125899879.68422
1780498800000,2026-06-03T15:00:00.000Z,66841,66874.9,66044.1,66050.6,5496.2061,365012301.13121
1780502400000,2026-06-03T16:00:00.000Z,66050.6,66358,65522.8,66050.7,6974.3652,459560737.09696
1780506000000,2026-06-03T17:00:00.000Z,66050.7,66172.6,65683.6,65948.9,2154.8104,142046392.37974
1780509600000,2026-06-03T18:00:00.000Z,65948.9,66148.7,65719.1,66015.6,2220.4718,146379720.8509
1780513200000,2026-06-03T19:00:00.000Z,66015.6,66040,65203.5,65433.4,3841.3052,252144214.31034
1780516800000,2026-06-03T20:00:00.000Z,65433.4,65585.4,64708.8,64973,5139.0491,334829497.50685
1780520400000,2026-06-03T21:00:00.000Z,64973,65832.9,64921.4,65743.2,3135.6655,205165290.98943
1780524000000,2026-06-03T22:00:00.000Z,65743.2,65817.3,64754.3,64888.2,3222.8783,209847963.87504
1780527600000,2026-06-03T23:00:00.000Z,64888.2,64962.5,64056,64118.6,5794.4556,373277329.80902
1780531200000,2026-06-04T00:00:00.000Z,64118.6,64405.7,62924.7,63315.8,8699.9804,553461595.24549
1780534800000,2026-06-04T01:00:00.000Z,63315.8,63474.3,62064.9,62143.1,7947.3504,498381051.14414
1780538400000,2026-06-04T02:00:00.000Z,62143.1,63594.7,61329.4,63194,11528.7246,719869265.80797
1780542000000,2026-06-04T03:00:00.000Z,63194,64498.8,63178.5,64328.5,5820.0419,372776854.69278
1780545600000,2026-06-04T04:00:00.000Z,64328.5,64732.5,64222.6,64358.8,3591.7442,231512522.37016
1780549200000,2026-06-04T05:00:00.000Z,64358.8,64358.8,63608.2,63921.7,3724.7405,238347518.5592
1780552800000,2026-06-04T06:00:00.000Z,63921.7,64450,63855.8,64008.9,2231.3601,143245635.44521
1780556400000,2026-06-04T07:00:00.000Z,64008.9,64038.6,63425.9,63566.7,4292.798,273498197.64007
1780560000000,2026-06-04T08:00:00.000Z,63566.7,63875.4,63206.6,63600.1,4823.9049,306312845.10653
1780563600000,2026-06-04T09:00:00.000Z,63600.1,63616,62674.1,63242.8,5444.8535,343346617.38362
1780567200000,2026-06-04T10:00:00.000Z,63242.8,63248,62241.5,62385.2,4822.2192,301824028.84575
1780570800000,2026-06-04T11:00:00.000Z,62385.2,62806.2,62159.3,62520,4013.4798,250456518.41908
1780574400000,2026-06-04T12:00:00.000Z,62520,63948.8,62352.2,63741.9,5796.8332,366565114.60767
1780578000000,2026-06-04T13:00:00.000Z,63741.9,64225,63014.4,64210,6984.2168,444744702.91171
1780581600000,2026-06-04T14:00:00.000Z,64210,64470.6,63755.1,63926,3821.4246,245011942.15289
1780585200000,2026-06-04T15:00:00.000Z,63926,64380.2,63654.2,63862.9,3588.4301,229586533.38357
1780588800000,2026-06-04T16:00:00.000Z,63862.9,63894.7,63415.4,63529,2550.4554,162336277.49273
1780592400000,2026-06-04T17:00:00.000Z,63529,63697.8,62910.8,63509.4,3682.6755,232980556.35756
1780596000000,2026-06-04T18:00:00.000Z,63509.4,64092.1,63113,63784.2,3269.7229,208426671.05366
1780599600000,2026-06-04T19:00:00.000Z,63784.2,64130,63505.9,63601.9,1809.0893,115414793.8087
1780603200000,2026-06-04T20:00:00.000Z,63601.9,63636.7,63147.8,63605,1578.5195,100091603.20051
1780606800000,2026-06-04T21:00:00.000Z,63605,63852.5,63031.5,63250.9,1563.1128,99202901.97548
1780610400000,2026-06-04T22:00:00.000Z,63250.9,63746.3,63158,63703.3,1847.042,117096014.40386
1780614000000,2026-06-04T23:00:00.000Z,63703.3,63902.1,63340,63853.2,1400.7612,89150509.91165
1780617600000,2026-06-05T00:00:00.000Z,63853.2,63961.6,63354.3,63393.3,1552.4061,98894163.11051
1780621200000,2026-06-05T01:00:00.000Z,63393.3,63545.5,63015,63343.7,2252.3084,142502015.03162
1780624800000,2026-06-05T02:00:00.000Z,63343.7,63415.4,62560.1,62590,3420.6543,214908781.97597
1780628400000,2026-06-05T03:00:00.000Z,62590,62865.4,62302.5,62710.5,3209.7768,200861581.14127
1780632000000,2026-06-05T04:00:00.000Z,62710.5,63634.1,62457.7,63589.2,3291.8077,207564230.99976
1780635600000,2026-06-05T05:00:00.000Z,63589.2,63665.9,62239,62296.4,4453.1735,280509616.67427
1780639200000,2026-06-05T06:00:00.000Z,62296.4,62609.1,61089.8,61917.9,12585.3608,778140928.11195
1780642800000,2026-06-05T07:00:00.000Z,61917.9,63091.2,61342.6,63069.9,6760.0009,420440537.70678
1780646400000,2026-06-05T08:00:00.000Z,63069.9,63082.8,62242.1,62424.9,3610.7671,226180462.19613
1780650000000,2026-06-05T09:00:00.000Z,62424.9,63247.3,62400.3,62823.5,3633.881,228431219.72021
1780653600000,2026-06-05T10:00:00.000Z,62823.5,62906.3,62341.6,62508.7,1997.0549,124946209.75588
1780657200000,2026-06-05T11:00:00.000Z,62508.7,62625.6,61931,61931,2698.2569,167945220.8562
1780660800000,2026-06-05T12:00:00.000Z,61931,62440.2,61580,61935.1,6466.9931,400550469.00361
1780664400000,2026-06-05T13:00:00.000Z,61935.1,62309.3,60700,60700,7942.6079,488230278.51195
1780668000000,2026-06-05T14:00:00.000Z,60700,61211.9,60300,60833.7,10355.4082,629233027.48917
1780671600000,2026-06-05T15:00:00.000Z,60833.7,61106.8,60020.2,60405.3,8217.3426,497313515.32838
1780675200000,2026-06-05T16:00:00.000Z,60405.3,61543,59740,61360.4,14925.2824,905641650.10567
1780678800000,2026-06-05T17:00:00.000Z,61360.4,61480,60622.7,60784.5,4377.7552,266560198.43145
1780682400000,2026-06-05T18:00:00.000Z,60784.5,60924.4,59105,59367.4,10387.0599,622506604.39429
1780686000000,2026-06-05T19:00:00.000Z,59367.4,60430,59087.3,60265.1,7110.7477,424474751.35083
1780689600000,2026-06-05T20:00:00.000Z,60265.1,61776.9,59901.8,61581.1,5829.4951,355466355.04165
1780693200000,2026-06-05T21:00:00.000Z,61581.1,61988.8,61374.4,61636,4845.8314,299102787.08635
1780696800000,2026-06-05T22:00:00.000Z,61636,61954.5,61176.6,61558.6,6713.1566,413390363.54597
1780700400000,2026-06-05T23:00:00.000Z,61558.6,61760.4,60475.5,61031.9,4735.3198,289833133.53899
1780704000000,2026-06-06T00:00:00.000Z,61031.9,61499.9,61017.3,61240.8,1716.1694,105155161.32465
1780707600000,2026-06-06T01:00:00.000Z,61240.8,61349.2,60915,61020.4,1454.8324,88908447.85306
1780711200000,2026-06-06T02:00:00.000Z,61020.4,61161.1,60640,60922.1,2056.8309,125208780.3085
1780714800000,2026-06-06T03:00:00.000Z,60922.1,60942.1,60488,60659,1709.7663,103795699.88943
1780718400000,2026-06-06T04:00:00.000Z,60659,60840,59450.3,60074.1,6558.8743,393608365.54169
1780722000000,2026-06-06T05:00:00.000Z,60074.1,61054.8,59582,60912.1,5023.6244,303960922.69701
1780725600000,2026-06-06T06:00:00.000Z,60912.1,61258.8,60648,60759,2550.8713,155571064.47701
1780729200000,2026-06-06T07:00:00.000Z,60759,61196.4,60693.7,60969.1,2028.3423,123603608.0893
1780732800000,2026-06-06T08:00:00.000Z,60969.1,61468.3,60839.5,61234.3,2000.3561,122524244.7101
1780736400000,2026-06-06T09:00:00.000Z,61234.3,61292,60844.2,60950.7,1955.2208,119427922.12351
1780740000000,2026-06-06T10:00:00.000Z,60950.7,60950.7,60168,60553.9,4430.1765,268057715.02356
1780743600000,2026-06-06T11:00:00.000Z,60553.9,60955.7,60520,60776.3,1515.9485,92071869.94949
1780747200000,2026-06-06T12:00:00.000Z,60776.3,61180.5,60601.7,60999.9,3397.3318,206860667.4365
1780750800000,2026-06-06T13:00:00.000Z,60999.9,61078.7,60661.6,60776.9,2184.2562,132904513.05041
1780754400000,2026-06-06T14:00:00.000Z,60776.9,60983.9,60734.7,60761.5,1129.4169,68761298.43335
1780758000000,2026-06-06T15:00:00.000Z,60761.5,60899,60355.4,60749.8,2286.8387,138663303.01671
1780761600000,2026-06-06T16:00:00.000Z,60749.8,60941.6,60428.7,60750.3,2043.0174,123972510.77215
1780765200000,2026-06-06T17:00:00.000Z,60750.3,60818,60467,60550.5,1573.5918,95399687.5617
1780768800000,2026-06-06T18:00:00.000Z,60550.5,60726.1,60370,60609.7,1267.4073,76724924.26282
1780772400000,2026-06-06T19:00:00.000Z,60609.7,60762.8,60505.1,60563.2,628.7871,38121070.91134
1780776000000,2026-06-06T20:00:00.000Z,60563.2,60730.5,60487.9,60684.8,872.6288,52872675.90366
1780779600000,2026-06-06T21:00:00.000Z,60684.8,60988.4,60673.2,60724.9,867.4694,52767861.89764
1780783200000,2026-06-06T22:00:00.000Z,60724.9,60795.2,60396.8,60516,1093.4603,66222367.82218
1780786800000,2026-06-06T23:00:00.000Z,60516,60922.1,60509.8,60851.5,1266.4935,76950513.11874
1780790400000,2026-06-07T00:00:00.000Z,60851.5,60958,60706.7,60750,990.2999,60234123.27153
1780794000000,2026-06-07T01:00:00.000Z,60750,61639.7,60723.7,61445.4,4059.8808,249083430.47994
1780797600000,2026-06-07T02:00:00.000Z,61445.4,61539.8,61150,61466.4,1668.3621,102344977.11004
1780801200000,2026-06-07T03:00:00.000Z,61466.4,61755.1,61377.1,61666,1669.4357,102846452.79053
1780804800000,2026-06-07T04:00:00.000Z,61666,61867.5,61445.7,61851,1684.1327,103837941.46603
1780808400000,2026-06-07T05:00:00.000Z,61851,62143.3,61608.6,61711.1,2885.702,178492198.36988
1780812000000,2026-06-07T06:00:00.000Z,61711.1,62242,61574.8,62067.8,2617.8259,162259810.14581
1780815600000,2026-06-07T07:00:00.000Z,62067.8,62414.8,61947.8,62360,2510.9565,156204475.75891
1780819200000,2026-06-07T08:00:00.000Z,62360,62936.8,62210,62813.6,4034.1265,252427495.8838
1780822800000,2026-06-07T09:00:00.000Z,62813.6,62874.6,62367.3,62499.9,2586.5849,161963348.16305
1780826400000,2026-06-07T10:00:00.000Z,62499.9,62540,62254.8,62339.3,1721.8136,107415768.46939
1780830000000,2026-06-07T11:00:00.000Z,62339.3,62723.8,62326.2,62595.3,1528.7271,95585857.02836
1780833600000,2026-06-07T12:00:00.000Z,62595.3,62614,61533.5,61871.8,5931.6513,367362692.56199
1780837200000,2026-06-07T13:00:00.000Z,61871.8,61888.5,61627.7,61682,1893.4056,116896836.94423
1780840800000,2026-06-07T14:00:00.000Z,61682,62294.5,61674.5,61869.4,3475.3626,215289852.29688
1780844400000,2026-06-07T15:00:00.000Z,61869.4,62188,61650,62069.9,1919.4741,118841265.99554
1780848000000,2026-06-07T16:00:00.000Z,62069.9,62300,61932.3,62053.3,1493.1518,92763138.26707
1780851600000,2026-06-07T17:00:00.000Z,62053.3,62297.8,62010.1,62125,1158.9239,72083416.5194
1780855200000,2026-06-07T18:00:00.000Z,62125,62263.6,61980.6,61996,748.0451,46474547.36438
1780858800000,2026-06-07T19:00:00.000Z,61996,62008,61150,61304.1,4862.0995,298789899.61483
1780862400000,2026-06-07T20:00:00.000Z,61304.1,61942.3,61193,61843.1,1935.1905,119322504.31004
1780866000000,2026-06-07T21:00:00.000Z,61843.1,61988.9,61617,61749.9,1877.3221,115956813.0208
1780869600000,2026-06-07T22:00:00.000Z,61749.9,64289.4,61690.4,62829.3,10699.736,675594147.08443
1780873200000,2026-06-07T23:00:00.000Z,62829.3,63437.5,62770.6,63303,2470.5907,155712297.15444
1780876800000,2026-06-08T00:00:00.000Z,63303,63844.5,63115.1,63606.7,2102.7218,133526655.47013
1780880400000,2026-06-08T01:00:00.000Z,63606.7,63620,62677.5,63189.7,2885.6298,181895899.89208
1780884000000,2026-06-08T02:00:00.000Z,63189.7,63242.6,62880,63093.1,1180.0626,74396460.42123
1780887600000,2026-06-08T03:00:00.000Z,63093.1,63437,62940.1,63099.5,1157.5854,73163637.26267
1780891200000,2026-06-08T04:00:00.000Z,63099.5,63150,62621.5,62655.4,1818.0663,114231032.04476
1780894800000,2026-06-08T05:00:00.000Z,62655.4,62800,62368,62733.5,1796.034,112372308.43483
1780898400000,2026-06-08T06:00:00.000Z,62733.5,63123,62701,62966.2,2128.651,134011227.19362
1780902000000,2026-06-08T07:00:00.000Z,62966.2,63326.1,62778.5,63256.3,2239.1209,141261081.08095
1780905600000,2026-06-08T08:00:00.000Z,63256.3,63256.3,62948.1,63102.1,934.8834,58969374.85062
1780909200000,2026-06-08T09:00:00.000Z,63102.1,63548,63091.4,63463.1,1975.8597,125164946.48793
1780912800000,2026-06-08T10:00:00.000Z,63463.1,63520,63048.8,63123.9,1968.7816,124438468.84772
1780916400000,2026-06-08T11:00:00.000Z,63123.9,63849.1,63013.4,63449.3,3156.3905,200555286.40751
1780920000000,2026-06-08T12:00:00.000Z,63449.3,63920.9,62670.7,63839.6,5425.0184,342884020.03848
1780923600000,2026-06-08T13:00:00.000Z,63839.6,63917.4,63320.2,63723.7,3114.9717,198251487.60004
1780927200000,2026-06-08T14:00:00.000Z,63723.7,64058.2,63535.1,63936.7,2208.3288,140932522.9344
1780930800000,2026-06-08T15:00:00.000Z,63936.7,64179,63673.5,63750,2971.2249,190045632.56799
1780934400000,2026-06-08T16:00:00.000Z,63750,64020,63434.8,63498,1773.6012,113008598.44568
1780938000000,2026-06-08T17:00:00.000Z,63498,63635.2,63228,63525.3,2307.8063,146363786.57397
1780941600000,2026-06-08T18:00:00.000Z,63525.3,63664.5,63306.4,63437,818.7532,51998181.76284
1780945200000,2026-06-08T19:00:00.000Z,63437,63569.9,63323,63347,565.3014,35867017.75121
1780948800000,2026-06-08T20:00:00.000Z,63347,63460.8,63122,63457.4,1359.4143,86008914.24554
1780952400000,2026-06-08T21:00:00.000Z,63457.4,63833.8,63455,63690.1,1282.7442,81685244.15826
1780956000000,2026-06-08T22:00:00.000Z,63690.1,63690.1,63177.8,63409,1633.1442,103478980.81806
1780959600000,2026-06-08T23:00:00.000Z,63409,63564.9,62945,63058.8,1393.5724,88009211.30211
1780963200000,2026-06-09T00:00:00.000Z,63058.8,63155.5,62366.7,62531.7,4494.0609,281827745.83702
1780966800000,2026-06-09T01:00:00.000Z,62531.7,62850,62517.9,62736.8,1490.8226,93491318.67141
1780970400000,2026-06-09T02:00:00.000Z,62736.8,62849.2,62508.6,62849.2,1127.2013,70652419.7136
1780974000000,2026-06-09T03:00:00.000Z,62849.2,62947.4,62670,62840.6,1254.5834,78808232.80023
1780977600000,2026-06-09T04:00:00.000Z,62840.6,63399.8,62714.2,63210.1,2303.1357,145428609.43844
1780981200000,2026-06-09T05:00:00.000Z,63210.1,63494.1,63084,63315.1,1707.6924,108085876.02235
1780984800000,2026-06-09T06:00:00.000Z,63315.1,63478.9,63190.4,63275.1,1025.6087,64945672.61371
1780988400000,2026-06-09T07:00:00.000Z,63275.1,63418,62973.1,63167.8,1772.613,111950275.94834
1780992000000,2026-06-09T08:00:00.000Z,63167.8,63180,62738.7,62820.4,3453.002,217135385.93888
1780995600000,2026-06-09T09:00:00.000Z,62820.4,62925.1,62561,62689.1,2732.6511,171413049.49659
1780999200000,2026-06-09T10:00:00.000Z,62689.1,62803.4,62570.6,62750.1,1333.2133,83582975.90684
1781002800000,2026-06-09T11:00:00.000Z,62750.1,62784.8,62467,62684.1,1934.648,121085219.61589
1781006400000,2026-06-09T12:00:00.000Z,62684.1,62868.9,62404.4,62613.9,2431.4106,152270278.47526
1781010000000,2026-06-09T13:00:00.000Z,62613.9,62719.8,62110,62247.4,5134.4352,320163673.20824
1781013600000,2026-06-09T14:00:00.000Z,62247.4,62370,61115.1,61522.1,8915.4178,549329926.89078
1781017200000,2026-06-09T15:00:00.000Z,61522.1,61687.5,61000.7,61106.6,5272.3036,323495907.66766
1781020800000,2026-06-09T16:00:00.000Z,61106.6,61472.7,60750.4,61369.3,6877.4759,420088987.41309
1781024400000,2026-06-09T17:00:00.000Z,61369.3,61882.4,61369.3,61667.8,3338.0881,205820646.5797
1781028000000,2026-06-09T18:00:00.000Z,61667.8,61940,61561,61760.1,1664.1476,102721904.70113
1781031600000,2026-06-09T19:00:00.000Z,61760.1,62080,61682.3,62063.1,1924.0483,119043852.81818
1781035200000,2026-06-09T20:00:00.000Z,62063.1,62254,61920,62133.2,1457.9019,90505899.29496
1781038800000,2026-06-09T21:00:00.000Z,62133.2,62148.9,61660,61735.2,1649.1816,102029113.84684
1781042400000,2026-06-09T22:00:00.000Z,61735.2,61949,61629.6,61689.9,939.124,58024757.34708
1781046000000,2026-06-09T23:00:00.000Z,61689.9,61858.5,61518,61695.3,1159.3675,71487887.20318
1781049600000,2026-06-10T00:00:00.000Z,61695.3,61899,61398.3,61881.6,1535.4763,94678083.77769
1781053200000,2026-06-10T01:00:00.000Z,61881.6,61944.1,61549.2,61680.8,1127.6886,69645714.96507
1781056800000,2026-06-10T02:00:00.000Z,61680.8,61808.9,61201.1,61278.9,2462.0844,151161222.66458
1781060400000,2026-06-10T03:00:00.000Z,61278.9,61566.7,61253.6,61516,1489.8039,91509749.21747
1781064000000,2026-06-10T04:00:00.000Z,61516,61532.2,61155,61267.4,1755.3289,107614953.79519
1781067600000,2026-06-10T05:00:00.000Z,61267.4,61364.7,61043.8,61319.8,1752.823,107254472.35904
1781071200000,2026-06-10T06:00:00.000Z,61319.8,61496.2,61111,61432.8,1655.4873,101550412.68514
1781074800000,2026-06-10T07:00:00.000Z,61432.8,61772.7,61398.8,61649.5,2379.498,146623439.65007
1781078400000,2026-06-10T08:00:00.000Z,61649.5,61705.4,61135.8,61229.5,2398.342,147166966.27063
1781082000000,2026-06-10T09:00:00.000Z,61229.5,61395.7,60691.8,61303.6,4014.3179,245185170.82812
1781085600000,2026-06-10T10:00:00.000Z,61303.6,61437.4,61127.4,61358.2,1570.3365,96256489.00252
1781089200000,2026-06-10T11:00:00.000Z,61358.2,61408.2,60825.7,61003.3,4224.9929,257969030.64811
1781092800000,2026-06-10T12:00:00.000Z,61003.3,61943.4,60927.1,61533,4808.8599,295757750.27068
1781096400000,2026-06-10T13:00:00.000Z,61533,62425.2,61409,62115.9,6167.8704,382225573.25214
1781100000000,2026-06-10T14:00:00.000Z,62115.9,62229.8,61779.2,62169.9,3971.9306,246145809.51103
1781103600000,2026-06-10T15:00:00.000Z,62169.9,62828.2,61812.5,62597.7,5729.1785,356959746.74203
1781107200000,2026-06-10T16:00:00.000Z,62597.7,62612.3,61891.1,62190.4,2926.4282,182086086.31518
1781110800000,2026-06-10T17:00:00.000Z,62190.4,62328.6,61621,61947.7,3759.7003,232821588.92305
1781114400000,2026-06-10T18:00:00.000Z,61947.7,62133.3,61567.8,61859.9,1732.9337,107133154.43376
1781118000000,2026-06-10T19:00:00.000Z,61859.9,62048,61650.6,61915.9,1045.3004,64648142.24092
1781121600000,2026-06-10T20:00:00.000Z,61915.9,61928.9,61658.1,61774,894.7998,55298933.04892
1781125200000,2026-06-10T21:00:00.000Z,61774,61779.6,61153,61327,1657.182,101816129.34203
1781128800000,2026-06-10T22:00:00.000Z,61327,61551.1,61066.9,61351.9,1817.0101,111348690.3598
1781132400000,2026-06-10T23:00:00.000Z,61351.9,61580,61135,61483.3,1121.9639,68878415.60672
1781136000000,2026-06-11T00:00:00.000Z,61483.3,61963.5,61483.3,61796.5,1689.6088,104392649.05896
1781139600000,2026-06-11T01:00:00.000Z,61796.5,62352.2,61791.4,62177,2757.9183,171377702.19823
1781143200000,2026-06-11T02:00:00.000Z,62177,62275.9,61907.1,62113.3,1839.2089,114199254.50148
1781146800000,2026-06-11T03:00:00.000Z,62113.3,62828,61966.1,62651.7,3859.6734,241082266.92803
1781150400000,2026-06-11T04:00:00.000Z,62651.7,62818.8,62500,62683.5,1784.2782,111779008.0008
1781154000000,2026-06-11T05:00:00.000Z,62683.5,62690,62518,62577.4,775.1185,48522131.19723
1781157600000,2026-06-11T06:00:00.000Z,62577.4,62972.9,62507,62728.8,2320.9793,145838541.51684
1781161200000,2026-06-11T07:00:00.000Z,62728.8,62815.1,62566.5,62682.9,1231.4967,77168527.56928
1781164800000,2026-06-11T08:00:00.000Z,62682.9,63036.7,62682.9,62917.4,2043.3967,128479111.29953
1781168400000,2026-06-11T09:00:00.000Z,62917.4,62957,62752.2,62891.5,866.1867,54444431.34654
1781172000000,2026-06-11T10:00:00.000Z,62891.5,63200,62759.2,63104.8,1894.4566,119332014.09149
1781175600000,2026-06-11T11:00:00.000Z,63104.8,63230.1,63003.1,63069.6,1758.7312,111012615.90424
1781179200000,2026-06-11T12:00:00.000Z,63069.6,63163.6,62463.3,62967.3,4967.4247,311941916.9878
1781182800000,2026-06-11T13:00:00.000Z,62967.3,63208.3,62638.3,63043.9,3168.321,199370248.96716
1781186400000,2026-06-11T14:00:00.000Z,63043.9,63067.7,62699,62700,2383.874,149859658.14449
1781190000000,2026-06-11T15:00:00.000Z,62700,62860,62504.8,62727.3,3003.5909,188219288.03359
1781193600000,2026-06-11T16:00:00.000Z,62727.3,62817.6,62517.9,62552,2261.102,141645900.60518
1781197200000,2026-06-11T17:00:00.000Z,62552,63632,62311,63609.8,7815.3612,492983268.29837
1781200800000,2026-06-11T18:00:00.000Z,63609.8,63758.6,63289.9,63424.7,2621.8983,166474834.75364
1781204400000,2026-06-11T19:00:00.000Z,63424.7,63900,63353.3,63567.8,2246.2505,143008226.81326
1781208000000,2026-06-11T20:00:00.000Z,63567.8,63625.2,63232.6,63362.5,1293.354,82036250.40125
1781211600000,2026-06-11T21:00:00.000Z,63362.5,63571.1,63357,63490.4,800.7,50820353.99004
1781215200000,2026-06-11T22:00:00.000Z,63490.4,63640,63425.6,63463.1,677.2979,43033584.77205
1781218800000,2026-06-11T23:00:00.000Z,63463.1,63739,63321.7,63599.7,938.2091,59577026.44553
1781222400000,2026-06-12T00:00:00.000Z,63599.7,63756,63486.6,63611.5,932.5418,59348409.06327
1781226000000,2026-06-12T01:00:00.000Z,63611.5,63617.6,63268.2,63400,1214.0628,76952090.83519
1781229600000,2026-06-12T02:00:00.000Z,63400,63750,63399.9,63590.5,779.4448,49559780.97645
1781233200000,2026-06-12T03:00:00.000Z,63590.5,63617.9,63321,63490.5,866.343,54961420.20675
1781236800000,2026-06-12T04:00:00.000Z,63490.5,63826.1,63384.8,63666.9,1355.7241,86303794.36744
1781240400000,2026-06-12T05:00:00.000Z,63666.9,63688.5,63270,63320.1,1406.1527,89158909.35502
1781244000000,2026-06-12T06:00:00.000Z,63320.1,63385.5,62810,62955.2,2544.7885,160413448.44845
1781247600000,2026-06-12T07:00:00.000Z,62955.2,63183.1,62921.8,63070.2,1480.7566,93324707.19631
1781251200000,2026-06-12T08:00:00.000Z,63070.2,63599.8,63066,63439.6,2112.2122,133909348.45911
1781254800000,2026-06-12T09:00:00.000Z,63439.6,63938.3,63401.5,63716,2383.7165,151941627.52046
1781258400000,2026-06-12T10:00:00.000Z,63716,63820,63545.6,63660,1342.4653,85472339.4155
1781262000000,2026-06-12T11:00:00.000Z,63660,63851.3,63642.6,63722.7,938.2419,59831948.40589
1781265600000,2026-06-12T12:00:00.000Z,63722.7,63735.4,63334.6,63431.5,1573.0899,99885283.8971
1781269200000,2026-06-12T13:00:00.000Z,63431.5,63508,63011.2,63203.8,2840.6899,179634779.79767
1781272800000,2026-06-12T14:00:00.000Z,63203.8,63980,63162,63967.3,4049.7253,257728837.06488
1781276400000,2026-06-12T15:00:00.000Z,63967.3,64370,63516.7,63561.8,6059.325,387880802.20745
1781280000000,2026-06-12T16:00:00.000Z,63561.8,63966,63480.1,63945.5,2578.6765,164502697.0517
1781283600000,2026-06-12T17:00:00.000Z,63945.5,64080.9,63696.9,63829.8,1043.432,66640587.15359
1781287200000,2026-06-12T18:00:00.000Z,63829.8,63903.6,63646.4,63662.5,1073.1099,68414071.87999
1781290800000,2026-06-12T19:00:00.000Z,63662.5,63794.3,63550.5,63554.1,778.8592,49583338.65303
1781294400000,2026-06-12T20:00:00.000Z,63554.1,63669.7,63365.7,63420,1164.2579,73920561.01182
1781298000000,2026-06-12T21:00:00.000Z,63420,63604.3,63408.7,63447.4,601.7764,38218632.87368
1781301600000,2026-06-12T22:00:00.000Z,63447.4,63641.7,63440.8,63478.5,695.0729,44145908.59125
1781305200000,2026-06-12T23:00:00.000Z,63478.5,63554.6,63400,63552.6,491.7368,31205801.32365
1781308800000,2026-06-13T00:00:00.000Z,63552.6,63628.4,63480,63578.9,525.1964,33379826.42277
1781312400000,2026-06-13T01:00:00.000Z,63578.9,63822.8,63578.9,63800,996.5062,63446373.05301
1781316000000,2026-06-13T02:00:00.000Z,63800,63806.8,63522.7,63615,756.891,48165591.03999
1781319600000,2026-06-13T03:00:00.000Z,63615,63701.9,63389,63501,748.4622,47539407.16126
1781323200000,2026-06-13T04:00:00.000Z,63501,63622.8,63455.1,63477.6,379.3937,24103661.54438
1781326800000,2026-06-13T05:00:00.000Z,63477.6,63572.5,63464,63560,376.7879,23935943.51186
1781330400000,2026-06-13T06:00:00.000Z,63560,63712.4,63523.5,63707.9,557.9557,35502102.13448
1781334000000,2026-06-13T07:00:00.000Z,63707.9,63863.6,63640,63816.6,1092.5893,69665550.78535
1781337600000,2026-06-13T08:00:00.000Z,63816.6,63882,63723.3,63764.4,593.7186,37879694.69194
1781341200000,2026-06-13T09:00:00.000Z,63764.4,63830.9,63702,63703.9,320.6732,20446171.36592
1781344800000,2026-06-13T10:00:00.000Z,63703.9,63889,63684.4,63806.7,702.4778,44818301.12948
1781348400000,2026-06-13T11:00:00.000Z,63806.7,63939.1,63805.3,63932.2,692.0104,44216835.30853
1781352000000,2026-06-13T12:00:00.000Z,63932.2,64185,63881.9,64097,1261.175,80738422.34063
1781355600000,2026-06-13T13:00:00.000Z,64097,64210.6,64021,64064.4,1174.3768,75300468.08655
1781359200000,2026-06-13T14:00:00.000Z,64064.4,64200,64050.2,64184,458.7406,29421342.6329
1781362800000,2026-06-13T15:00:00.000Z,64184,64314.2,64146.7,64258.3,1370.1985,88016071.15257
1781366400000,2026-06-13T16:00:00.000Z,64258.3,64270,63880,63990.4,2576.5621,164910778.50453
1781370000000,2026-06-13T17:00:00.000Z,63990.4,64095.8,63901.7,63943.9,615.0703,39355527.02103
1781373600000,2026-06-13T18:00:00.000Z,63943.9,64250,63940,64124.9,690.0134,44236960.0157
1781377200000,2026-06-13T19:00:00.000Z,64124.9,64300,64108.3,64259.9,487.4118,31296401.76615
1781380800000,2026-06-13T20:00:00.000Z,64259.9,64263.8,64192.8,64246.2,319.3467,20510003.19026
1781384400000,2026-06-13T21:00:00.000Z,64246.2,64736.3,64182.3,64435.2,2004.5901,129257490.20105
1781388000000,2026-06-13T22:00:00.000Z,64435.2,64531.2,64349,64417.4,642.3691,41389466.72242
1781391600000,2026-06-13T23:00:00.000Z,64417.4,64565,64350.3,64415.4,542.1094,34937633.57535
1781395200000,2026-06-14T00:00:00.000Z,64415.4,64546.9,64335.5,64521,560.8816,36150192.69824
1781398800000,2026-06-14T01:00:00.000Z,64521,64676.4,64466.3,64539,745.7007,48161448.70196
1781402400000,2026-06-14T02:00:00.000Z,64539,64600,64435.1,64452.9,492.5337,31773746.95106
1781406000000,2026-06-14T03:00:00.000Z,64452.9,64510.3,64423.5,64510.2,380.6293,24538306.13765
1781409600000,2026-06-14T04:00:00.000Z,64510.2,64525,64275,64304.2,669.92,43122690.24866
1781413200000,2026-06-14T05:00:00.000Z,64304.2,64385.3,64258.5,64320.5,614.0942,39496004.92729
1781416800000,2026-06-14T06:00:00.000Z,64320.5,64474.8,64203.5,64256.9,1046.5983,67338067.7126
1781420400000,2026-06-14T07:00:00.000Z,64256.9,64417.4,64192.7,64399.4,809.2327,52046319.39916
1781424000000,2026-06-14T08:00:00.000Z,64399.4,64490,64357.1,64422.3,530.8982,34209180.27603
1781427600000,2026-06-14T09:00:00.000Z,64422.3,64586.4,64286.7,64583.9,1117.0384,72002791.57501
1781431200000,2026-06-14T10:00:00.000Z,64583.9,64634,64466.3,64492,662.7323,42779601.98413
1781434800000,2026-06-14T11:00:00.000Z,64492,64610.5,64427.3,64512.7,905.2365,58395079.48761
1781438400000,2026-06-14T12:00:00.000Z,64512.7,64529.2,64262,64302,1064.6999,68525146.23008
1781442000000,2026-06-14T13:00:00.000Z,64302,64376.7,64215.3,64290.8,947.6989,60929540.40716
1781445600000,2026-06-14T14:00:00.000Z,64290.8,64319.9,63836.7,63957.2,3074.7866,196846112.34112
1781449200000,2026-06-14T15:00:00.000Z,63957.2,64120,63940.2,63991.4,1456.9482,93302373.84259
1781452800000,2026-06-14T16:00:00.000Z,63991.4,64189.9,63892.7,63910.6,987.303,63228405.48725
1781456400000,2026-06-14T17:00:00.000Z,63910.6,63994.2,63660,63704.8,1945.0631,124128245.50161
1781460000000,2026-06-14T18:00:00.000Z,63704.8,63794.4,63651.7,63787.6,745.7738,47521561.32326
1781463600000,2026-06-14T19:00:00.000Z,63787.6,63834.4,63698.9,63784.4,408.6903,26058900.38656
1781467200000,2026-06-14T20:00:00.000Z,63784.4,64056,63766,63980.5,957.8072,61255658.00775
1781470800000,2026-06-14T21:00:00.000Z,63980.5,65650,63974.4,65282.3,6408.5298,416111741.96781
1781474400000,2026-06-14T22:00:00.000Z,65282.3,65555.9,64900,65385.3,3978.98,259488730.75032
1781478000000,2026-06-14T23:00:00.000Z,65385.3,65765.6,65220,65702.3,2674.5731,175374667.32167
1781481600000,2026-06-15T00:00:00.000Z,65702.3,65888,65445.1,65591.7,2643.9385,173534690.87266
1781485200000,2026-06-15T01:00:00.000Z,65591.7,65708.2,65317.4,65480,1547.5456,101366671.23987
1781488800000,2026-06-15T02:00:00.000Z,65480,65743,65378.4,65432.9,1042.5583,68353152.48974
1781492400000,2026-06-15T03:00:00.000Z,65432.9,66000,65394.4,65885,2261.7123,148806204.58733
1781496000000,2026-06-15T04:00:00.000Z,65885,65885.1,65589,65602.4,1025.9653,67422864.83035
1781499600000,2026-06-15T05:00:00.000Z,65602.4,65847.4,65576.9,65825.1,1044.1141,68615724.73823
1781503200000,2026-06-15T06:00:00.000Z,65825.1,65927,65727.7,65772.6,1033.6496,68051486.15075
1781506800000,2026-06-15T07:00:00.000Z,65772.6,65983.6,65591,65643.8,1660.1867,109181975.67624
1781510400000,2026-06-15T08:00:00.000Z,65643.8,65773.5,65584.3,65627.4,984.9598,64692391.30522
1781514000000,2026-06-15T09:00:00.000Z,65627.4,65750,65469.8,65558.5,1190.4645,78095780.9947
1781517600000,2026-06-15T10:00:00.000Z,65558.5,65936.8,65542.2,65884.4,1920.176,126316089.97358
1781521200000,2026-06-15T11:00:00.000Z,65884.4,66350,65805.8,66197,4105.0057,271470167.36401
1781524800000,2026-06-15T12:00:00.000Z,66197,66568.4,66057.1,66527.2,3321.3172,220372525.0031
1781528400000,2026-06-15T13:00:00.000Z,66527.2,66916.7,66341.6,66398.8,5325.0003,354746699.88962
1781532000000,2026-06-15T14:00:00.000Z,66398.8,66635,66253.8,66547.3,2120.5246,140875950.90414
1781535600000,2026-06-15T15:00:00.000Z,66547.3,67268.7,66530.1,67245.5,3805.5471,254771275.8718
1781539200000,2026-06-15T16:00:00.000Z,67245.5,67249.7,67047.6,67118.2,1826.457,122633991.61088
1781542800000,2026-06-15T17:00:00.000Z,67118.2,67118.2,66633.6,66812.7,2403.6123,160650224.51121
1781546400000,2026-06-15T18:00:00.000Z,66812.7,66899.9,66676.1,66723,803.818,53689460.59621
1781550000000,2026-06-15T19:00:00.000Z,66723,66858.1,66304.7,66581.2,2004.5689,133402317.55126
1781553600000,2026-06-15T20:00:00.000Z,66581.2,66651,66450,66481.8,864.204,57511180.67829
1781557200000,2026-06-15T21:00:00.000Z,66481.8,66537.9,66295.5,66334.6,1104.802,73384315.53701
1781560800000,2026-06-15T22:00:00.000Z,66334.6,66439.9,66058.6,66165.9,1927.4548,127650398.21585
1781564400000,2026-06-15T23:00:00.000Z,66165.9,66334,66084.2,66286.2,939.2484,62193416.11806
1781568000000,2026-06-16T00:00:00.000Z,66286.2,66431.3,66200.1,66218.4,694.3243,46045608.93701
1781571600000,2026-06-16T01:00:00.000Z,66218.4,66383,66208,66311.9,798.0047,52910807.00073
1781575200000,2026-06-16T02:00:00.000Z,66311.9,66333,65642.4,65709.6,3421.3091,225454929.50557
1781578800000,2026-06-16T03:00:00.000Z,65709.6,66146.5,65616.1,66126.2,2428.6257,160095140.58716
1781582400000,2026-06-16T04:00:00.000Z,66126.2,66250,65756.9,65807.1,1334.1472,88027627.3503
1781586000000,2026-06-16T05:00:00.000Z,65807.1,66120,65807.1,66026.7,873.844,57680402.63088
1781589600000,2026-06-16T06:00:00.000Z,66026.7,66547.8,66026.7,66409,2221.9808,147412926.59453
1781593200000,2026-06-16T07:00:00.000Z,66409,66510.1,66272.7,66341.5,1824.1279,121047588.2352
1781596800000,2026-06-16T08:00:00.000Z,66341.5,66966.2,66310.2,66867.7,2826.843,188445758.82482
1781600400000,2026-06-16T09:00:00.000Z,66867.7,66907.4,66436.7,66482.3,1927.8533,128509213.86337
1781604000000,2026-06-16T10:00:00.000Z,66482.3,66772,66455,66476.4,1286.1999,85632210.06338
1781607600000,2026-06-16T11:00:00.000Z,66476.4,66618.3,66330.1,66455.9,1227.5746,81543445.54443
1781611200000,2026-06-16T12:00:00.000Z,66455.9,66796.2,66329.4,66395,2523.3527,167920161.23607
1781614800000,2026-06-16T13:00:00.000Z,66395,66435.1,65903.2,66020.3,4467.2684,295333775.00249
1781618400000,2026-06-16T14:00:00.000Z,66020.3,66239.3,65329,65629.8,5127.9872,336765569.39671
1781622000000,2026-06-16T15:00:00.000Z,65629.8,65971.8,65580.1,65834.5,2229.8312,146756281.6528
1781625600000,2026-06-16T16:00:00.000Z,65834.5,65932.7,65680,65733,1922.9914,126460696.16716
1781629200000,2026-06-16T17:00:00.000Z,65733,65993,65680.1,65952,1028.1387,67695398.92167
1781632800000,2026-06-16T18:00:00.000Z,65952,66238.2,65768.8,65816.8,1965.8271,129712603.41091
1781636400000,2026-06-16T19:00:00.000Z,65816.8,65816.8,65520.9,65651.7,1435.4652,94228065.89089
1781640000000,2026-06-16T20:00:00.000Z,65651.7,65840,65556.7,65824.2,744.8902,48955028.05557
1781643600000,2026-06-16T21:00:00.000Z,65824.2,65905,65614.8,65740.4,677.7875,44570799.0587
1781647200000,2026-06-16T22:00:00.000Z,65740.4,65850.7,65641.1,65748,521.601,34284879.44681
1781650800000,2026-06-16T23:00:00.000Z,65748,65804.3,65584,65640,630.5977,41410586.50738
1781654400000,2026-06-17T00:00:00.000Z,65640,65820,65639.9,65674.3,567.2564,37288314.663
1781658000000,2026-06-17T01:00:00.000Z,65674.3,65923.9,65434.3,65901.1,1180.6612,77512140.87589
1781661600000,2026-06-17T02:00:00.000Z,65901.1,66111.9,65747.1,65870.8,949.7348,62622473.80613
1781665200000,2026-06-17T03:00:00.000Z,65870.8,65873.9,65680.1,65819.9,600.7745,39510042.37368
1781668800000,2026-06-17T04:00:00.000Z,65819.9,66029.9,65760,65854.1,657.2377,43300745.97227
1781672400000,2026-06-17T05:00:00.000Z,65854.1,65949.8,65705.9,65800.6,531.1338,34949937.6648
1781676000000,2026-06-17T06:00:00.000Z,65800.6,65873.9,65545.9,65596.1,935.493,61442386.95663
1781679600000,2026-06-17T07:00:00.000Z,65596.1,65688.6,65215.6,65507.2,2467.4279,161474012.639
1781683200000,2026-06-17T08:00:00.000Z,65507.2,65550,64806.1,64892.9,4013.4068,261194630.70933
1781686800000,2026-06-17T09:00:00.000Z,64892.9,65055.3,64810.1,64884.2,1523.1256,98926164.66889
1781690400000,2026-06-17T10:00:00.000Z,64884.2,64970,64734.3,64762.9,1687.7322,109438176.05032
1781694000000,2026-06-17T11:00:00.000Z,64762.9,64839.5,64534,64778.5,2930.0232,189513218.70985
1781697600000,2026-06-17T12:00:00.000Z,64778.5,65086.5,64551.6,65008.7,1866.41,120991645.01386
1781701200000,2026-06-17T13:00:00.000Z,65008.7,65355.7,64811,65233.9,3101.8511,201997002.16571
1781704800000,2026-06-17T14:00:00.000Z,65233.9,65429,64730,65066.6,3064.6927,199508680.84233
1781708400000,2026-06-17T15:00:00.000Z,65066.6,65827.7,64942.3,65709.1,3135.4795,205269027.15121
1781712000000,2026-06-17T16:00:00.000Z,65709.1,66402.4,65673.3,65827.4,4301.9667,283983154.09685
1781715600000,2026-06-17T17:00:00.000Z,65827.4,66162.8,65757,66080,1304.578,86009788.34168
1781719200000,2026-06-17T18:00:00.000Z,66080,66080,64760,65484.1,9936.6861,650250531.37538
1781722800000,2026-06-17T19:00:00.000Z,65484.1,65636.4,64005.3,64275.7,7663.5238,494864044.65889
1781726400000,2026-06-17T20:00:00.000Z,64275.7,64461,64143.6,64410.7,2178.6115,140111979.37257
1781730000000,2026-06-17T21:00:00.000Z,64410.7,64430,64107,64227.9,982.0501,63109346.39887
1781733600000,2026-06-17T22:00:00.000Z,64227.9,64410.8,63881,64266.8,2175.447,139559078.19867
1781737200000,2026-06-17T23:00:00.000Z,64266.8,64497.4,64220.1,64476,1047.9208,67481834.13278
1781740800000,2026-06-18T00:00:00.000Z,64476,64676.7,64422.1,64430,1392.2529,89887807.57663
1781744400000,2026-06-18T01:00:00.000Z,64430,64799.2,64426.2,64517.9,1124.7741,72727738.8756
1781748000000,2026-06-18T02:00:00.000Z,64517.9,64745,64450.7,64646.6,774.236,50043363.40773
1781751600000,2026-06-18T03:00:00.000Z,64646.6,64647.3,64230,64250.6,1100.9524,70869642.61509
1781755200000,2026-06-18T04:00:00.000Z,64250.6,64314,63780,63849.7,2847.9956,182156643.05311
1781758800000,2026-06-18T05:00:00.000Z,63849.7,64005.5,63666.4,63970,1814.0773,115844476.71433
1781762400000,2026-06-18T06:00:00.000Z,63970,64106.7,63820,64059.9,1342.0888,85888444.17678
1781766000000,2026-06-18T07:00:00.000Z,64059.9,64484.6,63988.3,64472.7,1957.1125,125821087.86635
1781769600000,2026-06-18T08:00:00.000Z,64472.7,64626.3,64326.5,64366,1811.1402,116796938.8178
1781773200000,2026-06-18T09:00:00.000Z,64366,64449.9,64154.7,64170,1020.3507,65593119.69934
1781776800000,2026-06-18T10:00:00.000Z,64170,64218.1,63882,64054.7,1917.7249,122780604.91342
1781780400000,2026-06-18T11:00:00.000Z,64054.7,64182.7,63857.7,63946.8,1504.9921,96268561.08653
1781784000000,2026-06-18T12:00:00.000Z,63946.8,64388,63900,64347,1413.9415,90715905.36721
1781787600000,2026-06-18T13:00:00.000Z,64347,64422,63750.4,63950.5,3731.4446,239133375.97679
1781791200000,2026-06-18T14:00:00.000Z,63950.5,64179,63552,63780.1,4556.4479,290770566.84349
1781794800000,2026-06-18T15:00:00.000Z,63780.1,63796.2,62260.2,62340.7,11071.5583,697457241.60862
1781798400000,2026-06-18T16:00:00.000Z,62340.7,62791,62316.6,62668.7,2840.8102,177825736.24838
1781802000000,2026-06-18T17:00:00.000Z,62668.7,62724.7,62233.7,62573.6,3641.8344,227633260.85068
1781805600000,2026-06-18T18:00:00.000Z,62573.6,62929.7,62543.9,62677.7,2528.4738,158636287.25995
1781809200000,2026-06-18T19:00:00.000Z,62677.7,62978,62600,62915.4,997.6282,62680480.99876
1781812800000,2026-06-18T20:00:00.000Z,62915.4,63247.7,62915.4,63057.6,1508.7808,95198075.51481
1781816400000,2026-06-18T21:00:00.000Z,63057.6,63096.5,62830,62932.1,970.2699,61082533.33331
1781820000000,2026-06-18T22:00:00.000Z,62932.1,62960,62703.2,62846.9,777.511,48829778.85948
1781823600000,2026-06-18T23:00:00.000Z,62846.9,62953.7,62713.4,62920,592.0517,37204430.28913
1781827200000,2026-06-19T00:00:00.000Z,62920,63050,62803.9,62992.1,832.3925,52386283.54649
1781830800000,2026-06-19T01:00:00.000Z,62992.1,63072.3,62810.3,62992.7,795.101,50031857.59583
1781834400000,2026-06-19T02:00:00.000Z,62992.7,63078.5,62844.6,62969.8,644.0439,40556261.42758
1781838000000,2026-06-19T03:00:00.000Z,62969.8,63000,62347.3,62744.2,2481.3349,155364043.14548
1781841600000,2026-06-19T04:00:00.000Z,62744.2,62888,62375.5,62420.8,1270.825,79584579.31018
1781845200000,2026-06-19T05:00:00.000Z,62420.8,62717.4,62418.1,62706.9,633.1075,39635134.78285
1781848800000,2026-06-19T06:00:00.000Z,62706.9,62892.8,62689.3,62860,795.5136,49946464.23688
1781852400000,2026-06-19T07:00:00.000Z,62860,62888.2,62463.3,62593.3,1684.5444,105453817.23274
1781856000000,2026-06-19T08:00:00.000Z,62593.3,62750,62501.9,62577.2,791.7596,49573473.09247
1781859600000,2026-06-19T09:00:00.000Z,62577.2,62624.4,62280,62353.6,1823.0471,113733131.59298
1781863200000,2026-06-19T10:00:00.000Z,62353.6,62569.1,62351.4,62502.4,1197.1045,74752017.37531
1781866800000,2026-06-19T11:00:00.000Z,62502.4,62670.5,62417.9,62602.2,824.0207,51559384.47872
1781870400000,2026-06-19T12:00:00.000Z,62602.2,62861.3,62320.1,62800.1,2258.5161,141341408.70574
1781874000000,2026-06-19T13:00:00.000Z,62800.1,63384.9,62629.9,63174,4398.5798,277211701.57113
1781877600000,2026-06-19T14:00:00.000Z,63174,63389.4,62972.1,63169.3,2022.5159,127777310.6618
1781881200000,2026-06-19T15:00:00.000Z,63169.3,63255,62983.3,63184.9,1458.9825,92092171.98602
1781884800000,2026-06-19T16:00:00.000Z,63184.9,63358,62875.2,62940.1,1926.5096,121697490.50552
1781888400000,2026-06-19T17:00:00.000Z,62940.1,63199.9,62832.7,63164.5,2200.4389,138674572.74467
1781892000000,2026-06-19T18:00:00.000Z,63164.5,63174.1,62956,63080.3,579.2133,36525410.90673
1781895600000,2026-06-19T19:00:00.000Z,63080.3,63111.1,62902.6,62994.8,531.2776,33471294.57827
1781899200000,2026-06-19T20:00:00.000Z,62994.8,63250,62923.1,63222,492.9727,31109830.20961
1781902800000,2026-06-19T21:00:00.000Z,63222,63250,63023.5,63047.7,354.5423,22386502.7325
1781906400000,2026-06-19T22:00:00.000Z,63047.7,63340,63014.7,63285.8,514.9337,32552425.66607
1781910000000,2026-06-19T23:00:00.000Z,63285.8,63642.5,63237.7,63512.8,1275.2606,80921730.7923
1781913600000,2026-06-20T00:00:00.000Z,63512.8,63749.9,63436,63490.9,1491.3398,94810429.10436
1781917200000,2026-06-20T01:00:00.000Z,63490.9,63589.8,63359.8,63545.8,709.5097,45036612.29944
1781920800000,2026-06-20T02:00:00.000Z,63545.8,63545.8,63300.4,63304.8,746.7455,47331127.02635
1781924400000,2026-06-20T03:00:00.000Z,63304.8,63481.3,63282.2,63439,379.1886,24031477.56831
1781928000000,2026-06-20T04:00:00.000Z,63439,63580.7,63366,63553,543.96,34542293.62461
1781931600000,2026-06-20T05:00:00.000Z,63553,63878,63503.6,63640.9,2116.4758,134835165.89575
1781935200000,2026-06-20T06:00:00.000Z,63640.9,63729.7,63603.5,63702.1,661.039,42087831.0394
1781938800000,2026-06-20T07:00:00.000Z,63702.1,63771.4,63560.2,63622.1,809.3551,51533742.6657
1781942400000,2026-06-20T08:00:00.000Z,63622.1,63634.5,63360,63389.2,1229.9673,78076376.83925
1781946000000,2026-06-20T09:00:00.000Z,63389.2,63761.9,63389.2,63702.1,1536.2056,97644106.85426
1781949600000,2026-06-20T10:00:00.000Z,63702.1,63747.7,63560,63650,708.1463,45069731.0113
1781953200000,2026-06-20T11:00:00.000Z,63650,63774.9,63585.3,63649.5,642.8421,40936807.13253
1781956800000,2026-06-20T12:00:00.000Z,63649.5,63755,63499.1,63623.2,948.0655,60329016.88376
1781960400000,2026-06-20T13:00:00.000Z,63623.2,63625.6,63240,63362.3,1696.4202,107513295.10617
1781964000000,2026-06-20T14:00:00.000Z,63362.3,64134.6,63154.5,63922,4277.8408,272510775.16524
1781967600000,2026-06-20T15:00:00.000Z,63922,64361.1,63803,64129.9,3787.3321,242773870.48366
1781971200000,2026-06-20T16:00:00.000Z,64129.9,64146.2,63866.9,63994.9,1335.4311,85427199.37339
1781974800000,2026-06-20T17:00:00.000Z,63994.9,64000,63690,63810.3,1108.1439,70728146.50119
1781978400000,2026-06-20T18:00:00.000Z,63810.3,63898.1,63750,63772.8,352.8018,22511660.24157
1781982000000,2026-06-20T19:00:00.000Z,63772.8,63940,63765,63909.9,301.2336,19240539.79968
1781985600000,2026-06-20T20:00:00.000Z,63909.9,63953.3,63820,63900,226.2154,14451106.39548
1781989200000,2026-06-20T21:00:00.000Z,63900,64070.3,63888,63984.3,1009.7762,64599388.54213
1781992800000,2026-06-20T22:00:00.000Z,63984.3,64327,63950,64240.1,1386.5959,89016429.56872
1781996400000,2026-06-20T23:00:00.000Z,64240.1,64305,64209,64259.5,393.1479,25261316.77816
1782000000000,2026-06-21T00:00:00.000Z,64259.5,64285,64197,64258.3,582.8647,37438169.04246
1782003600000,2026-06-21T01:00:00.000Z,64258.3,64283.2,64176,64210,549.6816,35300437.1758
1782007200000,2026-06-21T02:00:00.000Z,64210,64240.6,64181,64210.3,240.8861,15466326.01244
1782010800000,2026-06-21T03:00:00.000Z,64210.3,64448.9,64200,64392.4,1361.1224,87598323.15277
1782014400000,2026-06-21T04:00:00.000Z,64392.4,64562,64230,64247,1167.3474,75188863.03567
1782018000000,2026-06-21T05:00:00.000Z,64247,64337.3,64180.1,64224,739.7409,47520181.20138
1782021600000,2026-06-21T06:00:00.000Z,64224,64295,64152.1,64267.9,493.6337,31702862.81925
1782025200000,2026-06-21T07:00:00.000Z,64267.9,64268,64136,64160,813.9966,52245798.26301
1782028800000,2026-06-21T08:00:00.000Z,64160,64199.9,63864,63989.3,1885.1171,120632337.12219
1782032400000,2026-06-21T09:00:00.000Z,63989.3,64227.8,63919.9,64183.2,1434.4776,91917344.5635
1782036000000,2026-06-21T10:00:00.000Z,64183.2,64382.3,64171.5,64337.3,1360.7023,87484969.9738
1782039600000,2026-06-21T11:00:00.000Z,64337.3,64450,64071.2,64139.9,2194.4555,140993869.9528
1782043200000,2026-06-21T12:00:00.000Z,64139.9,64199.7,63905.1,64160.1,1472.3042,94309239.75706
1782046800000,2026-06-21T13:00:00.000Z,64160.1,64160.1,63978.6,64112.4,663.4466,42504432.61432
1782050400000,2026-06-21T14:00:00.000Z,64112.4,64123,63964,64117,638.7346,40900110.16297
1782054000000,2026-06-21T15:00:00.000Z,64117,64336.4,64084.7,64195.6,1361.5264,87427586.01887
1782057600000,2026-06-21T16:00:00.000Z,64195.6,64223.4,64009.3,64112.5,758.7235,48645381.07391
1782061200000,2026-06-21T17:00:00.000Z,64112.5,64195.9,64039.6,64110,431.1693,27646408.55597
1782064800000,2026-06-21T18:00:00.000Z,64110,64214.6,63905.5,64176.4,972.3959,62276933.31542
1782068400000,2026-06-21T19:00:00.000Z,64176.4,64279.9,64130,64170.5,337.7361,21677161.98721
1782072000000,2026-06-21T20:00:00.000Z,64170.5,64239,63656.8,63819.9,1779.3002,113662873.4855
1782075600000,2026-06-21T21:00:00.000Z,63819.9,63945.9,63468.8,63774.3,2102.5114,133923145.67231
1782079200000,2026-06-21T22:00:00.000Z,63774.3,63835.3,63541.5,63768.7,1238.4327,78841515.19594
1782082800000,2026-06-21T23:00:00.000Z,63768.7,63768.7,63233,63279.9,2079.8727,131940479.1283
1782086400000,2026-06-22T00:00:00.000Z,63279.9,64067.3,63279.9,63866.4,2574.3637,164110672.76385
1782090000000,2026-06-22T01:00:00.000Z,63866.4,64811.7,63817.8,64574.2,5385.7738,347147319.53713
1782093600000,2026-06-22T02:00:00.000Z,64574.2,64640.6,64215.2,64227.5,1315.1448,84755230.41034
1782097200000,2026-06-22T03:00:00.000Z,64227.5,64435,63863.7,63940.3,2672.2039,171328119.02132
1782100800000,2026-06-22T04:00:00.000Z,63940.3,64090,63838.6,64070.1,1093.7097,69958468.65071
1782104400000,2026-06-22T05:00:00.000Z,64070.1,64309.5,64057.6,64219.3,1114.9679,71585340.41114
1782108000000,2026-06-22T06:00:00.000Z,64219.3,64300,63915.6,63959.9,1051.7998,67390058.88904
1782111600000,2026-06-22T07:00:00.000Z,63959.9,64379.8,63934.6,64181.9,998.4764,64109938.5007
1782115200000,2026-06-22T08:00:00.000Z,64181.9,64317.9,64006.5,64133.9,1280.491,82151561.96379
1782118800000,2026-06-22T09:00:00.000Z,64133.9,64230,64017.1,64113.7,632.0747,40520430.26438
1782122400000,2026-06-22T10:00:00.000Z,64113.7,64250.4,64050,64113.2,555.3823,35626972.92138
1782126000000,2026-06-22T11:00:00.000Z,64113.2,64748.4,64070,64618.4,3143.584,202725859.54321
1782129600000,2026-06-22T12:00:00.000Z,64618.4,65183,64540.7,65115.7,5090.3677,330486051.51015
1782133200000,2026-06-22T13:00:00.000Z,65115.7,65551,64910,65540,4931.8197,321773147.59503
1782136800000,2026-06-22T14:00:00.000Z,65540,65588,64801,64946.5,3918.3047,255101491.01811
1782140400000,2026-06-22T15:00:00.000Z,64946.5,65114.1,64716.8,64810.3,2325.1476,151002817.42311
1782144000000,2026-06-22T16:00:00.000Z,64810.3,64841.2,64492,64704.8,2597.2635,167934416.73684
1782147600000,2026-06-22T17:00:00.000Z,64704.8,64754.6,64339.5,64583.9,1448.6819,93447635.89827
1782151200000,2026-06-22T18:00:00.000Z,64583.9,64723.1,64300,64319,1301.2075,83918543.97665
1782154800000,2026-06-22T19:00:00.000Z,64319,64490,64256.5,64460.2,1327.8254,85456146.72332
1782158400000,2026-06-22T20:00:00.000Z,64460.2,64645.5,64333.3,64418.7,916.9413,59133281.67023
1782162000000,2026-06-22T21:00:00.000Z,64418.7,64467.2,64111,64296.5,974.7645,62629855.21809
1782165600000,2026-06-22T22:00:00.000Z,64296.5,64380,63753.5,63949.8,2339.7813,149738259.61698
1782169200000,2026-06-22T23:00:00.000Z,63949.8,64033,63850.2,63993.8,994.9093,63613752.90613
1782172800000,2026-06-23T00:00:00.000Z,63993.8,64137.9,63801.2,64126.5,1030.9373,65947666.80843
1782176400000,2026-06-23T01:00:00.000Z,64126.5,64250,63863.6,64125.5,1544.0252,98977275.39557
1782180000000,2026-06-23T02:00:00.000Z,64125.5,64246.6,64006.1,64172.8,691.2207,44344660.71867
1782183600000,2026-06-23T03:00:00.000Z,64172.8,64179.4,63935.6,64042.8,743.3163,47579507.21024
1782187200000,2026-06-23T04:00:00.000Z,64042.8,64074.6,63574.6,63596.3,1815.6996,115807336.94442
1782190800000,2026-06-23T05:00:00.000Z,63596.3,63709.4,63330.9,63370.1,2732.5112,173484905.67023
1782194400000,2026-06-23T06:00:00.000Z,63370.1,63373.1,62534.7,62908.4,6840.0918,430059145.56534
1782198000000,2026-06-23T07:00:00.000Z,62908.4,63068.4,62815.9,62849.9,1984.8454,124923024.33193
1782201600000,2026-06-23T08:00:00.000Z,62849.9,62918.8,61880,62351.9,7205.4686,449030400.8759
1782205200000,2026-06-23T09:00:00.000Z,62351.9,62484.5,62313.3,62350.8,1378.9128,86051787.75724
1782208800000,2026-06-23T10:00:00.000Z,62350.8,62557.9,62213.4,62298.5,1650.7983,102924792.94685
1782212400000,2026-06-23T11:00:00.000Z,62298.5,62614.4,62292.1,62482.8,1784.4641,111487224.51082
1782216000000,2026-06-23T12:00:00.000Z,62482.8,62538.2,62144.1,62231.8,1435.4269,89441767.23445
1782219600000,2026-06-23T13:00:00.000Z,62231.8,62520,61930.6,62454.5,3866.3309,240576868.62568
1782223200000,2026-06-23T14:00:00.000Z,62454.5,62826.1,62330.2,62470.3,3437.2707,215115847.8048
1782226800000,2026-06-23T15:00:00.000Z,62470.3,62489.1,62148.6,62461.1,1842.0295,114798513.71302
1782230400000,2026-06-23T16:00:00.000Z,62461.1,62800,62390.4,62521,1778.4801,111363799.03004
1782234000000,2026-06-23T17:00:00.000Z,62521,62664.4,62293.3,62323.2,871.8628,54459585.07581
1782237600000,2026-06-23T18:00:00.000Z,62323.2,62422.8,62070,62207.1,887.2198,55218208.11955
1782241200000,2026-06-23T19:00:00.000Z,62207.1,62453.1,62197.4,62367.1,589.6224,36748867.34769
1782244800000,2026-06-23T20:00:00.000Z,62367.1,62527.1,62338.9,62439.7,636.5576,39745779.64388
1782248400000,2026-06-23T21:00:00.000Z,62439.7,62635.1,62439.7,62567.3,470.5768,29430410.24271
1782252000000,2026-06-23T22:00:00.000Z,62567.3,62748.2,62490,62559.3,589.1207,36886700.18941
1782255600000,2026-06-23T23:00:00.000Z,62559.3,62778.3,62458.8,62698.1,473.5166,29651801.07659
1782259200000,2026-06-24T00:00:00.000Z,62698.1,62998.4,62698.1,62987.1,1744.3858,109664125.69159
1782262800000,2026-06-24T01:00:00.000Z,62987.1,63096.6,62740,62906.9,1442.0392,90765655.82893
1782266400000,2026-06-24T02:00:00.000Z,62906.9,62997.2,62582.5,62601.9,1437.6753,90200411.13042
1782270000000,2026-06-24T03:00:00.000Z,62601.9,62815.3,62425.5,62703.1,1338.7758,83851389.4186
1782273600000,2026-06-24T04:00:00.000Z,62703.1,62770.8,62495.5,62718,875.1368,54828979.68298
1782277200000,2026-06-24T05:00:00.000Z,62718,63045.9,62675.6,62858.3,1190.3467,74855526.90567
1782280800000,2026-06-24T06:00:00.000Z,62858.3,62884,62688.1,62754.6,637.1553,40005639.41602
1782284400000,2026-06-24T07:00:00.000Z,62754.6,62822.4,62578.2,62630.2,1347.0555,84452800.33823
1782288000000,2026-06-24T08:00:00.000Z,62630.2,62781.3,62580,62772.4,810.6223,50817902.21984
1782291600000,2026-06-24T09:00:00.000Z,62772.4,62775.5,62606,62653.3,540.7323,33886097.80467
1782295200000,2026-06-24T10:00:00.000Z,62653.3,62657.6,62382.5,62411.9,1166.403,72923441.90864
1782298800000,2026-06-24T11:00:00.000Z,62411.9,63210,62263.4,62889.3,3332.5372,209016559.54301
1782302400000,2026-06-24T12:00:00.000Z,62889.3,62938,62552,62589.1,1696.7604,106492865.52888
1782306000000,2026-06-24T13:00:00.000Z,62589.1,62600,61213.2,61308,9882.5285,610662549.80544
1782309600000,2026-06-24T14:00:00.000Z,61308,61448.8,60861.1,61101.5,6977.6667,426692972.93819
1782313200000,2026-06-24T15:00:00.000Z,61101.5,61130.7,60240,60252.4,6774.9907,410979299.88841
1782316800000,2026-06-24T16:00:00.000Z,60252.4,60666,59599.1,59826,9420.0315,565832969.16726
1782320400000,2026-06-24T17:00:00.000Z,59826,60042.5,59071.4,59375.4,8761.2696,521456833.51889
1782324000000,2026-06-24T18:00:00.000Z,59375.4,59913.1,59274.2,59585.7,4472.1325,266607366.16306
1782327600000,2026-06-24T19:00:00.000Z,59585.7,59976.4,59496.4,59934,2131.0532,127317487.32579
1782331200000,2026-06-24T20:00:00.000Z,59934,61192.5,59824.6,60936.5,7327.4326,444354692.52656
1782334800000,2026-06-24T21:00:00.000Z,60936.5,61116.9,60635.3,61077.7,1972.5066,120092135.73652
1782338400000,2026-06-24T22:00:00.000Z,61077.7,61251.2,60770.9,60843.7,1764.7552,107605159.67996
1782342000000,2026-06-24T23:00:00.000Z,60843.7,61088.4,60800,61051.7,1019.7548,62161636.69308
1782345600000,2026-06-25T00:00:00.000Z,61051.7,61141.4,60677.9,60785.8,1694.9624,103211483.69457
1782349200000,2026-06-25T01:00:00.000Z,60785.8,60959,60680.4,60888.2,826.5559,50278101.30573
1782352800000,2026-06-25T02:00:00.000Z,60888.2,60937.9,60662.9,60759.4,955.7828,58081591.06552
1782356400000,2026-06-25T03:00:00.000Z,60759.4,60873.9,60647,60853.6,785.6534,47737401.46705
1782360000000,2026-06-25T04:00:00.000Z,60853.6,61383.4,60756.6,61323.1,1674.3852,102341563.93376
1782363600000,2026-06-25T05:00:00.000Z,61323.1,61795.7,61243.5,61565.8,4258.6448,262172850.76198
1782367200000,2026-06-25T06:00:00.000Z,61565.8,61821,61563.9,61689.3,1242.8641,76682296.28772
1782370800000,2026-06-25T07:00:00.000Z,61689.3,61941,61629,61878.8,2314.2899,142993127.1247
1782374400000,2026-06-25T08:00:00.000Z,61878.8,61891.4,61650,61684.7,1151.3766,71076594.89714
1782378000000,2026-06-25T09:00:00.000Z,61684.7,61758.5,61571.2,61700,647.4641,39934623.32353
1782381600000,2026-06-25T10:00:00.000Z,61700,61720.7,61227.4,61234.7,1832.9695,112605541.78359
1782385200000,2026-06-25T11:00:00.000Z,61234.7,61398.5,61026.4,61256.1,2424.7117,148438961.18065
1782388800000,2026-06-25T12:00:00.000Z,61256.1,61770.8,61044,61209.1,3466.0446,212728728.74006
1782392400000,2026-06-25T13:00:00.000Z,61209.1,61341.7,58061.3,58255.3,17414.1571,1038484483.66945
1782396000000,2026-06-25T14:00:00.000Z,58255.3,60466.6,58250.4,59443.8,17344.0761,1029977272.53211
1782399600000,2026-06-25T15:00:00.000Z,59443.8,59638,58835.2,59541.9,7123.6216,421888607.24446
1782403200000,2026-06-25T16:00:00.000Z,59541.9,60099.9,59120.6,59288.7,3959.4266,236056411.67093
1782406800000,2026-06-25T17:00:00.000Z,59288.7,59716.6,59111,59657.6,2404.681,143086176.71866
1782410400000,2026-06-25T18:00:00.000Z,59657.6,59774.8,59331.9,59492.8,2349.3804,139888010.17498
1782414000000,2026-06-25T19:00:00.000Z,59492.8,59499.2,59145.1,59302.9,1857.9809,110149225.84724
1782417600000,2026-06-25T20:00:00.000Z,59302.9,59727.6,59300.3,59430.2,1665.6745,99157029.91437
1782421200000,2026-06-25T21:00:00.000Z,59430.2,60269,59426.1,60186.8,2527.1785,151297132.46237
1782424800000,2026-06-25T22:00:00.000Z,60186.8,60188.9,59707.1,59821.4,1692.8121,101391863.47281
1782428400000,2026-06-25T23:00:00.000Z,59821.4,60182.1,59711.1,59773.8,1356.1378,81339667.82236
1782432000000,2026-06-26T00:00:00.000Z,59773.8,59887.8,59604.7,59640,1027.8249,61412520.38006
1782435600000,2026-06-26T01:00:00.000Z,59640,59762.9,59190,59412,1623.0426,96413130.48935
1782439200000,2026-06-26T02:00:00.000Z,59412,59434.1,58333,58547.6,7505.2662,440504139.32539
1782442800000,2026-06-26T03:00:00.000Z,58547.6,60102.6,58300.2,60006.1,6698.65,396899932.75513
1782446400000,2026-06-26T04:00:00.000Z,60006.1,60226,59799.2,59892.5,2236.5211,134090895.28394
1782450000000,2026-06-26T05:00:00.000Z,59892.5,60020.7,59693.5,59910.9,1769.8004,105945850.25569
1782453600000,2026-06-26T06:00:00.000Z,59910.9,60432.2,59667.4,60296.9,3778.7746,227139357.69497
1782457200000,2026-06-26T07:00:00.000Z,60296.9,60744,60246.6,60487,2852.3868,172658889.14661
1782460800000,2026-06-26T08:00:00.000Z,60487,60541.4,60114,60216.3,2557.35,154080914.57299
1782464400000,2026-06-26T09:00:00.000Z,60216.3,60229.7,59547,59710.5,2932.2308,175647352.72856
1782468000000,2026-06-26T10:00:00.000Z,59710.5,59840.4,59216.9,59293.4,2513.9579,149699810.18743
1782471600000,2026-06-26T11:00:00.000Z,59293.4,59576.7,59237.3,59394.6,1813.8845,107783463.8242
1782475200000,2026-06-26T12:00:00.000Z,59394.6,59999.9,58931.9,59164.6,5300.9712,314970797.51064
1782478800000,2026-06-26T13:00:00.000Z,59164.6,60188,58477,60155.7,7932.083,469526246.62756
1782482400000,2026-06-26T14:00:00.000Z,60155.7,60284,59359.8,59565,4892.5433,292770370.35537
1782486000000,2026-06-26T15:00:00.000Z,59565,60480,59555,60294.1,4166.288,250592388.73235
1782489600000,2026-06-26T16:00:00.000Z,60294.1,60568.1,59934.8,60015.4,2769.7295,166697224.65215
1782493200000,2026-06-26T17:00:00.000Z,60015.4,60269.7,59922.2,59995,1263.1248,75867187.38843
1782496800000,2026-06-26T18:00:00.000Z,59995,60135.4,59522,59642.7,1282.9281,76739396.68917
1782500400000,2026-06-26T19:00:00.000Z,59642.7,60079.9,59583.1,59723.1,1463.0507,87595099.66434
1782504000000,2026-06-26T20:00:00.000Z,59723.1,59976,59555.5,59696.6,916.0886,54719321.65104
1782507600000,2026-06-26T21:00:00.000Z,59696.6,60032.8,59652.3,59893,623.0025,37295412.5588
1782511200000,2026-06-26T22:00:00.000Z,59893,60059,59720.6,60020.3,792.9671,47496385.71142
1782514800000,2026-06-26T23:00:00.000Z,60020.3,60100,59897.9,60077.8,598.6759,35929753.79928
1782518400000,2026-06-27T00:00:00.000Z,60077.8,60180,59849.6,60039.5,680.5955,40848090.49427
1782522000000,2026-06-27T01:00:00.000Z,60039.5,60050.7,59910.1,59921,305.1315,18295975.34314
1782525600000,2026-06-27T02:00:00.000Z,59921,60363.3,59895.9,60264.1,1666.9086,100323477.43628
1782529200000,2026-06-27T03:00:00.000Z,60264.1,60398.1,60143.2,60283.1,834.4766,50296522.98267
1782532800000,2026-06-27T04:00:00.000Z,60283.1,60462.7,60183.9,60220.8,845.3854,51022228.40885
1782536400000,2026-06-27T05:00:00.000Z,60220.8,60295.4,60105.9,60213.7,612.2819,36858931.13265
1782540000000,2026-06-27T06:00:00.000Z,60213.7,60490.9,60085.2,60346.3,1081.0949,65193169.20337
1782543600000,2026-06-27T07:00:00.000Z,60346.3,60550,60270,60520,854.3776,51627983.18827
1782547200000,2026-06-27T08:00:00.000Z,60520,60520,60342.1,60430.6,630.851,38123416.38717
1782550800000,2026-06-27T09:00:00.000Z,60430.6,60486.2,60254.8,60392.4,735.9512,44411505.52343
1782554400000,2026-06-27T10:00:00.000Z,60392.4,60462.8,60338.1,60386.7,404.7458,24449411.25216
1782558000000,2026-06-27T11:00:00.000Z,60386.7,60423.7,60370,60403.9,14.0454,848324.41305
