time_ms,time_iso,open,high,low,close,volume_base,volume_quote
1658160000000,2022-07-18T16:00:00.000Z,22682,23197,21403,23130.5,327085.346,7250408304.4155
1658246400000,2022-07-19T16:00:00.000Z,23130.5,24270,22942,24167.5,272302.372,6409498454.821
1658332800000,2022-07-20T16:00:00.000Z,24167.5,24195,22338,22637.5,260908.666,6020309631.327
1658419200000,2022-07-21T16:00:00.000Z,22637.5,23768,22627.5,23279,234979.071,5456258022.3045
1658505600000,2022-07-22T16:00:00.000Z,23279,23329.5,22050,22208,196419.427,4452450720.551
1658592000000,2022-07-23T16:00:00.000Z,22208,22904.5,21934.5,22850,183468.089,4129440966.8785
1658678400000,2022-07-24T16:00:00.000Z,22850,23006.5,21681.5,21884.5,196355.195,4352931578.138
1658764800000,2022-07-25T16:00:00.000Z,21884.5,22245,20709,20733,201494.103,4290669845.497
1658851200000,2022-07-26T16:00:00.000Z,20733,21543,20730,21529.5,181220.594,3836607985.0445
1658937600000,2022-07-27T16:00:00.000Z,21529.5,23987,21456.5,23748,291547.643,6653339107.2975
1659024000000,2022-07-28T16:00:00.000Z,23748,24459.5,23421,24013.5,224293.906,5361190125.694
1659110400000,2022-07-29T16:00:00.000Z,24013.5,24685,23612,24526,163329.074,3919951402.7655
1659196800000,2022-07-30T16:00:00.000Z,24526,24598,23509.5,23757,148662.895,3546885656.7845
1659283200000,2022-07-31T16:00:00.000Z,23757,24179,22936.5,23317.5,182028.309,4255032310.0435
1659369600000,2022-08-01T16:00:00.000Z,23317.5,23429.5,22645.5,22961.5,203722.205,4672144671.6095
1659456000000,2022-08-02T16:00:00.000Z,22961.5,23645.5,22676.5,23360,202829.22,4696431878.9585
1659542400000,2022-08-03T16:00:00.000Z,23360,23574,22710.5,22909.5,192161.226,4426415965.484
1659628800000,2022-08-04T16:00:00.000Z,22909.5,23473.5,22379,22989.5,196776.384,4521634327.7145
1659715200000,2022-08-05T16:00:00.000Z,22989.5,23338.5,22743.5,23189,109685.95,2534803069.9595
1659801600000,2022-08-06T16:00:00.000Z,23189,23246,22839,23008,111193.889,2561865710.77
1659888000000,2022-08-07T16:00:00.000Z,23008,24246,22985,23996,190601.859,4510404883.4195
1659974400000,2022-08-08T16:00:00.000Z,23996,24106.5,22856,23062,184045.747,4339685392.133
1660060800000,2022-08-09T16:00:00.000Z,23062,24164.5,22644.5,23996,193974.443,4519496025.883
1660147200000,2022-08-10T16:00:00.000Z,23996,24925.5,23484,24348,211754.466,5159025821.166
1660233600000,2022-08-11T16:00:00.000Z,24348,24420,23572.5,23964,171551.111,4111337062.088
1660320000000,2022-08-12T16:00:00.000Z,23964,24887.5,23940,24513,161453.203,3947573119.956
1660406400000,2022-08-13T16:00:00.000Z,24513,25038.5,24322,24517,150307.768,3698050831.8085
1660492800000,2022-08-14T16:00:00.000Z,24517,25207,23863,24211.5,222143.42,5419613292.2225
1660579200000,2022-08-15T16:00:00.000Z,24211.5,24258,23660.5,23885,167756.456,4024861416.7905
1660665600000,2022-08-16T16:00:00.000Z,23885,24438,23314,23381,193629.328,4617166599.0285
1660752000000,2022-08-17T16:00:00.000Z,23381,23617.5,23170,23438,142651.6,3340271701.649
1660838400000,2022-08-18T16:00:00.000Z,23438,23452,21250.5,21431.5,252090.125,5617521997.1365
1660924800000,2022-08-19T16:00:00.000Z,21431.5,21640,20771.5,21287,160593.182,3402531028.365
1661011200000,2022-08-20T16:00:00.000Z,21287,21569,20753,21408,161285.284,3424503690.8165
1661097600000,2022-08-21T16:00:00.000Z,21408,21774,20890,21387.5,197947.197,4219858934.0685
1661184000000,2022-08-22T16:00:00.000Z,21387.5,21678.5,20881,21473.5,211283.161,4500378397.821
1661270400000,2022-08-23T16:00:00.000Z,21473.5,21648.5,21136.5,21612,166930.754,3573320100.9005
1661356800000,2022-08-24T16:00:00.000Z,21612,21894,21300,21557.5,185819.733,4018177331.0845
1661443200000,2022-08-25T16:00:00.000Z,21557.5,21860,20627.5,20763.5,249839.354,5343495596.5935
1661529600000,2022-08-26T16:00:00.000Z,20763.5,20822,19784,19967,193084.742,3916206552.784
1661616000000,2022-08-27T16:00:00.000Z,19967,20142.5,19797,20006,138889.549,2774661008.7235
1661702400000,2022-08-28T16:00:00.000Z,20006,20374.5,19506.5,20259,209122.263,4162992633.693
1661788800000,2022-08-29T16:00:00.000Z,20259,20572.5,19641,19746.5,204372.327,4132772592.9415
1661875200000,2022-08-30T16:00:00.000Z,19746.5,20488,19528.5,20130,223473.016,4489814300.3645
1661961600000,2022-08-31T16:00:00.000Z,20130,20317.5,19643.5,19772,211989.07,4237478686.827
1662048000000,2022-09-01T16:00:00.000Z,19772,20437,19554.5,20355,214116.182,4298653824.104
1662134400000,2022-09-02T16:00:00.000Z,20355,20376,19719,19757,153849.511,3061651213.8685
1662220800000,2022-09-03T16:00:00.000Z,19757,19923.5,19574.5,19776,134173.988,2649672385.241
1662307200000,2022-09-04T16:00:00.000Z,19776,20050,19625,19844,168044.093,3328782879.9735
1662393600000,2022-09-05T16:00:00.000Z,19844,20180,19652,19807.5,223337.609,4432183361.7385
1662480000000,2022-09-06T16:00:00.000Z,19807.5,19842,18507.5,18859.5,239153.363,4521347954.492
1662566400000,2022-09-07T16:00:00.000Z,18859.5,19459.5,18842,19251,214506.742,4121376238.1715
1662652800000,2022-09-08T16:00:00.000Z,19251,21339,19092,21264,259223.155,5269122394.49
1662739200000,2022-09-09T16:00:00.000Z,21264,21670.5,21126.5,21223.5,152653.099,3255836517.3755
1662825600000,2022-09-10T16:00:00.000Z,21223.5,21807.5,21175.5,21639.5,143858.533,3101501214.353
1662912000000,2022-09-11T16:00:00.000Z,21639.5,22477,21455.5,22116.5,201683.484,4432079080.749
1662998400000,2022-09-12T16:00:00.000Z,22116.5,22790,20772.5,20833.5,248275.802,5461790352.9625
1663084800000,2022-09-13T16:00:00.000Z,20833.5,20922.5,19859,20177,209558.744,4260764430.018
1663171200000,2022-09-14T16:00:00.000Z,20177,20384,19485.5,19725,220314.142,4409723119.154
1663257600000,2022-09-15T16:00:00.000Z,19725,19934,19450,19648,163429.854,3223747190.066
1663344000000,2022-09-16T16:00:00.000Z,19648,20052.5,19312,19950.5,139448.667,2756192138.3285
1663430400000,2022-09-17T16:00:00.000Z,19950.5,20179,19715,19801,142720.633,2852226310.1295
1663516800000,2022-09-18T16:00:00.000Z,19801,19864,18230,19079.5,269371.33,5120290493.6835
1663603200000,2022-09-19T16:00:00.000Z,19079.5,19681,18769,19224,223056.683,4295001654.012
1663689600000,2022-09-20T16:00:00.000Z,19224,19475,18722.5,19187.5,218143.152,4153649668.9495
1663776000000,2022-09-21T16:00:00.000Z,19187.5,19997.5,18135.5,18982.5,332004.646,6294210990.302
1663862400000,2022-09-22T16:00:00.000Z,18982.5,19499,18519.5,18705,225773.308,4303151383.178
1663948800000,2022-09-23T16:00:00.000Z,18705,19388.5,18557,19111,160640.715,3051230027.613
1664035200000,2022-09-24T16:00:00.000Z,19111,19182.5,18798,18978,132971.074,2526588362.1925
1664121600000,2022-09-25T16:00:00.000Z,18978,19318.5,18617.5,19114,228475.505,4330930338.969
1664208000000,2022-09-26T16:00:00.000Z,19114,20380,18965,19892,246830.418,4908031774.508
1664294400000,2022-09-27T16:00:00.000Z,19892,19954,18458,19489,320547.993,6094014717.1925
1664380800000,2022-09-28T16:00:00.000Z,19489,19780,18830.5,19278,275029.535,5326989459.452
1664467200000,2022-09-29T16:00:00.000Z,19278,20176.5,19113,19756.5,286901.737,5602882762.337
1664553600000,2022-09-30T16:00:00.000Z,19756.5,19871,19145,19318.5,156231.512,3038783898.9195
1664640000000,2022-10-01T16:00:00.000Z,19318.5,19385.5,19024,19133.5,116494.733,2240554627.787
1664726400000,2022-10-02T16:00:00.000Z,19133.5,19494.5,18906,19338,181442.15,3484785310.481
1664812800000,2022-10-03T16:00:00.000Z,19338,20280,19311,20099,237634.848,4703046262.4685
1664899200000,2022-10-04T16:00:00.000Z,20099,20466.5,19740,19999.5,208107.332,4182275713.3975
1664985600000,2022-10-05T16:00:00.000Z,19999.5,20448,19873.5,20000.5,251059.408,5067396511.8635
1665072000000,2022-10-06T16:00:00.000Z,20000.5,20255,19457,19570,204500.655,4061878022.992
1665158400000,2022-10-07T16:00:00.000Z,19570,19629.5,19313.5,19478,125659.53,2447947520.917
1665244800000,2022-10-08T16:00:00.000Z,19478,19540,19228,19521,121628.683,2362153387.135
1665331200000,2022-10-09T16:00:00.000Z,19521,19541.5,19120,19261.5,150922.021,2921591903.6875
1665417600000,2022-10-10T16:00:00.000Z,19261.5,19348,18850,19133.5,196457.957,3751204094.8865
1665504000000,2022-10-11T16:00:00.000Z,19133.5,19188.5,18910,19129,151592.452,2892181528.4805
1665590400000,2022-10-12T16:00:00.000Z,19129,19223.5,18130,18940,259493.719,4867953018.265
1665676800000,2022-10-13T16:00:00.000Z,18940,19953.5,18894,19347.5,259956.566,5077122976.2825
1665763200000,2022-10-14T16:00:00.000Z,19347.5,19388.5,19028,19121,124408.099,2385206078.64
1665849600000,2022-10-15T16:00:00.000Z,19121,19180.5,18966,19145.5,94642.713,1808374143.9825
1665936000000,2022-10-16T16:00:00.000Z,19145.5,19675.5,19090,19534.5,184993.243,3580376071.279
1666022400000,2022-10-17T16:00:00.000Z,19534.5,19704.5,19280,19363,184080.651,3596400094.218
1666108800000,2022-10-18T16:00:00.000Z,19363,19431,19056,19256.5,187636.645,3607381120.507
1666195200000,2022-10-19T16:00:00.000Z,19256.5,19338,18892,19245,175388.222,3357772241.604
1666281600000,2022-10-20T16:00:00.000Z,19245,19246,18635,19151,196322.782,3728447018.848
1666368000000,2022-10-21T16:00:00.000Z,19151,19243,19077.5,19220,100178.338,1919477775.326
1666454400000,2022-10-22T16:00:00.000Z,19220,19233.5,19060.5,19179,85404.222,1636812581.826
1666540800000,2022-10-23T16:00:00.000Z,19179,19694,19147,19291,207934.996,4031015862.392
1666627200000,2022-10-24T16:00:00.000Z,19291,19807.5,19212.5,19748,154497.313,2996825620.586
1666713600000,2022-10-25T16:00:00.000Z,19748,21020,19721.5,20845.5,296347.548,6033301451.8245
1666800000000,2022-10-26T16:00:00.000Z,20845.5,20994,20431,20563.5,184246.468,3814721210.354
1666886400000,2022-10-27T16:00:00.000Z,20563.5,20679.5,19983,20482,198696.378,4035079582.1535
1666972800000,2022-10-28T16:00:00.000Z,20482,21089,20450.5,20923.5,170460.634,3535435443.104
1667059200000,2022-10-29T16:00:00.000Z,20923.5,20979.5,20618.5,20679,111947.801,2326198481.737
1667145600000,2022-10-30T16:00:00.000Z,20679,20843.5,20226.5,20388,179896.553,3698844903.0085
1667232000000,2022-10-31T16:00:00.000Z,20388,20695,20317.5,20432.5,142455.076,2919816877.279
1667318400000,2022-11-01T16:00:00.000Z,20432.5,20559,20340,20398.5,117295.06,2398563702.393
1667404800000,2022-11-02T16:00:00.000Z,20398.5,20800,20025,20252.5,223850.52,4551460260.931
1667491200000,2022-11-03T16:00:00.000Z,20252.5,21305.5,20148,20838.5,208850.464,4308848612.0025
1667577600000,2022-11-04T16:00:00.000Z,20838.5,21476,20675,21302,158284.345,3352713579.4375
1667664000000,2022-11-05T16:00:00.000Z,21302,21380.5,21146.5,21244,98388.82,2091680992.9555
1667750400000,2022-11-06T16:00:00.000Z,21244,21282,20570,20754.5,184309.157,3847718631.975
1667836800000,2022-11-07T16:00:00.000Z,20754.5,20878,19219,19515,268833.617,5371510214.2625
1667923200000,2022-11-08T16:00:00.000Z,19514,20674,16839,17105.5,592387.757,10903366768.364
1668009600000,2022-11-09T16:00:00.000Z,17105.5,17939.5,15481,17543.5,498982.237,8304318900.839
1668096000000,2022-11-10T16:00:00.000Z,17543.5,18170,16335,16862,329692.916,5694845787.1965
1668182400000,2022-11-11T16:00:00.000Z,16862,17131,16530.5,16919,178123.623,2996638474.9075
1668268800000,2022-11-12T16:00:00.000Z,16919,16948,16421.5,16572.5,141129.959,2359740052.474
1668355200000,2022-11-13T16:00:00.000Z,16572.5,17189,15805,16586.5,305054.155,5029709269.7625
1668441600000,2022-11-14T16:00:00.000Z,16586.5,17125,16172,16985.5,233163.455,3901314011.188
1668528000000,2022-11-15T16:00:00.000Z,16985.5,17069,16373.5,16431,209377.042,3509124591.129
1668614400000,2022-11-16T16:00:00.000Z,16431,16754.5,16402.5,16526,178428.474,2954799685.6145
1668700800000,2022-11-17T16:00:00.000Z,16526,16988.5,16509.5,16694,174837.457,2930302492.578
1668787200000,2022-11-18T16:00:00.000Z,16694,16729.5,16538.5,16646.5,115437.306,1919310279.9875
1668873600000,2022-11-19T16:00:00.000Z,16646.5,16805.5,16457,16572.5,146531.052,2436958865.0505
1668960000000,2022-11-20T16:00:00.000Z,16572.5,16604,15889,16125,215078.82,3480882238.7875
1669046400000,2022-11-21T16:00:00.000Z,16125,16307.5,15453,16243,274470.891,4354504617.2095
1669132800000,2022-11-22T16:00:00.000Z,16243,16660,16056.5,16430,204741.791,3358899430.1225
1669219200000,2022-11-23T16:00:00.000Z,16430,16805.5,16325,16560,192784.357,3196587807.258
1669305600000,2022-11-24T16:00:00.000Z,16560,16673,16340.5,16508,156972.767,2591698914.1515
1669392000000,2022-11-25T16:00:00.000Z,16508,16694.5,16458,16514,123335.949,2043602609.2025
1669478400000,2022-11-26T16:00:00.000Z,16514,16595,16383,16570,122185.103,2018734210.6475
1669564800000,2022-11-27T16:00:00.000Z,16570,16591,16048.5,16136,172751.425,2810396813.539
1669651200000,2022-11-28T16:00:00.000Z,16136,16546,15997,16394.5,206307.443,3367725726.8075
1669737600000,2022-11-29T16:00:00.000Z,16394.5,17086,16345,16863.5,189671.195,3179271986.723
1669824000000,2022-11-30T16:00:00.000Z,16863.5,17339,16709.5,16976.5,208719.253,3560418414.359
1669910400000,2022-12-01T16:00:00.000Z,16976.5,17099.5,16782,16937,163121.529,2763915874.423
1669996800000,2022-12-02T16:00:00.000Z,16937,17155.5,16890.5,16961.5,116022.88,1970598740.166
1670083200000,2022-12-03T16:00:00.000Z,16961.5,17069,16862.5,17026.5,137101.175,2327119845.6035
1670169600000,2022-12-04T16:00:00.000Z,17026.5,17421,16972,17084.5,207843.386,3574301501.9485
1670256000000,2022-12-05T16:00:00.000Z,17084.5,17128.5,16870.5,16979,144125.543,2450200036.1705
1670342400000,2022-12-06T16:00:00.000Z,16979,17137,16680,16824.5,173545.358,2934927175.519
1670428800000,2022-12-07T16:00:00.000Z,16824.5,16953,16722.5,16912.5,135287.884,2275931319.826
1670515200000,2022-12-08T16:00:00.000Z,16912.5,17352.5,16907,17175,173739.858,2983894071.344
1670601600000,2022-12-09T16:00:00.000Z,17175,17217,17062,17206,92352.869,1583515947.3745
1670688000000,2022-12-10T16:00:00.000Z,17206,17225.5,17095,17151,82712.453,1419246979
1670774400000,2022-12-11T16:00:00.000Z,17151,17268.5,16870.5,17004.5,150810.908,2565919092.7965
1670860800000,2022-12-12T16:00:00.000Z,17004.5,18000,16981.5,17756,225266.808,3923683472.485
1670947200000,2022-12-13T16:00:00.000Z,17756,18100,17620.5,18055,154389.482,2754336773.649
1671033600000,2022-12-14T16:00:00.000Z,18055,18380,17380,17428,246465.532,4391818233.363
1671120000000,2022-12-15T16:00:00.000Z,17428,17529,16879.5,16961,215516.588,3714962897.4255
1671206400000,2022-12-16T16:00:00.000Z,16961,16967,16523.5,16688.5,177921.761,2974941616.4335
1671292800000,2022-12-17T16:00:00.000Z,16688.5,16786.5,16638,16673,103688.7,1732614787.228
1671379200000,2022-12-18T16:00:00.000Z,16673,16847,16618.5,16661,138258.859,2311820350.9115
1671465600000,2022-12-19T16:00:00.000Z,16661,17042.5,16246,16909,224773.803,3749066787.3255
1671552000000,2022-12-20T16:00:00.000Z,16909,16923,16722,16849.5,145334.718,2446554840.5355
1671638400000,2022-12-21T16:00:00.000Z,16849.5,16853,16605.5,16630.5,156348.377,2623291987.2
1671724800000,2022-12-22T16:00:00.000Z,16630.5,16943,16560,16826,169246.507,2841390627.616
1671811200000,2022-12-23T16:00:00.000Z,16826,16848.5,16761,16828,79324.042,1333857275.0235
1671897600000,2022-12-24T16:00:00.000Z,16828,16852,16715,16784.5,96634.953,1624730779.262
1671984000000,2022-12-25T16:00:00.000Z,16784.5,16909,16724,16800.5,111557.966,1877242447.1415
1672070400000,2022-12-26T16:00:00.000Z,16800.5,16956,16723,16787,116112.943,1955159018.496
1672156800000,2022-12-27T16:00:00.000Z,16787,16790.5,16555,16571.5,169423.76,2823125197.068
1672243200000,2022-12-28T16:00:00.000Z,16571.5,16657.5,16464.5,16608,141493.588,2344754525.875
1672329600000,2022-12-29T16:00:00.000Z,16608,16646.5,16342.5,16555,168702.845,2788705000.549
1672416000000,2022-12-30T16:00:00.000Z,16555,16667,16518,16589,123026.877,2038868066.2815
1672502400000,2022-12-31T16:00:00.000Z,16589,16610,16474.5,16554,89417.826,1479127334.8885
1672588800000,2023-01-01T16:00:00.000Z,16554,16761.5,16543,16725.5,146087.415,2433742677.1845
1672675200000,2023-01-02T16:00:00.000Z,16725.5,16790,16615,16672,136852.876,2285159613.496
1672761600000,2023-01-03T16:00:00.000Z,16672,16918.5,16599.5,16852,187058.368,3138041615.923
1672848000000,2023-01-04T16:00:00.000Z,16852,16990,16746.5,16835,175317.008,2952442689.152
1672934400000,2023-01-05T16:00:00.000Z,16835,16860.5,16675,16831,135280.87,2271094562.183
1673020800000,2023-01-06T16:00:00.000Z,16831,17034.5,16799.5,16938,130152.892,2202558134.3065
1673107200000,2023-01-07T16:00:00.000Z,16938,17015,16914,16995.5,78894.011,1336541439.8415
1673193600000,2023-01-08T16:00:00.000Z,16995.5,17328.5,16920.5,17267.5,199097.656,3414111231.55
1673280000000,2023-01-09T16:00:00.000Z,17267.5,17392.5,17128,17322.5,179650.826,3099664073.2
1673366400000,2023-01-10T16:00:00.000Z,17322.5,17501.5,17282,17334.5,134971.929,2350483489.322
1673452800000,2023-01-11T16:00:00.000Z,17334.5,18383,17330,18083.5,291632.235,5243222799.9645
1673539200000,2023-01-12T16:00:00.000Z,18083.5,19302,18053.5,19256.5,261472.143,4927971561.829
1673625600000,2023-01-13T16:00:00.000Z,19256.5,21532,19060,20797.5,410212.166,8375098681.206
1673712000000,2023-01-14T16:00:00.000Z,20797.5,21086,20580,20926,177264.905,3684516412.204
1673798400000,2023-01-15T16:00:00.000Z,20926,21452,20620.5,20995,250941.244,5265008940.108
1673884800000,2023-01-16T16:00:00.000Z,20995,21620,20843,21183.5,236689.07,5016270039.2435
1673971200000,2023-01-17T16:00:00.000Z,21183.5,21661.5,20836,21041.5,220520.998,4692731718.1835
1674057600000,2023-01-18T16:00:00.000Z,21041.5,21138,20408.5,20873,228591.864,4754393707.4
1674144000000,2023-01-19T16:00:00.000Z,20873,21245,20796,21144.5,173791.654,3655200971.327
1674230400000,2023-01-20T16:00:00.000Z,21144.5,23338,21143.5,23005,337347.637,7580288034.9845
1674316800000,2023-01-21T16:00:00.000Z,23005,23365,22614.5,22784.5,200528.383,4604168711.462
1674403200000,2023-01-22T16:00:00.000Z,22784.5,23133,22280,22840,204890.94,4659361698.2675
1674489600000,2023-01-23T16:00:00.000Z,22840,23185,22653,22918,196029.562,4497393277.4335
1674576000000,2023-01-24T16:00:00.000Z,22918,23068,22328,22572.5,205829.059,4664231394.1515
1674662400000,2023-01-25T16:00:00.000Z,22572.5,23828,22510,22950.5,267736.654,6173869907.36
1674748800000,2023-01-26T16:00:00.000Z,22950.5,23166,22518.5,22929,184308.771,4226670628.835
1674835200000,2023-01-27T16:00:00.000Z,22929,23497.5,22870,23006,137819.132,3180095336.598
1674921600000,2023-01-28T16:00:00.000Z,23006,23669,22934,23516,177531.758,4134107490.5085
1675008000000,2023-01-29T16:00:00.000Z,23516,23970,22962,23173.5,257220.255,6038380980.124
1675094400000,2023-01-30T16:00:00.000Z,23173.5,23244,22485,23110,183806.709,4208336967.487
1675180800000,2023-01-31T16:00:00.000Z,23110,23330,22802,22974,155979.821,3598304658.16
1675267200000,2023-02-01T16:00:00.000Z,22974,24266,22750.5,23837,225013.962,5307872625.1875
1675353600000,2023-02-02T16:00:00.000Z,23837,24141.5,23223,23595.5,197219.432,4645190112.7845
1675440000000,2023-02-03T16:00:00.000Z,23595.5,23709,23200.5,23412,124994.204,2926252090.6475
1675526400000,2023-02-04T16:00:00.000Z,23412,23463.5,23000,23097.5,120381.082,2805310781.209
1675612800000,2023-02-05T16:00:00.000Z,23097.5,23151,22610,23042.5,171894.551,3933421499.747
1675699200000,2023-02-06T16:00:00.000Z,23042.5,23150,22629.5,22898.5,140999.796,3233145432.411
1675785600000,2023-02-07T16:00:00.000Z,22898.5,23450,22760,22867,184946.649,4277310529.0035
1675872000000,2023-02-08T16:00:00.000Z,22867,23034.5,22353.5,22602.5,202523.172,4603882130.4235
1675958400000,2023-02-09T16:00:00.000Z,22602.5,22615.5,21503,21651,214457.15,4703763682.511
1676044800000,2023-02-10T16:00:00.000Z,21651,21788,21435,21725,124325.007,2692711694.1935
1676131200000,2023-02-11T16:00:00.000Z,21725,21985.5,21610.5,21926,109799.266,2393121346.5125
1676217600000,2023-02-12T16:00:00.000Z,21926,22072.5,21411.5,21555,176098.574,3828771594.135
1676304000000,2023-02-13T16:00:00.000Z,21555,22300,21340,22028.5,225956.139,4921563198.2515
1676390400000,2023-02-14T16:00:00.000Z,22028.5,22899.5,21913,22810.5,194868.809,4356196253.2805
1676476800000,2023-02-15T16:00:00.000Z,22810.5,25081,22742.5,25074.5,289371.987,6991616128.721
1676563200000,2023-02-16T16:00:00.000Z,25074.5,25255,23351,24123,289580.054,6986056084.066
1676649600000,2023-02-17T16:00:00.000Z,24123,25031,23907.5,24661.5,210738.747,5163996311.149
1676736000000,2023-02-18T16:00:00.000Z,24661.5,25047,24512.5,24919.5,133114.143,3288385569.7235
1676822400000,2023-02-19T16:00:00.000Z,24919.5,25187,23830,24954.5,267172.033,6575363717.5255
1676908800000,2023-02-20T16:00:00.000Z,24954.5,25283.5,24386.5,24550.5,214764.512,5324768571.894
1676995200000,2023-02-21T16:00:00.000Z,24550.5,24742,23625.5,23714,233857.501,5651298816.8395
1677081600000,2023-02-22T16:00:00.000Z,23714,24585.5,23566,23940.5,259864.783,6249340534.574
1677168000000,2023-02-23T16:00:00.000Z,23940.5,24119,23323,23340,188851.642,4499895784.673
1677254400000,2023-02-24T16:00:00.000Z,23340,23341.5,22824.5,22997,165736.289,3824914363.6285
1677340800000,2023-02-25T16:00:00.000Z,22997,23313,22712,23240,134604.377,3110239434.055
1677427200000,2023-02-26T16:00:00.000Z,23240,23890,23131,23543,177640.339,4174172416.1155
1677513600000,2023-02-27T16:00:00.000Z,23543,23599,23098,23509,170330.492,3979621918.152
1677600000000,2023-02-28T16:00:00.000Z,23509,24008,23012,23709.5,209030.602,4916557546.6875
1677686400000,2023-03-01T16:00:00.000Z,23709.5,23796,23189,23350,165264.868,3878056623.111
1677772800000,2023-03-02T16:00:00.000Z,23350,23550,21934.5,22326.5,202961.78,4599628595.937
1677859200000,2023-03-03T16:00:00.000Z,22326.5,22431,22136.5,22309.5,104276.995,2327847779.2245
1677945600000,2023-03-04T16:00:00.000Z,22309.5,22643.5,22150,22422,126634.357,2833236441.978
1678032000000,2023-03-05T16:00:00.000Z,22422,22583,22243,22534.5,115651.331,2590619974.6645
1678118400000,2023-03-06T16:00:00.000Z,22534.5,22566,21917.5,22305.5,166638.913,3723305906.8475
1678204800000,2023-03-07T16:00:00.000Z,22305.5,22376,21840,22124.5,187169.323,4134460345.596
1678291200000,2023-03-08T16:00:00.000Z,22124.5,22202.5,21525,21634,174202.555,3792687642.613
1678377600000,2023-03-09T16:00:00.000Z,21634,21666.5,19542,19990.5,404703.234,8208134210.6575
1678464000000,2023-03-10T16:00:00.000Z,19990.5,20665,19763,20055,240778.079,4849976138.686
1678550400000,2023-03-11T16:00:00.000Z,20055,20530,19990,20362.5,161825.616,3292453789.5955
1678636800000,2023-03-12T16:00:00.000Z,20362.5,24522,20348.5,24011,451830.494,10037367903.2125
1678723200000,2023-03-13T16:00:00.000Z,24011,26483,23773,25923.5,311767.305,7743087113.2465
1678809600000,2023-03-14T16:00:00.000Z,25923.5,26021,23973.5,24483,318020.77,7889797941.0425
1678896000000,2023-03-15T16:00:00.000Z,24483,25076.5,23900,24888.5,221852.846,5436560227.7375
1678982400000,2023-03-16T16:00:00.000Z,24888.5,26975,24621,26420,271014.861,7010181208.264
1679068800000,2023-03-17T16:00:00.000Z,26420,27766,26269,27228.5,218757.17,5950670599.617
1679155200000,2023-03-18T16:00:00.000Z,27228.5,27761.5,26574,27550,183264.224,4975705357.064
1679241600000,2023-03-19T16:00:00.000Z,27550,28477.5,27133.5,27689,252734.605,7053114562.3505
1679328000000,2023-03-20T16:00:00.000Z,27689,28248,27303,28036,193669.993,5386981664.3765
1679414400000,2023-03-21T16:00:00.000Z,28036,28744,27906,28591,165343.874,4664100767.8065
1679500800000,2023-03-22T16:00:00.000Z,28591,28876.5,26603.5,28585.5,276418.474,7663215798.5565
1679587200000,2023-03-23T16:00:00.000Z,28585.5,28650,27328,28007.5,196769.518,5530773772.8195
1679673600000,2023-03-24T16:00:00.000Z,28007.5,28045,26980,27642.5,145289.843,3999401577.024
1679760000000,2023-03-25T16:00:00.000Z,27642.5,28200,27155,27802,133609.063,3692425841.08
1679846400000,2023-03-26T16:00:00.000Z,27802,28150.5,26500,26896.5,159884.59,4416202235.283
1679932800000,2023-03-27T16:00:00.000Z,26896.5,27304,26630,26996.5,155751.85,4204957227.4365
1680019200000,2023-03-28T16:00:00.000Z,26996.5,28654,26752,28437.5,183588.86,5103634813.1085
1680105600000,2023-03-29T16:00:00.000Z,28437.5,29185,28088.5,28299,171878.429,4900277747.39
1680192000000,2023-03-30T16:00:00.000Z,28299,28659.5,27508.5,28492.5,175502.321,4926138338.402
1680278400000,2023-03-31T16:00:00.000Z,28492.5,28835,28216.5,28399,118814.785,3381039957.1375
1680364800000,2023-04-01T16:00:00.000Z,28399,28579,28035,28127.5,108939.774,3089984446.034
1680451200000,2023-04-02T16:00:00.000Z,28127.5,28534.5,27565,28041.5,161063.523,4517610927.682
1680537600000,2023-04-03T16:00:00.000Z,28041.5,28447,27187.5,28023.5,154478.014,4320543259.378
1680624000000,2023-04-04T16:00:00.000Z,28023.5,28783.5,27849.5,28023.5,148813.489,4220738332.712
1680710400000,2023-04-05T16:00:00.000Z,28023.5,28307,27680,28069.5,141040.11,3948420171.6465
1680796800000,2023-04-06T16:00:00.000Z,28069.5,28144.5,27753.5,27923,112184.705,3134754712.477
1680883200000,2023-04-07T16:00:00.000Z,27923,28141,27820.5,27997,86255.451,2412360604.711
1680969600000,2023-04-08T16:00:00.000Z,27997,28066.5,27768.5,27869.5,86830.27,2424297133.6305
1681056000000,2023-04-09T16:00:00.000Z,27869.5,28555.5,27853.5,28415,114859.556,3244829017.699
1681142400000,2023-04-10T16:00:00.000Z,28415,30446,28363.5,30189,208035.39,6180083801.879
1681228800000,2023-04-11T16:00:00.000Z,30189,30566,29642,29965.5,172622.962,5196300938.5545
1681315200000,2023-04-12T16:00:00.000Z,29965.5,30599.5,29758.5,30438,134357.955,4047478982.682
1681401600000,2023-04-13T16:00:00.000Z,30438,31061.5,30092.5,30237,159818.515,4889332695.42
1681488000000,2023-04-14T16:00:00.000Z,30237,30579.5,29950,30311,101505.505,3079107373.5505
1681574400000,2023-04-15T16:00:00.000Z,30311,30374,30105,30316.5,82599.36,2500341534.213
1681660800000,2023-04-16T16:00:00.000Z,30316.5,30550,29222.5,29350.5,142291.277,4251123203.304
1681747200000,2023-04-17T16:00:00.000Z,29350.5,30470,29085,30164,159296.252,4742754649.506
1681833600000,2023-04-18T16:00:00.000Z,30164,30451,28926.5,29246.5,163695.49,4866077746.247
1681920000000,2023-04-19T16:00:00.000Z,29246.5,29363,28319,28494.5,168936.922,4877910297.316
1682006400000,2023-04-20T16:00:00.000Z,28494.5,28641.5,27800.5,28030,158281.938,4460352716.7095
1682092800000,2023-04-21T16:00:00.000Z,28030,28082,27122,27470.5,145182.641,3978353401.6735
1682179200000,2023-04-22T16:00:00.000Z,27470.5,27868,27299.5,27453.5,123659.211,3413197531.899
1682265600000,2023-04-23T16:00:00.000Z,27453.5,27980,27142.5,27250,160935.335,4429100556.061
1682352000000,2023-04-24T16:00:00.000Z,27250,27576,26941.5,27323,135643.363,3708763885.796
1682438400000,2023-04-25T16:00:00.000Z,27323,30034.5,27298,29800,243122.032,6976666585.904
1682524800000,2023-04-26T16:00:00.000Z,29800,29886.5,27218,29124.5,279210.689,8019226265.926
1682611200000,2023-04-27T16:00:00.000Z,29124.5,29879.5,28867,29128.5,172081.716,5051700104.648
1682697600000,2023-04-28T16:00:00.000Z,29128.5,29425.5,29081,29255,98322.819,2879133369.9305
1682784000000,2023-04-29T16:00:00.000Z,29255,29941.5,29012.5,29637,111872.27,3279388557.2775
1682870400000,2023-04-30T16:00:00.000Z,29637,29847.5,28048.5,28162,171071.008,4926617769.9185
1682956800000,2023-05-01T16:00:00.000Z,28162,28748,27647,28514.5,176537.782,4962498856.6645
1683043200000,2023-05-02T16:00:00.000Z,28514.5,28866,28102.5,28297.5,143538.95,4092269177.4245
1683129600000,2023-05-03T16:00:00.000Z,28297.5,29389,28193.5,28849,194784.998,5617235340.4355
1683216000000,2023-05-04T16:00:00.000Z,28849,29535.5,28655,29337,154452.826,4490033445.914
1683302400000,2023-05-05T16:00:00.000Z,29337,29837.5,28338.5,28560,157289.852,4598975696.258
1683388800000,2023-05-06T16:00:00.000Z,28560,29126,28527,28927,109172.181,3148610612.0665
1683475200000,2023-05-07T16:00:00.000Z,28927,29013.5,27567,27874,162832.205,4591646792.956
1683561600000,2023-05-08T16:00:00.000Z,27874,27915,27250,27391.5,134986.869,3721218765.982
1683648000000,2023-05-09T16:00:00.000Z,27391.5,28298,27330,28132.5,140730.008,3908853512.403
1683734400000,2023-05-10T16:00:00.000Z,28132.5,28279,26730,27162,193276.93,5301906325.6935
1683820800000,2023-05-11T16:00:00.000Z,27162,27205,26106,26306,167254.159,4451581647.1505
1683907200000,2023-05-12T16:00:00.000Z,26306,26962.5,25788,26804.5,130682.122,3473868528.287
1683993600000,2023-05-13T16:00:00.000Z,26804.5,27183.5,26558,27063.5,102647.034,2755516608.0005
1684080000000,2023-05-14T16:00:00.000Z,27063.5,27527,26701.5,27378,128328.647,3487541341.6015
1684166400000,2023-05-15T16:00:00.000Z,27378,27645,26835.5,27024,145726.268,3959830622.4715
1684252800000,2023-05-16T16:00:00.000Z,27024,27224.5,26523,26780,137923.458,3707643171.7145
1684339200000,2023-05-17T16:00:00.000Z,26780,27504.5,26727.5,27076.5,163181.948,4445260208.734
1684425600000,2023-05-18T16:00:00.000Z,27076.5,27165,26340,26862.5,163513.624,4385217278.433
1684512000000,2023-05-19T16:00:00.000Z,26862.5,26959,26760,26926.5,84588.104,2272097196.643
1684598400000,2023-05-20T16:00:00.000Z,26926.5,27265,26756.5,26878,103023.943,2781981823.9195
1684684800000,2023-05-21T16:00:00.000Z,26878,27086,26523,26860,129642.564,3472980793.5765
1684771200000,2023-05-22T16:00:00.000Z,26860,27499,26761,27316.5,126006.906,3421799123.2635
1684857600000,2023-05-23T16:00:00.000Z,27316.5,27328,26055.5,26298,169594.025,4537405748.403
1684944000000,2023-05-24T16:00:00.000Z,26298,26477,25850.5,26212.5,136990.173,3596017801.523
1685030400000,2023-05-25T16:00:00.000Z,26212.5,26919,26195,26734,124481.134,3298040894.4235
1685116800000,2023-05-26T16:00:00.000Z,26734,26821,26530,26676,86279.658,2303664800.175
1685203200000,2023-05-27T16:00:00.000Z,26676,27351.5,26605.5,27268.5,122563.917,3313981424.2825
1685289600000,2023-05-28T16:00:00.000Z,27268.5,28450,27208.5,27632.5,170860.507,4760581835.4785
1685376000000,2023-05-29T16:00:00.000Z,27632.5,28045.5,27527.5,27676,142776.204,3965023263.6165
1685462400000,2023-05-30T16:00:00.000Z,27676,27858.5,26821,26895,163608.043,4472336654.6995
1685548800000,2023-05-31T16:00:00.000Z,26895,27337.5,26595,26875,126222.835,3399084494.5775
1685635200000,2023-06-01T16:00:00.000Z,26875,27233,26482.5,27081.5,149091.756,4017939564.553
1685721600000,2023-06-02T16:00:00.000Z,27081.5,27317.5,26993.5,27283,101314.869,2750529858.526
1685808000000,2023-06-03T16:00:00.000Z,27283,27300,26905,27162.5,92220.788,2500734585.8595
1685894400000,2023-06-04T16:00:00.000Z,27162.5,27449.5,25964,25977,157308.655,4221005233.529
1685980800000,2023-06-05T16:00:00.000Z,25977,26130,25330,26048,195276.251,5019717222.461
1686067200000,2023-06-06T16:00:00.000Z,26048,27381,26045.5,26325.5,221621.917,5925401981.296
1686153600000,2023-06-07T16:00:00.000Z,26325.5,26799,26107.5,26699,148277.842,3914994987.106
1686240000000,2023-06-08T16:00:00.000Z,26699,26761,26254,26463.5,128064.801,3397703812.491
1686326400000,2023-06-09T16:00:00.000Z,26463.5,26515.5,25444,25616.5,148010.176,3840082509.204
1686412800000,2023-06-10T16:00:00.000Z,25616.5,26135,25335.5,25736,137602.474,3542442182.931
1686499200000,2023-06-11T16:00:00.000Z,25736,26186,25596.5,25808,132453.307,3429337670.0615
1686585600000,2023-06-12T16:00:00.000Z,25808,26411,25637,25745.5,157823.909,4103996956.497
1686672000000,2023-06-13T16:00:00.000Z,25745.5,26069.5,25720.5,25968.5,107272.797,2779904467.6265
1686758400000,2023-06-14T16:00:00.000Z,25968.5,26088.5,24776,24944,166913.766,4208698722.2695
1686844800000,2023-06-15T16:00:00.000Z,24944,25888,24920.5,25827.5,175697.428,4476624866.0585
1686931200000,2023-06-16T16:00:00.000Z,25827.5,26893.5,25758.5,26407.5,168339.311,4442530015.265
1687017600000,2023-06-17T16:00:00.000Z,26407.5,26673.5,26378,26556,106298.433,2818915399.423
1687104000000,2023-06-18T16:00:00.000Z,26556,26712,26249,26439,118177.016,3127170011.059
1687190400000,2023-06-19T16:00:00.000Z,26439,27175,26305,27063,173474.861,4649487510.877
1687276800000,2023-06-20T16:00:00.000Z,27063,30019,26996,29846.5,280318.672,7997621512.9195
1687363200000,2023-06-21T16:00:00.000Z,29846.5,30820,29536,29847,215427.782,6489114180.175
1687449600000,2023-06-22T16:00:00.000Z,29847,31469,29804.5,31243.5,156539.335,4732171599.7685
1687536000000,2023-06-23T16:00:00.000Z,31243.5,31435.5,30318,30404.5,139551.624,4296412357.2335
1687622400000,2023-06-24T16:00:00.000Z,30404.5,31050,30260,30585,103391.852,3169269520.344
1687708800000,2023-06-25T16:00:00.000Z,30585,30670,29965,30418,127646.898,3877264162.2315
1687795200000,2023-06-26T16:00:00.000Z,30418,31006.5,29926,30503.5,143001.038,4352384243.2835
1687881600000,2023-06-27T16:00:00.000Z,30503.5,30767.5,30011,30411.5,122085.783,3713701130.1925
1687968000000,2023-06-28T16:00:00.000Z,30411.5,30843,29832,30477.5,136096.932,4128829919.88
1688054400000,2023-06-29T16:00:00.000Z,30477.5,31304.5,29455,30042.5,182695.222,5581811080.551
1688140800000,2023-06-30T16:00:00.000Z,30042.5,30720,29905.5,30563,113442.084,3452534031.1335
1688227200000,2023-07-01T16:00:00.000Z,30563,30649.5,30142,30480,75566.816,2306377862.552
1688313600000,2023-07-02T16:00:00.000Z,30480,31175.5,30348.5,31070.5,108572.855,3329975324.8525
1688400000000,2023-07-03T16:00:00.000Z,31070.5,31398,30822.5,30969.5,122182.011,3797465141.5245
1688486400000,2023-07-04T16:00:00.000Z,30969.5,31137.5,30172.5,30337.5,119654.407,3668326954.0475
1688572800000,2023-07-05T16:00:00.000Z,30337.5,31556,29860,30383,178133.783,5460323740.377
1688659200000,2023-07-06T16:00:00.000Z,30383,30445,29688,30367.5,126336.938,3808305408.4205
1688745600000,2023-07-07T16:00:00.000Z,30367.5,30435,30091,30184,86604.701,2618223535.1135
1688832000000,2023-07-08T16:00:00.000Z,30184,30434,30020,30324.5,81581.635,2467475805.753
1688918400000,2023-07-09T16:00:00.000Z,30324.5,30345,29925.5,30287,109059.904,3288497646.504
1689004800000,2023-07-10T16:00:00.000Z,30287,31036,30177.5,30574.5,142989.505,4360705504.3145
1689091200000,2023-07-11T16:00:00.000Z,30574.5,30980,30381.5,30511.5,136125.386,4171854261.104
1689177600000,2023-07-12T16:00:00.000Z,30511.5,31199,30183,30911,129244.297,3940016840.317
1689264000000,2023-07-13T16:00:00.000Z,30911,31844,30715.5,31247.5,154399.884,4829243348.2865
1689350400000,2023-07-14T16:00:00.000Z,31247.5,31278.5,29871,30280,138307.922,4200240767.3755
1689436800000,2023-07-15T16:00:00.000Z,30280,30425,30038,30356.5,90879.284,2749996487.205
1689523200000,2023-07-16T16:00:00.000Z,30356.5,30380.5,29936,30156,109907.238,3321477173.6675
1689609600000,2023-07-17T16:00:00.000Z,30156,30268,29634,29891.5,139327.087,4175685344.9345
1689696000000,2023-07-18T16:00:00.000Z,29891.5,30177,29470,29935,131077.291,3919740572.8865
1689782400000,2023-07-19T16:00:00.000Z,29935,30399,29596,29785.5,135813.343,4078690226.848
1689868800000,2023-07-20T16:00:00.000Z,29785.5,29935,29540,29844,106729.257,3179276457.43
1689955200000,2023-07-21T16:00:00.000Z,29844,30039.5,29753.5,29879,85585.481,2557747184.141
1690041600000,2023-07-22T16:00:00.000Z,29879,29960,29606,29876.5,81383.592,2428563318.7725
1690128000000,2023-07-23T16:00:00.000Z,29876.5,30333.5,28848.5,29081.5,155955.091,4620286313.4515
1690214400000,2023-07-24T16:00:00.000Z,29081.5,29324.5,28981,29161.5,105865.454,3084317099.3055
1690300800000,2023-07-25T16:00:00.000Z,29161.5,29398,29075,29298.5,90153.245,2634006447.7695
1690387200000,2023-07-26T16:00:00.000Z,29298.5,29660,29171.5,29270.5,123451.368,3630351967.4375
1690473600000,2023-07-27T16:00:00.000Z,29270.5,29529,29059.5,29367.5,113528.851,3318561177.856
1690560000000,2023-07-28T16:00:00.000Z,29367.5,29384,29180,29276,75055.768,2199093778.584
1690646400000,2023-07-29T16:00:00.000Z,29276,29430,29215,29325,77068.533,2258703912.503
1690732800000,2023-07-30T16:00:00.000Z,29325,29510,29013.5,29227.5,115007.629,3372662842.9065
1690819200000,2023-07-31T16:00:00.000Z,29227.5,29324.5,28559.5,28934.5,128502.098,3725370750.0115
1690905600000,2023-08-01T16:00:00.000Z,28934.5,30043.5,28841,29309.5,171006.737,5035553076.0015
1690992000000,2023-08-02T16:00:00.000Z,29309.5,29414,28907,29238.5,126185.004,3678475392.2575
1691078400000,2023-08-03T16:00:00.000Z,29238.5,29353.5,29077,29247.5,100519.928,2935447130.6915
1691164800000,2023-08-04T16:00:00.000Z,29247.5,29264.5,28781,29023,91139.608,2648254021.7895
1691251200000,2023-08-05T16:00:00.000Z,29023,29121.5,28972.5,28997,69318.991,2013508452.785
1691337600000,2023-08-06T16:00:00.000Z,28997,29205,28784,28849.5,95285.899,2769122687.929
1691424000000,2023-08-07T16:00:00.000Z,28849.5,29674.5,28691,29532,140418.901,4104953520.032
1691510400000,2023-08-08T16:00:00.000Z,29532,30244,29529,29760,145225.027,4331772078.3305
1691596800000,2023-08-09T16:00:00.000Z,29760,29775.5,29362,29445,119618.241,3533626329.65
1691683200000,2023-08-10T16:00:00.000Z,29445,29550,29317.5,29380,95152.293,2799615769.221
1691769600000,2023-08-11T16:00:00.000Z,29380,29439,29231,29415.5,67082.396,1971247236.076
1691856000000,2023-08-12T16:00:00.000Z,29415.5,29461.5,29341.5,29364,56989.11,1675432877.62
1691942400000,2023-08-13T16:00:00.000Z,29364,29650,29081,29579.5,99556.505,2924533650.447
1692028800000,2023-08-14T16:00:00.000Z,29579.5,29675,29240,29320,96341.506,2832691156.6395
1692115200000,2023-08-15T16:00:00.000Z,29320,29359.5,29032,29095.5,104277.5,3043695829.09
1692201600000,2023-08-16T16:00:00.000Z,29095.5,29229,27862.5,27920.5,169435.309,4850182352.2765
1692288000000,2023-08-17T16:00:00.000Z,27920.5,28073,24258,25983.5,226710.686,6040341489.771
1692374400000,2023-08-18T16:00:00.000Z,25983.5,26292.5,25587,26199,124747.459,3239655710.8945
1692460800000,2023-08-19T16:00:00.000Z,26199,26262,25950,26086.5,85862.113,2240855782.7185
1692547200000,2023-08-20T16:00:00.000Z,26086.5,26282.5,25791,25920,98509.408,2567006671.5285
1692633600000,2023-08-21T16:00:00.000Z,25920,26237.5,25902,25925,97302.625,2534046698.874
1692720000000,2023-08-22T16:00:00.000Z,25925,26176,25299,26126.5,149468.025,3875395842.1515
1692806400000,2023-08-23T16:00:00.000Z,26126.5,26816,25969.5,25977.5,158213.187,4179256784.738
1692892800000,2023-08-24T16:00:00.000Z,25977.5,26293,25756,25911,123187.837,3208634154.6355
1692979200000,2023-08-25T16:00:00.000Z,25911,26103,25813,26032,86550.579,2250731479.4485
1693065600000,2023-08-26T16:00:00.000Z,26032,26167.5,25955,26103.5,61763.629,1608045131.3605
1693152000000,2023-08-27T16:00:00.000Z,26103.5,26231,25850,26082.5,93505.313,2434979919.513
1693238400000,2023-08-28T16:00:00.000Z,26082.5,27680.5,25894.5,27419,161420.954,4275807286.017
1693324800000,2023-08-29T16:00:00.000Z,27419,28150,27007,27200,149489.606,4123401501.7925
1693411200000,2023-08-30T16:00:00.000Z,27200,27562.5,26799,26921,97877.133,2662400067.821
1693497600000,2023-08-31T16:00:00.000Z,26921,26922.5,25560,25809,155011.919,4044081747.728
1693584000000,2023-09-01T16:00:00.000Z,25809,25965.5,25322,25873.5,104094.308,2679701241.5295
1693670400000,2023-09-02T16:00:00.000Z,25873.5,26072,25747,25871,61395.108,1588284568.6425
1693756800000,2023-09-03T16:00:00.000Z,25871,26124.5,25705.5,25797,78549.142,2035240470.743
1693843200000,2023-09-04T16:00:00.000Z,25797,25928,25547,25739.5,88717.609,2283501633.825
1693929600000,2023-09-05T16:00:00.000Z,25739.5,25849.5,25521,25568,82708.556,2127420467.129
1694016000000,2023-09-06T16:00:00.000Z,25568,26032,25350.5,25762,91992.309,2364906235.5955
1694102400000,2023-09-07T16:00:00.000Z,25762,26445,25644.5,25839,112640.295,2936797064.6095
1694188800000,2023-09-08T16:00:00.000Z,25839,25930.5,25721,25889,47235.647,1221299231.3585
1694275200000,2023-09-09T16:00:00.000Z,25889,25947,25698.5,25759,46626.954,1204398262.8215
1694361600000,2023-09-10T16:00:00.000Z,25759,26020,24924,25096,134870.326,3448222434.1
1694448000000,2023-09-11T16:00:00.000Z,25096,26391,24875.5,26191,161337.463,4138908106.9845
1694534400000,2023-09-12T16:00:00.000Z,26191,26560.5,25759.5,26236,144571.848,3768641221.721
1694620800000,2023-09-13T16:00:00.000Z,26236,26799.4,26048,26687.9,137471.13,3624210800.3063
1694707200000,2023-09-14T16:00:00.000Z,26687.9,26858.3,26220,26318.5,99334.007,2636253198.6907
1694793600000,2023-09-15T16:00:00.000Z,26318.5,26889.5,26310.9,26502.7,86732.753,2302038989.4972
1694880000000,2023-09-16T16:00:00.000Z,26502.7,26620.2,26410,26543.4,61859.326,1641472937.4636
1694966400000,2023-09-17T16:00:00.000Z,26543.4,27406.5,26380,27263.2,123558.18,3321103138.1579
1695052800000,2023-09-18T16:00:00.000Z,27263.2,27478.4,26625.7,27419.7,144180.769,3893307390.6835
1695139200000,2023-09-19T16:00:00.000Z,27419.7,27478.4,26935.5,27178.2,97618.306,2649442818.7495
1695225600000,2023-09-20T16:00:00.000Z,27178.2,27299,26361,26566.2,114419.224,3075465858.3246
1695312000000,2023-09-21T16:00:00.000Z,26566.2,26740,26448.5,26627.5,51561.603,1372007432.0068
1695398400000,2023-09-22T16:00:00.000Z,26627.5,26640.3,26480.5,26574.9,29043.794,771466225.3769
1695484800000,2023-09-23T16:00:00.000Z,26574.9,26628,26544.4,26573.7,21266.672,565264179.5782
1695571200000,2023-09-24T16:00:00.000Z,26573.7,26735,25971,26219.3,84595.296,2220428594.6213
1695657600000,2023-09-25T16:00:00.000Z,26219.3,26431.6,26073,26108.4,56189.57,1475216009.4072
1695744000000,2023-09-26T16:00:00.000Z,26108.4,26874.1,26078.8,26300.7,92339.029,2438750231.1714
1695830400000,2023-09-27T16:00:00.000Z,26300.7,27078.6,26107.9,27011.3,72344.641,1919175596.938
1695916800000,2023-09-28T16:00:00.000Z,27011.3,27316.2,26668,26884.3,90409.236,2442417047.1613
1696003200000,2023-09-29T16:00:00.000Z,26884.3,27089.1,26743.5,26992.5,32547.263,876230731.5068
1696089600000,2023-09-30T16:00:00.000Z,26992.5,27287.8,26941.6,27148.6,37354.426,1012443504.4359
1696176000000,2023-10-01T16:00:00.000Z,27148.6,28598.8,27026.2,28032.8,106370.971,2985349312.4028
1696262400000,2023-10-02T16:00:00.000Z,28032.8,28119.5,27235,27339.1,81996.125,2264071433.263
1696348800000,2023-10-03T16:00:00.000Z,27339.1,27640.5,27155,27399.3,64432.183,1766392818.8861
1696435200000,2023-10-04T16:00:00.000Z,27399.3,28119.2,27398.2,27552.3,90316.021,2506131628.0728
1696521600000,2023-10-05T16:00:00.000Z,27552.3,28047.9,27166,27936.8,93663.252,2582062147.2119
1696608000000,2023-10-06T16:00:00.000Z,27936.8,28305.9,27781.6,27934.5,59500.81,1663463872.7009
1696694400000,2023-10-07T16:00:00.000Z,27934.5,28086.5,27681.3,27892.2,48312.106,1348513591.9669
1696780800000,2023-10-08T16:00:00.000Z,27892.2,27985.6,27350.5,27423.5,61702.846,1707112676.5279
1696867200000,2023-10-09T16:00:00.000Z,27423.5,27732.2,27245,27388.5,75471.196,2076957190.1338
1696953600000,2023-10-10T16:00:00.000Z,27388.5,27491.5,26710,26763.9,84202.781,2285575397.1162
1697040000000,2023-10-11T16:00:00.000Z,26763.9,26926.8,26520,26655.8,73649.671,1969052563.2706
1697126400000,2023-10-12T16:00:00.000Z,26655.8,26947.9,26531,26689.4,52663.541,1409439644.3827
1697212800000,2023-10-13T16:00:00.000Z,26689.4,27110.4,26666,26922,46236.615,1242485968.1789
1697299200000,2023-10-14T16:00:00.000Z,26922,26945,26771,26878.3,35066.748,941646851.1193
1697385600000,2023-10-15T16:00:00.000Z,26878.3,30625.1,26871.7,28066.5,159410.831,4468946183.5165
1697472000000,2023-10-16T16:00:00.000Z,28066.5,28806.6,28064,28453.8,96699.07,2743431944.4229
1697558400000,2023-10-17T16:00:00.000Z,28453.8,28995,28135,28239.9,81232.312,2313326309.3409
1697644800000,2023-10-18T16:00:00.000Z,28239.9,28808.4,28107.7,28671.3,73179.879,2079573527.6043
1697731200000,2023-10-19T16:00:00.000Z,28671.3,30262.9,28455.9,29550.5,139367.484,4087984630.9933
1697817600000,2023-10-20T16:00:00.000Z,29550.5,29982.2,29317.2,29926.8,59858.129,1776228605.3793
1697904000000,2023-10-21T16:00:00.000Z,29926.8,30381.8,29622.8,29823.5,73226.59,2195230213.8793
1697990400000,2023-10-22T16:00:00.000Z,29823.5,30990,29710.7,30873.7,108849.024,3318889248.7689
1698076800000,2023-10-23T16:00:00.000Z,30873.7,35929.3,30623.1,33664.3,255749.059,8523736218.0841
1698163200000,2023-10-24T16:00:00.000Z,33664.3,35028,33369.7,34831.8,116177.609,3966266051.1266
1698249600000,2023-10-25T16:00:00.000Z,34831.8,35139.6,33850,34041.6,102026.816,3513844315.8917
1698336000000,2023-10-26T16:00:00.000Z,34041.6,34277.9,33744.3,33995.8,67269.238,2289869520.5395
1698422400000,2023-10-27T16:00:00.000Z,33995.8,34521.8,33354.8,34188.8,58025.014,1968357440.539
1698508800000,2023-10-28T16:00:00.000Z,34188.8,34557.7,33929.8,34435.7,36628.901,1253505057.5306
1698595200000,2023-10-29T16:00:00.000Z,34435.7,34870,34110.2,34655.5,70793.425,2443272655.812
1698681600000,2023-10-30T16:00:00.000Z,34655.5,34655.5,34026.8,34278.7,63866.047,2192343941.1341
1698768000000,2023-10-31T16:00:00.000Z,34278.7,35218,34061.2,34290.5,73870.338,2552079683.4841
1698854400000,2023-11-01T16:00:00.000Z,34290.5,35986,34283.3,34638,113258.331,3982150346.4912
1698940800000,2023-11-02T16:00:00.000Z,34638,35094.9,34118.8,34747.6,80059.505,2767172602.6048
1699027200000,2023-11-03T16:00:00.000Z,34747.6,35057.9,34313.5,34706.1,50701.572,1758208796.7679
1699113600000,2023-11-04T16:00:00.000Z,34706.1,35314.6,34682.4,34887.5,52133.654,1825520562.7671
1699200000000,2023-11-05T16:00:00.000Z,34887.5,35404.9,34408,35075.6,65979.364,2309880742.751
1699286400000,2023-11-06T16:00:00.000Z,35075.6,35153.7,34519,34718.9,56606.228,1972644498.6908
1699372800000,2023-11-07T16:00:00.000Z,34718.9,35904.9,34556.6,35224.5,75484.572,2665732687.0744
1699459200000,2023-11-08T16:00:00.000Z,35224.5,38092.1,35188.3,37129.6,158575.113,5803904708.4372
1699545600000,2023-11-09T16:00:00.000Z,37129.6,37260.5,35568.1,37083.4,114089,4179570393.1435
1699632000000,2023-11-10T16:00:00.000Z,37083.4,37557,36918.8,37059.5,57026.552,2120666779.98
1699718400000,2023-11-11T16:00:00.000Z,37059.5,37236.3,36623,37168.8,46029.09,1705086947.9433
1699804800000,2023-11-12T16:00:00.000Z,37168.8,37449.3,36553,36858,57935.074,2142262207.3991
1699891200000,2023-11-13T16:00:00.000Z,36858,37049,35740.3,36149.4,86191.949,3146640463.5486
1699977600000,2023-11-14T16:00:00.000Z,36149.4,36433.5,34572,36405.5,116731.851,4176528912.928
1700064000000,2023-11-15T16:00:00.000Z,36405.5,37980,36250,36409.7,155108.209,5776192926.354
1700150400000,2023-11-16T16:00:00.000Z,36409.7,36676.6,35488.2,36050,122742.737,4447870721.9458
1700236800000,2023-11-17T16:00:00.000Z,36050,36900,35914.9,36662,92939.727,3384081453.922
1700323200000,2023-11-18T16:00:00.000Z,36662,36860.4,36381,36567.8,72345.774,2644701547.1145
1700409600000,2023-11-19T16:00:00.000Z,36567.8,37512.9,36514,37469.3,108862.516,4039450932.7182
1700496000000,2023-11-20T16:00:00.000Z,37469.3,37765,36231.1,36980.7,120819.22,4495138338.025
1700582400000,2023-11-21T16:00:00.000Z,36980.7,37514.6,35610,36475.4,140545.26,5137439736.3405
1700668800000,2023-11-22T16:00:00.000Z,36475.4,37867.6,36364.9,36941.7,120251.608,4484146684.3677
1700755200000,2023-11-23T16:00:00.000Z,36941.7,38436.8,36910,38231.5,112446.361,4228864831.9845
1700841600000,2023-11-24T16:00:00.000Z,38231.5,38357.7,37571.6,37689.6,86423.875,3265848462.8424
1700928000000,2023-11-25T16:00:00.000Z,37689.6,37897.3,37265.6,37414.5,70372.77,2650193617.0723
1701014400000,2023-11-26T16:00:00.000Z,37414.5,37740.2,36727.5,36751.3,103576.106,3854560065.0284
1701100800000,2023-11-27T16:00:00.000Z,36751.3,37561.9,36709.1,37494.1,96415.246,3578616814.3402
1701187200000,2023-11-28T16:00:00.000Z,37494.1,38480.1,37494.1,37809.2,127850.971,4859864792.0968
1701273600000,2023-11-29T16:00:00.000Z,37809.2,38123.7,37443.3,37606,74243.454,2804454398.3632
1701360000000,2023-11-30T16:00:00.000Z,37606,38866.3,37516.3,38390.6,95297.331,3639628572.0311
1701446400000,2023-12-01T16:00:00.000Z,38390.6,38978.6,38375.6,38811.7,61421.513,2379640888.1394
1701532800000,2023-12-02T16:00:00.000Z,38811.7,39865.9,38709.9,39750,76675.862,3021777737.2523
1701619200000,2023-12-03T16:00:00.000Z,39750,42155.7,39418.3,41262.6,138679.649,5678873717.6741
1701705600000,2023-12-04T16:00:00.000Z,41262.6,42487.9,41174.4,42252.3,81714.142,3419902950.768
1701792000000,2023-12-05T16:00:00.000Z,42252.3,44518.2,42115.8,43779,120462.53,5259825849.668
1701878400000,2023-12-06T16:00:00.000Z,43779,44157.4,42831,43662.1,71299.696,3104744902.185
1701964800000,2023-12-07T16:00:00.000Z,43662.1,44057.6,43086,43769,55843.41,2428068833.0904
1702051200000,2023-12-08T16:00:00.000Z,43769,44765.8,43641.5,44062.1,44472.453,1961856833.2148
1702137600000,2023-12-09T16:00:00.000Z,44062.1,44111.1,43568,43928,27579.913,1209412830.7394
1702224000000,2023-12-10T16:00:00.000Z,43928,44082,40278.1,41819.4,89098.282,3775800028.5141
1702310400000,2023-12-11T16:00:00.000Z,41819.4,42111.4,40231.3,41357.6,106478.309,4418040864.1674
1702396800000,2023-12-12T16:00:00.000Z,41357.6,41961.1,40555,41940,142557.945,5876763695.4588
1702483200000,2023-12-13T16:00:00.000Z,41940,43515.5,41280,42442.7,167008.506,7123585096.3256
1702569600000,2023-12-14T16:00:00.000Z,42442.7,43430.3,41669,41913,170536.645,7289979926.1894
1702656000000,2023-12-15T16:00:00.000Z,41913,42621.8,41615,42601.3,127869.465,5392687927.7216
1702742400000,2023-12-16T16:00:00.000Z,42601.3,42732.8,41525.4,41820.2,135392.955,5696129488.7837
1702828800000,2023-12-17T16:00:00.000Z,41820.2,42454.6,40555,41265.8,161154.341,6672473479.5084
1702915200000,2023-12-18T16:00:00.000Z,41265.8,43510.7,41160,42500.2,182320.043,7773527038.9551
1703001600000,2023-12-19T16:00:00.000Z,42500.2,44336,41826.3,44062.4,183211.026,7839828287.5017
1703088000000,2023-12-20T16:00:00.000Z,44062.4,44276.9,43237,43833,168935.451,7393262340.0513
1703174400000,2023-12-21T16:00:00.000Z,43833,44444,43386.8,43685.8,179201.627,7851556284.9905
1703260800000,2023-12-22T16:00:00.000Z,43685.8,44065.1,43296.6,43765.3,144440.773,6308627906.0733
1703347200000,2023-12-23T16:00:00.000Z,43765.3,43971,43411.6,43692.6,125594.086,5491518036.4411
1703433600000,2023-12-24T16:00:00.000Z,43692.6,43837,42541,43648,148232.81,6419198764.1249
1703520000000,2023-12-25T16:00:00.000Z,43648,43748,42127,42410,158272.595,6817208949.0778
1703606400000,2023-12-26T16:00:00.000Z,42410,43259.2,41619.4,42992.3,178111.636,7568648674.6023
1703692800000,2023-12-27T16:00:00.000Z,42992.3,43830.3,42429.4,42474.6,172694.599,7456063512.0195
1703779200000,2023-12-28T16:00:00.000Z,42474.6,43143.5,42112.2,42281.2,171162.89,7292177543.6405
1703865600000,2023-12-29T16:00:00.000Z,42281.2,42449.4,41276,42394.4,158797.31,6669687576.4881
1703952000000,2023-12-30T16:00:00.000Z,42394.4,42930,41988.4,42477,131521.707,5580630291.9089
1704038400000,2023-12-31T16:00:00.000Z,42477,42873,42077.9,42802,128768.442,5479958651.2103
1704124800000,2024-01-01T16:00:00.000Z,42802,45924.4,42680.3,45196,201365.807,9032237826.9408
1704211200000,2024-01-02T16:00:00.000Z,45196,45545.5,40207.9,42994.3,227432.878,10024991597.3368
1704297600000,2024-01-03T16:00:00.000Z,42994.3,44344,41751.8,44046.5,190534.95,8201164099.4776
1704384000000,2024-01-04T16:00:00.000Z,44046.5,44844,42256,43487.5,186072.96,8164235137.5476
1704470400000,2024-01-05T16:00:00.000Z,43487.5,44395.9,43077.5,43852.3,145479.408,6359478528.532
1704556800000,2024-01-06T16:00:00.000Z,43852.3,44473.8,43646.5,44039.4,129784.798,5712071799.2042
1704643200000,2024-01-07T16:00:00.000Z,44039.4,45396.2,43148,44960,173388.098,7651612314.4327
1704729600000,2024-01-08T16:00:00.000Z,44960,47283.8,44779.3,46856.4,213263.029,9930232915.4465
1704816000000,2024-01-09T16:00:00.000Z,46856.4,48055.9,44295,45565.7,210715.592,9657369409.9888
1704902400000,2024-01-10T16:00:00.000Z,45565.7,48990,44800.8,46798.1,278085.666,12950701251.3585
1704988800000,2024-01-11T16:00:00.000Z,46798.1,47047.5,44347.3,44479.8,193529.128,8908211406.4445
1705075200000,2024-01-12T16:00:00.000Z,44479.8,44697,41347.8,43146.8,219330.631,9444983402.2108
1705161600000,2024-01-13T16:00:00.000Z,43146.8,43181,42558.5,42891.1,115281.439,4939648842.2431
1705248000000,2024-01-14T16:00:00.000Z,42891.1,43009.2,41708.5,42270,147915.8,6292145460.7302
1705334400000,2024-01-15T16:00:00.000Z,42270,43364.4,42040.6,43241.1,158259.114,6772039729.342
1705420800000,2024-01-16T16:00:00.000Z,43241.1,43576.8,42357.6,42468.2,154799.411,6640699616.862
1705507200000,2024-01-17T16:00:00.000Z,42468.2,42920.6,42192,42613.2,148132.318,6312667743.4795
1705593600000,2024-01-18T16:00:00.000Z,42613.2,42616.9,40669.5,40891.6,185375.817,7661780178.2222
1705680000000,2024-01-19T16:00:00.000Z,40891.6,42175,40255.5,41558.6,150550.399,6247068466.261
1705766400000,2024-01-20T16:00:00.000Z,41558.6,41865.8,41511,41638,102709.857,4281973261.4199
1705852800000,2024-01-21T16:00:00.000Z,41638,41801.8,40319.2,40763.7,150394.008,6184240929.8386
1705939200000,2024-01-22T16:00:00.000Z,40763.7,40871.6,38541.7,39188.9,223291.634,8848193775.5363
1706025600000,2024-01-23T16:00:00.000Z,39188.9,40544,38914.5,40038.7,190338.929,7563025554.5611
1706112000000,2024-01-24T16:00:00.000Z,40038.7,40297.9,39481.1,39780,146582.958,5856817998.758
1706198400000,2024-01-25T16:00:00.000Z,39780,41573.9,39527.3,41387,173193.947,6988308732.3444
1706284800000,2024-01-26T16:00:00.000Z,41387,42218,41367.9,41787,137137.382,5731875114.388
1706371200000,2024-01-27T16:00:00.000Z,41787,42822,41715.8,42233.7,127213.377,5373224151.7462
1706457600000,2024-01-28T16:00:00.000Z,42233.7,42631.9,41585.7,42623,137740.597,5795212361.1416
1706544000000,2024-01-29T16:00:00.000Z,42623,43863.7,42489.9,43344.5,163919.45,7092751798.8572
1706630400000,2024-01-30T16:00:00.000Z,43344.5,43738.8,42326.8,43333.3,146804.307,6310472065.8214
1706716800000,2024-01-31T16:00:00.000Z,43333.3,43730,41860,42489.4,169058.009,7185789847.5366
1706803200000,2024-02-01T16:00:00.000Z,42489.4,43411,42335.5,43210.1,141992.255,6103413239.9141
1706889600000,2024-02-02T16:00:00.000Z,43210.1,43460,42743.3,43086.5,120732.976,5201444510.1991
1706976000000,2024-02-03T16:00:00.000Z,43086.5,43249.6,42696.6,42915.8,112064.93,4814762216.5541
1707062400000,2024-02-04T16:00:00.000Z,42915.8,43573,42174.5,42618.9,143995.88,6168276945.4712
1707148800000,2024-02-05T16:00:00.000Z,42618.9,43253.9,42300.4,43219.3,135105.87,5777069063.1504
1707235200000,2024-02-06T16:00:00.000Z,43219.3,43364.8,42763,43041.6,125435.366,5400419622.3656
1707321600000,2024-02-07T16:00:00.000Z,43041.6,45465.7,42977.5,45422.7,162817.246,7226250003.7076
1707408000000,2024-02-08T16:00:00.000Z,45422.7,47749.9,44893.6,47149.9,176455.318,8157337656.1335
1707494400000,2024-02-09T16:00:00.000Z,47149.9,48237.5,46857.4,47352.2,142223.591,6733868952.5234
1707580800000,2024-02-10T16:00:00.000Z,47352.2,48620.3,47153.6,48131.9,131009.648,6285327981.0056
1707667200000,2024-02-11T16:00:00.000Z,48131.9,49974.7,47695.5,49924.4,145957.419,7053315903.1495
1707753600000,2024-02-12T16:00:00.000Z,49924.4,50436.8,48378,48732.9,171466.357,8538119453.3452
1707840000000,2024-02-13T16:00:00.000Z,48732.9,52085.2,48296.4,51597.5,171652.828,8631779611.6458
1707926400000,2024-02-14T16:00:00.000Z,51597.5,52841.4,51203.3,51948.9,151014.787,7854986432.75
1708012800000,2024-02-15T16:00:00.000Z,51948.9,52609.5,51308.7,51896.1,148129.22,7701811553.0449
1708099200000,2024-02-16T16:00:00.000Z,51896.1,52266.9,50639.9,51000.1,133191.885,6889214900.4911
1708185600000,2024-02-17T16:00:00.000Z,51000.1,52089.2,50750,51795.9,117481.886,6062035035.8294
1708272000000,2024-02-18T16:00:00.000Z,51795.9,52519.6,51600,52143.7,121203.406,6322157321.9411
1708358400000,2024-02-19T16:00:00.000Z,52143.7,53074.5,51307.7,51692.2,148577.182,7724100915.9565
1708444800000,2024-02-20T16:00:00.000Z,51692.2,52541.6,50520,51148.6,159744.534,8242487417.5935
1708531200000,2024-02-21T16:00:00.000Z,51148.6,52061.7,50645.7,51592.7,131413.398,6758902189.8295
1708617600000,2024-02-22T16:00:00.000Z,51592.7,52098.7,50770.7,50917,137456.007,7047779206.7738
1708704000000,2024-02-23T16:00:00.000Z,50917,51216.7,50518.7,51111.3,117187.999,5975049174.6782
1708790400000,2024-02-24T16:00:00.000Z,51111.3,51912.4,51099.7,51524.8,113217.182,5842851763.5098
1708876800000,2024-02-25T16:00:00.000Z,51524.8,52869.3,50904.7,52857.5,123899.109,6388336808.2752
1708963200000,2024-02-26T16:00:00.000Z,52857.5,57580,52766.3,56756.6,218524.204,12149273185.063
1709049600000,2024-02-27T16:00:00.000Z,56756.6,61428.6,56216.8,60984.5,180112.134,10536393252.4423
1709136000000,2024-02-28T16:00:00.000Z,60984.5,64436.7,58673,62792.2,308829.764,19155884236.5941
1709222400000,2024-02-29T16:00:00.000Z,62792.2,62930.2,60434.9,61310,273840.842,16871157269.001
1709308800000,2024-03-01T16:00:00.000Z,61310,63163.8,61279,61813.5,217124.673,13483308085.6736
1709395200000,2024-03-02T16:00:00.000Z,61813.5,62701.2,61335.9,62189.4,210157.156,13024091854.0844
1709481600000,2024-03-03T16:00:00.000Z,62189.4,66649.6,62119.8,66488.2,279551.852,17893393158.6463
1709568000000,2024-03-04T16:00:00.000Z,66488.2,69325.1,65013.5,66826.8,332045.875,22353812419.7957
1709654400000,2024-03-05T16:00:00.000Z,66826.8,67712.3,59100,66515.4,430333.61,27861317159.1835
1709740800000,2024-03-06T16:00:00.000Z,66515.4,67975,65555,67281.2,251952.348,16787524338.6466
1709827200000,2024-03-07T16:00:00.000Z,67281.2,70300,66772.4,67651.9,231723.82,15654915215.7999
1709913600000,2024-03-08T16:00:00.000Z,67651.9,69425.6,66105,68317.5,204013.669,13912281045.5836
1710000000000,2024-03-09T16:00:00.000Z,68317.5,69979.1,68027,69232.6,167568.226,11571587134.1505
1710086400000,2024-03-10T16:00:00.000Z,69232.6,72730,66915,72030.6,245981.677,17280109199.7126
1710172800000,2024-03-11T16:00:00.000Z,72030.6,73278,70780.6,71758.8,247152.171,17829139903.9598
1710259200000,2024-03-12T16:00:00.000Z,71758.8,73727.3,68619.2,72647.4,264810.776,19019885855.7514
1710345600000,2024-03-13T16:00:00.000Z,72647.4,73844.6,70571.8,70874,221270.01,16115457681.7121
1710432000000,2024-03-14T16:00:00.000Z,70874,72478.5,65577.5,68175.5,318407.523,22018728816.2815
1710518400000,2024-03-15T16:00:00.000Z,68175.5,70680.5,67384.3,68404.3,268775.789,18485566177.0464
1710604800000,2024-03-16T16:00:00.000Z,68404.3,68444.4,64533,67971.5,289049.097,19250571393.1989
1710691200000,2024-03-17T16:00:00.000Z,67971.5,69000,66620.2,67481.6,253790.347,17269444006.0831
1710777600000,2024-03-18T16:00:00.000Z,67481.6,68150,62403.1,64068.1,320558.504,20860392817.9823
1710864000000,2024-03-19T16:00:00.000Z,64068.1,65762.9,60768.8,63599.4,310259.751,19607077240.7212
1710950400000,2024-03-20T16:00:00.000Z,63599.4,68251,62041.4,66571.7,287630.524,19120560473.9469
1711036800000,2024-03-21T16:00:00.000Z,66571.7,67037.1,62569,63885.4,262619.522,17121715163.3443
1711123200000,2024-03-22T16:00:00.000Z,63885.4,65449.3,62181.9,65108.4,245829.909,15715993184.0746
1711209600000,2024-03-23T16:00:00.000Z,65108.4,66033.2,63762.1,65663.4,229532.385,14914073715.1138
1711296000000,2024-03-24T16:00:00.000Z,65663.4,70089.1,64600.5,69824.7,238112.482,15940758061.2185
1711382400000,2024-03-25T16:00:00.000Z,69824.7,71616.1,69311.3,70287.1,221951.731,15648826552.7323
1711468800000,2024-03-26T16:00:00.000Z,70287.1,71839.3,68548.3,68886.5,243040.645,17033510724.9963
1711555200000,2024-03-27T16:00:00.000Z,68886.5,71589.8,68392.9,71304.6,239511.698,16738106994.6831
1711641600000,2024-03-28T16:00:00.000Z,71304.6,71352.6,69022.4,69207.2,182221.834,12831539656.6369
1711728000000,2024-03-29T16:00:00.000Z,69207.2,70368,69092.3,70033.1,184857.56,12918753098.1575
1711814400000,2024-03-30T16:00:00.000Z,70033.1,70792.2,69560.2,70417.7,163033.806,11438060188.4633
1711900800000,2024-03-31T16:00:00.000Z,70417.7,71464.8,68166,68258,211222.985,14800533501.4492
1711987200000,2024-04-01T16:00:00.000Z,68258,69931.1,64602.4,64876.7,281008.646,18927418224.539
1712073600000,2024-04-02T16:00:00.000Z,64876.7,66915,64422,65852.2,250123.369,16480602734.7124
1712160000000,2024-04-03T16:00:00.000Z,65852.2,67893.7,65054.4,67606.1,188672.414,12490503425.4994
1712246400000,2024-04-04T16:00:00.000Z,67606.1,69309.6,65930.4,68191.3,229212.024,15494674046.3038
1712332800000,2024-04-05T16:00:00.000Z,68191.3,68379.4,67290.9,68077.7,162562.706,11018999974.3451
1712419200000,2024-04-06T16:00:00.000Z,68077.7,69874.1,67911,69542.6,161706.475,11167397469.6431
1712505600000,2024-04-07T16:00:00.000Z,69542.6,72815.9,68839.9,71795.4,209987.059,14794658143.3379
1712592000000,2024-04-08T16:00:00.000Z,71795.4,72147,68517.5,69300,223726.819,15857916701.8191
1712678400000,2024-04-09T16:00:00.000Z,69300,69628.5,67509.6,68666.4,238436.888,16429309002.3208
1712764800000,2024-04-10T16:00:00.000Z,68666.4,71316.8,68563.3,70020.1,248009.421,17428612052.3328
1712851200000,2024-04-11T16:00:00.000Z,70020.1,71252.6,69229.7,69355.5,186718.674,13139398842.998
1712937600000,2024-04-12T16:00:00.000Z,69355.5,69603.3,64832.4,67653.7,244431.679,16451839934.0012
1713024000000,2024-04-13T16:00:00.000Z,67653.7,67746.6,59808.3,64146.8,328550.973,21070920691.7372
1713110400000,2024-04-14T16:00:00.000Z,64146.8,66824.3,62530.3,64523.7,257570.827,16779218665.3049
1713196800000,2024-04-15T16:00:00.000Z,64523.7,64831.9,61516.8,61724.8,296633.837,18705019896.5312
1713283200000,2024-04-16T16:00:00.000Z,61724.8,64463.5,59810,60255.3,291361.849,18318037477.4012
1713369600000,2024-04-17T16:00:00.000Z,60255.3,64083.8,59619.5,63453.6,279299.397,17246202465.8297
1713456000000,2024-04-18T16:00:00.000Z,63453.6,65426.3,59550.1,64401.3,312419.841,19776551147.9022
1713542400000,2024-04-19T16:00:00.000Z,64401.3,64924,62890.7,64758.3,241213.667,15416723823.7657
1713628800000,2024-04-20T16:00:00.000Z,64758.3,65670,64400,64999.3,167736.276,10894471197.2486
1713715200000,2024-04-21T16:00:00.000Z,64999.3,66438.1,64192.1,65950,187079.602,12234334850.8394
1713801600000,2024-04-22T16:00:00.000Z,65950,67198.6,65752,66376.1,197076.918,13090246557.931
1713888000000,2024-04-23T16:00:00.000Z,66376.1,67057.8,64467.7,64579.2,217695.198,14438900916.5574
1713974400000,2024-04-24T16:00:00.000Z,64579.2,65094.5,62726.9,64087.5,230647.351,14770514567.8241
1714060800000,2024-04-25T16:00:00.000Z,64087.5,65243,63308.6,63465.1,195558.409,12581595868.8731
1714147200000,2024-04-26T16:00:00.000Z,63465.1,64130,62348.6,62919.2,176054.378,11136213142.0378
1714233600000,2024-04-27T16:00:00.000Z,62919.2,64333.3,62690.6,63492.2,170907.535,10854693409.5763
1714320000000,2024-04-28T16:00:00.000Z,63492.2,63951.6,61726.2,62995.9,153302.401,9613754205.222
1714406400000,2024-04-29T16:00:00.000Z,62995.9,64682.1,60500,60749.2,167007.558,10437430428.795
1714492800000,2024-04-30T16:00:00.000Z,60749.2,61040,56516.9,56843.9,223660.567,13164726492.9569
1714579200000,2024-05-01T16:00:00.000Z,56843.9,59429,56580.6,59210.4,238390.039,13797004189.1339
1714665600000,2024-05-02T16:00:00.000Z,59210.4,62100,58576.2,61640,180821.53,10808219387.229
1714752000000,2024-05-03T16:00:00.000Z,61640,64534.3,61482.2,63573.8,195261.368,12283264803.5161
1714838400000,2024-05-04T16:00:00.000Z,63573.8,64610.6,62844.6,64379.3,162444.236,10333546982.3171
1714924800000,2024-05-05T16:00:00.000Z,64379.3,65510.5,62878.5,63578.1,162369.816,10404296395.5481
1715011200000,2024-05-06T16:00:00.000Z,63578.1,64376,62651.4,63698.5,155288.405,9866375575.3772
1715097600000,2024-05-07T16:00:00.000Z,63698.5,63864.5,61736.2,62250,162944.547,10197403714.6845
1715184000000,2024-05-08T16:00:00.000Z,62250,62746.9,60573.1,62101.8,163405.645,10055752367.9702
1715270400000,2024-05-09T16:00:00.000Z,62101.8,63429.9,60631.9,60882.7,177230.008,11081740236.8901
1715356800000,2024-05-10T16:00:00.000Z,60882.7,61484.4,60145.2,61146.4,138542.959,8420150681.4016
1715443200000,2024-05-11T16:00:00.000Z,61146.4,61543.5,60562,61376,146296.166,8925899984.6882
1715529600000,2024-05-12T16:00:00.000Z,61376,63257,60729.3,62960.4,188267.671,11642671827.0522
1715616000000,2024-05-13T16:00:00.000Z,62960.4,63418.4,61080,61728.9,155813.158,9714240451.8103
1715702400000,2024-05-14T16:00:00.000Z,61728.9,65026.7,61102.7,64677.1,150208.789,9390235771.9894
1715788800000,2024-05-15T16:00:00.000Z,64677.1,66742.5,64659.4,65792,195665.368,12891406335.8794
1715875200000,2024-05-16T16:00:00.000Z,65792,67415.2,64566.5,67148.4,158596.269,10424139656.0704
1715961600000,2024-05-17T16:00:00.000Z,67148.4,67326.3,66163.3,66764.3,146128.472,9769576107.9405
1716048000000,2024-05-18T16:00:00.000Z,66764.3,67765,66622.6,66850.2,119594.144,8014478139.4573
1716134400000,2024-05-19T16:00:00.000Z,66850.2,67458.8,65827.5,67372.9,146120.911,9748442627.5522
1716220800000,2024-05-20T16:00:00.000Z,67372.9,72050,67327,69845.8,212608.848,14944686772.5564
1716307200000,2024-05-21T16:00:00.000Z,69845.8,70619.9,69159.5,70459.5,154007.681,10766550059.9161
1716393600000,2024-05-22T16:00:00.000Z,70459.5,70691.4,67614.1,68079.7,162757.241,11294751277.7132
1716480000000,2024-05-23T16:00:00.000Z,68079.7,68423.1,66234.2,68313.7,181015.616,12226841066.8271
1716566400000,2024-05-24T16:00:00.000Z,68313.7,69611.8,67931.6,68929.4,152429.416,10494499664.5116
1716652800000,2024-05-25T16:00:00.000Z,68929.4,69557.5,68648.5,68831.6,117747.951,8136399537.0086
1716739200000,2024-05-26T16:00:00.000Z,68831.6,70564.8,68137.3,70397.4,135459.891,9325774180.6882
1716825600000,2024-05-27T16:00:00.000Z,70397.4,70720,67465.2,68376.4,175661.128,12065694601.5229
1716912000000,2024-05-28T16:00:00.000Z,68376.4,68954.5,67263.7,67387.7,173373.523,11821036729.0368
1716998400000,2024-05-29T16:00:00.000Z,67387.7,68835.4,67114.1,68537.4,158192.231,10737225389.4249
1717084800000,2024-05-30T16:00:00.000Z,68537.4,69540.1,67190,67203.7,127908.651,8752812175.7782
1717171200000,2024-05-31T16:00:00.000Z,67203.7,68020.5,66650,67691.6,123328.547,8334408715.2665
1717257600000,2024-06-01T16:00:00.000Z,67691.6,68470.7,67362.4,68147.4,117928.662,7997331742.986
1717344000000,2024-06-02T16:00:00.000Z,68147.4,70305.2,67277.3,69620.5,161728.827,11128263619.7925
1717430400000,2024-06-03T16:00:00.000Z,69620.5,70523.3,68575.2,70462.4,96013.072,6656686043.17
1717516800000,2024-06-04T16:00:00.000Z,70462.4,71771,70090.5,71597.1,105147.173,7452624619.5854
1717603200000,2024-06-05T16:00:00.000Z,71597.1,71790,70700,71313.6,70294.036,5006558243.7163
1717689600000,2024-06-06T16:00:00.000Z,71313.6,72036.7,70120,71124.6,129658.725,9225580501.3607
1717776000000,2024-06-07T16:00:00.000Z,71124.6,71224,68350.2,69431,85027.628,5911841307.3566
1717862400000,2024-06-08T16:00:00.000Z,69431,69772.7,69135.4,69493.5,32995.466,2290633252.028
1717948800000,2024-06-09T16:00:00.000Z,69493.5,70164.4,69152.3,70026.8,61450.12,4276179765.2989
1718035200000,2024-06-10T16:00:00.000Z,70026.8,70105.1,65936.2,66215.4,166610.059,11312582782.6611
1718121600000,2024-06-11T16:00:00.000Z,66215.4,69993,66137.3,69712.2,138581.944,9432231779.0668
1718208000000,2024-06-12T16:00:00.000Z,69712.2,69844.3,66308.2,66447.4,191362.318,13004019695.4078
1718294400000,2024-06-13T16:00:00.000Z,66447.4,67348.7,66228.4,66363.1,106664.552,7130959962.0385
1718380800000,2024-06-14T16:00:00.000Z,66363.1,66619.9,65032.8,66292.9,100229.982,6601638358.6143
1718467200000,2024-06-15T16:00:00.000Z,66292.9,66761.1,65827.6,66667.6,46138.77,3061512361.9532
1718553600000,2024-06-16T16:00:00.000Z,66667.6,66943.2,65079.9,65320.5,142392.222,9389802398.2039
1718640000000,2024-06-17T16:00:00.000Z,65320.5,67272.3,64208.3,64654.6,374626.691,24525980391.5513
1718726400000,2024-06-18T16:00:00.000Z,64654.6,65689.2,64016.8,64884.3,175703.953,11420277098.7645
1718812800000,2024-06-19T16:00:00.000Z,64884.3,66448,64603.5,64806,123983.459,8107666801.5934
1718899200000,2024-06-20T16:00:00.000Z,64806,65172,63344.6,63686,110962.883,7128427227.8898
1718985600000,2024-06-21T16:00:00.000Z,63686,64509.3,63438.3,64263,45669.856,2928675802.6172
1719072000000,2024-06-22T16:00:00.000Z,64263,64480.9,64057,64060.1,22790.35,1464837461.5414
1719158400000,2024-06-23T16:00:00.000Z,64060.1,64150,60500.1,60807.7,159974.416,9965801389.4615
1719244800000,2024-06-24T16:00:00.000Z,60807.7,62119.2,58335.6,61753.9,169880.013,10297009196.6058
1719331200000,2024-06-25T16:00:00.000Z,61753.9,62439.5,61093.7,61423.6,106982.247,6595746508.1334
1719417600000,2024-06-26T16:00:00.000Z,61423.6,62350,60600.2,61554.9,135806.14,8314330382.9185
1719504000000,2024-06-27T16:00:00.000Z,61554.9,62198.1,60707.7,61024.5,96662.045,5943964296.3277
1719590400000,2024-06-28T16:00:00.000Z,61024.5,61190,60033.1,61092.4,73330.263,4454496576.0034
1719676800000,2024-06-29T16:00:00.000Z,61092.4,61848.5,60669,61699.6,66352.532,4068314388.6188
1719763200000,2024-06-30T16:00:00.000Z,61699.6,63783.6,61558.4,63098.2,121913.017,7659870795.6442
1719849600000,2024-07-01T16:00:00.000Z,63098.2,63831.4,61829.7,61921,117213.567,7362972224.6958
1719936000000,2024-07-02T16:00:00.000Z,61921,62344.1,59538.7,60160.7,151732.452,9231176105.3092
1720022400000,2024-07-03T16:00:00.000Z,60160.7,60631.9,56750,58105.1,233474.694,13634218843.4968
1720108800000,2024-07-04T16:00:00.000Z,58105.1,58783.4,53333.3,56604.8,280995.342,15718999984.2478
1720195200000,2024-07-05T16:00:00.000Z,56604.8,57406.6,55769.2,57283.5,117335.801,6637965561.6426
1720281600000,2024-07-06T16:00:00.000Z,57283.5,58450,56560,56790.3,141000.028,8120741192.7451
1720368000000,2024-07-07T16:00:00.000Z,56790.3,58183.5,54234,55717.2,247919.02,13943353443.2184
1720454400000,2024-07-08T16:00:00.000Z,55717.2,58102,55387.4,57430.4,147727.718,8422269525.7861
1720540800000,2024-07-09T16:00:00.000Z,57430.4,59440.2,57298.5,57655.5,166540.398,9690388527.727
1720627200000,2024-07-10T16:00:00.000Z,57655.5,59590,57019,57368.2,160074.01,9296086518.3704
1720713600000,2024-07-11T16:00:00.000Z,57368.2,58225.4,56495.6,58169.8,127730.179,7320085155.2435
1720800000000,2024-07-12T16:00:00.000Z,58169.8,58873.1,57106.5,58792.4,100311.188,5832890076.5276
1720886400000,2024-07-13T16:00:00.000Z,58792.4,60355.5,58223.6,60041.4,136877.518,8155779556.243
1720972800000,2024-07-14T16:00:00.000Z,60041.4,63279.6,59837,62963.1,168549.635,10445511976.6808
1721059200000,2024-07-15T16:00:00.000Z,62963.1,64983.4,62341.1,64828.4,215154.075,13707557070.1035
1721145600000,2024-07-16T16:00:00.000Z,64828.4,66076.2,64066.1,64676,164925.595,10727124042.3299
1721232000000,2024-07-17T16:00:00.000Z,64676,65095,63363.6,63500.1,138947.07,8940775665.2002
1721318400000,2024-07-18T16:00:00.000Z,63500.1,65864.9,63196.7,65788.2,144502.539,9288701064.6342
1721404800000,2024-07-19T16:00:00.000Z,65788.2,67378.1,65784.6,66782.9,106663.929,7107080513.0061
1721491200000,2024-07-20T16:00:00.000Z,66782.9,67579.8,66561.5,67120.1,88651.577,5943746497.6657
1721577600000,2024-07-21T16:00:00.000Z,67120.1,68449.5,65735.3,67025.7,166769.826,11231929253.9957
1721664000000,2024-07-22T16:00:00.000Z,67025.7,68200,65902.5,66550,148038.982,9908051573.2806
1721750400000,2024-07-23T16:00:00.000Z,66550,67067.6,65400.3,66150.2,133189.157,8809633382.0155
1721836800000,2024-07-24T16:00:00.000Z,66150.2,66673.2,63437.4,64751.2,175454.098,11352374899.2024
1721923200000,2024-07-25T16:00:00.000Z,64751.2,67950,64340.6,67511.7,160256.053,10651534262.2287
1722009600000,2024-07-26T16:00:00.000Z,67511.7,69383.5,67257.1,68817.1,119015.414,8123660710.4607
1722096000000,2024-07-27T16:00:00.000Z,68817.1,69180,66603.3,67632.7,179273.67,12181862790.1776
1722182400000,2024-07-28T16:00:00.000Z,67632.7,70063.6,67601.4,68050,163659.033,11284958463.6355
1722268800000,2024-07-29T16:00:00.000Z,68050,68081.4,65531.3,66200.1,180229.308,12020806390.1578
1722355200000,2024-07-30T16:00:00.000Z,66200.1,66803.2,65250,66325.2,124686.949,8242565161.8269
1722441600000,2024-07-31T16:00:00.000Z,66325.2,66801.2,62628.6,62864.5,204659.298,13198447892.5774
1722528000000,2024-08-01T16:00:00.000Z,62864.5,65632.6,62253.2,63378.5,246424.886,15784254581.5908
1722614400000,2024-08-02T16:00:00.000Z,63378.5,63574.1,60466,60848.6,174218.602,10777312409.9357
1722700800000,2024-08-03T16:00:00.000Z,60848.6,61247.1,58916.9,59037.3,184396.381,11129809360.373
1722787200000,2024-08-04T16:00:00.000Z,59037.3,59546.3,48946.6,54275.9,694658.555,37223752262.0587
1722873600000,2024-08-05T16:00:00.000Z,54275.9,56561.5,52522.6,56376,361889.789,19869488816.3919
1722960000000,2024-08-06T16:00:00.000Z,56376,57700,55516.4,56065.7,248212.614,14069655374.0222
1723046400000,2024-08-07T16:00:00.000Z,56065.7,59474.8,54509.8,59373.5,270353.074,15389977957.8281
1723132800000,2024-08-08T16:00:00.000Z,59373.5,62721.6,59188.5,59771.1,241940.932,14670813387.6646
1723219200000,2024-08-09T16:00:00.000Z,59771.1,61440.8,59700,60469.4,118942.433,7199068635.6304
1723305600000,2024-08-10T16:00:00.000Z,60469.4,61845,59898.5,60075,115782.402,7040023376.8533
1723392000000,2024-08-11T16:00:00.000Z,60075,60670.4,57601.6,60149.9,263256.087,15541951986.8304
1723478400000,2024-08-12T16:00:00.000Z,60149.9,60379.2,58372.5,59450.1,180792.322,10699466559.2637
1723564800000,2024-08-13T16:00:00.000Z,59450.1,61800,58757.6,59379.4,234229.814,14161227318.8964
1723651200000,2024-08-14T16:00:00.000Z,59379.4,59731.3,57680,59635.5,187076.484,11000754894.4699
1723737600000,2024-08-15T16:00:00.000Z,59635.5,59815,56050.1,58024.6,243562.034,14099603542.6197
1723824000000,2024-08-16T16:00:00.000Z,58024.6,59772.8,57945.6,59350.6,107190.353,6335687331.9773
1723910400000,2024-08-17T16:00:00.000Z,59350.6,60234.6,59111.6,59802,94220.417,5625044383.3622
1723996800000,2024-08-18T16:00:00.000Z,59802,59900,57780,58503,149580.505,8763072522.6821
1724083200000,2024-08-19T16:00:00.000Z,58503,61383.2,58328.5,58788.7,192614.08,11555893882.2922
1724169600000,2024-08-20T16:00:00.000Z,58788.7,60181.6,58500,59467.7,154300.564,9153650713.396
1724256000000,2024-08-21T16:00:00.000Z,59467.7,61777,59325.7,60358.6,190488.131,11569598112.2628
1724342400000,2024-08-22T16:00:00.000Z,60358.6,62288,60091.5,61496.5,149018.114,9095982446.9559
1724428800000,2024-08-23T16:00:00.000Z,61496.5,64966.6,61297.3,63925,166218.607,10563498576.9084
1724515200000,2024-08-24T16:00:00.000Z,63925,64640.6,63501,64099.9,89935.496,5757721536.9753
1724601600000,2024-08-25T16:00:00.000Z,64099.9,64990,63022,63482.4,130622.775,8347246417.5828
1724688000000,2024-08-26T16:00:00.000Z,63482.4,63834.5,61426,61678.6,157039.006,9834358454.396
1724774400000,2024-08-27T16:00:00.000Z,61678.6,62158.8,57931.3,58938.9,228129.922,13633071064.5291
1724860800000,2024-08-28T16:00:00.000Z,58938.9,61128.8,57800.3,60730.2,179975.608,10703625307.2135
1724947200000,2024-08-29T16:00:00.000Z,60730.2,60910,57890.2,58050.1,184555.772,10932135606.7015
1725033600000,2024-08-30T16:00:00.000Z,58050.1,59420.7,57646.4,58972.1,85856.526,5051792471.4021
1725120000000,2024-08-31T16:00:00.000Z,58972.1,59093.6,57155,58176.1,126544.024,7362758266.736
1725206400000,2024-09-01T16:00:00.000Z,58176.1,58786,57073.6,58501.1,167687.021,9715296462.6376
1725292800000,2024-09-02T16:00:00.000Z,58501.1,59785,57523,57690,155576.835,9135301739.3979
1725379200000,2024-09-03T16:00:00.000Z,57690,58208.8,55555.5,58084.1,215839.522,12302044013.4094
1725465600000,2024-09-04T16:00:00.000Z,58084.1,58485.1,55767,55945,199002.801,11369812440.7265
1725552000000,2024-09-05T16:00:00.000Z,55945,56965,53779.8,54007.4,244585.831,13643515342.1456
1725638400000,2024-09-06T16:00:00.000Z,54007.4,54820.5,52507.4,54734.3,164460.779,8857748956.0541
1725724800000,2024-09-07T16:00:00.000Z,54734.3,54808.1,53614,53654.1,118728.214,6436217883.4076
1725811200000,2024-09-08T16:00:00.000Z,53654.1,55770.6,53591.4,55343.9,177235.934,9732827394.6196
1725897600000,2024-09-09T16:00:00.000Z,55343.9,58111.5,55305,56543.7,213710.885,12142545911.365
1725984000000,2024-09-10T16:00:00.000Z,56543.7,58000,55514.9,56670.1,229863.094,13028334772.0216
1726070400000,2024-09-11T16:00:00.000Z,56670.1,58537.8,56602.1,57457.6,204203.675,11793830929.2528
1726156800000,2024-09-12T16:00:00.000Z,57457.6,59690,57439.9,59621.9,159705.535,9303325019.9922
1726243200000,2024-09-13T16:00:00.000Z,59621.9,60595.7,59277.1,59830,132608.851,7951313369.227
1726329600000,2024-09-14T16:00:00.000Z,59830,60369,59356.4,60295.1,74316.843,4459686151.0017
1726416000000,2024-09-15T16:00:00.000Z,60295.1,60310,57532.7,57841.2,171028.238,10044121812.2925
1726502400000,2024-09-16T16:00:00.000Z,57841.2,61315.5,57443,61092.7,196314.999,11607475364.8116
1726588800000,2024-09-17T16:00:00.000Z,61092.7,61239.9,59265.2,59387.8,169821.849,10207135206.3782
1726675200000,2024-09-18T16:00:00.000Z,59387.8,63498.6,59131.3,63121.3,297619.792,18314361803.9381
1726761600000,2024-09-19T16:00:00.000Z,63121.3,64120,62550,63119,201040.239,12724535883.3337
1726848000000,2024-09-20T16:00:00.000Z,63119,63286.2,62320,63146.6,75639.24,4760259516.5963
1726934400000,2024-09-21T16:00:00.000Z,63146.6,63545.2,62442.4,62635.6,81033.306,5099389141.4832
1727020800000,2024-09-22T16:00:00.000Z,62635.6,64739.4,62349.5,63592.3,193519.802,12289311350.6098
1727107200000,2024-09-23T16:00:00.000Z,63592.3,63930,62690,63128.8,143284.937,9067962358.4109
1727193600000,2024-09-24T16:00:00.000Z,63128.8,64846.4,63059.1,63472.2,162934.895,10418337456.9108
1727280000000,2024-09-25T16:00:00.000Z,63472.2,65534.6,62654.3,65200.2,207588.11,13283080626.9765
1727366400000,2024-09-26T16:00:00.000Z,65200.2,66451.3,64604.2,65974,187573.11,12287396451.5817
1727452800000,2024-09-27T16:00:00.000Z,65974,66343.6,65402,65596.3,85627.007,5634480295.3585
1727539200000,2024-09-28T16:00:00.000Z,65596.3,65978.2,65395.1,65730.9,64374.33,4226161373.6088
1727625600000,2024-09-29T16:00:00.000Z,65730.9,66066.5,63232.1,63535.6,190101.462,12236835788.941
1727712000000,2024-09-30T16:00:00.000Z,63535.6,64097.6,61807.6,62613.8,213079.949,13450359985.5746
1727798400000,2024-10-01T16:00:00.000Z,62613.8,62763,60136.7,61843.6,307264.435,18859079049.3069
1727884800000,2024-10-02T16:00:00.000Z,61843.6,62360,59840.2,60614.4,257672.669,15651116075.0132
1727971200000,2024-10-03T16:00:00.000Z,60614.4,61986,59898.3,61839.2,204390.279,12481784926.5432
1728057600000,2024-10-04T16:00:00.000Z,61839.2,62472.2,61611,62136,84845.747,5270608256.2584
1728144000000,2024-10-05T16:00:00.000Z,62136,62754.3,61677.7,62690.3,73029.412,4537925276.9651
1728230400000,2024-10-06T16:00:00.000Z,62690.3,64450.4,62265,63626.8,197290.595,12495278914.9216
1728316800000,2024-10-07T16:00:00.000Z,63626.8,63896.8,61850,62259.8,191785.478,12014222093.3099
1728403200000,2024-10-08T16:00:00.000Z,62259.8,62586.1,61620,62289.8,124059.93,7707826422.4113
1728489600000,2024-10-09T16:00:00.000Z,62289.8,62321.5,60266,60765.2,171207.15,10437433041.5592
1728576000000,2024-10-10T16:00:00.000Z,60765.2,62448.2,58902.7,62238.3,207293.035,12566373154.6145
1728662400000,2024-10-11T16:00:00.000Z,62238.3,63462.2,62105.7,63132.5,157716.317,9897798538.9405
1728748800000,2024-10-12T16:00:00.000Z,63132.5,63365.6,62020.5,62195.5,93560.233,5869222335.6235
1728835200000,2024-10-13T16:00:00.000Z,62195.5,66280.5,62141.5,65861.9,251088.574,16134374210.4509
1728921600000,2024-10-14T16:00:00.000Z,65861.9,67986,64773.3,66009.9,253806.933,16768191702.9419
1729008000000,2024-10-15T16:00:00.000Z,66009.9,68430.6,65972.1,67735.3,261768.361,17609547918.6693
1729094400000,2024-10-16T16:00:00.000Z,67735.3,68085.5,66652,67556.2,156538.064,10536175420.4867
1729180800000,2024-10-17T16:00:00.000Z,67556.2,68874.2,66691.7,68695.7,183408.103,12444319710.166
1729267200000,2024-10-18T16:00:00.000Z,68695.7,69018.5,68062.3,68214.1,82500.675,5650946776.5747
1729353600000,2024-10-19T16:00:00.000Z,68214.1,68750,68003.8,68612.3,62111.952,4247193161.109
1729440000000,2024-10-20T16:00:00.000Z,68612.3,69541.6,66868.8,67350,170216.661,11621727961.8491
1729526400000,2024-10-21T16:00:00.000Z,67350,67931.8,66565.5,67266.7,201010.084,13523189445.834
1729612800000,2024-10-22T16:00:00.000Z,67266.7,67840,65906.8,66203.6,174189.538,11634446147.8457
1729699200000,2024-10-23T16:00:00.000Z,66203.6,67977.2,65240.2,67672.9,210912.078,14095267931.8305
1729785600000,2024-10-24T16:00:00.000Z,67672.9,68847.9,67237.3,67660.8,171722.223,11674704859.6342
1729872000000,2024-10-25T16:00:00.000Z,67660.8,67846.1,65569,66864.4,202647.114,13549062026.02
1729958400000,2024-10-26T16:00:00.000Z,66864.4,67837.1,66772.1,67750,63591.233,4281718214.7053
1730044800000,2024-10-27T16:00:00.000Z,67750,69272,67513.8,68465,157414.346,10771288817.7866
1730131200000,2024-10-28T16:00:00.000Z,68465,72429.7,68431.1,72397.2,257293.442,18202193131.547
1730217600000,2024-10-29T16:00:00.000Z,72397.2,73672,71455.4,72061.2,237893.252,17242807159.861
1730304000000,2024-10-30T16:00:00.000Z,72061.2,72985.1,70465.6,70638.6,183826.678,13202321129.2187
1730390400000,2024-10-31T16:00:00.000Z,70638.6,71637.8,68860,69392,211557.878,14863173470.3603
1730476800000,2024-11-01T16:00:00.000Z,69392,70529.7,68829,69393.9,109752.561,7632954965.7359
1730563200000,2024-11-02T16:00:00.000Z,69393.9,69610.5,67463.8,68078.5,138348.037,9464815288.4203
1730649600000,2024-11-03T16:00:00.000Z,68078.5,69495.7,67678,68627.2,159972.236,10990568422.8529
1730736000000,2024-11-04T16:00:00.000Z,68627.2,70310.1,66824.7,69614.3,225329.924,15416058940.6656
1730822400000,2024-11-05T16:00:00.000Z,69614.3,75481.4,68702.1,74296,503550.184,36719427199.8413
1730908800000,2024-11-06T16:00:00.000Z,74296,76420.2,74134.5,76085.9,204967.95,15410841645.1122
1730995200000,2024-11-07T16:00:00.000Z,76085.9,76854.2,75491.6,76419.6,184631.827,14055346902.6422
1731081600000,2024-11-08T16:00:00.000Z,76419.6,77175.8,75822.1,76301.3,120981.644,9252895836.71
1731168000000,2024-11-09T16:00:00.000Z,76301.3,80200.2,75688.6,79735,240085.798,18824614035.5179
1731254400000,2024-11-10T16:00:00.000Z,79735,84355,78555,84114.1,369178.951,30030738816.1865
1731340800000,2024-11-11T16:00:00.000Z,84114.1,90031.9,83896.2,86647.8,605228.719,52784200243.8284
1731427200000,2024-11-12T16:00:00.000Z,86647.8,92794,85792.5,92610,403740.542,35850927827.4147
1731513600000,2024-11-13T16:00:00.000Z,92610,93375.4,87870.8,88001.1,415999.062,37700198904.0483
1731600000000,2024-11-14T16:00:00.000Z,88001.1,90780.2,86730,88485.7,287092.12,25441120150.0858
1731686400000,2024-11-15T16:00:00.000Z,88485.7,91928,88434.3,90578.2,154736.911,14028279454.4622
1731772800000,2024-11-16T16:00:00.000Z,90578.2,91535,89400.8,90305.4,104189.184,9445936785.4574
1731859200000,2024-11-17T16:00:00.000Z,90305.4,92700,88750,92417.4,203431.347,18457397817.1548
1731945600000,2024-11-18T16:00:00.000Z,92417.4,92885.6,89724.6,92438.8,237001.231,21704816373.7849
1732032000000,2024-11-19T16:00:00.000Z,92438.8,94849.2,91355,94737.6,248058.509,23116488852.2207
1732118400000,2024-11-20T16:00:00.000Z,94737.6,98414.8,93126.5,96688.5,283067.832,27189436155.3461
1732204800000,2024-11-21T16:00:00.000Z,96688.5,99523,96322.6,98696.5,199954.867,19650713605.8147
1732291200000,2024-11-22T16:00:00.000Z,98696.5,99660.2,98268.6,98450,93801.735,9272560872.4781
1732377600000,2024-11-23T16:00:00.000Z,98450,98622.4,95979.5,95990.9,135195.61,13189635322.6806
1732464000000,2024-11-24T16:00:00.000Z,95990.9,98975.4,94678,96040.6,166061.153,16128413709.8098
1732550400000,2024-11-25T16:00:00.000Z,96040.6,96563.2,91555.7,92877.6,273293.714,25605090034.9417
1732636800000,2024-11-26T16:00:00.000Z,92877.6,95909.1,90875.6,95601,189815.051,17689389142.5359
1732723200000,2024-11-27T16:00:00.000Z,95601,97257,94700.1,95073.1,160975.023,15422185908.1705
1732809600000,2024-11-28T16:00:00.000Z,95073.1,98711,94777,98075.9,132557.835,12818919782.241
1732896000000,2024-11-29T16:00:00.000Z,98075.9,98500,96165,96707.4,80932.863,7855703648.9073
1732982400000,2024-11-30T16:00:00.000Z,96707.4,97462.5,95750,97080.9,67351.792,6517352214.9108
1733068800000,2024-12-01T16:00:00.000Z,97080.9,98250,94836.6,97115.5,121056.956,11670615946.2119
1733155200000,2024-12-02T16:00:00.000Z,97115.5,97430.2,93607.5,95760,151768.448,14470620587.3919
1733241600000,2024-12-03T16:00:00.000Z,95760,97038.6,94928.5,95800,119410.814,11461560477.9551
1733328000000,2024-12-04T16:00:00.000Z,95800,104590.2,94651.5,101350.3,275798.172,27677431915.2532
1733414400000,2024-12-05T16:00:00.000Z,101350.3,102064.6,90759.3,99358.8,268220.771,26350166273.1823
1733500800000,2024-12-06T16:00:00.000Z,99358.8,101987.2,98802.6,99811.4,119765.296,12004830707.9225
1733587200000,2024-12-07T16:00:00.000Z,99811.4,100597.4,98715.9,99975.2,82494.87,8233015562.4128
1733673600000,2024-12-08T16:00:00.000Z,99975.2,101459,97561.4,97852.9,155082.664,15396074764.7981
1733760000000,2024-12-09T16:00:00.000Z,97852.9,98436.6,94134.2,95675.1,239346.33,23223459309.667
1733846400000,2024-12-10T16:00:00.000Z,95675.1,100794.2,94288,100352.7,183491.78,17811091456.0119
1733932800000,2024-12-11T16:00:00.000Z,100352.7,101860.7,99590,101775.2,155393.185,15679969303.2675
1734019200000,2024-12-12T16:00:00.000Z,101775.2,102539.2,99165,99840.3,142615.509,14315801488.7366
1734105600000,2024-12-13T16:00:00.000Z,99840.3,102638.2,99750,101601.8,106414.67,10793345833.0268
1734192000000,2024-12-14T16:00:00.000Z,101601.8,103341.7,100561.3,102668.5,100360.803,10246721597.262
1734278400000,2024-12-15T16:00:00.000Z,102668.5,106652.9,102556.3,106281.1,176979.343,18517069800.847
1734364800000,2024-12-16T16:00:00.000Z,106281.1,108350,105424,106427.8,148920.374,15903357536.0632
1734451200000,2024-12-17T16:00:00.000Z,106427.8,107595.6,103067.2,104395.1,164230.079,17259384902.8317
1734537600000,2024-12-18T16:00:00.000Z,104395.1,104959.6,98752.4,100631.1,267504.724,27154725099.7084
1734624000000,2024-12-19T16:00:00.000Z,100631.1,101162.7,92276.9,96961.3,388293.799,37466888888.5957
1734710400000,2024-12-20T16:00:00.000Z,96961.3,99481.2,95402,97489.3,139115.228,13559178197.0826
1734796800000,2024-12-21T16:00:00.000Z,97489.3,98044,95085,95340.9,121705.129,11776830095.5385
1734883200000,2024-12-22T16:00:00.000Z,95340.9,96495,93060.3,93217.9,163649.428,15546713208.4223
1734969600000,2024-12-23T16:00:00.000Z,93217.9,98272.5,92468.1,98247,169638.122,16080468507.7308
1735056000000,2024-12-24T16:00:00.000Z,98247,99441.7,97228.7,98484.4,139057.147,13676720568.8275
1735142400000,2024-12-25T16:00:00.000Z,98484.4,99941.1,95153,95993.1,155287.747,15106317307.7539
1735228800000,2024-12-26T16:00:00.000Z,95993.1,97521,93980.3,94540.2,152284.577,14599852874.0492
1735315200000,2024-12-27T16:00:00.000Z,94540.2,95320,93461.6,94407.7,77452.378,7314725000.2783
1735401600000,2024-12-28T16:00:00.000Z,94407.7,95700.5,93959.9,94468.6,63098.365,5989113877.2638
1735488000000,2024-12-29T16:00:00.000Z,94468.6,94537.9,91512.1,92081.8,145394.537,13558077890.4055
1735574400000,2024-12-30T16:00:00.000Z,92081.8,96238.7,91767.4,95389.6,189846.587,17834267017.4108
1735660800000,2024-12-31T16:00:00.000Z,95389.6,95569.8,92852.8,94413.9,114704.682,10770655927.7391
1735747200000,2025-01-01T16:00:00.000Z,94413.9,97400,93694.9,96428.8,137089.197,13119087372.7156
1735833600000,2025-01-02T16:00:00.000Z,96428.8,97797.5,96035,97477.3,112380.008,10890647035.7977
1735920000000,2025-01-03T16:00:00.000Z,97477.3,98944,97360,97627.3,77671.558,7617582653.1391
1736006400000,2025-01-04T16:00:00.000Z,97627.3,98759.4,97246,97981.7,64815.33,6350301934.8621
1736092800000,2025-01-05T16:00:00.000Z,97981.7,102435.1,97534.2,102092,152973.322,15214187077.1279
1736179200000,2025-01-06T16:00:00.000Z,102092,102700,97105.5,97930,159980.672,16082372529.5901
1736265600000,2025-01-07T16:00:00.000Z,97930,98308.6,94500,95449.7,216237.198,20815131480.0997
1736352000000,2025-01-08T16:00:00.000Z,95449.7,95450.5,91747,94195.4,224275.208,20999390983.1681
1736438400000,2025-01-09T16:00:00.000Z,94195.4,95237.1,91142.7,93696.9,221059.484,20648004628.5194
1736524800000,2025-01-10T16:00:00.000Z,93696.9,95807.1,93165,94365.6,93155.721,8797363546.3761
1736611200000,2025-01-11T16:00:00.000Z,94365.6,95435,93661,95035.8,64488.524,6090816252.0416
1736697600000,2025-01-12T16:00:00.000Z,95035.8,95913,89035.7,92107.3,215390.97,19934104966.1672
1736784000000,2025-01-13T16:00:00.000Z,92107.3,97342.3,91219.9,96424.8,174811.347,16592063762.1561
1736870400000,2025-01-14T16:00:00.000Z,96424.8,99741,95309.9,98943.3,151743.508,14798760937.6497
1736956800000,2025-01-15T16:00:00.000Z,98943.3,100828.7,97293.7,99263.3,153002.343,15169837434.0014
1737043200000,2025-01-16T16:00:00.000Z,99263.3,104198.8,99024.2,103946.5,168389.511,17063685858.3727
1737129600000,2025-01-17T16:00:00.000Z,103946.5,105784.2,102242.8,104517.4,157637.431,16397552763.2669
1737216000000,2025-01-18T16:00:00.000Z,104517.4,105737,103112.7,104934.1,135480.583,14174783523.5414
1737302400000,2025-01-19T16:00:00.000Z,104934.1,109988.2,99501,104987.6,337077.926,35310704693.8401
1737388800000,2025-01-20T16:00:00.000Z,104987.6,107073.9,100115,103929.1,274313.733,28337848214.8779
1737475200000,2025-01-21T16:00:00.000Z,103929.1,107217.2,103620.7,104138.3,152215.651,16043029807.9662
1737561600000,2025-01-22T16:00:00.000Z,104138.3,105993,101212.1,105188.9,188464.345,19470131176.1517
1737648000000,2025-01-23T16:00:00.000Z,105188.9,106839.1,102184.4,105822.5,226410.437,23706411452.5851
1737734400000,2025-01-24T16:00:00.000Z,105822.5,107069.7,104051,104852.3,84766.593,8916173698.0518
1737820800000,2025-01-25T16:00:00.000Z,104852.3,105486,104366,104920.7,53711.411,5632799349.3909
1737907200000,2025-01-26T16:00:00.000Z,104920.7,105235.8,97700,101071.1,220950.05,22291754405.8585
1737993600000,2025-01-27T16:00:00.000Z,101071.1,103777.3,98820.4,102730.8,147602.775,15024017185.288
1738080000000,2025-01-28T16:00:00.000Z,102730.8,103084.5,100239.6,101934.2,125938.222,12847902589.1752
1738166400000,2025-01-29T16:00:00.000Z,101934.2,106421.4,101379.4,105519.6,167954.473,17468296585.6273
1738252800000,2025-01-30T16:00:00.000Z,105519.6,106000.2,103888.7,105407.2,102913.672,10784920087.2806
1738339200000,2025-01-31T16:00:00.000Z,105407.2,105536.2,101349.9,102031.8,108972.028,11184969735.7412
1738425600000,2025-02-01T16:00:00.000Z,102031.8,102247.4,98104.9,99298.5,130894.304,13082602213.463
1738512000000,2025-02-02T16:00:00.000Z,99298.5,99450,91160.1,98803,331343.1,31761144116.0427
1738598400000,2025-02-03T16:00:00.000Z,98803,102428.3,97796.3,99310.8,198563.808,19792514511.2914
1738684800000,2025-02-04T16:00:00.000Z,99310.8,100744,96110.8,98063.2,163980.281,16102882960.9415
1738771200000,2025-02-05T16:00:00.000Z,98063.2,99088.5,96106.1,97286,112641.259,11008646071.7003
1738857600000,2025-02-06T16:00:00.000Z,97286,100112.7,95650,98247.5,164642.906,16074343462.8494
1738944000000,2025-02-07T16:00:00.000Z,98247.5,98536.3,95570.4,95798.2,79676.413,7703378194.4816
1739030400000,2025-02-08T16:00:00.000Z,95798.2,97300.3,95666,96438,61976.387,5983403858.3925
1739116800000,2025-02-09T16:00:00.000Z,96438,98328.4,94663.1,97187.7,120011.112,11602620718.5986
1739203200000,2025-02-10T16:00:00.000Z,97187.7,98452,96530,96960,79552.6,7760090313.7813
1739289600000,2025-02-11T16:00:00.000Z,96960,97002.2,94027.1,95762,143957.456,13757407908.8158
1739376000000,2025-02-12T16:00:00.000Z,95762,98091.1,95074,95950.2,143269.348,13843475534.4875
1739462400000,2025-02-13T16:00:00.000Z,95950.2,97561.9,95184,96886.5,89087.34,8598211175.4446
1739548800000,2025-02-14T16:00:00.000Z,96886.5,98793,96450,97594.4,78645.052,7679784553.4937
1739635200000,2025-02-15T16:00:00.000Z,97594.4,97698.4,96631.7,96849.9,37810.845,3676327821.8383
1739721600000,2025-02-16T16:00:00.000Z,96849.9,97228.2,95506.3,95605.4,69716.34,6717210184.2182
1739808000000,2025-02-17T16:00:00.000Z,95605.4,96714.1,94999,95501.3,84964.1516,8134963062.635
1739894400000,2025-02-18T16:00:00.000Z,95501.3,96666.8,93333,95895.7,116346.1843,11070789028.69581
1739980800000,2025-02-19T16:00:00.000Z,95895.7,98000,95365.6,96864.8,83206.2899,8062215263.50015
1740067200000,2025-02-20T16:00:00.000Z,96864.8,99425.8,96850.2,98056.3,112181.4202,11031432890.80791
1740153600000,2025-02-21T16:00:00.000Z,98056.3,98712.9,94850,96552.6,101912.2117,9830809597.13557
1740240000000,2025-02-22T16:00:00.000Z,96552.6,96794.8,95359.5,95391.7,36814.0323,3539784506.32343
1740326400000,2025-02-23T16:00:00.000Z,95391.7,96455,93801.6,94296,85236.4174,8121637976.45289
1740412800000,2025-02-24T16:00:00.000Z,94296,95172,86020.4,87196,230601.5248,20830400896.0765
1740499200000,2025-02-25T16:00:00.000Z,87196,89430,85400,87536.4,154845.0811,13585430155.49083
1740585600000,2025-02-26T16:00:00.000Z,87536.4,87784.7,82222,85472.9,200529.2841,17099242818.84607
1740672000000,2025-02-27T16:00:00.000Z,85472.9,85664.8,78217.3,83961.2,280254.1083,22826195859.53037
1740758400000,2025-02-28T16:00:00.000Z,83961.2,86502.2,83158,84761.2,112251.6278,9504007471.38082
1740844800000,2025-03-01T16:00:00.000Z,84761.2,88640,84652,87390,97967.6662,8438876214.01541
1740931200000,2025-03-02T16:00:00.000Z,87390,94969.7,87243.2,90009.5,232768.287,21448337630.95449
1741017600000,2025-03-03T16:00:00.000Z,90009.5,90959.1,81430,82940.3,231254.5601,19671929230.19204
1741104000000,2025-03-04T16:00:00.000Z,82940.3,90883,81911,88312.6,195307.5564,17131196718.36213
1741190400000,2025-03-05T16:00:00.000Z,88312.6,92780.7,87560.3,90777.8,160249.9109,14503547116.77924
1741276800000,2025-03-06T16:00:00.000Z,90777.8,91254,84600,88424.9,209393.4032,18548057087.13639
1741363200000,2025-03-07T16:00:00.000Z,88424.9,88990,85159.8,86359.9,131089.1986,11392471271.21216
1741449600000,2025-03-08T16:00:00.000Z,86359.9,86459,82675,83030.4,84493.8929,7165788932.86745
1741536000000,2025-03-09T16:00:00.000Z,83030.4,84028.3,79146.5,80004.6,213027.2778,17418833970.48944
1741622400000,2025-03-10T16:00:00.000Z,80004.6,82224.7,76562.9,81190.7,251439.3328,20049097810.21372
1741708800000,2025-03-11T16:00:00.000Z,81190.7,84467.5,80594.4,81689.9,187075.086,15413482697.92352
1741795200000,2025-03-12T16:00:00.000Z,81689.9,84300,80921,81015.9,137556.1348,11375942374.54579
1741881600000,2025-03-13T16:00:00.000Z,81015.9,85270,79903.9,84684.2,140102.4472,11540763639.52236
1741968000000,2025-03-14T16:00:00.000Z,84684.2,84902.1,83580,84295.7,73286.7448,6172126363.89886
1742054400000,2025-03-15T16:00:00.000Z,84295.7,84450.2,82335,83280,84900.3569,7080505922.53587
1742140800000,2025-03-16T16:00:00.000Z,83280,85118.3,81947,83499,136419.5652,11366015963.79391
1742227200000,2025-03-17T16:00:00.000Z,83499,84712.4,81112.9,81567.9,125876.0252,10427523769.18832
1742313600000,2025-03-18T16:00:00.000Z,81567.9,84850,81208.7,84693.3,103714.4647,8621416670.48394
1742400000000,2025-03-19T16:00:00.000Z,84693.3,87447.6,83506.4,84656.6,174497.4078,14916976049.75109
1742486400000,2025-03-20T16:00:00.000Z,84656.6,84838.8,83130.7,83526,112187.8028,9429107590.67887
1742572800000,2025-03-21T16:00:00.000Z,83526,84546.8,83334.4,84073.5,44531.0571,3745425620.01002
1742659200000,2025-03-22T16:00:00.000Z,84073.5,85228.1,83578.6,85147.9,55256.3281,4668437521.39784
1742745600000,2025-03-23T16:00:00.000Z,85147.9,88741.8,84756,88283.6,134704.5364,11688875934.04703
1742832000000,2025-03-24T16:00:00.000Z,88283.6,88488.9,86261.8,87723.1,124279.2794,10855574409.67887
1742918400000,2025-03-25T16:00:00.000Z,87723.1,88500,86387.7,86700.5,118120.3424,10334120006.70628
1743004800000,2025-03-26T16:00:00.000Z,86700.5,87712.8,85750,86931.2,139737.3495,12134999446.46629
1743091200000,2025-03-27T16:00:00.000Z,86931.2,87695.9,83923.2,84009.1,155199.9023,13298871357.96533
1743177600000,2025-03-28T16:00:00.000Z,84009.1,84585.4,81965.2,82371.7,100519.8633,8379969017.68075
1743264000000,2025-03-29T16:00:00.000Z,82371.7,83488,81609.5,82699.9,81458.5809,6740677047.79332
1743350400000,2025-03-30T16:00:00.000Z,82699.9,83885.5,81232,83368,149686.6717,12325690243.83029
1743436800000,2025-03-31T16:00:00.000Z,83368,85455,82222.3,85245.4,145535.1728,12163852250.8733
1743523200000,2025-04-01T16:00:00.000Z,85245.4,87288,83873.1,86700,150528.4664,12836775050.44463
1743609600000,2025-04-02T16:00:00.000Z,86700,88500,81173.1,82001.7,237828.0102,19956530680.56974
1743696000000,2025-04-03T16:00:00.000Z,82001.7,84686.2,81506.1,82821.9,188724.0786,15642209016.43481
1743782400000,2025-04-04T16:00:00.000Z,82821.9,84580,82339,82584.8,97063.5559,8107811821.88353
1743868800000,2025-04-05T16:00:00.000Z,82584.8,83764.3,82159,82500,75979.8695,6298771427.81071
1743955200000,2025-04-06T16:00:00.000Z,82500,82524.9,74466.4,78466.1,395026.7806,30794389011.59149
1744041600000,2025-04-07T16:00:00.000Z,78466.1,80814,77270.3,78459.9,180839.8519,14320341123.86039
1744128000000,2025-04-08T16:00:00.000Z,78459.9,78487.3,74600,77225.1,253554.9417,19463758839.64669
1744214400000,2025-04-09T16:00:00.000Z,77225.1,83553.5,77112,78731.7,251663.2284,20464170381.18677
1744300800000,2025-04-10T16:00:00.000Z,78731.7,83296.8,78422,82486.8,194055.9874,15712049489.31124
1744387200000,2025-04-11T16:00:00.000Z,82486.8,85377.7,81968,84974.1,137941.4358,11561048514.13143
1744473600000,2025-04-12T16:00:00.000Z,84974.1,86100,83451.9,83820.1,117441.3933,9952452435.975
1744560000000,2025-04-13T16:00:00.000Z,83820.1,85755,82999.9,84063.1,154311.2555,13031994322.2635
1744646400000,2025-04-14T16:00:00.000Z,84063.1,86443,83820.1,84871.9,128675.9645,10967983401.32952
1744732800000,2025-04-15T16:00:00.000Z,84871.9,85232,83066,84808.6,118802.1345,9977211428.65454
1744819200000,2025-04-16T16:00:00.000Z,84808.6,85488.3,83213.6,84495.1,129407.1365,10913701281.88043
1744905600000,2025-04-17T16:00:00.000Z,84495.1,85432,84301.1,84329.9,61160.7885,5184908778.71524
1744992000000,2025-04-18T16:00:00.000Z,84329.9,85600.2,84267,85146.3,54806.4875,4658650065.69413
1745078400000,2025-04-19T16:00:00.000Z,85146.3,85330.9,83903.2,84304.6,43623.3544,3698689888.5401
1745164800000,2025-04-20T16:00:00.000Z,84304.6,88400,84250,87997.4,115784.7383,10089394359.05159
1745251200000,2025-04-21T16:00:00.000Z,87997.4,91369.6,86333.9,90880,172866.7011,15343391253.78877
1745337600000,2025-04-22T16:00:00.000Z,90880,94743,90569.2,93140.2,200563.7732,18618912350.99535
1745424000000,2025-04-23T16:00:00.000Z,93140.2,94170,91629.9,93144.9,117283.4855,10893577712.29908
1745510400000,2025-04-24T16:00:00.000Z,93144.9,95729.2,92626.4,94997.9,133840.0413,12583541105.20133
1745596800000,2025-04-25T16:00:00.000Z,94997.9,95490.9,93832,94324.9,71032.8632,6716687802.03852
1745683200000,2025-04-26T16:00:00.000Z,94324.9,95270.9,93555.6,93858.3,57596.5186,5424678116.42217
1745769600000,2025-04-27T16:00:00.000Z,93858.3,95561.4,92728.2,93772.9,129673.2773,12221356499.67582
1745856000000,2025-04-28T16:00:00.000Z,93772.9,95400,93375.3,94800.1,86385.3641,8176865583.02897
1745942400000,2025-04-29T16:00:00.000Z,94800.1,95421.1,92858,93950.1,125032.8734,11802760221.03353
1746028800000,2025-04-30T16:00:00.000Z,93950.1,97387.6,93479.7,96796.5,132092.4691,12624957441.7521
1746115200000,2025-05-01T16:00:00.000Z,96796.5,97860.9,96126,97271.1,101538.1083,9836084146.50422
1746201600000,2025-05-02T16:00:00.000Z,97271.1,97736,95814,96357.7,64203.8328,6201889154.07647
1746288000000,2025-05-03T16:00:00.000Z,96357.7,96394.9,95171.4,95422.2,54998.9448,5266933267.95839
1746374400000,2025-05-04T16:00:00.000Z,95422.2,95701,93456.3,93726.1,103143.4111,9731955005.88469
1746460800000,2025-05-05T16:00:00.000Z,93726.1,95165,93340,94506.5,91692.8384,8643739614.97367
1746547200000,2025-05-06T16:00:00.000Z,94506.5,97700,94162.8,96883.4,124540.1346,11994808211.94872
1746633600000,2025-05-07T16:00:00.000Z,96883.4,101494.3,95730.2,100726.5,176355.6864,17376461983.99887
1746720000000,2025-05-08T16:00:00.000Z,100726.5,104347,100549.2,102850,152977.7602,15696304118.70431
1746806400000,2025-05-09T16:00:00.000Z,102850,104073,102271.4,103100.3,55466.0187,5731144024.09675
1746892800000,2025-05-10T16:00:00.000Z,103100.3,104990,102950,104085,83700.8966,8713986651.73845
1746979200000,2025-05-11T16:00:00.000Z,104085,105820,102349,102499.9,124052.9744,12909343386.54371
1747065600000,2025-05-12T16:00:00.000Z,102499.9,103931.2,100700,103633.8,124965.9145,12822970734.14705
1747152000000,2025-05-13T16:00:00.000Z,103633.8,104950,102790,103460.3,93960.9104,9754857145.15332
1747238400000,2025-05-14T16:00:00.000Z,103460.3,103819.5,101313.6,103209.5,104247.3534,10678999734.17506
1747324800000,2025-05-15T16:00:00.000Z,103209.5,104434,102500,104143.5,92139.328,9544863150.95355
1747411200000,2025-05-16T16:00:00.000Z,104143.5,104525.3,102561,102902.9,68368.9015,7062936810.15013
1747497600000,2025-05-17T16:00:00.000Z,102902.9,105662.5,102715.9,105483.5,72491.8256,7553235405.80772
1747584000000,2025-05-18T16:00:00.000Z,105483.5,107083.8,102041.1,104735.8,174027.4266,18131344062.54198
1747670400000,2025-05-19T16:00:00.000Z,104735.8,106801.1,104139.8,105293.4,139094.9944,14659521816.18154
1747756800000,2025-05-20T16:00:00.000Z,105293.4,109420.9,105027.4,108930.6,184819.2598,19793385209.41542
1747843200000,2025-05-21T16:00:00.000Z,108930.6,111853.1,106093.7,111228.4,206249.6512,22596345223.19296
1747929600000,2025-05-22T16:00:00.000Z,111228.4,111950,107264.4,108890.3,144430.1106,15890076972.37807
1748016000000,2025-05-23T16:00:00.000Z,108890.3,109756.6,106741.3,108890.4,108856.8275,11795925753.03251
1748102400000,2025-05-24T16:00:00.000Z,108890.4,109169,106510,106929,89520.6952,9638487939.04241
1748188800000,2025-05-25T16:00:00.000Z,106929,110366.7,106600.7,109957.4,94471.2663,10309259456.46886
1748275200000,2025-05-26T16:00:00.000Z,109957.4,110675.2,107463.9,110089.7,143904.3239,15732155582.22967
1748361600000,2025-05-27T16:00:00.000Z,110089.7,110456.1,107025.5,107061.1,103764.9833,11287746024.09805
1748448000000,2025-05-28T16:00:00.000Z,107061.1,108849.1,106420,106973.4,134422.6094,14475087272.65087
1748534400000,2025-05-29T16:00:00.000Z,106973.4,107122.2,104560,105494,138728.0273,14665350829.89306
1748620800000,2025-05-30T16:00:00.000Z,105494,105527.6,103034.6,104502,103544.3559,10770035305.04758
1748707200000,2025-05-31T16:00:00.000Z,104502,104853.5,103720,104660.2,53146.3016,5542253353.28591
1748793600000,2025-06-01T16:00:00.000Z,104660.2,105886,103622.8,104395.3,105747.1246,11069818603.50803
1748880000000,2025-06-02T16:00:00.000Z,104395.3,106750,103984.6,106545.3,98437.068,10388970908.42283
1748966400000,2025-06-03T16:00:00.000Z,106545.3,106600,104119.7,105247.8,101780.5132,10726310671.45817
1749052800000,2025-06-04T16:00:00.000Z,105247.8,105861.7,103828.3,104490.3,105485.8285,11055448450.40487
1749139200000,2025-06-05T16:00:00.000Z,104490.3,105270,100330.7,105028.3,186713.5918,19203738501.59874
1749225600000,2025-06-06T16:00:00.000Z,105028.3,105732.3,103819.7,105505.7,77123.272,8085761159.28399
1749312000000,2025-06-07T16:00:00.000Z,105505.7,106085.6,104950,105915.4,51527.3063,5438718919.11299
1749398400000,2025-06-08T16:00:00.000Z,105915.4,107979,105268,107578.3,115627.4733,12344396155.87138
1749484800000,2025-06-09T16:00:00.000Z,107578.3,110647.8,107577.6,108971.3,127469.8491,13920521079.40033
1749571200000,2025-06-10T16:00:00.000Z,108971.3,110370.8,108469.5,109696.1,98488.4074,10796509255.64347
1749657600000,2025-06-11T16:00:00.000Z,109696.1,109777.2,106560,106969.5,93996.72981272,10159972949.658382506
1749744000000,2025-06-12T16:00:00.000Z,106969.5,108387.8,102611.1,105383.7,125750.53622746,13227869350.795401486
1749830400000,2025-06-13T16:00:00.000Z,105383.7,106177.7,104559.6,104787.4,41859.12380131,4407635626.064849296
1749916800000,2025-06-14T16:00:00.000Z,104787.4,106076.9,104250,105518.9,40646.46100585,4275301385.351768495
1750003200000,2025-06-15T16:00:00.000Z,105518.9,107729.1,104394.6,107372.8,56411.85636654,5991401766.623944417
1750089600000,2025-06-16T16:00:00.000Z,107372.8,108887.3,104085,104208.8,85167.3495327,9078279986.666620456
1750176000000,2025-06-17T16:00:00.000Z,104208.8,105498.5,103318,104744.3,72542.48431637,7579268702.734267141
1750262400000,2025-06-18T16:00:00.000Z,104744.3,105171.4,103460.1,104056.6,41965.23744818,4382777131.277803812
1750348800000,2025-06-19T16:00:00.000Z,104056.6,106469.8,103817.8,104173.2,58825.30347552,6177700535.603346312
1750435200000,2025-06-20T16:00:00.000Z,104173.2,104226.3,102301,103518.5,53070.14852484,5487263393.101986815
1750521600000,2025-06-21T16:00:00.000Z,103518.5,103600,98823.8,98857.5,109740.72270878,11136928655.419180967
1750608000000,2025-06-22T16:00:00.000Z,98857.5,102566.3,98137.9,101373.9,85461.1334154,8595779151.986730632
1750694400000,2025-06-23T16:00:00.000Z,101373.9,106016.3,99541.4,105183,111399.27795002,11571388562.746721015
1750780800000,2025-06-24T16:00:00.000Z,105183,108081.6,105137.1,106982.1,74843.91772642,7985296402.48123386
1750867200000,2025-06-25T16:00:00.000Z,106982.1,108222.2,106520,107256.1,49089.06493453,5273004930.236655396
1750953600000,2025-06-26T16:00:00.000Z,107256.1,107960.7,106317.5,107251.8,46647.99884372,4992544714.78257632
1751040000000,2025-06-27T16:00:00.000Z,107251.8,107672.1,106393.4,107406.7,29140.7504494,3122294208.862670316
1751126400000,2025-06-28T16:00:00.000Z,107406.7,108480,107095.8,107700.8,34087.32589406,3674893251.205592185
1751212800000,2025-06-29T16:00:00.000Z,107700.8,108738.4,106691.7,107525.6,55594.01025659,5986719815.386507259
1751299200000,2025-06-30T16:00:00.000Z,107525.6,107763.3,105578.3,105910,54340.80519843,5795940418.157013736
1751385600000,2025-07-01T16:00:00.000Z,105910,108710,105050,108693.5,78155.01383054,8363760117.079407243
1751472000000,2025-07-02T16:00:00.000Z,108693.5,110466,108492,109086.8,102695.37495851,11232395648.250484631
1751558400000,2025-07-03T16:00:00.000Z,109086.8,109956,107450.2,107542.8,56400.2040862,6133517048.833590075
1751644800000,2025-07-04T16:00:00.000Z,107542.8,108360,107220.7,108016.1,30987.44708201,3340955509.915892675
1751731200000,2025-07-05T16:00:00.000Z,108016.1,109079.6,107747.2,108839.9,25654.41823701,2778500413.770196066
1751817600000,2025-07-06T16:00:00.000Z,108839.9,109669,107922,108247.1,57088.66748543,6213220425.271897595
1751904000000,2025-07-07T16:00:00.000Z,108247.1,109164.7,107400,108220.2,55496.96851033,6005628467.518862821
1751990400000,2025-07-08T16:00:00.000Z,108220.2,109725,108052.5,109010.7,60014.62265481,6535732583.150379938
1752076800000,2025-07-09T16:00:00.000Z,109010.7,112000,108973.4,111340.9,90315.89188711,10005023296.696266658
1752163200000,2025-07-10T16:00:00.000Z,111340.9,118862.9,111274.3,116917.1,154144.81571704,17864903445.072996808
1752249600000,2025-07-11T16:00:00.000Z,116917.1,118167.1,116618.6,117076.7,54353.5307798,6389727440.352512363
1752336000000,2025-07-12T16:00:00.000Z,117076.7,119385.4,116957.1,118626,35868.08728975,4241774504.057948071
1752422400000,2025-07-13T16:00:00.000Z,118626,123240,118193.1,119876.7,112860.45424844,13643173015.762669893
1752508800000,2025-07-14T16:00:00.000Z,119876.7,120515,115687,116391.9,107510.52755088,12665360873.645449198
1752595200000,2025-07-15T16:00:00.000Z,116391.9,119755.1,116045.2,119059.4,79364.04733493,9364861417.916722807
1752681600000,2025-07-16T16:00:00.000Z,119059.4,120043.1,117422,118869.7,61112.52854222,7249272180.335354428
1752768000000,2025-07-17T16:00:00.000Z,118869.7,120945,117300.8,117828.7,86245.75505881,10284376629.921732277
1752854400000,2025-07-18T16:00:00.000Z,117828.7,118445.6,116781.7,118024,42562.55682237,5014192944.644435401
1752940800000,2025-07-19T16:00:00.000Z,118024,118769,117262.2,118660,31130.67808935,3673957378.998911802
1753027200000,2025-07-20T16:00:00.000Z,118660,119672.9,116415.2,118316.5,69591.53054733,8228811542.792624166
1753113600000,2025-07-21T16:00:00.000Z,118316.5,119576.2,116023.6,118897.5,109856.8834,12949239117.60852
1753200000000,2025-07-22T16:00:00.000Z,118897.5,120291.1,117265.9,118520.9,70812.6462,8402553746.04298
1753286400000,2025-07-23T16:00:00.000Z,118520.9,119430.4,117052.1,119074.2,76507.264,9047516850.15272
1753372800000,2025-07-24T16:00:00.000Z,119074.2,119357.1,114675.3,115689.9,117999.3094,13717737372.45992
1753459200000,2025-07-25T16:00:00.000Z,115689.9,118218.2,115411.8,118106.7,47738.3398,5598296293.40738
1753545600000,2025-07-26T16:00:00.000Z,118106.7,118580,117801,118572.2,22449.275,2653001440.99716
1753632000000,2025-07-27T16:00:00.000Z,118572.2,119811.3,117893.2,118151.3,58952.2346,7010622568.33148
1753718400000,2025-07-28T16:00:00.000Z,118151.3,119242.3,117224.5,117350.1,58171.0778,6875521550.47294
1753804800000,2025-07-29T16:00:00.000Z,117350.1,118759.6,116930,117950,60714.0274,7150350001.65954
1753891200000,2025-07-30T16:00:00.000Z,117950,118900,115729.8,118257,65618.2152,7712407546.26756
1753977600000,2025-07-31T16:00:00.000Z,118257,118835.9,113914.9,115304.1,119496.5374,13813192590.97874
1754064000000,2025-08-01T16:00:00.000Z,115304.1,115644.2,112669.5,112800,65274.2748,7420904706.15422
1754150400000,2025-08-02T16:00:00.000Z,112800,114199,111865,113895.9,53788.3984,6075488990.0723
1754236800000,2025-08-03T16:00:00.000Z,113895.9,115416.7,113721.4,114772.3,44220.6142,5067233830.8772
1754323200000,2025-08-04T16:00:00.000Z,114772.3,115684.5,112600,112875.6,69475.398,7926092457.48184
1754409600000,2025-08-05T16:00:00.000Z,112875.6,115488,112758.2,115365.5,59635.0156,6801126003.61832
1754496000000,2025-08-06T16:00:00.000Z,115365.5,116761,114227,116634.5,56750.5204,6560666174.73236
1754582400000,2025-08-07T16:00:00.000Z,116634.5,117578,115576.4,116170.1,54493.048,6361345229.64448
1754668800000,2025-08-08T16:00:00.000Z,116170.1,117888,115955.1,116846.1,51447.2292,6010114591.60742
1754755200000,2025-08-09T16:00:00.000Z,116846.1,119092.4,116347.3,118768.8,64682.0102,7628972650.65768
1754841600000,2025-08-10T16:00:00.000Z,118768.8,122326.7,118040.7,120270.7,121683.1822,14675861030.30368
1754928000000,2025-08-11T16:00:00.000Z,120270.7,120760.3,118050.8,119892.2,97786.1428,11635756460.41202
1755014400000,2025-08-12T16:00:00.000Z,119892.2,122200,118881,120893.9,98089.7636,11817691434.5681
1755100800000,2025-08-13T16:00:00.000Z,120893.9,124539.4,117470.1,118209.5,174145.02945,21074980788.330455
1755187200000,2025-08-14T16:00:00.000Z,118209.5,119191.5,116753.8,117218.6,57000.72408,6727679943.455022
1755273600000,2025-08-15T16:00:00.000Z,117218.6,117845.3,116650,117617.1,34104.10891,4003527523.719473
1755360000000,2025-08-16T16:00:00.000Z,117617.1,118535.4,117125.8,118198.4,16916.88649,1994103622.988592
1755446400000,2025-08-17T16:00:00.000Z,118198.4,118272,114605,116088.4,74646.36947,8650107655.10485
1755532800000,2025-08-18T16:00:00.000Z,116088.4,116937.2,113509,113731.8,70775.1628,8154349169.48848
1755619200000,2025-08-19T16:00:00.000Z,113731.8,114271.6,112320,113294.2,71821.7334,8137998313.4082
1755705600000,2025-08-20T16:00:00.000Z,113294.2,114760,112561.2,112753.9,46847.723,5325090767.33792
1755792000000,2025-08-21T16:00:00.000Z,112753.9,117247.6,111631,116306.3,101862.5468,11595353917.63984
1755878400000,2025-08-22T16:00:00.000Z,116306.3,117381.4,114515.4,114777.3,50628.5426,5871045988.855
1755964800000,2025-08-23T16:00:00.000Z,114777.3,115620,114325.4,114380.7,27769.0258,3190827736.30252
1756051200000,2025-08-24T16:00:00.000Z,114380.7,114904,110533.7,112131.2,143226.558,16079709050.03778
1756137600000,2025-08-25T16:00:00.000Z,112131.2,112890,108615.7,109636.2,106526.0818,11730557725.48258
1756224000000,2025-08-26T16:00:00.000Z,109636.2,112573.4,109413.7,111960.8,64087.8462,7131658728.0181
1756310400000,2025-08-27T16:00:00.000Z,111960.8,113431.7,110814.7,112643.4,64322.8966,7225126943.48314
1756396800000,2025-08-28T16:00:00.000Z,112643.4,113149.7,108043.7,108335.9,87392.5234,9646548388.12106
1756483200000,2025-08-29T16:00:00.000Z,108335.9,108873,107301.1,108822,50001.6498,5411845738.83272
1756569600000,2025-08-30T16:00:00.000Z,108822,109428.4,108151.6,108755.8,30921.996,3361104623.93226
1756656000000,2025-08-31T16:00:00.000Z,108755.8,109868.2,107212,108736.9,74213.5104,8060773447.93146
1756742400000,2025-09-01T16:00:00.000Z,108736.9,111726.4,107410,110786.9,102573.4158,11258548021.57648
1756828800000,2025-09-02T16:00:00.000Z,110786.9,112450.9,110137.3,112164.4,69492.0542,7732074978.498
1756915200000,2025-09-03T16:00:00.000Z,112164.4,112527.2,109302.5,109471,60087.6878,6659345007.7282
1757001600000,2025-09-04T16:00:00.000Z,109471,113341.3,109330,110679.8,122859.6328,13731336729.77308
1757088000000,2025-09-05T16:00:00.000Z,110679.8,111643.2,110176.1,110331.5,37937.4384,4204667626.6442
1757174400000,2025-09-06T16:00:00.000Z,110331.5,111367.7,109919.5,111276.7,39507.1382,4370993581.86486
1757260800000,2025-09-07T16:00:00.000Z,111276.7,112850,110568.6,112567.4,55723.95568129,6218180618.024416633
1757347200000,2025-09-08T16:00:00.000Z,112567.4,113237.1,110730.1,110837,59914.89534074,6716142115.01056257
1757433600000,2025-09-09T16:00:00.000Z,110837,114274.7,110745.1,113802.9,65594.6164222,7376414767.260739012
1757520000000,2025-09-10T16:00:00.000Z,113802.9,114665.9,113104.9,114124,72590.04355234,8268178522.790216061
1757606400000,2025-09-11T16:00:00.000Z,114124,116265.9,114034.9,115062.2,57336.44405413,6605373389.302688852
1757692800000,2025-09-12T16:00:00.000Z,115062.2,116589.4,114981.5,115727.5,35384.42745417,4101288426.141856557
1757779200000,2025-09-13T16:00:00.000Z,115727.5,116118.1,115091,115177.6,26632.48313592,3078378965.203166176
1757865600000,2025-09-14T16:00:00.000Z,115177.6,116711.7,114320,114793.7,58676.85512313,6767599448.437113602
1757952000000,2025-09-15T16:00:00.000Z,114793.7,115950,114544,115859.9,43216.11578775,4983325333.294219338
1758038400000,2025-09-16T16:00:00.000Z,115859.9,117236.5,115425,115836.1,55741.79286611,6487977166.502260095
1758124800000,2025-09-17T16:00:00.000Z,115836.1,117830,114669,117526.5,91381.78465123,10637433034.863562969
1758211200000,2025-09-18T16:00:00.000Z,117526.5,117855.5,115423,115825.9,45103.66475682,5263223460.014581606
1758297600000,2025-09-19T16:00:00.000Z,115825.9,116084.1,115059.3,115929.9,20222.479318,2337854940.633736848
1758384000000,2025-09-20T16:00:00.000Z,115929.9,116026.8,115271.9,115471.7,11049.62169861,1277418848.868088551
1758470400000,2025-09-21T16:00:00.000Z,115471.7,115622.9,111549.3,112772.7,87285.27443484,9880227570.900112393
1758556800000,2025-09-22T16:00:00.000Z,112772.7,113240,111434.8,112830.1,45473.49890488,5119098552.783848268
1758643200000,2025-09-23T16:00:00.000Z,112830.1,113852.5,111013,113294.9,57264.50200665,6439132437.992285803
1758729600000,2025-09-24T16:00:00.000Z,113294.9,113888.5,110574.8,111536.3,63303.53239596,7087467637.817140558
1758816000000,2025-09-25T16:00:00.000Z,111536.3,111628,108577.6,108978.8,74849.11515573,8186093448.331613055
1758902400000,2025-09-26T16:00:00.000Z,108978.8,110244.9,108972.5,109348.8,27343.65054959,2992744791.259014443
1758988800000,2025-09-27T16:00:00.000Z,109348.8,109973.5,109136.2,109969.9,18112.91849538,1982573986.767854696
1759075200000,2025-09-28T16:00:00.000Z,109969.9,114158.2,109944.1,113740.6,55674.39160573,6238191991.506284761
1759161600000,2025-09-29T16:00:00.000Z,113740.6,114742.4,112630,113052.1,50306.56768295,5718970035.522032652
1759248000000,2025-09-30T16:00:00.000Z,113052.1,117622.7,112744.3,117354.6,78317.53808814,9026965002.528701233
1759334400000,2025-10-01T16:00:00.000Z,117354.6,119883.3,116693,119879.9,73778.79117718,8743491849.274368422
1759420800000,2025-10-02T16:00:00.000Z,119879.9,122358.5,119208.6,122228.5,67380.99452141,8110923307.466230933
1759507200000,2025-10-03T16:00:00.000Z,122228.5,123864.5,121437.1,121746.2,62585.74748573,7663878200.483445679
1759593600000,2025-10-04T16:00:00.000Z,121746.2,125798.3,121465.3,122760.5,87894.71828823,10884074408.060712665
1759680000000,2025-10-05T16:00:00.000Z,122760.5,125377.6,122261.5,124938.1,77668.90788253,9616825423.352901534
1759766400000,2025-10-06T16:00:00.000Z,124938.1,126173.6,121131.9,121797.4,87176.77095299,10813368839.094462627
1759852800000,2025-10-07T16:00:00.000Z,121797.4,123317.2,120530.6,122135.7,72802.59303422,8877577370.067823179
1759939200000,2025-10-08T16:00:00.000Z,122135.7,124140.6,120611.2,121098.9,84723.56357004,10373644785.949108288
1760025600000,2025-10-09T16:00:00.000Z,121098.9,122455,118435.5,118971.9,92484.34772832,11169398000.35039545
1760112000000,2025-10-10T16:00:00.000Z,118971.9,119394.7,101668.1,111731.6,234036.10740403,26307996272.636303835
1760198400000,2025-10-11T16:00:00.000Z,111731.6,113640,109470.5,113096.4,64619.60791021,7202358274.690704775
1760284800000,2025-10-12T16:00:00.000Z,113096.4,115867.6,113096.4,114265.6,76897.59488883,8812014582.944592926
1760371200000,2025-10-13T16:00:00.000Z,114265.6,115832,109796.7,112829.5,96088.87258927,10812731280.880091327
1760457600000,2025-10-14T16:00:00.000Z,112829.5,113568.7,110333.3,110756.4,76723.62098266,8614139502.529943697
1760544000000,2025-10-15T16:00:00.000Z,110756.4,111947.2,108271,108486,86718.82875449,9599249663.509475331
1760630400000,2025-10-16T16:00:00.000Z,108486,109208,103469.3,106741.1,109325.76872954,11667923558.600551062
1760716800000,2025-10-17T16:00:00.000Z,106741.1,107507.6,106019.8,106887.3,26158.22475,2794716158.37115
1760803200000,2025-10-18T16:00:00.000Z,106887.3,108566,106063.2,108429.3,21667.2558,2325057965.20792
1760889600000,2025-10-19T16:00:00.000Z,108429.3,111648.7,107376.5,111072.1,30618.7518,3365616895.7725
1760976000000,2025-10-20T16:00:00.000Z,111072.1,113464.6,107403.4,113348.5,51570.8045,5661344809.37306
1761062400000,2025-10-21T16:00:00.000Z,113348.5,113935.7,106674.9,108364.9,66846.4835,7299616476.24169
1761148800000,2025-10-22T16:00:00.000Z,108364.9,110251.4,106621.5,109840.7,38879.5631,4217222363.30169
1761235200000,2025-10-23T16:00:00.000Z,109840.7,112105.7,109281.8,110008.1,39608.3178,4385367636.7931
1761321600000,2025-10-24T16:00:00.000Z,110008.1,111896.8,109764.2,111330.2,14849.0419,1650518878.31424
1761408000000,2025-10-25T16:00:00.000Z,111330.2,113991.3,111092.7,113646.5,17866.4602,2011614785.23014
1761494400000,2025-10-26T16:00:00.000Z,113646.5,116350.6,112854.6,114929.5,31084.9305,3571154132.1038
1761580800000,2025-10-27T16:00:00.000Z,114929.5,116050.5,113416.3,114582.6,29593.8312,3392596195.87162
1761667200000,2025-10-28T16:00:00.000Z,114582.6,115549.6,111355.1,111461.8,38733.9696,4376201681.71919
1761753600000,2025-10-29T16:00:00.000Z,111461.8,111983.6,107266,107674.6,76332.2095,8391144326.7595
1761840000000,2025-10-30T16:00:00.000Z,107674.6,111167.3,106237.6,110168,49592.5176,5407045837.04793
1761926400000,2025-10-31T16:00:00.000Z,110168,110531.5,108600,110253.2,17754.4159,1947393664.49908
1762012800000,2025-11-01T16:00:00.000Z,110253.2,111198,109792.4,110070.5,14344.2887,1584648951.12539
1762099200000,2025-11-02T16:00:00.000Z,110070.5,110715.5,105469.8,105711.9,49676.5419,5344647793.15874
1762185600000,2025-11-03T16:00:00.000Z,105711.9,107716.7,102888,103159.9,56630.9561,5952165836.16807
1762272000000,2025-11-04T16:00:00.000Z,103159.9,103723.8,98888,103655.1,73971.2484,7483078059.80415
1762358400000,2025-11-05T16:00:00.000Z,103655.1,104485.8,101580,101970.1,30102.7114,3104078105.18611
1762444800000,2025-11-06T16:00:00.000Z,101970.1,102480,99188.9,100741,40685.3875,4106276894.58833
1762531200000,2025-11-07T16:00:00.000Z,100741,104025.2,100460,101674.8,23716.5934,2429605628.16258
1762617600000,2025-11-08T16:00:00.000Z,101674.8,104116.1,101333.3,103684.8,19693.4782,2017060237.51266
1762704000000,2025-11-09T16:00:00.000Z,103684.8,106620.4,103264.3,105036.5,33369.7397,3515024067.43526
1762790400000,2025-11-10T16:00:00.000Z,105036.5,107468.7,103167,103452.2,31469.5598,3313243937.71088
1762876800000,2025-11-11T16:00:00.000Z,103452.2,105291.8,101914.8,102135.9,30364.5382,3148397474.76267
1762963200000,2025-11-12T16:00:00.000Z,102135.9,104000,100769.4,101338.2,42287.9331,4324887628.93063
1763049600000,2025-11-13T16:00:00.000Z,101338.2,101510.9,94506.9,96757.1,76648.6698,7486103350.31203
1763136000000,2025-11-14T16:00:00.000Z,96757.1,97375,93961.8,96233.6,32189.5753,3076142536.01793
1763222400000,2025-11-15T16:00:00.000Z,96233.6,96607.5,94346,94554.4,22060.8458,2109389694.17921
1763308800000,2025-11-16T16:00:00.000Z,94554.4,96034.9,92958.4,93929.1,49853.7629,4715526707.6403
1763395200000,2025-11-17T16:00:00.000Z,93929.1,94399.7,89265.1,92871.4,63707.2794,5831847348.11287
1763481600000,2025-11-18T16:00:00.000Z,92871.4,93788,89839.4,89908,42107.2757,3864123892.22462
1763568000000,2025-11-19T16:00:00.000Z,89908,93123.9,88600,89850.1,51631.3204,4696032808.60228
1763654400000,2025-11-20T16:00:00.000Z,89850.1,89899,80600.5,82894.4,108314.3356,9199530439.12473
1763740800000,2025-11-21T16:00:00.000Z,82894.4,85575,82293.2,84241.3,39109.6431,3297333025.1085
1763827200000,2025-11-22T16:00:00.000Z,84241.3,87229.3,84172.7,87050,29307.4565,2516810623.95169
1763913600000,2025-11-23T16:00:00.000Z,87050,88110.4,85230.1,86586.1,44852.5631,3889510597.11646
1764000000000,2025-11-24T16:00:00.000Z,86586.1,89160.5,86076,86958,39203.7685,3435585199.82286
1764086400000,2025-11-25T16:00:00.000Z,86958,88188.1,86140.9,86931,34013.6103,2965313438.64843
1764172800000,2025-11-26T16:00:00.000Z,86931,91900,86920.5,90930,38724.9751,3499105499.73088
1764259200000,2025-11-27T16:00:00.000Z,90930,93050.8,90604.6,92298.9,31148.1113,2854872288.25486
1764345600000,2025-11-28T16:00:00.000Z,92298.9,92318,90163.3,91032.8,20731.6796,1883013885.12991
1764432000000,2025-11-29T16:00:00.000Z,91032.8,91915,90113,91399,15336.2923,1396175887.14558
1764518400000,2025-11-30T16:00:00.000Z,91399,91821.9,83777.7,84646.8,57078.0439,4968898732.07037
1764604800000,2025-12-01T16:00:00.000Z,84646.8,91166.4,84000,90800,49772.008,4342845815.27397
1764691200000,2025-12-02T16:00:00.000Z,90800,93925,90163.8,92339,50954.3702,4701520284.66752
1764777600000,2025-12-03T16:00:00.000Z,92339,94147,91750,92933.7,33044.4522,3072320323.47047
1764864000000,2025-12-04T16:00:00.000Z,92933.7,93144,89852.5,90412.2,40297.5331,3688609973.46253
1764950400000,2025-12-05T16:00:00.000Z,90412.2,90452.2,88012.4,89715,31129.2124,2777923947.38254
1765036800000,2025-12-06T16:00:00.000Z,89715,89939.7,87674.2,89503.4,22683.1156,2017719593.61912
1765123200000,2025-12-07T16:00:00.000Z,89503.4,92250,88928.3,89927.2,43562.9657,3954364448.49272
1765209600000,2025-12-08T16:00:00.000Z,89927.2,92844.4,89425,92664.1,42199.9187,3819047073.74084
1765296000000,2025-12-09T16:00:00.000Z,92664.1,94543.6,91510.1,92028.1,38784.4547,3603487792.22283
1765382400000,2025-12-10T16:00:00.000Z,92028.1,94477.8,89226.9,89839,51843.9831,4737497605.24744
1765468800000,2025-12-11T16:00:00.000Z,89839,93536.6,89300,89886.6,53102.4036,4866948814.71539
1765555200000,2025-12-12T16:00:00.000Z,89886.6,90635.9,89434.5,90063.3,22677.6252,2044743779.76695
1765641600000,2025-12-13T16:00:00.000Z,90063.3,90450,88596.6,88991,21698.3715,1944105045.42309
1765728000000,2025-12-14T16:00:00.000Z,88991,89991.2,86591.6,87012.1,43057.0183,3810541693.72626
1765814400000,2025-12-15T16:00:00.000Z,87012.1,88141,85111,87941.5,54587.3962,4723377304.15665
1765900800000,2025-12-16T16:00:00.000Z,87941.5,90347.8,86169.6,87191.9,54262.3437,4762063290.15586
1765987200000,2025-12-17T16:00:00.000Z,87191.9,89448.1,85286.5,88481.9,59353.8039,5176761197.62982
1766073600000,2025-12-18T16:00:00.000Z,88481.9,89377.7,84415.7,87912.6,68419.2903,5938816614.327
1766160000000,2025-12-19T16:00:00.000Z,87912.6,88859.3,86801.8,88147.9,24372.9082,2142222752.38628
1766246400000,2025-12-20T16:00:00.000Z,88147.9,89050,87555,88030,18913.8088,1669594191.4341
1766332800000,2025-12-21T16:00:00.000Z,88030,90550,87856,89696.7,41151.7672,3675032118.90807
1766419200000,2025-12-22T16:00:00.000Z,89696.7,90091.5,86555,87412,37844.268,3328604940.75152
1766505600000,2025-12-23T16:00:00.000Z,87412,88344,86377,87016,33978.9519,2966861920.53033
1766592000000,2025-12-24T16:00:00.000Z,87016,88555,86877.6,88325.2,18891.7633,1656139215.74159
1766678400000,2025-12-25T16:00:00.000Z,88325.2,89520,86628,87115.6,45895.6255,4044317734.18428
1766764800000,2025-12-26T16:00:00.000Z,87115.6,87750,86774.1,87516.4,13465.7885,1176682904.71956
1766851200000,2025-12-27T16:00:00.000Z,87516.4,88061.8,87393.1,87793.1,15314.8185,1344122134.68048
1766937600000,2025-12-28T16:00:00.000Z,87793.1,90357.3,86765,87643.3,51883.77,4584489696.46633
1767024000000,2025-12-29T16:00:00.000Z,87643.3,89121.2,86801.5,88971.6,36159.4668,3177197861.08928
1767110400000,2025-12-30T16:00:00.000Z,88971.6,89350,87747.2,87924.7,31220.4414,2763944783.83948
1767196800000,2025-12-31T16:00:00.000Z,87924.7,88079.9,87211.5,87980.5,18062.2693,1584681197.95859
1767283200000,2026-01-01T16:00:00.000Z,87980.5,90126.7,87821,89371.1,37602.8927,3349011357.14999
1767369600000,2026-01-02T16:00:00.000Z,89371.1,90929.3,89158.9,89929.9,31453.8378,2831228558.54166
1767456000000,2026-01-03T16:00:00.000Z,89929.9,91761.3,89866.3,91286.6,24313.2326,2214809464.51206
1767542400000,2026-01-04T16:00:00.000Z,91286.6,93970,90811.1,93883.4,39270.4409,3636432813.42133
1767628800000,2026-01-05T16:00:00.000Z,93883.4,94744,93090,93604.6,37741.0254,3542331586.81942
1767715200000,2026-01-06T16:00:00.000Z,93604.6,93815.7,90984.2,91315.4,50322.3627,4646322615.11023
1767801600000,2026-01-07T16:00:00.000Z,91315.4,91758,89265.8,90728.6,43423.816,3928724051.6968
1767888000000,2026-01-08T16:00:00.000Z,90728.6,91982,89667.4,91144.2,38285.5345,3476652332.47964
1767974400000,2026-01-09T16:00:00.000Z,91144.2,91750,90090.6,90628.8,17207.1978,1562277396.54004
1768060800000,2026-01-10T16:00:00.000Z,90628.8,91149.9,90357.7,90840.1,11490.0101,1042890939.62114
1768147200000,2026-01-11T16:00:00.000Z,90840.1,92491.2,90083.1,91614.1,39413.2287,3592198173.54942
1768233600000,2026-01-12T16:00:00.000Z,91614.1,93420.4,90888.1,93409.7,45306.8688,4169233159.69658
1768320000000,2026-01-13T16:00:00.000Z,93409.7,97047.9,93011.6,96687.8,60386.9342,5743454098.076
1768406400000,2026-01-14T16:00:00.000Z,96687.8,97888,95404,96702.9,50035.8579,4839963173.73617
1768492800000,2026-01-15T16:00:00.000Z,96702.9,97032.6,94259,94546.9,35585.3951,3398698934.97688
1768579200000,2026-01-16T16:00:00.000Z,94546.9,95626,94461.8,95526.5,15292.3727,1455025642.59376
1768665600000,2026-01-17T16:00:00.000Z,95526.5,95526.6,94810.1,95070.8,10064.7445,957346680.42528
1768752000000,2026-01-18T16:00:00.000Z,95070.8,95490.3,91850,93016.1,36870.4992,3435355906.50153
1768838400000,2026-01-19T16:00:00.000Z,93016.1,93380.2,89820,90655.1,45472.2037,4156885387.12217
1768924800000,2026-01-20T16:00:00.000Z,90655.1,90943.5,87801,90231.8,52790.668,4711158363.56742
1769011200000,2026-01-21T16:00:00.000Z,90231.8,90420,87205,88961.7,52921.8299,4720203126.97367
1769097600000,2026-01-22T16:00:00.000Z,88961.7,90046.6,88521,89712.9,32292.2374,2884016597.41735
1769184000000,2026-01-23T16:00:00.000Z,89712.9,91178.3,89121.1,89241.8,23656.1095,2129289164.65398
1769270400000,2026-01-24T16:00:00.000Z,89241.8,89454,88089.5,88407.1,14952.42,1327179936.00032
1769356800000,2026-01-25T16:00:00.000Z,88407.1,88822.9,86039.1,87603.9,51301.514,4483965427.83614
1769443200000,2026-01-26T16:00:00.000Z,87603.9,88965.2,86977.3,88000.1,25919.4502,2281376778.8595
1769529600000,2026-01-27T16:00:00.000Z,88000.1,90425.6,87265,89440.3,39337.7786,3503643118.23005
1769616000000,2026-01-28T16:00:00.000Z,89440.3,90566.7,84333.1,84911.4,52476.6499,4602364978.02251
1769702400000,2026-01-29T16:00:00.000Z,84911.4,85598.9,81058.8,82848.6,69019.3381,5743780081.29208
1769788800000,2026-01-30T16:00:00.000Z,82848.6,84590,80774.4,81266.7,42640.1591,3533716316.42677
1769875200000,2026-01-31T16:00:00.000Z,81266.7,82160,75669,77565.5,86261.6151,6779261978.95593
1769961600000,2026-02-01T16:00:00.000Z,77565.5,79300,74550,78798.3,85572.5004,6578935867.15804
1770048000000,2026-02-02T16:00:00.000Z,78798.3,79234.7,77004,78087.8,40762.2204,3190966936.06926
1770134400000,2026-02-03T16:00:00.000Z,78087.8,78094.9,72904.6,74107.6,83111.5503,6263825942.66737
1770220800000,2026-02-04T16:00:00.000Z,74107.6,74219.6,66666,67450.2,109509.151,7775072670.14932
1770307200000,2026-02-05T16:00:00.000Z,67450.2,69155.6,59900.5,68575,151307.0859,9813246251.76712
1770393600000,2026-02-06T16:00:00.000Z,68575,71699.7,67288.4,69120,79800.1794,5549878775.4933
1770480000000,2026-02-07T16:00:00.000Z,69120,71523.6,68520.6,71151.6,39716.8315,2778935573.53257
1770566400000,2026-02-08T16:00:00.000Z,71151.6,72262,68266.5,69530,54572.278,3820509673.95665
1770652800000,2026-02-09T16:00:00.000Z,69530,71104.2,67875.2,69244.8,49322.3223,3425741072.77258
1770739200000,2026-02-10T16:00:00.000Z,69244.8,69979.6,65708.6,66485.4,56639.1597,3827380910.25777
1770825600000,2026-02-11T16:00:00.000Z,66485.4,68398.6,65831.5,67105.1,46234.5501,3115925454.52642
1770912000000,2026-02-12T16:00:00.000Z,67105.1,69273,65088,68648.8,54147.9899,3617133650.04242
1770998400000,2026-02-13T16:00:00.000Z,68648.8,70564.2,68500,69755,35573.111,2469306350.83116
1771084800000,2026-02-14T16:00:00.000Z,69755,70937.8,68738,69070.5,35701.6332,2493521018.59134
1771171200000,2026-02-15T16:00:00.000Z,69070.5,70090,67250.1,67507.2,42989.5264,2947557529.09131
1771257600000,2026-02-16T16:00:00.000Z,67507.2,69250.3,66577,67363.9,36990.4836,2514099365.16826
1771344000000,2026-02-17T16:00:00.000Z,67363.9,68430,66684.8,67667.4,41859.228,2828874035.83443
1771430400000,2026-02-18T16:00:00.000Z,67667.4,67679.3,65593,66371.2,49358.3308,3285518992.65015
1771516800000,2026-02-19T16:00:00.000Z,66371.2,68266.8,65858.1,67547.3,54425.2262,3658264669.86185
1771603200000,2026-02-20T16:00:00.000Z,67547.3,68665,66916.4,68564.6,31313.5833,2124719198.2336
1771689600000,2026-02-21T16:00:00.000Z,68564.6,68629.8,67281.5,67659.9,22597.1272,1535392264.32715
1771776000000,2026-02-22T16:00:00.000Z,67659.9,67730.6,64250.8,65625.6,50530.0147,3327841413.73579
1771862400000,2026-02-23T16:00:00.000Z,65625.6,65699.9,62465.1,63937.5,62692.1049,4001188060.10768
1771948800000,2026-02-24T16:00:00.000Z,63937.5,67540.3,63648.2,67359.5,58692.776,3842622081.554
1772035200000,2026-02-25T16:00:00.000Z,67359.5,69982.9,66738.8,67358.2,66658.6721,4551986507.14528
1772121600000,2026-02-26T16:00:00.000Z,67358.2,68194.2,65625.3,66070,58063.1443,3884173260.06132
1772208000000,2026-02-27T16:00:00.000Z,66070,66097.2,62966.8,64800.5,65361.0002,4223548541.19524
1772294400000,2026-02-28T16:00:00.000Z,64800.5,68171.2,64633.7,66816.9,53959.4045,3600315325.06756
1772380800000,2026-03-01T16:00:00.000Z,66816.9,69563.7,65010.1,69083.8,67329.1055,4483706012.046
1772467200000,2026-03-02T16:00:00.000Z,69083.8,70071,66106.4,67689.4,62891.1268,4276853707.49433
1772553600000,2026-03-03T16:00:00.000Z,67689.4,73438.1,67360,73348.3,87996.8458,6159169924.80366
1772640000000,2026-03-04T16:00:00.000Z,73348.3,74031.8,71133.1,71624.8,58980.2419,4285960532.88452
1772726400000,2026-03-05T16:00:00.000Z,71624.8,71628.1,68140.1,68470.6,58936.861,4136256950.37527
1772812800000,2026-03-06T16:00:00.000Z,68470.6,68772.4,67413.3,67849.9,34859.3787,2371864270.86534
1772899200000,2026-03-07T16:00:00.000Z,67849.9,68170,66510,67187.1,40751.9678,2742438126.94335
1772985600000,2026-03-08T16:00:00.000Z,67187.1,69443.8,65556,68829.3,67675.2924,4561888419.45263
1773072000000,2026-03-09T16:00:00.000Z,68829.3,71748.6,68200,71302.2,71487.3678,5005348669.74157
1773158400000,2026-03-10T16:00:00.000Z,71302.2,71662.5,68935.1,70196,64106.5187,4490570344.88095
1773244800000,2026-03-11T16:00:00.000Z,70196,71315,69178.7,70288,60889.2082,4270260024.71253
1773331200000,2026-03-12T16:00:00.000Z,70288,73850.5,69726.1,71791.9,77636.8877,5575706978.19287
1773417600000,2026-03-13T16:00:00.000Z,71791.9,72215.8,70278,70552.7,42238.9965,3000655566.08523
1773504000000,2026-03-14T16:00:00.000Z,70552.7,71907.9,70465,71442.3,24040.6952,1715623154.48817
1773590400000,2026-03-15T16:00:00.000Z,71442.3,74484,71277,73235.2,67673.5369,4953113223.0649
1773676800000,2026-03-16T16:00:00.000Z,73235.2,75974.9,73110,73873.9,66582.4861,4950675707.62529
1773763200000,2026-03-17T16:00:00.000Z,73873.9,74766.7,70820,71444.9,55506.1776,4056569433.61623
1773849600000,2026-03-18T16:00:00.000Z,71444.9,71978.1,68753.1,69377.8,70795.1216,4981440475.33523
1773936000000,2026-03-19T16:00:00.000Z,69377.8,71330,69085.5,69833.1,50233.4944,3527151024.47024
1774022400000,2026-03-20T16:00:00.000Z,69833.1,71070,69352,70591.2,25962.8459,1827038755.65363
1774108800000,2026-03-21T16:00:00.000Z,70591.2,70622.1,68045,68816,39622.5177,2736253650.61676
1774195200000,2026-03-22T16:00:00.000Z,68816,71766,67310,70098,74019.1012,5137528621.44686
1774281600000,2026-03-23T16:00:00.000Z,70098,71383.7,69460.9,69842,50921.0329,3590064264.30686
1774368000000,2026-03-24T16:00:00.000Z,69842,72000,68870.8,70800,56871.322,4020802459.11797
1774454400000,2026-03-25T16:00:00.000Z,70800,71741,68577.6,69056.1,52288.8605,3667290427.17987
1774540800000,2026-03-26T16:00:00.000Z,69056.1,69466,65677.9,66090,63939.5535,4319592040.26773
1774627200000,2026-03-27T16:00:00.000Z,66090,67275.3,65506.1,66980.1,33613.641,2226859398.84063
1774713600000,2026-03-28T16:00:00.000Z,66980.1,67102.3,66237.1,66500,21979.101,1465002460.03145
1774800000000,2026-03-29T16:00:00.000Z,66500,68159.8,64936.8,67593.2,59257.1207,3966376605.66305
1774886400000,2026-03-30T16:00:00.000Z,67593.2,68380,65956.8,66697.1,55716.8946,3734986914.80504
1774972800000,2026-03-31T16:00:00.000Z,66697.1,69288,66697.1,68875.4,52990.7,3617374340.67661
1775059200000,2026-04-01T16:00:00.000Z,68875.4,69133.4,65657.7,66812.1,54823.8275,3676907588.35924
1775145600000,2026-04-02T16:00:00.000Z,66812.1,67393.5,66241,66802.9,32702.9416,2185846293.70937
1775232000000,2026-04-03T16:00:00.000Z,66802.9,67529.8,66719.1,67347.1,13264.2669,889016021.88808
1775318400000,2026-04-04T16:00:00.000Z,67347.1,67837.1,66573.8,67273.1,22574.6777,1514743374.44354
1775404800000,2026-04-05T16:00:00.000Z,67273.1,70250,67150,69919.8,52907.0908,3647611695.03474
1775491200000,2026-04-06T16:00:00.000Z,69919.8,70321.4,67700.3,68136,47063.743,3236489253.53604
1775577600000,2026-04-07T16:00:00.000Z,68136,72850,68050,71270.2,71016.5754,5043678136.46653
1775664000000,2026-04-08T16:00:00.000Z,71270.2,72329.9,70428.2,72099.9,43075.0953,3068699983.17727
1775750400000,2026-04-09T16:00:00.000Z,72099.9,73255.3,71391.9,72406.9,54916.3807,3965385721.82893
1775836800000,2026-04-10T16:00:00.000Z,72406.9,73415.9,72333.1,72823,23997.7514,1748547314.55854
1775923200000,2026-04-11T16:00:00.000Z,72823,73777.3,70575,70864.3,41881.1318,3020903766.82575
1776009600000,2026-04-12T16:00:00.000Z,70864.3,72417,70455.8,71822.2,41197.8308,2934621682.92315
1776096000000,2026-04-13T16:00:00.000Z,71822.2,75985.5,71629.9,75257.2,65291.6952,4842073740.01353
1776182400000,2026-04-14T16:00:00.000Z,75257.2,75636.4,73467,73803.1,48647.0764,3609405457.87822
1776268800000,2026-04-15T16:00:00.000Z,73803.1,75400,73218,74659.4,52516.1058,3909945963.15787
1776355200000,2026-04-16T16:00:00.000Z,74659.4,77980,73873.6,77706.7,70265.7613,5329207892.1468
1776441600000,2026-04-17T16:00:00.000Z,77706.7,78283,75714.4,76118.8,37203.5275,2859384104.28777
1776528000000,2026-04-18T16:00:00.000Z,76118.8,76215.7,74832.8,75811.7,32761.678,2475326849.3986
1776614400000,2026-04-19T16:00:00.000Z,75811.7,75816.9,73670,75666,50102.3547,3747492614.95107
1776700800000,2026-04-20T16:00:00.000Z,75666,76877.1,75240,75803,46772.8919,3556562061.2378
1776787200000,2026-04-21T16:00:00.000Z,75803,79350,74780,79221.6,62419.9501,4821915991.54893
1776873600000,2026-04-22T16:00:00.000Z,79221.6,79415.3,77133,78328.3,45566.7895,3557383976.56881
1776960000000,2026-04-23T16:00:00.000Z,78328.3,78545.9,76906.2,78008.8,45593.0661,3549488835.80395
1777046400000,2026-04-24T16:00:00.000Z,78008.8,78031.9,77221.5,77287.5,18447.4959,1430806258.18592
1777132800000,2026-04-25T16:00:00.000Z,77287.5,78183.6,77095,78005.7,16998.255,1321315176.20898
1777219200000,2026-04-26T16:00:00.000Z,78005.7,79459,76513.8,76764.1,53815.3016,4202441560.88087
1777305600000,2026-04-27T16:00:00.000Z,76764.1,77436.3,75612.9,76030.9,36691.4688,2808498625.28406
1777392000000,2026-04-28T16:00:00.000Z,76030.9,77864.1,75675.8,75901.9,36816.1817,2827034362.6403
1777478400000,2026-04-29T16:00:00.000Z,75901.9,76631.3,74904,76421.4,37758.4435,2864082858.00632
1777564800000,2026-04-30T16:00:00.000Z,76421.4,78880,76061,78388.8,36943.1794,2866226048.89113
1777651200000,2026-05-01T16:00:00.000Z,78388.8,78636.6,77709.8,78445.5,15651.1619,1224423548.22343
1777737600000,2026-05-02T16:00:00.000Z,78445.5,79176.3,78038.2,78629,18815.8444,1477301827.3733
1777824000000,2026-05-03T16:00:00.000Z,78629,80580.2,78161.3,79979.2,64409.853,5111650756.20337
1777910400000,2026-05-04T16:00:00.000Z,79979.2,81665,79568,81478.8,41511.9581,3352891919.1068
1777996800000,2026-05-05T16:00:00.000Z,81478.8,82799,80666.5,81659.2,50195.8009,4097885862.2937
1778083200000,2026-05-06T16:00:00.000Z,81659.2,81853.8,79669,79869.3,39018.2422,3154421576.87161
1778169600000,2026-05-07T16:00:00.000Z,79869.3,80490,79124.8,80123.7,37631.4295,3003601975.5601
1778256000000,2026-05-08T16:00:00.000Z,80123.7,80635,79701.8,80478.9,17505.7374,1404188850.97794
1778342400000,2026-05-09T16:00:00.000Z,80478.9,81397.7,80435,81364,15957.9259,1290028472.89394
1778428800000,2026-05-10T16:00:00.000Z,81364,82435.2,80222,81397.9,44419.1715,3605885113.99538
1778515200000,2026-05-11T16:00:00.000Z,81397.9,82088,80155,80300.1,38014.596,3082209458.61208
1778601600000,2026-05-12T16:00:00.000Z,80300.1,81280,78780.4,78830.1,45643.0605,3664873240.50585
1778688000000,2026-05-13T16:00:00.000Z,78830.1,81270,78755.1,81232.5,44299.1668,3535297260.55784
1778774400000,2026-05-14T16:00:00.000Z,81232.5,81998.4,78600.7,79130.7,60037.2138,4838004982.19352
1778860800000,2026-05-15T16:00:00.000Z,79130.7,79540.5,77625.8,78218.3,29163.7951,2288701138.99959
1778947200000,2026-05-16T16:00:00.000Z,78218.3,78569.9,77700,78013.2,16027.3087,1252182695.16223
1779033600000,2026-05-17T16:00:00.000Z,78013.2,78457.3,76010,76398.6,62832.7255,4849725878.23611
1779120000000,2026-05-18T16:00:00.000Z,76398.6,77379.4,76112.6,76505.7,38038.7778,2919314709.4866
1779206400000,2026-05-19T16:00:00.000Z,76505.7,77849.9,76386.4,77429.9,30492.7063,2351617737.55572
1779292800000,2026-05-20T16:00:00.000Z,77429.9,78185,76693.2,77230,37050.4454,2872246724.55092
1779379200000,2026-05-21T16:00:00.000Z,77230,78063,76550,76772.1,32460.0313,2510394965.78506
1779465600000,2026-05-22T16:00:00.000Z,76772.1,77077,74204.7,75478,51368.1622,3876290504.09319
1779552000000,2026-05-23T16:00:00.000Z,75478,77488,75308.4,76342.9,39334.9367,3012246737.84222
1779638400000,2026-05-24T16:00:00.000Z,76342.9,77872,76009,77585.1,32283.5739,2487860984.49638
1779724800000,2026-05-25T16:00:00.000Z,77585.1,78049.1,76230,76475.4,41814.4919,3220335714.07519
1779811200000,2026-05-26T16:00:00.000Z,76475.4,76688.2,74730,75296.8,42979.4276,3252323122.26999
1779897600000,2026-05-27T16:00:00.000Z,75296.8,75388,72550.1,72902.3,59702.0492,4399047773.25532
1779984000000,2026-05-28T16:00:00.000Z,72902.3,74161.5,72476.5,73768,43235.1788,3172570002.60201
1780070400000,2026-05-29T16:00:00.000Z,73768,74287,73145.6,73885,24915.2926,1836010735.50179
1780156800000,2026-05-30T16:00:00.000Z,73885,74238,73467.1,73633.4,14930.3437,1102969736.1445
1780243200000,2026-05-31T16:00:00.000Z,73633.4,74170.5,71066,71128.5,56119.2855,4072195630.65747
1780329600000,2026-06-01T16:00:00.000Z,71128.5,71786.3,67040,67269.9,77450.93,5402156545.99312
1780416000000,2026-06-02T16:00:00.000Z,67269.9,68121.1,65373.4,66050.6,77073.0512,5155912955.29026
1780502400000,2026-06-03T16:00:00.000Z,66050.6,66358,61329.4,63862.9,119615.1033,7642192090.53412
1780588800000,2026-06-04T16:00:00.000Z,63862.9,64130,60020.2,60405.3,100149.1788,6231351585.81781
1780675200000,2026-06-05T16:00:00.000Z,60405.3,61988.8,59087.3,60749.8,100923.5049,6126059427.41948
1780761600000,2026-06-06T16:00:00.000Z,60749.8,62936.8,60370,62069.9,50790.5969,3134118138.98614
1780848000000,2026-06-07T16:00:00.000Z,62069.9,64289.4,61150,63750,62308.3904,3922796804.87035
1780934400000,2026-06-08T16:00:00.000Z,63750,64020,61000.7,61106.6,57517.1368,3600086503.30291
1781020800000,2026-06-09T16:00:00.000Z,61106.6,62828.2,60691.8,62597.7,66053.354,4067427634.84367
1781107200000,2026-06-10T16:00:00.000Z,62597.7,63230.1,61066.9,62727.3,51299.5823,3201050506.01607
1781193600000,2026-06-11T16:00:00.000Z,62727.3,64370,62311,63561.8,50533.4533,3205886973.29626
1781280000000,2026-06-12T16:00:00.000Z,63561.8,64314.2,63365.7,64258.3,20434.0749,1303207360.90033
1781366400000,2026-06-13T16:00:00.000Z,64258.3,64736.3,63836.7,63991.4,22957.1024,1475510863.91684
1781452800000,2026-06-14T16:00:00.000Z,63991.4,67268.7,63651.7,67245.5,53139.3859,3489841562.63757
1781539200000,2026-06-15T16:00:00.000Z,67245.5,67249.7,65329,65834.5,47087.4394,3120696751.24422
1781625600000,2026-06-16T16:00:00.000Z,65834.5,66238.2,64534,65709.1,38139.7392,2492256657.72199
1781712000000,2026-06-17T16:00:00.000Z,65709.1,66402.4,62260.2,62340.7,68971.8738,4438125275.17451
1781798400000,2026-06-18T16:00:00.000Z,62340.7,63389.4,62233.7,63184.9,37768.749,2370089624.0967
1781884800000,2026-06-19T16:00:00.000Z,63184.9,64361.1,62832.7,64129.9,30159.5821,1916401916.83576
1781971200000,2026-06-20T16:00:00.000Z,64129.9,64562,63690,64195.6,23073.3835,1479866638.06861
1782057600000,2026-06-21T16:00:00.000Z,64195.6,65588,63233,64810.3,47783.7535,3078387378.83795
1782144000000,2026-06-22T16:00:00.000Z,64810.3,64841.2,61880,62461.1,51884.724,3276422618.8601
1782230400000,2026-06-23T16:00:00.000Z,62461.1,63210,60240,60252.4,47491.7683,2943601368.7752
1782316800000,2026-06-24T16:00:00.000Z,60252.4,61941,58061.3,59541.9,102026.4958,6134061509.82314
1782403200000,2026-06-25T16:00:00.000Z,59541.9,60744,58300.2,60294.1,77414.8471,4612501577.95396
1782489600000,2026-06-26T16:00:00.000Z,60294.1,60568.1,59522,60411.1,18374.3571,1104575059.53917
