time_ms,time_iso,open,high,low,close,volume_base,volume_quote
1761825600000,2025-10-30T12:00:00.000Z,109669.9,109745,107266,107674.6,13415.0589,1451929362.15207
1761840000000,2025-10-30T16:00:00.000Z,107674.6,108186.4,106237.6,106502.6,9795.3728,1048956515.76973
1761854400000,2025-10-30T20:00:00.000Z,106502.6,108287.4,106270,108254,5185.4598,557174890.54193
1761868800000,2025-10-31T00:00:00.000Z,108254,109991.5,108218,109176.1,8045.1221,878262787.4873
1761883200000,2025-10-31T04:00:00.000Z,109176.1,110175.3,109046.4,109394.6,5529.7147,606384618.44469
1761897600000,2025-10-31T08:00:00.000Z,109394.6,110500,109140.8,110359.2,6526.0164,716773388.40736
1761912000000,2025-10-31T12:00:00.000Z,110359.2,111167.3,109315,110168,14510.8318,1599493636.39692
1761926400000,2025-10-31T16:00:00.000Z,110168,110280.7,108600,109792.8,7374.2251,806807448.98182
1761940800000,2025-10-31T20:00:00.000Z,109792.8,109792.8,109270.6,109555.1,2057.5862,225424220.45194
1761955200000,2025-11-01T00:00:00.000Z,109555.1,110272,109335.1,110184.1,2486.4344,272898489.97429
1761969600000,2025-11-01T04:00:00.000Z,110184.1,110531.5,109885.5,110021.2,2001.5029,220441315.79459
1761984000000,2025-11-01T08:00:00.000Z,110021.2,110227.6,109792.7,110093.2,1795.3628,197565669.32823
1761998400000,2025-11-01T12:00:00.000Z,110093.2,110321.7,109672.9,110253.2,2039.3045,224256519.96821
1762012800000,2025-11-01T16:00:00.000Z,110253.2,110479,110131.5,110245.1,1442.0236,159036685.30892
1762027200000,2025-11-01T20:00:00.000Z,110245.1,110468.4,109792.4,110050.7,1237.3425,136265674.87321
1762041600000,2025-11-02T00:00:00.000Z,110050.7,110230.3,109851.9,110017.5,739.8726,81378894.79676
1762056000000,2025-11-02T04:00:00.000Z,110017.5,110979.8,109984.6,110838.1,2972.4859,328492815.65608
1762070400000,2025-11-02T08:00:00.000Z,110838.1,111185,110308.1,111142.8,3377.6914,374024021.33531
1762084800000,2025-11-02T12:00:00.000Z,111142.8,111198,110028.7,110070.5,4574.8727,505450859.15511
1762099200000,2025-11-02T16:00:00.000Z,110070.5,110299.7,109689,110134.3,2498.9023,274809569.39654
1762113600000,2025-11-02T20:00:00.000Z,110134.3,110707.3,109412.7,110500,3243.0641,356937121.93759
1762128000000,2025-11-03T00:00:00.000Z,110500,110715.5,107854.1,107905.7,8220.4434,895814098.38732
1762142400000,2025-11-03T04:00:00.000Z,107905.7,108038.2,106960.7,107430.4,7164.0475,770585330.83845
1762156800000,2025-11-03T08:00:00.000Z,107430.4,107890.2,106700,107746.7,6680.0325,716734073.10185
1762171200000,2025-11-03T12:00:00.000Z,107746.7,108273,105469.8,105711.9,21870.0521,2329767599.49699
1762185600000,2025-11-03T16:00:00.000Z,105711.9,107716.7,105268.4,107040.6,10192.0186,1086956580.57595
1762200000000,2025-11-03T20:00:00.000Z,107040.6,107120.3,105767.4,106532.6,4345.3054,462626215.31725
1762214400000,2025-11-04T00:00:00.000Z,106532.6,107239.6,105810,107098,5381.3759,573900466.97596
1762228800000,2025-11-04T04:00:00.000Z,107098,107239,104137.9,104436.1,13176.4335,1382856792.2849
1762243200000,2025-11-04T08:00:00.000Z,104436.1,104658.9,103568,104540.2,8853.4164,921092965.36899
1762257600000,2025-11-04T12:00:00.000Z,104540.2,104799.9,102888,103159.9,14682.4063,1524732815.64502
1762272000000,2025-11-04T16:00:00.000Z,103159.9,103467.7,99962,100498.8,20690.3349,2098608910.01997
1762286400000,2025-11-04T20:00:00.000Z,100498.8,101864.1,98888,101424.2,21533.1962,2158774571.00568
1762300800000,2025-11-05T00:00:00.000Z,101424.2,102224.9,98913.8,102093,13824.7505,1392501402.1322
1762315200000,2025-11-05T04:00:00.000Z,102093,102321,101426.2,101945.5,4310.6805,438967647.17487
1762329600000,2025-11-05T08:00:00.000Z,101945.5,102174.3,101126,102025.4,4875.0413,495585514.06048
1762344000000,2025-11-05T12:00:00.000Z,102025.4,103723.8,101867.5,103655.1,8737.245,898640015.41095
1762358400000,2025-11-05T16:00:00.000Z,103655.1,104485.8,103000,103949.1,4629.6848,480618644.32621
1762372800000,2025-11-05T20:00:00.000Z,103949.1,104477,103225.7,103830.1,3123.4733,324170109.57309
1762387200000,2025-11-06T00:00:00.000Z,103830.1,103896.5,102668,103596.2,3802.9017,392789640.09561
1762401600000,2025-11-06T04:00:00.000Z,103596.2,104186.2,102862.2,103132.8,4086.0443,422344170.44683
1762416000000,2025-11-06T08:00:00.000Z,103132.8,103396.8,102585.3,103188,3568.9848,367644957.6296
1762430400000,2025-11-06T12:00:00.000Z,103188,103607.3,101580,101970.1,10891.6225,1116510583.11477
1762444800000,2025-11-06T16:00:00.000Z,101970.1,102362.1,100243.1,101338.4,9669.5646,979532345.30812
1762459200000,2025-11-06T20:00:00.000Z,101338.4,101600,100493.2,101301.4,4014.8128,405635189.60087
1762473600000,2025-11-07T00:00:00.000Z,101301.4,102291.7,100695.1,101857,4692.7184,476538599.75673
1762488000000,2025-11-07T04:00:00.000Z,101857,102480,101528.2,101975.8,3141.5993,320444882.21785
1762502400000,2025-11-07T08:00:00.000Z,101975.8,102015.8,99751.7,100361,7749.0597,779718715.82284
1762516800000,2025-11-07T12:00:00.000Z,100361,101222.8,99188.9,100741,11417.6327,1144407161.88192
1762531200000,2025-11-07T16:00:00.000Z,100741,103349.4,100460,103349.4,6548.004,668331898.44016
1762545600000,2025-11-07T20:00:00.000Z,103349.4,104025.2,102888,103268.3,3802.3402,393739429.88633
1762560000000,2025-11-08T00:00:00.000Z,103268.3,103350,102475.2,102542.9,3356.9982,345423970.83931
1762574400000,2025-11-08T04:00:00.000Z,102542.9,102793.5,101868.6,102316,3288.9846,336540014.35035
1762588800000,2025-11-08T08:00:00.000Z,102316,102648.6,101664,101807,3471.9227,354981967.79339
1762603200000,2025-11-08T12:00:00.000Z,101807,102149,101420,101674.8,3248.3437,330588346.85304
1762617600000,2025-11-08T16:00:00.000Z,101674.8,102182.2,101456.9,101934.4,2281.8033,232299771.55557
1762632000000,2025-11-08T20:00:00.000Z,101934.4,102446.8,101904,102265.6,995.3489,101737529.53544
1762646400000,2025-11-09T00:00:00.000Z,102265.6,102298.8,101333.3,101623,2522.5165,256621981.98988
1762660800000,2025-11-09T04:00:00.000Z,101623,102092.5,101596.9,101900,2065.1384,210262073.62901
1762675200000,2025-11-09T08:00:00.000Z,101900,102289.9,101475,102212,3340.5489,340283996.67808
1762689600000,2025-11-09T12:00:00.000Z,102212,104116.1,102011.8,103684.8,8488.1222,875854884.12468
1762704000000,2025-11-09T16:00:00.000Z,103684.8,104761.9,103264.3,104759.6,5540.5758,575809171.31612
1762718400000,2025-11-09T20:00:00.000Z,104759.6,105454.9,104018,104664.3,5042.1769,527859870.36674
1762732800000,2025-11-10T00:00:00.000Z,104664.3,106620.4,104206.8,105966.4,7637.4461,808538302.66136
1762747200000,2025-11-10T04:00:00.000Z,105966.4,106469,105787.7,106399.9,2914.6867,309390435.33887
1762761600000,2025-11-10T08:00:00.000Z,106399.9,106541.7,105756.1,106126.2,3989.1769,423584317.34274
1762776000000,2025-11-10T12:00:00.000Z,106126.2,106552.9,104613.8,105036.5,8245.6773,869841970.40943
1762790400000,2025-11-10T16:00:00.000Z,105036.5,106059.2,104744.4,105777.5,3656.0946,385631123.05328
1762804800000,2025-11-10T20:00:00.000Z,105777.5,106266.3,105214.5,105960.5,2588.5792,273837645.32705
1762819200000,2025-11-11T00:00:00.000Z,105960.5,107468.7,105437.8,106411.7,7794.9987,829908290.08323
1762833600000,2025-11-11T04:00:00.000Z,106411.7,106502.1,104706.9,104751.1,4863.0945,512236621.47808
1762848000000,2025-11-11T08:00:00.000Z,104751.1,105472.1,104731.6,105261.6,2494.5734,262283886.00624
1762862400000,2025-11-11T12:00:00.000Z,105261.6,105461,103167,103452.2,10072.2194,1049346371.763
1762876800000,2025-11-11T16:00:00.000Z,103452.2,103736.6,102825,103105.4,4721.8355,487728180.02322
1762891200000,2025-11-11T20:00:00.000Z,103105.4,103212,102450,103027.6,3482.5492,358064346.92018
1762905600000,2025-11-12T00:00:00.000Z,103027.6,103424.3,102646.7,103293.9,2204.4746,227358074.82675
1762920000000,2025-11-12T04:00:00.000Z,103293.9,103636.8,102981.5,103085.2,1937.3145,200160498.21798
1762934400000,2025-11-12T08:00:00.000Z,103085.2,105164.4,103085.2,104970,6863.9907,717187681.27365
1762948800000,2025-11-12T12:00:00.000Z,104970,105291.8,101914.8,102135.9,11154.3737,1157898693.50089
1762963200000,2025-11-12T16:00:00.000Z,102135.9,102256.5,100769.4,101274.3,9051.134,919200515.84572
1762977600000,2025-11-12T20:00:00.000Z,101274.3,101968.4,101107,101625.9,2631.7563,267510170.88629
1762992000000,2025-11-13T00:00:00.000Z,101625.9,102597,100866.5,102108.7,6003.9703,611980832.17499
1763006400000,2025-11-13T04:00:00.000Z,102108.7,104000,101621.7,103424.3,6687.9201,688791409.90913
1763020800000,2025-11-13T08:00:00.000Z,103424.3,103774.5,102507.9,102904.1,6078.8373,626488327.47799
1763035200000,2025-11-13T12:00:00.000Z,102904.1,103458.6,101131.8,101338.2,11834.3151,1210916372.63651
1763049600000,2025-11-13T16:00:00.000Z,101338.2,101510.9,98128,98660.7,17214.5811,1714900023.45859
1763064000000,2025-11-13T20:00:00.000Z,98660.7,100490.6,97948.6,99672.7,7496.5197,742691280.23562
1763078400000,2025-11-14T00:00:00.000Z,99672.7,99861.3,98689.7,99127,5915.8114,587143119.05454
1763092800000,2025-11-14T04:00:00.000Z,99127,99167.3,95900,97120,18581.3606,1807211589.18872
1763107200000,2025-11-14T08:00:00.000Z,97120,97530,95662.3,96150.1,10329.2795,998535675.95943
1763121600000,2025-11-14T12:00:00.000Z,96150.1,97282.5,94506.9,96757.1,17111.1175,1635621662.41513
1763136000000,2025-11-14T16:00:00.000Z,96757.1,97375,94753.7,95757.8,8855.2324,850028789.25944
1763150400000,2025-11-14T20:00:00.000Z,95757.8,95934.4,93961.8,94554.8,9808.0544,928693536.66152
1763164800000,2025-11-15T00:00:00.000Z,94554.8,96783.1,94536.8,96375,4315.7877,412963221.40614
1763179200000,2025-11-15T04:00:00.000Z,96375,96553.1,95888.3,96293.2,2723.2244,261883877.54196
1763193600000,2025-11-15T08:00:00.000Z,96293.2,96318,95579.5,95654.9,3280.1687,314473828.28306
1763208000000,2025-11-15T12:00:00.000Z,95654.9,96450,95531.5,96233.6,3207.1077,308099282.86581
1763222400000,2025-11-15T16:00:00.000Z,96233.6,96388.3,95693.6,95983.8,3193.7124,306592780.92536
1763236800000,2025-11-15T20:00:00.000Z,95983.8,96001.9,95109,95596.7,2941.143,280798158.0875
1763251200000,2025-11-16T00:00:00.000Z,95596.7,95965,94831.1,95796.7,3402.9212,324513004.84114
1763265600000,2025-11-16T04:00:00.000Z,95796.7,96169,95626.8,96065.4,1895.0792,181740672.02867
1763280000000,2025-11-16T08:00:00.000Z,96065.4,96607.5,95467.8,95600.1,4465.6963,428906632.61058
1763294400000,2025-11-16T12:00:00.000Z,95600.1,95877.4,94346,94554.4,6162.2937,586838445.68596
1763308800000,2025-11-16T16:00:00.000Z,94554.4,95565,93736.8,94008.8,11217.5344,1059018634.47014
1763323200000,2025-11-16T20:00:00.000Z,94008.8,94722.2,92958.4,94226.6,8563.6741,802380787.88866
1763337600000,2025-11-17T00:00:00.000Z,94226.6,95518.4,93737.6,95462.7,5864.8929,556737188.41809
1763352000000,2025-11-17T04:00:00.000Z,95462.7,95842.6,94855,95587.2,4185.5879,398707484.84065
1763366400000,2025-11-17T08:00:00.000Z,95587.2,95977.9,95272,95528.2,4471.1585,427661522.90011
1763380800000,2025-11-17T12:00:00.000Z,95528.2,96034.9,93550,93929.1,15550.9151,1471021089.12265
1763395200000,2025-11-17T16:00:00.000Z,93929.1,94399.7,91573.6,91679.5,14149.8036,1314028782.48901
1763409600000,2025-11-17T20:00:00.000Z,91679.5,92391.9,91261.6,92200,7275.3004,668286979.22907
1763424000000,2025-11-18T00:00:00.000Z,92200,92347.9,89673.4,90801.8,12290.8764,1118315879.30938
1763438400000,2025-11-18T04:00:00.000Z,90801.8,90830,89265.1,90474.8,10128.5475,911120695.95335
1763452800000,2025-11-18T08:00:00.000Z,90474.8,91564.1,90470.1,91474.6,7129.3892,649948436.12555
1763467200000,2025-11-18T12:00:00.000Z,91474.6,92996,90876.9,92871.4,12733.3623,1170146575.00651
1763481600000,2025-11-18T16:00:00.000Z,92871.4,93788,92547.3,93140.9,6426.3349,599485890.7745
1763496000000,2025-11-18T20:00:00.000Z,93140.9,93399.8,92420.4,92936.7,3174.1922,294727728.98229
1763510400000,2025-11-19T00:00:00.000Z,92936.7,92959.8,91633.1,91860.4,6094.088,562160520.44998
1763524800000,2025-11-19T04:00:00.000Z,91860.4,92009.7,90000,91839,9906.4486,901384928.77813
1763539200000,2025-11-19T08:00:00.000Z,91839,91927.1,91029.9,91372.4,5006.3689,457972023.21681
1763553600000,2025-11-19T12:00:00.000Z,91372.4,92366.6,89839.4,89908,11499.8431,1048392800.02291
1763568000000,2025-11-19T16:00:00.000Z,89908,90211.3,88625,88879.1,11690.7417,1045038624.78452
1763582400000,2025-11-19T20:00:00.000Z,88879.1,91562.8,88600,91504.9,8448.9203,762019954.51022
1763596800000,2025-11-20T00:00:00.000Z,91504.9,92765.9,91136,92392.1,6329.7089,583904030.44733
1763611200000,2025-11-20T04:00:00.000Z,92392.1,93123.9,91647.6,92287.9,6487.0392,599097704.6071
1763625600000,2025-11-20T08:00:00.000Z,92287.9,92387.4,91389.4,91891.4,4619.7631,424391235.29072
1763640000000,2025-11-20T12:00:00.000Z,91891.4,92515.1,89806.8,89850.1,14055.1472,1281581258.96239
1763654400000,2025-11-20T16:00:00.000Z,89850.1,89899,86077.6,86900.8,23878.829,2091986831.94014
1763668800000,2025-11-20T20:00:00.000Z,86900.8,88236.4,86314.2,86602.8,8913.1662,777959524.35715
1763683200000,2025-11-21T00:00:00.000Z,86602.8,87467.7,85315.9,85800.1,9862.2616,851256925.82538
1763697600000,2025-11-21T04:00:00.000Z,85800.1,86323.1,81345.3,83997.6,23222.9627,1951049725.08749
1763712000000,2025-11-21T08:00:00.000Z,83997.6,84666,81619,82296.2,16922.6549,1404719811.23457
1763726400000,2025-11-21T12:00:00.000Z,82296.2,85442.7,80600.5,82894.4,25514.4612,2122557620.68
1763740800000,2025-11-21T16:00:00.000Z,82894.4,85555.3,82293.2,84168,14683.2111,1236058503.4365
1763755200000,2025-11-21T20:00:00.000Z,84168,85364.9,83417,85087.3,7031.7619,595009520.21496
1763769600000,2025-11-22T00:00:00.000Z,85087.3,85575,84176.4,84404.2,4695.7798,398236035.1944
1763784000000,2025-11-22T04:00:00.000Z,84404.2,84773.5,83797,84541.1,3232.1573,272298406.77362
1763798400000,2025-11-22T08:00:00.000Z,84541.1,84547,83462.4,84063.9,5231.7731,439395457.83849
1763812800000,2025-11-22T12:00:00.000Z,84063.9,84723,83590,84241.3,4234.9599,356335101.65053
1763827200000,2025-11-22T16:00:00.000Z,84241.3,84874.5,84172.7,84562.4,2860.2808,241868803.94231
1763841600000,2025-11-22T20:00:00.000Z,84562.4,85226.1,84185,84704.9,2826.6101,239476665.30992
1763856000000,2025-11-23T00:00:00.000Z,84704.9,86330,84640,86263.2,6488.2356,555983891.49699
1763870400000,2025-11-23T04:00:00.000Z,86263.2,86816.9,85366.8,85735.2,5933.6116,511017072.8789
1763884800000,2025-11-23T08:00:00.000Z,85735.2,86441.4,85727.8,86294.2,4151.1665,357291162.18535
1763899200000,2025-11-23T12:00:00.000Z,86294.2,87229.3,86225.4,87050,7047.5519,611173028.13822
1763913600000,2025-11-23T16:00:00.000Z,87050,87640,86454.5,87283.8,6167.8373,536770450.88371
1763928000000,2025-11-23T20:00:00.000Z,87283.8,88110.4,86674,86797.4,5321.9171,465343116.9678
1763942400000,2025-11-24T00:00:00.000Z,86797.4,88024.1,85900,87412.2,9514.9275,827736537.9801
1763956800000,2025-11-24T04:00:00.000Z,87412.2,87797,86406,87009.1,6028.4852,524881763.77239
1763971200000,2025-11-24T08:00:00.000Z,87009.1,87009.1,85662,86244,6617.539,570275941.59662
1763985600000,2025-11-24T12:00:00.000Z,86244,86731.7,85230.1,86586.1,11201.857,964502785.91584
1764000000000,2025-11-24T16:00:00.000Z,86586.1,88789,86586,88276.5,10406.4927,913874190.73257
1764014400000,2025-11-24T20:00:00.000Z,88276.5,89160.5,88184.2,88240.6,4790.2255,425080281.88189
1764028800000,2025-11-25T00:00:00.000Z,88240.6,88240.7,87417.2,87777.7,4958.5785,435672272.11517
1764043200000,2025-11-25T04:00:00.000Z,87777.7,88474.8,87298.6,87360.6,4222.2534,371057280.47733
1764057600000,2025-11-25T08:00:00.000Z,87360.6,87582,86651.7,87325.5,5138.5559,447738788.70004
1764072000000,2025-11-25T12:00:00.000Z,87325.5,87734,86076,86958,9687.6625,842162385.91586
1764086400000,2025-11-25T16:00:00.000Z,86958,88129,86140.9,86846,8055.5373,702119810.57188
1764100800000,2025-11-25T20:00:00.000Z,86846,87842.8,86525.9,87309.7,4730.767,412539881.60788
1764115200000,2025-11-26T00:00:00.000Z,87309.7,88188.1,87012.1,87076.7,4378.9086,383711861.82844
1764129600000,2025-11-26T04:00:00.000Z,87076.7,87920.3,86855.4,87885.5,3365.0269,294320801.75332
1764144000000,2025-11-26T08:00:00.000Z,87885.5,87895.4,86626.9,87063.6,4823.7245,420115294.20933
1764158400000,2025-11-26T12:00:00.000Z,87063.6,87642.6,86266.3,86931,8659.646,752505788.67758
1764172800000,2025-11-26T16:00:00.000Z,86931,90360,86920.5,89913.1,11697.8438,1041565741.1051
1764187200000,2025-11-26T20:00:00.000Z,89913.1,90596.8,89458.8,90429.1,4126.0822,371855768.94208
1764201600000,2025-11-27T00:00:00.000Z,90429.1,91839,90034.5,91030.4,8329.4788,758068308.68058
1764216000000,2025-11-27T04:00:00.000Z,91030.4,91498,90839,91357.5,3271.0934,298216495.99461
1764230400000,2025-11-27T08:00:00.000Z,91357.5,91900,91170,91312.2,4200.6617,384281771.98035
1764244800000,2025-11-27T12:00:00.000Z,91312.2,91449.3,90402.8,90930,7099.8152,645117413.02816
1764259200000,2025-11-27T16:00:00.000Z,90930,91809.5,90821.6,91486.9,4186.581,382488829.16138
1764273600000,2025-11-27T20:00:00.000Z,91486.9,91552.6,91044.6,91282,1946.5532,177820630.51358
1764288000000,2025-11-28T00:00:00.000Z,91282,91365.3,90604.6,91163.9,3502.5943,318623977.44824
1764302400000,2025-11-28T04:00:00.000Z,91163.9,91679,90824.6,90874.8,3803.7201,347332183.98902
1764316800000,2025-11-28T08:00:00.000Z,90874.8,91991.8,90870.3,91380.1,5760.5611,526768725.52989
1764331200000,2025-11-28T12:00:00.000Z,91380.1,93050.8,91321.6,92298.9,11948.1016,1101837941.61275
1764345600000,2025-11-28T16:00:00.000Z,92298.9,92318,90163.3,91115.1,10291.6443,936098596.91375
1764360000000,2025-11-28T20:00:00.000Z,91115.1,91204.2,90655.1,90850.4,2009.475,182802326.798
1764374400000,2025-11-29T00:00:00.000Z,90850.4,91081.4,90500,90639.9,1702.9837,154518571.87527
1764388800000,2025-11-29T04:00:00.000Z,90639.9,90888.9,90283,90529.4,2751.9277,249167836.61099
1764403200000,2025-11-29T08:00:00.000Z,90529.4,90704,90342.9,90637.6,2123.6022,192296702.72271
1764417600000,2025-11-29T12:00:00.000Z,90637.6,91081.2,90500,91032.8,1852.0467,168129850.20919
1764432000000,2025-11-29T16:00:00.000Z,91032.8,91135,90113,90607,3268.9512,296031190.72831
1764446400000,2025-11-29T20:00:00.000Z,90607,91016.7,90368.6,90758.2,1662.2433,150848745.37715
1764460800000,2025-11-30T00:00:00.000Z,90758.2,91016.2,90420,90870,1380.6988,125344646.01609
1764475200000,2025-11-30T04:00:00.000Z,90870,90997.8,90626.4,90922.9,1229.7497,111716019.87535
1764489600000,2025-11-30T08:00:00.000Z,90922.9,91575.5,90886.6,91003.1,3473.8274,316865172.19005
1764504000000,2025-11-30T12:00:00.000Z,91003.1,91915,90959.9,91399,4320.8219,395370112.95863
1764518400000,2025-11-30T16:00:00.000Z,91399,91821.9,91099,91422.9,2339.6283,213980140.3454
1764532800000,2025-11-30T20:00:00.000Z,91422.9,91594.3,90301.4,90327.2,4315.2686,392439160.88333
1764547200000,2025-12-01T00:00:00.000Z,90327.2,90394.5,86137.4,86339.1,18425.1853,1619752922.81619
1764561600000,2025-12-01T04:00:00.000Z,86339.1,86542.3,85555.4,86512.6,6843.8768,588760707.56605
1764576000000,2025-12-01T08:00:00.000Z,86512.6,86900,86087.8,86099.9,4853.0417,420211252.61042
1764590400000,2025-12-01T12:00:00.000Z,86099.9,86641.8,83777.7,84646.8,20301.0432,1733754547.84898
1764604800000,2025-12-01T16:00:00.000Z,84646.8,85533.8,84000,84986,8828.5952,749453774.12051
1764619200000,2025-12-01T20:00:00.000Z,84986,86823.8,84964.9,86219,6913.5894,595115724.73799
1764633600000,2025-12-02T00:00:00.000Z,86219,87332.2,86123.3,86937.1,5994.3539,519339898.12689
1764648000000,2025-12-02T04:00:00.000Z,86937.1,87241.3,86774.5,86970.1,3208.6675,279072812.62792
1764662400000,2025-12-02T08:00:00.000Z,86970.1,87587.9,86306.9,87331,6287.6351,546537173.41655
1764676800000,2025-12-02T12:00:00.000Z,87331,91166.4,87015.1,90800,18539.1669,1653326432.24411
1764691200000,2025-12-02T16:00:00.000Z,90800,92280.9,90163.8,91853.1,10679.1415,975832414.20674
1764705600000,2025-12-02T20:00:00.000Z,91853.1,91960.8,90668.8,91243.3,6413.3871,586085630.25982
1764720000000,2025-12-03T00:00:00.000Z,91243.3,93070.4,90957.6,92594.6,7407.3844,683199643.59423
1764734400000,2025-12-03T04:00:00.000Z,92594.6,93925,92594.5,92965.5,8852.9881,825707748.18986
1764748800000,2025-12-03T08:00:00.000Z,92965.5,93346,92600.1,92958.5,4331.7756,402507186.4178
1764763200000,2025-12-03T12:00:00.000Z,92958.5,93670.5,91640.6,92339,13269.6935,1228187661.99907
1764777600000,2025-12-03T16:00:00.000Z,92339,93469.3,91750,92988.8,5716.3486,529402452.51571
1764792000000,2025-12-03T20:00:00.000Z,92988.8,94147,92783.1,93383,5141.7207,480686526.32927
1764806400000,2025-12-04T00:00:00.000Z,93383,94030.1,92621,93496.7,4941.2415,461370038.26611
1764820800000,2025-12-04T04:00:00.000Z,93496.7,93545,92727.2,93354,3326.1971,309712635.34893
1764835200000,2025-12-04T08:00:00.000Z,93354,93577,92676,92899.8,4477.9945,417411367.33139
1764849600000,2025-12-04T12:00:00.000Z,92899.8,93239.2,91758,92933.7,9440.9498,873737303.67906
1764864000000,2025-12-04T16:00:00.000Z,92933.7,93144,90842,91937.8,9296.0293,855182782.03219
1764878400000,2025-12-04T20:00:00.000Z,91937.8,92676.6,91636,92027.4,3671.6161,338484874.10677
1764892800000,2025-12-05T00:00:00.000Z,92027.4,92660.4,91923.8,92109,3289.5546,303641807.52954
1764907200000,2025-12-05T04:00:00.000Z,92109,92458.4,91760,92222.6,4385.671,403798815.5982
1764921600000,2025-12-05T08:00:00.000Z,92222.6,92222.6,90948.6,91313.3,6653.4724,608276076.74641
1764936000000,2025-12-05T12:00:00.000Z,91313.3,91447.3,89852.5,90412.2,13001.1897,1179225617.44942
1764950400000,2025-12-05T16:00:00.000Z,90412.2,90452.2,88012.4,89594.9,16197.0459,1441664781.14281
1764964800000,2025-12-05T20:00:00.000Z,89594.9,89709.4,88866.7,89288.5,3291.5877,293668470.2546
1764979200000,2025-12-06T00:00:00.000Z,89288.5,89760,89000,89637,2916.3297,260754448.14628
1764993600000,2025-12-06T04:00:00.000Z,89637,89727.1,89419.5,89552.9,1852.0922,165927031.47555
1765008000000,2025-12-06T08:00:00.000Z,89552.9,89698.2,89159.7,89575.9,3340.4277,298727458.68994
1765022400000,2025-12-06T12:00:00.000Z,89575.9,90241.2,89432.7,89715,3531.7292,317181757.67336
1765036800000,2025-12-06T16:00:00.000Z,89715,89939.7,89200.8,89366.1,2652.5688,237520535.54687
1765051200000,2025-12-06T20:00:00.000Z,89366.1,89578.2,88866.2,89192.8,2224.6425,198380160.50869
1765065600000,2025-12-07T00:00:00.000Z,89192.8,89708.9,89133.8,89680,1465.8278,131096072.4547
1765080000000,2025-12-07T04:00:00.000Z,89680,89751.2,89164.1,89342.7,1940.882,173642702.87683
1765094400000,2025-12-07T08:00:00.000Z,89342.7,89500,89013.8,89117,2159.0112,192610000.72329
1765108800000,2025-12-07T12:00:00.000Z,89117,89676.2,87674.2,89503.4,12240.1833,1084470121.50874
1765123200000,2025-12-07T16:00:00.000Z,89503.4,91728.7,89074.3,91374.3,9667.5747,875388139.91815
1765137600000,2025-12-07T20:00:00.000Z,91374.3,91469.8,88928.3,90350,7794.7621,701727638.73592
1765152000000,2025-12-08T00:00:00.000Z,90350,91645.3,89820.4,91037.2,4782.1247,434616146.74739
1765166400000,2025-12-08T04:00:00.000Z,91037.2,91838.7,90981,91519.4,3288.0895,300639000.13534
1765180800000,2025-12-08T08:00:00.000Z,91519.4,92250,91437.9,91919,3958.2426,363829898.10129
1765195200000,2025-12-08T12:00:00.000Z,91919,92081.7,89585,89927.2,14072.1721,1278163624.85463
1765209600000,2025-12-08T16:00:00.000Z,89927.2,90476.4,89648.4,90075.7,10151.1727,914223446.57198
1765224000000,2025-12-08T20:00:00.000Z,90075.7,91334.9,90075.7,90595.3,4598.7643,417655030.02559
1765238400000,2025-12-09T00:00:00.000Z,90595.3,90814.8,89778,90364.5,4443.7761,401015627.28372
1765252800000,2025-12-09T04:00:00.000Z,90364.5,90484,89425,90446,5302.3324,477172614.22736
1765267200000,2025-12-09T08:00:00.000Z,90446,90585.4,89863.4,90340.4,4131.5803,372856218.36258
1765281600000,2025-12-09T12:00:00.000Z,90340.4,92844.4,89950,92664.1,13572.2929,1236124137.26961
1765296000000,2025-12-09T16:00:00.000Z,92664.1,94543.6,92648.4,93746.9,13944.9284,1308012814.09804
1765310400000,2025-12-09T20:00:00.000Z,93746.9,93799.9,92200.6,92643.3,5506.116,511209076.85754
1765324800000,2025-12-10T00:00:00.000Z,92643.3,92750,91931.3,92378.4,3864.8336,356780235.81354
1765339200000,2025-12-10T04:00:00.000Z,92378.4,92775.2,92351,92749.9,2357.1309,218195353.79132
1765353600000,2025-12-10T08:00:00.000Z,92749.9,93228,91738.7,92097.7,7678.8246,709900336.75325
1765368000000,2025-12-10T12:00:00.000Z,92097.7,92206.1,91510.1,92028.1,5432.6212,499389974.90914
1765382400000,2025-12-10T16:00:00.000Z,92028.1,93251.1,91630,92911,11846.5298,1095826568.73595
1765396800000,2025-12-10T20:00:00.000Z,92911,94477.8,91819.7,91977.2,11918.3665,1108365437.67267
1765411200000,2025-12-11T00:00:00.000Z,91977.2,92041,89350.1,89845.6,9924.1151,898307135.01035
1765425600000,2025-12-11T04:00:00.000Z,89845.6,90450.6,89651.8,90235.9,3738.4455,336981476.85501
1765440000000,2025-12-11T08:00:00.000Z,90235.9,90494.8,89924.8,90210,3431.3598,309604674.3471
1765454400000,2025-12-11T12:00:00.000Z,90210,90645.6,89226.9,89839,10985.1664,988412312.62636
1765468800000,2025-12-11T16:00:00.000Z,89839,91490,89300,90783.9,10211.4468,923093599.29615
1765483200000,2025-12-11T20:00:00.000Z,90783.9,93536.6,90744.6,92477.2,12222.5627,1128754995.86045
1765497600000,2025-12-12T00:00:00.000Z,92477.2,92721.2,91414.1,92229.9,8155.1282,750912801.392
1765512000000,2025-12-12T04:00:00.000Z,92229.9,92680.2,92032,92389.7,2884.6489,266463252.84961
1765526400000,2025-12-12T08:00:00.000Z,92389.7,92618.1,92048.4,92386.5,4299.4633,396901504.58953
1765540800000,2025-12-12T12:00:00.000Z,92386.5,92645.6,89695.9,89886.6,15329.1537,1400822660.72765
1765555200000,2025-12-12T16:00:00.000Z,89886.6,90635.9,89434.5,90166.6,11622.1855,1046586861.85381
1765569600000,2025-12-12T20:00:00.000Z,90166.6,90365.3,89860,90239.9,2226.1573,200764582.97302
1765584000000,2025-12-13T00:00:00.000Z,90239.9,90440.1,90080.6,90305.5,1214.3185,109616833.49341
1765598400000,2025-12-13T04:00:00.000Z,90305.5,90381.4,90230.1,90296.5,1128.5188,101914882.93128
1765612800000,2025-12-13T08:00:00.000Z,90296.5,90594.1,90255.1,90307.7,3707.1345,335239300.40838
1765627200000,2025-12-13T12:00:00.000Z,90307.7,90448.6,89900,90063.3,2779.3106,250621318.10705
1765641600000,2025-12-13T16:00:00.000Z,90063.3,90238.7,89946.9,90161.9,1708.7685,153913005.25949
1765656000000,2025-12-13T20:00:00.000Z,90161.9,90267.1,89730.1,90211.8,2044.7996,184085495.33654
1765670400000,2025-12-14T00:00:00.000Z,90211.8,90450,90096.1,90234.9,1426.899,128856976.58322
1765684800000,2025-12-14T04:00:00.000Z,90234.9,90305.9,90004.5,90220.1,1400.5947,126245847.31955
1765699200000,2025-12-14T08:00:00.000Z,90220.1,90266.7,88596.6,89325,9883.8006,884143798.5168
1765713600000,2025-12-14T12:00:00.000Z,89325,89643.4,88847.2,88991,5233.5091,466859922.40749
1765728000000,2025-12-14T16:00:00.000Z,88991,89374.9,88445.8,88610,4903.0037,435404767.79563
1765742400000,2025-12-14T20:00:00.000Z,88610,88796.7,87530.2,88123.9,7260.4326,640642130.13487
1765756800000,2025-12-15T00:00:00.000Z,88123.9,89991.2,88028.1,89230.4,7010.9007,624417119.25494
1765771200000,2025-12-15T04:00:00.000Z,89230.4,89872.2,89225.2,89698.5,2659.4418,238236538.92473
1765785600000,2025-12-15T08:00:00.000Z,89698.5,89941.6,89529,89603.9,2957.3368,265464374.22906
1765800000000,2025-12-15T12:00:00.000Z,89603.9,89838.3,86591.6,87012.1,18265.9027,1606376763.38703
1765814400000,2025-12-15T16:00:00.000Z,87012.1,87197.5,85111,86110.5,14941.4615,1286573704.96841
1765828800000,2025-12-15T20:00:00.000Z,86110.5,86442.5,85500.7,86408.6,4451.4391,382748151.96587
1765843200000,2025-12-16T00:00:00.000Z,86408.6,86494.6,85350,85840,4303.4386,369775207.39415
1765857600000,2025-12-16T04:00:00.000Z,85840,86590.5,85228.2,85964.6,5421.2952,466513326.46983
1765872000000,2025-12-16T08:00:00.000Z,85964.6,87318.3,85879.7,87212.9,7122.8604,618287751.77845
1765886400000,2025-12-16T12:00:00.000Z,87212.9,88141,86070.1,87941.5,18346.9014,1599479161.57994
1765900800000,2025-12-16T16:00:00.000Z,87941.5,88010,87017.5,87539.5,8438.128,739294132.87549
1765915200000,2025-12-16T20:00:00.000Z,87539.5,87890,87297.6,87821.4,2054.3447,180121842.54151
1765929600000,2025-12-17T00:00:00.000Z,87821.4,87923.9,87111.1,87180.3,3445.9823,301440103.41544
1765944000000,2025-12-17T04:00:00.000Z,87180.3,87356.3,86169.6,87009,8227.7541,713701724.56468
1765958400000,2025-12-17T08:00:00.000Z,87009,87111.9,86197.6,86944.1,6190.5052,536092596.34434
1765972800000,2025-12-17T12:00:00.000Z,86944.1,90347.8,86769.4,87191.9,25905.6294,2291412890.4144
1765987200000,2025-12-17T16:00:00.000Z,87191.9,87744.6,85286.5,85993.2,19606.3087,1693230713.40712
1766001600000,2025-12-17T20:00:00.000Z,85993.2,86415.4,85627.5,86218.1,3305.5402,284337219.56504
1766016000000,2025-12-18T00:00:00.000Z,86218.1,86838.5,85825.3,86591.2,4140.7595,357464934.79503
1766030400000,2025-12-18T04:00:00.000Z,86591.2,86865.1,86348.2,86789.8,2984.4287,258667098.7942
1766044800000,2025-12-18T08:00:00.000Z,86789.8,87416.7,86650,87252.3,5101.5209,444306927.50148
1766059200000,2025-12-18T12:00:00.000Z,87252.3,89448.1,87066.2,88481.9,24215.2459,2138754303.56695
1766073600000,2025-12-18T16:00:00.000Z,88481.9,88513.3,84425.6,84444.1,24724.3875,2130815455.40259
1766088000000,2025-12-18T20:00:00.000Z,84444.1,85799.9,84415.7,85470,7954.4425,677338362.11019
1766102400000,2025-12-19T00:00:00.000Z,85470,87530,85074.6,86865.6,8400.8095,724768096.06338
1766116800000,2025-12-19T04:00:00.000Z,86865.6,88390,86638.2,87907.6,7809.758,683251624.89685
1766131200000,2025-12-19T08:00:00.000Z,87907.6,88335,87689.3,88151.9,4925.3884,433773619.87473
1766145600000,2025-12-19T12:00:00.000Z,88151.9,89377.7,87486.6,87912.6,14604.5044,1288869455.97926
1766160000000,2025-12-19T16:00:00.000Z,87912.6,88859.3,86801.8,87806,11810.3186,1035035214.20953
1766174400000,2025-12-19T20:00:00.000Z,87806,88385,87571.4,88103.3,3656.9166,321854504.79095
1766188800000,2025-12-20T00:00:00.000Z,88103.3,88297.8,87921.5,88171,1521.6557,134065974.92946
1766203200000,2025-12-20T04:00:00.000Z,88171,88533,88079.6,88241.1,2398.3268,211767048.77723
1766217600000,2025-12-20T08:00:00.000Z,88241.1,88400,88076.2,88244.9,2296.4868,202624134.93729
1766232000000,2025-12-20T12:00:00.000Z,88244.9,88312.5,87770,88147.9,2689.2037,236875874.74182
1766246400000,2025-12-20T16:00:00.000Z,88147.9,88391,88069.3,88208.1,1100.9827,97119082.51689
1766260800000,2025-12-20T20:00:00.000Z,88208.1,88428.6,88117,88333.3,921.5025,81330572.20307
1766275200000,2025-12-21T00:00:00.000Z,88333.3,88407.4,87835.6,88059.1,2022.9645,178135346.43217
1766289600000,2025-12-21T04:00:00.000Z,88059.1,88176.5,88030.5,88148.2,1013.3178,89268827.56707
1766304000000,2025-12-21T08:00:00.000Z,88148.2,89050,88115.9,88579.9,5683.2365,503847516.65189
1766318400000,2025-12-21T12:00:00.000Z,88579.9,88898.2,87555,88030,8171.8048,719892846.06301
1766332800000,2025-12-21T16:00:00.000Z,88030,88584.5,87894.6,88449.9,3197.214,282163696.08136
1766347200000,2025-12-21T20:00:00.000Z,88449.9,88792.3,88050.5,88625.1,2441.025,215690082.20187
1766361600000,2025-12-22T00:00:00.000Z,88625.1,89595.2,87856,88729.2,9783.2398,868395636.59022
1766376000000,2025-12-22T04:00:00.000Z,88729.2,89163,88680,89126.3,2456.166,218397623.17655
1766390400000,2025-12-22T08:00:00.000Z,89126.3,90094.1,89055,89900,9415.288,844110768.52362
1766404800000,2025-12-22T12:00:00.000Z,89900,90550,89146.6,89696.7,13858.8344,1246274312.33445
1766419200000,2025-12-22T16:00:00.000Z,89696.7,90091.5,87929.3,88020.1,7259.763,646566883.07121
1766433600000,2025-12-22T20:00:00.000Z,88020.1,88810.1,87888,88589.1,4954.7195,437617520.12529
1766448000000,2025-12-23T00:00:00.000Z,88589.1,88909,87758,88141.9,4834.0744,427002691.65966
1766462400000,2025-12-23T04:00:00.000Z,88141.9,88348.3,87000.1,87545.1,6445.4429,564231384.42135
1766476800000,2025-12-23T08:00:00.000Z,87545.1,87870.8,87263.6,87835.4,3363.1723,294619186.92323
1766491200000,2025-12-23T12:00:00.000Z,87835.4,87934,86555,87412,10987.0959,958567274.55078
1766505600000,2025-12-23T16:00:00.000Z,87412,88243.7,87121.2,87721,9201.2235,807897494.46583
1766520000000,2025-12-23T20:00:00.000Z,87721,88344,87140.6,87462,4026.6034,352814793.41333
1766534400000,2025-12-24T00:00:00.000Z,87462,87813.6,86822,87310.9,5345.6248,466449261.61677
1766548800000,2025-12-24T04:00:00.000Z,87310.9,87433,86746.9,86885.5,4291.3658,373379944.31681
1766563200000,2025-12-24T08:00:00.000Z,86885.5,87332,86681.6,87179,3320.3022,288773562.7162
1766577600000,2025-12-24T12:00:00.000Z,87179,87460,86377,87016,7793.8322,677546864.00139
1766592000000,2025-12-24T16:00:00.000Z,87016,87654,86877.6,87516.5,4540.8034,396570811.85843
1766606400000,2025-12-24T20:00:00.000Z,87516.5,88022.1,87478.6,87628.9,2859.0151,250813277.95997
1766620800000,2025-12-25T00:00:00.000Z,87628.9,87938.2,87466.5,87808,1833.425,160752209.30816
1766635200000,2025-12-25T04:00:00.000Z,87808,87819.9,87608.7,87785.1,1070.1824,93871011.32312
1766649600000,2025-12-25T08:00:00.000Z,87785.1,87848.2,87211.2,87477.4,3171.96,277372671.65677
1766664000000,2025-12-25T12:00:00.000Z,87477.4,88555,87355,88325.2,5416.3774,476759233.63514
1766678400000,2025-12-25T16:00:00.000Z,88325.2,88446.7,87956.5,88108.8,3019.5149,266219394.0954
1766692800000,2025-12-25T20:00:00.000Z,88108.8,88134.4,86919,87189.8,6673.9852,583832848.48746
1766707200000,2025-12-26T00:00:00.000Z,87189.8,89402.8,86857.6,88791.1,11568.3907,1022099044.72737
1766721600000,2025-12-26T04:00:00.000Z,88791.1,89520,88305.7,88434.3,6624.1935,589242743.07681
1766736000000,2025-12-26T08:00:00.000Z,88434.3,88887.9,88380.5,88500.1,3791.6393,336226730.92036
1766750400000,2025-12-26T12:00:00.000Z,88500.1,89023.8,86628,87115.6,14217.9019,1246696972.87688
1766764800000,2025-12-26T16:00:00.000Z,87115.6,87540.6,86774.1,87454.1,4367.6869,380820514.06025
1766779200000,2025-12-26T20:00:00.000Z,87454.1,87750,87272.8,87325.3,1871.5054,163749377.96018
1766793600000,2025-12-27T00:00:00.000Z,87325.3,87489,87205.9,87467.5,1320.8077,115370876.29047
1766808000000,2025-12-27T04:00:00.000Z,87467.5,87666,87380,87494.1,2535.8115,221923133.71418
1766822400000,2025-12-27T08:00:00.000Z,87494.1,87633,87312.9,87434.2,1885.2358,164986115.072
1766836800000,2025-12-27T12:00:00.000Z,87434.2,87557.6,87270,87516.4,1484.7412,129832887.62248
1766851200000,2025-12-27T16:00:00.000Z,87516.4,87549,87393.1,87529.5,1013.5723,88674800.95343
1766865600000,2025-12-27T20:00:00.000Z,87529.5,87947,87450.8,87827.1,4425.3611,388199906.75421
1766880000000,2025-12-28T00:00:00.000Z,87827.1,87911.3,87669.3,87694.1,1541.803,135318484.80767
1766894400000,2025-12-28T04:00:00.000Z,87694.1,87788.8,87564.8,87690,1667.994,146217367.45469
1766908800000,2025-12-28T08:00:00.000Z,87690,88005,87681.4,87846.8,4428.2745,389031444.81952
1766923200000,2025-12-28T12:00:00.000Z,87846.8,88061.8,87755.9,87793.1,2237.8136,196680129.89096
1766937600000,2025-12-28T16:00:00.000Z,87793.1,87900,87452.1,87486,3176.3065,278310283.05183
1766952000000,2025-12-28T20:00:00.000Z,87486,88020,87400.6,87917.5,2602.708,228191118.99449
1766966400000,2025-12-29T00:00:00.000Z,87917.5,90129.7,87777.5,90080,11979.2175,1065927030.18364
1766980800000,2025-12-29T04:00:00.000Z,90080,90357.3,89479.2,89582.2,5972.8083,537191527.01955
1766995200000,2025-12-29T08:00:00.000Z,89582.2,89793,87540.5,87544.6,13899.0969,1229269543.53662
1767009600000,2025-12-29T12:00:00.000Z,87544.6,88150,86765,87643.3,14253.6328,1245600193.6802
1767024000000,2025-12-29T16:00:00.000Z,87643.3,87965,87281.6,87339.5,3742.1567,327779901.17538
1767038400000,2025-12-29T20:00:00.000Z,87339.5,87577.6,87050.4,87226.5,2471.4557,215657946.21946
1767052800000,2025-12-30T00:00:00.000Z,87226.5,87406.9,86801.5,87356.3,4335.3875,377762631.62374
1767067200000,2025-12-30T04:00:00.000Z,87356.3,87574.5,87125.7,87455.4,3187.6891,278572425.4899
1767081600000,2025-12-30T08:00:00.000Z,87455.4,88190,87455.4,87857.4,9057.8622,796086311.42446
1767096000000,2025-12-30T12:00:00.000Z,87857.4,89121.2,87785,88971.6,13364.9156,1181338645.15634
1767110400000,2025-12-30T16:00:00.000Z,88971.6,89350,87909,88190.2,9192.0743,814341336.88388
1767124800000,2025-12-30T20:00:00.000Z,88190.2,88548.3,87840.6,88454.7,2945.4734,259844831.77583
1767139200000,2025-12-31T00:00:00.000Z,88454.7,88790.1,88134.7,88432.2,3883.2675,343682952.57425
1767153600000,2025-12-31T04:00:00.000Z,88432.2,88613,88299,88578.9,1651.1071,146041621.14289
1767168000000,2025-12-31T08:00:00.000Z,88578.9,89015.4,88350.7,88974.2,5202.2913,461660765.52422
1767182400000,2025-12-31T12:00:00.000Z,88974.2,89180.8,87747.2,87924.7,8346.2278,738373275.93841
1767196800000,2025-12-31T16:00:00.000Z,87924.7,88038,87357.9,87522.1,6515.211,571230809.87097
1767211200000,2025-12-31T20:00:00.000Z,87522.1,87865,87211.5,87624.4,3040.6414,266334399.98745
1767225600000,2026-01-01T00:00:00.000Z,87624.4,88079.9,87607,87826,2062.2508,181235561.81154
1767240000000,2026-01-01T04:00:00.000Z,87826,87837.7,87528.6,87621.2,2123.7596,186135770.51724
1767254400000,2026-01-01T08:00:00.000Z,87621.2,88001,87615,87994.2,1677.2399,147346904.31541
1767268800000,2026-01-01T12:00:00.000Z,87994.2,88068.6,87760.2,87980.5,2643.1666,232397751.45598
1767283200000,2026-01-01T16:00:00.000Z,87980.5,88469.4,87821,88343.1,3340.7214,294661093.92999
1767297600000,2026-01-01T20:00:00.000Z,88343.1,88886.7,88192.3,88791,3044.1643,269528586.03011
1767312000000,2026-01-02T00:00:00.000Z,88791,89074.4,88299.2,88900.6,4396.3438,390086046.09918
1767326400000,2026-01-02T04:00:00.000Z,88900.6,89041,88531.3,88819,3059.9958,271728353.56383
1767340800000,2026-01-02T08:00:00.000Z,88819,89910.6,88770.4,89446.4,8592.2716,768560719.35362
1767355200000,2026-01-02T12:00:00.000Z,89446.4,90126.7,88412.3,89371.1,15169.3958,1354446558.17326
1767369600000,2026-01-02T16:00:00.000Z,89371.1,90929.3,89158.9,89851.1,14925.1618,1345722692.64456
1767384000000,2026-01-02T20:00:00.000Z,89851.1,90365.4,89592.8,89949.4,3229.0388,290508717.90538
1767398400000,2026-01-03T00:00:00.000Z,89949.4,90366.9,89907.7,90280,1531.7526,138086510.57444
1767412800000,2026-01-03T04:00:00.000Z,90280,90441.7,89268.1,89545.1,4830.3161,433675351.26548
1767427200000,2026-01-03T08:00:00.000Z,89545.1,89949.9,89389,89714.1,3810.6647,341897811.46205
1767441600000,2026-01-03T12:00:00.000Z,89714.1,90195.1,89622.1,89929.9,3126.9038,281337474.68975
1767456000000,2026-01-03T16:00:00.000Z,89929.9,90181.8,89866.3,90082.9,1457.2077,131223857.11055
1767470400000,2026-01-03T20:00:00.000Z,90082.9,90700,89978,90591.7,3220.3177,291309401.11651
1767484800000,2026-01-04T00:00:00.000Z,90591.7,91567.8,90591.6,91190.5,6630.4626,604546603.60829
1767499200000,2026-01-04T04:00:00.000Z,91190.5,91761.3,91124.4,91473.9,4471.7162,408838955.30001
1767513600000,2026-01-04T08:00:00.000Z,91473.9,91571,91111.1,91257.9,5055.7156,461768462.65886
1767528000000,2026-01-04T12:00:00.000Z,91257.9,91380,90960.8,91286.6,3477.8128,317122184.71784
1767542400000,2026-01-04T16:00:00.000Z,91286.6,91420,90811.1,91102,2980.9855,271652932.83002
1767556800000,2026-01-04T20:00:00.000Z,91102,91554.3,91081.7,91495.1,2225.8684,203222405.56361
1767571200000,2026-01-05T00:00:00.000Z,91495.1,93355.7,91479.4,92829.9,13750.9984,1272921159.26822
1767585600000,2026-01-05T04:00:00.000Z,92829.9,92918.9,92112.2,92485.8,3973.2077,367455180.28965
1767600000000,2026-01-05T08:00:00.000Z,92485.8,93127.3,92291.1,93089.4,4755.1138,441210551.45092
1767614400000,2026-01-05T12:00:00.000Z,93089.4,93970,92372,93883.4,11584.2671,1079970584.01891
1767628800000,2026-01-05T16:00:00.000Z,93883.4,94475.3,93200,94238.1,10343.437,971731694.55673
1767643200000,2026-01-05T20:00:00.000Z,94238.1,94744,93742.4,93822.9,4995.8372,470719240.59522
1767657600000,2026-01-06T00:00:00.000Z,93822.9,94118.7,93471.8,93722.7,3490.6837,327198387.23506
1767672000000,2026-01-06T04:00:00.000Z,93722.7,93962.4,93090,93223.6,4172.8615,390498330.57536
1767686400000,2026-01-06T08:00:00.000Z,93223.6,93871.9,93150,93805,3923.1172,366837794.00729
1767700800000,2026-01-06T12:00:00.000Z,93805,94401,93289.2,93604.6,10815.0888,1015346139.84976
1767715200000,2026-01-06T16:00:00.000Z,93604.6,93726.8,91227.3,92071.8,17028.1309,1571338631.81729
1767729600000,2026-01-06T20:00:00.000Z,92071.8,93815.7,92071.5,93708.7,8025.6689,747863459.13104
1767744000000,2026-01-07T00:00:00.000Z,93708.7,93708.7,92210.8,92779.7,6167.4418,572323874.63489
1767758400000,2026-01-07T04:00:00.000Z,92779.7,92888.5,92455.1,92841.9,1994.7809,184906795.88505
1767772800000,2026-01-07T08:00:00.000Z,92841.9,92936,91566.1,92044.9,6916.8825,636804561.47806
1767787200000,2026-01-07T12:00:00.000Z,92044.9,92250,90984.2,91315.4,10189.4577,933085292.1639
1767801600000,2026-01-07T16:00:00.000Z,91315.4,91758,90643,91158.2,7384.0606,672843373.38777
1767816000000,2026-01-07T20:00:00.000Z,91158.2,91455.1,90739.5,91334.9,3963.3901,361225059.57947
1767830400000,2026-01-08T00:00:00.000Z,91334.9,91666.9,90575,90784.5,4007.1806,365086089.67088
1767844800000,2026-01-08T04:00:00.000Z,90784.5,91165.7,89600.7,90502,8918.5344,805285230.17175
1767859200000,2026-01-08T08:00:00.000Z,90502,90725,89742.9,90196.4,7238.9579,653008081.61476
1767873600000,2026-01-08T12:00:00.000Z,90196.4,90788,89265.8,90728.6,11911.6924,1071276217.27217
1767888000000,2026-01-08T16:00:00.000Z,90728.6,91423.5,90266.1,90902.1,6206.1919,564263444.42969
1767902400000,2026-01-08T20:00:00.000Z,90902.1,91449.2,90526.8,91049.9,2642.8617,240485367.41089
1767916800000,2026-01-09T00:00:00.000Z,91049.9,91615.4,90805.4,91183.8,3819.9685,348285577.03062
1767931200000,2026-01-09T04:00:00.000Z,91183.8,91200,90702.3,90709.5,1742.1511,158465759.63438
1767945600000,2026-01-09T08:00:00.000Z,90709.5,90818.6,89667.4,90400.1,7939.4421,716688347.02957
1767960000000,2026-01-09T12:00:00.000Z,90400.1,91982,89801,91144.2,15934.9192,1448463836.94449
1767974400000,2026-01-09T16:00:00.000Z,91144.2,91750,90142,90294.5,8881.0516,808285803.14
1767988800000,2026-01-09T20:00:00.000Z,90294.5,90694,90090.6,90608.2,2799.43,253161162.09644
1768003200000,2026-01-10T00:00:00.000Z,90608.2,90750,90480,90599.9,1025.7885,92958618.53579
1768017600000,2026-01-10T04:00:00.000Z,90599.9,90659.4,90370.5,90641.3,1183.2769,107109867.68414
1768032000000,2026-01-10T08:00:00.000Z,90641.3,90799.5,90580.3,90692.1,2203.0006,199756020.43554
1768046400000,2026-01-10T12:00:00.000Z,90692.1,90756,90500,90628.8,1114.6502,101005924.64813
1768060800000,2026-01-10T16:00:00.000Z,90628.8,90711.9,90458.6,90592.9,945.0394,85615685.46208
1768075200000,2026-01-10T20:00:00.000Z,90592.9,90620.4,90357.7,90481,1062.6512,96135818.11676
1768089600000,2026-01-11T00:00:00.000Z,90481,90700,90415.7,90699.9,900.4706,81593375.11669
1768104000000,2026-01-11T04:00:00.000Z,90699.9,90827.8,90539.4,90685.1,1403.0428,127255226.7505
1768118400000,2026-01-11T08:00:00.000Z,90685.1,90779.1,90581.2,90716.8,1659.091,150471435.10336
1768132800000,2026-01-11T12:00:00.000Z,90716.8,91149.9,90669.5,90840.1,5519.7151,501819399.07175
1768147200000,2026-01-11T16:00:00.000Z,90840.1,91250,90625.5,90650,2264.2387,205944853.32725
1768161600000,2026-01-11T20:00:00.000Z,90650,91012.6,90190.6,90970.7,4593.2907,416148657.76132
1768176000000,2026-01-12T00:00:00.000Z,90970.7,92491.2,90649.1,91768.2,10090.1269,925003995.75541
1768190400000,2026-01-12T04:00:00.000Z,91768.2,92244.3,91360.5,91381.8,4558.5182,418622189.1622
1768204800000,2026-01-12T08:00:00.000Z,91381.8,91592.2,90340,90590,8663.1999,786348182.65155
1768219200000,2026-01-12T12:00:00.000Z,90590,91627.4,90083.1,91614.1,9243.8543,840130294.89169
1768233600000,2026-01-12T16:00:00.000Z,91614.1,92272.8,90967.3,91819.2,9583.205,878927865.76044
1768248000000,2026-01-12T20:00:00.000Z,91819.2,92014,90888.1,91258.9,3903.5915,356567670.5073
1768262400000,2026-01-13T00:00:00.000Z,91258.9,91514,91005.7,91379.9,2901.0619,264795491.08686
1768276800000,2026-01-13T04:00:00.000Z,91379.9,92236.8,91315.1,91908.9,5903.8225,542470167.88563
1768291200000,2026-01-13T08:00:00.000Z,91908.9,92638.3,91887.3,91961.8,6576.6267,606619121.78868
1768305600000,2026-01-13T12:00:00.000Z,91961.8,93420.4,91733.3,93409.7,16438.5612,1519852842.66767
1768320000000,2026-01-13T16:00:00.000Z,93409.7,94170.8,93011.6,94160.1,10907.8327,1020121495.27379
1768334400000,2026-01-13T20:00:00.000Z,94160.1,96621.7,93993.2,95377.9,19180.4905,1825541632.23382
1768348800000,2026-01-14T00:00:00.000Z,95377.9,95677.2,95081.6,95672,4219.0894,402360096.95149
1768363200000,2026-01-14T04:00:00.000Z,95672,95758.1,94485,95180.1,5938.5641,564143211.03831
1768377600000,2026-01-14T08:00:00.000Z,95180.1,95291.9,94700.3,94764,4163.8153,395627820.70152
1768392000000,2026-01-14T12:00:00.000Z,94764,97047.9,94650,96687.8,15977.1422,1535659841.87707
1768406400000,2026-01-14T16:00:00.000Z,96687.8,97734.8,96182.2,97206.6,16692.4059,1620911211.24851
1768420800000,2026-01-14T20:00:00.000Z,97206.6,97888,96700,96899.9,6434.0059,626182500.59671
1768435200000,2026-01-15T00:00:00.000Z,96899.9,96944,95732.8,95950,6089.2549,586695956.95148
1768449600000,2026-01-15T04:00:00.000Z,95950,96720.8,95920,96598,5280.1859,508760002.36363
1768464000000,2026-01-15T08:00:00.000Z,96598,97151,96250,96537.8,4191.917,405494186.42531
1768478400000,2026-01-15T12:00:00.000Z,96537.8,97110.9,95404,96702.9,11348.0883,1091919316.15053
1768492800000,2026-01-15T16:00:00.000Z,96702.9,97032.6,95150,95472.9,10811.84,1039464228.40305
1768507200000,2026-01-15T20:00:00.000Z,95472.9,95835,95101,95567.4,3729.6909,356011911.0358
1768521600000,2026-01-16T00:00:00.000Z,95567.4,95820,95270.5,95311.8,2763.3921,263995672.12579
1768536000000,2026-01-16T04:00:00.000Z,95311.8,95784.9,95114.2,95617.9,3335.1453,318422666.18055
1768550400000,2026-01-16T08:00:00.000Z,95617.9,95800,95217,95395,2967.8615,283452802.90915
1768564800000,2026-01-16T12:00:00.000Z,95395,95765,94259,94546.9,11977.4653,1137351654.32254
1768579200000,2026-01-16T16:00:00.000Z,94546.9,95198.8,94461.8,94960.9,5401.3304,512330418.5048
1768593600000,2026-01-16T20:00:00.000Z,94960.9,95555,94630.4,95502.7,3314.0243,315866607.07978
1768608000000,2026-01-17T00:00:00.000Z,95502.7,95530,95151.2,95322.7,1377.825,131344716.47517
1768622400000,2026-01-17T04:00:00.000Z,95322.7,95337.1,94981.2,95052.5,1290.6611,122832899.4758
1768636800000,2026-01-17T08:00:00.000Z,95052.5,95278.6,94980.9,95278.6,1057.9567,100677443.89007
1768651200000,2026-01-17T12:00:00.000Z,95278.6,95626,95150,95526.5,2850.5752,271973557.16814
1768665600000,2026-01-17T16:00:00.000Z,95526.5,95526.6,95155.1,95247.3,1866.4119,177912780.97515
1768680000000,2026-01-17T20:00:00.000Z,95247.3,95365.3,95002,95105.5,1237.044,117706233.7309
1768694400000,2026-01-18T00:00:00.000Z,95105.5,95199.9,94810.1,95153.3,1828.9765,173705491.08151
1768708800000,2026-01-18T04:00:00.000Z,95153.3,95223.9,94988.1,95003,1036.9934,98602776.45006
1768723200000,2026-01-18T08:00:00.000Z,95003,95264.5,94990,95130,1575.955,149926822.65517
1768737600000,2026-01-18T12:00:00.000Z,95130,95323.5,94870,95070.8,2519.3637,239492575.53249
1768752000000,2026-01-18T16:00:00.000Z,95070.8,95490.3,95025,95328.9,1792.1048,170747912.76124
1768766400000,2026-01-18T20:00:00.000Z,95328.9,95489.4,93570,93632.6,7276.5501,686611359.98866
1768780800000,2026-01-19T00:00:00.000Z,93632.6,93632.6,91850,92647.3,16265.6245,1506456838.66817
1768795200000,2026-01-19T04:00:00.000Z,92647.3,92811.6,92352,92787.6,3186.5619,295023541.18189
1768809600000,2026-01-19T08:00:00.000Z,92787.6,93316.5,92650.9,93139.9,4758.712,442851868.96571
1768824000000,2026-01-19T12:00:00.000Z,93139.9,93184.3,92662.7,93016.1,3590.9459,333664384.93586
1768838400000,2026-01-19T16:00:00.000Z,93016.1,93380.2,92874.5,93060.8,2784.2906,259407602.38266
1768852800000,2026-01-19T20:00:00.000Z,93060.8,93300,92112.2,92585.9,4395.7543,407345442.92542
1768867200000,2026-01-20T00:00:00.000Z,92585.9,92847.6,92201.6,92405.1,3713.6925,343665402.07341
1768881600000,2026-01-20T04:00:00.000Z,92405.1,92445,90740,91146,14212.2766,1298625536.27578
1768896000000,2026-01-20T08:00:00.000Z,91146,91409.7,90638.3,91178.1,6277.9063,571618664.08591
1768910400000,2026-01-20T12:00:00.000Z,91178.1,91350.9,89820,90655.1,14088.2834,1276222739.37899
1768924800000,2026-01-20T16:00:00.000Z,90655.1,90943.5,89255,89693.8,10577.4329,950677041.70718
1768939200000,2026-01-20T20:00:00.000Z,89693.8,89825,87801,88388.9,12135.335,1075918858.29062
1768953600000,2026-01-21T00:00:00.000Z,88388.9,89570.3,88211,89382.9,4636.5458,412504492.44209
1768968000000,2026-01-21T04:00:00.000Z,89382.9,90083.8,89047.4,89169.6,5004.2333,448239167.167
1768982400000,2026-01-21T08:00:00.000Z,89169.6,89450.6,88650,88750.2,4429.5393,394594141.2463
1768996800000,2026-01-21T12:00:00.000Z,88750.2,90542.3,88135.1,90231.8,16007.5817,1429224662.71423
1769011200000,2026-01-21T16:00:00.000Z,90231.8,90420,87205,90315.7,23394.0528,2073441049.63563
1769025600000,2026-01-21T20:00:00.000Z,90315.7,90350,89307,89408.8,6580.4637,591244040.76884
1769040000000,2026-01-22T00:00:00.000Z,89408.8,90333.2,89408.7,89851.1,3952.3551,355402160.36344
1769054400000,2026-01-22T04:00:00.000Z,89851.1,90168.9,89750,89774.2,2973.9828,267496191.45657
1769068800000,2026-01-22T08:00:00.000Z,89774.2,90121,89715.5,89902.6,2911.2715,261830138.47537
1769083200000,2026-01-22T12:00:00.000Z,89902.6,90311.5,88470.1,88961.7,13109.704,1170789546.27382
1769097600000,2026-01-22T16:00:00.000Z,88961.7,89881.6,88631.4,89730.6,8700.0803,776633891.76597
1769112000000,2026-01-22T20:00:00.000Z,89730.6,89910.6,89076.1,89510,5065.3664,452893436.23613
1769126400000,2026-01-23T00:00:00.000Z,89510,89937,89400.4,89887.8,2259.6237,202664109.39928
1769140800000,2026-01-23T04:00:00.000Z,89887.8,90046.6,89353.3,89493.4,3027.0224,271384682.77994
1769155200000,2026-01-23T08:00:00.000Z,89493.4,89581.7,88821.8,89167.1,4857.9238,433011287.49924
1769169600000,2026-01-23T12:00:00.000Z,89167.1,89841.2,88521,89712.9,8382.2208,747429189.73679
1769184000000,2026-01-23T16:00:00.000Z,89712.9,91178.3,89441,89938.6,14337.1297,1294951523.61782
1769198400000,2026-01-23T20:00:00.000Z,89938.6,90117.9,89171.8,89549.9,3720.9611,333154761.0301
1769212800000,2026-01-24T00:00:00.000Z,89549.9,89891.1,89374.7,89727.8,1252.1321,112228634.71414
1769227200000,2026-01-24T04:00:00.000Z,89727.8,89804.6,89522.4,89577.5,1153.1915,103400280.81852
1769241600000,2026-01-24T08:00:00.000Z,89577.5,89654.2,89530.9,89554.7,917.4571,82193693.52355
1769256000000,2026-01-24T12:00:00.000Z,89554.7,89564.7,89121.1,89241.8,2275.238,203360270.94985
1769270400000,2026-01-24T16:00:00.000Z,89241.8,89428.3,89126.2,89284.7,1570.4303,140169669.01757
1769284800000,2026-01-24T20:00:00.000Z,89284.7,89454,89150.6,89188.2,773.6162,69086170.80667
1769299200000,2026-01-25T00:00:00.000Z,89188.2,89288.7,88803.6,88917.9,2064.9656,183851033.00714
1769313600000,2026-01-25T04:00:00.000Z,88917.9,89061.7,88600.1,88632.9,2299.5483,204194676.62985
1769328000000,2026-01-25T08:00:00.000Z,88632.9,88732.8,88089.5,88538.2,4431.8687,391886148.1849
1769342400000,2026-01-25T12:00:00.000Z,88538.2,88942.1,88327.8,88407.1,3811.9909,337992238.35419
1769356800000,2026-01-25T16:00:00.000Z,88407.1,88418.7,86143.5,86461,19436.8435,1697293207.27989
1769371200000,2026-01-25T20:00:00.000Z,86461,86984,86039.1,86634.8,7725.7374,668071998.38695
1769385600000,2026-01-26T00:00:00.000Z,86634.8,87927.3,86463.4,87236.3,7047.7595,615344588.42047
1769400000000,2026-01-26T04:00:00.000Z,87236.3,88040,87190.2,87959.9,3312.5001,290736068.5365
1769414400000,2026-01-26T08:00:00.000Z,87959.9,88343.8,87551,87810,3598.0273,316371525.48317
1769428800000,2026-01-26T12:00:00.000Z,87810,88822.9,87281.5,87603.9,10180.6462,896148039.72916
1769443200000,2026-01-26T16:00:00.000Z,87603.9,88505.6,86977.3,87974.5,7021.0784,615871339.22789
1769457600000,2026-01-26T20:00:00.000Z,87974.5,88625.5,87501,88303.5,3241.0061,285469822.9729
1769472000000,2026-01-27T00:00:00.000Z,88303.5,88854,88155.7,88736.4,2860.0334,253181730.90383
1769486400000,2026-01-27T04:00:00.000Z,88736.4,88965.2,88238.2,88288.3,2362.8022,209201290.49804
1769500800000,2026-01-27T08:00:00.000Z,88288.3,88364.3,87700,87943.5,3795.1492,333903268.31479
1769515200000,2026-01-27T12:00:00.000Z,87943.5,88428.3,87527,88000.1,6639.3809,583749326.94205
1769529600000,2026-01-27T16:00:00.000Z,88000.1,88789,87265,88366.6,10720.1722,944383426.62055
1769544000000,2026-01-27T20:00:00.000Z,88366.6,89480,88326.4,89190.3,7399.992,659534554.37687
1769558400000,2026-01-28T00:00:00.000Z,89190.3,89450,88934,89077.1,2467.6131,220111699.28973
1769572800000,2026-01-28T04:00:00.000Z,89077.1,89350,88784.9,89100.1,2459.8911,219046763.72041
1769587200000,2026-01-28T08:00:00.000Z,89100.1,90100,88822.3,90025.1,5917.1406,529503954.89665
1769601600000,2026-01-28T12:00:00.000Z,90025.1,90425.6,88856.2,89440.3,10372.9696,931062719.32584
1769616000000,2026-01-28T16:00:00.000Z,89440.3,90566.7,88967.6,89356.4,10130.921,908400631.14631
1769630400000,2026-01-28T20:00:00.000Z,89356.4,89863.9,88826,89266.1,4562.1234,407406569.03724
1769644800000,2026-01-29T00:00:00.000Z,89266.1,89315.3,87659.7,88010.5,8639.0589,763362077.5339
1769659200000,2026-01-29T04:00:00.000Z,88010.5,88389.9,87855.7,88308.9,2541.5671,224200757.24372
1769673600000,2026-01-29T08:00:00.000Z,88308.9,88468,87705,87796.2,5507.8318,484686353.22804
1769688000000,2026-01-29T12:00:00.000Z,87796.2,88132,84333.1,84911.4,21095.1477,1814308589.8333
1769702400000,2026-01-29T16:00:00.000Z,84911.4,85598.9,83321.3,83975.9,20633.7381,1741038152.98647
1769716800000,2026-01-29T20:00:00.000Z,83975.9,84700,83785.9,84610.4,3868.2241,326230609.55613
1769731200000,2026-01-30T00:00:00.000Z,84610.4,84704,81058.8,82643.6,21736.5999,1789783044.40813
1769745600000,2026-01-30T04:00:00.000Z,82643.6,83300,82004.7,82764.1,7852.9332,649731853.73856
1769760000000,2026-01-30T08:00:00.000Z,82764.1,83275.8,82115.5,83109.7,4884.6291,403432763.05209
1769774400000,2026-01-30T12:00:00.000Z,83109.7,83756.9,82331.7,82848.6,10043.2137,833563657.5507
1769788800000,2026-01-30T16:00:00.000Z,82848.6,84590,81840.1,84195.6,11284.9713,939872370.79863
1769803200000,2026-01-30T20:00:00.000Z,84195.6,84482,83493.3,84212,5661.7084,475537637.17208
1769817600000,2026-01-31T00:00:00.000Z,84212,84238.6,83771.5,83977.6,2684.7313,225615970.46022
1769832000000,2026-01-31T04:00:00.000Z,83977.6,84105.6,83365,83507.5,2619.8447,219336525.67587
1769846400000,2026-01-31T08:00:00.000Z,83507.5,83595.5,82519.4,82986.7,6198.5826,514474841.82037
1769860800000,2026-01-31T12:00:00.000Z,82986.7,83109.5,80774.4,81266.7,14190.3208,1158878970.4996
1769875200000,2026-01-31T16:00:00.000Z,81266.7,82160,75669,77707.5,46817.706,3694688747.78915
1769889600000,2026-01-31T20:00:00.000Z,77707.5,79202.9,77040,78698.3,10359.858,809383977.64724
1769904000000,2026-02-01T00:00:00.000Z,78698.3,79385.3,78244.1,78821.3,5155.3018,406160233.78596
1769918400000,2026-02-01T04:00:00.000Z,78821.3,79084.2,77897.4,78312.8,4674.8304,367066155.71053
1769932800000,2026-02-01T08:00:00.000Z,78312.8,79189.8,78108.2,78713.1,5693.9963,447682998.07149
1769947200000,2026-02-01T12:00:00.000Z,78713.1,78729.5,76732.5,77565.5,13559.9226,1054279865.95156
1769961600000,2026-02-01T16:00:00.000Z,77565.5,78399.7,76956.5,77141.6,8814.9838,684162710.8842
1769976000000,2026-02-01T20:00:00.000Z,77141.6,77750,75658,76926.5,19508.2291,1497768294.79292
1769990400000,2026-02-02T00:00:00.000Z,76926.5,78120,74550,76249,19489.5484,1485920341.19395
1770004800000,2026-02-02T04:00:00.000Z,76249,76924.3,74856.2,76606.7,15775.7452,1196299943.79234
1770019200000,2026-02-02T08:00:00.000Z,76606.7,77938,76572.5,77707.2,7054.0249,545500310.63323
1770033600000,2026-02-02T12:00:00.000Z,77707.2,79300,77506.9,78798.3,14929.969,1169284265.8614
1770048000000,2026-02-02T16:00:00.000Z,78798.3,79234.7,78233.3,78291.9,6916.9481,544856249.24231
1770062400000,2026-02-02T20:00:00.000Z,78291.9,78941.3,77847.6,78690.3,3966.3529,311065756.05502
1770076800000,2026-02-03T00:00:00.000Z,78690.3,79152.1,77613.5,78706.6,5916.3243,463943632.72864
1770091200000,2026-02-03T04:00:00.000Z,78706.6,78961.5,77906.8,78745.9,4448.5347,349291757.22424
1770105600000,2026-02-03T08:00:00.000Z,78745.9,79041.8,77900,78036.8,6480.1849,507719280.00429
1770120000000,2026-02-03T12:00:00.000Z,78036.8,78424,77004,78087.8,13033.8755,1014090260.81476
1770134400000,2026-02-03T16:00:00.000Z,78087.8,78094.9,72904.6,74887.6,36270.9229,2719288730.98382
1770148800000,2026-02-03T20:00:00.000Z,74887.6,76932.9,74536.2,75731.4,13058.1905,992096684.05244
1770163200000,2026-02-04T00:00:00.000Z,75731.4,76940.8,75425,76660.4,6916.3647,527805346.77647
1770177600000,2026-02-04T04:00:00.000Z,76660.4,76795.5,76068,76482.8,3019.1698,230866029.10074
1770192000000,2026-02-04T08:00:00.000Z,76482.8,76562.6,75625.2,75988.8,6104.9004,464632713.50862
1770206400000,2026-02-04T12:00:00.000Z,75988.8,76240.7,73751.1,74107.6,17742.002,1329136438.24528
1770220800000,2026-02-04T16:00:00.000Z,74107.6,74219.6,72106.1,73905.6,20823.8524,1524159358.36479
1770235200000,2026-02-04T20:00:00.000Z,73905.6,74127.2,71850,73145.9,11166.2388,814331970.28098
1770249600000,2026-02-05T00:00:00.000Z,73145.9,73319.3,71119.6,71202.9,13299.9631,958965356.08146
1770264000000,2026-02-05T04:00:00.000Z,71202.9,71593.8,70108.7,70716.3,15353.8415,1088001900.03589
1770278400000,2026-02-05T08:00:00.000Z,70716.3,71941.2,69880,70283.5,13354.0994,946691740.0021
1770292800000,2026-02-05T12:00:00.000Z,70283.5,70848.4,66666,67450.2,35511.1558,2442922345.3841
1770307200000,2026-02-05T16:00:00.000Z,67450.2,68653,65124.2,65234.4,26793.5811,1787541549.16211
1770321600000,2026-02-05T20:00:00.000Z,65234.4,65675,62242.5,62876.9,34740.9196,2215434644.10019
1770336000000,2026-02-06T00:00:00.000Z,62876.9,65978.5,59900.5,64140.6,38596.4272,2416498746.11275
1770350400000,2026-02-06T04:00:00.000Z,64140.6,66792,63925.9,64812.6,18267.9407,1193238084.14875
1770364800000,2026-02-06T08:00:00.000Z,64812.6,66732.2,64440,66581.5,11904.9393,780735244.99773
1770379200000,2026-02-06T12:00:00.000Z,66581.5,69155.6,66060.7,68575,21003.278,1419797983.24559
1770393600000,2026-02-06T16:00:00.000Z,68575,71450,68372.1,70677,21149.7897,1482050457.31388
1770408000000,2026-02-06T20:00:00.000Z,70677,71699.7,69748.3,70530.9,8270.0804,584653025.19936
1770422400000,2026-02-07T00:00:00.000Z,70530.9,70878.9,69666,70873.3,6035.6923,424031605.55132
1770436800000,2026-02-07T04:00:00.000Z,70873.3,71650,67288.4,68048.6,19744.959,1368950539.01629
1770451200000,2026-02-07T08:00:00.000Z,68048.6,68750,67545.8,67926.7,9424.9101,642301729.51663
1770465600000,2026-02-07T12:00:00.000Z,67926.7,69982.7,67864.4,69120,15174.7479,1047891418.89582
1770480000000,2026-02-07T16:00:00.000Z,69120,69869.9,68520.6,69339.1,11632.9022,806507004.74197
1770494400000,2026-02-07T20:00:00.000Z,69339.1,69705.2,68732.1,69249.6,2872.2091,199023438.90369
1770508800000,2026-02-08T00:00:00.000Z,69249.6,69683.2,68847,69064.4,3243.1616,224647661.21977
1770523200000,2026-02-08T04:00:00.000Z,69064.4,69667.1,68926.3,69667,2929.4054,203014736.82613
1770537600000,2026-02-08T08:00:00.000Z,69667,71178.2,69468.1,70950,10794.5579,759286682.32385
1770552000000,2026-02-08T12:00:00.000Z,70950,71523.6,70662.6,71151.6,8244.5953,586456049.51716
1770566400000,2026-02-08T16:00:00.000Z,71151.6,71490.6,70212.6,71387,4733.879,335428537.80629
1770580800000,2026-02-08T20:00:00.000Z,71387,72262,69939.1,70291,10871.0268,771303393.43035
1770595200000,2026-02-09T00:00:00.000Z,70291,71401.3,70020,71265.6,6949.7351,490717578.70827
1770609600000,2026-02-09T04:00:00.000Z,71265.6,71316.8,70271.4,70395.5,5269.2735,372645014.08301
1770624000000,2026-02-09T08:00:00.000Z,70395.5,70582.1,68376,68899.3,12415.487,860192699.76657
1770638400000,2026-02-09T12:00:00.000Z,68899.3,69848.2,68266.5,69530,14332.8766,990222450.16216
1770652800000,2026-02-09T16:00:00.000Z,69530,71045.5,69058.9,70919.6,10508.7347,737938169.71655
1770667200000,2026-02-09T20:00:00.000Z,70919.6,71104.2,69774.4,70107.5,5462.7216,384548288.18742
1770681600000,2026-02-10T00:00:00.000Z,70107.5,70494,69161.7,69481.2,5996.0967,418906523.51418
1770696000000,2026-02-10T04:00:00.000Z,69481.2,69871.8,68650,68888.4,5835.2328,403833285.1279
1770710400000,2026-02-10T08:00:00.000Z,68888.4,69382.9,68416.7,68488.9,5828.3899,401686343.87101
1770724800000,2026-02-10T12:00:00.000Z,68488.9,69566.5,67875.2,69244.8,15691.1466,1078828462.35552
1770739200000,2026-02-10T16:00:00.000Z,69244.8,69979.6,68550.7,69032,7078.976,490543453.13667
1770753600000,2026-02-10T20:00:00.000Z,69032,69112.1,68316.1,68806.4,2988.2529,205215537.73912
1770768000000,2026-02-11T00:00:00.000Z,68806.4,69261.7,67966.7,68149,4679.6078,321359007.54621
1770782400000,2026-02-11T04:00:00.000Z,68149,68294.3,66524.6,67005.7,12439.1719,836870260.64631
1770796800000,2026-02-11T08:00:00.000Z,67005.7,67100,66350,67037.4,5918.6413,395255278.52674
1770811200000,2026-02-11T12:00:00.000Z,67037.4,68800,65708.6,66485.4,23534.5098,1578137372.66272
1770825600000,2026-02-11T16:00:00.000Z,66485.4,67829.6,65831.5,67548.1,9631.2869,643485890.16301
1770840000000,2026-02-11T20:00:00.000Z,67548.1,68313.2,66746.1,67043.6,6519.9034,440482563.15082
1770854400000,2026-02-12T00:00:00.000Z,67043.6,68010,67012.9,67546.1,5241.9643,354013013.57277
1770868800000,2026-02-12T04:00:00.000Z,67546.1,67653.2,66630,67179.2,5284.8601,354657012.83634
1770883200000,2026-02-12T08:00:00.000Z,67179.2,68277,66855,68050,7330.579,495749751.64876
1770897600000,2026-02-12T12:00:00.000Z,68050,68398.6,66961.8,67105.1,12225.9564,827537223.15472
1770912000000,2026-02-12T16:00:00.000Z,67105.1,67203.3,65088,65766.7,15684.7575,1034739602.39638
1770926400000,2026-02-12T20:00:00.000Z,65766.7,66482.1,65200,66246.4,4843.0579,318983953.73069
1770940800000,2026-02-13T00:00:00.000Z,66246.4,66776.5,65838.1,66524.7,4743.3362,314815101.46504
1770955200000,2026-02-13T04:00:00.000Z,66524.7,66644,65973.5,66182.1,4101.4257,271901695.36561
1770969600000,2026-02-13T08:00:00.000Z,66182.1,67200,66159.5,67130.3,5449.0875,363961706.27595
1770984000000,2026-02-13T12:00:00.000Z,67130.3,69273,66826.1,68648.8,19326.3251,1312731590.80875
1770998400000,2026-02-13T16:00:00.000Z,68648.8,69450,68500,68899.5,8005.3716,552618335.40963
1771012800000,2026-02-13T20:00:00.000Z,68899.5,69061.1,68650,68822.8,3130.775,215517774.9687
1771027200000,2026-02-14T00:00:00.000Z,68822.8,69126.5,68718.9,68950.2,2078.4426,143277306.8887
1771041600000,2026-02-14T04:00:00.000Z,68950.2,69320,68695.8,69186.6,2502.8434,172588674.47427
1771056000000,2026-02-14T08:00:00.000Z,69186.6,70564.2,69180.2,70466.4,8915.28,622923476.14814
1771070400000,2026-02-14T12:00:00.000Z,70466.4,70500,69190,69755,10940.3984,762380782.94172
1771084800000,2026-02-14T16:00:00.000Z,69755,69900,69261.5,69846,3813.4629,265522000.24882
1771099200000,2026-02-14T20:00:00.000Z,69846,70229.4,69628.5,69795.4,3685.4422,257672839.49343
1771113600000,2026-02-15T00:00:00.000Z,69795.4,69965.6,69216.8,69920.3,4312.5723,300049295.0449
1771128000000,2026-02-15T04:00:00.000Z,69920.3,70894,69919.1,70776.9,7517.6987,529147402.78068
1771142400000,2026-02-15T08:00:00.000Z,70776.9,70937.8,70135.4,70264.8,4573.0554,322174584.08586
1771156800000,2026-02-15T12:00:00.000Z,70264.8,70396.8,68738,69070.5,11799.4017,818954896.93765
1771171200000,2026-02-15T16:00:00.000Z,69070.5,69070.6,68055.8,68263.1,9322.4613,638728162.98776
1771185600000,2026-02-15T20:00:00.000Z,68263.1,69064.1,68101.8,68799.9,4190.5468,287586214.85453
1771200000000,2026-02-16T00:00:00.000Z,68799.9,69035.3,68121.3,68397.8,3326.505,228047541.1969
1771214400000,2026-02-16T04:00:00.000Z,68397.8,68871,68198,68552.2,3869.3956,265137419.04888
1771228800000,2026-02-16T08:00:00.000Z,68552.2,69024,68300,68770.2,4384.873,301363515.39248
1771243200000,2026-02-16T12:00:00.000Z,68770.2,70090,67250.1,67507.2,17895.7447,1226694675.61076
1771257600000,2026-02-16T16:00:00.000Z,67507.2,68218.6,67480,67882.1,4987.7738,338364711.73714
1771272000000,2026-02-16T20:00:00.000Z,67882.1,68952,67789.4,68855.7,5748.3092,393844250.50625
1771286400000,2026-02-17T00:00:00.000Z,68855.7,69250.3,68332.3,68443.5,4737.3042,326029641.88216
1771300800000,2026-02-17T04:00:00.000Z,68443.5,68681.6,67860.1,68351.4,3780.0745,257971005.71103
1771315200000,2026-02-17T08:00:00.000Z,68351.4,68445.8,67656.6,67825.3,3739.7853,254136880.22658
1771329600000,2026-02-17T12:00:00.000Z,67825.3,68331.1,66577,67363.9,13997.2366,943752875.1051
1771344000000,2026-02-17T16:00:00.000Z,67363.9,68220.1,66850,67761.4,10111.8671,683824168.76107
1771358400000,2026-02-17T20:00:00.000Z,67761.4,67924.5,67351.3,67474.5,3974.5035,268669870.80703
1771372800000,2026-02-18T00:00:00.000Z,67474.5,67676.2,66853.2,67587.1,4325.0543,290921240.52627
1771387200000,2026-02-18T04:00:00.000Z,67587.1,68186,67460.3,68077,3508.6981,237878641.99575
1771401600000,2026-02-18T08:00:00.000Z,68077,68430,67030.4,67340.4,7153.044,484952642.14321
1771416000000,2026-02-18T12:00:00.000Z,67340.4,68322,66684.8,67667.4,12786.061,862627471.6011
1771430400000,2026-02-18T16:00:00.000Z,67667.4,67679.3,65830,66145.9,13277.2261,885626203.6595
1771444800000,2026-02-18T20:00:00.000Z,66145.9,66520.8,66033.4,66432.8,5923.4688,392726875.93387
1771459200000,2026-02-19T00:00:00.000Z,66432.8,66973.8,66319.7,66951.8,4601.5825,306860817.96193
1771473600000,2026-02-19T04:00:00.000Z,66951.8,67293,66653.2,67174.4,5548.8856,371855017.50374
1771488000000,2026-02-19T08:00:00.000Z,67174.4,67174.4,66435,66458.8,5983.2913,399948076.15877
1771502400000,2026-02-19T12:00:00.000Z,66458.8,66736.5,65593,66371.2,14023.8765,928502001.43234
1771516800000,2026-02-19T16:00:00.000Z,66371.2,67173.9,65858.1,67016.3,9890.5051,658907829.93665
1771531200000,2026-02-19T20:00:00.000Z,67016.3,67145.7,66611.2,66962.8,3124.1386,208988696.76241
1771545600000,2026-02-20T00:00:00.000Z,66962.8,67458.7,66906.7,67319.9,4660.9503,313471686.36785
1771560000000,2026-02-20T04:00:00.000Z,67319.9,67979,67070.6,67789.9,6867.6053,464387191.20639
1771574400000,2026-02-20T08:00:00.000Z,67789.9,68266.8,67237.4,67295.7,8925.3714,605765594.08231
1771588800000,2026-02-20T12:00:00.000Z,67295.7,68078.9,66428,67547.3,20956.6555,1406743671.50624
1771603200000,2026-02-20T16:00:00.000Z,67547.3,67977.7,66916.4,67611.5,12217.7314,824774140.77322
1771617600000,2026-02-20T20:00:00.000Z,67611.5,68216.6,67483,67977.8,3491.0309,236916395.40018
1771632000000,2026-02-21T00:00:00.000Z,67977.8,68065.8,67500.1,67635.7,2463.7963,167020458.869
1771646400000,2026-02-21T04:00:00.000Z,67635.7,67891.5,67556.4,67817.9,1901.158,128776969.07297
1771660800000,2026-02-21T08:00:00.000Z,67817.9,68277,67777,68055.7,4360.2883,296991211.66955
1771675200000,2026-02-21T12:00:00.000Z,68055.7,68665,67870.2,68564.6,6879.5784,470240022.44868
1771689600000,2026-02-21T16:00:00.000Z,68564.6,68629.8,68060,68507.6,3728.915,254835263.16502
1771704000000,2026-02-21T20:00:00.000Z,68507.6,68565.3,67803.2,67935.6,3189.7532,217357095.15443
1771718400000,2026-02-22T00:00:00.000Z,67935.6,68199.3,67752.3,68017.8,3480.765,236518302.6895
1771732800000,2026-02-22T04:00:00.000Z,68017.8,68179.9,67852,67977.6,1879.064,127781805.56484
1771747200000,2026-02-22T08:00:00.000Z,67977.6,68232.2,67881.6,68189.1,1890.4676,128683904.11216
1771761600000,2026-02-22T12:00:00.000Z,68189.1,68204.1,67281.5,67659.9,8428.1624,570215893.6412
1771776000000,2026-02-22T16:00:00.000Z,67659.9,67699.4,67160.2,67408.5,3118.262,210255108.91451
1771790400000,2026-02-22T20:00:00.000Z,67408.5,67730.6,67330.1,67615.3,2983.2254,201504633.73563
1771804800000,2026-02-23T00:00:00.000Z,67615.3,67661.1,64250.8,64917.1,19652.2996,1285655658.19866
1771819200000,2026-02-23T04:00:00.000Z,64917.1,65983.5,64653,65917.3,8665.272,566685711.44753
1771833600000,2026-02-23T08:00:00.000Z,65917.3,66575.3,65533,66172.8,7206.461,476209744.41062
1771848000000,2026-02-23T12:00:00.000Z,66172.8,66482.6,65465.9,65625.6,8904.4947,587530557.02884
1771862400000,2026-02-23T16:00:00.000Z,65625.6,65699.9,64041.5,64274.2,14167.3215,917234646.15812
1771876800000,2026-02-23T20:00:00.000Z,64274.2,64994.3,63853.6,64627.9,6461.7866,416444757.38856
1771891200000,2026-02-24T00:00:00.000Z,64627.9,64986.9,63288,63563.6,11803.5609,755231125.70697
1771905600000,2026-02-24T04:00:00.000Z,63563.6,63610.3,62665.2,63170.1,10322.4457,651593812.25892
1771920000000,2026-02-24T08:00:00.000Z,63170.1,63427.4,62908,63201.4,4472.0384,282580314.23161
1771934400000,2026-02-24T12:00:00.000Z,63201.4,63990,62465.1,63937.5,15464.9518,978103404.3635
1771948800000,2026-02-24T16:00:00.000Z,63937.5,64729.8,63648.2,64396.6,10261.4027,658581541.6152
1771963200000,2026-02-24T20:00:00.000Z,64396.6,64550.2,63776.1,64019.2,3932.8325,251994427.25632
1771977600000,2026-02-25T00:00:00.000Z,64019.2,66285.8,63867.5,65356,14457.522,948276938.15527
1771992000000,2026-02-25T04:00:00.000Z,65356,65624.9,64724.4,65008,6762.3575,440335814.98084
1772006400000,2026-02-25T08:00:00.000Z,65008,65663.8,64933.7,65395.9,5417.9799,354205872.36091
1772020800000,2026-02-25T12:00:00.000Z,65395.9,67540.3,65287.9,67359.5,17860.6814,1189227487.18546
1772035200000,2026-02-25T16:00:00.000Z,67359.5,69524,67359.5,69004,21681.8701,1485804720.90722
1772049600000,2026-02-25T20:00:00.000Z,69004,69982.9,67560,67954.6,13261.2484,911976005.71541
1772064000000,2026-02-26T00:00:00.000Z,67954.6,68675.2,67686.2,68185.5,6194.9191,422285534.45793
1772078400000,2026-02-26T04:00:00.000Z,68185.5,68823.4,67775.1,67795.6,5626.0697,384140417.77927
1772092800000,2026-02-26T08:00:00.000Z,67795.6,68686,67750,68013.2,6047.0594,412561774.5524
1772107200000,2026-02-26T12:00:00.000Z,68013.2,68266.6,66738.8,67358.2,13847.5054,935218053.73305
1772121600000,2026-02-26T16:00:00.000Z,67358.2,67873,66468.2,67553.8,12635.6309,847990405.6987
1772136000000,2026-02-26T20:00:00.000Z,67553.8,67799.9,67109.4,67447.1,4122.6339,278070531.80641
1772150400000,2026-02-27T00:00:00.000Z,67447.1,67681.8,66850,67568,5385.2608,362032921.3103
1772164800000,2026-02-27T04:00:00.000Z,67568,68194.2,67420.5,67649.3,6752.638,457394281.28136
1772179200000,2026-02-27T08:00:00.000Z,67649.3,68129.2,65926.3,66097.5,16170.1757,1081145390.24875
1772193600000,2026-02-27T12:00:00.000Z,66097.5,66326.4,65625.3,66070,12996.805,857539729.7158
1772208000000,2026-02-27T16:00:00.000Z,66070,66097.2,65050.7,65360.2,11990.4457,785166128.51431
1772222400000,2026-02-27T20:00:00.000Z,65360.2,65920,64875.5,65831.3,5246.955,343527527.97828
1772236800000,2026-02-28T00:00:00.000Z,65831.3,65987.7,65675,65762,2750.4055,181104281.67293
1772251200000,2026-02-28T04:00:00.000Z,65762,65791.5,62966.8,63788.1,22842.3509,1466040542.06672
1772265600000,2026-02-28T08:00:00.000Z,63788.1,64268.1,63325.3,63808,9053.7997,577181738.23444
1772280000000,2026-02-28T12:00:00.000Z,63808,65326.8,63785.7,64800.5,13477.0434,870528322.72856
1772294400000,2026-02-28T16:00:00.000Z,64800.5,66644.9,64633.7,66322.7,9732.1491,638774366.34738
1772308800000,2026-02-28T20:00:00.000Z,66322.7,67724,66145.5,66932,9636.2048,644483086.82526
1772323200000,2026-03-01T00:00:00.000Z,66932,68171.2,66010,67470.5,11308.2347,760765853.22861
1772337600000,2026-03-01T04:00:00.000Z,67470.5,67574.9,66742.5,67114,6084.7562,408458674.56134
1772352000000,2026-03-01T08:00:00.000Z,67114,67261.5,66179.1,66437,7781.385,518588003.69602
1772366400000,2026-03-01T12:00:00.000Z,66437,67353,66083.9,66816.9,9416.6747,629245340.40895
1772380800000,2026-03-01T16:00:00.000Z,66816.9,67083.3,65675.6,65931.1,10745.3892,711569885.94553
1772395200000,2026-03-01T20:00:00.000Z,65931.1,66500,65010.1,65750.1,10007.8011,656422118.42302
1772409600000,2026-03-02T00:00:00.000Z,65750.1,67049.5,65725.7,66782.3,8621.2886,572984336.11534
1772424000000,2026-03-02T04:00:00.000Z,66782.3,66962.6,65515.9,65988.5,6850.0742,454168774.24411
1772438400000,2026-03-02T08:00:00.000Z,65988.5,66695.1,65623.5,66323.8,7568.1517,500725471.5557
1772452800000,2026-03-02T12:00:00.000Z,66323.8,69563.7,65222,69083.8,23536.4007,1587835425.7623
1772467200000,2026-03-02T16:00:00.000Z,69083.8,70071,68533.3,68930.7,15062.5158,1043131719.59626
1772481600000,2026-03-02T20:00:00.000Z,68930.7,69500,68543,68788.6,5693.3387,393477838.79257
1772496000000,2026-03-03T00:00:00.000Z,68788.6,69230.9,68173.8,68344,5073.1246,348140126.382
1772510400000,2026-03-03T04:00:00.000Z,68344,68537,67760.2,68139.7,6812.5686,463969072.34168
1772524800000,2026-03-03T08:00:00.000Z,68139.7,68284,66287.9,67003.6,13054.4382,874747427.38847
1772539200000,2026-03-03T12:00:00.000Z,67003.6,67943.8,66106.4,67689.4,17195.1409,1153387522.99335
1772553600000,2026-03-03T16:00:00.000Z,67689.4,68969,67443.3,68394.6,15895.5007,1085091757.7393
1772568000000,2026-03-03T20:00:00.000Z,68394.6,68828.1,67781.6,68291.5,6566.7224,448407055.16597
1772582400000,2026-03-04T00:00:00.000Z,68291.5,68867.5,67360,67700.6,7944.4829,540638707.05833
1772596800000,2026-03-04T04:00:00.000Z,67700.6,69600,67420,69457.4,9219.0078,630817224.21968
1772611200000,2026-03-04T08:00:00.000Z,69457.4,71867.5,69102.8,71066.1,23230.827,1645826013.643
1772625600000,2026-03-04T12:00:00.000Z,71066.1,73438.1,70541.9,73348.3,25140.305,1808389166.97738
1772640000000,2026-03-04T16:00:00.000Z,73348.3,74031.8,72483,73574,13018.1677,954384318.01789
1772654400000,2026-03-04T20:00:00.000Z,73574,73666.8,72272.6,72627.7,6441.5251,469746912.30149
1772668800000,2026-03-05T00:00:00.000Z,72627.7,73244.2,72290,72458.7,5800.6161,421466992.78213
1772683200000,2026-03-05T04:00:00.000Z,72458.7,73053.2,71730.4,72027.1,8564.4831,619899095.68787
1772697600000,2026-03-05T08:00:00.000Z,72027.1,73540.4,71718.4,72885.9,10424.2012,758131022.13025
1772712000000,2026-03-05T12:00:00.000Z,72885.9,73030,71133.1,71624.8,14731.2487,1062332191.96489
1772726400000,2026-03-05T16:00:00.000Z,71624.8,71628.1,70618.7,70889.5,10267.5814,729425805.63174
1772740800000,2026-03-05T20:00:00.000Z,70889.5,71533.2,70738,70853.3,4881.6267,347286909.31045
1772755200000,2026-03-06T00:00:00.000Z,70853.3,71394.7,70342,71050,5243.6348,372081542.01075
1772769600000,2026-03-06T04:00:00.000Z,71050,71155,70113.8,71031.3,9253.3211,652895941.28183
1772784000000,2026-03-06T08:00:00.000Z,71031.3,71042.5,70164.3,70186.9,5814.1328,410393121.1348
1772798400000,2026-03-06T12:00:00.000Z,70186.9,70320,68140.1,68470.6,23476.5642,1624173631.0057
1772812800000,2026-03-06T16:00:00.000Z,68470.6,68772.4,67715.9,68100,10371.9294,707594331.66539
1772827200000,2026-03-06T20:00:00.000Z,68100,68407.4,67738.3,68088.1,5093.3883,346846176.96353
1772841600000,2026-03-07T00:00:00.000Z,68088.1,68526,68020,68074.4,3448.3291,235298714.54862
1772856000000,2026-03-07T04:00:00.000Z,68074.4,68124,67413.3,67811.6,6614.7204,448436596.75176
1772870400000,2026-03-07T08:00:00.000Z,67811.6,68210,67682.9,67982,4139.1093,281260550.26742
1772884800000,2026-03-07T12:00:00.000Z,67982,68072.7,67580.8,67849.9,5191.9022,352427900.66862
1772899200000,2026-03-07T16:00:00.000Z,67849.9,67917.5,66881.7,67046.9,6852.3641,461871515.5526
1772913600000,2026-03-07T20:00:00.000Z,67046.9,67453,67036.2,67236.3,3794.7272,255366433.5019
1772928000000,2026-03-08T00:00:00.000Z,67236.3,67460,66790.5,66977.4,5595.7359,375508393.19795
1772942400000,2026-03-08T04:00:00.000Z,66977.4,67434.5,66510,67283.3,6281.3009,420965806.50748
1772956800000,2026-03-08T08:00:00.000Z,67283.3,68170,67122,67490.2,8617.2472,583253585.72099
1772971200000,2026-03-08T12:00:00.000Z,67490.2,67629.5,66782.9,67187.1,9610.5925,645472392.46243
1772985600000,2026-03-08T16:00:00.000Z,67187.1,67461.2,66720.7,67311.7,5154.3696,345478068.60531
1773000000000,2026-03-08T20:00:00.000Z,67311.7,67491.4,65556,65939.9,14284.1751,946461543.97359
1773014400000,2026-03-09T00:00:00.000Z,65939.9,67636.1,65780.6,67164.3,11372.6879,758399408.48976
1773028800000,2026-03-09T04:00:00.000Z,67164.3,68028.2,66808.1,67509.8,10373.0101,699483231.33467
1773043200000,2026-03-09T08:00:00.000Z,67509.8,68423.7,67300,67729.7,10109.0026,685309634.65977
1773057600000,2026-03-09T12:00:00.000Z,67729.7,69443.8,67720,68829.3,16382.0471,1126756532.38953
1773072000000,2026-03-09T16:00:00.000Z,68829.3,69499,68200,68943.8,9811.7655,674695391.08411
1773086400000,2026-03-09T20:00:00.000Z,68943.8,69114.9,68338.5,68390.1,3873.3978,266361413.08563
1773100800000,2026-03-10T00:00:00.000Z,68390.1,70550,68347.8,69385.5,13418.3853,934011384.46266
1773115200000,2026-03-10T04:00:00.000Z,69385.5,70495.6,69385.5,70366.2,7974.9473,558494986.92461
1773129600000,2026-03-10T08:00:00.000Z,70366.2,71256.3,70321.8,70551,12462.5128,882568733.67467
1773144000000,2026-03-10T12:00:00.000Z,70551,71748.6,69222.1,71302.2,23946.3591,1689216760.50989
1773158400000,2026-03-10T16:00:00.000Z,71302.2,71662.5,69670.1,70002.4,12139.3092,858211439.66602
1773172800000,2026-03-10T20:00:00.000Z,70002.4,70380,69408.5,69911.6,5929.0296,413916082.93754
1773187200000,2026-03-11T00:00:00.000Z,69911.6,70145.6,69443.5,69521.8,5347.1288,373407008.27175
1773201600000,2026-03-11T04:00:00.000Z,69521.8,70236.3,69369.6,69622.1,7490.1281,522533041.72975
1773216000000,2026-03-11T08:00:00.000Z,69622.1,69752,69076.5,69146.1,7211.3497,500965400.86411
1773230400000,2026-03-11T12:00:00.000Z,69146.1,71069.1,68935.1,70196,25989.5733,1821537371.41178
1773244800000,2026-03-11T16:00:00.000Z,70196,71315,70117.5,70603,12219.6668,864222104.48955
1773259200000,2026-03-11T20:00:00.000Z,70603,70914.8,70076,70149.7,5208.4737,366962476.09016
1773273600000,2026-03-12T00:00:00.000Z,70149.7,70318.6,69178.7,69414.8,7450.8704,519007188.81883
1773288000000,2026-03-12T04:00:00.000Z,69414.8,69815.2,69180,69788.1,5115.291,355494762.38595
1773302400000,2026-03-12T08:00:00.000Z,69788.1,70766.3,69524.2,70383.3,11131.168,780900162.91165
1773316800000,2026-03-12T12:00:00.000Z,70383.3,70622.1,69305,70288,19763.7383,1383673330.01639
1773331200000,2026-03-12T16:00:00.000Z,70288,70529,69726.1,70390.3,10182.2207,714614809.65733
1773345600000,2026-03-12T20:00:00.000Z,70390.3,70706.2,69976.6,70481.7,5125.386,360459622.8696
1773360000000,2026-03-13T00:00:00.000Z,70481.7,71966.5,70348.1,71370.1,14331.6373,1023068970.60071
1773374400000,2026-03-13T04:00:00.000Z,71370.1,71637.5,71138.5,71584.8,6697.5235,478045393.68472
1773388800000,2026-03-13T08:00:00.000Z,71584.8,72544.1,71349,72180.3,11946.4473,860854579.95739
1773403200000,2026-03-13T12:00:00.000Z,72180.3,73850.5,71701,71791.9,29353.6729,2138663601.42312
1773417600000,2026-03-13T16:00:00.000Z,71791.9,72215.8,70807.4,71149.2,17074.4327,1219312390.92848
1773432000000,2026-03-13T20:00:00.000Z,71149.2,71451.9,70530,70900,6199.3741,439927012.84586
1773446400000,2026-03-14T00:00:00.000Z,70900,71167.3,70456.6,71048.9,5251.2047,371783297.09863
1773460800000,2026-03-14T04:00:00.000Z,71048.9,71288,70278,70571.2,6590.1859,466398638.73596
1773475200000,2026-03-14T08:00:00.000Z,70571.2,70777,70347.9,70707,3318.1007,234166012.51573
1773489600000,2026-03-14T12:00:00.000Z,70707,70927.3,70456.1,70552.7,3805.6984,269068213.96057
1773504000000,2026-03-14T16:00:00.000Z,70552.7,70705.9,70465,70667.5,1361.7874,96144860.67526
1773518400000,2026-03-14T20:00:00.000Z,70667.5,71218,70613.6,71176.1,2810.6221,199293118.76195
1773532800000,2026-03-15T00:00:00.000Z,71176.1,71598.6,70816.8,71322.9,5250.8888,374025401.21312
1773547200000,2026-03-15T04:00:00.000Z,71322.9,71777,71283.9,71426.5,4601.4032,329094300.35935
1773561600000,2026-03-15T08:00:00.000Z,71426.5,71907.9,71420.1,71800,4751.3334,340800289.62327
1773576000000,2026-03-15T12:00:00.000Z,71800,71800.1,71227.8,71442.3,5264.6603,376265183.85522
1773590400000,2026-03-15T16:00:00.000Z,71442.3,71959.9,71277,71514,4226.1012,302421604.80483
1773604800000,2026-03-15T20:00:00.000Z,71514,73199.9,71390.4,72769.5,13412.3949,970855316.0437
1773619200000,2026-03-16T00:00:00.000Z,72769.5,74299.2,72230,73526.9,12251.1325,896492481.18336
1773633600000,2026-03-16T04:00:00.000Z,73526.9,74428.2,73336.6,73417.7,11057.2456,816006692.58584
1773648000000,2026-03-16T08:00:00.000Z,73417.7,73811,72846,73508.9,8968.5769,657944731.49885
1773662400000,2026-03-16T12:00:00.000Z,73508.9,74484,72948.7,73235.2,17758.0858,1309392396.94832
1773676800000,2026-03-16T16:00:00.000Z,73235.2,74390.2,73110,73929.7,9377.7354,692946923.40687
1773691200000,2026-03-16T20:00:00.000Z,73929.7,74877.7,73821.3,74837.8,9200.246,685579486.87639
1773705600000,2026-03-17T00:00:00.000Z,74837.8,75974.9,74230,74430.3,16089.3297,1209420262.74632
1773720000000,2026-03-17T04:00:00.000Z,74430.3,74652.1,73737.3,74223.9,9860.3382,731419628.50318
1773734400000,2026-03-17T08:00:00.000Z,74223.9,74432.8,73514.7,73987.9,8292.4422,613228747.40351
1773748800000,2026-03-17T12:00:00.000Z,73987.9,74850,73322.9,73873.9,13762.3946,1018080658.68902
1773763200000,2026-03-17T16:00:00.000Z,73873.9,74766.7,73820.2,74471.5,7166.6566,532964787.85346
1773777600000,2026-03-17T20:00:00.000Z,74471.5,74766.6,73829.3,73868.1,4730.0775,351382638.0155
1773792000000,2026-03-18T00:00:00.000Z,73868.1,74638,73481.4,74412.1,5664.1132,419565463.79522
1773806400000,2026-03-18T04:00:00.000Z,74412.1,74455.7,73650.7,73849.3,5033.2861,372519391.22146
1773820800000,2026-03-18T08:00:00.000Z,73849.3,74241,72746.2,72909.7,9621.1839,706765482.53594
1773835200000,2026-03-18T12:00:00.000Z,72909.7,72946.3,70820,71444.9,23290.8603,1673371670.19465
1773849600000,2026-03-18T16:00:00.000Z,71444.9,71978.1,70888,71033.4,11781.1828,841091961.27291
1773864000000,2026-03-18T20:00:00.000Z,71033.4,71409.6,70461.1,71216.2,8082.1061,573953812.47136
1773878400000,2026-03-19T00:00:00.000Z,71216.2,71600,70869.7,71182.8,6214.9177,442328911.91107
1773892800000,2026-03-19T04:00:00.000Z,71182.8,71182.9,69446.9,70156.6,15453.8429,1086083686.87035
1773907200000,2026-03-19T08:00:00.000Z,70156.6,70530.1,69865,69918,8926.8827,626436663.64674
1773921600000,2026-03-19T12:00:00.000Z,69918,70143,68753.1,69377.8,20336.1894,1411545439.1628
1773936000000,2026-03-19T16:00:00.000Z,69377.8,70560,69085.5,70228.6,9751.791,680584297.59394
1773950400000,2026-03-19T20:00:00.000Z,70228.6,70661.7,69659.8,69889.2,5259.2093,369170241.6763
1773964800000,2026-03-20T00:00:00.000Z,69889.2,70779.1,69800,70695.6,5476.3259,385306248.6231
1773979200000,2026-03-20T04:00:00.000Z,70695.6,70930,70171.3,70811.2,5909.1784,417193437.83476
1773993600000,2026-03-20T08:00:00.000Z,70811.2,71330,70180,70444.6,9386.0749,663673483.15302
1774008000000,2026-03-20T12:00:00.000Z,70444.6,70648.6,69437.4,69833.1,14450.9149,1011223315.58912
1774022400000,2026-03-20T16:00:00.000Z,69833.1,70155.4,69352,70147.6,7239.9148,505209123.49448
1774036800000,2026-03-20T20:00:00.000Z,70147.6,70894.7,69716.9,70474.8,5681.2321,400061998.52055
1774051200000,2026-03-21T00:00:00.000Z,70474.8,70795.1,70408.6,70635.8,2778.5441,196156772.6586
1774065600000,2026-03-21T04:00:00.000Z,70635.8,70849.8,70585,70685.5,3267.7989,231097395.216
1774080000000,2026-03-21T08:00:00.000Z,70685.5,70727.4,70452,70618.8,2075.3145,146487677.90087
1774094400000,2026-03-21T12:00:00.000Z,70618.8,71070,70420.8,70591.2,4920.0415,348025787.86313
1774108800000,2026-03-21T16:00:00.000Z,70591.2,70622.1,70152.5,70360.2,3225.9713,226986881.6691
1774123200000,2026-03-21T20:00:00.000Z,70360.2,70480.9,68516.5,68885.1,7080.0834,492282225.36591
1774137600000,2026-03-22T00:00:00.000Z,68885.1,69553.6,68188,69304.7,10958.9618,755344064.59211
1774152000000,2026-03-22T04:00:00.000Z,69304.7,69498.7,68837.7,68883.8,3793.889,262397442.8864
1774166400000,2026-03-22T08:00:00.000Z,68883.8,68956.5,68045,68181.8,7609.9744,521719551.1763
1774180800000,2026-03-22T12:00:00.000Z,68181.8,68980.7,68160,68816,6953.6378,477523484.92694
1774195200000,2026-03-22T16:00:00.000Z,68816,68857,68100.2,68167.1,3985.0697,272811726.69298
1774209600000,2026-03-22T20:00:00.000Z,68167.1,68473.2,67310,67825.1,10029.3682,681051703.19811
1774224000000,2026-03-23T00:00:00.000Z,67825.1,68559.5,67411.7,68039.6,6348.1024,431578097.47258
1774238400000,2026-03-23T04:00:00.000Z,68039.6,68879.5,67466.8,68300,10353.9171,706176604.8121
1774252800000,2026-03-23T08:00:00.000Z,68300,71492.2,67876.9,70084,23631.8576,1653043228.06394
1774267200000,2026-03-23T12:00:00.000Z,70084,71766,69627.5,70098,19670.7862,1392867261.20715
1774281600000,2026-03-23T16:00:00.000Z,70098,71221.7,70094.2,70639.7,8749.3348,618252249.2351
1774296000000,2026-03-23T20:00:00.000Z,70639.7,70973,70366,70864,3804.8971,268981690.05536
1774310400000,2026-03-24T00:00:00.000Z,70864,71066,70253.1,70514.2,4726.2466,333550847.14833
1774324800000,2026-03-24T04:00:00.000Z,70514.2,71383.7,70085.9,71259.3,8165.773,576669965.84248
1774339200000,2026-03-24T08:00:00.000Z,71259.3,71341.8,70812.2,71117,6155.1567,437486271.90845
1774353600000,2026-03-24T12:00:00.000Z,71117,71145.3,69460.9,69842,19319.6247,1355123240.11714
1774368000000,2026-03-24T16:00:00.000Z,69842,69979,68870.8,69342.9,10584.1815,734191726.32573
1774382400000,2026-03-24T20:00:00.000Z,69342.9,70796.5,69262,70522.1,8513.1049,597725226.04701
1774396800000,2026-03-25T00:00:00.000Z,70522.1,71012.8,70366,70685,6545.8018,462645807.2883
1774411200000,2026-03-25T04:00:00.000Z,70685,71311,70663.3,70893.5,6457.1379,458772861.82983
1774425600000,2026-03-25T08:00:00.000Z,70893.5,72000,70755.5,71643.1,9573.8638,684334617.41516
1774440000000,2026-03-25T12:00:00.000Z,71643.1,71932,70535.8,70800,15197.2321,1083132220.21194
1774454400000,2026-03-25T16:00:00.000Z,70800,71741,70644.1,70861.6,8222.3983,584736653.20186
1774468800000,2026-03-25T20:00:00.000Z,70861.6,71585.6,70604.2,71302,5153.1446,366258241.69684
1774483200000,2026-03-26T00:00:00.000Z,71302,71421.1,70650,70879.3,5060.3897,359234699.80192
1774497600000,2026-03-26T04:00:00.000Z,70879.3,70882,69712,70057.6,9149.639,642083595.75819
1774512000000,2026-03-26T08:00:00.000Z,70057.6,70118,69157.2,69243,10801.2622,751833466.84667
1774526400000,2026-03-26T12:00:00.000Z,69243,69850.6,68577.6,69056.1,13902.0267,963143769.87439
1774540800000,2026-03-26T16:00:00.000Z,69056.1,69138.4,68117.1,68504.5,8301.7882,569632912.35691
1774555200000,2026-03-26T20:00:00.000Z,68504.5,69466,68395.6,68791.9,6515.8067,449295686.44911
1774569600000,2026-03-27T00:00:00.000Z,68791.9,69145,68488.5,68735.9,3935.8472,270867147.99693
1774584000000,2026-03-27T04:00:00.000Z,68735.9,68929.1,68250.2,68504,6039.6729,414206137.09274
1774598400000,2026-03-27T08:00:00.000Z,68504,68597,66164.6,66673.9,21209.9417,1427438602.8877
1774612800000,2026-03-27T12:00:00.000Z,66673.9,66750.7,65677.9,66090,17936.4968,1188151553.48434
1774627200000,2026-03-27T16:00:00.000Z,66090,66266.5,65506.1,66011.6,11492.1798,757010477.38781
1774641600000,2026-03-27T20:00:00.000Z,66011.6,66389.5,65774.4,66370.7,3782.6746,249873740.11875
1774656000000,2026-03-28T00:00:00.000Z,66370.7,66484.9,65890.9,66202.4,4046.3528,267773113.18103
1774670400000,2026-03-28T04:00:00.000Z,66202.4,66541,66071,66526.2,2996.6483,198790585.58683
1774684800000,2026-03-28T08:00:00.000Z,66526.2,66531.4,66081.5,66287,2655.0632,176032432.44204
1774699200000,2026-03-28T12:00:00.000Z,66287,67275.3,66197,66980.1,8640.7223,577379050.12417
1774713600000,2026-03-28T16:00:00.000Z,66980.1,67062.2,66650.1,66878.3,2755.6151,184253010.43584
1774728000000,2026-03-28T20:00:00.000Z,66878.3,66975,66237.1,66330,3469.5421,230974368.83632
1774742400000,2026-03-29T00:00:00.000Z,66330,67102.3,66244,66871.1,4203.2471,280188211.07435
1774756800000,2026-03-29T04:00:00.000Z,66871.1,66904,66508.2,66630.1,2963.0339,197609239.49131
1774771200000,2026-03-29T08:00:00.000Z,66630.1,66982,66370,66775.5,3456.6785,230395762.48878
1774785600000,2026-03-29T12:00:00.000Z,66775.5,66844.1,66289.1,66500,5130.9843,341581867.70485
1774800000000,2026-03-29T16:00:00.000Z,66500,66638.1,66115.5,66318.6,3276.1324,217441998.24029
1774814400000,2026-03-29T20:00:00.000Z,66318.6,66771.7,64936.8,65980,13766.9697,907068939.64841
1774828800000,2026-03-30T00:00:00.000Z,65980,67437,65756.2,67141,13334.7219,889905455.26553
1774843200000,2026-03-30T04:00:00.000Z,67141,67777,67131,67594.1,8355.1853,563586544.49305
1774857600000,2026-03-30T08:00:00.000Z,67594.1,67994.8,67315.5,67645.1,7776.5381,526017341.85968
1774872000000,2026-03-30T12:00:00.000Z,67645.1,68159.8,67049.9,67593.2,12747.5733,862356326.15609
1774886400000,2026-03-30T16:00:00.000Z,67593.2,67617.9,66194.5,66518.6,7579.7413,506370837.07439
1774900800000,2026-03-30T20:00:00.000Z,66518.6,66965.9,66370.6,66765,3690.6454,246092510.67311
1774915200000,2026-03-31T00:00:00.000Z,66765,68380,66508.9,67676.7,9790.266,662348227.75845
1774929600000,2026-03-31T04:00:00.000Z,67676.7,67850.1,67067.9,67348.9,7022.1965,473703066.4264
1774944000000,2026-03-31T08:00:00.000Z,67348.9,67486.3,65956.8,66660.3,12717.1445,846683198.90591
1774958400000,2026-03-31T12:00:00.000Z,66660.3,67742.5,66386.1,66697.1,14916.9009,999789073.96678
1774972800000,2026-03-31T16:00:00.000Z,66697.1,68558,66697.1,67798.1,12261.8505,830977217.51975
1774987200000,2026-03-31T20:00:00.000Z,67798.1,68380.7,67789.3,68237.4,4486.8841,305559834.46708
1775001600000,2026-04-01T00:00:00.000Z,68237.4,68319.6,67537.1,68129.2,5726.6401,389031807.1134
1775016000000,2026-04-01T04:00:00.000Z,68129.2,69288,67965,68650.4,11277.5264,774667998.0486
1775030400000,2026-04-01T08:00:00.000Z,68650.4,68820,68353.2,68672.6,6843.4426,469151429.57308
1775044800000,2026-04-01T12:00:00.000Z,68672.6,68930.2,67875.2,68875.4,12394.3563,847986053.9547
1775059200000,2026-04-01T16:00:00.000Z,68875.4,69133.4,67904,68143.2,7823.8967,535452547.60008
1775073600000,2026-04-01T20:00:00.000Z,68143.2,68500,67925.1,68086.4,3344.8156,228040980.71326
1775088000000,2026-04-02T00:00:00.000Z,68086.4,68621.8,66459.3,66550.1,14578.5316,982340533.83253
1775102400000,2026-04-02T04:00:00.000Z,66550.1,66913.2,66181.8,66890.9,6909.5443,459562619.11153
1775116800000,2026-04-02T08:00:00.000Z,66890.9,66890.9,66114,66183.2,6696.7764,444737731.48572
1775131200000,2026-04-02T12:00:00.000Z,66183.2,67075.7,65657.7,66812.1,15470.2629,1026773175.61612
1775145600000,2026-04-02T16:00:00.000Z,66812.1,67393.5,66553.7,66944.4,8353.9043,559437068.39698
1775160000000,2026-04-02T20:00:00.000Z,66944.4,67068.9,66680,66865.6,2604.3791,174215209.0707
1775174400000,2026-04-03T00:00:00.000Z,66865.6,66970,66241,66551.5,5489.3318,365504328.85487
1775188800000,2026-04-03T04:00:00.000Z,66551.5,67241,66381.1,67014.8,4668.35,311846434.85425
1775203200000,2026-04-03T08:00:00.000Z,67014.8,67281.9,66643.8,66981.9,4755.6177,318310944.32731
1775217600000,2026-04-03T12:00:00.000Z,66981.9,67345.6,66466.9,66802.9,6831.3587,456532308.20526
1775232000000,2026-04-03T16:00:00.000Z,66802.9,67036,66719.1,66850,2189.8469,146439193.46986
1775246400000,2026-04-03T20:00:00.000Z,66850,66939.5,66784.3,66925.5,1417.2276,94752046.08006
1775260800000,2026-04-04T00:00:00.000Z,66925.5,66925.6,66771.1,66797.1,829.0563,55408457.31146
1775275200000,2026-04-04T04:00:00.000Z,66797.1,67016,66738.5,66976.2,1565.2327,104718766.35817
1775289600000,2026-04-04T08:00:00.000Z,66976.2,67189.7,66869,67114.9,2669.1385,178886838.08372
1775304000000,2026-04-04T12:00:00.000Z,67114.9,67529.8,66972.3,67347.1,4593.7649,308810720.58481
1775318400000,2026-04-04T16:00:00.000Z,67347.1,67517.4,67222,67252,3206.7209,215964887.28178
1775332800000,2026-04-04T20:00:00.000Z,67252,67432.9,67141.2,67263,1718.5398,115622352.49422
1775347200000,2026-04-05T00:00:00.000Z,67263,67270,66917.8,67108,2278.4367,152857739.1034
1775361600000,2026-04-05T04:00:00.000Z,67108,67163.7,66573.8,66787.5,4105.6759,274264032.47623
1775376000000,2026-04-05T08:00:00.000Z,66787.5,67116,66781.5,66968.9,2262.1187,151445921.36841
1775390400000,2026-04-05T12:00:00.000Z,66968.9,67837.1,66656,67273.1,9003.1857,604588441.7195
1775404800000,2026-04-05T16:00:00.000Z,67273.1,67535.6,67150,67332.3,3979.9303,267969847.05223
1775419200000,2026-04-05T20:00:00.000Z,67332.3,69097.7,67300,68988,12699.8541,866420951.80494
1775433600000,2026-04-06T00:00:00.000Z,68988,69573.2,68740,69086,10723.3592,741502262.99995
1775448000000,2026-04-06T04:00:00.000Z,69086,69320,68760.1,69078.7,5368.843,370561545.40913
1775462400000,2026-04-06T08:00:00.000Z,69078.7,70250,69038.6,69575.8,10226.558,712762225.97121
1775476800000,2026-04-06T12:00:00.000Z,69575.8,69933.4,69103.7,69919.8,9908.5462,688394861.79728
1775491200000,2026-04-06T16:00:00.000Z,69919.8,70321.4,69230,69694.3,8491.7167,592160838.35604
1775505600000,2026-04-06T20:00:00.000Z,69694.3,69929,68266.1,68813.9,7775.3145,536134818.76142
1775520000000,2026-04-07T00:00:00.000Z,68813.9,69097.6,68240.6,68744.3,5897.7231,405019042.78218
1775534400000,2026-04-07T04:00:00.000Z,68744.3,68954.2,68410,68584.8,3395.6129,233070176.90757
1775548800000,2026-04-07T08:00:00.000Z,68584.8,69231.2,68036.2,68313.4,9669.9507,663734656.81086
1775563200000,2026-04-07T12:00:00.000Z,68313.4,68629.4,67700.3,68136,11833.4251,806369719.91797
1775577600000,2026-04-07T16:00:00.000Z,68136,69067.8,68050,68976,7935.5532,544008679.12576
1775592000000,2026-04-07T20:00:00.000Z,68976,72757.8,68976,71900,25981.3366,1840497867.81942
1775606400000,2026-04-08T00:00:00.000Z,71900,72088,71211.2,71269.5,6519.748,466756277.22529
1775620800000,2026-04-08T04:00:00.000Z,71269.5,71930.4,71264,71612.6,4947.3337,354520597.97387
1775635200000,2026-04-08T08:00:00.000Z,71612.6,71952.7,71353.8,71652,4634.1052,331943883.47418
1775649600000,2026-04-08T12:00:00.000Z,71652,72850,70666.7,71270.2,20998.4987,1505950830.84801
1775664000000,2026-04-08T16:00:00.000Z,71270.2,71941.8,70978,71284.2,8023.169,573272995.94524
1775678400000,2026-04-08T20:00:00.000Z,71284.2,71720,70862,71042.8,3907.8498,278446629.63176
1775692800000,2026-04-09T00:00:00.000Z,71042.8,71176.2,70428.2,70957.8,5975.2853,423048470.41306
1775707200000,2026-04-09T04:00:00.000Z,70957.8,71087.8,70664.2,70943.8,3362.6912,238477615.46236
1775721600000,2026-04-09T08:00:00.000Z,70943.8,71551,70817.8,71114.5,5853.814,416996419.84653
1775736000000,2026-04-09T12:00:00.000Z,71114.5,72329.9,70477.4,72099.9,15952.286,1138457851.87832
1775750400000,2026-04-09T16:00:00.000Z,72099.9,72522.4,71661.3,72052.1,12418.1587,895295087.66225
1775764800000,2026-04-09T20:00:00.000Z,72052.1,73121,71533.3,71745.1,10003.928,722949892.46499
1775779200000,2026-04-10T00:00:00.000Z,71745.1,72349.9,71540.8,71829.3,4837.5349,348096721.08258
1775793600000,2026-04-10T04:00:00.000Z,71829.3,72242.2,71391.9,71454,4736.0531,340313878.75418
1775808000000,2026-04-10T08:00:00.000Z,71454,72229,71400,72082.2,5774.372,414779177.55445
1775822400000,2026-04-10T12:00:00.000Z,72082.2,73255.3,71866,72406.9,17146.334,1243950964.31048
1775836800000,2026-04-10T16:00:00.000Z,72406.9,73222,72333.1,73179.5,6586.6859,479996448.13138
1775851200000,2026-04-10T20:00:00.000Z,73179.5,73415.9,72661.3,72913.8,5693.9064,416062792.0513
1775865600000,2026-04-11T00:00:00.000Z,72913.8,73054.9,72630,72827.5,2902.7496,211507540.38709
1775880000000,2026-04-11T04:00:00.000Z,72827.5,72916.8,72568,72713.7,2388.3571,173674780.91632
1775894400000,2026-04-11T08:00:00.000Z,72713.7,72885,72591.1,72871.9,2252.7925,163926264.60468
1775908800000,2026-04-11T12:00:00.000Z,72871.9,72948,72477.7,72823,4173.2599,303379488.46777
1775923200000,2026-04-11T16:00:00.000Z,72823,73777.3,72778.3,73642.7,8713.354,639227347.82182
1775937600000,2026-04-11T20:00:00.000Z,73642.7,73654.5,72865.9,73012.9,4945.1227,362325827.78938
1775952000000,2026-04-12T00:00:00.000Z,73012.9,73098.2,71270,71561.1,12539.2272,902218912.81936
1775966400000,2026-04-12T04:00:00.000Z,71561.1,71750.6,71389.9,71637.2,3119.592,223314221.32666
1775980800000,2026-04-12T08:00:00.000Z,71637.2,71769.4,71321.6,71446.1,3650.0246,261128211.08049
1775995200000,2026-04-12T12:00:00.000Z,71446.1,71479.6,70575,70864.3,8913.8113,632689245.98804
1776009600000,2026-04-12T16:00:00.000Z,70864.3,71196,70789.3,71060.9,2826.5475,200731645.53748
1776024000000,2026-04-12T20:00:00.000Z,71060.9,71433.4,70455.8,70714.3,8318.6239,590191341.81274
1776038400000,2026-04-13T00:00:00.000Z,70714.3,71261.1,70588,70958,3826.9653,271845498.61882
1776052800000,2026-04-13T04:00:00.000Z,70958,71120.8,70650,70795,3682.0896,260944924.6433
1776067200000,2026-04-13T08:00:00.000Z,70795,70966.4,70542.3,70895.7,3496.4014,247388342.21451
1776081600000,2026-04-13T12:00:00.000Z,70895.7,72417,70733,71822.2,19047.2031,1363519930.0963
1776096000000,2026-04-13T16:00:00.000Z,71822.2,73441.4,71629.9,73270.1,13400.1898,971654011.57559
1776110400000,2026-04-13T20:00:00.000Z,73270.1,74905.7,72965.2,74374.9,15655.7379,1159363529.64186
1776124800000,2026-04-14T00:00:00.000Z,74374.9,74542.4,73898,74400.2,5402.1768,401234174.81849
1776139200000,2026-04-14T04:00:00.000Z,74400.2,74920.6,74110.3,74500,5359.6131,399238281.2765
1776153600000,2026-04-14T08:00:00.000Z,74500,74860,74257,74328.5,5176.5534,385794842.8208
1776168000000,2026-04-14T12:00:00.000Z,74328.5,75985.5,74225.5,75257.2,20297.4242,1524788899.88029
1776182400000,2026-04-14T16:00:00.000Z,75257.2,75636.4,73763.8,74169.9,11560.353,861975903.33801
1776196800000,2026-04-14T20:00:00.000Z,74169.9,74379,73747.9,74103.7,4639.8103,343776968.77774
1776211200000,2026-04-15T00:00:00.000Z,74103.7,74750,74081,74304,6754.1552,502635689.41728
1776225600000,2026-04-15T04:00:00.000Z,74304,74418.4,73467,73706.1,7146.772,527997099.42605
1776240000000,2026-04-15T08:00:00.000Z,73706.1,74228,73650,74166.4,6189.2412,457985880.91038
1776254400000,2026-04-15T12:00:00.000Z,74166.4,74473.4,73522,73803.1,12356.7447,915033916.00876
1776268800000,2026-04-15T16:00:00.000Z,73803.1,75241.5,73719,74962,8184.9039,609004038.23233
1776283200000,2026-04-15T20:00:00.000Z,74962,75400,74466.2,74772.1,6958.7472,520722097.61934
1776297600000,2026-04-16T00:00:00.000Z,74772.1,75221.4,74384,74842.9,5454.0551,407904458.43253
1776312000000,2026-04-16T04:00:00.000Z,74842.9,75129.8,74591.3,74666.1,4244.5885,317844755.74648
1776326400000,2026-04-16T08:00:00.000Z,74666.1,74856.4,74238.9,74526.8,7768.5907,578781578.95275
1776340800000,2026-04-16T12:00:00.000Z,74526.8,74976.6,73218,74659.4,19905.2204,1475689034.17444
1776355200000,2026-04-16T16:00:00.000Z,74659.4,75375.5,73873.6,75301.3,11080.4595,826687915.43922
1776369600000,2026-04-16T20:00:00.000Z,75301.3,75513,74737.8,75100,5287.7715,396924156.59967
1776384000000,2026-04-17T00:00:00.000Z,75100,75111.4,74478,74569.9,4163.6974,311128678.41167
1776398400000,2026-04-17T04:00:00.000Z,74569.9,75055.4,74505.4,75038.2,4344.7679,324820567.13869
1776412800000,2026-04-17T08:00:00.000Z,75038.2,76333,74947.2,75547.9,15144.5386,1144420553.51575
1776427200000,2026-04-17T12:00:00.000Z,75547.9,77980,75485.1,77706.7,30244.5264,2325226021.0418
1776441600000,2026-04-17T16:00:00.000Z,77706.7,78283,76931.9,77338.4,10844.6984,840885811.57813
1776456000000,2026-04-17T20:00:00.000Z,77338.4,77549.4,76849,77014.1,3535.4926,272946432.31537
1776470400000,2026-04-18T00:00:00.000Z,77014.1,77375.8,76910.7,76959.9,3425.9514,264290990.14739
1776484800000,2026-04-18T04:00:00.000Z,76959.9,77218,76822.9,76950.3,2969.252,228674727.87693
1776499200000,2026-04-18T08:00:00.000Z,76950.3,76999.1,75714.4,75998.1,11505.8998,878031739.39493
1776513600000,2026-04-18T12:00:00.000Z,75998.1,76340.3,75735.7,76118.8,4922.2333,374554402.97502
1776528000000,2026-04-18T16:00:00.000Z,76118.8,76175.7,75372.4,75605.4,6363.8485,481951367.9241
1776542400000,2026-04-18T20:00:00.000Z,75605.4,75850,75553.2,75656.6,2187.9264,165656879.5792
1776556800000,2026-04-19T00:00:00.000Z,75656.6,75809,75313.8,75475.7,3383.2293,255541543.43053
1776571200000,2026-04-19T04:00:00.000Z,75475.7,75742.6,74832.8,75205.3,6317.6955,475562869.82066
1776585600000,2026-04-19T08:00:00.000Z,75205.3,75597.2,74880,75560.1,5142.6219,386765061.81244
1776600000000,2026-04-19T12:00:00.000Z,75560.1,76215.7,75339.7,75811.7,9366.3564,709849126.83167
1776614400000,2026-04-19T16:00:00.000Z,75811.7,75816.9,74555,74922.2,8032.0677,602528017.66427
1776628800000,2026-04-19T20:00:00.000Z,74922.2,74926.8,73723.3,73768.3,8994.6062,667020716.96076
1776643200000,2026-04-20T00:00:00.000Z,73768.3,74729.5,73670,74598.6,5841.8406,433990824.32937
1776657600000,2026-04-20T04:00:00.000Z,74598.6,75532.8,74063,74791.6,7517.1134,562105018.75274
1776672000000,2026-04-20T08:00:00.000Z,74791.6,75364.5,74572.9,75146.2,6040.5232,452816431.69293
1776686400000,2026-04-20T12:00:00.000Z,75146.2,75753.4,74640.1,75666,13676.2036,1029031605.551
1776700800000,2026-04-20T16:00:00.000Z,75666,76425,75240,76238,8946.2324,679536184.85141
1776715200000,2026-04-20T20:00:00.000Z,76238,76532.4,75563.1,75786.9,4226.6036,321255264.35674
1776729600000,2026-04-21T00:00:00.000Z,75786.9,76211,75442.8,75673.7,4593.3254,348016856.72365
1776744000000,2026-04-21T04:00:00.000Z,75673.7,76270,75553.1,76050,4520.9788,343270454.38319
1776758400000,2026-04-21T08:00:00.000Z,76050,76877.1,76027.3,76404.2,9375.418,717006385.77266
1776772800000,2026-04-21T12:00:00.000Z,76404.2,76555,75349.1,75803,15110.3337,1147476915.15015
1776787200000,2026-04-21T16:00:00.000Z,75803,76166.4,74780,74996.9,12683.2864,957703135.39283
1776801600000,2026-04-21T20:00:00.000Z,74996.9,76388,74946.3,76290.9,6608.7286,500089597.27391
1776816000000,2026-04-22T00:00:00.000Z,76290.9,77694,76100.5,77476.2,10797.6997,831154858.53789
1776830400000,2026-04-22T04:00:00.000Z,77476.2,78423.1,77315,77965.4,11011.5308,858287020.17903
1776844800000,2026-04-22T08:00:00.000Z,77965.4,78358,77875.1,78244.2,5320.5479,415396530.34062
1776859200000,2026-04-22T12:00:00.000Z,78244.2,79350,78052,79221.6,15998.1567,1259284849.82465
1776873600000,2026-04-22T16:00:00.000Z,79221.6,79415.3,78576.7,78792.6,7106.6839,560772627.17484
1776888000000,2026-04-22T20:00:00.000Z,78792.6,78871.6,78103.6,78141.5,4047.451,317685949.71966
1776902400000,2026-04-23T00:00:00.000Z,78141.5,78557.6,77400.9,77712.1,8856.8781,690483679.81281
1776916800000,2026-04-23T04:00:00.000Z,77712.1,78306.1,77640,78013.6,5255.7086,409951156.73546
1776931200000,2026-04-23T08:00:00.000Z,78013.6,78141.9,77133,77660,9186.4575,712268836.18312
1776945600000,2026-04-23T12:00:00.000Z,77660,78632.8,77348,78328.3,11113.6104,866221726.94292
1776960000000,2026-04-23T16:00:00.000Z,78328.3,78467.1,76906.2,77671.7,13038.3321,1012654519.72677
1776974400000,2026-04-23T20:00:00.000Z,77671.7,78295.6,77594.2,78211.9,4035.14,314659673.79231
1776988800000,2026-04-24T00:00:00.000Z,78211.9,78545.9,77510.8,77697.1,6634.3515,517975987.43029
1777003200000,2026-04-24T04:00:00.000Z,77697.1,78025.7,77414.1,77627.6,4715.2437,366393497.36068
1777017600000,2026-04-24T08:00:00.000Z,77627.6,78345.8,77355.2,78194.5,7072.4662,550565225.50164
1777032000000,2026-04-24T12:00:00.000Z,78194.5,78437.9,77525.8,78008.8,10097.5326,787239931.99226
1777046400000,2026-04-24T16:00:00.000Z,78008.8,78031.9,77321.1,77598.2,5612.0853,435636538.19473
1777060800000,2026-04-24T20:00:00.000Z,77598.2,77733,77221.5,77412,3046.3698,235883708.58363
1777075200000,2026-04-25T00:00:00.000Z,77412,77675.3,77280.2,77624.9,2481.3718,192360830.87664
1777089600000,2026-04-25T04:00:00.000Z,77624.9,77665.4,77416,77457.6,1514.1101,117349692.88955
1777104000000,2026-04-25T08:00:00.000Z,77457.6,77847,77446.1,77649.7,3041.0626,236208447.57344
1777118400000,2026-04-25T12:00:00.000Z,77649.7,77719.2,77260,77287.5,2752.4963,213367040.06793
1777132800000,2026-04-25T16:00:00.000Z,77287.5,77418.6,77095,77285.5,2914.2114,225206978.83159
1777147200000,2026-04-25T20:00:00.000Z,77285.5,77610.9,77268.3,77576.7,1739.3014,134766510.213
1777161600000,2026-04-26T00:00:00.000Z,77576.7,77585.8,77284.1,77355,1557.3777,120606886.29003
1777176000000,2026-04-26T04:00:00.000Z,77355,78157.1,77335.6,78054.9,4860.8367,378659269.53831
1777190400000,2026-04-26T08:00:00.000Z,78054.9,78183.6,77879.1,78043.1,2729.8303,212949849.46437
1777204800000,2026-04-26T12:00:00.000Z,78043.1,78123,77722.6,78005.7,3196.6975,249125681.87168
1777219200000,2026-04-26T16:00:00.000Z,78005.7,78464.6,77804,78181.3,5073.7118,396624831.56238
1777233600000,2026-04-26T20:00:00.000Z,78181.3,78889,77800,78611.8,8704.5224,682259639.49502
1777248000000,2026-04-27T00:00:00.000Z,78611.8,79459,78350,79064,10230.7984,808846288.06731
1777262400000,2026-04-27T04:00:00.000Z,79064,79125.3,77424.9,77574.5,10895.4962,850276897.70102
1777276800000,2026-04-27T08:00:00.000Z,77574.5,77956.3,77516.8,77805.4,3557.1554,276626743.56751
1777291200000,2026-04-27T12:00:00.000Z,77805.4,78237.7,76513.8,76764.1,15353.6174,1187807160.48763
1777305600000,2026-04-27T16:00:00.000Z,76764.1,76903.4,76414.5,76844.5,5813.7718,445900335.24606
1777320000000,2026-04-27T20:00:00.000Z,76844.5,77400,76723.2,77324.5,3799.5149,292619163.62307
1777334400000,2026-04-28T00:00:00.000Z,77324.5,77436.3,76622.5,76771.3,5040.9679,388005370.17469
1777348800000,2026-04-28T04:00:00.000Z,76771.3,77121,76364,76835,5557.9809,426533281.7043
1777363200000,2026-04-28T08:00:00.000Z,76835,76961.6,76098.7,76204.9,5912.9516,452296047.78303
1777377600000,2026-04-28T12:00:00.000Z,76204.9,76396.2,75612.9,76030.9,10566.2817,803144426.75291
1777392000000,2026-04-28T16:00:00.000Z,76030.9,76350,75854,76292.3,3316.1402,252437527.7991
1777406400000,2026-04-28T20:00:00.000Z,76292.3,76448.4,76150,76300.1,2152.2609,164274738.83899
1777420800000,2026-04-29T00:00:00.000Z,76300.1,77080,76133.2,76949.9,5628.943,431183120.42364
1777435200000,2026-04-29T04:00:00.000Z,76949.9,77412,76832,76999.8,6284.5101,484759462.60644
1777449600000,2026-04-29T08:00:00.000Z,76999.8,77864.1,76913.7,77543.5,6269.9703,485895743.11006
1777464000000,2026-04-29T12:00:00.000Z,77543.5,77555.8,75675.8,75901.9,13164.3572,1008483769.86207
1777478400000,2026-04-29T16:00:00.000Z,75901.9,76230.1,74904,75531,10934.8269,825825849.60385
1777492800000,2026-04-29T20:00:00.000Z,75531,76068.3,75455,75753.7,4220.357,319655963.761
1777507200000,2026-04-30T00:00:00.000Z,75753.7,76441.1,75447,75885,6461.2022,490759417.75413
1777521600000,2026-04-30T04:00:00.000Z,75885,76143.8,75265.6,76123.8,4997.9162,378221206.93479
1777536000000,2026-04-30T08:00:00.000Z,76123.8,76310.5,75831.7,76025.6,3782.9295,287716263.38347
1777550400000,2026-04-30T12:00:00.000Z,76025.6,76631.3,76002.6,76421.4,7361.2117,561904156.56908
1777564800000,2026-04-30T16:00:00.000Z,76421.4,76466.6,76061,76361.6,2467.7592,188258305.47681
1777579200000,2026-04-30T20:00:00.000Z,76361.6,76525.8,76161.8,76305.7,1451.2216,110786177.31719
1777593600000,2026-05-01T00:00:00.000Z,76305.7,77400,76271.1,77076.7,5611.7692,431559568.92625
1777608000000,2026-05-01T04:00:00.000Z,77076.7,77154.3,76805.2,77092.9,3635.2052,280014404.81261
1777622400000,2026-05-01T08:00:00.000Z,77092.9,77550,77000.5,77409,4962.0577,383627020.62944
1777636800000,2026-05-01T12:00:00.000Z,77409,78880,77350.1,78388.8,18815.1665,1471980571.72883
1777651200000,2026-05-01T16:00:00.000Z,78388.8,78636.6,78073,78309.9,4337.765,339847587.88208
1777665600000,2026-05-01T20:00:00.000Z,78309.9,78375.3,77709.8,78189.7,3210.9057,250585105.89287
1777680000000,2026-05-02T00:00:00.000Z,78189.7,78495.2,78114,78372,1929.9495,151132343.02226
1777694400000,2026-05-02T04:00:00.000Z,78372,78416,77988,78189.4,2326.177,181867862.50023
1777708800000,2026-05-02T08:00:00.000Z,78189.4,78363.5,78059.6,78108.9,1932.0306,151108621.65759
1777723200000,2026-05-02T12:00:00.000Z,78108.9,78473.4,78068.1,78445.5,1914.3341,149882027.2684
1777737600000,2026-05-02T16:00:00.000Z,78445.5,78569.5,78268.2,78447.4,1566.0703,122819941.33502
1777752000000,2026-05-02T20:00:00.000Z,78447.4,79176.3,78373,78654.2,4481.2384,353016642.71425
1777766400000,2026-05-03T00:00:00.000Z,78654.2,78729,78062.8,78158.3,3870.4746,302952096.13219
1777780800000,2026-05-03T04:00:00.000Z,78158.3,78407.1,78038.2,78323,2380.9877,186278197.7078
1777795200000,2026-05-03T08:00:00.000Z,78323,78813,78306.6,78622.7,3318.0241,260516272.33101
1777809600000,2026-05-03T12:00:00.000Z,78622.7,78842.4,78546.5,78629,3199.0493,251718677.15303
1777824000000,2026-05-03T16:00:00.000Z,78629,78816.6,78518.1,78730,1837.7763,144593609.50402
1777838400000,2026-05-03T20:00:00.000Z,78730,79412.3,78439.5,78529.4,7552.5317,596342090.39512
1777852800000,2026-05-04T00:00:00.000Z,78529.4,80414.2,78237.2,80269.7,14990.447,1192817578.64648
1777867200000,2026-05-04T04:00:00.000Z,80269.7,80580.2,79441.2,79663,7541.7267,603626167.14178
1777881600000,2026-05-04T08:00:00.000Z,79663,79892.9,78161.3,78756.4,14705.2792,1160242356.28852
1777896000000,2026-05-04T12:00:00.000Z,78756.4,80528.8,78450,79979.2,17782.0921,1414028954.22745
1777910400000,2026-05-04T16:00:00.000Z,79979.2,80744.4,79568,80011.7,8164.8505,654881381.22175
1777924800000,2026-05-04T20:00:00.000Z,80011.7,80359.4,79711.3,79826.5,2652.839,212304284.55789
1777939200000,2026-05-05T00:00:00.000Z,79826.5,81045,79761.9,80832.2,6558.6073,528171718.63381
1777953600000,2026-05-05T04:00:00.000Z,80832.2,81275,80663.5,80805.9,6819.6114,551889296.59779
1777968000000,2026-05-05T08:00:00.000Z,80805.9,81060.3,80463.4,80966.7,4875.6662,393761801.78414
1777982400000,2026-05-05T12:00:00.000Z,80966.7,81665,80871.8,81478.8,12440.3837,1011883436.31142
1777996800000,2026-05-05T16:00:00.000Z,81478.8,81635.7,80995.7,81549,5649.5572,459469819.95237
1778011200000,2026-05-05T20:00:00.000Z,81549,81752.1,80740,80867.9,7288.7207,592423560.11202
1778025600000,2026-05-06T00:00:00.000Z,80867.9,81711.4,80666.5,81530.6,6032.3145,490041742.48608
1778040000000,2026-05-06T04:00:00.000Z,81530.6,81590,81008,81329.5,4285.8878,348554301.3592
1778054400000,2026-05-06T08:00:00.000Z,81329.5,82799,81281.5,82477,13413.7279,1101654287.21132
1778068800000,2026-05-06T12:00:00.000Z,82477,82499,81101,81659.2,13525.5928,1105742151.17271
1778083200000,2026-05-06T16:00:00.000Z,81659.2,81853.8,81140.5,81413.9,4183.0521,340915915.33389
1778097600000,2026-05-06T20:00:00.000Z,81413.9,81663.2,80943.3,81396.3,3162.3162,257074579.53452
1778112000000,2026-05-07T00:00:00.000Z,81396.3,81450.9,80760,80802.4,4933.7481,399697484.41974
1778126400000,2026-05-07T04:00:00.000Z,80802.4,81669.9,80681,81471.5,5336.4635,433440312.58593
1778140800000,2026-05-07T08:00:00.000Z,81471.5,81552.9,80504,80832,7072.8603,572469033.78742
1778155200000,2026-05-07T12:00:00.000Z,80832,81148.3,79669,79869.3,14329.802,1150824251.21011
1778169600000,2026-05-07T16:00:00.000Z,79869.3,80236.9,79455,80110.2,7271.776,580831652.87952
1778184000000,2026-05-07T20:00:00.000Z,80110.2,80340.7,79538,79971.2,3388.2339,270558968.94551
1778198400000,2026-05-08T00:00:00.000Z,79971.2,80099,79124.8,79543.5,5715.8357,454564970.85183
1778212800000,2026-05-08T04:00:00.000Z,79543.5,79754.3,79230,79647.4,4440.4814,353101649.33565
1778227200000,2026-05-08T08:00:00.000Z,79647.4,80289.7,79634.3,80178.6,5824.1121,465728254.64947
1778241600000,2026-05-08T12:00:00.000Z,80178.6,80490,79508,80123.7,10990.9904,878816478.89812
1778256000000,2026-05-08T16:00:00.000Z,80123.7,80260,79701.8,80139.3,5748.1483,460034994.8335
1778270400000,2026-05-08T20:00:00.000Z,80139.3,80369.1,80042,80155.1,1985.9047,159276321.65574
1778284800000,2026-05-09T00:00:00.000Z,80155.1,80520,80083.9,80348,2501.636,200940938.35587
1778299200000,2026-05-09T04:00:00.000Z,80348,80635,80090,80185.1,3108.9665,249718941.7655
1778313600000,2026-05-09T08:00:00.000Z,80185.1,80404.3,80126,80298.3,2018.6573,162061802.23161
1778328000000,2026-05-09T12:00:00.000Z,80298.3,80565.6,80184.4,80478.9,2142.4246,172155852.13572
1778342400000,2026-05-09T16:00:00.000Z,80478.9,81036.2,80435,80899.5,4927.188,397957337.60928
1778356800000,2026-05-09T20:00:00.000Z,80899.5,80900,80580,80626.5,1407.9028,113650932.45393
1778371200000,2026-05-10T00:00:00.000Z,80626.5,80859.4,80533.5,80741,1930.7466,155763567.05789
1778385600000,2026-05-10T04:00:00.000Z,80741,80809.9,80617.4,80699.6,1214.8327,98046887.87622
1778400000000,2026-05-10T08:00:00.000Z,80699.6,80946,80652.2,80789.5,2092.7266,169079921.56339
1778414400000,2026-05-10T12:00:00.000Z,80789.5,81397.7,80746.2,81364,4384.5292,355529826.33323
1778428800000,2026-05-10T16:00:00.000Z,81364,81546.2,81100.7,81389.6,4652.7158,378391813.31894
1778443200000,2026-05-10T20:00:00.000Z,81389.6,82435.2,80222,82163.1,14228.2342,1158144231.75875
1778457600000,2026-05-11T00:00:00.000Z,82163.1,82342.5,80496.6,80716.1,9512.2472,772455595.427
1778472000000,2026-05-11T04:00:00.000Z,80716.1,81024,80625,80707.3,3744.2419,302520875.7446
1778486400000,2026-05-11T08:00:00.000Z,80707.3,81169,80585.2,81159.5,3566.8282,288594658.35944
1778500800000,2026-05-11T12:00:00.000Z,81159.5,81420.5,80411.1,81397.9,8714.9042,705777939.38665
1778515200000,2026-05-11T16:00:00.000Z,81397.9,82088,81297.3,81915.9,7513.464,614208527.44264
1778529600000,2026-05-11T20:00:00.000Z,81915.9,82040.5,81545.2,81689.3,3274.0697,267693138.54
1778544000000,2026-05-12T00:00:00.000Z,81689.3,81742.5,80675.9,81027.2,6561.9038,532597743.19031
1778558400000,2026-05-12T04:00:00.000Z,81027.2,81277,80772,80820,4465.9594,361933214.7801
1778572800000,2026-05-12T08:00:00.000Z,80820,80940,80481.3,80752.7,4979.7257,401875751.72942
1778587200000,2026-05-12T12:00:00.000Z,80752.7,80977,80155,80300.1,11219.4734,903901082.92961
1778601600000,2026-05-12T16:00:00.000Z,80300.1,80827,79805.9,80789,7429.9637,596476827.14163
1778616000000,2026-05-12T20:00:00.000Z,80789,80841,80400,80459.9,2539.2594,204679635.46925
1778630400000,2026-05-13T00:00:00.000Z,80459.9,81244,80363,81199.9,5600.621,453328024.67411
1778644800000,2026-05-13T04:00:00.000Z,81199.9,81225.7,80854.6,80976,3111.994,252156949.76683
1778659200000,2026-05-13T08:00:00.000Z,80976,81280,80471,80485,6962.7963,563249298.39043
1778673600000,2026-05-13T12:00:00.000Z,80485,80575.7,78780.4,78830.1,19998.4261,1594982505.0636
1778688000000,2026-05-13T16:00:00.000Z,78830.1,79789.6,78755.1,79616.6,7607.8218,603177299.08121
1778702400000,2026-05-13T20:00:00.000Z,79616.6,79735.4,79185,79281.4,2909.605,231081771.70607
1778716800000,2026-05-14T00:00:00.000Z,79281.4,79650,78865.6,79012.1,5701.2113,452233555.96089
1778731200000,2026-05-14T04:00:00.000Z,79012.1,79950.3,78936.7,79690,5376.502,428214438.55228
1778745600000,2026-05-14T08:00:00.000Z,79690,79888,79193.8,79214.8,5450.7984,433923872.92641
1778760000000,2026-05-14T12:00:00.000Z,79214.8,81270,79200,81232.5,17253.2283,1386666322.33098
1778774400000,2026-05-14T16:00:00.000Z,81232.5,81998.4,81005,81372.6,17464.8107,1423955702.21758
1778788800000,2026-05-14T20:00:00.000Z,81372.6,81541,81012,81056.6,3226.1589,262227842.3099
1778803200000,2026-05-15T00:00:00.000Z,81056.6,81631.1,80716,81030.3,7136.8438,578981607.32914
1778817600000,2026-05-15T04:00:00.000Z,81030.3,81069,80279.1,80785.6,8523.0943,687233024.80035
1778832000000,2026-05-15T08:00:00.000Z,80785.6,80799.9,80312,80589.9,4688.9668,377693793.28531
1778846400000,2026-05-15T12:00:00.000Z,80589.9,80605,78600.7,79130.7,18997.3393,1507913012.25124
1778860800000,2026-05-15T16:00:00.000Z,79130.7,79540.5,79029.6,79109.2,4346.4655,344487689.51093
1778875200000,2026-05-15T20:00:00.000Z,79109.2,79199.9,78880,79087.6,1760.4893,139195336.95184
1778889600000,2026-05-16T00:00:00.000Z,79087.6,79210,78991.7,79060.7,1458.3109,115373583.23304
1778904000000,2026-05-16T04:00:00.000Z,79060.7,79116.3,78016.5,78350,8857.5555,695266755.7865
1778918400000,2026-05-16T08:00:00.000Z,78350,78522.3,77625.8,78070,8399.0195,655455661.83697
1778932800000,2026-05-16T12:00:00.000Z,78070,78339,77821.9,78218.3,4341.9544,338922111.68031
1778947200000,2026-05-16T16:00:00.000Z,78218.3,78355.6,78100,78241.9,1922.5142,150397473.85125
1778961600000,2026-05-16T20:00:00.000Z,78241.9,78310,78101.2,78121.7,972.9638,76105528.14559
1778976000000,2026-05-17T00:00:00.000Z,78121.7,78228,77700,77992.6,4048.0352,315406922.74768
1778990400000,2026-05-17T04:00:00.000Z,77992.6,78295.2,77970.6,78149.7,1814.4826,141751399.27448
1779004800000,2026-05-17T08:00:00.000Z,78149.7,78569.9,78000.7,78380,3422.1757,268040448.78268
1779019200000,2026-05-17T12:00:00.000Z,78380,78529.1,77800,78013.2,3847.1372,300480922.36055
1779033600000,2026-05-17T16:00:00.000Z,78013.2,78447.4,77816.4,78379.3,9695.1495,757369602.73584
1779048000000,2026-05-17T20:00:00.000Z,78379.3,78457.3,76685.3,77424.3,11450.9192,888116575.16373
1779062400000,2026-05-18T00:00:00.000Z,77424.3,77449.8,76676.4,76909.2,10752.438,827916355.6779
1779076800000,2026-05-18T04:00:00.000Z,76909.2,77072.6,76555,77044.7,6569.6898,504979553.0695
1779091200000,2026-05-18T08:00:00.000Z,77044.7,77388,76641.5,77265,5297.9941,407964036.39113
1779105600000,2026-05-18T12:00:00.000Z,77265,77765,76010,76398.6,19066.5349,1463379755.19801
1779120000000,2026-05-18T16:00:00.000Z,76398.6,76982,76112.6,76896,8225.5357,629587392.93987
1779134400000,2026-05-18T20:00:00.000Z,76896,77197.9,76757.7,76958.9,4011.8979,308942304.36786
1779148800000,2026-05-19T00:00:00.000Z,76958.9,77379.4,76441.1,76752.8,5169.4654,397407537.14751
1779163200000,2026-05-19T04:00:00.000Z,76752.8,77240.8,76600.4,77194.2,4274.314,328981884.10694
1779177600000,2026-05-19T08:00:00.000Z,77194.2,77281.6,76589.5,76680.1,5820.9571,447632097.60739
1779192000000,2026-05-19T12:00:00.000Z,76680.1,77024.5,76115,76505.7,10536.6077,806763493.31703
1779206400000,2026-05-19T16:00:00.000Z,76505.7,77048.4,76386.4,76788.1,5219.2456,400849779.62754
1779220800000,2026-05-19T20:00:00.000Z,76788.1,77009,76613.1,76803.8,2520.4647,193657072.53111
1779235200000,2026-05-20T00:00:00.000Z,76803.8,76900,76480,76693.6,3803.7441,291749438.61901
1779249600000,2026-05-20T04:00:00.000Z,76693.6,77433,76660,77240.5,4760.3596,367290694.57382
1779264000000,2026-05-20T08:00:00.000Z,77240.5,77633.7,77163.3,77344.9,3941.375,305198930.90423
1779278400000,2026-05-20T12:00:00.000Z,77344.9,77849.9,76856.8,77429.9,10247.5173,792871821.30001
1779292800000,2026-05-20T16:00:00.000Z,77429.9,77688.7,76984.3,77637.9,4814.043,372556276.09047
1779307200000,2026-05-20T20:00:00.000Z,77637.9,77739,77191.2,77519.4,2717.2894,210685241.8798
1779321600000,2026-05-21T00:00:00.000Z,77519.4,78149.4,77481,78029.4,6421.3091,500270443.05256
1779336000000,2026-05-21T04:00:00.000Z,78029.4,78122,77483.2,77853.5,6174.9724,480518021.98099
1779350400000,2026-05-21T08:00:00.000Z,77853.5,78185,77038,77159.9,7771.0787,603071892.96593
1779364800000,2026-05-21T12:00:00.000Z,77159.9,77380.8,76693.2,77230,9151.7528,705144848.58117
1779379200000,2026-05-21T16:00:00.000Z,77230,78063,76970.6,77656.2,8898.4696,690577397.82355
1779393600000,2026-05-21T20:00:00.000Z,77656.2,77782.7,77499.2,77584.4,2228.4646,173051686.09506
1779408000000,2026-05-22T00:00:00.000Z,77584.4,77777,77290,77737.6,2683.1394,208033529.73992
1779422400000,2026-05-22T04:00:00.000Z,77737.6,77857.7,77237,77366.6,3731.7516,289242003.94087
1779436800000,2026-05-22T08:00:00.000Z,77366.6,77506,77139.3,77401.9,4061.0397,313858281.39693
1779451200000,2026-05-22T12:00:00.000Z,77401.9,77558.4,76550,76772.1,10857.1664,835632066.78873
1779465600000,2026-05-22T16:00:00.000Z,76772.1,77077,75600.7,75819.5,14622.869,1114696958.97529
1779480000000,2026-05-22T20:00:00.000Z,75819.5,76051,75320,75513.8,6685.7771,506480652.45355
1779494400000,2026-05-23T00:00:00.000Z,75513.8,75633.8,75188,75600,4850.5583,365779920.28439
1779508800000,2026-05-23T04:00:00.000Z,75600,75620.2,74204.7,74563,9440.6427,707075457.02604
1779523200000,2026-05-23T08:00:00.000Z,74563,74829,74306.1,74753.3,6531.8106,487265094.33763
1779537600000,2026-05-23T12:00:00.000Z,74753.3,75655.5,74616,75478,9236.5045,694992421.01629
1779552000000,2026-05-23T16:00:00.000Z,75478,75975.2,75308.4,75942.9,5642.2485,427072279.03239
1779566400000,2026-05-23T20:00:00.000Z,75942.9,77365.4,75901.5,76701.4,15221.3219,1166896315.97842
1779580800000,2026-05-24T00:00:00.000Z,76701.4,76967.9,76580.2,76696.5,3877.9684,297722496.18001
1779595200000,2026-05-24T04:00:00.000Z,76696.5,77022,76598.7,76761.2,2694.5645,206944005.63333
1779609600000,2026-05-24T08:00:00.000Z,76761.2,77488,76684.8,77273.9,4383.0486,337972526.69931
1779624000000,2026-05-24T12:00:00.000Z,77273.9,77286.2,76155.5,76342.9,7515.7848,575639114.31876
1779638400000,2026-05-24T16:00:00.000Z,76342.9,76766,76342.9,76735.5,3710.9419,284311464.83832
1779652800000,2026-05-24T20:00:00.000Z,76735.5,77188,76009,77030,9024.1815,691267418.59939
1779667200000,2026-05-25T00:00:00.000Z,77030,77450,76867.5,76978.8,4988.4453,384744388.20401
1779681600000,2026-05-25T04:00:00.000Z,76978.8,77599,76940,77362.3,5115.0065,395529618.3939
1779696000000,2026-05-25T08:00:00.000Z,77362.3,77663.1,77230.3,77309.9,3851.6351,298373133.75966
1779710400000,2026-05-25T12:00:00.000Z,77309.9,77872,77231.2,77585.1,5593.3636,433634960.7011
1779724800000,2026-05-25T16:00:00.000Z,77585.1,77777,77304,77392.3,2610.0729,202390253.90471
1779739200000,2026-05-25T20:00:00.000Z,77392.3,77459.7,76979.3,77280.1,2764.4682,213493455.05395
1779753600000,2026-05-26T00:00:00.000Z,77280.1,77312.3,76434,76629.4,6556.5727,503089827.35308
1779768000000,2026-05-26T04:00:00.000Z,76629.4,77026.7,76558,76683.3,3861.9983,296419994.2244
1779782400000,2026-05-26T08:00:00.000Z,76683.3,77595.6,76528.1,77155.1,6953.8247,536201783.04604
1779796800000,2026-05-26T12:00:00.000Z,77155.1,78049.1,76230,76475.4,19067.5551,1468740400.49301
1779811200000,2026-05-26T16:00:00.000Z,76475.4,76688.2,75737.6,76026.7,10436.1362,794393405.30364
1779825600000,2026-05-26T20:00:00.000Z,76026.7,76150,75630.1,75897.8,3469.482,263248180.23654
1779840000000,2026-05-27T00:00:00.000Z,75897.8,76088,75545.2,75625.9,4209.697,319163796.5182
1779854400000,2026-05-27T04:00:00.000Z,75625.9,75937.2,75254.8,75932.3,5348.5598,404267360.30901
1779868800000,2026-05-27T08:00:00.000Z,75932.3,76033,75664.6,75730,4042.564,306703660.74883
1779883200000,2026-05-27T12:00:00.000Z,75730,76139,74730,75296.8,15472.9886,1164546719.15377
1779897600000,2026-05-27T16:00:00.000Z,75296.8,75380,74612,75034.2,6790.7928,509126439.23784
1779912000000,2026-05-27T20:00:00.000Z,75034.2,75388,74208.1,74420,8823.559,658319895.83284
1779926400000,2026-05-28T00:00:00.000Z,74420,74565.5,73038.4,73232.9,13957.9583,1029740607.23643
1779940800000,2026-05-28T04:00:00.000Z,73232.9,73490.1,72700,73460.1,9752.3662,712367164.57475
1779955200000,2026-05-28T08:00:00.000Z,73460.1,73597.3,73175.6,73473.7,4721.1208,346459523.67129
1779969600000,2026-05-28T12:00:00.000Z,73473.7,73560.7,72550.1,72902.3,15656.2521,1143034142.70217
1779984000000,2026-05-28T16:00:00.000Z,72902.3,73704.7,72701.9,73387.2,6695.5718,491293829.31631
1779998400000,2026-05-28T20:00:00.000Z,73387.2,73914.2,73203.3,73590.1,4252.6724,313009677.30498
1780012800000,2026-05-29T00:00:00.000Z,73590.1,73844,73144.4,73264.9,4298.322,315895845.06645
1780027200000,2026-05-29T04:00:00.000Z,73264.9,73897.5,73175,73485.8,3711.7155,272978670.70292
1780041600000,2026-05-29T08:00:00.000Z,73485.8,73862.7,73300.6,73444.1,3046.7285,224365501.56741
1780056000000,2026-05-29T12:00:00.000Z,73444.1,74161.5,72476.5,73768,21230.1686,1555026478.64394
1780070400000,2026-05-29T16:00:00.000Z,73768,74287,73145.6,73491,11039.1923,814746695.54034
1780084800000,2026-05-29T20:00:00.000Z,73491,73829.1,73284,73436.5,2657.2006,195307467.41337
1780099200000,2026-05-30T00:00:00.000Z,73436.5,73763.5,73375.1,73499.1,2169.5735,159646797.92372
1780113600000,2026-05-30T04:00:00.000Z,73499.1,73675.1,73170,73514,4039.5294,296746123.45749
1780128000000,2026-05-30T08:00:00.000Z,73514,73647.7,73463,73563,1356.4677,99768986.82364
1780142400000,2026-05-30T12:00:00.000Z,73563,74060,73555.7,73885,3653.3291,269794664.34323
1780156800000,2026-05-30T16:00:00.000Z,73885,74088,73767,73966.3,1777.5272,131441864.66766
1780171200000,2026-05-30T20:00:00.000Z,73966.3,74015.9,73740.2,73849.9,1805.0229,133342540.55577
1780185600000,2026-05-31T00:00:00.000Z,73849.9,74238,73809.7,74101.5,3218.5455,238356743.20011
1780200000000,2026-05-31T04:00:00.000Z,74101.5,74181.9,73793.7,73830.3,1601.3231,118469830.03435
1780214400000,2026-05-31T08:00:00.000Z,73830.3,73997,73680.7,73914.1,2358.9723,174227107.5992
1780228800000,2026-05-31T12:00:00.000Z,73914.1,73996.3,73467.1,73633.4,4168.9527,307131650.08741
1780243200000,2026-05-31T16:00:00.000Z,73633.4,73713.6,73363.1,73528.6,2737.2509,201318831.11812
1780257600000,2026-05-31T20:00:00.000Z,73528.6,74170.5,73461.9,73643.8,4448.5204,328393352.13311
1780272000000,2026-06-01T00:00:00.000Z,73643.8,74058,73180,73731.5,6478.5833,477270013.97102
1780286400000,2026-06-01T04:00:00.000Z,73731.5,73807.6,72670.4,72785.3,7963.7816,582382537.51243
1780300800000,2026-06-01T08:00:00.000Z,72785.3,73078.1,72250.7,72472.1,9095.5598,661269178.39764
1780315200000,2026-06-01T12:00:00.000Z,72472.1,72595.1,71066,71128.5,25395.5895,1821561717.52515
1780329600000,2026-06-01T16:00:00.000Z,71128.5,71786.3,70675,71576,12098.3184,862412400.12721
1780344000000,2026-06-01T20:00:00.000Z,71576,71671.9,70805,71398.4,5296.2585,377428188.05156
1780358400000,2026-06-02T00:00:00.000Z,71398.4,71404.3,70080.1,70930.5,11028.2936,779857354.54472
1780372800000,2026-06-02T04:00:00.000Z,70930.5,71025.6,69710.1,70095.9,11509.6948,808666743.33182
1780387200000,2026-06-02T08:00:00.000Z,70095.9,70159.9,69302.1,69442.3,8637.8242,601230190.06115
1780401600000,2026-06-02T12:00:00.000Z,69442.3,69528,67040,67269.9,28880.5405,1972561669.87666
1780416000000,2026-06-02T16:00:00.000Z,67269.9,68121.1,66380,67288.3,17855.6885,1202257349.61229
1780430400000,2026-06-02T20:00:00.000Z,67288.3,67899.4,66158.5,66725.6,14001.5168,936612280.02643
1780444800000,2026-06-03T00:00:00.000Z,66725.6,67175,65373.4,65823.5,11571.5856,768076294.81066
1780459200000,2026-06-03T04:00:00.000Z,65823.5,67482.5,65800,67187.7,13104.1776,876392114.09777
1780473600000,2026-06-03T08:00:00.000Z,67187.7,67449.9,66618.6,67039.9,7681.8708,515219918.9216
1780488000000,2026-06-03T12:00:00.000Z,67039.9,67222.1,66044.1,66050.6,12858.2119,857354997.82151
1780502400000,2026-06-03T16:00:00.000Z,66050.6,66358,65203.5,65433.4,15190.9526,1000131064.63794
1780516800000,2026-06-03T20:00:00.000Z,65433.4,65832.9,64056,64118.6,17292.0485,1123120082.18034
1780531200000,2026-06-04T00:00:00.000Z,64118.6,64498.8,61329.4,64328.5,33996.0973,2144488766.89038
1780545600000,2026-06-04T04:00:00.000Z,64328.5,64732.5,63425.9,63566.7,13840.6428,886603874.01464
1780560000000,2026-06-04T08:00:00.000Z,63566.7,63875.4,62159.3,62520,19104.4574,1201940009.75498
1780574400000,2026-06-04T12:00:00.000Z,62520,64470.6,62352.2,63862.9,20190.9047,1285908293.05584
1780588800000,2026-06-04T16:00:00.000Z,63862.9,64130,62910.8,63601.9,11311.9431,719158298.71265
1780603200000,2026-06-04T20:00:00.000Z,63601.9,63902.1,63031.5,63853.2,6389.4355,405541029.4915
1780617600000,2026-06-05T00:00:00.000Z,63853.2,63961.6,62302.5,62710.5,10435.1456,657166541.25937
1780632000000,2026-06-05T04:00:00.000Z,62710.5,63665.9,61089.8,63069.9,27090.3429,1686655313.49276
1780646400000,2026-06-05T08:00:00.000Z,63069.9,63247.3,61931,61931,11939.9599,747503112.52842
1780660800000,2026-06-05T12:00:00.000Z,61931,62440.2,60020.2,60405.3,32982.3518,2015327290.33311
1780675200000,2026-06-05T16:00:00.000Z,60405.3,61543,59087.3,60265.1,36800.8452,2219183204.28224
1780689600000,2026-06-05T20:00:00.000Z,60265.1,61988.8,59901.8,61031.9,22123.8029,1357792639.21296
1780704000000,2026-06-06T00:00:00.000Z,61031.9,61499.9,60488,60659,6937.599,423068089.37564
1780718400000,2026-06-06T04:00:00.000Z,60659,61258.8,59450.3,60969.1,16161.7123,976743960.80501
1780732800000,2026-06-06T08:00:00.000Z,60969.1,61468.3,60168,60776.3,9901.7019,602081751.80666
1780747200000,2026-06-06T12:00:00.000Z,60776.3,61180.5,60355.4,60749.8,8997.8436,547189781.93697
1780761600000,2026-06-06T16:00:00.000Z,60749.8,60941.6,60370,60563.2,5512.8036,334218193.50801
1780776000000,2026-06-06T20:00:00.000Z,60563.2,60988.4,60396.8,60851.5,4100.052,248813418.74222
1780790400000,2026-06-07T00:00:00.000Z,60851.5,61755.1,60706.7,61666,8387.9785,514508983.65204
1780804800000,2026-06-07T04:00:00.000Z,61666,62414.8,61445.7,62360,9698.6171,600794425.74063
1780819200000,2026-06-07T08:00:00.000Z,62360,62936.8,62210,62595.3,9871.2521,617392469.5446
1780833600000,2026-06-07T12:00:00.000Z,62595.3,62614,61533.5,62069.9,13219.8936,818390647.79864
1780848000000,2026-06-07T16:00:00.000Z,62069.9,62300,61150,61304.1,8262.2203,510111001.76568
1780862400000,2026-06-07T20:00:00.000Z,61304.1,64289.4,61193,63303,16982.8393,1066585761.56971
1780876800000,2026-06-08T00:00:00.000Z,63303,63844.5,62677.5,63099.5,7325.9996,462982653.04611
1780891200000,2026-06-08T04:00:00.000Z,63099.5,63326.1,62368,63256.3,7981.8722,501875648.75416
1780905600000,2026-06-08T08:00:00.000Z,63256.3,63849.1,62948.1,63449.3,8035.9152,509128076.59378
1780920000000,2026-06-08T12:00:00.000Z,63449.3,64179,62670.7,63750,13719.5438,872113663.14091
1780934400000,2026-06-08T16:00:00.000Z,63750,64020,63228,63347,5465.4621,347237584.5337
1780948800000,2026-06-08T20:00:00.000Z,63347,63833.8,62945,63058.8,5668.8751,359182350.52397
1780963200000,2026-06-09T00:00:00.000Z,63058.8,63155.5,62366.7,62840.6,8366.6682,524779717.02226
1780977600000,2026-06-09T04:00:00.000Z,62840.6,63494.1,62714.2,63167.8,6809.0498,430410434.02284
1780992000000,2026-06-09T08:00:00.000Z,63167.8,63180,62467,62684.1,9453.5144,593216630.9582
1781006400000,2026-06-09T12:00:00.000Z,62684.1,62868.9,61000.7,61106.6,21753.5672,1345259786.24194
1781020800000,2026-06-09T16:00:00.000Z,61106.6,62080,60750.4,62063.1,13803.7599,847675391.5121
1781035200000,2026-06-09T20:00:00.000Z,62063.1,62254,61518,61695.3,5205.575,322047657.69206
1781049600000,2026-06-10T00:00:00.000Z,61695.3,61944.1,61201.1,61516,6615.0532,406994770.62481
1781064000000,2026-06-10T04:00:00.000Z,61516,61772.7,61043.8,61649.5,7543.1372,463043278.48944
1781078400000,2026-06-10T08:00:00.000Z,61649.5,61705.4,60691.8,61003.3,12207.9893,746577656.74938
1781092800000,2026-06-10T12:00:00.000Z,61003.3,62828.2,60927.1,62597.7,20677.8394,1281088879.77588
1781107200000,2026-06-10T16:00:00.000Z,62597.7,62612.3,61567.8,61915.9,9464.3626,586688971.91291
1781121600000,2026-06-10T20:00:00.000Z,61915.9,61928.9,61066.9,61483.3,5490.9558,337342168.35747
1781136000000,2026-06-11T00:00:00.000Z,61483.3,62828,61483.3,62651.7,10146.4094,631051872.6867
1781150400000,2026-06-11T04:00:00.000Z,62651.7,62972.9,62500,62682.9,6111.8727,383308208.28415
1781164800000,2026-06-11T08:00:00.000Z,62682.9,63230.1,62682.9,63069.6,6562.7712,413268172.6418
1781179200000,2026-06-11T12:00:00.000Z,63069.6,63208.3,62463.3,62727.3,13523.2106,849391112.13304
1781193600000,2026-06-11T16:00:00.000Z,62727.3,63900,62311,63567.8,14944.612,944112230.47045
1781208000000,2026-06-11T20:00:00.000Z,63567.8,63739,63232.6,63599.7,3709.561,235467215.60887
1781222400000,2026-06-12T00:00:00.000Z,63599.7,63756,63268.2,63490.5,3792.3924,240821701.08166
1781236800000,2026-06-12T04:00:00.000Z,63490.5,63826.1,62810,63070.2,6787.4219,429200859.36722
1781251200000,2026-06-12T08:00:00.000Z,63070.2,63938.3,63066,63722.7,6776.6359,431155263.80096
1781265600000,2026-06-12T12:00:00.000Z,63722.7,64370,63011.2,63561.8,14522.8301,925129702.9671
1781280000000,2026-06-12T16:00:00.000Z,63561.8,64080.9,63480.1,63554.1,5474.0776,349140694.73831
1781294400000,2026-06-12T20:00:00.000Z,63554.1,63669.7,63365.7,63552.6,2952.844,187490903.8004
1781308800000,2026-06-13T00:00:00.000Z,63552.6,63822.8,63389,63501,3027.0558,192531197.67703
1781323200000,2026-06-13T04:00:00.000Z,63501,63863.6,63455.1,63816.6,2406.7266,153207257.97607
1781337600000,2026-06-13T08:00:00.000Z,63816.6,63939.1,63684.4,63932.2,2308.88,147361002.49587
1781352000000,2026-06-13T12:00:00.000Z,63932.2,64314.2,63881.9,64258.3,4264.4909,273476304.21265
1781366400000,2026-06-13T16:00:00.000Z,64258.3,64300,63880,64259.9,4369.0576,279799667.30741
1781380800000,2026-06-13T20:00:00.000Z,64259.9,64736.3,64182.3,64415.4,3508.4153,226094593.68908
1781395200000,2026-06-14T00:00:00.000Z,64415.4,64676.4,64335.5,64510.2,2179.7453,140623694.48891
1781409600000,2026-06-14T04:00:00.000Z,64510.2,64525,64192.7,64399.4,3139.8452,202003082.28771
1781424000000,2026-06-14T08:00:00.000Z,64399.4,64634,64286.7,64512.7,3215.9054,207386653.32278
1781438400000,2026-06-14T12:00:00.000Z,64512.7,64529.2,63836.7,63991.4,6544.1336,419603172.82095
1781452800000,2026-06-14T16:00:00.000Z,63991.4,64189.9,63651.7,63784.4,4086.8302,260937112.69868
1781467200000,2026-06-14T20:00:00.000Z,63784.4,65765.6,63766,65702.3,14019.8901,912230798.04755
1781481600000,2026-06-15T00:00:00.000Z,65702.3,66000,65317.4,65885,7495.7547,492060719.1896
1781496000000,2026-06-15T04:00:00.000Z,65885,65983.6,65576.9,65643.8,4763.9157,313272051.39557
1781510400000,2026-06-15T08:00:00.000Z,65643.8,66350,65469.8,66197,8200.606,540574429.63751
1781524800000,2026-06-15T12:00:00.000Z,66197,67268.7,66057.1,67245.5,14572.3892,970766451.66866
1781539200000,2026-06-15T16:00:00.000Z,67245.5,67249.7,66304.7,66581.2,7038.4562,470375994.26956
1781553600000,2026-06-15T20:00:00.000Z,66581.2,66651,66058.6,66286.2,4835.7092,320739310.54921
1781568000000,2026-06-16T00:00:00.000Z,66286.2,66431.3,65616.1,66126.2,7342.2638,484506486.03047
1781582400000,2026-06-16T04:00:00.000Z,66126.2,66547.8,65756.9,66341.5,6254.0999,414168544.81091
1781596800000,2026-06-16T08:00:00.000Z,66341.5,66966.2,66310.2,66455.9,7268.4708,484130628.296
1781611200000,2026-06-16T12:00:00.000Z,66455.9,66796.2,65329,65834.5,14348.4395,946775787.28807
1781625600000,2026-06-16T16:00:00.000Z,65834.5,66238.2,65520.9,65651.7,6352.4224,418096764.39063
1781640000000,2026-06-16T20:00:00.000Z,65651.7,65905,65556.7,65640,2574.8764,169221293.06846
1781654400000,2026-06-17T00:00:00.000Z,65640,66111.9,65434.3,65819.9,3298.4269,216932971.7187
1781668800000,2026-06-17T04:00:00.000Z,65819.9,66029.9,65215.6,65507.2,4591.2924,301167083.2327
1781683200000,2026-06-17T08:00:00.000Z,65507.2,65550,64534,64778.5,10154.2878,659072190.13839
1781697600000,2026-06-17T12:00:00.000Z,64778.5,65827.7,64551.6,65709.1,11168.4333,727766355.17311
1781712000000,2026-06-17T16:00:00.000Z,65709.1,66402.4,64005.3,64275.7,23206.7546,1515107518.4728
1781726400000,2026-06-17T20:00:00.000Z,64275.7,64497.4,63881,64476,6384.0294,410262238.10289
1781740800000,2026-06-18T00:00:00.000Z,64476,64799.2,64230,64250.6,4392.2154,283528552.47505
1781755200000,2026-06-18T04:00:00.000Z,64250.6,64484.6,63666.4,64472.7,7961.2742,509710651.81057
1781769600000,2026-06-18T08:00:00.000Z,64472.7,64626.3,63857.7,63946.8,6254.2079,401439224.51709
1781784000000,2026-06-18T12:00:00.000Z,63946.8,64422,62260.2,62340.7,20773.3923,1318077089.79611
1781798400000,2026-06-18T16:00:00.000Z,62340.7,62978,62233.7,62915.4,10008.7466,626775765.35777
1781812800000,2026-06-18T20:00:00.000Z,62915.4,63247.7,62703.2,62920,3848.6134,242314817.99673
1781827200000,2026-06-19T00:00:00.000Z,62920,63078.5,62347.3,62744.2,4752.8723,298338445.71538
1781841600000,2026-06-19T04:00:00.000Z,62744.2,62892.8,62375.5,62593.3,4383.9905,274619995.56265
1781856000000,2026-06-19T08:00:00.000Z,62593.3,62750,62280,62602.2,4635.9319,289618006.53948
1781870400000,2026-06-19T12:00:00.000Z,62602.2,63389.4,62320.1,63184.9,10138.5943,638422592.92469
1781884800000,2026-06-19T16:00:00.000Z,63184.9,63358,62832.7,62994.8,5237.4394,330368768.73519
1781899200000,2026-06-19T20:00:00.000Z,62994.8,63642.5,62923.1,63512.8,2637.7093,166970489.40048
1781913600000,2026-06-20T00:00:00.000Z,63512.8,63749.9,63282.2,63439,3326.7836,211209645.99846
1781928000000,2026-06-20T04:00:00.000Z,63439,63878,63366,63622.1,4130.8299,262999033.22546
1781942400000,2026-06-20T08:00:00.000Z,63622.1,63774.9,63360,63649.5,4117.1613,261727021.83734
1781956800000,2026-06-20T12:00:00.000Z,63649.5,64361.1,63154.5,64129.9,10709.6586,683126957.63883
1781971200000,2026-06-20T16:00:00.000Z,64129.9,64146.2,63690,63909.9,3097.6104,197907545.91583
1781985600000,2026-06-20T20:00:00.000Z,63909.9,64327,63820,64259.5,3015.7354,193328241.28449
1782000000000,2026-06-21T00:00:00.000Z,64259.5,64448.9,64176,64392.4,2734.5548,175803255.38347
1782014400000,2026-06-21T04:00:00.000Z,64392.4,64562,64136,64160,3214.7186,206657705.31931
1782028800000,2026-06-21T08:00:00.000Z,64160,64450,63864,64139.9,6874.7525,441028521.61229
1782043200000,2026-06-21T12:00:00.000Z,64139.9,64336.4,63905.1,64195.6,4136.0118,265141368.55322
1782057600000,2026-06-21T16:00:00.000Z,64195.6,64279.9,63905.5,64170.5,2500.0248,160245884.93251
1782072000000,2026-06-21T20:00:00.000Z,64170.5,64239,63233,63279.9,7200.117,458368013.48205
1782086400000,2026-06-22T00:00:00.000Z,63279.9,64811.7,63279.9,63940.3,11947.4862,767341341.73264
1782100800000,2026-06-22T04:00:00.000Z,63940.3,64379.8,63838.6,64181.9,4258.9538,273043806.45159
1782115200000,2026-06-22T08:00:00.000Z,64181.9,64748.4,64006.5,64618.4,5611.532,361024824.69276
1782129600000,2026-06-22T12:00:00.000Z,64618.4,65588,64540.7,64810.3,16265.6397,1058363507.5464
1782144000000,2026-06-22T16:00:00.000Z,64810.3,64841.2,64256.5,64460.2,6674.9783,430756743.33508
1782158400000,2026-06-22T20:00:00.000Z,64460.2,64645.5,63753.5,63993.8,5226.3964,335115149.41143
1782172800000,2026-06-23T00:00:00.000Z,63993.8,64250,63801.2,64042.8,4009.4995,256849110.13291
1782187200000,2026-06-23T04:00:00.000Z,64042.8,64074.6,62534.7,62849.9,13373.148,844274412.51192
1782201600000,2026-06-23T08:00:00.000Z,62849.9,62918.8,61880,62482.8,12019.6438,749494206.09081
1782216000000,2026-06-23T12:00:00.000Z,62482.8,62826.1,61930.6,62461.1,10581.058,659932997.37795
1782230400000,2026-06-23T16:00:00.000Z,62461.1,62800,62070,62367.1,4127.1851,257790459.57309
1782244800000,2026-06-23T20:00:00.000Z,62367.1,62778.3,62338.9,62698.1,2169.7717,135714691.15259
1782259200000,2026-06-24T00:00:00.000Z,62698.1,63096.6,62425.5,62703.1,5962.8761,374481582.06954
1782273600000,2026-06-24T04:00:00.000Z,62703.1,63045.9,62495.5,62630.2,4049.6943,254142946.3429
1782288000000,2026-06-24T08:00:00.000Z,62630.2,63210,62263.4,62889.3,5850.2948,366644001.47616
1782302400000,2026-06-24T12:00:00.000Z,62889.3,62938,60240,60252.4,25331.9463,1554827688.16092
1782316800000,2026-06-24T16:00:00.000Z,60252.4,60666,59071.4,59934,24784.4868,1481214656.175
1782331200000,2026-06-24T20:00:00.000Z,59934,61251.2,59824.6,61051.7,12084.4492,734213624.63612
1782345600000,2026-06-25T00:00:00.000Z,61051.7,61141.4,60647,60853.6,4262.9545,259308577.53287
1782360000000,2026-06-25T04:00:00.000Z,60853.6,61941,60756.6,61878.8,9490.184,584189838.10816
1782374400000,2026-06-25T08:00:00.000Z,61878.8,61891.4,61026.4,61256.1,6056.5219,372055721.18491
1782388800000,2026-06-25T12:00:00.000Z,61256.1,61770.8,58061.3,59541.9,45347.8994,2703079092.18608
1782403200000,2026-06-25T16:00:00.000Z,59541.9,60099.9,59111,59302.9,10571.4689,629179824.41181
1782417600000,2026-06-25T20:00:00.000Z,59302.9,60269,59300.3,59773.8,7241.8029,433185693.67191
1782432000000,2026-06-26T00:00:00.000Z,59773.8,60102.6,58300.2,60006.1,16854.7837,995229722.94993
1782446400000,2026-06-26T04:00:00.000Z,60006.1,60744,59667.4,60487,10637.4829,639834992.38121
1782460800000,2026-06-26T08:00:00.000Z,60487,60541.4,59216.9,59394.6,9817.4232,587211541.31318
1782475200000,2026-06-26T12:00:00.000Z,59394.6,60480,58477,60294.1,22291.8855,1327859803.22592
1782489600000,2026-06-26T16:00:00.000Z,60294.1,60568.1,59522,59723.1,6778.8331,406898908.39409
1782504000000,2026-06-26T20:00:00.000Z,59723.1,60100,59555.5,60077.8,2930.7341,175440873.72054
1782518400000,2026-06-27T00:00:00.000Z,60077.8,60398.1,59849.6,60283.1,3487.1122,209764066.25636
1782532800000,2026-06-27T04:00:00.000Z,60283.1,60550,60085.2,60520,3393.1398,204702311.93314
1782547200000,2026-06-27T08:00:00.000Z,60520,60520,60254.8,60407.2,1785.4747,107825487.33317
