time_ms,time_iso,open,high,low,close,volume_base,volume_quote
1567310400000,2019-09-01T04:00:00.000Z,9620,9652.5,9543,9605,8733.4192,83729441.36965
1567353600000,2019-09-01T16:00:00.000Z,9605,9821,9522,9741.5,12343.0353,119523583.6387
1567396800000,2019-09-02T04:00:00.000Z,9741.5,9951,9728,9879,10902.1915,106926408.61335
1567440000000,2019-09-02T16:00:00.000Z,9879,10470,9879,10387,15500.2561,158890307.11205
1567483200000,2019-09-03T04:00:00.000Z,10387,10758.5,10270,10684.5,15183.8467,159234907.67025
1567526400000,2019-09-03T16:00:00.000Z,10684.5,10717.5,10436.5,10605.5,11429.0557,121122986.91405
1567569600000,2019-09-04T04:00:00.000Z,10605.5,10635,10372,10405.5,11184.3216,117572567.8727
1567612800000,2019-09-04T16:00:00.000Z,10405.5,10788,10404,10548,10953.7576,115891554.9113
1567656000000,2019-09-05T04:00:00.000Z,10548,10647,10451,10540,11049.8982,116701431.85425
1567699200000,2019-09-05T16:00:00.000Z,10540,10700,10469,10640,9126.6005,96437425.2235
1567742400000,2019-09-06T04:00:00.000Z,10640,10905,10636,10843,15771.1828,169887372.55825
1567785600000,2019-09-06T16:00:00.000Z,10843,10854.5,10188,10328.5,13597.3363,142039515.1476
1567828800000,2019-09-07T04:00:00.000Z,10328.5,10470,10310,10456,10530.3065,109264043.3932
1567872000000,2019-09-07T16:00:00.000Z,10456,10560,10356,10539.5,11260.2028,118011504.98885
1567915200000,2019-09-08T04:00:00.000Z,10539.5,10581,10215,10386,11067.2411,115753641.07995
1567958400000,2019-09-08T16:00:00.000Z,10386,10426.5,10260,10298,10626.8512,110126496.46925
1568001600000,2019-09-09T04:00:00.000Z,10298,10512,10068,10316,16443.0256,169120871.89925
1568044800000,2019-09-09T16:00:00.000Z,10316,10379.5,10173,10304,15503.4829,159625684.90255
1568088000000,2019-09-10T04:00:00.000Z,10304,10324.5,10166.5,10176,15193.5125,155625402.87805
1568131200000,2019-09-10T16:00:00.000Z,10176,10285,9954.5,10093.5,18337.0468,185466810.3584
1568174400000,2019-09-11T04:00:00.000Z,10093.5,10140.5,9881.5,9989.5,20767.5832,208440846.77655
1568217600000,2019-09-11T16:00:00.000Z,9989.5,10198,9929.5,10107,16816.5635,169832103.42355
1568260800000,2019-09-12T04:00:00.000Z,10107,10369.5,10039,10322,19380.5398,197189312.6821
1568304000000,2019-09-12T16:00:00.000Z,10322,10450,10234,10357,17208.0366,178063134.7179
1568347200000,2019-09-13T04:00:00.000Z,10357,10394.5,10251,10298,15830.4571,163125824.35455
1568390400000,2019-09-13T16:00:00.000Z,10298,10361,10155,10282.5,16350.2293,167904780.24085
1568433600000,2019-09-14T04:00:00.000Z,10282.5,10398.5,10218.5,10356,18267.7407,188216332.67445
1568476800000,2019-09-14T16:00:00.000Z,10356,10418.5,10288,10301,14804.276,153190146.9353
1568520000000,2019-09-15T04:00:00.000Z,10301,10340,10245.5,10304.5,17959.002,184863458.8864
1568563200000,2019-09-15T16:00:00.000Z,10304.5,10355,10265,10300.5,16028.4627,165219547.79065
1568606400000,2019-09-16T04:00:00.000Z,10300.5,10321,10115,10121.5,19964.3278,204435817.3342
1568649600000,2019-09-16T16:00:00.000Z,10121.5,10329.5,10077,10223,17992.5369,183550929.1297
1568692800000,2019-09-17T04:00:00.000Z,10223,10245.5,10134.5,10200.5,17603.0688,179404274.64465
1568736000000,2019-09-17T16:00:00.000Z,10200.5,10272.5,10168,10205.5,16722.4456,171021434.6971
1568779200000,2019-09-18T04:00:00.000Z,10205.5,10228,10100,10171,17359.8639,176808189.15775
1568822400000,2019-09-18T16:00:00.000Z,10171,10209.5,9647,9823.5,17497.5672,176595943.9533
1568865600000,2019-09-19T04:00:00.000Z,9823.5,9918.5,9781.5,9882,16307.5517,160793322.56375
1568908800000,2019-09-19T16:00:00.000Z,9882,10324.5,9874.5,10212.5,16738.4878,169984205.6922
1568952000000,2019-09-20T04:00:00.000Z,10212.5,10230,10123.5,10178,14504.1593,147541743.2809
1568995200000,2019-09-20T16:00:00.000Z,10178,10190,10070,10123.5,14048.5149,142578146.6028
1569038400000,2019-09-21T04:00:00.000Z,10123.5,10126,9911.5,10037.5,14950.2615,150039032.0764
1569081600000,2019-09-21T16:00:00.000Z,10037.5,10058,9864,9869,14287.1635,142395023.37935
1569124800000,2019-09-22T04:00:00.000Z,9869,10086.5,9856.5,9990,18357.511,183269000.5094
1569168000000,2019-09-22T16:00:00.000Z,9990,10073.5,9944,9975,18343.4081,183422555.745
1569211200000,2019-09-23T04:00:00.000Z,9975,9990,9713,9868.5,18774.5447,186204721.5954
1569254400000,2019-09-23T16:00:00.000Z,9868.5,9884.5,9605,9720,17685.8702,172515067.164
1569297600000,2019-09-24T04:00:00.000Z,9720,9791.5,9409.5,9529,18485.9723,178857030.1865
1569340800000,2019-09-24T16:00:00.000Z,9529,9600,7721.5,8565.5,31271.1875,271364994.9945
1569384000000,2019-09-25T04:00:00.000Z,8565.5,8591,8219,8298.5,63161.2678,528708554.8338
1569427200000,2019-09-25T16:00:00.000Z,8298.5,8619.5,8230,8358.5,63237.6785,531096499.26615
1569470400000,2019-09-26T04:00:00.000Z,8358.5,8466.5,7858,7924.5,61711.358,514252682.7894
1569513600000,2019-09-26T16:00:00.000Z,7924.5,8162.5,7750,8022,65287.3464,522862601.37645
1569556800000,2019-09-27T04:00:00.000Z,8022,8129,7860,7981.5,49999.7466,400425714.38265
1569600000000,2019-09-27T16:00:00.000Z,7981.5,8260,7936,8163,46842.6674,379896651.9848
1569643200000,2019-09-28T04:00:00.000Z,8163,8245.5,8006,8069.5,41815.4582,340369328.836
1569686400000,2019-09-28T16:00:00.000Z,8069.5,8311.5,8040,8129.5,43114.1113,351246580.0713
1569729600000,2019-09-29T04:00:00.000Z,8129.5,8140,7892.5,7965.5,50798.8399,409070714.24535
1569772800000,2019-09-29T16:00:00.000Z,7965.5,8127.5,7918.5,7972,47613.6631,381300282.61825
1569816000000,2019-09-30T04:00:00.000Z,7972,8300.5,7716,8285,63539.2374,505967378.87485
1569859200000,2019-09-30T16:00:00.000Z,8285,8498,8164.5,8397.5,50772.5598,419614152.3497
1569902400000,2019-10-01T04:00:00.000Z,8397.5,8466,8270.5,8365,44301.3373,370285751.8603
1569945600000,2019-10-01T16:00:00.000Z,8365,8496.5,8205,8240.5,49692.264,413016761.7722
1569988800000,2019-10-02T04:00:00.000Z,8240.5,8298,8151,8238.5,40764.9082,335256618.8884
1570032000000,2019-10-02T16:00:00.000Z,8238.5,8389,8180,8325.5,40583.6576,335867919.8336
1570075200000,2019-10-03T04:00:00.000Z,8325.5,8368,8068.5,8110,50746.3424,417966452.0004
1570118400000,2019-10-03T16:00:00.000Z,8110,8279.5,8052,8105,56370.9462,459117081.029
1570161600000,2019-10-04T04:00:00.000Z,8105,8185.5,8003,8148,40729.8759,330772639.07755
1570204800000,2019-10-04T16:00:00.000Z,8148,8216.5,8093,8138,43526.2886,354722765.1943
1570248000000,2019-10-05T04:00:00.000Z,8138,8144.5,8013.5,8083,45864.2845,370941092.82765
1570291200000,2019-10-05T16:00:00.000Z,8083,8180,8011.5,8041.5,42503.7997,343724292.7967
1570334400000,2019-10-06T04:00:00.000Z,8041.5,8077,7862.5,8008.5,41295.3012,328667927.6464
1570377600000,2019-10-06T16:00:00.000Z,8008.5,8025.5,7766.5,7866,44568.3037,351021430.8644
1570420800000,2019-10-07T04:00:00.000Z,7866,8220.5,7801.5,8176.5,50823.7437,405875723.1382
1570464000000,2019-10-07T16:00:00.000Z,8176.5,8324,8136.5,8256.5,49091.3042,403936885.7995
1570507200000,2019-10-08T04:00:00.000Z,8256.5,8287,8130,8185,46682.5375,382697857.76275
1570550400000,2019-10-08T16:00:00.000Z,8185,8209.5,8104.5,8120,42021.0491,343111980.0954
1570593600000,2019-10-09T04:00:00.000Z,8120,8650,8115,8548.5,47163.5124,389098367.0087
1570636800000,2019-10-09T16:00:00.000Z,8548.5,8667.5,8500,8545,48966.4188,419619607.65865
1570680000000,2019-10-10T04:00:00.000Z,8545,8647,8420,8539.5,46944.9758,400450381.83415
1570723200000,2019-10-10T16:00:00.000Z,8539.5,8587,8476,8552,41741.2522,356114453.7824
1570766400000,2019-10-11T04:00:00.000Z,8552,8778.5,8272,8345,44923.7977,377602745.7233
1570809600000,2019-10-11T16:00:00.000Z,8345,8373,8226.5,8309,45155.0109,375375294.53085
1570852800000,2019-10-12T04:00:00.000Z,8309,8397.5,8290.5,8371,47111.1437,392574512.2087
1570896000000,2019-10-12T16:00:00.000Z,8371,8397.5,8276.5,8337,45989.0358,382936534.95235
1570939200000,2019-10-13T04:00:00.000Z,8337,8438.5,8307,8402,50507.7506,421970791.4043
1570982400000,2019-10-13T16:00:00.000Z,8402,8450.5,8161.5,8288.5,51483.8911,428494163.67625
1571025600000,2019-10-14T04:00:00.000Z,8288.5,8332,8242.5,8251.5,52676.9611,436651324.33995
1571068800000,2019-10-14T16:00:00.000Z,8251.5,8408,8207.5,8316,46985.1509,391347766.5652
1571112000000,2019-10-15T04:00:00.000Z,8316,8359.5,8239.5,8320,40692.5676,337716115.19105
1571155200000,2019-10-15T16:00:00.000Z,8320,8320,8110,8166.5,41622.7064,339935471.59265
1571198400000,2019-10-16T04:00:00.000Z,8166.5,8177.5,7939.5,7950.5,43886.5747,354969858.39855
1571241600000,2019-10-16T16:00:00.000Z,7950.5,8020.5,7917,7967,41258.3868,329095027.6466
1571284800000,2019-10-17T04:00:00.000Z,7967,8114.5,7930,8069.5,43693.6514,350552492.88115
1571328000000,2019-10-17T16:00:00.000Z,8069.5,8125,8035.5,8065,47309.5969,381744604.136
1571414400000,2019-10-18T16:00:00.000Z,7919.5,7980,7892,7938.5,44317.8643,351625994.9603
1571457600000,2019-10-19T04:00:00.000Z,7938.5,8088,7871,7988.5,41445.6556,329952757.51415
1571500800000,2019-10-19T16:00:00.000Z,7988.5,7999,7870.5,7903,37823.2666,300388472.58425
1571544000000,2019-10-20T04:00:00.000Z,7903,8042,7883,8022,40063.9802,318208842.80465
1571587200000,2019-10-20T16:00:00.000Z,8022,8296.5,8010,8219.5,45866.4766,375287224.8398
1571630400000,2019-10-21T04:00:00.000Z,8219.5,8330,8155,8190.5,48835.7407,401817734.72085
1571673600000,2019-10-21T16:00:00.000Z,8190.5,8226,8144,8199.5,44002.0153,360114921.2693
1571716800000,2019-10-22T04:00:00.000Z,8199.5,8296.5,8170,8212,39757.9182,326947749.11535
1571760000000,2019-10-22T16:00:00.000Z,8212,8220.5,7941,7954.5,41710.1773,337629757.03505
1571803200000,2019-10-23T04:00:00.000Z,7954.5,8010.5,7411,7429,50161.7496,390031157.56205
1571846400000,2019-10-23T16:00:00.000Z,7429,7534.5,7299.5,7411,38517.454,287091390.92345
1571889600000,2019-10-24T04:00:00.000Z,7411,7499,7340.5,7435.5,40841.487,303514580.17895
1571932800000,2019-10-24T16:00:00.000Z,7435.5,7470.5,7411.5,7438,40710.9751,302902904.5423
1571976000000,2019-10-25T04:00:00.000Z,7438,8468,7380,8277.5,58947.3026,447434309.8054
1572019200000,2019-10-25T16:00:00.000Z,8277.5,10368,8277.5,9549.5,111881.4278,1010488630.0046
1572062400000,2019-10-26T04:00:00.000Z,9549.5,9763.5,8970,9190.5,97930.3,913919428.7194
1572105600000,2019-10-26T16:00:00.000Z,9190.5,9368.5,8901,9131.5,68552.1834,626141424.4679
1572148800000,2019-10-27T04:00:00.000Z,9131.5,9640.5,9072.5,9521.5,73507.3208,686784165.11365
1572192000000,2019-10-27T16:00:00.000Z,9521.5,9902.5,9377.5,9613.5,75812.5286,731964118.7597
1572235200000,2019-10-28T04:00:00.000Z,9613.5,9679,9254.5,9376,59828.225,563164554.57105
1572278400000,2019-10-28T16:00:00.000Z,9376,9479.5,9191,9280.5,55950.7168,522305823.39705
1572321600000,2019-10-29T04:00:00.000Z,9280.5,9538,9273.5,9339.5,59787.4726,562231864.3048
1572364800000,2019-10-29T16:00:00.000Z,9339.5,9482.5,9088.5,9274.5,54394.4307,508651686.7496
1572408000000,2019-10-30T04:00:00.000Z,9274.5,9329.5,9000.5,9101,55833.9355,511110371.35405
1572451200000,2019-10-30T16:00:00.000Z,9101,9220.5,9013,9100,43918.624,401000413.56795
1572494400000,2019-10-31T04:00:00.000Z,9100,9399.5,8937.5,9213.5,49847.566,456069081.6297
1572537600000,2019-10-31T16:00:00.000Z,9213.5,9262.5,9020,9060.5,45227.9982,414125893.8044
1572580800000,2019-11-01T04:00:00.000Z,9060.5,9279,9037,9084,49125.9325,448395731.72105
1572624000000,2019-11-01T16:00:00.000Z,9084,9276.5,9066.5,9237,43944.6158,404372717.27305
1572667200000,2019-11-02T04:00:00.000Z,9237,9371,9187.5,9322.5,39364.6438,364120385.60235
1572710400000,2019-11-02T16:00:00.000Z,9322.5,9361,9265,9327,35571.5664,330957017.9949
1572753600000,2019-11-03T04:00:00.000Z,9327,9329.5,9100.5,9180.5,41352.2323,380465345.43915
1572796800000,2019-11-03T16:00:00.000Z,9180.5,9235,9071,9150.5,41769.745,382650924.9887
1572840000000,2019-11-04T04:00:00.000Z,9150.5,9320.5,9116.5,9293.5,50883.9645,468398478.4145
1572883200000,2019-11-04T16:00:00.000Z,9293.5,9508,9245.5,9399.5,56102.8628,525586212.4435
1572926400000,2019-11-05T04:00:00.000Z,9399.5,9402.5,9171,9370,57285.1109,532765214.58375
1572969600000,2019-11-05T16:00:00.000Z,9370,9413.5,9258,9306,51842.1735,483412976.3589
1573012800000,2019-11-06T04:00:00.000Z,9306,9438,9298.5,9334.5,48272.1509,451469894.8813
1573056000000,2019-11-06T16:00:00.000Z,9334.5,9374,9251,9299.5,46142.9045,429738310.2522
1573099200000,2019-11-07T04:00:00.000Z,9299.5,9314.5,9139,9187,50411.333,465606268.09465
1573142400000,2019-11-07T16:00:00.000Z,9187,9261,9106,9240,47122.1904,434178212.61295
1573185600000,2019-11-08T04:00:00.000Z,9240,9260.5,8693,8820.5,58054.1305,522969612.00795
1573228800000,2019-11-08T16:00:00.000Z,8820.5,8901,8717.5,8837,40283.9959,354942835.81575
1573272000000,2019-11-09T04:00:00.000Z,8837,8879.5,8772.5,8802,40262.3775,355781776.11625
1573315200000,2019-11-09T16:00:00.000Z,8802,8830,8727.5,8769.5,40458.5406,355236832.3557
1573358400000,2019-11-10T04:00:00.000Z,8769.5,8887.5,8769.5,8796.5,41665.3914,367823403.27595
1573401600000,2019-11-10T16:00:00.000Z,8796.5,9131.5,8785,9019.5,44066.8505,398278293.0676
1573444800000,2019-11-11T04:00:00.000Z,9019.5,9033.5,8621.5,8723.5,50427.4118,442559767.7835
1573488000000,2019-11-11T16:00:00.000Z,8723.5,8798.5,8698.5,8742,39672.7209,346791741.6155
1573531200000,2019-11-12T04:00:00.000Z,8742,8883.5,8582,8702,49137.2436,429211267.17235
1573574400000,2019-11-12T16:00:00.000Z,8702,8843.5,8683.5,8729,42032.1966,368091280.85405
1573617600000,2019-11-13T04:00:00.000Z,8729,8812,8711,8751.5,47803.769,418454357.22185
1573660800000,2019-11-13T16:00:00.000Z,8751.5,8799.5,8739,8759,45378.8183,397829480.6637
1573704000000,2019-11-14T04:00:00.000Z,8759,8769.5,8584.5,8641,42708.6092,369577480.0738
1573747200000,2019-11-14T16:00:00.000Z,8641,8684,8518,8557.5,48359.125,417368221.93565
1573790400000,2019-11-15T04:00:00.000Z,8557.5,8786,8400,8482.5,55786.2954,479053519.88535
1573833600000,2019-11-15T16:00:00.000Z,8482.5,8528.5,8430.5,8451.5,39575.4526,335257954.8226
1573876800000,2019-11-16T04:00:00.000Z,8451.5,8538,8449.5,8488.5,43659.8825,370302788.26395
1573920000000,2019-11-16T16:00:00.000Z,8488.5,8519,8454,8482,42305.1668,358830997.26685
1573963200000,2019-11-17T04:00:00.000Z,8482,8586,8370,8529.5,41694.0658,354607119.0311
1574006400000,2019-11-17T16:00:00.000Z,8529.5,8619.5,8421,8475.5,46207.3043,393540438.1901
1574049600000,2019-11-18T04:00:00.000Z,8475.5,8498.5,8373,8409,43297.7642,365826517.22685
1574092800000,2019-11-18T16:00:00.000Z,8409,8435.5,8059.5,8153.5,50365.2961,414995076.61005
1574136000000,2019-11-19T04:00:00.000Z,8153.5,8176,8010,8100,8986.2868,72851811.78385
1574179200000,2019-11-19T16:00:00.000Z,8100,8159.5,8050,8127,4483.628,36407117.0305
1574222400000,2019-11-20T04:00:00.000Z,8127,8156,8039,8126.5,6781.4964,54935012.08455
1574265600000,2019-11-20T16:00:00.000Z,8126.5,8227.5,8067,8125.5,4562.1401,37047686.06325
1574308800000,2019-11-21T04:00:00.000Z,8125.5,8127.5,7454,7630.5,12446.5911,97937203.44455
1574352000000,2019-11-21T16:00:00.000Z,7630.5,7689.5,7548.5,7599.5,5664.1046,43185101.66145
1574395200000,2019-11-22T04:00:00.000Z,7599.5,7719.5,6793.5,7121.5,31854.2888,230535224.7546
1574438400000,2019-11-22T16:00:00.000Z,7121.5,7376.5,7096.5,7273.5,14681.6359,106166478.0687
1574481600000,2019-11-23T04:00:00.000Z,7273.5,7332,7081,7291,14335.7171,103166228.42105
1574524800000,2019-11-23T16:00:00.000Z,7291,7345,7184.5,7201,11409.9402,82976267.54625
1574568000000,2019-11-24T04:00:00.000Z,7201,7272.5,6963.5,6988,16506.2888,118111716.87865
1574611200000,2019-11-24T16:00:00.000Z,6988,7112.5,6611,6667,16964.6454,117136700.8146
1574654400000,2019-11-25T04:00:00.000Z,6667,7284,6515,7252,31302.577,214468900.0717
1574697600000,2019-11-25T16:00:00.000Z,7252,7369,7073.5,7245,13294.6462,95576891.38885
1574740800000,2019-11-26T04:00:00.000Z,7245,7339.5,7023,7097,18352.0432,131407085.7607
1574784000000,2019-11-26T16:00:00.000Z,7097,7178,7032,7072,9877.2107,70262444.9006
1574827200000,2019-11-27T04:00:00.000Z,7072,7340,6850,7304.5,19158.5749,135852267.13295
1574870400000,2019-11-27T16:00:00.000Z,7304.5,7655.5,7213,7488.5,15147.538,113718174.2255
1574913600000,2019-11-28T04:00:00.000Z,7488.5,7638,7415,7610.5,14579.4836,109231038.37045
1574956800000,2019-11-28T16:00:00.000Z,7610.5,7639.5,7365,7485.5,12405.3743,93154999.49005
1575000000000,2019-11-29T04:00:00.000Z,7485.5,7814.5,7412,7807.5,19586.9941,148447376.8207
1575043200000,2019-11-29T16:00:00.000Z,7807.5,7850,7666.5,7739.5,9258.1573,71654455.5429
1575086400000,2019-11-30T04:00:00.000Z,7739.5,7800,7512.5,7537,17134.542,131584132.8592
1575129600000,2019-11-30T16:00:00.000Z,7537,7611,7232,7288,12894.8148,96096661.46025
1575172800000,2019-12-01T04:00:00.000Z,7288,7472.5,7230,7303.5,14848.1144,109001141.7564
1575216000000,2019-12-01T16:00:00.000Z,7303.5,7436,7276,7359,9577.5784,70441205.24655
1575259200000,2019-12-02T04:00:00.000Z,7359,7373.5,7154,7309,17357.7358,126382262.641
1575302400000,2019-12-02T16:00:00.000Z,7309,7398,7255.5,7349,10182.9102,74502601.81455
1575345600000,2019-12-03T04:00:00.000Z,7349,7357,7238,7334.5,12944.4784,94406400.53115
1575388800000,2019-12-03T16:00:00.000Z,7334.5,7356.5,7103,7150,11384.0801,82481112.69895
1575432000000,2019-12-04T04:00:00.000Z,7150,7750,7082.5,7464.5,19091.2874,139461154.6275
1575475200000,2019-12-04T16:00:00.000Z,7464.5,7500,7100,7223,10615.2318,77390421.56935
1575518400000,2019-12-05T04:00:00.000Z,7223,7480,7153,7336.5,16040.7815,117564099.59575
1575561600000,2019-12-05T16:00:00.000Z,7336.5,7447.5,7266.5,7370.5,9104.1207,67056242.6561
1575604800000,2019-12-06T04:00:00.000Z,7370.5,7438,7304.5,7375.5,11061.655,81494831.31475
1575648000000,2019-12-06T16:00:00.000Z,7375.5,7585,7371.5,7527.5,11665.457,87284163.62065
1575691200000,2019-12-07T04:00:00.000Z,7527.5,7612.5,7471,7507,11424.7612,85963348.5582
1575734400000,2019-12-07T16:00:00.000Z,7507,7530.5,7375,7402,10008.614,74747438.06245
1575777600000,2019-12-08T04:00:00.000Z,7402,7561.5,7380,7546.5,10773.0826,80545679.88585
1575820800000,2019-12-08T16:00:00.000Z,7546.5,7553,7460,7510.5,7757.0064,58268267.7052
1575864000000,2019-12-09T04:00:00.000Z,7510.5,7650,7394,7423,15404.2729,115450351.00265
1575907200000,2019-12-09T16:00:00.000Z,7423,7450,7283.5,7380.5,9959.0116,73392006.94665
1575950400000,2019-12-10T04:00:00.000Z,7380.5,7395.5,7215.5,7236,12723.411,93200819.6105
1575993600000,2019-12-10T16:00:00.000Z,7236,7271,7159.5,7213,9724.8746,70285022.72265
1576036800000,2019-12-11T04:00:00.000Z,7213,7265,7135,7173,11593.1242,83682391.17975
1576080000000,2019-12-11T16:00:00.000Z,7173,7286,7089,7158.5,11832.0268,84926084.72365
1576123200000,2019-12-12T04:00:00.000Z,7158.5,7219.5,7114,7191,11711.1931,83947471.1902
1576166400000,2019-12-12T16:00:00.000Z,7191,7261.5,7177,7227,9107.2112,65667418.07605
1576209600000,2019-12-13T04:00:00.000Z,7227,7268,7205.5,7253.5,10104.0533,73030113.84175
1576252800000,2019-12-13T16:00:00.000Z,7253.5,7300,7223.5,7254.5,8956.5199,65000682.0251
1576296000000,2019-12-14T04:00:00.000Z,7254.5,7269.5,7030.5,7060,15458.476,110949730.59365
1576339200000,2019-12-14T16:00:00.000Z,7060,7101,7010,7056,9882.1772,69791448.54555
1576382400000,2019-12-15T04:00:00.000Z,7056,7200.5,7035,7119.5,16168.2391,114923845.66725
1576425600000,2019-12-15T16:00:00.000Z,7119.5,7141.5,7059.5,7078,7394.5426,52544744.5721
1576468800000,2019-12-16T04:00:00.000Z,7078,7150,7044,7087.5,11935.4683,84606734.9563
1576512000000,2019-12-16T16:00:00.000Z,7087.5,7116,6835,6885.5,15277.8639,105806912.0128
1576555200000,2019-12-17T04:00:00.000Z,6885.5,6933.5,6689,6694,37088.9195,254057334.36285
1576598400000,2019-12-17T16:00:00.000Z,6694,6743.5,6560,6686,38988.6377,259329228.2757
1576641600000,2019-12-18T04:00:00.000Z,6686,6863,6434,6822,42770.0431,284105186.0311
1576684800000,2019-12-18T16:00:00.000Z,6822,7431.5,6774,7160.5,42610.2579,302300918.3301
1576728000000,2019-12-19T04:00:00.000Z,7160.5,7234,7048,7145.5,36488.4745,260366668.78695
1576771200000,2019-12-19T16:00:00.000Z,7145.5,7182,7080,7132.5,25608.7744,182875198.8407
1576814400000,2019-12-20T04:00:00.000Z,7132.5,7217,7083,7154.5,37260.4286,266140374.4316
1576857600000,2019-12-20T16:00:00.000Z,7154.5,7211.5,7132,7155.5,25618.5779,183788796.07585
1576900800000,2019-12-21T04:00:00.000Z,7155.5,7176.5,7112,7139,31467.8722,224603765.3866
1576944000000,2019-12-21T16:00:00.000Z,7139,7179.5,7120,7135.5,25094.4901,179135999.66075
1576987200000,2019-12-22T04:00:00.000Z,7135.5,7200,7123,7185.5,27594.6786,197515455.74065
1577030400000,2019-12-22T16:00:00.000Z,7185.5,7633.5,7165.5,7590.5,42016.1774,312540299.9177
1577073600000,2019-12-23T04:00:00.000Z,7590.5,7610,7446.5,7584.5,32128.2088,242081696.69555
1577116800000,2019-12-23T16:00:00.000Z,7584.5,7689.5,7266.5,7314,43006.74,318733052.13345
1577160000000,2019-12-24T04:00:00.000Z,7314,7435.5,7226.5,7278,47966.8493,351821847.1677
1577203200000,2019-12-24T16:00:00.000Z,7278,7309,7162,7231.5,33660.2801,243670594.8047
1577246400000,2019-12-25T04:00:00.000Z,7231.5,7272,7173,7188.5,37289.9474,269372188.06145
1577289600000,2019-12-25T16:00:00.000Z,7188.5,7269.5,7130,7183,30598.4958,220021063.9506
1577332800000,2019-12-26T04:00:00.000Z,7183,7244,7176.5,7232,31608.3998,227867705.0789
1577376000000,2019-12-26T16:00:00.000Z,7232,7434.5,7158.5,7233,35548.5887,258323079.7041
1577419200000,2019-12-27T04:00:00.000Z,7233,7262,7085.5,7238,36566.9979,263097335.45945
1577462400000,2019-12-27T16:00:00.000Z,7238,7332.5,7178.5,7284.5,30811.2818,223377564.39955
1577505600000,2019-12-28T04:00:00.000Z,7284.5,7360.5,7263,7303.5,31406.6057,229401994.19005
1577548800000,2019-12-28T16:00:00.000Z,7303.5,7365,7276,7306,30878.3101,226032547.95245
1577592000000,2019-12-29T04:00:00.000Z,7306,7418.5,7291,7394,34857.5569,255756857.76435
1577635200000,2019-12-29T16:00:00.000Z,7394,7528,7312,7349.5,36006.2691,266134997.7404
1577678400000,2019-12-30T04:00:00.000Z,7349.5,7406.5,7254,7261,32755.8945,240401394.08535
1577721600000,2019-12-30T16:00:00.000Z,7261,7287,7201,7235.5,29897.4928,216825168.7876
1577764800000,2019-12-31T04:00:00.000Z,7235.5,7320,7190.5,7195,31053.3695,224925669.48425
1577808000000,2019-12-31T16:00:00.000Z,7195,7244.5,7146,7224.5,32571.7125,234227780.1974
1577851200000,2020-01-01T04:00:00.000Z,7224.5,7255.5,7180,7233.5,30458.1237,219730477.24715
1577894400000,2020-01-01T16:00:00.000Z,7233.5,7249,7122,7127.5,27855.1692,200788265.1133
1577937600000,2020-01-02T04:00:00.000Z,7127.5,7182,7105.5,7130,36752.186,262538139.39965
1577980800000,2020-01-02T16:00:00.000Z,7130,7146,6871,6952.5,32187.8078,224410340.1406
1578024000000,2020-01-03T04:00:00.000Z,6952.5,7379,6949.5,7320,43674.6964,316059491.82635
1578067200000,2020-01-03T16:00:00.000Z,7320,7400,7261.5,7332.5,35726.5035,261795683.8227
1578110400000,2020-01-04T04:00:00.000Z,7332.5,7369,7291,7318.5,29565.6826,216799791.10625
1578153600000,2020-01-04T16:00:00.000Z,7318.5,7481.5,7274,7476.5,30523.2254,224872470.20355
1578196800000,2020-01-05T04:00:00.000Z,7476.5,7492.5,7396.5,7467.5,30413.2257,226275298.46865
1578240000000,2020-01-05T16:00:00.000Z,7467.5,7578.5,7317.5,7539.5,36117.6004,268466286.23415
1578283200000,2020-01-06T04:00:00.000Z,7539.5,7600,7487,7519.5,32297.6838,243368435.27705
1578326400000,2020-01-06T16:00:00.000Z,7519.5,7999,7510,7896.5,44020.2641,340606967.1615
1578369600000,2020-01-07T04:00:00.000Z,7896.5,7962.5,7745,7763.5,51775.2712,407293293.57185
1578412800000,2020-01-07T16:00:00.000Z,7763.5,8455,7725.5,8300,94827.1899,771525225.6233
1578456000000,2020-01-08T04:00:00.000Z,8300,8419,8210.5,8305.5,56700.1027,471523047.50485
1578499200000,2020-01-08T16:00:00.000Z,8305.5,8337.5,7874.5,7954,82418.9575,662849024.8367
1578542400000,2020-01-09T04:00:00.000Z,7954,7977.5,7855,7903.5,56281.7003,445316606.48815
1578585600000,2020-01-09T16:00:00.000Z,7903.5,7999,7751.5,7817.5,66249.4306,518785305.75655
1578628800000,2020-01-10T04:00:00.000Z,7817.5,8086.5,7674,8065,63280.0663,496021691.16525
1578672000000,2020-01-10T16:00:00.000Z,8065,8255,7912,8159,56930.2492,459958188.01055
1578715200000,2020-01-11T04:00:00.000Z,8159,8180,8011,8099.5,56288.9026,454993995.8039
1578758400000,2020-01-11T16:00:00.000Z,8099.5,8285.5,7962,8090.5,55261.1341,448454676.246
1578801600000,2020-01-12T04:00:00.000Z,8090.5,8186.5,8071,8152,30870.2744,250736952.17105
1578844800000,2020-01-12T16:00:00.000Z,8152,8195,8072.5,8106.5,29495.4538,239945883.10765
1578888000000,2020-01-13T04:00:00.000Z,8106.5,8134,8057,8085,42011.5017,340059817.58135
1578931200000,2020-01-13T16:00:00.000Z,8085,8475,8070.5,8460.5,65971.8862,543263354.3078
1578974400000,2020-01-14T04:00:00.000Z,8460.5,8760,8455,8681,55727.734,477084290.97275
1579017600000,2020-01-14T16:00:00.000Z,8681,8900,8520,8728,65692.4245,574112384.09775
1579104000000,2020-01-15T16:00:00.000Z,8764,8875.5,8594.5,8640,29196.7432,255463550.5681
1579147200000,2020-01-16T04:00:00.000Z,8640,8787,8601,8710,35884.5637,311598919.6868
1579190400000,2020-01-16T16:00:00.000Z,8710,8839,8624.5,8786,49649.3732,432420269.44385
1579233600000,2020-01-17T04:00:00.000Z,8786,9027,8761,8853,65592.5424,583303442.6946
1579276800000,2020-01-17T16:00:00.000Z,8853,8989.5,8813,8925,61435.6242,547583689.4528
1579320000000,2020-01-18T04:00:00.000Z,8925,8964.5,8807,8902,55961.4626,496763301.20535
1579363200000,2020-01-18T16:00:00.000Z,8902,9198.5,8845.5,9155.5,41187.5378,369561214.3592
1579406400000,2020-01-19T04:00:00.000Z,9155.5,9165.5,8513.5,8632.5,59654.0942,528206257.8161
1579449600000,2020-01-19T16:00:00.000Z,8632.5,8756,8486.5,8665,57370.1407,496927010.75905
1579492800000,2020-01-20T04:00:00.000Z,8665,8693.5,8522,8677,56438.9384,487943434.81475
1579536000000,2020-01-20T16:00:00.000Z,8677,8744.5,8617.5,8671.5,61143.5383,529883665.2571
1579579200000,2020-01-21T04:00:00.000Z,8671.5,8697,8607,8644.5,55221.2574,477800271.24815
1579622400000,2020-01-21T16:00:00.000Z,8644.5,8783.5,8499.5,8715,51143.3162,444416448.6504
1579665600000,2020-01-22T04:00:00.000Z,8715,8816,8625,8653.5,59327.6869,515653488.39495
1579708800000,2020-01-22T16:00:00.000Z,8653.5,8709.5,8570.5,8597,56932.6732,492386473.56395
1579752000000,2020-01-23T04:00:00.000Z,8597,8621,8326.5,8358.5,70557.5722,597639354.3869
1579795200000,2020-01-23T16:00:00.000Z,8358.5,8442.5,8278,8323,46753.4233,391042775.85765
1579838400000,2020-01-24T04:00:00.000Z,8323,8515,8238,8507.5,55235.592,462334327.33645
1579881600000,2020-01-24T16:00:00.000Z,8507.5,8528,8272,8299.5,59413.8226,501418323.9685
1579924800000,2020-01-25T04:00:00.000Z,8299.5,8383,8283,8336,55773.4133,464525680.43775
1579968000000,2020-01-25T16:00:00.000Z,8336,8420,8296.5,8369,56701.4939,473840771.24045
1580011200000,2020-01-26T04:00:00.000Z,8369,8487.5,8343.5,8459.5,48459.0927,408259830.58935
1580054400000,2020-01-26T16:00:00.000Z,8459.5,8706,8452.5,8670,42036.3071,360949181.84545
1580097600000,2020-01-27T04:00:00.000Z,8670,8799,8571.5,8783.5,36155.0603,313812494.2199
1580140800000,2020-01-27T16:00:00.000Z,8783.5,9163.5,8749,9106,45017.8704,402392802.87045
1580184000000,2020-01-28T04:00:00.000Z,9106,9188,8945,9026,56139.7541,507986138.48465
1580227200000,2020-01-28T16:00:00.000Z,9026,9418.5,8900,9344,60543.56,555267453.1606
1580270400000,2020-01-29T04:00:00.000Z,9344,9437,9239.5,9284.5,56565.2367,527705477.735
1580313600000,2020-01-29T16:00:00.000Z,9284.5,9445,9210,9281,59583.1765,554987699.9696
1580356800000,2020-01-30T04:00:00.000Z,9281,9412.5,9278,9385,57469.7799,537549911.91865
1580400000000,2020-01-30T16:00:00.000Z,9385,9577.5,9230.5,9444,57790.5955,548461456.7752
1580443200000,2020-01-31T04:00:00.000Z,9444,9449,9211,9338.5,57060.4642,533085950.59905
1580486400000,2020-01-31T16:00:00.000Z,9338.5,9464.5,9256,9431,51125.3222,478077403.9071
1580529600000,2020-02-01T04:00:00.000Z,9431,9452.5,9298.5,9335,41678.7277,390689775.5819
1580572800000,2020-02-01T16:00:00.000Z,9335,9421,9247,9267,51754.114,484117781.93695
1580616000000,2020-02-02T04:00:00.000Z,9267,9476,9165,9449,59820.408,561023526.3577
1580659200000,2020-02-02T16:00:00.000Z,9449,9604.5,9292,9385.5,66951.67,631031473.43395
1580702400000,2020-02-03T04:00:00.000Z,9385.5,9425.5,9264.5,9269,53668.7506,502456231.66455
1580745600000,2020-02-03T16:00:00.000Z,9269,9350,9237,9282.5,47328.8043,440111022.9078
1580788800000,2020-02-04T04:00:00.000Z,9282.5,9317,9100,9209.5,50831.8389,468413134.5781
1580832000000,2020-02-04T16:00:00.000Z,9209.5,9246.5,9151,9238.5,40396.0926,371708283.81075
1580875200000,2020-02-05T04:00:00.000Z,9238.5,9494.5,9216.5,9483,53348.6908,497581416.2806
1580918400000,2020-02-05T16:00:00.000Z,9483,9762.5,9469.5,9635.5,55214.1617,530646377.94375
1580961600000,2020-02-06T04:00:00.000Z,9635.5,9866,9603.5,9789.5,60776.04,590379727.90865
1581004800000,2020-02-06T16:00:00.000Z,9789.5,9858,9670,9780,56719.1552,554309903.79395
1581048000000,2020-02-07T04:00:00.000Z,9780,9882.5,9735,9804.5,55751.6827,546102227.51965
1581091200000,2020-02-07T16:00:00.000Z,9804.5,9836.5,9670,9714,55483.9449,542681395.56775
1581134400000,2020-02-08T04:00:00.000Z,9714,9866,9702,9829,49660.0225,486384994.91745
1581177600000,2020-02-08T16:00:00.000Z,9829,10050.5,9811.5,10049,58403.4862,578083854.93075
1581220800000,2020-02-09T04:00:00.000Z,10049,10165.5,10004,10097.5,45368.3073,458468307.36475
1581264000000,2020-02-09T16:00:00.000Z,10097.5,10187.5,10053.5,10088.5,56590.1021,572538579.3842
1581307200000,2020-02-10T04:00:00.000Z,10088.5,10105,9761.5,9864.5,70159.4476,694981629.13835
1581350400000,2020-02-10T16:00:00.000Z,9864.5,9894,9721,9733.5,45494.164,447003216.2039
1581393600000,2020-02-11T04:00:00.000Z,9733.5,10194,9715,10164,48276.1721,474794668.6593
1581436800000,2020-02-11T16:00:00.000Z,10164,10324,10163.5,10261,38144.6062,390733226.916
1581480000000,2020-02-12T04:00:00.000Z,10261,10450.5,10227,10318.5,45363.6692,468164303.27835
1581523200000,2020-02-12T16:00:00.000Z,10318.5,10445,10295.5,10383,54567.273,565310821.17075
1581566400000,2020-02-13T04:00:00.000Z,10383,10505.5,10085.5,10255,78159.5567,803613396.5213
1581609600000,2020-02-13T16:00:00.000Z,10255,10294,10146,10260.5,55138.5551,563783401.35995
1581652800000,2020-02-14T04:00:00.000Z,10260.5,10349,10111,10250.5,47612.8364,487137164.777
1581696000000,2020-02-14T16:00:00.000Z,10250.5,10377,10214,10270.5,51981.9603,535798369.25495
1581739200000,2020-02-15T04:00:00.000Z,10270.5,10281.5,9803,9982,60811.8996,621917575.71995
1581782400000,2020-02-15T16:00:00.000Z,9982,10100.5,9812,9999.5,60947.7843,605354802.48285
1581825600000,2020-02-16T04:00:00.000Z,9999.5,10036,9824.5,9862.5,45129.8209,449384925.833
1581868800000,2020-02-16T16:00:00.000Z,9862.5,9997.5,9640,9807,58783.6862,577164487.77335
1581912000000,2020-02-17T04:00:00.000Z,9807,9831.5,9455,9635,88774.0926,859905196.519
1581955200000,2020-02-17T16:00:00.000Z,9635,9759,9578,9725,55992.4379,541090628.3944
1581998400000,2020-02-18T04:00:00.000Z,9725,9868,9587,9830,65026.538,632650509.9555
1582041600000,2020-02-18T16:00:00.000Z,9830,10252,9814,10151,46882.3475,472671228.9955
1582084800000,2020-02-19T04:00:00.000Z,10151,10234.5,10020,10122.5,40664.5661,411298641.6808
1582128000000,2020-02-19T16:00:00.000Z,10122.5,10262.5,9323.5,9572,51387.8674,505977181.9583
1582171200000,2020-02-20T04:00:00.000Z,9572,9639,9519,9571.5,46458.3841,445214807.98015
1582214400000,2020-02-20T16:00:00.000Z,9571.5,9710,9393.5,9707.5,61277.2108,588023625.2245
1582257600000,2020-02-21T04:00:00.000Z,9707.5,9753,9612,9719.5,53637.5036,519295800.7335
1582300800000,2020-02-21T16:00:00.000Z,9719.5,9739,9570,9664.5,58460.7845,565845246.73555
1582344000000,2020-02-22T04:00:00.000Z,9664.5,9671.5,9560.5,9630,60622.8406,583511478.19395
1582387200000,2020-02-22T16:00:00.000Z,9630,9799,9602.5,9790,54554.4808,527458858.88355
1582430400000,2020-02-23T04:00:00.000Z,9790,9992.5,9790,9864,45642.7748,450753972.7885
1582473600000,2020-02-23T16:00:00.000Z,9864,9989.5,9584,9756.5,58682.8942,578885462.97895
1582516800000,2020-02-24T04:00:00.000Z,9756.5,9842,9663.5,9698,54033.592,526871789.57525
1582560000000,2020-02-24T16:00:00.000Z,9698,9729.5,9470.5,9579.5,57428.3995,551980112.5919
1582603200000,2020-02-25T04:00:00.000Z,9579.5,9672,9358,9398,65929.5819,628018013.0619
1582646400000,2020-02-25T16:00:00.000Z,9398,9461.5,9106.5,9170,58207.0739,542076914.53405
1582689600000,2020-02-26T04:00:00.000Z,9170,9309.5,8977,8996,72379.5308,661796890.4925
1582732800000,2020-02-26T16:00:00.000Z,8996,9033,8527,8737.5,65378.61,571835035.5318
1582776000000,2020-02-27T04:00:00.000Z,8737.5,8939.5,8669,8845.5,59987.0577,528209943.16585
1582819200000,2020-02-27T16:00:00.000Z,8845.5,8974,8685,8836,58670.4736,518905002.24665
1582862400000,2020-02-28T04:00:00.000Z,8836,8859.5,8441,8717,61680.7573,535226912.2393
1582905600000,2020-02-28T16:00:00.000Z,8717,8740,8480.5,8576,33089.9216,284411419.2075
1582948800000,2020-02-29T04:00:00.000Z,8715,8791.5,8571.5,8648,51237.5025,445234548.37385
1582992000000,2020-02-29T16:00:00.000Z,8648,8676.5,8515,8622,56163.85,484563672.01945
1583035200000,2020-03-01T04:00:00.000Z,8622,8752,8520.5,8557.5,51626.8469,443038731.79045
1583078400000,2020-03-01T16:00:00.000Z,8557.5,8652.5,8420,8603,55050.7381,470088350.89875
1583121600000,2020-03-02T04:00:00.000Z,8603,8884,8597,8831,53184.394,463996913.76285
1583164800000,2020-03-02T16:00:00.000Z,8831,8962.5,8803.5,8863.5,53622.3372,475613144.43105
1583208000000,2020-03-03T04:00:00.000Z,8863.5,8895.5,8665,8750,63196.8726,556572024.7331
1583251200000,2020-03-03T16:00:00.000Z,8750,8835,8652,8791.5,51361.0234,449619255.91905
1583294400000,2020-03-04T04:00:00.000Z,8791.5,8847,8665,8700.5,63312.7105,555026364.67165
1583337600000,2020-03-04T16:00:00.000Z,8700.5,8941,8671.5,8872,53503.6386,469660328.31485
1583380800000,2020-03-05T04:00:00.000Z,8872,9137,8865,9085,57621.4149,518681105.6573
1583424000000,2020-03-05T16:00:00.000Z,9085,9156.5,8988.5,9035.5,53257.2167,483190212.44405
1583467200000,2020-03-06T04:00:00.000Z,9035.5,9169.5,8993.5,8994.5,58901.7313,535670165.30315
1583510400000,2020-03-06T16:00:00.000Z,8994.5,9142.5,8993.5,9089.5,59407.6559,540087310.5332
1583553600000,2020-03-07T04:00:00.000Z,9089.5,9133.5,9051.5,9114.5,46313.4913,420944849.70595
1583596800000,2020-03-07T16:00:00.000Z,9114.5,9188,8702,8744,40439.5524,359229366.4509
1583640000000,2020-03-08T04:00:00.000Z,8744,8752.5,8317.5,8400.5,59280.1991,513779756.7194
1583683200000,2020-03-08T16:00:00.000Z,8400.5,8400.5,7985,8063,73387.6363,601679578.102
1583726400000,2020-03-09T04:00:00.000Z,8063,8066,7637.5,7761.5,98663.6249,774259735.83085
1583769600000,2020-03-09T16:00:00.000Z,7761.5,7967,7688.5,7909,66694.6659,523723681.34755
1583812800000,2020-03-10T04:00:00.000Z,7909,8145.5,7745,7769.5,62475.419,498272592.15225
1583856000000,2020-03-10T16:00:00.000Z,7769.5,8034.5,7735,7924,66946.3095,529573683.5001
1583899200000,2020-03-11T04:00:00.000Z,7924,7943.5,7740.5,7779.5,63915.0074,501391613.43095
1583942400000,2020-03-11T16:00:00.000Z,7779.5,7982,7581,7661.5,72304.0696,563240331.7026
1583985600000,2020-03-12T04:00:00.000Z,7661.5,7662.5,5528,6130,106222.6305,720094850.9304
1584028800000,2020-03-12T16:00:00.000Z,6130,6232,3794.5,5170,141427.2036,772627339.989
1584072000000,2020-03-13T04:00:00.000Z,5170,5961.5,4684,5204.5,153584.6741,819804727.12405
1584115200000,2020-03-13T16:00:00.000Z,5204.5,5698,4822,5578.5,166438.2336,890764653.3242
1584158400000,2020-03-14T04:00:00.000Z,5578.5,5578.5,5176.5,5311,119914.4408,645589682.9277
1584201600000,2020-03-14T16:00:00.000Z,5311,5496,5063,5179.5,113699.6519,597347971.08125
1584244800000,2020-03-15T04:00:00.000Z,5179.5,5595,5179.5,5325.5,90283.4594,479916948.24955
1584288000000,2020-03-15T16:00:00.000Z,5325.5,5943,5184,5272,129590.2427,696585437.0805
1584331200000,2020-03-16T04:00:00.000Z,5272,5298.5,4445.5,5152.5,163576.6981,794101272.264
1584374400000,2020-03-16T16:00:00.000Z,5152.5,5404,4823,5315.5,135292.3752,683842976.92825
1584417600000,2020-03-17T04:00:00.000Z,5315.5,5440.5,5060.5,5358.5,117229.6053,617091613.056
1584460800000,2020-03-17T16:00:00.000Z,5358.5,5530.5,5272,5395,112173.5701,603239405.2587
1584504000000,2020-03-18T04:00:00.000Z,5395,5435,5005,5328.5,100017.1204,523337258.9253
1584547200000,2020-03-18T16:00:00.000Z,5328.5,5440.5,5139.5,5285.5,67294.7264,357154596.581
1584590400000,2020-03-19T04:00:00.000Z,5285.5,5919.5,5280,5894.5,87859.3812,492820348.14585
1584633600000,2020-03-19T16:00:00.000Z,5894.5,6400,5802.5,6155.5,127349.2454,786908809.9878
1584676800000,2020-03-20T04:00:00.000Z,6155.5,6910,6115,6613.5,138977.2902,909034286.64175
1584720000000,2020-03-20T16:00:00.000Z,6613.5,6660,5664.5,6267.5,129944.5183,808816094.452
1584763200000,2020-03-21T04:00:00.000Z,6267.5,6325.5,5860.5,6212.5,107129.7099,655501442.903
1584806400000,2020-03-21T16:00:00.000Z,6212.5,6450,6042,6350.5,88018.2982,546806087.0745
1584849600000,2020-03-22T04:00:00.000Z,6350.5,6406.5,5917,6074,94078.9031,583071745.63015
1584892800000,2020-03-22T16:00:00.000Z,6074,6139,5695.5,5954,90793.9653,538111077.62485
1584936000000,2020-03-23T04:00:00.000Z,5954,6596.5,5734,6229,91559.697,555227603.897
1584979200000,2020-03-23T16:00:00.000Z,6229,6672,6226.5,6521.5,73820.4224,473980348.09005
1585022400000,2020-03-24T04:00:00.000Z,6521.5,6835,6373.5,6586.5,104545.9145,693898418.3277
1585065600000,2020-03-24T16:00:00.000Z,6586.5,6792,6511,6556.5,55396.7897,369301870.5811
1585108800000,2020-03-25T04:00:00.000Z,6556.5,6956,6449.5,6615.5,90026.9591,598742621.53985
1585152000000,2020-03-25T16:00:00.000Z,6615.5,6779.5,6555,6726,55843.8231,371967154.054
1585195200000,2020-03-26T04:00:00.000Z,6726,6764,6515.5,6617.5,66111.8612,438288087.5189
1585238400000,2020-03-26T16:00:00.000Z,6617.5,6843.5,6594,6792.5,40149.2991,269620728.7896
1585281600000,2020-03-27T04:00:00.000Z,6792.5,6827.5,6570.5,6624,68321.8148,454831342.06185
1585324800000,2020-03-27T16:00:00.000Z,6624,6697,6067.5,6116,60108.6671,389746741.62635
1585368000000,2020-03-28T04:00:00.000Z,6116,6318,6095.5,6213.5,56979.7883,353557297.86685
1585411200000,2020-03-28T16:00:00.000Z,6213.5,6296,6022,6206,46810.9769,290154746.18785
1585454400000,2020-03-29T04:00:00.000Z,6206,6213.5,6067,6130.5,49478.7072,303497955.79865
1585497600000,2020-03-29T16:00:00.000Z,6130.5,6162.5,5858,6007,82221.0447,491653303.3719
1585540800000,2020-03-30T04:00:00.000Z,6007,6443,5990.5,6342.5,57682.9212,361014566.04405
1585584000000,2020-03-30T16:00:00.000Z,6342.5,6600.5,6306.5,6440,44559.8846,286744475.6638
1585627200000,2020-03-31T04:00:00.000Z,6440,6505.5,6333,6452,56338.669,362652946.0941
1585670400000,2020-03-31T16:00:00.000Z,6452,6493.5,6250,6367.5,58882.6244,376464567.5238
1585713600000,2020-04-01T04:00:00.000Z,6367.5,6376,6168,6228.5,70293.5598,441742670.4865
1585756800000,2020-04-01T16:00:00.000Z,6228.5,6735.5,6150,6605.5,76382.8344,491238837.98245
1585800000000,2020-04-02T04:00:00.000Z,6605.5,6830,6566.5,6805.5,84876.347,565959263.05515
1585843200000,2020-04-02T16:00:00.000Z,6805.5,7226,6655.5,6782.5,95136.1719,652540438.2748
1585886400000,2020-04-03T04:00:00.000Z,6782.5,7055.5,6672.5,6711,84179.3277,577286162.7632
1585929600000,2020-04-03T16:00:00.000Z,6711,6814.5,6603,6696,69465.911,467260522.1555
1585972800000,2020-04-04T04:00:00.000Z,6696,6900.5,6650,6730.5,68147.137,460007929.1155
1586016000000,2020-04-04T16:00:00.000Z,6730.5,6998,6715,6796,58082.674,395350942.2885
1586059200000,2020-04-05T04:00:00.000Z,6796,6839.5,6741.5,6784.5,51392.168,348640740.8505
1586102400000,2020-04-05T16:00:00.000Z,6784.5,6888,6677,6843.5,63540.562,431414000.701
1586145600000,2020-04-06T04:00:00.000Z,6843.5,7162.5,6843.5,7144,76004.006,536754479.6615
1586188800000,2020-04-06T16:00:00.000Z,7144,7452.5,7077,7322,66050.419,479804712.6015
1586232000000,2020-04-07T04:00:00.000Z,7322,7455.5,7221,7318.5,65845.514,483379266.319
1586275200000,2020-04-07T16:00:00.000Z,7318.5,7390,7078,7352.5,52754.029,381482533.8975
1586318400000,2020-04-08T04:00:00.000Z,7352.5,7424,7199,7277.5,59397.894,433705154.927
1586361600000,2020-04-08T16:00:00.000Z,7277.5,7391,7251.5,7287.5,52736.997,386200078.152
1586404800000,2020-04-09T04:00:00.000Z,7287.5,7350,7116,7281.5,61758.478,450322523.147
1586448000000,2020-04-09T16:00:00.000Z,7281.5,7315.5,7156,7173,52518.987,382020721.0975
1586491200000,2020-04-10T04:00:00.000Z,7173,7173.5,6743,6766.5,83760.185,579740721.2735
1586534400000,2020-04-10T16:00:00.000Z,6766.5,6943.5,6740,6906.5,49315.711,339239965.3115
1586577600000,2020-04-11T04:00:00.000Z,6906.5,6944.5,6803.5,6830,55136.431,379105620.5475
1586620800000,2020-04-11T16:00:00.000Z,6830,6903.5,6761.5,6805.5,40953.193,279503237.1065
1586664000000,2020-04-12T04:00:00.000Z,6805.5,7025,6779,7014.5,51061.849,350520103.78
1586707200000,2020-04-12T16:00:00.000Z,7014.5,7180.5,6573,6678,72816.889,505073764.781
1586793600000,2020-04-13T16:00:00.000Z,6764.5,6903.5,6730.5,6886,53713.718,365820053.1035
1586836800000,2020-04-14T04:00:00.000Z,6886,6950,6756,6906.5,65740.354,450826741.7955
1586880000000,2020-04-14T16:00:00.000Z,6906.5,6976.5,6809.5,6904.5,53226.838,366588371.511
1586923200000,2020-04-15T04:00:00.000Z,6904.5,6932.5,6682,6704.5,65063.842,443444855.1595
1586966400000,2020-04-15T16:00:00.000Z,6704.5,6772.5,6476,6652,83694.127,558902868.4455
1587009600000,2020-04-16T04:00:00.000Z,6652,7155,6622,7045.5,73974.003,513875693.4895
1587052800000,2020-04-16T16:00:00.000Z,7045.5,7195,6952,7085.5,68991.776,487259277.127
1587096000000,2020-04-17T04:00:00.000Z,7085.5,7127.5,6989,7038.5,62489.522,441101733.761
1587139200000,2020-04-17T16:00:00.000Z,7038.5,7146,7015,7086,54340.13,383911257.614
1587182400000,2020-04-18T04:00:00.000Z,7086,7268.5,7053.5,7242,57655.809,410479187.5965
1587225600000,2020-04-18T16:00:00.000Z,7242,7295,7156.5,7228.5,42875.567,309326436.01
1587268800000,2020-04-19T04:00:00.000Z,7228.5,7242,7055,7097.5,44755.408,319667518.6045
1587312000000,2020-04-19T16:00:00.000Z,7097.5,7200,7085,7161,57193.724,408837060.8595
1587355200000,2020-04-20T04:00:00.000Z,7161,7216,6915,7071,48532.285,344581957.233
1587398400000,2020-04-20T16:00:00.000Z,7071,7087,6753,6857,80630.686,555390767.4115
1587441600000,2020-04-21T04:00:00.000Z,6857,6901,6755,6829,47262.062,323210887.178
1587484800000,2020-04-21T16:00:00.000Z,6829,6940,6810,6863,44573.716,305981655.199
1587528000000,2020-04-22T04:00:00.000Z,6863,7124.5,6844,7112,55755.235,388620325.5895
1587571200000,2020-04-22T16:00:00.000Z,7112,7182.5,7072,7112.5,67978.036,483576391.6265
1587614400000,2020-04-23T04:00:00.000Z,7112.5,7744,7026,7530.5,62517.537,450402111.4395
1587657600000,2020-04-23T16:00:00.000Z,7530.5,7608,7440.5,7523,49445.759,371922446.8805
1587700800000,2020-04-24T04:00:00.000Z,7523,7610,7398.5,7503.5,43172.316,324405106.784
1587744000000,2020-04-24T16:00:00.000Z,7503.5,7548.5,7437,7518.5,45350.916,340292494.6835
1587787200000,2020-04-25T04:00:00.000Z,7518.5,7708,7497,7528.5,49650.92,374885789.088
1587830400000,2020-04-25T16:00:00.000Z,7528.5,7582.5,7472,7567,36678.365,276774002.161
1587873600000,2020-04-26T04:00:00.000Z,7567,7701,7485,7545,51624.742,392111389.225
1587916800000,2020-04-26T16:00:00.000Z,7545,7795,7535,7733,59259.328,454094109.4365
1587960000000,2020-04-27T04:00:00.000Z,7733,7747.5,7624,7677.5,51859.653,398964380.334
1588003200000,2020-04-27T16:00:00.000Z,7677.5,7779.5,7641.5,7701.5,51211.303,394712450.711
1588046400000,2020-04-28T04:00:00.000Z,7701.5,7763.5,7660,7716.5,60857.945,469450591.38
1588089600000,2020-04-28T16:00:00.000Z,7716.5,7856.5,7702.5,7814,55747.201,431967886.748
1588132800000,2020-04-29T04:00:00.000Z,7814,8389,7804,8359,71032.749,572527044.9875
1588176000000,2020-04-29T16:00:00.000Z,8359,9304,8324,9293,96278.039,843986946.407
1588219200000,2020-04-30T04:00:00.000Z,9293,9455,8549,8780,87244.198,786643585.2675
1588262400000,2020-04-30T16:00:00.000Z,8780,8877.5,8402,8674,66700.094,580258268.4065
1588305600000,2020-05-01T04:00:00.000Z,8674,9057,8674,8728,70304.835,620886004.0235
1588348800000,2020-05-01T16:00:00.000Z,8728,8893.5,8657,8834,65578.745,575462101.225
1588392000000,2020-05-02T04:00:00.000Z,8834,8966,8767,8937.5,62691.01,554682253.8235
1588435200000,2020-05-02T16:00:00.000Z,8937.5,9192,8813.5,9133,58274.614,524404168.617
1588478400000,2020-05-03T04:00:00.000Z,9133,9152.5,8721,8815,72221.416,650076446.3055
1588521600000,2020-05-03T16:00:00.000Z,8815,8957,8633,8729.5,43864.952,387052424.0625
1588564800000,2020-05-04T04:00:00.000Z,8729.5,8859.5,8524,8847.5,59413.723,515749533.4235
1588608000000,2020-05-04T16:00:00.000Z,8847.5,8952.5,8744,8849.5,57586.243,510242363.0245
1588651200000,2020-05-05T04:00:00.000Z,8849.5,9106,8760,8843.5,58010.91,518020530.763
1588694400000,2020-05-05T16:00:00.000Z,8843.5,9070,8819,8978.5,46498.849,415605807.8015
1588737600000,2020-05-06T04:00:00.000Z,8978.5,9380,8963,9273.5,61634.997,562897763.292
1588780800000,2020-05-06T16:00:00.000Z,9273.5,9394.5,9026.5,9290,50321.019,465173005.267
1588824000000,2020-05-07T04:00:00.000Z,9290,9600,9230,9517,56641.69,529497522.6955
1588867200000,2020-05-07T16:00:00.000Z,9517,10070,9505.5,9929,76735.219,756485539.89
1588910400000,2020-05-08T04:00:00.000Z,9929,10005.5,9717,9937,66136.426,652600160.5845
1588953600000,2020-05-08T16:00:00.000Z,9937,9996,9730.5,9863.5,53433.653,529899187.408
1588996800000,2020-05-09T04:00:00.000Z,9863.5,9877.5,9520,9689,57624.867,557758583.207
1589040000000,2020-05-09T16:00:00.000Z,9689,9794,8093,8625,79472.849,724597686.3975
1589083200000,2020-05-10T04:00:00.000Z,8625,8898,8471.5,8651.5,84303.026,735067411.183
1589126400000,2020-05-10T16:00:00.000Z,8651.5,8836,8249.5,8695.5,87621.616,758096900.899
1589169600000,2020-05-11T04:00:00.000Z,8695.5,9155,8469.5,8880,79252.431,694960181.371
1589212800000,2020-05-11T16:00:00.000Z,8880,8922,8200,8714.5,80140.239,687062746.5545
1589256000000,2020-05-12T04:00:00.000Z,8714.5,8941,8614,8867,52743.055,462561504.9225
1589299200000,2020-05-12T16:00:00.000Z,8867,8975,8727,8910,61183.55,543044198.5955
1589342400000,2020-05-13T04:00:00.000Z,8910,9178,8825,9138,71070.028,637363059.525
1589385600000,2020-05-13T16:00:00.000Z,9138,9408.5,9045,9351.5,59256.414,547921044.2735
1589428800000,2020-05-14T04:00:00.000Z,9351.5,9945.5,9266.5,9752.5,88134.576,844769863.7665
1589472000000,2020-05-14T16:00:00.000Z,9752.5,9876,9246,9478.5,64702.884,626153921.0365
1589515200000,2020-05-15T04:00:00.000Z,9478.5,9723.5,9371.5,9474,57124.773,546019677.9795
1589558400000,2020-05-15T16:00:00.000Z,9474,9534,9140,9406.5,53662.098,504225405.043
1589601600000,2020-05-16T04:00:00.000Z,9406.5,9588.5,9332,9380.5,59163.395,558396704.003
1589644800000,2020-05-16T16:00:00.000Z,9380.5,9578.5,9264,9545,47761.67,449511015.0845
1589688000000,2020-05-17T04:00:00.000Z,9545,9888,9458,9821.5,53098.552,510221827.019
1589731200000,2020-05-17T16:00:00.000Z,9821.5,9950.5,9599.5,9861,44221.685,432275154.338
1589774400000,2020-05-18T04:00:00.000Z,9861,9911.5,9460.5,9668,56856.935,551228801.3805
1589817600000,2020-05-18T16:00:00.000Z,9668,9753.5,9489,9528,69067.767,666684679.54
1589860800000,2020-05-19T04:00:00.000Z,9528,9899.5,9474,9684.5,58878.129,570589496.514
1589904000000,2020-05-19T16:00:00.000Z,9684.5,9804.5,9622,9725,51916.513,504257894.087
1589947200000,2020-05-20T04:00:00.000Z,9725,9840.5,9323,9412,68048.836,662130045.9405
1589990400000,2020-05-20T16:00:00.000Z,9412,9598.5,9353,9482,59039.897,562372381.7625
1590033600000,2020-05-21T04:00:00.000Z,9482,9528,8952.5,9086.5,88266.38,824352588.9505
1590076800000,2020-05-21T16:00:00.000Z,9086.5,9160.5,8818.5,8996,61863.921,560123843.146
1590120000000,2020-05-22T04:00:00.000Z,8996,9225.5,8937,9219.5,60857.46,554443037.7355
1590163200000,2020-05-22T16:00:00.000Z,9219.5,9309.5,9129.5,9283.5,52694.385,485165259.857
1590206400000,2020-05-23T04:00:00.000Z,9283.5,9297,9080,9197.5,39287.041,360888627.8345
1590249600000,2020-05-23T16:00:00.000Z,9197.5,9244.5,9120.5,9195.5,54771.532,503329456.2705
1590292800000,2020-05-24T04:00:00.000Z,9195.5,9295,9010,9054.5,59705.305,548369717.215
1590336000000,2020-05-24T16:00:00.000Z,9054.5,9080,8636.5,8781.5,60949.713,541948923.7375
1590379200000,2020-05-25T04:00:00.000Z,8781.5,8877.5,8669.5,8780.5,61567.563,540696047.29
1590422400000,2020-05-25T16:00:00.000Z,8780.5,8975,8762.5,8902,55915.802,497128522.628
1590465600000,2020-05-26T04:00:00.000Z,8902,9017.5,8702,8726,61162.352,543225747.521
1590508800000,2020-05-26T16:00:00.000Z,8726,8894.5,8699.5,8831,51817.187,457599280.4585
1590552000000,2020-05-27T04:00:00.000Z,8831,9237,8830,9147.5,56250.375,506246677.442
1590595200000,2020-05-27T16:00:00.000Z,9147.5,9280,9058,9172.5,64656.71,592657418.5395
1590638400000,2020-05-28T04:00:00.000Z,9172.5,9518,9115.5,9497,58756.697,545185410.817
1590681600000,2020-05-28T16:00:00.000Z,9497,9625,9410,9517.5,55458.554,526167275.654
1590724800000,2020-05-29T04:00:00.000Z,9517.5,9592,9333.5,9411,53033.044,502418229.322
1590768000000,2020-05-29T16:00:00.000Z,9411,9454.5,9333,9392.5,43701.939,411042702.8595
1590811200000,2020-05-30T04:00:00.000Z,9392.5,9602,9390,9537,55373.249,527771853.529
1590854400000,2020-05-30T16:00:00.000Z,9537,9754,9401.5,9577.5,52126.766,499757591.857
1590897600000,2020-05-31T04:00:00.000Z,9577.5,9635,9436,9479.5,57912.446,553538557.6805
1590940800000,2020-05-31T16:00:00.000Z,9479.5,9568,9391,9555.5,54442.775,516948226.6785
1590984000000,2020-06-01T04:00:00.000Z,9555.5,9617.5,9496,9544,52912.865,505209823.7185
1591027200000,2020-06-01T16:00:00.000Z,9544,10400.5,9535.5,10099.5,72616.506,717276095.1335
1591070400000,2020-06-02T04:00:00.000Z,10099.5,10187.5,9284,9466,63548.135,632461823.6925
1591113600000,2020-06-02T16:00:00.000Z,9466,9553,9426,9492,56166.192,533809519.235
1591156800000,2020-06-03T04:00:00.000Z,9492,9648.5,9389,9559.5,54222.099,517166472.221
1591200000000,2020-06-03T16:00:00.000Z,9559.5,9698,9518.5,9665.5,46392.102,445781399.525
1591243200000,2020-06-04T04:00:00.000Z,9665.5,9848,9462,9829,49334.064,476042897.9835
1591286400000,2020-06-04T16:00:00.000Z,9829,9888.5,9723,9796.5,61723.909,604822977.942
1591329600000,2020-06-05T04:00:00.000Z,9796.5,9857,9601,9708,61264.273,597316741.05
1591372800000,2020-06-05T16:00:00.000Z,9708,9750,9540.5,9634.5,64414.174,622159058.672
1591416000000,2020-06-06T04:00:00.000Z,9634.5,9737,9580,9649,50571.47,487626126.0775
1591459200000,2020-06-06T16:00:00.000Z,9649,9719,9581,9681.5,41710.571,402674626.6055
1591502400000,2020-06-07T04:00:00.000Z,9681.5,9712,9374.5,9495.5,63719.817,610036268.407
1591545600000,2020-06-07T16:00:00.000Z,9495.5,9815,9455,9723.5,59453.742,575071120.478
1591588800000,2020-06-08T04:00:00.000Z,9723.5,9808.5,9634,9707.5,52308.988,508559294.046
1591632000000,2020-06-08T16:00:00.000Z,9707.5,9883,9556,9678,41172.37,399531072.6645
1591675200000,2020-06-09T04:00:00.000Z,9678,9748,9622,9717.5,48467.848,469625723.244
1591718400000,2020-06-09T16:00:00.000Z,9717.5,9831.5,9681.5,9753,46657.761,454935625.14
1591761600000,2020-06-10T04:00:00.000Z,9753,9785,9706,9756.5,34817.097,339493337.919
1591804800000,2020-06-10T16:00:00.000Z,9756.5,10007,9691,9889.5,52341.418,516310806.7285
1591848000000,2020-06-11T04:00:00.000Z,9889.5,9906,9505,9524.5,66141.209,644907040.1935
1591891200000,2020-06-11T16:00:00.000Z,9524.5,9572.5,9067,9358.5,54475.278,508415894.164
1591934400000,2020-06-12T04:00:00.000Z,9358.5,9553.5,9339,9414.5,52409.831,494324553.759
1591977600000,2020-06-12T16:00:00.000Z,9414.5,9485.5,9290,9407.5,42068.281,396175810.723
1592020800000,2020-06-13T04:00:00.000Z,9407.5,9463.5,9360.5,9433.5,43775.339,412276707.484
1592064000000,2020-06-13T16:00:00.000Z,9433.5,9494,9342.5,9431.5,51152.913,482353918.983
1592107200000,2020-06-14T04:00:00.000Z,9431.5,9440.5,9305,9414,57740.17,543289065.825
1592150400000,2020-06-14T16:00:00.000Z,9414,9429,9133.5,9161,51078.338,477051914.893
1592193600000,2020-06-15T04:00:00.000Z,9161,9309,8900,9290,48429.543,441467550.628
1592236800000,2020-06-15T16:00:00.000Z,9290,9591.5,9275,9560,44096.119,415111920.941
1592280000000,2020-06-16T04:00:00.000Z,9558.5,9588.5,9400,9449.5,55321.679,525889515.9305
1592323200000,2020-06-16T16:00:00.000Z,9449.5,9532.5,9416,9456,51726.784,490602871.2765
1592366400000,2020-06-17T04:00:00.000Z,9456,9566,9365,9392.5,58119.286,550240096.554
1592409600000,2020-06-17T16:00:00.000Z,9392.5,9467,9231,9425,57325.163,538852787.2245
1592452800000,2020-06-18T04:00:00.000Z,9425,9480.5,9375.5,9383.5,60289.914,568215527.2775
1592496000000,2020-06-18T16:00:00.000Z,9383.5,9414.5,9239.5,9268.5,67917.198,635679666.3805
1592539200000,2020-06-19T04:00:00.000Z,9268.5,9443,9254,9376.5,64135.061,599583618.0075
1592582400000,2020-06-19T16:00:00.000Z,9376.5,9380,9260,9324,51585.359,480549301.8865
1592625600000,2020-06-20T04:00:00.000Z,9324,9382.5,9167,9260.5,58909.122,547387121.4545
1592668800000,2020-06-20T16:00:00.000Z,9260.5,9397,9237,9366,52759.286,491679687.068
1592712000000,2020-06-21T04:00:00.000Z,9366,9420,9325.5,9369.5,50356.646,471227634.469
1592755200000,2020-06-21T16:00:00.000Z,9369.5,9394,9272.5,9380.5,55119.108,514722580.803
1592798400000,2020-06-22T04:00:00.000Z,9380.5,9508,9370,9490.5,53074.25,500747357.5725
1592841600000,2020-06-22T16:00:00.000Z,9490.5,9794.5,9473.5,9661,59757.149,575700080.8835
1592884800000,2020-06-23T04:00:00.000Z,9661,9697.5,9586,9695.5,55350.343,533243224.744
1592928000000,2020-06-23T16:00:00.000Z,9695.5,9699,9594.5,9656.5,54494.71,525760612.534
1592971200000,2020-06-24T04:00:00.000Z,9656.5,9677,9210,9254.5,57581.684,547211366.376
1593014400000,2020-06-24T16:00:00.000Z,9254.5,9348.5,9005,9097.5,42837.591,397387627.277
1593057600000,2020-06-25T04:00:00.000Z,9097.5,9332.5,9089.5,9236,53690.307,494992429.554
1593100800000,2020-06-25T16:00:00.000Z,9236,9344.5,9182.5,9241.5,50064.215,463711268.9295
1593144000000,2020-06-26T04:00:00.000Z,9241.5,9267.5,9039,9148,50279.822,461639083.729
1593187200000,2020-06-26T16:00:00.000Z,9148,9217.5,9088,9161,37247.463,340987089.001
1593230400000,2020-06-27T04:00:00.000Z,9161,9195.5,9109,9130,48493.759,444042730.9925
1593273600000,2020-06-27T16:00:00.000Z,9130,9145,8820,8969.5,58896.278,530777428.625
1593316800000,2020-06-28T04:00:00.000Z,8969.5,9171.5,8945.5,9154,58828.446,531805788.7615
1593360000000,2020-06-28T16:00:00.000Z,9154,9187.5,9071,9092.5,41167.329,375660208.062
1593403200000,2020-06-29T04:00:00.000Z,9092.5,9136.5,9023.5,9121.5,48683.76,442545768.1495
1593446400000,2020-06-29T16:00:00.000Z,9121.5,9233.5,9101.5,9162.5,47926.896,439392992.2125
1593489600000,2020-06-30T04:00:00.000Z,9162.5,9188,9064,9168.5,48381.956,442596017.3285
1593532800000,2020-06-30T16:00:00.000Z,9168.5,9179,9093,9139.5,52451.422,479323515.8855
1593576000000,2020-07-01T04:00:00.000Z,9139.5,9268,9127,9264,47648.781,436942778.3305
1593619200000,2020-07-01T16:00:00.000Z,9264,9293,9212,9237,46541.74,430380207.211
1593662400000,2020-07-02T04:00:00.000Z,9237,9258.5,9014.5,9050,46881.306,430758189.4355
1593705600000,2020-07-02T16:00:00.000Z,9050,9150,8935.5,9093.5,57406.833,520880977.9695
1593748800000,2020-07-03T04:00:00.000Z,9093.5,9124.5,9038.5,9098,48195.528,438233522.91
1593792000000,2020-07-03T16:00:00.000Z,9098,9113,9041.5,9083.5,40653.1,369141134.747
1593835200000,2020-07-04T04:00:00.000Z,9083.5,9091,9043.5,9067,43781.708,397149354.078
1593878400000,2020-07-04T16:00:00.000Z,9067,9194.5,9061.5,9128,57548.628,525342603.426
1593921600000,2020-07-05T04:00:00.000Z,9128,9131,8990.5,9028.5,51318.189,464903165.361
1593964800000,2020-07-05T16:00:00.000Z,9028.5,9123,8902,9087,42634.217,385941461.3835
1594008000000,2020-07-06T04:00:00.000Z,9087,9319.5,9080.5,9302.5,59741.607,549668069.778
1594051200000,2020-07-06T16:00:00.000Z,9302.5,9378.5,9255.5,9293,48816.359,454224773.8535
1594094400000,2020-07-07T04:00:00.000Z,9293,9302,9220,9275,46467.112,430531186.1845
1594137600000,2020-07-07T16:00:00.000Z,9275,9320,9201,9309.5,49671.883,459750544.6625
1594180800000,2020-07-08T04:00:00.000Z,9309.5,9470.5,9253,9410.5,54234.069,504846053.9855
1594224000000,2020-07-08T16:00:00.000Z,9410.5,9466.5,9361,9386,61968.361,583678318.039
1594267200000,2020-07-09T04:00:00.000Z,9386,9435,9165,9210,44354.028,415747956.3585
1594310400000,2020-07-09T16:00:00.000Z,9210,9254.5,9191.5,9224.5,50359.011,464583690.342
1594353600000,2020-07-10T04:00:00.000Z,9224.5,9249.5,9124.5,9245.5,38495.139,353267273.9175
1594396800000,2020-07-10T16:00:00.000Z,9245.5,9315.5,9208,9266.5,58524.577,541147250.176
1594483200000,2020-07-11T16:00:00.000Z,9223.5,9295.5,9202,9270.5,48409.392,446852437.0865
1594526400000,2020-07-12T04:00:00.000Z,9270.5,9347.5,9184,9214.5,40914.591,378554479.7865
1594569600000,2020-07-12T16:00:00.000Z,9214.5,9329,9155,9273.5,38139.897,352572246.2025
1594612800000,2020-07-13T04:00:00.000Z,9273.5,9345.5,9240,9290,47992.428,445941618.1535
1594656000000,2020-07-13T16:00:00.000Z,9290,9319.5,9200.5,9218.5,49082.954,454523143.7435
1594699200000,2020-07-14T04:00:00.000Z,9218.5,9244.5,9116,9221,64384.609,592351487.388
1594742400000,2020-07-14T16:00:00.000Z,9221,9278,9210.5,9234.5,45822.218,423821984.515
1594785600000,2020-07-15T04:00:00.000Z,9234.5,9248.5,9190,9204,55162.594,509112651.7815
1594828800000,2020-07-15T16:00:00.000Z,9204,9234.5,9156,9202,41438.086,381470533.9275
1594872000000,2020-07-16T04:00:00.000Z,9202,9215.5,9044.5,9123,48107.948,438930010.688
1594915200000,2020-07-16T16:00:00.000Z,9123,9149.5,9091,9118,41442.078,378214683.555
1594958400000,2020-07-17T04:00:00.000Z,9118,9186,9088,9145.5,51169.931,467157614.5895
1595001600000,2020-07-17T16:00:00.000Z,9145.5,9174.5,9122.5,9131,53357.81,488256269.972
1595044800000,2020-07-18T04:00:00.000Z,9131,9210.5,9124.5,9171,56891.554,520704681.342
1595088000000,2020-07-18T16:00:00.000Z,9171,9204,9145.5,9156.5,45993.041,421811385.9715
1595131200000,2020-07-19T04:00:00.000Z,9156.5,9162,9109,9124.5,44984.711,411416828.65
1595174400000,2020-07-19T16:00:00.000Z,9124.5,9238.5,9121,9194,34988.985,320949303.6995
1595217600000,2020-07-20T04:00:00.000Z,9194,9194.5,9132.5,9172,36068.311,330903065.2195
1595260800000,2020-07-20T16:00:00.000Z,9172,9204,9146,9181,49957.358,458195077.9635
1595304000000,2020-07-21T04:00:00.000Z,9181,9440,9173.5,9338.5,54968.141,511301954.698
1595347200000,2020-07-21T16:00:00.000Z,9338.5,9390,9321,9358.5,48480.027,454010287.2655
1595390400000,2020-07-22T04:00:00.000Z,9358.5,9365.5,9274,9338.5,48705.292,454595902.4635
1595433600000,2020-07-22T16:00:00.000Z,9338.5,9543,9327,9493,39533.216,372899404.3555
1595476800000,2020-07-23T04:00:00.000Z,9493,9599.5,9442,9527,56851.31,540015162.109
1595520000000,2020-07-23T16:00:00.000Z,9527,9676,9512.5,9564,44861.235,430085218.6915
1595563200000,2020-07-24T04:00:00.000Z,9564,9573,9471,9554.5,37268.72,355190347.6165
1595606400000,2020-07-24T16:00:00.000Z,9554.5,9646.5,9515.5,9584,38679.55,370107001.878
1595649600000,2020-07-25T04:00:00.000Z,9584,9630,9555,9594.5,42879.006,411050100.1655
1595692800000,2020-07-25T16:00:00.000Z,9594.5,9735.5,9575.5,9681,43027.069,416052188.806
1595736000000,2020-07-26T04:00:00.000Z,9681,10290,9664.5,9966.5,52532.802,515296058.3135
1595779200000,2020-07-26T16:00:00.000Z,9966.5,10354,9849.5,10277,43464.21,434194804.565
1595822400000,2020-07-27T04:00:00.000Z,10277,10456,10131.5,10307.5,43632.382,448211323.2535
1595865600000,2020-07-27T16:00:00.000Z,10307.5,11450,10307.5,10994,92377.474,1012102628.7915
1595908800000,2020-07-28T04:00:00.000Z,10994,11198.5,10579.5,11164.5,67618.604,737989462.9465
1595952000000,2020-07-28T16:00:00.000Z,11164.5,11190.5,10844.5,10989,36494.452,400522383.1735
1595995200000,2020-07-29T04:00:00.000Z,10989,11317,10930.5,11173,58909.282,653253532.378
1596038400000,2020-07-29T16:00:00.000Z,11173,11361,10956,10998.5,59736.759,667482487.0325
1596081600000,2020-07-30T04:00:00.000Z,10998.5,11060,10832,11021,49179.794,540289530.351
1596124800000,2020-07-30T16:00:00.000Z,11021,11189,10972.5,10986,41063.617,455056972.7135
1596168000000,2020-07-31T04:00:00.000Z,10986,11388,10986,11355,37156.143,414388989.2065
1596211200000,2020-07-31T16:00:00.000Z,11355,11450,11220,11374,52619.559,596188381.569
1596254400000,2020-08-01T04:00:00.000Z,11374,11765,11343,11642,51895.157,602660097.0505
1596297600000,2020-08-01T16:00:00.000Z,11642,12035,11583,12027,52863.498,624466044.3325
1596340800000,2020-08-02T04:00:00.000Z,12027,12151,10510,11094,64201.251,726157413.615
1596384000000,2020-08-02T16:00:00.000Z,11094,11293.5,10923,11145.5,39981.592,446462667.7355
1596427200000,2020-08-03T04:00:00.000Z,11145.5,11393.5,11133.5,11392,43582.745,489534499.561
1596470400000,2020-08-03T16:00:00.000Z,11392,11482.5,11143.5,11270.5,43650.994,495357370.9975
1596513600000,2020-08-04T04:00:00.000Z,11270.5,11334.5,11026,11220,49916.003,560173809.197
1596556800000,2020-08-04T16:00:00.000Z,11220,11278.5,11105,11248.5,50313.725,563767531.683
1596600000000,2020-08-05T04:00:00.000Z,11248.5,11703,11233.5,11672,53209.206,607116029.6115
1596643200000,2020-08-05T16:00:00.000Z,11672,11812,11526.5,11656,53441.73,624613292.854
1596686400000,2020-08-06T04:00:00.000Z,11656,11893,11574.5,11847.5,43328.272,507393503.7375
1596729600000,2020-08-06T16:00:00.000Z,11847.5,11920,11619.5,11832,35495.427,419844491.5925
1596772800000,2020-08-07T04:00:00.000Z,11832,11855,11491.5,11648,50394.687,593089320.242
1596816000000,2020-08-07T16:00:00.000Z,11648,11668.5,11324,11546,52667.32,609299345.5845
1596859200000,2020-08-08T04:00:00.000Z,11546,11817.5,11516.5,11745,40157.159,468139053.003
1596902400000,2020-08-08T16:00:00.000Z,11745,11808.5,11586,11739.5,34044.106,399304080.211
1596945600000,2020-08-09T04:00:00.000Z,11739.5,11749.5,11542,11575,52716.127,615268091.383
1596988800000,2020-08-09T16:00:00.000Z,11575,12098.5,11525.5,12043,55347.89,650945747.2165
1597032000000,2020-08-10T04:00:00.000Z,12043,12084.5,11458.5,11930.5,47500.237,565710340.9765
1597075200000,2020-08-10T16:00:00.000Z,11930.5,11964,11765.5,11846,32145.748,381517117.41
1597118400000,2020-08-11T04:00:00.000Z,11846,11868,11352.5,11493.5,44931.435,525235727.313
1597161600000,2020-08-11T16:00:00.000Z,11493.5,11560,11129,11386,55820.071,634367411.3095
1597204800000,2020-08-12T04:00:00.000Z,11386,11627,11140,11584,45879.661,524784753.92
1597248000000,2020-08-12T16:00:00.000Z,11584,11668,11476,11571,41376.978,478477924.1615
1597291200000,2020-08-13T04:00:00.000Z,11571,11633,11274.5,11505,65756.037,755359782.305
1597334400000,2020-08-13T16:00:00.000Z,11505,11847,11450,11734.5,54362.327,634536908.373
1597377600000,2020-08-14T04:00:00.000Z,11734.5,11785.5,11644,11748,49520.485,580108930.8565
1597420800000,2020-08-14T16:00:00.000Z,11748,11993,11707.5,11900.5,41054.869,485729412.106
1597464000000,2020-08-15T04:00:00.000Z,11900.5,11946,11683,11860.5,59743.291,708973230.659
1597507200000,2020-08-15T16:00:00.000Z,11860.5,11987.5,11737.5,11940.5,53469.218,635146307.881
1597550400000,2020-08-16T04:00:00.000Z,11940.5,11945,11692,11868,44146.893,523071466.9755
1597593600000,2020-08-16T16:00:00.000Z,11868,11946.5,11781,11855.5,43690.18,518017551.569
1597636800000,2020-08-17T04:00:00.000Z,11855.5,12480,11796,12439.5,58318.384,698918503.4915
1597680000000,2020-08-17T16:00:00.000Z,12439.5,12496.5,12225.5,12318,52999.281,654534215.239
1597723200000,2020-08-18T04:00:00.000Z,12318,12327.5,11818.5,11955,49593.285,605416701.36
1597766400000,2020-08-18T16:00:00.000Z,11955,12100.5,11840.5,11855.5,40788.152,489591829.423
1597809600000,2020-08-19T04:00:00.000Z,11855.5,11923,11620.5,11735.5,44873.902,529572131.093
1597852800000,2020-08-19T16:00:00.000Z,11735.5,11833.5,11575.5,11708,60720.157,713116053.8335
1597896000000,2020-08-20T04:00:00.000Z,11708,11874,11676,11860.5,50252.346,591755799.525
1597939200000,2020-08-20T16:00:00.000Z,11860.5,11887.5,11787.5,11870.5,45618.832,540246651.3855
1597982400000,2020-08-21T04:00:00.000Z,11870.5,11878.5,11629,11727,53823.263,633793773.9805
1598025600000,2020-08-21T16:00:00.000Z,11727,11777,11385,11481.5,55821.997,646412460.042
1598068800000,2020-08-22T04:00:00.000Z,11481.5,11646,11419,11586,43290.912,500458747.5875
1598112000000,2020-08-22T16:00:00.000Z,11586,11695.5,11559.5,11605.5,48627.263,564966515.007
1598155200000,2020-08-23T04:00:00.000Z,11605.5,11675.5,11523,11655,58974.003,683442178.292
1598198400000,2020-08-23T16:00:00.000Z,11655,11723,11594.5,11687.5,50399.758,587717181.196
1598241600000,2020-08-24T04:00:00.000Z,11687.5,11830.5,11645.5,11767.5,57612.659,677190699.818
1598284800000,2020-08-24T16:00:00.000Z,11767.5,11790.5,11661,11675.5,60347.961,708770149.9635
1598328000000,2020-08-25T04:00:00.000Z,11675.5,11703.5,11344.5,11431,46557.369,538542574.555
1598371200000,2020-08-25T16:00:00.000Z,11431,11456,11130,11370.5,59187.144,670401707.1545
1598414400000,2020-08-26T04:00:00.000Z,11370.5,11511,11256,11484,42330.565,481772256.8145
1598457600000,2020-08-26T16:00:00.000Z,11484,11548,11366,11389,35746.57,409430008.4245
1598500800000,2020-08-27T04:00:00.000Z,11389,11592,11263,11329.5,53971.993,614272522.2115
1598544000000,2020-08-27T16:00:00.000Z,11329.5,11399.5,11132,11383,57029.198,643754709.978
1598587200000,2020-08-28T04:00:00.000Z,11383,11537.5,11362.5,11531.5,36510.587,417093355.7215
1598630400000,2020-08-28T16:00:00.000Z,11531.5,11545,11459.5,11503.5,47816.307,549624801.1565
1598673600000,2020-08-29T04:00:00.000Z,11503.5,11581.5,11419,11501.5,49637.101,570697399.9545
1598716800000,2020-08-29T16:00:00.000Z,11501.5,11655.5,11458,11616,53530.812,617789134.2255
1598760000000,2020-08-30T04:00:00.000Z,11616,11665.5,11555.5,11618,42299.367,490617609.215
1598803200000,2020-08-30T16:00:00.000Z,11618,11729.5,11583.5,11681.5,30864.073,360185910.7685
1598846400000,2020-08-31T04:00:00.000Z,11681.5,11781.5,11576.5,11748.5,58219.704,679530419.9665
1598889600000,2020-08-31T16:00:00.000Z,11748.5,11759.5,11532.5,11698.5,54488.349,636262495.125
1598932800000,2020-09-01T04:00:00.000Z,11698.5,12055,11685.5,12048.5,48333.696,573964348.585
1598976000000,2020-09-01T16:00:00.000Z,12048.5,12061.5,11835,11843.5,51376.032,614040660.8045
1599019200000,2020-09-02T04:00:00.000Z,11843.5,11909.5,11168.5,11340,71465.946,826119851.352
1599062400000,2020-09-02T16:00:00.000Z,11340,11449.5,11246.5,11360,52810.983,600605680.503
1599105600000,2020-09-03T04:00:00.000Z,11360,11474.5,10450.5,10677,68710.687,764216180.746
1599148800000,2020-09-03T16:00:00.000Z,10677,10799,9917.5,10268,85650.027,896489293.4775
1599192000000,2020-09-04T04:00:00.000Z,10268,10529,9883.5,10423.5,67127.563,693753278.038
1599235200000,2020-09-04T16:00:00.000Z,10423.5,10631,10306,10410,42126.166,441063574.832
1599278400000,2020-09-05T04:00:00.000Z,10410,10498.5,9978.5,10274.5,57020.489,587541362.782
1599321600000,2020-09-05T16:00:00.000Z,10274.5,10301.5,9822.5,10166.5,57849.603,584239309.3705
1599364800000,2020-09-06T04:00:00.000Z,10166.5,10303,10002.5,10177.5,53347.107,543292042.159
1599408000000,2020-09-06T16:00:00.000Z,10177.5,10348.5,10145.5,10203,38892.929,398611933.051
1599451200000,2020-09-07T04:00:00.000Z,10203,10241,9880.5,10147.5,57428.987,579058450.157
1599494400000,2020-09-07T16:00:00.000Z,10147.5,10441,10090,10306.5,44191.555,453163556.376
1599537600000,2020-09-08T04:00:00.000Z,10306.5,10343,9923,10097.5,45281.948,459142562.2265
1599580800000,2020-09-08T16:00:00.000Z,10097.5,10216,9842.5,10028,44951.164,452116229.239
1599624000000,2020-09-09T04:00:00.000Z,10028,10280,10007.5,10246,37416.674,380806070.2975
1599667200000,2020-09-09T16:00:00.000Z,10246,10417,10175.5,10372,40837.379,420003241.486
1599710400000,2020-09-10T04:00:00.000Z,10372,10484,10232.5,10417,33473.463,346265305.8285
1599753600000,2020-09-10T16:00:00.000Z,10417,10442.5,10211.5,10222,44990.709,464087910.451
1599796800000,2020-09-11T04:00:00.000Z,10222,10333.5,10203.5,10319,45849.629,471126959.1415
1599840000000,2020-09-11T16:00:00.000Z,10319,10397.5,10270.5,10342.5,52550.268,543177171.9805
1599883200000,2020-09-12T04:00:00.000Z,10342.5,10378,10271,10360,49299.683,509617971.83
1599926400000,2020-09-12T16:00:00.000Z,10360,10558.5,10348.5,10553.5,47839.464,498677187.948
1599969600000,2020-09-13T04:00:00.000Z,10553.5,10580.5,10260,10281.5,53049.001,553614815.508
1600012800000,2020-09-13T16:00:00.000Z,10281.5,10367.5,10212.5,10345,52484.78,540440951.9365
1600056000000,2020-09-14T04:00:00.000Z,10345,10691,10311.5,10687.5,66330.543,693429217.4045
1600099200000,2020-09-14T16:00:00.000Z,10687.5,10839.5,10615,10747.5,53499.174,572134940.3845
1600142400000,2020-09-15T04:00:00.000Z,10747.5,10922.5,10608,10781,41273.005,444124195.619
1600185600000,2020-09-15T16:00:00.000Z,10781,10870,10661.5,10772,44961.928,483589499.6425
1600228800000,2020-09-16T04:00:00.000Z,10772,11015.5,10754.5,10998.5,46428.192,504496596.639
1600272000000,2020-09-16T16:00:00.000Z,10998.5,11089,10865,10866.5,44887.388,493006539.257
1600315200000,2020-09-17T04:00:00.000Z,10866.5,10924,10743,10832.5,47617.351,516471403.2165
1600358400000,2020-09-17T16:00:00.000Z,10832.5,10970.5,10791.5,10918,49836.854,543444682.097
1600401600000,2020-09-18T04:00:00.000Z,10918,11033.5,10863.5,10892.5,40803.905,446544586.282
1600444800000,2020-09-18T16:00:00.000Z,10892.5,10971,10810.5,10969.5,53875.453,587425175.9405
1600488000000,2020-09-19T04:00:00.000Z,10969.5,11175.5,10880,11083,33328.794,366060447.8275
1600531200000,2020-09-19T16:00:00.000Z,11083,11111,10892,10941,39571.506,436146815.2065
1600574400000,2020-09-20T04:00:00.000Z,10941,10987,10787,10828,43497.45,475265996.289
1600617600000,2020-09-20T16:00:00.000Z,10828,10971,10752,10954.5,48969.655,532969018.269
1600660800000,2020-09-21T04:00:00.000Z,10954.5,10980,10287,10415.5,30878.913,330376823.7045
1600704000000,2020-09-21T16:00:00.000Z,10415.5,10531.5,10353.5,10446,35555.711,371690793.83
1600747200000,2020-09-22T04:00:00.000Z,10446,10517.5,10358.5,10448,37229.838,389235374.043
1600790400000,2020-09-22T16:00:00.000Z,10448,10572,10443.5,10470,42026.185,441079263.227
1600833600000,2020-09-23T04:00:00.000Z,10470,10532.5,10376.5,10446,46511.709,486531846.6605
1600876800000,2020-09-23T16:00:00.000Z,10446,10489.5,10133.5,10299,47593.983,491304385.6385
1600920000000,2020-09-24T04:00:00.000Z,10299,10542.5,10267,10536,63404.205,655543667.74
1600963200000,2020-09-24T16:00:00.000Z,10536,10798,10532.5,10661,49117.95,524309353.0945
1601006400000,2020-09-25T04:00:00.000Z,10661,10697,10552,10640,53213.42,565678756.7275
1601049600000,2020-09-25T16:00:00.000Z,10640,10748.5,10623,10701,53221.361,568985576.661
1601092800000,2020-09-26T04:00:00.000Z,10701,10828,10660.5,10718,39297.414,420810665.1975
1601136000000,2020-09-26T16:00:00.000Z,10718,10794,10679.5,10776,32740.543,351486316.337
1601179200000,2020-09-27T04:00:00.000Z,10776,10790.5,10601,10750.5,54168.227,578138510.297
1601222400000,2020-09-27T16:00:00.000Z,10750.5,10956,10700,10881.5,49150.327,530817878.485
1601265600000,2020-09-28T04:00:00.000Z,10881.5,10940,10830,10899,51766.357,563250764.5765
1601308800000,2020-09-28T16:00:00.000Z,10899,10913.5,10628.5,10687.5,40827.946,440880964.3905
1601352000000,2020-09-29T04:00:00.000Z,10687.5,10795,10666,10721.5,37208.672,399324893.516
1601395200000,2020-09-29T16:00:00.000Z,10721.5,10864.5,10632,10738.5,42444.623,456891147.9865
1601438400000,2020-09-30T04:00:00.000Z,10738.5,10789,10660.5,10773,45160.363,484161569.8725
1601481600000,2020-09-30T16:00:00.000Z,10773,10849.5,10677.5,10795,42443.212,456861790.922
1601524800000,2020-10-01T04:00:00.000Z,10795,10930,10707,10711,56819.268,616049122.331
1601568000000,2020-10-01T16:00:00.000Z,10711,10711,10441.5,10640.5,58319.073,617249540.455
1601611200000,2020-10-02T04:00:00.000Z,10640.5,10660,10370.5,10506.5,58481.717,613682277.102
1601654400000,2020-10-02T16:00:00.000Z,10506.5,10577.5,10460,10548,41416.503,436265308.113
1601697600000,2020-10-03T04:00:00.000Z,10548,10557.5,10491.5,10537,37274.58,392439349.548
1601740800000,2020-10-03T16:00:00.000Z,10537,10596,10514,10541,33203.15,350258147.315
1601784000000,2020-10-04T04:00:00.000Z,10541,10632.5,10540,10587,31147.744,329900578.6635
1601827200000,2020-10-04T16:00:00.000Z,10587,10737,10574,10659,40549.545,431729381.4585
1601870400000,2020-10-05T04:00:00.000Z,10659,10770,10609,10718,40921.173,436794510.1735
1601913600000,2020-10-05T16:00:00.000Z,10718,10792.5,10675,10757.5,62340.567,669342336.8025
1601956800000,2020-10-06T04:00:00.000Z,10757.5,10776.5,10613,10726.5,45701.243,489862621.372
1602000000000,2020-10-06T16:00:00.000Z,10726.5,10743.5,10519,10571.5,46298.349,490604855.197
1602043200000,2020-10-07T04:00:00.000Z,10571.5,10644,10565.5,10624,47980.495,508702069.174
1602086400000,2020-10-07T16:00:00.000Z,10624,10675,10599,10634,47106.861,501276997.08
1602172800000,2020-10-08T16:00:00.000Z,10892.5,10952,10837.5,10882.5,53530.978,582697183.677
1602216000000,2020-10-09T04:00:00.000Z,10882.5,11099,10825.5,11081.5,44821.345,491517630.3375
1602259200000,2020-10-09T16:00:00.000Z,11081.5,11494,11012.5,11413.5,63224.432,702680689.796
1602302400000,2020-10-10T04:00:00.000Z,11413.5,11425,11240.5,11352,63726.714,723756657.0465
1602345600000,2020-10-10T16:00:00.000Z,11352,11399,11265,11331.5,47056.954,533626161.4545
1602388800000,2020-10-11T04:00:00.000Z,11331.5,11451,11303.5,11404,47099.95,535098432.834
1602432000000,2020-10-11T16:00:00.000Z,11404,11429,11279,11382.5,60693.311,690331243.7985
1602475200000,2020-10-12T04:00:00.000Z,11382.5,11596.5,11179.5,11549.5,53851.133,612097571.0355
1602518400000,2020-10-12T16:00:00.000Z,11549.5,11730.5,11413,11461,56542.188,653081905.94
1602561600000,2020-10-13T04:00:00.000Z,11461,11561.5,11308,11383.5,44603.024,511107976.344
1602604800000,2020-10-13T16:00:00.000Z,11383.5,11486,11340,11386.5,39193.053,447527145.141
1602648000000,2020-10-14T04:00:00.000Z,11386.5,11549,11283,11317,43976.766,501617238.1305
1602691200000,2020-10-14T16:00:00.000Z,11317,11433,11285.5,11378.5,45310.199,515056003.1925
1602734400000,2020-10-15T04:00:00.000Z,11378.5,11419.5,11250,11395.5,52062.089,591798189.642
1602777600000,2020-10-15T16:00:00.000Z,11395.5,11619.5,11364,11506.5,49886.596,572866640.32
1602820800000,2020-10-16T04:00:00.000Z,11506.5,11507,11188,11332.5,51087.594,578592784.203
1602864000000,2020-10-16T16:00:00.000Z,11332.5,11366,11267,11358,37299.684,422506743.812
1602907200000,2020-10-17T04:00:00.000Z,11358,11407.5,11255.5,11335.5,37132.64,421021560.269
1602950400000,2020-10-17T16:00:00.000Z,11335.5,11397.5,11301.5,11364.5,34245.004,388642720.698
1602993600000,2020-10-18T04:00:00.000Z,11364.5,11489.5,11361,11445.5,33475.427,382076000.721
1603036800000,2020-10-18T16:00:00.000Z,11445.5,11540.5,11408,11417,23485.851,268979261.1095
1603080000000,2020-10-19T04:00:00.000Z,11417,11824,11405,11802.5,26755.136,307935301.175
1603123200000,2020-10-19T16:00:00.000Z,11802.5,11827.5,11658,11738,23744.104,278211382.5085
1603166400000,2020-10-20T04:00:00.000Z,11738,11979.5,11696.5,11920,26437.398,312740597.074
1603209600000,2020-10-20T16:00:00.000Z,11920,12231.5,11851.5,12172,22658.932,271366840.243
1603252800000,2020-10-21T04:00:00.000Z,12172,12890,12117,12729.5,19115.183,236096545.79
1603296000000,2020-10-21T16:00:00.000Z,12729.5,13238,12656,12724.5,17585.984,225822471.2995
1603339200000,2020-10-22T04:00:00.000Z,12724.5,13030,12681.5,12931.5,14430.903,185336106.3875
1603382400000,2020-10-22T16:00:00.000Z,12931.5,13188.5,12835.5,12959.5,9104.882,118548625.515
1603425600000,2020-10-23T04:00:00.000Z,12959.5,13033.5,12857.5,12925,10196.895,132145395.2625
1603468800000,2020-10-23T16:00:00.000Z,12925,13015.5,12727.5,12971,18462.914,238281179.8285
1603512000000,2020-10-24T04:00:00.000Z,12971,13172,12908,13104,14897.869,193492423.9325
1603555200000,2020-10-24T16:00:00.000Z,13104,13361.5,13027.5,13300,15153.771,198780482.8285
1603598400000,2020-10-25T04:00:00.000Z,13300,13345.5,12720,12940,15094.946,196523577.637
1603641600000,2020-10-25T16:00:00.000Z,12940,13127.5,12909,13086,13017.643,169600390.0005
1603684800000,2020-10-26T04:00:00.000Z,13086,13240.5,12844,12975,13375.479,175060368.9695
1603728000000,2020-10-26T16:00:00.000Z,12975,13125,12766,13077.5,8986.851,116798634.722
1603771200000,2020-10-27T04:00:00.000Z,13077.5,13650.5,13054.5,13604,17411.212,231471042.695
1603814400000,2020-10-27T16:00:00.000Z,13604,13861,13516,13776,14150.661,193516706.0435
1603857600000,2020-10-28T04:00:00.000Z,13776,13817,12884.5,13208.5,21204.093,284781296.341
1603900800000,2020-10-28T16:00:00.000Z,13208.5,13296,12998.5,13269.5,16783.065,221510543.7105
1603944000000,2020-10-29T04:00:00.000Z,13269.5,13475,12966.5,13426.5,18531.992,244743420.334
1603987200000,2020-10-29T16:00:00.000Z,13426.5,13665,13328,13425.5,16974.714,229249791.0945
1604030400000,2020-10-30T04:00:00.000Z,13425.5,13545,13104,13543.5,21995.495,292462051.0585
1604073600000,2020-10-30T16:00:00.000Z,13543.5,13734.5,13405.5,13483.5,22105.957,299565920.2905
1604116800000,2020-10-31T04:00:00.000Z,13483.5,14139.5,13440,13840.5,19481.59,268075287.5585
1604160000000,2020-10-31T16:00:00.000Z,13840.5,13892.5,13628.5,13680,16167.829,222579029.437
1604203200000,2020-11-01T04:00:00.000Z,13680,13854,13609.5,13790.5,22348.686,306932118.632
1604246400000,2020-11-01T16:00:00.000Z,13790.5,13858.5,13631.5,13688.5,21881.872,301058889.669
1604289600000,2020-11-02T04:00:00.000Z,13688.5,13752.5,13196.5,13491,21143.902,286330196.6185
1604332800000,2020-11-02T16:00:00.000Z,13491,13696.5,13317,13386.5,17566.989,237530845.1765
1604376000000,2020-11-03T04:00:00.000Z,13386.5,13788.5,13277.5,13701.5,23124.36,312551077.669
1604419200000,2020-11-03T16:00:00.000Z,13701.5,14067.5,13642.5,13891,18826.952,259944366.6135
1604462400000,2020-11-04T04:00:00.000Z,13891,13918,13517.5,13899,16343.559,224945951.4195
1604505600000,2020-11-04T16:00:00.000Z,13899,14371,13870,14304,19704.768,278047834.5075
1604548800000,2020-11-05T04:00:00.000Z,14304,15164,14236.5,15079,24453.271,357608832.69
1604592000000,2020-11-05T16:00:00.000Z,15079,15975.5,14771.5,15454,19999.28,307934245.0225
1604635200000,2020-11-06T04:00:00.000Z,15454,15793,15311,15417.5,24365.176,378921211.3335
1604678400000,2020-11-06T16:00:00.000Z,15417.5,15769.5,15180.5,15556,21092.478,328117732.261
1604721600000,2020-11-07T04:00:00.000Z,15556,15633,15186.5,15347.5,39301.324,608311710.8405
1604764800000,2020-11-07T16:00:00.000Z,15347.5,15420.5,14352,14970,50213.656,751451629.9005
1604808000000,2020-11-08T04:00:00.000Z,14970,15437.5,14901,15349.5,19408.619,292782394.9195
1604851200000,2020-11-08T16:00:00.000Z,15349.5,15666.5,15248.5,15437.5,21410.961,331098458.319
1604894400000,2020-11-09T04:00:00.000Z,15437.5,15862,14946.5,15012,38187.383,586998820.034
1604937600000,2020-11-09T16:00:00.000Z,15012,15491,14824.5,15333,26631.3,406496552.0095
1604980800000,2020-11-10T04:00:00.000Z,15333,15471.5,15074,15167.5,32271.657,494046961.5685
1605024000000,2020-11-10T16:00:00.000Z,15167.5,15505,15112.5,15404.5,37534.394,575596853.194
1605067200000,2020-11-11T04:00:00.000Z,15404.5,15720.5,15323,15671,31563.898,488771651.4505
1605110400000,2020-11-11T16:00:00.000Z,15671,15998.5,15443,15632.5,42398.273,667978556.9195
1605153600000,2020-11-12T04:00:00.000Z,15632.5,16171.5,15602.5,16126,29100.45,461507095.076
1605196800000,2020-11-12T16:00:00.000Z,16126,16477,15880,16432.5,33909.35,549831362.3235
1605240000000,2020-11-13T04:00:00.000Z,16432.5,16449,16073,16102,34356.524,558443010.5405
1605283200000,2020-11-13T16:00:00.000Z,16102,16355.5,15958,16177,25739.336,417204694.716
1605326400000,2020-11-14T04:00:00.000Z,16177,16198.5,15743,15943.5,41428.078,660917798.636
1605369600000,2020-11-14T16:00:00.000Z,15943.5,16138.5,15699.5,15923.5,32508.766,519233101.824
1605412800000,2020-11-15T04:00:00.000Z,15923.5,16163,15877.5,16022,29369.083,470504268.0735
1605456000000,2020-11-15T16:00:00.000Z,16022,16058,15770,16002.5,28605.705,455487570.689
1605499200000,2020-11-16T04:00:00.000Z,16002.5,16474,15980.5,16444.5,41714.157,677728991.812
1605542400000,2020-11-16T16:00:00.000Z,16444.5,16881,16430.5,16572,39406.304,658225824.664
1605585600000,2020-11-17T04:00:00.000Z,16572,17377.5,16551.5,17328,35894.222,603271231.3505
1605628800000,2020-11-17T16:00:00.000Z,17328,18118,17271.5,18066.5,39402.15,696083310.2905
1605672000000,2020-11-18T04:00:00.000Z,18066.5,18507.5,17231.5,17878.5,59146.7,1060383205.022
1605715200000,2020-11-18T16:00:00.000Z,17878.5,18078.5,17500.5,17934.5,43741.247,778067130.1785
1605758400000,2020-11-19T04:00:00.000Z,17934.5,18195,17350.5,18068,49947.555,886215635.1355
1605801600000,2020-11-19T16:00:00.000Z,18068,18142,17715.5,17968.5,37386.855,670737330.738
1605844800000,2020-11-20T04:00:00.000Z,17968.5,18760,17956.5,18676,50158.798,917005374.8855
1605888000000,2020-11-20T16:00:00.000Z,18676,18984,18428.5,18664.5,45445.691,848868154.7365
1605931200000,2020-11-21T04:00:00.000Z,18664.5,18866.5,18326,18812.5,26690.979,498391606.702
1605974400000,2020-11-21T16:00:00.000Z,18812.5,18949.5,18382,18580.5,25127.084,469113704.2715
1606017600000,2020-11-22T04:00:00.000Z,18580.5,18635,17654.5,18310.5,28526.082,521775676.2655
1606060800000,2020-11-22T16:00:00.000Z,18310.5,18714.5,18023,18391.5,29824.473,550280807.569
1606104000000,2020-11-23T04:00:00.000Z,18391.5,18806.5,18248.5,18285,32643.016,605910091.9195
1606147200000,2020-11-23T16:00:00.000Z,18285,18559.5,18156.5,18359,28574.871,525340568.734
1606190400000,2020-11-24T04:00:00.000Z,18359,19428,18035,19370.5,31205.085,585882020.693
1606233600000,2020-11-24T16:00:00.000Z,19370.5,19440.5,18752,18835.5,24938.476,477479615.6805
1606276800000,2020-11-25T04:00:00.000Z,18835.5,19553.5,18642.5,19139,43056.409,822865878.85
1606320000000,2020-11-25T16:00:00.000Z,19139,19215.5,17107,17933,52063.28,978587258.404
1606363200000,2020-11-26T04:00:00.000Z,17933,18092.5,16332.5,16908.5,69633.136,1205918109.811
1606406400000,2020-11-26T16:00:00.000Z,16908.5,17464.5,16191.5,17084,57793.773,976522247.058
1606449600000,2020-11-27T04:00:00.000Z,17084,17349.5,16445.5,16509,43914.128,742593467.1605
1606492800000,2020-11-27T16:00:00.000Z,16509,17193.5,16482,16996.5,34210.826,579463388.845
1606536000000,2020-11-28T04:00:00.000Z,16996.5,17522.5,16870.5,17519.5,33277.629,569927595.926
1606579200000,2020-11-28T16:00:00.000Z,17519.5,17890.5,17515.5,17872,35814.282,634534379.5025
1606622400000,2020-11-29T04:00:00.000Z,17872,18240,17670.5,18116.5,40322.19,725259208.8625
1606665600000,2020-11-29T16:00:00.000Z,18116.5,18578,17920,18575,33326.661,607284383.603
1606708800000,2020-11-30T04:00:00.000Z,18575,19942,18340,19344,42968.215,810501268.5395
1606752000000,2020-11-30T16:00:00.000Z,19344,19775,19056.5,19441.5,40938.584,796471059.0395
1606795200000,2020-12-01T04:00:00.000Z,19441.5,19953.5,18058,19277,36109.197,697395166.9935
1606838400000,2020-12-01T16:00:00.000Z,19277,19335,18434,18619.5,35937.911,677713479.3405
1606881600000,2020-12-02T04:00:00.000Z,18619.5,19358.5,18331.5,18897.5,42054.062,797218260.158
1606924800000,2020-12-02T16:00:00.000Z,18897.5,19305,18776.5,19095.5,33672.155,642764432.5235
1606968000000,2020-12-03T04:00:00.000Z,19095.5,19570.5,18871,19552,35376.992,680729987.7075
1607011200000,2020-12-03T16:00:00.000Z,19552,19635.5,19120,19171,40016.909,776051351.6585
1607054400000,2020-12-04T04:00:00.000Z,19171,19453.5,18673,18950.5,38651.169,738862320.664
1607097600000,2020-12-04T16:00:00.000Z,18950.5,19082,18510.5,18821.5,29280.113,551976828.484
1607140800000,2020-12-05T04:00:00.000Z,18821.5,19194,18807.5,19112,23928.804,454869380.664
1607184000000,2020-12-05T16:00:00.000Z,19112,19353.5,18979,19189.5,24175.107,462706309.6
1607227200000,2020-12-06T04:00:00.000Z,19189.5,19265,18859.5,19132,38626.74,737470951.243
1607270400000,2020-12-06T16:00:00.000Z,19132,19441,19024,19287,46058.401,884045101.938
1607313600000,2020-12-07T04:00:00.000Z,19287,19415.5,19099.5,19213.5,42933.889,826119763.135
1607356800000,2020-12-07T16:00:00.000Z,19213.5,19245.5,18909,19159.5,50525.386,966645158.905
1607400000000,2020-12-08T04:00:00.000Z,19159.5,19320,18605.5,18804.5,47957.103,912390850.181
1607443200000,2020-12-08T16:00:00.000Z,18804.5,18936,18020,18289.5,46249.033,858659111.27
1607486400000,2020-12-09T04:00:00.000Z,18289.5,18512.5,17649.5,18344,40722.765,738733184.845
1607529600000,2020-12-09T16:00:00.000Z,18344,18634.5,18159.5,18405.5,29860.444,549518301.1615
1607572800000,2020-12-10T04:00:00.000Z,18405.5,18492,17915.5,18137.5,23479.167,429053692.6025
1607616000000,2020-12-10T16:00:00.000Z,18137.5,18435,17706,17987,26768.629,485711664.2105
1607659200000,2020-12-11T04:00:00.000Z,17987,18129,17566,18093.5,24038.444,429291824.641
1607702400000,2020-12-11T16:00:00.000Z,18093.5,18369,17872,18272,29582.383,535810582.9675
1607745600000,2020-12-12T04:00:00.000Z,18272,18516,18252,18391,33510.909,616140171.7515
1607788800000,2020-12-12T16:00:00.000Z,18391,18949,18357.5,18772,43161.935,807011239.8825
1607832000000,2020-12-13T04:00:00.000Z,18772,19426.5,18759.5,19222.5,36568.767,700940568.317
1607875200000,2020-12-13T16:00:00.000Z,19222.5,19396,18984,19263.5,25629.578,491727194.2185
1607918400000,2020-12-14T04:00:00.000Z,19263.5,19298.5,19026,19200.5,37557.065,719312665.224
1607961600000,2020-12-14T16:00:00.000Z,19200.5,19592.5,19106,19486.5,39841.709,767716784.371
1608004800000,2020-12-15T04:00:00.000Z,19486.5,19503,19046.5,19406,31748.476,611788259.4605
1608048000000,2020-12-15T16:00:00.000Z,19406,19548,19278,19344,33207.841,644956225.6795
1608091200000,2020-12-16T04:00:00.000Z,19344,20864.5,19296,20666,40070.197,793013268.29
1608134400000,2020-12-16T16:00:00.000Z,20666,22209.5,20553,21759.5,31796.036,674757412.1135
1608177600000,2020-12-17T04:00:00.000Z,21759.5,23883.5,21746,23330,55017.577,1250303670.1355
1608220800000,2020-12-17T16:00:00.000Z,23330,23739.5,22353,22832.5,41154.635,945561094.041
1608264000000,2020-12-18T04:00:00.000Z,22832.5,23326,22373.5,22563.5,44311.408,1015718801.968
1608307200000,2020-12-18T16:00:00.000Z,22563.5,23255.5,22487.5,23122,36860.966,844603661.5965
1608350400000,2020-12-19T04:00:00.000Z,23122,23692.5,22760,23580.5,44960.59,1038677920.921
1608393600000,2020-12-19T16:00:00.000Z,23580.5,24252.5,23215,23369,37786.294,897309126.611
1608436800000,2020-12-20T04:00:00.000Z,23369,23946,23100.5,23897.5,32858.831,772927198.6525
1608480000000,2020-12-20T16:00:00.000Z,23897.5,24360.5,23101,23965.5,50094.24,1189540889.6685
1608523200000,2020-12-21T04:00:00.000Z,23965.5,24141,21916.5,23099.5,46581.33,1086876530.414
1608566400000,2020-12-21T16:00:00.000Z,23099.5,23327.5,22491,22864,35959.744,823498792.476
1608609600000,2020-12-22T04:00:00.000Z,22864,23651,22389.5,23364.5,33103.031,764383019.863
1608652800000,2020-12-22T16:00:00.000Z,23364.5,24090.5,23250,23708,39947.921,941263752.4415
1608696000000,2020-12-23T04:00:00.000Z,23708,24209,22812,23470.5,42130.696,991577151.1315
1608739200000,2020-12-23T16:00:00.000Z,23470.5,23694,22592.5,22879.5,42245.488,983271935.631
1608782400000,2020-12-24T04:00:00.000Z,22879.5,23496,22790,23248,33599.338,778753258.5205
1608825600000,2020-12-24T16:00:00.000Z,23248,23489,23135,23301,6005.428,140123230.662
1608868800000,2020-12-25T04:00:00.000Z,23491.5,24713,23463.5,24031.5,28505.112,683124871.729
1608912000000,2020-12-25T16:00:00.000Z,24031.5,25063.5,24001,24924,26206.997,641979201.303
1608955200000,2020-12-26T04:00:00.000Z,24924,25685,24572.5,25631.5,45577.825,1138856452.5155
1608998400000,2020-12-26T16:00:00.000Z,25631.5,26994.5,25586,26588.5,47956.108,1259957736.715
1609041600000,2020-12-27T04:00:00.000Z,26588.5,28448,26588.5,27396.5,43013.246,1178765674.9015
1609084800000,2020-12-27T16:00:00.000Z,27396.5,27526.5,25863,27286.5,33726.142,904583913.882
1609128000000,2020-12-28T04:00:00.000Z,27286.5,27531.5,26600,26938.5,28210.671,762280945.3955
1609171200000,2020-12-28T16:00:00.000Z,26938.5,27265.5,26434,26466,25727.263,692821636.141
1609214400000,2020-12-29T04:00:00.000Z,26466,27133,25917.5,26636.5,34790.351,925256105.0765
1609257600000,2020-12-29T16:00:00.000Z,26636.5,28296,26270,28082.5,29539.289,802202659.3165
1609300800000,2020-12-30T04:00:00.000Z,28082.5,28648.5,27402,28180,26027.122,728598034.961
1609344000000,2020-12-30T16:00:00.000Z,28180,29358,27924,29060,31555.516,905825925.3675
1609387200000,2020-12-31T04:00:00.000Z,29060,29357.5,27888,28792,36152.486,1041101001.4985
1609430400000,2020-12-31T16:00:00.000Z,28792,29544.5,28337.5,29302,27062.908,785074050.516
1609473600000,2021-01-01T04:00:00.000Z,29302,29660,28832.5,29211,39793.338,1165511118.744
1609516800000,2021-01-01T16:00:00.000Z,29347,29402,29282.5,29364.5,9004.298,264272449.72
1609560000000,2021-01-02T04:00:00.000Z,29364.5,31870,29240.5,31719.5,30653.546,923388095.7935
1609603200000,2021-01-02T16:00:00.000Z,31719.5,33440.5,30534,32601,37762.978,1223538978.8965
1609646400000,2021-01-03T04:00:00.000Z,32601,34829,32475,33539,36051.177,1227041368.8375
1609689600000,2021-01-03T16:00:00.000Z,33539,33939.5,32404,33562,36466.756,1208377484.3215
1609732800000,2021-01-04T04:00:00.000Z,33562,33650,27861,31710,92855.88,2899979118.5005
1609776000000,2021-01-04T16:00:00.000Z,31710,32870,30649.5,31224,76107.016,2397935003.3155
1609862400000,2021-01-05T16:00:00.000Z,32116,34465.5,31794.5,34148.5,68082.915,2285497178.6485
1609905600000,2021-01-06T04:00:00.000Z,34148.5,35871.5,33623,34582.5,64192.053,2223391019.2055
1609948800000,2021-01-06T16:00:00.000Z,34582.5,37755.5,34272,37509,76464.065,2763228697.488
1609992000000,2021-01-07T04:00:00.000Z,37509,38990.5,36307.5,38989.5,62285.214,2347716618.0355
1610035200000,2021-01-07T16:00:00.000Z,38989.5,40560.5,36554,38299.5,85641.916,3330019985.163
1610078400000,2021-01-08T04:00:00.000Z,38299.5,42075.5,37559,40871,71014.745,2821056160.2515
1610121600000,2021-01-08T16:00:00.000Z,40871,41650,38696,40300,66218.818,2674178550.8335
1610164800000,2021-01-09T04:00:00.000Z,40300,41460.5,38817,40576,57392.241,2314070410.689
1610208000000,2021-01-09T16:00:00.000Z,40576,41426.5,39932,40437.5,50903.605,2068079156.5045
1610251200000,2021-01-10T04:00:00.000Z,40437.5,41156,38560,39689.5,68723.488,2753323254.308
1610294400000,2021-01-10T16:00:00.000Z,39689.5,39800.5,33660,35498.5,102440.621,3862203734.3215
1610337600000,2021-01-11T04:00:00.000Z,35498.5,36374.5,31158.5,31559.5,101258.788,3487218595.411
1610380800000,2021-01-11T16:00:00.000Z,31559.5,35585.5,30455.5,34998,65500.936,2200652270.431
1610424000000,2021-01-12T04:00:00.000Z,34998,36644.5,32594,33881.5,69258.799,2428787583.0255
1610467200000,2021-01-12T16:00:00.000Z,33881.5,35540.5,32500,33866.5,59896.163,2032617651.9275
1610510400000,2021-01-13T04:00:00.000Z,33866.5,35274,32879.5,34687,66798.681,2290299109.2285
1610553600000,2021-01-13T16:00:00.000Z,34687,38201.5,34401,37103,70796.305,2588167131.2905
1610596800000,2021-01-14T04:00:00.000Z,37103,40161,36791.5,39544.5,50766.958,1949761984.0145
1610640000000,2021-01-14T16:00:00.000Z,39544.5,40017.5,38324,38740.5,49065.097,1925399518.5765
1610683200000,2021-01-15T04:00:00.000Z,38740.5,38882.5,35265,35623.5,70720.716,2679299794.9185
1610726400000,2021-01-15T16:00:00.000Z,35623.5,37666.5,34425,36557.5,61652.242,2225960311.675
1610769600000,2021-01-16T04:00:00.000Z,36557.5,37973.5,35544.5,37494.5,75372.222,2786183433.389
1610812800000,2021-01-16T16:00:00.000Z,37494.5,37773.5,35348.5,36200.5,48572.413,1770650480.6355
1610856000000,2021-01-17T04:00:00.000Z,36200.5,36389,33846,35757.5,64703.089,2265124348.915
1610899200000,2021-01-17T16:00:00.000Z,35757.5,36865.5,34873.5,35131.5,57399.241,2059877429.826
1610942400000,2021-01-18T04:00:00.000Z,35131.5,37519.5,34772,36452.5,48171.826,1733010887.0465
1610985600000,2021-01-18T16:00:00.000Z,36452.5,37408.5,35459.5,36548,27675.795,1007636330.448
1611028800000,2021-01-19T04:00:00.000Z,36548,37680.5,36254.5,37364.5,31096.241,1151887446.575
1611072000000,2021-01-19T16:00:00.000Z,37364.5,37947,35053,35127.5,35303.942,1286577178.664
1611115200000,2021-01-20T04:00:00.000Z,35127.5,35955,34023.5,34215,48948.338,1708622988.7175
1611158400000,2021-01-20T16:00:00.000Z,34215,35680.5,33377,34591,60452.551,2109139273.2295
1611201600000,2021-01-21T04:00:00.000Z,34591,35045.5,31099.5,31485.5,64518.261,2141167299.5925
1611244800000,2021-01-21T16:00:00.000Z,31485.5,32742.5,28888,30934,88749.153,2770656812.2675
1611288000000,2021-01-22T04:00:00.000Z,30934,32713,30517,32441,57320.889,1801071182.1985
1611331200000,2021-01-22T16:00:00.000Z,32441,33799.5,31953.5,32396,45644.591,1497247628.3535
1611374400000,2021-01-23T04:00:00.000Z,32396,33476,31426.5,31892,51943.198,1675469079.9905
1611417600000,2021-01-23T16:00:00.000Z,31892,32538.5,31656.5,32481,53668.574,1723411309.513
1611460800000,2021-01-24T04:00:00.000Z,32481,33100,31904,31975,49430.528,1610920229.294
1611504000000,2021-01-24T16:00:00.000Z,31975,33709.5,30949.5,33573,59279.296,1908345922.3345
1611547200000,2021-01-25T04:00:00.000Z,33573,34840,32778,34477,53859.022,1809610464.7625
1611590400000,2021-01-25T16:00:00.000Z,34477,34625.5,31510.5,31552,65592.408,2156930491.8645
1611633600000,2021-01-26T04:00:00.000Z,31552,32445.5,30844,31754.5,48603.462,1542127538.9835
1611676800000,2021-01-26T16:00:00.000Z,31754.5,32931.5,31318.5,31812,36623.851,1175807256.7705
1611720000000,2021-01-27T04:00:00.000Z,31812,32015.5,29283.5,30343.5,57816.028,1784714717.8045
1611763200000,2021-01-27T16:00:00.000Z,30343.5,31689.5,29537.5,31419,86770.622,2659037672.3375
1611806400000,2021-01-28T04:00:00.000Z,31419,32220,30856,31920,47078.169,1482405561.258
1611849600000,2021-01-28T16:00:00.000Z,31920,34343,31651.5,33752,39015.168,1289492391.9265
1611892800000,2021-01-29T04:00:00.000Z,33752,38616,31990,37186.5,58833.257,2096699757.672
1611936000000,2021-01-29T16:00:00.000Z,37186.5,37596.5,32861.5,33296.5,72686.082,2516357541.8045
1611979200000,2021-01-30T04:00:00.000Z,33296.5,34543,33160,34246.5,39333.379,1330971276.64
1612022400000,2021-01-30T16:00:00.000Z,34246.5,34809,33567.5,33967.5,35405.986,1211438688.499
1612065600000,2021-01-31T04:00:00.000Z,33967.5,34257.5,32557.5,32901.5,39346.66,1321958489.05
1612108800000,2021-01-31T16:00:00.000Z,32901.5,33867.5,32209,33599,59535.471,1960834952.164
1612152000000,2021-02-01T04:00:00.000Z,33599,34705.5,33180,33180,34218.18,1159888019.483
1612195200000,2021-02-01T16:00:00.000Z,33180,34193.5,33164,33597,36001.247,1215004731.3355
1612238400000,2021-02-02T04:00:00.000Z,33597,35710.5,33541.5,34762.5,46675.698,1618682715.6605
1612281600000,2021-02-02T16:00:00.000Z,34762.5,36544,34619,36441.5,42386.021,1507906458.873
1612324800000,2021-02-03T04:00:00.000Z,36441.5,36966,35625,36889,42334.994,1540308280.0705
1612368000000,2021-02-03T16:00:00.000Z,36889,38376.5,36671,37563,31339.633,1172891106.9995
1612411200000,2021-02-04T04:00:00.000Z,37563,38827.5,36227,36600,38533.36,1447531482.2955
1612454400000,2021-02-04T16:00:00.000Z,36600,37829.5,36467.5,37408,29465.317,1096463875.7615
1612497600000,2021-02-05T04:00:00.000Z,37408,38389,37047.5,37987.5,39179.756,1479111266.4715
1612540800000,2021-02-05T16:00:00.000Z,37987.5,39727,37268,39425.5,36623.578,1398032571.1545
1612584000000,2021-02-06T04:00:00.000Z,39425.5,40884,38806,40872.5,26736.253,1068331462.0385
1612627200000,2021-02-06T16:00:00.000Z,40872.5,40980,38399,38893.5,53507.235,2121916598.467
1612670400000,2021-02-07T04:00:00.000Z,38893.5,39752,37609.5,37984,51841.538,2011261615.966
1612713600000,2021-02-07T16:00:00.000Z,37984,39172,37416,38122,43080.153,1653176999.111
1612756800000,2021-02-08T04:00:00.000Z,38122,44952.5,38056,43792,46190.245,1887687816.882
1612800000000,2021-02-08T16:00:00.000Z,43792,47622,42650,46676,55135.393,2466002095.764
1612843200000,2021-02-09T04:00:00.000Z,46676,48267.5,45088,46844.5,59261.411,2765779278.979
1612886400000,2021-02-09T16:00:00.000Z,46844.5,47588.5,46107.5,46335.5,60068.972,2811534783.8375
1612929600000,2021-02-10T04:00:00.000Z,46335.5,47474.5,43758.5,44374,40367.459,1863124388.836
1612972800000,2021-02-10T16:00:00.000Z,44374,45726.5,43898.5,45521,30667.293,1375836534.181
1613016000000,2021-02-11T04:00:00.000Z,45521,48662,44457.5,48073.5,46330.232,2141436852.544
1613059200000,2021-02-11T16:00:00.000Z,48073.5,49222,46615,47692,42739.888,2044613778.3225
1613102400000,2021-02-12T04:00:00.000Z,47692,48251.5,46188,47070,41916.959,1987659673.688
1613145600000,2021-02-12T16:00:00.000Z,47070,48266,47002.5,47923.5,32699.732,1558662797.924
1613188800000,2021-02-13T04:00:00.000Z,47923.5,48034,46269,47142.5,41053.54,1937252102.923
1613232000000,2021-02-13T16:00:00.000Z,47142.5,47795.5,46711,47368,36309.584,1715027400.535
1613275200000,2021-02-14T04:00:00.000Z,47368,49850,47332,48629.5,51595.9,2513965263.8925
1613318400000,2021-02-14T16:00:00.000Z,48629.5,49390.5,45714.5,47168,44528.556,2157119450.2455
1613361600000,2021-02-15T04:00:00.000Z,47168,48300,46368.5,47990.5,38297.442,1815379716.0435
1613404800000,2021-02-15T16:00:00.000Z,47990.5,49784,47091.5,49699.5,29885.853,1446695900.2075
1613448000000,2021-02-16T04:00:00.000Z,49699.5,50899,48443,49030.5,40247.29,1985300000.163
1613491200000,2021-02-16T16:00:00.000Z,49030.5,50366,47840,49683.5,43803.996,2144576944.7415
1613534400000,2021-02-17T04:00:00.000Z,49683.5,51791,49184.5,51213,44563.363,2266158074.0135
1613577600000,2021-02-17T16:00:00.000Z,51213,52708,50837,52085.5,41170.148,2141318730.721
1613620800000,2021-02-18T04:00:00.000Z,52085.5,52378.5,50940,51614.5,27014.614,1399301261.291
1613664000000,2021-02-18T16:00:00.000Z,51614.5,52269,50814.5,51305.5,27865.651,1441584270.594
1613707200000,2021-02-19T04:00:00.000Z,51305.5,53981,50977.5,53943.5,24835.781,1302620661.2855
1613750400000,2021-02-19T16:00:00.000Z,53943.5,56706.5,53684.5,55817.5,41425.123,2301557981.783
1613793600000,2021-02-20T04:00:00.000Z,55817.5,57655.5,55124.5,56151,31546.408,1772159990.058
1613836800000,2021-02-20T16:00:00.000Z,56151,57518,54008,56592,37329.935,2103598814.0585
1613880000000,2021-02-21T04:00:00.000Z,56592,57957.5,55932,57382.5,30910.658,1761230189.371
1613923200000,2021-02-21T16:00:00.000Z,57382.5,58468,55843.5,55948,29579.611,1698745310.841
1613966400000,2021-02-22T04:00:00.000Z,55948,56658.5,48001.5,53293.5,48205.429,2615955849.9555
1614009600000,2021-02-22T16:00:00.000Z,53293.5,55010,50940,51943.5,39448.673,2101343528.726
1614052800000,2021-02-23T04:00:00.000Z,51943.5,52357.5,44931,48632.5,61167.185,2985133571.5605
1614096000000,2021-02-23T16:00:00.000Z,48632.5,50934.5,45285.5,50847.5,57868.114,2777702277.3115
1614139200000,2021-02-24T04:00:00.000Z,50847.5,51428,48508,49852,42463.296,2132959708.0265
1614182400000,2021-02-24T16:00:00.000Z,49852,50913.5,48031,50251.5,35447.827,1761205485.651
1614225600000,2021-02-25T04:00:00.000Z,50251.5,52098,48642.5,50879,39477.175,1985494369.5155
1614268800000,2021-02-25T16:00:00.000Z,50879,51390.5,45977,47347.5,61422.073,2979590865.795
1614312000000,2021-02-26T04:00:00.000Z,47347.5,47886.5,44138.5,47626,68112.666,3152250397.6275
1614355200000,2021-02-26T16:00:00.000Z,47626,48425.5,45095,47461,46484.427,2189945543.6725
1614398400000,2021-02-27T04:00:00.000Z,47461,48429.5,46262.5,46568,48920.109,2309015442.633
1614441600000,2021-02-27T16:00:00.000Z,46568,47599.5,44463.5,44663.5,38062.822,1764094664.2945
1614484800000,2021-02-28T04:00:00.000Z,44663.5,45562.5,43195,43424,41295.911,1845893575.237
1614528000000,2021-02-28T16:00:00.000Z,43424,46794,43014.5,46336.5,50319.865,2258629485.4415
1614571200000,2021-03-01T04:00:00.000Z,46336.5,49274.5,45681.5,49182,48295.647,2283176851.0345
1614614400000,2021-03-01T16:00:00.000Z,49182,50223,47956.5,48994.5,51352.259,2516800902.2245
1614657600000,2021-03-02T04:00:00.000Z,48994.5,49701.5,48318,48693.5,38109.634,1862310163.28
1614700800000,2021-03-02T16:00:00.000Z,48693.5,48954.5,47083.5,48722.5,49844.419,2393564782.1445
1614744000000,2021-03-03T04:00:00.000Z,48722.5,52656,48673.5,50803,44901.551,2275980424.377
1614787200000,2021-03-03T16:00:00.000Z,50803,51804.5,49431,49608.5,42269.431,2151187184.2885
1614830400000,2021-03-04T04:00:00.000Z,49608.5,50770,48558,49433,48654.952,2407087996.4275
1614873600000,2021-03-04T16:00:00.000Z,49433,50060,46334.5,47284.5,52157.238,2500700847.293
1614916800000,2021-03-05T04:00:00.000Z,47284.5,48734,46447.5,47895.5,42821.781,2032940553.033
1614960000000,2021-03-05T16:00:00.000Z,47895.5,49461.5,46934,48648,44799.072,2176287151.685
1615003200000,2021-03-06T04:00:00.000Z,48648,49131,47100,47282,44729.342,2153023776.884
1615046400000,2021-03-06T16:00:00.000Z,47282,49903,47145.5,49574,41022.815,1994893504.6895
1615089600000,2021-03-07T04:00:00.000Z,49574,51314.5,49134.5,50599,32302.704,1625289406.052
1615132800000,2021-03-07T16:00:00.000Z,50599,51871.5,49807,50632,35397.734,1800086920.66
1615176000000,2021-03-08T04:00:00.000Z,50632,51268,49336.5,51054,33091.2,1668091858.3595
1615219200000,2021-03-08T16:00:00.000Z,51054,54139.5,50582.5,53840,46348.873,2413919953.7425
1615262400000,2021-03-09T04:00:00.000Z,53840,54820.5,53356,54124.5,35018.106,1895543153.1835
1615305600000,2021-03-09T16:00:00.000Z,54124.5,55872,53248,53550.5,49956.472,2713069612.236
1615348800000,2021-03-10T04:00:00.000Z,53550.5,56544.5,53097.5,56375,36564.565,2005382477.2125
1615392000000,2021-03-10T16:00:00.000Z,56375,57481.5,55261.5,56051,35319.488,1993426691.506
1615435200000,2021-03-11T04:00:00.000Z,56051,57299,54350,56396.5,41775.151,2326786695.6715
1615478400000,2021-03-11T16:00:00.000Z,56396.5,58258.5,56343.5,57148.5,40295.278,2311127937.204
1615521600000,2021-03-12T04:00:00.000Z,57148.5,57467,55092,56997,55042.825,3113445048.2265
1615564800000,2021-03-12T16:00:00.000Z,56997,57805.5,56125,56711.5,41740.317,2376171204.9945
1615608000000,2021-03-13T04:00:00.000Z,56711.5,60504,56276,59737,44015.005,2579715223.955
1615651200000,2021-03-13T16:00:00.000Z,59737,61907.5,59520,61409.5,46411.475,2827385761.16
1615694400000,2021-03-14T04:00:00.000Z,61409.5,61581,59494.5,59759,37721.462,2287290347.109
1615737600000,2021-03-14T16:00:00.000Z,59759,60806,58775,60460.5,43291.97,2599170339.127
1615780800000,2021-03-15T04:00:00.000Z,60460.5,60717.5,54641,56224,43965.529,2526509075.437
1615824000000,2021-03-15T16:00:00.000Z,56224,56971,53339,54296,43711.526,2433655233.4465
1615867200000,2021-03-16T04:00:00.000Z,54296,56421.5,53632.5,55875.5,48880.074,2701171206.4055
1615910400000,2021-03-16T16:00:00.000Z,55875.5,57207.5,55002,55551,38158.026,2139475883.754
1615953600000,2021-03-17T04:00:00.000Z,55551,56356.5,54164.5,54958.5,36937.632,2040026175.774
1615996800000,2021-03-17T16:00:00.000Z,54958.5,59592,54791,58757,57040.452,3307179142.271
1616040000000,2021-03-18T04:00:00.000Z,58757,59699,57579,59564.5,32570.439,1903447604.986
1616083200000,2021-03-18T16:00:00.000Z,59564.5,60185.5,56316.5,57775,32890.688,1911076281.551
1616126400000,2021-03-19T04:00:00.000Z,57775,59271.5,57515,59015.5,46538.199,2721950863.6785
1616169600000,2021-03-19T16:00:00.000Z,59015.5,59521.5,57870.5,58426,38998.687,2287503971.8615
1616212800000,2021-03-20T04:00:00.000Z,58426,59932,58037,59289,43238.934,2545285854.895
1616256000000,2021-03-20T16:00:00.000Z,59289,59508,57485.5,57807.5,39684.055,2328788775.3845
1616299200000,2021-03-21T04:00:00.000Z,57807.5,57834,55485,57184,37805.632,2149130850.407
1616342400000,2021-03-21T16:00:00.000Z,57184,58152,56334.5,57600.5,28307.713,1622052219.952
1616385600000,2021-03-22T04:00:00.000Z,57600.5,58498,56589,57134,31889.651,1832314730.262
1616428800000,2021-03-22T16:00:00.000Z,57134,57228,53663,54706.5,47743.954,2642856888.1425
1616472000000,2021-03-23T04:00:00.000Z,54706.5,55449,53000.5,55197.5,41822.024,2277822811.845
1616515200000,2021-03-23T16:00:00.000Z,55197.5,55865,53592,54395.5,34442.449,1888575711.6565
1616558400000,2021-03-24T04:00:00.000Z,54395.5,57196.5,53752,56335,36844.566,2057087070.0925
1616601600000,2021-03-24T16:00:00.000Z,56335,56445,51504,52134,61192.912,3290922794.6035
1616644800000,2021-03-25T04:00:00.000Z,52134,53224,50489,50998.5,38000.037,1976034042.4905
1616688000000,2021-03-25T16:00:00.000Z,50998.5,52720.5,50585,52418,48553.482,2518488101.6645
1616731200000,2021-03-26T04:00:00.000Z,52418,53815.5,52192.5,53322,33491.192,1777448561.241
1616774400000,2021-03-26T16:00:00.000Z,53322,55526.5,52907.5,54767.5,33308.256,1806541043.4245
1616817600000,2021-03-27T04:00:00.000Z,54767.5,55358,54000,54968,33308.515,1824653958.321
1616860800000,2021-03-27T16:00:00.000Z,54968,56630,54940,56044.5,40043.744,2237760373.7395
1616904000000,2021-03-28T04:00:00.000Z,56044.5,56558,55329,56370,30941.416,1731842305.9125
1616947200000,2021-03-28T16:00:00.000Z,56370,56503.5,54711.5,55418,28592.368,1587685467.094
1616990400000,2021-03-29T04:00:00.000Z,55418,58458,54973,57739.5,40199.934,2292935573.6095
1617033600000,2021-03-29T16:00:00.000Z,57739.5,58354.5,57155,57247.5,33660.986,1938399857.1865
1617076800000,2021-03-30T04:00:00.000Z,57247.5,59473,57131,58610,36547.331,2134170053.452
1617120000000,2021-03-30T16:00:00.000Z,58610,59219,58417,58695.5,32094.121,1887511873.417
1617163200000,2021-03-31T04:00:00.000Z,58695.5,59940,56894,59324.5,55593.368,3251075985.668
1617206400000,2021-03-31T16:00:00.000Z,59324.5,59723.5,58428,59208,45097.347,2667159245.0095
1617249600000,2021-04-01T04:00:00.000Z,59208,59583,58180,59037.5,36366.742,2143676244.12
1617292800000,2021-04-01T16:00:00.000Z,59037.5,60389.5,58002.5,59965,33425.411,1974460226.6315
1617336000000,2021-04-02T04:00:00.000Z,59965,60108.5,59064.5,59544,31939.609,1902320729.059
1617379200000,2021-04-02T16:00:00.000Z,59544,59674,58525.5,59324.5,33684.061,1992724208.848
1617422400000,2021-04-03T04:00:00.000Z,59324.5,59925.5,58812,58885.5,28033.852,1665430161.1615
1617465600000,2021-04-03T16:00:00.000Z,58885.5,59210,56531.5,57553.5,32612.432,1887980480.975
1617552000000,2021-04-04T16:00:00.000Z,57949.5,58438.5,57391,57557,24162.158,1401433465.6675
1617595200000,2021-04-05T04:00:00.000Z,57557,59345.5,56827.5,59071,29828.251,1722810740.4405
1617638400000,2021-04-05T16:00:00.000Z,59071,59607.5,58598.5,58685.5,20983.62,1237566572.6515
1617681600000,2021-04-06T04:00:00.000Z,58685.5,59115.5,57509.5,57892.5,33765.349,1978800149.28
1617724800000,2021-04-06T16:00:00.000Z,57892.5,58367.5,57263,58009,39205.257,2275176015.201
1617768000000,2021-04-07T04:00:00.000Z,58009,58704.5,55673,56508,36569.932,2094279077.2125
1617811200000,2021-04-07T16:00:00.000Z,56508,56862.5,55534.5,56563,32259.445,1815929732.2295
1617854400000,2021-04-08T04:00:00.000Z,56563,57955,56394,57800,36095.873,2060957137.842
1617897600000,2021-04-08T16:00:00.000Z,57800,58437,57492.5,58012.5,39587.076,2292880901.5785
1617940800000,2021-04-09T04:00:00.000Z,58012.5,58946,57692,58275,42363.985,2468095729.633
1617984000000,2021-04-09T16:00:00.000Z,58275,59269.5,57889.5,59268,43395.338,2532682792.696
1618027200000,2021-04-10T04:00:00.000Z,59268,61722,59268,60348.5,42815.386,2597986136.333
1618070400000,2021-04-10T16:00:00.000Z,60348.5,60798,58400.5,60345,37665.545,2257132306.9615
1618113600000,2021-04-11T04:00:00.000Z,60345,60402.5,59294.5,59731.5,40278.021,2409129639.2355
1618156800000,2021-04-11T16:00:00.000Z,59731.5,60518.5,59473,60423.5,28799.598,1724137843.078
1618200000000,2021-04-12T04:00:00.000Z,60423.5,61457,59493.5,60060.5,36117.891,2179850674.8655
1618243200000,2021-04-12T16:00:00.000Z,60060.5,61196.5,59710.5,60597,22604.813,1360765150.7215
1618286400000,2021-04-13T04:00:00.000Z,60597,63797,60439.5,63435.5,39410.983,2452563516.3615
1618329600000,2021-04-13T16:00:00.000Z,63435.5,64008.5,62650,63865,38162.211,2417633620.8135
1618372800000,2021-04-14T04:00:00.000Z,63865,64996,62419,63108.5,32319.436,2068853163.388
1618416000000,2021-04-14T16:00:00.000Z,63108.5,63810.5,61364,63111.5,26687.879,1676194657.7185
1618459200000,2021-04-15T04:00:00.000Z,63111.5,63531,62111,62768,36215.004,2274691873.147
1618502400000,2021-04-15T16:00:00.000Z,62768,63874.5,62372,63004,36852.957,2328215034.8795
1618545600000,2021-04-16T04:00:00.000Z,63004,63032,60031.5,61588.5,39537.197,2422403344.7235
1618588800000,2021-04-16T16:00:00.000Z,61588.5,62560,61171,62397,34365.306,2122251736.1215
1618632000000,2021-04-17T04:00:00.000Z,62397,62505,60131.5,60336.5,39239.844,2413859190.2215
1618675200000,2021-04-17T16:00:00.000Z,60336.5,61015,50854.5,54726,42051.68,2496579011.3495
1618718400000,2021-04-18T04:00:00.000Z,54726,56540,53153.5,55455,52005.24,2865934984.929
1618761600000,2021-04-18T16:00:00.000Z,55455,57260.5,54880.5,57014,42342.964,2375553974.4185
1618804800000,2021-04-19T04:00:00.000Z,57014,57528,54243,54571.5,44512.627,2505480924.492
1618848000000,2021-04-19T16:00:00.000Z,54571.5,56585,53620,54548.5,46482.424,2557821376.095
1618891200000,2021-04-20T04:00:00.000Z,54548.5,56458,53364.5,55326.5,37531.231,2072785952.7985
1618934400000,2021-04-20T16:00:00.000Z,55326.5,57056,55114,55188,37432.019,2099798261.0225
1618977600000,2021-04-21T04:00:00.000Z,55188,56349.5,54282.5,56157.5,42730.242,2367350266.59
1619020800000,2021-04-21T16:00:00.000Z,56157.5,56324.5,52563.5,53511,55640.798,3024914779.432
1619064000000,2021-04-22T04:00:00.000Z,53511,55452,53125.5,54670,43944.369,2387985115.1925
1619107200000,2021-04-22T16:00:00.000Z,54670,55178.5,48634.5,50302,45317.914,2351806395.825
1619150400000,2021-04-23T04:00:00.000Z,50302,50576,47511,49788,46713.375,2295952866.961
1619193600000,2021-04-23T16:00:00.000Z,49788,51234.5,49373.5,50139.5,31269.2,1571133333.4765
1619236800000,2021-04-24T04:00:00.000Z,50139.5,50633.5,48715,50203.5,32325.625,1607759775.2125
1619280000000,2021-04-24T16:00:00.000Z,50203.5,51011,49643,49670.5,23553.995,1186843238.59
1619323200000,2021-04-25T04:00:00.000Z,49670.5,50545.5,49106,50260,35556.104,1768410827.468
1619366400000,2021-04-25T16:00:00.000Z,50260,52484.5,46989.5,52390.5,53375.845,2641919114.291
1619409600000,2021-04-26T04:00:00.000Z,52390.5,53926,52056.5,53596.5,42886.599,2275309771.1605
1619452800000,2021-04-26T16:00:00.000Z,53596.5,54358.5,52636.5,53480,47433.043,2543440239.601
1619496000000,2021-04-27T04:00:00.000Z,53480,55356,53241.5,55008.5,32945.374,1799181697.186
1619539200000,2021-04-27T16:00:00.000Z,55008.5,55754.5,54286.5,54809.5,30723.942,1690880230.12
1619582400000,2021-04-28T04:00:00.000Z,54809.5,55323,53866.5,54351,32748.771,1786164635.8805
1619625600000,2021-04-28T16:00:00.000Z,54351,56537,54029.5,54274,29695.45,1623224507.4655
1619668800000,2021-04-29T04:00:00.000Z,54274,54736,53343,53748,29707.1,1607897451.749
1619712000000,2021-04-29T16:00:00.000Z,53748,53845,52346,53666.5,25718.206,1368801930.4705
1619755200000,2021-04-30T04:00:00.000Z,53666.5,57252.5,53666.5,57141.5,34443.509,1886813386.7405
1619798400000,2021-04-30T16:00:00.000Z,57141.5,58485.5,56343.5,58212.5,36625.896,2099818935.502
1619841600000,2021-05-01T04:00:00.000Z,58212.5,58462.5,57073,57391.5,38654.042,2232630983.306
1619884800000,2021-05-01T16:00:00.000Z,57391.5,58037.5,56371,56529.5,38784.732,2231998830.611
1619928000000,2021-05-02T04:00:00.000Z,56529.5,57314.5,56107,56622,31532.809,1788677532.5305
1619971200000,2021-05-02T16:00:00.000Z,56622,58353.5,56246.5,57995.5,21517.561,1228542997.2645
1620014400000,2021-05-03T04:00:00.000Z,57995.5,59040.5,57340,57663,38993.731,2273842592.105
1620057600000,2021-05-03T16:00:00.000Z,57663,58206.5,54590,55497.5,42058.417,2385719152.9595
1620100800000,2021-05-04T04:00:00.000Z,55497.5,56640,53576.5,53826.5,45102.566,2507100902.6025
1620144000000,2021-05-04T16:00:00.000Z,53826.5,55428.5,52931,54834,51744.092,2815998692.3525
1620187200000,2021-05-05T04:00:00.000Z,54834,57681,53990.5,57559,34729.619,1922822853.026
1620230400000,2021-05-05T16:00:00.000Z,57559,57921.5,56620.5,56872,30779.787,1759764507.2775
1620273600000,2021-05-06T04:00:00.000Z,56872,58458,56433,57156.5,37180.474,2131807380.3275
1620316800000,2021-05-06T16:00:00.000Z,57156.5,57536,55296.5,55743,57791.417,3253824118.5055
1620360000000,2021-05-07T04:00:00.000Z,55743,57718.5,55283.5,57548,38607.112,2179549851.476
1620403200000,2021-05-07T16:00:00.000Z,57548,58776,56815.5,58162.5,39551.428,2284167143.453
1620446400000,2021-05-08T04:00:00.000Z,58162.5,59485.5,57517,57621.5,26257.249,1533065772.5235
1620489600000,2021-05-08T16:00:00.000Z,57621.5,59584.5,57621.5,58643,15522.913,912819099.3375
1620532800000,2021-05-09T04:00:00.000Z,58643,58879,56301.5,57416.5,15997.82,924817892.368
1620576000000,2021-05-09T16:00:00.000Z,57416.5,59534,57068,59429,15220.02,883053607.6725
1620619200000,2021-05-10T04:00:00.000Z,59429,59638.5,56721.5,58358.5,18638.33,1083378076.9835
1620662400000,2021-05-10T16:00:00.000Z,58358.5,58620,53532.5,55180.5,24191.281,1356429944.9835
1620705600000,2021-05-11T04:00:00.000Z,55180.5,56226,54631.5,56049.5,18617.411,1034414936.4985
1620748800000,2021-05-11T16:00:00.000Z,56049.5,57906,55784.5,57795,19699.774,1117745479.8635
1620792000000,2021-05-12T04:00:00.000Z,57795,58017.5,55308,55519.5,21533.17,1220149689.7835
1620835200000,2021-05-12T16:00:00.000Z,55519.5,55683.5,45786.5,50458,31396.351,1628399456.808
1620878400000,2021-05-13T04:00:00.000Z,50458,51325,48494.5,49683.5,36894.613,1849782678.806
1620921600000,2021-05-13T16:00:00.000Z,49683.5,50417,46985,49195.5,38798.554,1905041450.7115
1620964800000,2021-05-14T04:00:00.000Z,49195.5,51495.5,48873.5,51227.5,18579.784,927239206.523
1621008000000,2021-05-14T16:00:00.000Z,51227.5,51316.5,49048.5,49664.5,16430.16,823948631.7115
1621051200000,2021-05-15T04:00:00.000Z,49664.5,49882.5,47798,48991.5,21574.066,1055890045.444
1621094400000,2021-05-15T16:00:00.000Z,48991.5,49001.5,46466.5,48404.5,20630.432,987124626.3025
1621137600000,2021-05-16T04:00:00.000Z,48404.5,49798.5,47677,47768.5,20784.49,1016642806.876
1621180800000,2021-05-16T16:00:00.000Z,47768.5,48124,42794.5,42941,36402.574,1657757246.6635
1621224000000,2021-05-17T04:00:00.000Z,42941,45823,42185,43380.5,31975.5,1423073770.1745
1621267200000,2021-05-17T16:00:00.000Z,43380.5,45283,42139,44806,39785.045,1745068389.445
1621310400000,2021-05-18T04:00:00.000Z,44806,45800,42687,43004.5,30483.391,1353240864.126
1621353600000,2021-05-18T16:00:00.000Z,43004.5,43825.5,40147.5,40620.5,42173.713,1789371614.1005
1621396800000,2021-05-19T04:00:00.000Z,40620.5,40885.5,28986,37301,68501.411,2613763142.3455
1621440000000,2021-05-19T16:00:00.000Z,37301,40505.5,34916.5,38341.5,51728.913,1980283260.7555
1621483200000,2021-05-20T04:00:00.000Z,38341.5,42445,38213.5,41428,50708.856,2045698937.763
1621526400000,2021-05-20T16:00:00.000Z,41428,42256,38103.5,40661.5,48302.194,1952940001.1555
1621569600000,2021-05-21T04:00:00.000Z,40661.5,41723,36441,36792,49068.529,1961958016.4905
1621612800000,2021-05-21T16:00:00.000Z,36792,38076.5,33440,36945,56181.58,2066080955.2115
1621656000000,2021-05-22T04:00:00.000Z,36945,38830.5,35205,38148.5,48236.623,1788025336.6675
1621699200000,2021-05-22T16:00:00.000Z,38148.5,38535.5,36681.5,37429.5,37655.503,1422895554.069
1621742400000,2021-05-23T04:00:00.000Z,37429.5,37431,32587.5,33308,59495.101,2095166641.082
1621785600000,2021-05-23T16:00:00.000Z,33316.5,35864.5,31122,35242.5,10393.848,353337184.4125
1621828800000,2021-05-24T04:00:00.000Z,35246,38609.5,34439,37559,9984.547,366246463.4045
1621872000000,2021-05-24T16:00:00.000Z,37555.5,39834.5,36887,38320,10865.865,416795951.239
1621915200000,2021-05-25T04:00:00.000Z,38265.5,39167.5,36518.5,38296.5,9218.974,348174519.234
1621958400000,2021-05-25T16:00:00.000Z,38268.5,39611.5,37136,39515,8100.64,308987166.5385
1622001600000,2021-05-26T04:00:00.000Z,39573,40815.5,38512.5,38780,8171.174,324462330.383
1622044800000,2021-05-26T16:00:00.000Z,38771,39434,37177.5,37607.5,10295.948,396055097.691
1622088000000,2021-05-27T04:00:00.000Z,37631.5,40417.5,37221,39677.5,8260.225,321218191.5995
1622131200000,2021-05-27T16:00:00.000Z,39685.5,39724.5,37741,38236.5,7681.949,296696613.6205
1622174400000,2021-05-28T04:00:00.000Z,38242,38242,35154,36734.5,9591.15,351250069.6445
1622217600000,2021-05-28T16:00:00.000Z,36741.5,36840.5,34722.5,36474,10015.088,358629270.418
1622260800000,2021-05-29T04:00:00.000Z,36477.5,37331.5,33865.5,34407,8565.923,304442447.2405
1622304000000,2021-05-29T16:00:00.000Z,34447,35020,33413.5,34770,8089.009,276865388.5195
1622347200000,2021-05-30T04:00:00.000Z,34782.5,36467,34654.5,35504.5,5891.565,209738945.766
1622390400000,2021-05-30T16:00:00.000Z,35495.5,36324.5,34289.5,34505,6000.079,213517351.6595
1622433600000,2021-05-31T04:00:00.000Z,34503,37191.5,34198,36965.5,6183.066,222352641.9655
1622476800000,2021-05-31T16:00:00.000Z,36950,37874,36508.5,36712.5,6777.668,250646167.9105
1622520000000,2021-06-01T04:00:00.000Z,36693,37429.5,35732.5,36217.5,6715.033,245810115.3235
1622563200000,2021-06-01T16:00:00.000Z,36230.5,36893.5,35726,36490.5,7602.37,275748809.024
1622606400000,2021-06-02T04:00:00.000Z,36482.5,38217.5,36482.5,38028,6516.138,242718535.1815
1622649600000,2021-06-02T16:00:00.000Z,38029,38189,37220.5,37624.5,7122.326,268505519.1495
1622692800000,2021-06-03T04:00:00.000Z,37638.5,39462,37592.5,38559,6099.854,235940611.737
1622736000000,2021-06-03T16:00:00.000Z,38544,39290.5,37408,37941.5,6820.166,263058294.059
1622779200000,2021-06-04T04:00:00.000Z,37942.5,37945,35574.5,36944.5,7141.924,262542148.699
1622822400000,2021-06-04T16:00:00.000Z,36941.5,37804.5,36486,37414,6665.75,247736266.226
1622865600000,2021-06-05T04:00:00.000Z,37430.5,37893.5,35342,36267,6223.839,228791291.356
1622908800000,2021-06-05T16:00:00.000Z,36316.5,36316.5,34823.5,35998.5,6883.71,246463234.7175
1622952000000,2021-06-06T04:00:00.000Z,35995.5,36459,35495,36174.5,6269.711,225796347.742
1622995200000,2021-06-06T16:00:00.000Z,36164,36796.5,35243,36391.5,6546.214,236008151.8925
1623038400000,2021-06-07T04:00:00.000Z,36412.5,36782.5,35903.5,36039.5,6118.288,221916079.7135
1623081600000,2021-06-07T16:00:00.000Z,36039,36091,32381,32791.5,6912.061,238543621.8465
1623124800000,2021-06-08T04:00:00.000Z,32799,33310.5,31027,31696,8252.22,268793595.181
1623168000000,2021-06-08T16:00:00.000Z,31697,33783.5,31584,32845.5,7933.847,260091844.312
1623211200000,2021-06-09T04:00:00.000Z,32896,36611,32545,36341,7240.351,248659862.427
1623254400000,2021-06-09T16:00:00.000Z,36346.5,37628.5,35656.5,36959,10246.648,375897547.222
1623297600000,2021-06-10T04:00:00.000Z,36960.5,38351.5,36250,36900.5,6008.714,222370388.826
1623340800000,2021-06-10T16:00:00.000Z,36898,37249,35821.5,36752,4814.177,176032824.9305
1623384000000,2021-06-11T04:00:00.000Z,36762,37581,36394,36835,3849.371,142762322.2215
1623427200000,2021-06-11T16:00:00.000Z,36820.5,37467.5,35344,35591,4675.052,172660885.467
1623470400000,2021-06-12T04:00:00.000Z,35577.5,36203.5,34618.5,35377.5,4161.917,147623334.3765
1623513600000,2021-06-12T16:00:00.000Z,35378,36097,34843.5,34874.5,4492.436,160257512.2665
1623556800000,2021-06-13T04:00:00.000Z,34907,36113,34804.5,36019,3453.83,122750387.2935
1623600000000,2021-06-13T16:00:00.000Z,36019,39789.5,35951.5,38985.5,4491.53,173037014.6165
1623643200000,2021-06-14T04:00:00.000Z,38987.5,40968.5,38799.5,40670,3549.877,140080254.5365
1623686400000,2021-06-14T16:00:00.000Z,40682.5,40829.5,39407.5,40394.5,4195,168412231.918
1623729600000,2021-06-15T04:00:00.000Z,40417.5,40561.5,39592,40076.5,4315.146,173384442.018
1623772800000,2021-06-15T16:00:00.000Z,40059.5,41313.5,39650,40015,3219.495,129267115.3255
1623816000000,2021-06-16T04:00:00.000Z,40014,40469,38618,38780,4331.579,171957378.952
1623859200000,2021-06-16T16:00:00.000Z,38770.5,39637.5,38141,38848.5,3944.657,152689086.7905
1623902400000,2021-06-17T04:00:00.000Z,38874.5,39534,38469,39004.5,4022.217,156975431.0625
1623945600000,2021-06-17T16:00:00.000Z,39023,39078.5,37224,37911.5,3938.593,148948296.7075
1623988800000,2021-06-18T04:00:00.000Z,37911.5,38077,36361.5,36369.5,883.665,33441495.6135
1624032000000,2021-06-18T16:00:00.000Z,36371,36723,34847,35074,162.849,5818045.115
1624075200000,2021-06-19T04:00:00.000Z,35083.5,36336,34942.5,36094.5,116.739,4166759.6095
1624118400000,2021-06-19T16:00:00.000Z,36108.5,36178.5,35150,35520.5,139.748,4986196.22
1624161600000,2021-06-20T04:00:00.000Z,35467.5,35902.5,33357.5,34389,629.487,21721753.186
1624204800000,2021-06-20T16:00:00.000Z,34390,36103,34295.5,34658.5,1092.018,38646594.306
1624248000000,2021-06-21T04:00:00.000Z,34656.5,34720.5,31735.5,32679,1078.209,35660270.688
1624291200000,2021-06-21T16:00:00.000Z,32679.5,33222.5,31166.5,32997.5,750.614,24156544.296
1624334400000,2021-06-22T04:00:00.000Z,32997,33042,28866,31658.5,1036.114,33154331.5235
1624377600000,2021-06-22T16:00:00.000Z,31657.5,34210.5,31604.5,33969.5,678.148,22496424.257
1624420800000,2021-06-23T04:00:00.000Z,33962.5,34766.5,33447,33498,1340.098,45562436.152
1624464000000,2021-06-23T16:00:00.000Z,33494.5,33897.5,32335.5,32597,928.904,30786645.4285
1624507200000,2021-06-24T04:00:00.000Z,32580,34494,32355.5,33908.5,611.147,20188458.0935
1624550400000,2021-06-24T16:00:00.000Z,33857.5,35494.5,33764,35046.5,90.954,3159627.464
1624593600000,2021-06-25T04:00:00.000Z,35042.5,35079,32405,32589,229.387,7618374.6145
1624636800000,2021-06-25T16:00:00.000Z,32607.5,32883,31294,31959.5,662.724,21178649.7065
1624680000000,2021-06-26T04:00:00.000Z,32007.5,32626,30142,31477.5,921.411,28899470.4865
1624723200000,2021-06-26T16:00:00.000Z,31522,33153.5,30787,33109.5,90.709,2884675.775
1624766400000,2021-06-27T04:00:00.000Z,33120,33495.5,32359.5,33187,93.151,3080160.839
1624809600000,2021-06-27T16:00:00.000Z,33182,34864.5,32443,34399.5,672.213,22344382.53
1624852800000,2021-06-28T04:00:00.000Z,34399.5,35198,33904,34944,1590.625,54835198.8125
1624896000000,2021-06-28T16:00:00.000Z,34958.5,35142.5,33991.5,34578,844.307,29050062.274
1624939200000,2021-06-29T04:00:00.000Z,34554.5,36394.5,34541,36241,614.762,21813508.954
1624982400000,2021-06-29T16:00:00.000Z,36245,36534.5,35044.5,35095.5,1216.812,43960375.962
1625025600000,2021-06-30T04:00:00.000Z,35074.5,35273.5,34109,34198,885.224,30741035.252
1625068800000,2021-06-30T16:00:00.000Z,34197,35189.5,34060,34163,1574.981,54645340.683
1625112000000,2021-07-01T04:00:00.000Z,34132.5,34451,33000,33427.5,1188.124,40180958.2755
1625155200000,2021-07-01T16:00:00.000Z,33427,33935,32764,32908,875.677,29221546.977
1625241600000,2021-07-02T16:00:00.000Z,33689.5,33884.5,33054.5,33513,394.831,13217864.719
1625284800000,2021-07-03T04:00:00.000Z,33514,34793.5,33439.5,34606.5,346.833,11876586.77
1625328000000,2021-07-03T16:00:00.000Z,34606.5,34912.5,34267,34632.5,197.969,6856798.3445
1625371200000,2021-07-04T04:00:00.000Z,34631.5,35658,34616.5,35481.5,310.642,10969682.7015
1625414400000,2021-07-04T16:00:00.000Z,35486,35954.5,34213.5,34349,291.927,10319267.995
1625457600000,2021-07-05T04:00:00.000Z,34345,34523,33359,33589,332.539,11313411.094
1625500800000,2021-07-05T16:00:00.000Z,33574,34200.5,33155.5,33903.5,320.47,10867840.789
1625544000000,2021-07-06T04:00:00.000Z,33903.5,35071,33731.5,34029,222.382,7640031.9135
1625587200000,2021-07-06T16:00:00.000Z,34033.5,34509,33552.5,34449.5,219.735,7479125.344
1625630400000,2021-07-07T04:00:00.000Z,34485.5,35024.5,34381.5,34544.5,280.225,9735325.351
1625673600000,2021-07-07T16:00:00.000Z,34537.5,34771,33073.5,33289.5,332.006,11327513.231
1625716800000,2021-07-08T04:00:00.000Z,33288,33469,32089.5,32882.5,318.265,10427430.968
1625760000000,2021-07-08T16:00:00.000Z,32883,33126.5,32275.5,32929,384.972,12606369.4835
1625803200000,2021-07-09T04:00:00.000Z,32930.5,33669.5,32616,33531.5,266.53,8790609.1985
1625846400000,2021-07-09T16:00:00.000Z,33542,34218.5,33286.5,33791,330.897,11140274.4075
1625889600000,2021-07-10T04:00:00.000Z,33791,33917,33503.5,33860.5,253.709,8562132.5015
1625932800000,2021-07-10T16:00:00.000Z,33860,34180.5,33047.5,33451,241.806,8113914.499
1625976000000,2021-07-11T04:00:00.000Z,33450,33987.5,33319,33935.5,109.106,3672508.9735
1626019200000,2021-07-11T16:00:00.000Z,33936,34600,33739.5,34429,102.214,3486374.013
1626062400000,2021-07-12T04:00:00.000Z,34431.5,34638,33337.5,33349,211.769,7179718.511
1626105600000,2021-07-12T16:00:00.000Z,33347,33414.5,32660.5,33065.5,217.262,7184761.163
1626148800000,2021-07-13T04:00:00.000Z,33067,33318,32280,32776.5,161.532,5324445.4485
1626192000000,2021-07-13T16:00:00.000Z,32781,32928,31633,31822,113.901,3700530.652
1626235200000,2021-07-14T04:00:00.000Z,31803,32947.5,31591.5,32775.5,375.362,12117750.3605
1626278400000,2021-07-14T16:00:00.000Z,32780.5,33170,32572.5,32636,337.526,11075633.0675
1626321600000,2021-07-15T04:00:00.000Z,32635,32672.5,31491,31674.5,318.109,10245792.849
1626364800000,2021-07-15T16:00:00.000Z,31673.5,32030.5,31150,31900.5,275.713,8727777.2505
1626408000000,2021-07-16T04:00:00.000Z,31901.5,32151,31050,32119,415.436,13133739.268
1626451200000,2021-07-16T16:00:00.000Z,32123.5,32207.5,31174.5,31306,321.443,10193152.092
1626494400000,2021-07-17T04:00:00.000Z,31305.5,31938.5,31193.5,31747.5,279.135,8795518.0445
1626537600000,2021-07-17T16:00:00.000Z,31747,32410,31459.5,32153.5,229.618,7312340.847
1626580800000,2021-07-18T04:00:00.000Z,32181,32185,31099,31358.5,453.757,14407579.1485
1626624000000,2021-07-18T16:00:00.000Z,31356,31900.5,31291.5,31530,343.395,10851689.802
1626667200000,2021-07-19T04:00:00.000Z,31529.5,31886.5,30415,30676,507.255,15813355.551
1626710400000,2021-07-19T16:00:00.000Z,30675.5,31025.5,29486,29597,272.423,8324088.174
1626753600000,2021-07-20T04:00:00.000Z,29598.5,29961.5,29278.5,29880,610.942,18128112.753
1626796800000,2021-07-20T16:00:00.000Z,29878.5,29968,29490,29829,346.717,10307391.7725
1626840000000,2021-07-21T04:00:00.000Z,29829,31953,29822,31910.5,385.384,11992399.7105
1626883200000,2021-07-21T16:00:00.000Z,31925.5,32816.5,31524,31935,380.633,12168110.499
1626926400000,2021-07-22T04:00:00.000Z,31923,32535.5,31720,32487,382.969,12270357.175
1626969600000,2021-07-22T16:00:00.000Z,32491.5,32785,32066.5,32575.5,298.655,9661147.544
1627012800000,2021-07-23T04:00:00.000Z,32575.5,32892,32215.5,32305,231.545,7516634.2975
1627056000000,2021-07-23T16:00:00.000Z,32312,33800,32029,33653.5,269.619,8871458.7895
1627099200000,2021-07-24T04:00:00.000Z,33652.5,34037,33549,33843.5,486.113,16406736.168
1627142400000,2021-07-24T16:00:00.000Z,33848.5,34481,33704,34155,334.555,11396812.256
1627185600000,2021-07-25T04:00:00.000Z,34155.5,34784.5,33864,34165.5,530.588,18254576.2685
1627228800000,2021-07-25T16:00:00.000Z,34166,39887.5,34078.5,38288,513.976,18570091.7195
1627272000000,2021-07-26T04:00:00.000Z,38276,39270.5,37700,38548,578.778,22249216.612
1627315200000,2021-07-26T16:00:00.000Z,38542.5,40549.5,36420,36823,866.773,32918329.77
1627358400000,2021-07-27T04:00:00.000Z,36786,38735,36692.5,38223.5,621.69,23399789.8655
1627401600000,2021-07-27T16:00:00.000Z,38204.5,40338,37401,39814,1671.156,63825049.5675
1627444800000,2021-07-28T04:00:00.000Z,39782,40872,39285,39649,1056.426,42048100.784
1627488000000,2021-07-28T16:00:00.000Z,39667,40628.5,38780,39604,1670.419,66303708.0255
1627531200000,2021-07-29T04:00:00.000Z,39603.5,40626,39468,39944.5,562.044,22464860.907
1627574400000,2021-07-29T16:00:00.000Z,39936.5,40393.5,39394.5,39984,440.426,17546119.646
1627617600000,2021-07-30T04:00:00.000Z,39981,40188,38318,39046.5,528.008,20637505.078
1627660800000,2021-07-30T16:00:00.000Z,39050,42350,38867.5,41822.5,240.584,9742314.655
1627704000000,2021-07-31T04:00:00.000Z,41822,41975,41135,41541.5,287.628,11954583.109
1627747200000,2021-07-31T16:00:00.000Z,41531,42588,41059.5,42425,252.355,10514324.4425
1627790400000,2021-08-01T04:00:00.000Z,42369.5,42400,41160,41297,347.475,14511508.2665
1627833600000,2021-08-01T16:00:00.000Z,41296.5,41487.5,39296,39769,798.735,32075483.1255
1627876800000,2021-08-02T04:00:00.000Z,39774,40439.5,38900,39678.5,431.946,17119379.1095
1627920000000,2021-08-02T16:00:00.000Z,39680.5,39950.5,38511,38655,262.809,10347792.3415
1627963200000,2021-08-03T04:00:00.000Z,38580,38810,37688,38172,263.285,10101385.7225
1628006400000,2021-08-03T16:00:00.000Z,38170,38601.5,37600,37971,236.676,9038399.6145
1628049600000,2021-08-04T04:00:00.000Z,37971,39438,37532.5,39294,406.534,15574505.3965
1628092800000,2021-08-04T16:00:00.000Z,39290.5,39952.5,39188,39441,269.084,10651809.851
1628136000000,2021-08-05T04:00:00.000Z,39438.5,39529.5,37283.5,38768.5,700.209,26703476.9015
1628179200000,2021-08-05T16:00:00.000Z,38725,41335,38719.5,40222,398.834,16100100.942
1628222400000,2021-08-06T04:00:00.000Z,40181,42497,39887.5,42200,549.202,22389214.849
1628265600000,2021-08-06T16:00:00.000Z,42237,43745,42237,43679.5,491.485,21089106.889
1628308800000,2021-08-07T04:00:00.000Z,43690,44562,43054.5,43373,579.881,25315931.3205
1628352000000,2021-08-07T16:00:00.000Z,43371.5,44822.5,42435,44322.5,448.399,19651170.2345
1628395200000,2021-08-08T04:00:00.000Z,44336.5,45333,43751,44000.5,534.22,23813253.9975
1628438400000,2021-08-08T16:00:00.000Z,43997.5,44553.5,42777,43486.5,614.958,26851988.9715
1628481600000,2021-08-09T04:00:00.000Z,43485.5,46311.5,43246,45873.5,1364.479,60983300.077
1628524800000,2021-08-09T16:00:00.000Z,45877.5,46764,44910,45727,618.24,28402211.6275
1628568000000,2021-08-10T04:00:00.000Z,45664,46179.5,44884,45133.5,666.199,30384649.346
1628611200000,2021-08-10T16:00:00.000Z,45165,45985,44674,45583,375.433,17056511.3065
1628654400000,2021-08-11T04:00:00.000Z,45592,46748.5,45460,46444.5,418.546,19306737.943
1628697600000,2021-08-11T16:00:00.000Z,46447,46676.5,45387.5,45934.5,269.422,12395967.9445
1628740800000,2021-08-12T04:00:00.000Z,45915,46010,43941.5,44195,638.368,28663026.572
1628784000000,2021-08-12T16:00:00.000Z,44209.5,45381,43791.5,45161,331.131,14728944.7055
1628827200000,2021-08-13T04:00:00.000Z,45183.5,46673,44931,46400.5,581.566,26763225.3735
1628870400000,2021-08-13T16:00:00.000Z,46364.5,47962,46241.5,47558.5,421.559,19892222.8735
1628913600000,2021-08-14T04:00:00.000Z,47561,48230.5,45987,46932.5,710.962,33491245.3685
1628956800000,2021-08-14T16:00:00.000Z,46933.5,47369.5,46344.5,46895,265.022,12436204.489
1629000000000,2021-08-15T04:00:00.000Z,46899.5,46901.5,45491,46181.5,446.169,20567403.4145
1629043200000,2021-08-15T16:00:00.000Z,46161.5,48050,45657,47398,250.067,11774017.128
1629086400000,2021-08-16T04:00:00.000Z,47436,47725,45995,46341,825.532,38674816.8815
1629129600000,2021-08-16T16:00:00.000Z,46333.5,46666,45250,46422.5,586.302,27047760.62
1629172800000,2021-08-17T04:00:00.000Z,46398,47160.5,45656,45731.5,635.961,29467976.733
1629216000000,2021-08-17T16:00:00.000Z,45743,46197.5,44234,45062.5,478.946,21601240.7655
1629259200000,2021-08-18T04:00:00.000Z,45057,45833,44674.5,45828,581.807,26297451.4895
1629302400000,2021-08-18T16:00:00.000Z,45835,46021.5,44033,44056,513.621,23056005.0125
1629345600000,2021-08-19T04:00:00.000Z,44035.5,45806,43937,45801,787.408,35231691.287
1629388800000,2021-08-19T16:00:00.000Z,45791,47460,45437,47081,473.747,22049632.503
1629432000000,2021-08-20T04:00:00.000Z,47126.5,48737.5,46738.5,48725.5,928.308,44011503.0215
1629475200000,2021-08-20T16:00:00.000Z,48739.5,49465,48321.5,48857.5,367.004,17943286.1385
1629518400000,2021-08-21T04:00:00.000Z,48858.5,49470,48247.5,49196,643.299,31434688.8405
1629561600000,2021-08-21T16:00:00.000Z,49194.5,49807.5,48613.5,48808.5,405.355,19901232.3225
1629604800000,2021-08-22T04:00:00.000Z,48800,49485,48072,48500.5,806.305,39412594.329
1629648000000,2021-08-22T16:00:00.000Z,48546,50441,48205.5,50293.5,623.677,30762057.9995
1629691200000,2021-08-23T04:00:00.000Z,50324,50540,49375.5,49529,718.475,36043341.475
1629734400000,2021-08-23T16:00:00.000Z,49559,49825.5,48792,49337.5,659.118,32556538.0905
1629777600000,2021-08-24T04:00:00.000Z,49338,49875,48238.5,48351.5,1143.572,56212141.924
1629820800000,2021-08-24T16:00:00.000Z,48342.5,48441.5,47613,47980.5,747.954,35970670.252
1629864000000,2021-08-25T04:00:00.000Z,47975,48838.5,47135.5,48784.5,983.109,47135453.727
1629907200000,2021-08-25T16:00:00.000Z,48798.5,49363,47845,47927.5,731.5,35687552.5105
1629950400000,2021-08-26T04:00:00.000Z,47932,48066.5,46274,46781.5,1678.786,79025211.9055
1629993600000,2021-08-26T16:00:00.000Z,46792.5,47664,46365.5,46818,1214.464,57170804.827
1630036800000,2021-08-27T04:00:00.000Z,46817,48436,46582,48197,1807.444,85720030.7065
1630080000000,2021-08-27T16:00:00.000Z,48199.5,49318.5,48003,48893.5,1050.157,51179406.2925
1630123200000,2021-08-28T04:00:00.000Z,48898.5,49120,48388,48834.5,1232.39,60229693.056
1630166400000,2021-08-28T16:00:00.000Z,48834.5,49686,48099,48238.5,1258.634,61564355.793
1630209600000,2021-08-29T04:00:00.000Z,48225,48677,47771.5,48474,1150.035,55605366.7685
1630252800000,2021-08-29T16:00:00.000Z,48483.5,49420,47820,47970.5,980.202,47690218.4185
1630296000000,2021-08-30T04:00:00.000Z,47960,48223.5,47367.5,48028.5,1414.108,67634469.9035
1630339200000,2021-08-30T16:00:00.000Z,48032,48734,46702,47142,1717.5,81816199.2025
1630382400000,2021-08-31T04:00:00.000Z,47130,48288,46855,47424.5,3211.37,152792800.625
1630425600000,2021-08-31T16:00:00.000Z,47427.5,47585.5,46543,47059,1562.781,73493987.9745
1630468800000,2021-09-01T04:00:00.000Z,47064.5,47882,47003,47521.5,1916.859,91062328.7665
1630512000000,2021-09-01T16:00:00.000Z,47521.5,49935.5,47437.5,49630.5,2934.092,143081686.1535
1630555200000,2021-09-02T04:00:00.000Z,49666.5,50417.5,49346.5,49596.5,3755.899,187517453.3525
1630598400000,2021-09-02T16:00:00.000Z,49595.5,49873,48355,49496,3535.477,174101599.896
1630641600000,2021-09-03T04:00:00.000Z,49497,51108.5,49244,50596,5122.506,256732837.303
1630684800000,2021-09-03T16:00:00.000Z,50596.5,50752,49594,50295.5,4026.855,201861309.3115
1630728000000,2021-09-04T04:00:00.000Z,50293,50574.5,49707,49897,3999.089,200695896.0065
1630771200000,2021-09-04T16:00:00.000Z,49896.5,50325,49384,49680,3853.254,192439178.2085
1630814400000,2021-09-05T04:00:00.000Z,49670,50507,49460,50233,4784.662,239575146.906
1630857600000,2021-09-05T16:00:00.000Z,50233.5,51980,50151,51633.5,5318.494,272683567.9555
1630900800000,2021-09-06T04:00:00.000Z,51633.5,52251,51050.5,51641.5,5522.91,285251864.0285
1630944000000,2021-09-06T16:00:00.000Z,51641.5,52964,51516,52694,5074.303,265465098.146
1630987200000,2021-09-07T04:00:00.000Z,52694,53066,42753,46655.5,11352.934,570283295.898
1631030400000,2021-09-07T16:00:00.000Z,46655.5,47521.5,45953,46444.5,5376.425,251726122.9975
1631073600000,2021-09-08T04:00:00.000Z,46444.5,46830.5,44430,46050,6592.239,303000430.2635
1631116800000,2021-09-08T16:00:00.000Z,46050,46788,45527.5,45995.5,5865.911,270465402.953
1631160000000,2021-09-09T04:00:00.000Z,45995.5,47227.5,45610.5,46981.5,10128.909,469882225.8775
1631203200000,2021-09-09T16:00:00.000Z,46979,47383.5,46060,46716,9794.589,456891261.2625
1631246400000,2021-09-10T04:00:00.000Z,46716,46808,44744.5,45415.5,18383.196,845951605.894
1631289600000,2021-09-10T16:00:00.000Z,45415.5,45817,44105,45187,16311.743,737118311.3775
1631332800000,2021-09-11T04:00:00.000Z,45187,45780.5,44792,45561,14383.895,652555896.199
1631376000000,2021-09-11T16:00:00.000Z,45561,45981,44738.5,45314,15685.244,710409587.6905
1631419200000,2021-09-12T04:00:00.000Z,45314,46269,45055,45910,14950.838,683855044.501
1631462400000,2021-09-12T16:00:00.000Z,45910,46473.5,44543.5,44608.5,17072.445,779117586.519
1631505600000,2021-09-13T04:00:00.000Z,44608.5,46899,43351.5,44340.5,20241.329,905425369.3855
1631548800000,2021-09-13T16:00:00.000Z,44340.5,45525,44163,45191,13415.289,602546793.341
1631592000000,2021-09-14T04:00:00.000Z,45191,46955.5,45050,46748.5,15410.161,707703555.9005
1631635200000,2021-09-14T16:00:00.000Z,46748.5,47459,46346.5,47080,12802.766,600462956.369
1631678400000,2021-09-15T04:00:00.000Z,47080,48287,46700,48284,13174.953,624164486.635
1631721600000,2021-09-15T16:00:00.000Z,48283,48464,47375,47630,10268.772,493213436.2195
1631764800000,2021-09-16T04:00:00.000Z,47630,48509,47220,48035,14808.893,711104167.3885
1631808000000,2021-09-16T16:00:00.000Z,48036.5,48187,47046,47913,15431.345,736305433.6825
1631851200000,2021-09-17T04:00:00.000Z,47913,48164,47131,47511.5,17218.672,820988394.4785
1631894400000,2021-09-17T16:00:00.000Z,47511.5,47988.5,46747.5,47936,20099.166,951656661.542
1631937600000,2021-09-18T04:00:00.000Z,47936,48842,47928.5,48422,15797.894,766330039.7355
1631980800000,2021-09-18T16:00:00.000Z,48422,48528,47593,47836.5,14770.085,710508654.4695
1632024000000,2021-09-19T04:00:00.000Z,47836.5,48345,47056,47644,17557.614,838820857.994
1632067200000,2021-09-19T16:00:00.000Z,47644,47777,45104.5,45546.5,27365.707,1288240418.1695
1632110400000,2021-09-20T04:00:00.000Z,45563.5,45821.5,42471,43828,22248.431,989009205.8305
1632153600000,2021-09-20T16:00:00.000Z,43828.5,44242,40111,42676,21879.198,941225015.334
1632196800000,2021-09-21T04:00:00.000Z,42676,43634,42163.5,43076,19455.973,835424245.178
1632240000000,2021-09-21T16:00:00.000Z,43076,43261,39526.5,42054,34964.119,1452033550.439
1632283200000,2021-09-22T04:00:00.000Z,42054,43296,41829,43221.5,21265.431,899694370.912
1632326400000,2021-09-22T16:00:00.000Z,43221.5,44192.5,42882,44074.5,23838.357,1036427169.023
1632369600000,2021-09-23T04:00:00.000Z,44074.5,44398,43380.5,43763.5,22204.191,975234762.3665
1632412800000,2021-09-23T16:00:00.000Z,43763.5,44993.5,43620,44302,18053.174,804712906.25
1632456000000,2021-09-24T04:00:00.000Z,44302,45136.5,40684.5,41951,40159.704,1712793705.542
1632499200000,2021-09-24T16:00:00.000Z,41951,43215,41752,42613.5,25462.511,1082078141.3565
1632542400000,2021-09-25T04:00:00.000Z,42613.5,42963.5,41667,42663,21277.915,904637497.854
1632585600000,2021-09-25T16:00:00.000Z,42663,42791.5,41895.5,42194.5,16979.701,721380131.6645
1632628800000,2021-09-26T04:00:00.000Z,42194.5,43760,40740.5,43334,28807.626,1217818237.8935
1632672000000,2021-09-26T16:00:00.000Z,43334,44340.5,42670.5,44049.5,23682.273,1029991830.344
1632715200000,2021-09-27T04:00:00.000Z,44049.5,44250,43027,43268,26712.034,1167899080.6075
1632758400000,2021-09-27T16:00:00.000Z,43268,43400,41911,42538,23163.643,989210941.9415
1632801600000,2021-09-28T04:00:00.000Z,42538,42746,41257.5,41436,33575.638,1407344540.0565
1632844800000,2021-09-28T16:00:00.000Z,41447,42254.5,40712,42200,30230.413,1256391579.4415
1632931200000,2021-09-29T16:00:00.000Z,41683.5,43710.5,40877,43578,19825.124,832662722.9165
1632974400000,2021-09-30T04:00:00.000Z,43578,43822.5,42732.5,43141.5,26504.601,1146404528.4175
1633017600000,2021-09-30T16:00:00.000Z,43141.5,44109,42822,43631,26113.925,1137360320.966
1633060800000,2021-10-01T04:00:00.000Z,43631,47908.5,43460.5,47367,28344.083,1296183355.1545
1633104000000,2021-10-01T16:00:00.000Z,47365,48481.5,47247,47545,22338.133,1068215184.221
1633147200000,2021-10-02T04:00:00.000Z,47545,48372,47439.5,47825.5,23618.013,1127584439.473
1633190400000,2021-10-02T16:00:00.000Z,47825.5,48293,47102,47913,24608.102,1176680091.697
1633233600000,2021-10-03T04:00:00.000Z,47913,48167,47639,47892,22804.082,1093037769.3105
1633276800000,2021-10-03T16:00:00.000Z,47892,49285,47311,47454.5,24559.564,1182712270.68
1633320000000,2021-10-04T04:00:00.000Z,47454.5,48483.5,46895.5,47755.5,25764.453,1228267563.473
1633363200000,2021-10-04T16:00:00.000Z,47755.5,49830.5,47679,49299.5,23266.588,1141644942.455
1633406400000,2021-10-05T04:00:00.000Z,49299.5,50373,49090,49791.5,22956.897,1143660787.7525
1633449600000,2021-10-05T16:00:00.000Z,49791.5,51910.5,49635.5,51510.5,22127.273,1130647045.581
1633492800000,2021-10-06T04:00:00.000Z,51510.5,55701.5,50399.5,55023.5,25932.986,1352402571.2485
1633536000000,2021-10-06T16:00:00.000Z,55023.5,55805,54146.5,54855.5,19805.812,1088125913.806
1633579200000,2021-10-07T04:00:00.000Z,54855.5,55271.5,53384.5,53940.5,20210.705,1098010510.595
1633622400000,2021-10-07T16:00:00.000Z,53930.5,54622,53447.5,53825.5,21730.984,1174222534.0945
1633665600000,2021-10-08T04:00:00.000Z,53825.5,56206.5,53627.5,54329,28178.723,1543459629.684
1633708800000,2021-10-08T16:00:00.000Z,54337,54774,53666,54578.5,21265.28,1153249562.915
1633752000000,2021-10-09T04:00:00.000Z,54578.5,55515,54394.5,54991.5,22306.352,1224547466.9255
1633795200000,2021-10-09T16:00:00.000Z,54991.5,55194,54075,55071,22197.723,1215442372.291
1633838400000,2021-10-10T04:00:00.000Z,55071,56167.5,54650,55373,28381.033,1570164827.447
1633881600000,2021-10-10T16:00:00.000Z,55373,56835.5,54360.5,56555,22519.001,1246078868.059
1633924800000,2021-10-11T04:00:00.000Z,56555,57678,55890,57505.5,31452.139,1785238919.924
1633968000000,2021-10-11T16:00:00.000Z,57505.5,57866.5,56418.5,56713,24778.092,1416703903.1335
1634011200000,2021-10-12T04:00:00.000Z,56713,57704.5,56043,56339,27209.207,1552547771.872
1634054400000,2021-10-12T16:00:00.000Z,56339.5,56588.5,53878,56248,28190.983,1574883285.798
1634097600000,2021-10-13T04:00:00.000Z,56248,56419,54256,56147,29315.36,1619308310.48
1634140800000,2021-10-13T16:00:00.000Z,56147,58576.5,56067.5,58127,24412.151,1401906402.17
1634184000000,2021-10-14T04:00:00.000Z,58127,58224.5,56983.5,57365.5,25322.207,1460302394.477
1634227200000,2021-10-14T16:00:00.000Z,57365.5,59486,56777,59454,23353.725,1347492506.9255
1634270400000,2021-10-15T04:00:00.000Z,59454,60477,58814,60095,21071.872,1255239602.3515
1634313600000,2021-10-15T16:00:00.000Z,60095,63073,60054.5,61666,22013.06,1353672536.6085
1634356800000,2021-10-16T04:00:00.000Z,61666,62364.5,60472.5,60953.5,31544.922,1938951739.3335
1634400000000,2021-10-16T16:00:00.000Z,60953.5,61417,60152,61157,27847.143,1695217550.3955
1634443200000,2021-10-17T04:00:00.000Z,61157,61477,60316,60762,20607.587,1255108507.4625
1634486400000,2021-10-17T16:00:00.000Z,60762,62605,58912,62135,20248.403,1237678907.503
1634529600000,2021-10-18T04:00:00.000Z,62135,62752,59911.5,61982.5,32136.524,1979345940.8185
1634572800000,2021-10-18T16:00:00.000Z,61982.5,63032,61028,62609,25834.24,1598593408.671
1634616000000,2021-10-19T04:00:00.000Z,62609,63304,61350,62391.5,31311.658,1951245531.2285
1634659200000,2021-10-19T16:00:00.000Z,62391.5,64492.5,62313.5,63883,23756.467,1515981358.413
1634702400000,2021-10-20T04:00:00.000Z,63883,67124.5,63518,66944,29386.681,1900063776.604
1634745600000,2021-10-20T16:00:00.000Z,66944,67031,64168.5,65083,20005.315,1315345287.1495
1634788800000,2021-10-21T04:00:00.000Z,65083,66709.5,62052,63032,35967.788,2330943836.283
1634832000000,2021-10-21T16:00:00.000Z,63032,63652,62030.5,63252.5,33503.017,2106623312.4625
1634875200000,2021-10-22T04:00:00.000Z,63252.5,63732.5,60533.5,60716,32741.499,2052075399.079
1634918400000,2021-10-22T16:00:00.000Z,60716,61398.5,60047.5,61225.5,26454.105,1609772187.986
1634961600000,2021-10-23T04:00:00.000Z,61225.5,61747,59636.5,61447,26652.831,1626240061.503
1635004800000,2021-10-23T16:00:00.000Z,61447,61637.5,60824.5,61234,18739.724,1145927310.212
1635048000000,2021-10-24T04:00:00.000Z,61234,61305,59640,59867,29369.153,1778552881.333
1635091200000,2021-10-24T16:00:00.000Z,59867,62232,59508,62087,30869.277,1881585835.397
1635134400000,2021-10-25T04:00:00.000Z,62087,63681,61807,63637.5,28153.446,1765225079.58
1635177600000,2021-10-25T16:00:00.000Z,63637.5,63763,62564,62776.5,22005.189,1386537276.9555
1635220800000,2021-10-26T04:00:00.000Z,62776.5,63123.5,61821,62531,29358.545,1835474509.957
1635264000000,2021-10-26T16:00:00.000Z,62531,62744.5,59813,60703,29612.063,1810790790.9155
1635307200000,2021-10-27T04:00:00.000Z,60703,61506.5,57931,58839,37659.014,2240139398.4505
1635350400000,2021-10-27T16:00:00.000Z,58839,59589,58075,58861,25880.826,1520428122.653
1635393600000,2021-10-28T04:00:00.000Z,58861,61837,58682.5,61154,29811.113,1801098651.7985
1635436800000,2021-10-28T16:00:00.000Z,61154,62574.5,57706.5,61658,27256.575,1658440042.2105
1635480000000,2021-10-29T04:00:00.000Z,61658,62557.5,60361,62321.5,30283.681,1850478833.119
1635523200000,2021-10-29T16:00:00.000Z,62321.5,62981.5,61628,61702,29596.153,1843467405.381
1635566400000,2021-10-30T04:00:00.000Z,61702,62275,60689,61381.5,29143.17,1793007184.569
1635609600000,2021-10-30T16:00:00.000Z,61381.5,62414,61092,61729,22594.995,1395179076.4875
1635652800000,2021-10-31T04:00:00.000Z,61729,61763.5,59973.5,60478,32232.342,1961197334.7195
1635696000000,2021-10-31T16:00:00.000Z,60478,61753,59624.5,59893.5,28655.509,1744402174.2215
1635739200000,2021-11-01T04:00:00.000Z,59882.5,62492.5,59413.5,61571,39919.452,2457242346.124
1635782400000,2021-11-01T16:00:00.000Z,61571,61589,60301.5,61086,30080.019,1834062399.373
1635825600000,2021-11-02T04:00:00.000Z,61086,64342,61074,64049,37556.384,2354751728.701
1635868800000,2021-11-02T16:00:00.000Z,64049,64320,62653.5,63232.5,27626.836,1748305951.406
1635912000000,2021-11-03T04:00:00.000Z,63232.5,63518.5,61579.5,62170.5,28595.763,1793387096.8135
1635955200000,2021-11-03T16:00:00.000Z,62170.5,63381.5,60200,62461.5,27627.275,1728818466.902
1635998400000,2021-11-04T04:00:00.000Z,62461.5,62844,60796,61065,28403.218,1757242322.6825
1636041600000,2021-11-04T16:00:00.000Z,61065,62344,60684,62204.5,23647.795,1450989904.5715
1636084800000,2021-11-05T04:00:00.000Z,62204.5,62606,60763.5,60797,32081.558,1981652182.739
1636128000000,2021-11-05T16:00:00.000Z,60797,61439,60744,61132.5,24529.511,1497388096.1055
1636171200000,2021-11-06T04:00:00.000Z,61132.5,61566.5,60078,60657.5,27321.688,1660526747.2115
1636214400000,2021-11-06T16:00:00.000Z,60657.5,62366,60431,62171.5,20576.754,1263822319.3325
1636257600000,2021-11-07T04:00:00.000Z,62171.5,62379.5,61488,61936.5,24888.719,1540905221.3275
1636300800000,2021-11-07T16:00:00.000Z,61936.5,65759,61923.5,65274.5,30600.25,1948382463.9925
1636344000000,2021-11-08T04:00:00.000Z,65274.5,66587,65133.5,66414.5,40521.895,2667626170.717
1636387200000,2021-11-08T16:00:00.000Z,66414.5,68656.5,65616.5,68578.5,31598.997,2113491340.334
1636430400000,2021-11-09T04:00:00.000Z,68578.5,68606,66682.5,66829.5,25305.575,1716172734.0275
1636473600000,2021-11-09T16:00:00.000Z,66829.5,67816.5,66293.5,66544,22856.9,1531620693.517
1636516800000,2021-11-10T04:00:00.000Z,66544,69145.5,65972.5,68382.5,36738.87,2467091677.467
1636560000000,2021-11-10T16:00:00.000Z,68382.5,68813.5,62700,64759.5,39087.886,2569760616.8465
1636603200000,2021-11-11T04:00:00.000Z,64759.5,65617.5,64410.5,64825.5,29054.715,1887857076.48
1636646400000,2021-11-11T16:00:00.000Z,64825.5,65480.5,64078,64857,23187.073,1506597516.1425
1636689600000,2021-11-12T04:00:00.000Z,64857,65094,62916.5,63178,35188.957,2254302588.0705
1636732800000,2021-11-12T16:00:00.000Z,63178,64522.5,62279.5,63788.5,26529.485,1690362536.641
1636776000000,2021-11-13T04:00:00.000Z,63788.5,64829.5,63381,64697.5,34860.313,2227418559.9715
1636819200000,2021-11-13T16:00:00.000Z,64697.5,65365,63830.5,64667,31875.515,2056722142.2445
1636862400000,2021-11-14T04:00:00.000Z,64667,65163,64003,64082,25590.754,1650862769.2555
1636905600000,2021-11-14T16:00:00.000Z,64082,66231.5,63605,65732.5,27897.443,1807191480.4595
1636948800000,2021-11-15T04:00:00.000Z,65732.5,66374.5,64250.5,64296.5,33734.009,2211149291.3715
1636992000000,2021-11-15T16:00:00.000Z,64296.5,64446,60439,60898,41144.093,2591301744.8505
1637035200000,2021-11-16T04:00:00.000Z,60898,61531.5,58554.5,60686.5,34053.08,2059617893.7725
1637078400000,2021-11-16T16:00:00.000Z,60686.5,61129,58535.5,59048,26880.365,1611620861.635
1637121600000,2021-11-17T04:00:00.000Z,59040,60810.5,58379.5,59609,41156.038,2457542384.487
1637164800000,2021-11-17T16:00:00.000Z,59609,60965,59415.5,59850,28237.776,1701441227.524
1637208000000,2021-11-18T04:00:00.000Z,59850,60082.5,57632.5,58095,33796.22,2003820948.358
1637251200000,2021-11-18T16:00:00.000Z,58095,58475,55615,55904.5,33483.009,1914989794.4685
1637294400000,2021-11-19T04:00:00.000Z,55904.5,58162.5,55829.5,57884.5,35385.77,2015464565.564
1637337600000,2021-11-19T16:00:00.000Z,57884.5,58964,57544,58525.5,24965.939,1452488837.4655
1637380800000,2021-11-20T04:00:00.000Z,58525.5,58819.5,57516,57614,23795.428,1390389462.667
1637424000000,2021-11-20T16:00:00.000Z,57614,59839,57377.5,58692.5,28113.194,1659986358.389
1637467200000,2021-11-21T04:00:00.000Z,58692.5,59347.5,58510,59200,34758.416,2047748308.529
1637510400000,2021-11-21T16:00:00.000Z,59200,60018,57086.5,57396,33136.977,1947891875.638
1637553600000,2021-11-22T04:00:00.000Z,57396,59516.5,56575.5,58187,40998.823,2362709993.268
1637596800000,2021-11-22T16:00:00.000Z,58187,58242.5,55583,56949,32924.752,1866111710.0065
1637640000000,2021-11-23T04:00:00.000Z,56949,57741,55331.5,56892,47714.831,2700996878.308
1637683200000,2021-11-23T16:00:00.000Z,56895,57869,56132.5,56393,32850.951,1880062156.8975
1637726400000,2021-11-24T04:00:00.000Z,56393,57425,55886.5,56747.5,43530.972,2461274029.566
1637769600000,2021-11-24T16:00:00.000Z,56747.5,58320,56493.5,57760.5,32394.864,1853897878.2555
1637812800000,2021-11-25T04:00:00.000Z,57760.5,59177.5,57038.5,59073.5,43881.751,2545992613.65
1637856000000,2021-11-25T16:00:00.000Z,59073.5,59426.5,57896.5,57957.5,32120.33,1889916306.9765
1637899200000,2021-11-26T04:00:00.000Z,57957.5,58037,53494,54326,63024.548,3489034666.002
1637942400000,2021-11-26T16:00:00.000Z,54326,54644.5,53516,54360.5,27069.197,1468084647.998
1637985600000,2021-11-27T04:00:00.000Z,54360.5,55280.5,54219,54899,23267.76,1273443784.059
1638028800000,2021-11-27T16:00:00.000Z,54899,55222,53695,54147.5,22879.763,1248247991.2335
1638072000000,2021-11-28T04:00:00.000Z,54147.5,54951.5,53950,54311,33395.865,1815549415.8455
1638115200000,2021-11-28T16:00:00.000Z,54311,58264,53272.5,57384,42920.532,2402137935.9095
1638158400000,2021-11-29T04:00:00.000Z,57384,57682.5,56702.5,57120.5,26620.826,1523314581.2675
1638201600000,2021-11-29T16:00:00.000Z,57120.5,58892.5,56791,57105,27050.211,1565940621.2495
1638244800000,2021-11-30T04:00:00.000Z,57105,59212.5,55888.5,57248.5,56471.085,3243962385.852
1638288000000,2021-11-30T16:00:00.000Z,57256,58390,56495.5,57401.5,43043.267,2466064855.33
1638331200000,2021-12-01T04:00:00.000Z,57401.5,58849.5,56696.5,58632,43066.629,2476169217.139
1638374400000,2021-12-01T16:00:00.000Z,58632,59078,55782.5,56313.5,42989.769,2461913520.731
1638417600000,2021-12-02T04:00:00.000Z,56313.5,57372.5,56047.5,56515,36055.725,2042139291.7665
1638460800000,2021-12-02T16:00:00.000Z,56515,57225,56032,56335.5,23796.104,1345727854.9795
1638504000000,2021-12-03T04:00:00.000Z,56335.5,57645,55760,55998,36716.917,2083746665.6915
1638547200000,2021-12-03T16:00:00.000Z,55998,55998,51450,51993.5,50135.74,2694753535.796
1638590400000,2021-12-04T04:00:00.000Z,51995.5,52588.5,41622.5,48196.5,64951.59,3101903319.2345
1638633600000,2021-12-04T16:00:00.000Z,48196.5,49677,47747.5,49158,30854.821,1506662047.81
1638676800000,2021-12-05T04:00:00.000Z,49158,49680,47754.5,47957.5,45271.009,2220466252.5245
1638720000000,2021-12-05T16:00:00.000Z,47957.5,49534,47926,49022,44816.129,2187508081.97
1638763200000,2021-12-06T04:00:00.000Z,49022,49415,47122.5,48950.5,54281.996,2618848297.504
1638806400000,2021-12-06T16:00:00.000Z,48950.5,51455,48666.5,50935.5,31386.702,1570148346.314
1638849600000,2021-12-07T04:00:00.000Z,50935.5,51945.5,50657,51741.5,41323.962,2113789957.4225
1638892800000,2021-12-07T16:00:00.000Z,51741.5,51875.5,50029,50109.5,34771.949,1761561576.247
1638936000000,2021-12-08T04:00:00.000Z,50109.5,51195,48574.5,50636.5,61981.325,3094167905.793
1638979200000,2021-12-08T16:00:00.000Z,50636.5,50839.5,49412.5,49496.5,41879.339,2107573807.818
1639022400000,2021-12-09T04:00:00.000Z,49496.5,50332,48063,48443,55243.614,2721943215.8895
1639065600000,2021-12-09T16:00:00.000Z,48443,48824.5,47304.5,48350,44821.654,2154458787.5255
1639108800000,2021-12-10T04:00:00.000Z,48350,50125,47560,47961,61054.358,2963943142.4895
1639152000000,2021-12-10T16:00:00.000Z,47961,48662,46735.5,48290,54447.642,2604468363.6655
1639195200000,2021-12-11T04:00:00.000Z,48290,48917,47763.5,48749,42794.643,2070272997.665
1639238400000,2021-12-11T16:00:00.000Z,48749,49707.5,48365,49304.5,35169.181,1722877833.3365
1639281600000,2021-12-12T04:00:00.000Z,49304.5,49945.5,48617.5,49627.5,39324.798,1937301183.8905
1639324800000,2021-12-12T16:00:00.000Z,49627.5,50789.5,48415,48848,42885.762,2134491715.1885
1639368000000,2021-12-13T04:00:00.000Z,48848,49306.5,46992,47222,50949.093,2469839629.4965
1639411200000,2021-12-13T16:00:00.000Z,47222,47909,45662,46929.5,72479.646,3393542148.7125
1639454400000,2021-12-14T04:00:00.000Z,46929.5,47940,46310,46814.5,53868.639,2537939562.9335
1639497600000,2021-12-14T16:00:00.000Z,46814.5,48760,46432.5,48255,51174.314,2436050659.1855
1639540800000,2021-12-15T04:00:00.000Z,48255,48771,46563.5,46618,50392.375,2417026555.9105
1639584000000,2021-12-15T16:00:00.000Z,46618,49464,46534.5,48812.5,47007.753,2277236538.756
1639627200000,2021-12-16T04:00:00.000Z,48812.5,49460,48238.5,48575,43774.133,2137056059.1795
1639670400000,2021-12-16T16:00:00.000Z,48575,48692.5,47381,47760.5,32117.763,1539815262.623
1639713600000,2021-12-17T04:00:00.000Z,47760.5,47934,45412,46480,51281.138,2401685137.908
1639756800000,2021-12-17T16:00:00.000Z,46480,47412.5,45476.5,46267.5,52058.389,2416506505.599
1639800000000,2021-12-18T04:00:00.000Z,46267.5,47322,46054.5,46843.5,42125.503,1968270299.189
1639843200000,2021-12-18T16:00:00.000Z,46843.5,47972.5,46306,47712.5,36160.083,1696531197.68
1639886400000,2021-12-19T04:00:00.000Z,47712.5,48307.5,46787,47220,50117.993,2375420066.9305
1639929600000,2021-12-19T16:00:00.000Z,47220,47546.5,46206,46671.5,47979.513,2246676491.4875
1639972800000,2021-12-20T04:00:00.000Z,46671.5,47024.5,45549,45956.5,55063.49,2542206975.574
1640016000000,2021-12-20T16:00:00.000Z,45956.5,48120.5,45858.5,47954.5,44597.077,2088489412.736
1640059200000,2021-12-21T04:00:00.000Z,47954.5,49310,47948.5,48428,50135.05,2440329592.2625
1640102400000,2021-12-21T16:00:00.000Z,48428,49582.5,48345,49254.5,35917.576,1756947021.8075
1640145600000,2021-12-22T04:00:00.000Z,49254.5,49545.5,48445,48891.5,50528.879,2475331535.9455
1640188800000,2021-12-22T16:00:00.000Z,48891.5,49261,48015.5,48507.5,46106.699,2244709561.1365
1640232000000,2021-12-23T04:00:00.000Z,48507.5,48858.5,48031.5,48811,42725.155,2070026232.901
1640275200000,2021-12-23T16:00:00.000Z,48811,51514,48685.5,51053.5,49189.254,2486482813.5435
1640318400000,2021-12-24T04:00:00.000Z,51053.5,51480,50416.5,50961.5,42901.348,2188069536.817
1640361600000,2021-12-24T16:00:00.000Z,50961.5,51844.5,50487,50825.5,42413.714,2164808980.769
1640404800000,2021-12-25T04:00:00.000Z,50825.5,51079.5,50536.5,50656,37084.645,1884090030.0715
1640448000000,2021-12-25T16:00:00.000Z,50656,51135,49601,49661.5,50350.46,2541896432.837
1640491200000,2021-12-26T04:00:00.000Z,49661.5,50260,49366,50028.5,44439.301,2216888516.3265
1640534400000,2021-12-26T16:00:00.000Z,50028.5,51284.5,49900.5,51008.5,50389.394,2548590326.216
1640620800000,2021-12-27T16:00:00.000Z,51458.5,52114,49490.5,49818.5,55110.576,2801099240.154
1640664000000,2021-12-28T04:00:00.000Z,49818.5,49818.5,48308.5,48916.5,60876.006,2988199106.0775
1640707200000,2021-12-28T16:00:00.000Z,48916.5,48955,47290.5,47972.5,57789.446,2766879178.434
1640750400000,2021-12-29T04:00:00.000Z,47972.5,48073.5,46577,47929,65793.07,3124821885.8465
1640793600000,2021-12-29T16:00:00.000Z,47929,48020.5,45904,46490.5,56939.586,2673445208.3
1640836800000,2021-12-30T04:00:00.000Z,46490.5,47687.5,46478.5,47127.5,45915.092,2161280769.4865
1640880000000,2021-12-30T16:00:00.000Z,47112.5,47890,46698,47179,41367.344,1954884773.962
1640923200000,2021-12-31T04:00:00.000Z,47179,48558.5,46824,47945,49322.887,2358495236.352
1640966400000,2021-12-31T16:00:00.000Z,47945,48105,45644,46783.5,43049.747,2007360618.9315
1641009600000,2022-01-01T04:00:00.000Z,46783.5,47546,46602.5,47204.5,49181.578,2313667525.9805
1641052800000,2022-01-01T16:00:00.000Z,47204.5,47949,47173,47323,45974.107,2182303451.9835
1641096000000,2022-01-02T04:00:00.000Z,47323,47489.5,46765.5,47323.5,49977.451,2357108902.4465
1641139200000,2022-01-02T16:00:00.000Z,47323.5,47988,46638.5,46796,56618.777,2671518097.867
1641182400000,2022-01-03T04:00:00.000Z,46796,47556,46587,46679.5,54585.258,2567866989.104
1641225600000,2022-01-03T16:00:00.000Z,46679.5,46780,45678.5,46308.5,46858.846,2168617889.848
1641268800000,2022-01-04T04:00:00.000Z,46308.5,47534,46015,46941.5,59623.386,2782326169.0065
1641312000000,2022-01-04T16:00:00.000Z,46941.5,46972.5,45506.5,46400.5,58125.823,2689751324.763
1641355200000,2022-01-05T04:00:00.000Z,46400.5,47065,45904,46604,72685.939,3375911007.4645
1641398400000,2022-01-05T16:00:00.000Z,46601.5,46658.5,42436,42822.5,108974.7,4823480591.0395
1641441600000,2022-01-06T04:00:00.000Z,42822.5,43241.5,42405.5,42931.5,72171.084,3097584710.7395
1641484800000,2022-01-06T16:00:00.000Z,42931.5,43555,41538.5,41781,69589.882,2978194161.412
1641528000000,2022-01-07T04:00:00.000Z,41781,42881.5,40578,41300,92159.389,3852506871.212
1641571200000,2022-01-07T16:00:00.000Z,41305.5,42303.5,40913,41788.5,50773.763,2119015830.428
1641614400000,2022-01-08T04:00:00.000Z,41788.5,42205.5,41420,41599,48256.414,2020439700.0825
1641657600000,2022-01-08T16:00:00.000Z,41599,42307.5,40507.5,41823,73486.136,3040274664.9105
1641700800000,2022-01-09T04:00:00.000Z,41823,42080,41185,41614,56970.246,2375175987.6045
1641744000000,2022-01-09T16:00:00.000Z,41614,42759,41547,41983.5,58754.375,2472745706.3335
1641787200000,2022-01-10T04:00:00.000Z,41983.5,42247,39611,40959.5,88884.614,3660029072.4195
1641830400000,2022-01-10T16:00:00.000Z,40959.5,42398.5,40556.5,42272,68127.179,2833058792.769
1641873600000,2022-01-11T04:00:00.000Z,42272,42650,41268.5,41727,67702.377,2838533269.438
1641916800000,2022-01-11T16:00:00.000Z,41727,43096,41676,42610,56011.904,2388710959.4645
1641960000000,2022-01-12T04:00:00.000Z,42610,44069,42445.5,43554,80458.937,3469772593.98
1642003200000,2022-01-12T16:00:00.000Z,43554,44347.5,43321.5,43500,45380.556,1983890190.736
1642046400000,2022-01-13T04:00:00.000Z,43500,44401,42861,43177.5,83099.087,3632248428.6335
1642089600000,2022-01-13T16:00:00.000Z,43177.5,43450,42305.5,42618,64333.613,2749287936.111
1642132800000,2022-01-14T04:00:00.000Z,42618,43343,41737,43106,95193.206,4045719619.3525
1642176000000,2022-01-14T16:00:00.000Z,43106,43462,42780,42924,52333.399,2254818485.591
1642219200000,2022-01-15T04:00:00.000Z,42924,43400,42537.5,43393,70259.753,3018332276.7665
1642262400000,2022-01-15T16:00:00.000Z,43393,43822.5,42821.5,42966.5,57260.448,2476535865.0715
1642305600000,2022-01-16T04:00:00.000Z,42966.5,43437,42576.5,43207,67103.984,2889238417.486
1642348800000,2022-01-16T16:00:00.000Z,43207,43470.5,42616.5,42632.5,47621.67,2048278974.333
1642392000000,2022-01-17T04:00:00.000Z,42632.5,42951,42317,42461.5,63509.946,2709016079.165
1642435200000,2022-01-17T16:00:00.000Z,42461.5,42518,41529.5,42028,57120.047,2405737312.1345
1642478400000,2022-01-18T04:00:00.000Z,42028,42319,41264,41574,89178.217,3725242009.2495
1642521600000,2022-01-18T16:00:00.000Z,41573.5,42670,41368.5,41682,64466.642,2708438941.707
1642564800000,2022-01-19T04:00:00.000Z,41682,42572,41125,41994.5,101910.937,4260611124.4295
1642608000000,2022-01-19T16:00:00.000Z,41994.5,42356,41543.5,41919,54895.608,2298613354.2575
1642651200000,2022-01-20T04:00:00.000Z,41919,43461.5,41757,43291.5,83773.979,3546694740.831
1642694400000,2022-01-20T16:00:00.000Z,43291.5,43500,38196,38438,137123.868,5611214141.2905
1642737600000,2022-01-21T04:00:00.000Z,38438,39262.5,37675.5,38840.5,140144.253,5415350860.599
1642780800000,2022-01-21T16:00:00.000Z,38840.5,39053.5,35390.5,36313,133827.019,4962264118.346
1642824000000,2022-01-22T04:00:00.000Z,36313,36400,33980,34838,136179.551,4823090964.0775
1642867200000,2022-01-22T16:00:00.000Z,34838,35708.5,34261.5,35060,81879.863,2864012081.969
1642910400000,2022-01-23T04:00:00.000Z,35060,36151.5,34950,35300,123238.248,4379030719.159
1642953600000,2022-01-23T16:00:00.000Z,35300,36528.5,34589,35338.5,73947.452,2625515153.608
1642996800000,2022-01-24T04:00:00.000Z,35338.5,35561,32921,34240,157605.238,5378603786.8035
1643040000000,2022-01-24T16:00:00.000Z,34240,37551,33792,36427,85148.331,3044065914.3795
1643083200000,2022-01-25T04:00:00.000Z,36427,37162,35720,36548,102095.617,3710734706.663
1643126400000,2022-01-25T16:00:00.000Z,36548,37550,36428.5,37388,65429.121,2418616443.4825
1643169600000,2022-01-26T04:00:00.000Z,37388,38497.5,37152,37992,113013.325,4272192796.4405
1643212800000,2022-01-26T16:00:00.000Z,37992,38909,35496,35729.5,110716.045,4109484412.4945
1643256000000,2022-01-27T04:00:00.000Z,35730.5,37230,35684,36656,93981.55,3426721857.6885
1643299200000,2022-01-27T16:00:00.000Z,36656,37460,35521.5,37341.5,74862.314,2738200788.444
1643342400000,2022-01-28T04:00:00.000Z,37341.5,37474.5,36160.5,37188,101462.54,3735335326.238
1643385600000,2022-01-28T16:00:00.000Z,37188,38015,36772.5,37731.5,55577.97,2082524558.464
1643428800000,2022-01-29T04:00:00.000Z,37731.5,38200,37292,37553,69594.258,2629260244.568
1643472000000,2022-01-29T16:00:00.000Z,37553,38746.5,37307.5,37915,44692.847,1696928987.448
1643515200000,2022-01-30T04:00:00.000Z,37915,38368,37707.5,37945,51554.554,1960619636.136
1643558400000,2022-01-30T16:00:00.000Z,37945,38248.5,36620,37003,52069.427,1951462015.7165
1643601600000,2022-01-31T04:00:00.000Z,37003,37908,36793.5,37709,75809.542,2822183482.109
1643644800000,2022-01-31T16:00:00.000Z,37709,38763.5,37679,38590,55361.297,2123582076.819
1643688000000,2022-02-01T04:00:00.000Z,38590,39111.5,38011,38622.5,86370.591,3328618130.29
1643731200000,2022-02-01T16:00:00.000Z,38622.5,39281,38344,38559,52042.325,2015134687.833
1643774400000,2022-02-02T04:00:00.000Z,38559,38749.5,37344,37417.5,76596.129,2928255164.1105
1643817600000,2022-02-02T16:00:00.000Z,37417.5,37669.5,36555,36817.5,67537.095,2506712889.8955
1643860800000,2022-02-03T04:00:00.000Z,36817.5,37080,36230,36900,80569.905,2956404265.093
1643904000000,2022-02-03T16:00:00.000Z,36900,37450,36253,37305.5,47687.369,1761510600.753
1643947200000,2022-02-04T04:00:00.000Z,37305.5,39840,37254.5,39503.5,103931.152,3963993110.322
1643990400000,2022-02-04T16:00:00.000Z,39503.5,41931,39471.5,41454.5,62815.044,2561402219.8965
1644033600000,2022-02-05T04:00:00.000Z,41454.5,41910,41232,41768,70053.271,2909756201.379
1644076800000,2022-02-05T16:00:00.000Z,41768,41863,40957,41446,60108.648,2494269863.17
1644120000000,2022-02-06T04:00:00.000Z,41446,42230,41124,41502,58834.537,2444891714.5195
1644163200000,2022-02-06T16:00:00.000Z,41502,42944,41413,42818,74014.869,3115603889.7885
1644206400000,2022-02-07T04:00:00.000Z,42818,43898.5,42250.5,43833.5,86458.051,3708502670.8925
1644249600000,2022-02-07T16:00:00.000Z,43833.5,44534,43498.5,44181,82958.632,3650509206.531
1644292800000,2022-02-08T04:00:00.000Z,44181,45538.5,42871,43426,134401.726,5915728435.1035
1644336000000,2022-02-08T16:00:00.000Z,43426,44381,42648,43322.5,93960.217,4091379664.983
1644379200000,2022-02-09T04:00:00.000Z,43324,44457,43103.5,43855.5,97489.835,4263853297.205
1644422400000,2022-02-09T16:00:00.000Z,43858.5,44835.5,43555.5,43749,75405.937,3331406866.753
1644465600000,2022-02-10T04:00:00.000Z,43749,45694.5,43176.5,44958.5,157807.74,6998529376.442
1644508800000,2022-02-10T16:00:00.000Z,44958.5,45850,42569.5,43315,128224.558,5657228717.3845
1644552000000,2022-02-11T04:00:00.000Z,43315,43928,42799,43674.5,97657.109,4234532114.755
1644595200000,2022-02-11T16:00:00.000Z,43674.5,43776,41925,42277,64621.676,2757401166.9805
1644638400000,2022-02-12T04:00:00.000Z,42277,42430.5,41738,42112.5,72830.652,3069098531.4565
1644681600000,2022-02-12T16:00:00.000Z,42112.5,43000,41700,42210.5,66240.821,2808587983.6975
1644724800000,2022-02-13T04:00:00.000Z,42210.5,42765.5,42102,42568,56557.458,2400328001.841
1644768000000,2022-02-13T16:00:00.000Z,42568,42589,41532,41895.5,62329.316,2620938669.71
1644811200000,2022-02-14T04:00:00.000Z,41895.5,42837.5,41719,42583,68099.889,2877971782.483
1644854400000,2022-02-14T16:00:00.000Z,42583,43690,41787,43571,49263.525,2107211389.005
1644897600000,2022-02-15T04:00:00.000Z,43571,44513,43400,44207,64454.207,2838556313.473
1644940800000,2022-02-15T16:00:00.000Z,44207,44772,43867,43964.5,39408.758,1740812206.901
1644984000000,2022-02-16T04:00:00.000Z,43964.5,44340.5,43292.5,43581.5,61095.91,2681499237.544
1645027200000,2022-02-16T16:00:00.000Z,43581.5,44364.5,43341.5,43565,38307.184,1682150914.3465
1645070400000,2022-02-17T04:00:00.000Z,43564,44009,41661,41901.5,86122.716,3699962375.864
1645113600000,2022-02-17T16:00:00.000Z,41901.5,42082.5,40025.5,40669.5,68447.558,2803514534.12
1645156800000,2022-02-18T04:00:00.000Z,40669.5,40944,39620,39814.5,73689.048,2974252738.994
1645200000000,2022-02-18T16:00:00.000Z,39814.5,40423.5,39423,40108,45275.258,1812129366.829
1645243200000,2022-02-19T04:00:00.000Z,40108,40443.5,39624,39958,56078.145,2241810054.0375
1645286400000,2022-02-19T16:00:00.000Z,39958,40342,39682.5,39777.5,36106.531,1443313414.4555
1645329600000,2022-02-20T04:00:00.000Z,39777.5,39827.5,37943,38316.5,104901.955,4051679491.083
1645372800000,2022-02-20T16:00:00.000Z,38316.5,39362,38031,38895,58445.352,2259015090.5425
1645416000000,2022-02-21T04:00:00.000Z,38895,39477,37184,38809.5,121028.656,4646861481.2615
1645459200000,2022-02-21T16:00:00.000Z,38809.5,39127.5,36320.5,36576,87142.993,3266750320.0825
1645502400000,2022-02-22T04:00:00.000Z,36574.5,38320,36499.5,37758,108879.824,4062265499.418
1645545600000,2022-02-22T16:00:00.000Z,37758,38430,37382,37751,55218.665,2090477142.493
1645588800000,2022-02-23T04:00:00.000Z,37751,39250,37709,38526,81864.719,3158720233.194
1645632000000,2022-02-23T16:00:00.000Z,38525.5,38787.5,34689.5,34918.5,105151.334,3869033995.5
1645675200000,2022-02-24T04:00:00.000Z,34918.5,36121,34314,35918.5,150962.098,5316571266.7075
1645718400000,2022-02-24T16:00:00.000Z,35918.5,39828,35732.5,38919.5,88918.973,3351935736.4625
1645761600000,2022-02-25T04:00:00.000Z,38919.5,39684,38010.5,39425.5,103002.653,3997278297.1405
1645804800000,2022-02-25T16:00:00.000Z,39425.5,40312,38524.5,39374.5,50901.704,1998992506.094
1645848000000,2022-02-26T04:00:00.000Z,39374.5,39566,38557.5,39197.5,64435.455,2516637277.281
1645891200000,2022-02-26T16:00:00.000Z,39197.5,39685,38171,38580.5,47255.796,1839699594.8365
1645934400000,2022-02-27T04:00:00.000Z,38580.5,39867.5,38435,39341,96335.491,3764429172.244
1645977600000,2022-02-27T16:00:00.000Z,39343.5,39444,36943,37760.5,84294.142,3202731085.743
1646020800000,2022-02-28T04:00:00.000Z,37760.5,40924,37450,40822,130284.601,5049152066.9915
1646064000000,2022-02-28T16:00:00.000Z,40822,44215,40701,43142.5,105774.836,4456891048.756
1646107200000,2022-03-01T04:00:00.000Z,43142.5,44948,42824.5,43639,118218.749,5175644686.035
1646150400000,2022-03-01T16:00:00.000Z,43639,44770,43216.5,44339.5,64442.798,2832507262.4385
1646193600000,2022-03-02T04:00:00.000Z,44339.5,45336,43320.5,44128,118353.709,5221430738.3545
1646236800000,2022-03-02T16:00:00.000Z,44128,44500,43189,43305.5,48373.046,2121880743.886
1646280000000,2022-03-03T04:00:00.000Z,43305.5,44087,42331,42528.5,98048.934,4250213972.8835
1646323200000,2022-03-03T16:00:00.000Z,42528.5,42737.5,41050,41440,82559.36,3469929815.5935
1646366400000,2022-03-04T04:00:00.000Z,41440,41869,40537,40683,117591.092,4857558291.073
1646409600000,2022-03-04T16:00:00.000Z,40683,40940,38534,39020,73029.254,2890901507.171
1646452800000,2022-03-05T04:00:00.000Z,39020,39349,38704,39132.5,69424.19,2709066375.574
1646496000000,2022-03-05T16:00:00.000Z,39132.5,39692,39100,39276.5,43332.5,1707303521.3015
1646539200000,2022-03-06T04:00:00.000Z,39276.5,39654,38072,38836.5,114911.233,4463694270.597
1646582400000,2022-03-06T16:00:00.000Z,38836,39343,37558,37852.5,79689.81,3067644049.785
1646625600000,2022-03-07T04:00:00.000Z,37852.5,39290,37654,39081.5,118037.531,4532531010.634
1646668800000,2022-03-07T16:00:00.000Z,39081.5,39552,37133,38672,103836.907,3982212982.129
1646712000000,2022-03-08T04:00:00.000Z,38672,39227.5,37989,38635.5,125536.937,4856622841.0425
1646755200000,2022-03-08T16:00:00.000Z,38635.5,41449.5,38119.5,41221,97292.362,3827599381.886
1646798400000,2022-03-09T04:00:00.000Z,41222,42606,41221,42531,116325.847,4876472344.7555
1646841600000,2022-03-09T16:00:00.000Z,42532,42569,40538.5,40756.5,62459.125,2599843404.099
1646884800000,2022-03-10T04:00:00.000Z,40756.5,40821.5,38513.5,39149,156884.959,6162251730.644
1646928000000,2022-03-10T16:00:00.000Z,39149,39654,38205,38701.5,64634.069,2514374458.291
1646971200000,2022-03-11T04:00:00.000Z,38701.5,40229,38310,39057.5,147428.345,5784137028.5145
1647014400000,2022-03-11T16:00:00.000Z,39057.5,39277,38290.5,39066,49246.647,1913072644.566
1647057600000,2022-03-12T04:00:00.000Z,39066,39259.5,38650,39017,57898.033,2262105216.1995
1647100800000,2022-03-12T16:00:00.000Z,39016.5,39434.5,38683,39163,32932.871,1286112105.168
1647144000000,2022-03-13T04:00:00.000Z,39163,39289.5,38344.5,38920,61006.799,2369500080.786
1647187200000,2022-03-13T16:00:00.000Z,38920,39039.5,37522,38127.5,52426.335,2002572295.429
1647230400000,2022-03-14T04:00:00.000Z,38126,39299,38108,38939,113911.654,4424555364.276
1647273600000,2022-03-14T16:00:00.000Z,38939,39915.5,38396.5,38743.5,71751.88,2802155418.673
1647316800000,2022-03-15T04:00:00.000Z,38744.5,39250,38085.5,38998.5,99970.74,3870456951.354
1647360000000,2022-03-15T16:00:00.000Z,38998.5,41749.5,38790.5,39138,113300.868,4511470332.307
1647403200000,2022-03-16T04:00:00.000Z,39137.5,41243,38901.5,40631,135241.405,5433165407.8905
1647446400000,2022-03-16T16:00:00.000Z,40631,41457,39281.5,40989,100033.734,4063514779.3165
1647489600000,2022-03-17T04:00:00.000Z,40989,41487,40487,40778,105203.743,4302480548.604
1647532800000,2022-03-17T16:00:00.000Z,40778,41046,40211,40498.5,51402.701,2089140629.864
1647576000000,2022-03-18T04:00:00.000Z,40498.5,41046.5,40122.5,40920.5,104493.768,4240227687.719
1647619200000,2022-03-18T16:00:00.000Z,40920.5,42338.5,40894,41801,82647.813,3440856723.771
1647662400000,2022-03-19T04:00:00.000Z,41801,42090.5,41545,41930,54919.197,2294358346.071
1647705600000,2022-03-19T16:00:00.000Z,41932,42427,41725,41937.5,52588.037,2208780707.3025
1647748800000,2022-03-20T04:00:00.000Z,41937.5,42010,41243.5,41336.5,61527.637,2562074039.5275
1647792000000,2022-03-20T16:00:00.000Z,41336.5,41652,40459,40805,69198.24,2844328325.635
1647835200000,2022-03-21T04:00:00.000Z,40805,41520,40690,41193.5,98744.877,4057985123.6355
1647878400000,2022-03-21T16:00:00.000Z,41193.5,42523.5,40729,42245.5,75409.154,3123501849.6765
1647921600000,2022-03-22T04:00:00.000Z,42245.5,43420.5,42016,42580,108247.442,4622825544.9325
1647964800000,2022-03-22T16:00:00.000Z,42580,42890.5,41866.5,42060.5,50500.337,2140555186.1305
1648008000000,2022-03-23T04:00:00.000Z,42060.5,42727.5,41727,42618,84390.65,3555786981.551
1648051200000,2022-03-23T16:00:00.000Z,42618,43293.5,42023,42714.5,62454.125,2664740139.0905
1648094400000,2022-03-24T04:00:00.000Z,42714.5,44034,42592.5,43990.5,108187.963,4667253475.761
1648137600000,2022-03-24T16:00:00.000Z,43990,44400,43778,43974.5,49913.076,2196964857.2625
1648180800000,2022-03-25T04:00:00.000Z,43974.5,45090,43600,44338.5,109825.568,4876260380.095
1648224000000,2022-03-25T16:00:00.000Z,44340,44606,44024.5,44396.5,42566.472,1886945674.282
1648310400000,2022-03-26T16:00:00.000Z,44206,44942.5,44121.5,44714.5,39456.776,1757499863.8675
1648353600000,2022-03-27T04:00:00.000Z,44714.5,44935.5,44429.5,44859.5,38430.014,1715883356.108
1648396800000,2022-03-27T16:00:00.000Z,44860,47714.5,44694,47054.5,72473.82,3357298513.829
1648440000000,2022-03-28T04:00:00.000Z,47054.5,47898.5,46752.5,47428.5,76135.012,3597707574.133
1648483200000,2022-03-28T16:00:00.000Z,47428.5,48200,46875,47319.5,48972.43,2328278100.719
1648526400000,2022-03-29T04:00:00.000Z,47319.5,48097.5,47298,47416.5,68066.486,3244025872.193
1648569600000,2022-03-29T16:00:00.000Z,47416.5,47850.5,46525,47431.5,55116.629,2604418319.7305
1648612800000,2022-03-30T04:00:00.000Z,47431.5,47595,46857.5,47145,63393.899,2995034234.695
1648656000000,2022-03-30T16:00:00.000Z,47144,47680,46803.5,47072,44908.926,2119475640.3065
1648699200000,2022-03-31T04:00:00.000Z,47072,47612.5,46216.5,46444.5,75315.305,3538140308.62
1648742400000,2022-03-31T16:00:00.000Z,46444.5,46493,44195,44575.5,72942.294,3307870109.6685
1648785600000,2022-04-01T04:00:00.000Z,44574,46697.5,44525,46538.5,74240.104,3365481471.0555
1648828800000,2022-04-01T16:00:00.000Z,46538.5,47233,45914.5,46578,45490.632,2114093752.653
1648872000000,2022-04-02T04:00:00.000Z,46578,46929,46112,46282.5,43467.884,2023819357.053
1648915200000,2022-04-02T16:00:00.000Z,46282.5,46473,45515.5,45924,37594.773,1728217118.6255
1648958400000,2022-04-03T04:00:00.000Z,45924,46714,45913,46392.5,43569.767,2019214664.998
1649001600000,2022-04-03T16:00:00.000Z,46392.5,47469,45738.5,45985.5,42811.432,1986893992.8315
1649044800000,2022-04-04T04:00:00.000Z,45985.5,46340,45541,45626,55989.154,2576425924.7925
1649088000000,2022-04-04T16:00:00.000Z,45627.5,46879,45087,46655,42799.203,1977587748.5055
1649131200000,2022-04-05T04:00:00.000Z,46655,47209,45646.5,45743.5,61399.499,2857089884.7255
1649174400000,2022-04-05T16:00:00.000Z,45743.5,46167,44372,45191,45166.144,2051740587.261
1649217600000,2022-04-06T04:00:00.000Z,45189.5,45480,43688,44149,71626.688,3207596459.79
1649260800000,2022-04-06T16:00:00.000Z,44149,44270.5,42691.5,43278.5,53841.486,2339305973.882
1649304000000,2022-04-07T04:00:00.000Z,43278.5,43874,42986.5,43305,66790.204,2901996266.801
1649347200000,2022-04-07T16:00:00.000Z,43305,43796,43172.5,43578,35395.649,1539855414.234
1649390400000,2022-04-08T04:00:00.000Z,43578,43960,42734,43630.5,82145.077,3570975794.364
1649433600000,2022-04-08T16:00:00.000Z,43630.5,43699.5,42080,42358.5,54153.453,2307371248.648
1649476800000,2022-04-09T04:00:00.000Z,42357.5,42607.5,42163.5,42210,34760.223,1474401955.9355
1649520000000,2022-04-09T16:00:00.000Z,42201.5,42866.5,42157,42755.5,31790.632,1353603453.4955
1649563200000,2022-04-10T04:00:00.000Z,42755.5,42830.5,42422.5,42720,42553.169,1813834052.785
1649606400000,2022-04-10T16:00:00.000Z,42720,43392,41725.5,42100.5,64590.785,2742494775.818
1649649600000,2022-04-11T04:00:00.000Z,42100.5,42328,40531,40559.5,81631.513,3387207237.655
1649692800000,2022-04-11T16:00:00.000Z,40559.5,40884.5,39161.5,39710,64391.981,2565215605.419
1649736000000,2022-04-12T04:00:00.000Z,39710,40676.5,39594.5,40154,74591.361,2994116603.0045
1649779200000,2022-04-12T16:00:00.000Z,40154,40360,39225.5,40053,56755.11,2260260892.4735
1649822400000,2022-04-13T04:00:00.000Z,40053,41378,39595.5,41133,83099.84,3344271806.1715
1649865600000,2022-04-13T16:00:00.000Z,41133,41533.5,40815,41296,41804.835,1722879444.519
1649908800000,2022-04-14T04:00:00.000Z,41296,41384,39905.5,39950,74281.751,3035615426.3635
1649952000000,2022-04-14T16:00:00.000Z,39950,40181,39534.5,40170,44813.213,1787864578.8875
1649995200000,2022-04-15T04:00:00.000Z,40170.5,40848.5,39920.5,40393,64385.276,2588486192.2585
1650038400000,2022-04-15T16:00:00.000Z,40393,40672.5,40215,40414,29346.45,1186459641.491
1650081600000,2022-04-16T04:00:00.000Z,40414,40557.5,39974.5,40052.5,37770.648,1524363004.418
1650124800000,2022-04-16T16:00:00.000Z,40051,40676,39995,40216,31209.833,1257401653.213
1650168000000,2022-04-17T04:00:00.000Z,40216,40566,40170.5,40423,38221.028,1542879776.4635
1650211200000,2022-04-17T16:00:00.000Z,40423,40447,39520,39784.5,44919.31,1794337019.5415
1650254400000,2022-04-18T04:00:00.000Z,39784.5,39815,38491,39235,81528.054,3186311104.2825
1650297600000,2022-04-18T16:00:00.000Z,39235,41248,39014.5,40674.5,59679.157,2415668661.567
1650340800000,2022-04-19T04:00:00.000Z,40674.5,41766.5,40544.5,41460.5,78824.259,3230941400.074
1650384000000,2022-04-19T16:00:00.000Z,41460.5,41552,41172,41367.5,33319.89,1377962002.12
1650427200000,2022-04-20T04:00:00.000Z,41367.5,42200,41043.5,41244,87403.523,3636656231.8945
1650470400000,2022-04-20T16:00:00.000Z,41244,41748,40872.5,41676.5,49709.059,2057799330.134
1650513600000,2022-04-21T04:00:00.000Z,41676.5,42980,41396,42155.5,106019.131,4471743996.9075
1650556800000,2022-04-21T16:00:00.000Z,42155.5,42191,39710,40467,86851.406,3558441608.359
1650600000000,2022-04-22T04:00:00.000Z,40467,40768.5,39301,39411,89637.133,3612466236.7055
1650643200000,2022-04-22T16:00:00.000Z,39411,39839,39140,39443.5,43030.769,1699395813.5065
1650686400000,2022-04-23T04:00:00.000Z,39443.5,39788,39261.5,39753.5,36949.155,1462600390.467
1650729600000,2022-04-23T16:00:00.000Z,39753.5,39951.5,39303,39746.5,33585.622,1332481444.623
1650772800000,2022-04-24T04:00:00.000Z,39746.5,39923,39339.5,39632,45705.892,1811828845.816
1650816000000,2022-04-24T16:00:00.000Z,39632,39787.5,38650,39224.5,61169.007,2402267641.978
1650859200000,2022-04-25T04:00:00.000Z,39224.5,39400,38158.5,38970.5,105822.994,4106387664.566
1650902400000,2022-04-25T16:00:00.000Z,38970.5,40770.5,38899,40513.5,62588.228,2509066169.4575
1650945600000,2022-04-26T04:00:00.000Z,40513.5,40808,38515.5,38540.5,112669.519,4508976785.3245
1650988800000,2022-04-26T16:00:00.000Z,38540.5,38856.5,37673,38316.5,88033.368,3368899506.966
1651032000000,2022-04-27T04:00:00.000Z,38316.5,39449,38282,38984,113281.438,4399181669.4905
1651075200000,2022-04-27T16:00:00.000Z,38984,39673,38646.5,39322.5,60372.068,2367552159.0905
1651118400000,2022-04-28T04:00:00.000Z,39323.5,40306,38861.5,39431.5,117990.195,4660567456.4055
1651161600000,2022-04-28T16:00:00.000Z,39434,40359,39258.5,39512,68040.039,2707940801.5655
1651204800000,2022-04-29T04:00:00.000Z,39512,39622,38593.5,38985,93381.667,3652303980.646
1651248000000,2022-04-29T16:00:00.000Z,38987,39056.5,38153,38632.5,49811.523,1921482526.3625
1651291200000,2022-04-30T04:00:00.000Z,38632.5,38752.5,38125,38444,44783.072,1724664323.2545
1651334400000,2022-04-30T16:00:00.000Z,38444,38584,37364,38014,54639.614,2073457488.095
1651377600000,2022-05-01T04:00:00.000Z,38014,38623,37820.5,38466,42983.935,1635181030.429
1651420800000,2022-05-01T16:00:00.000Z,38466.5,38794.5,37658.5,38650.5,61361.562,2354848976.403
1651464000000,2022-05-02T04:00:00.000Z,38650.5,39164,38220,38681.5,111185.443,4312551968.2585
1651507200000,2022-05-02T16:00:00.000Z,38681.5,38906,38044.5,38507,57670.689,2218711101.427
1651550400000,2022-05-03T04:00:00.000Z,38506,38638,38139,38314.5,74452.863,2861109238.582
1651593600000,2022-05-03T16:00:00.000Z,38314.5,38383,37495,37988,57573.383,2180042897.023
1651636800000,2022-05-04T04:00:00.000Z,37988,39179.5,37925.5,38985,94272.379,3647392532.3535
1651680000000,2022-05-04T16:00:00.000Z,38985.5,40044,38619.5,39740.5,72755.764,2868873824.2515
1651723200000,2022-05-05T04:00:00.000Z,39740.5,39859.5,36317,36881,112077.434,4309741479.0545
1651766400000,2022-05-05T16:00:00.000Z,36881,37303,35524,36437.5,97686.817,3558907393.308
1651809600000,2022-05-06T04:00:00.000Z,36437.5,36522,35216.5,35978.5,138417.76,4983549730.398
1651852800000,2022-05-06T16:00:00.000Z,35978.5,36210,35725,35787,39352.529,1415333428.7575
1651896000000,2022-05-07T04:00:00.000Z,35787,36123.5,35703.5,35935.5,46228.61,1660455631.69
1651939200000,2022-05-07T16:00:00.000Z,35935.5,35977,34183,34463.5,99487.238,3483791940.7745
1651982400000,2022-05-08T04:00:00.000Z,34463.5,34943,34272.5,34349,68387.284,2364844617.436
1652025600000,2022-05-08T16:00:00.000Z,34349,34732.5,33261,33551,91670.621,3117901584.874
1652068800000,2022-05-09T04:00:00.000Z,33551,33831,32039.5,32333.5,160449.929,5305522487.2465
1652112000000,2022-05-09T16:00:00.000Z,32333.5,32588,29702.5,30644,189664.273,5886109325.874
1652155200000,2022-05-10T04:00:00.000Z,30646.5,32662.5,30594.5,31296.5,172155.543,5453060264.335
1652198400000,2022-05-10T16:00:00.000Z,31296.5,31781.5,30136.5,31185,86003.372,2672717655.8195
1652241600000,2022-05-11T04:00:00.000Z,31185,32172.5,29027.5,30966.5,181768.732,5612394285.9165
1652284800000,2022-05-11T16:00:00.000Z,30966.5,31123.5,27700,28376.5,122619.738,3598313006.4275
1652328000000,2022-05-12T04:00:00.000Z,28377,29820,26612,29026.5,192824.655,5409398230.093
1652371200000,2022-05-12T16:00:00.000Z,29026.5,30780,28004,30564,93191.847,2733141760.573
1652414400000,2022-05-13T04:00:00.000Z,30564,31065,30163.5,30331.5,113010.741,3450830917.896
1652457600000,2022-05-13T16:00:00.000Z,30328,30513.5,29182,29562.5,66129.232,1968803759.117
1652500800000,2022-05-14T04:00:00.000Z,29562.5,29591.5,28628,28801,74369.763,2168186485.0505
1652544000000,2022-05-14T16:00:00.000Z,28801,30339.5,28605,29714,65055.302,1927744663.015
1652587200000,2022-05-15T04:00:00.000Z,29714,30558,29456,30012,78329.676,2346758883.7985
1652630400000,2022-05-15T16:00:00.000Z,30012,31471,29928.5,30300,66403.496,2039308394.5985
1652673600000,2022-05-16T04:00:00.000Z,30300,30445.5,29282.5,29643,122444.016,3647427772.418
1652716800000,2022-05-16T16:00:00.000Z,29643,30520,29050.5,30353,70013.476,2093104883.073
1652760000000,2022-05-17T04:00:00.000Z,30353,30790,29934.5,30128,101821.24,3096457504.5865
1652803200000,2022-05-17T16:00:00.000Z,30128,30694,29411.5,29808,84419.29,2545083717.69
1652846400000,2022-05-18T04:00:00.000Z,29808,30063.5,28849.5,28960.5,104316.547,3089878797.1095
1652889600000,2022-05-18T16:00:00.000Z,28960.5,29515.5,28625,29168.5,84200.394,2442959125.511
1652932800000,2022-05-19T04:00:00.000Z,29168.5,30552,28834.5,30390,148195.774,4368098597.678
1652976000000,2022-05-19T16:00:00.000Z,30390,30779,29946,30179.5,78876.896,2388606196.541
1653019200000,2022-05-20T04:00:00.000Z,30179.5,30543,29048,29126.5,129781.887,3895372287.0675
1653062400000,2022-05-20T16:00:00.000Z,29126.5,29367.5,28700,29230,72056.379,2093227984.442
1653105600000,2022-05-21T04:00:00.000Z,29230,29626.5,29142,29524.5,58326.633,1710420115.2395
1653148800000,2022-05-21T16:00:00.000Z,29524.5,29635.5,29290,29341,37592.3,1106659756.1235
1653192000000,2022-05-22T04:00:00.000Z,29341,30323.5,29230,29843,91028.163,2718215042.4055
1653235200000,2022-05-22T16:00:00.000Z,29843,30488.5,29737.5,30170.5,62312.791,1877716374.745
1653278400000,2022-05-23T04:00:00.000Z,30170.5,30664.5,29956.5,30369,132491.318,4024753114.086
1653321600000,2022-05-23T16:00:00.000Z,30369,30533.5,28841,29281,93015.015,2741861199.0725
1653364800000,2022-05-24T04:00:00.000Z,29281,29630,28640.5,29367.5,124936.7,3645114137.2485
1653408000000,2022-05-24T16:00:00.000Z,29367.5,30228,29079.5,30194,87002.014,2578255808.776
1653451200000,2022-05-25T04:00:00.000Z,30194,30210,29322,29626.5,117629.201,3496616975.747
1653494400000,2022-05-25T16:00:00.000Z,29626.5,30038.5,29419,29836,75964.615,2258371633.817
1653537600000,2022-05-26T04:00:00.000Z,29836,29872.5,27975,29365,185928.281,5408572060.4955
1653580800000,2022-05-26T16:00:00.000Z,29365,29769,28821,29000.5,83906.213,2459566952.637
1653624000000,2022-05-27T04:00:00.000Z,29000.5,29354,28608.5,28827.5,133814.294,3873024140.948
1653667200000,2022-05-27T16:00:00.000Z,28827.5,29033,28260,28796,73477.455,2105135410.6765
1653710400000,2022-05-28T04:00:00.000Z,28796,29264.5,28726,28981.5,65426.236,1891483493.3
1653753600000,2022-05-28T16:00:00.000Z,28981.5,29159.5,28782,28964.5,39764.679,1151456671.942
1653796800000,2022-05-29T04:00:00.000Z,28964.5,29478.5,28900.5,29218.5,70273.351,2050424405.898
1653840000000,2022-05-29T16:00:00.000Z,29218.5,30401,29081.5,30351.5,81036.115,2405439659.456
1653883200000,2022-05-30T04:00:00.000Z,30351.5,30937,30232,30635.5,107268.753,3279579881.0215
1653926400000,2022-05-30T16:00:00.000Z,30635.5,32273,30560,31771.5,82159.95,2584474776.7295
1653969600000,2022-05-31T04:00:00.000Z,31771.5,32184,31228.5,32057.5,101748.157,3218396339.5745
1654012800000,2022-05-31T16:00:00.000Z,32057.5,32420,31579,31632,70896.918,2262259872.6075
1654056000000,2022-06-01T04:00:00.000Z,31632,31900.5,30705,30727.5,117704.976,3698429875.897
1654099200000,2022-06-01T16:00:00.000Z,30727.5,30731.5,29293,29703.5,100349.383,3012199125.3375
1654142400000,2022-06-02T04:00:00.000Z,29703.5,30389.5,29575,30201.5,104011.513,3114886422.0975
1654185600000,2022-06-02T16:00:00.000Z,30201.5,30708.5,29964.5,30521.5,68586.023,2086382062.8155
1654228800000,2022-06-03T04:00:00.000Z,30521.5,30556.5,29258,29481.5,130500.959,3907813294.3815
1654272000000,2022-06-03T16:00:00.000Z,29481.5,29860.5,29376,29537,44786.777,1325255660.0175
1654315200000,2022-06-04T04:00:00.000Z,29537,29965.5,29460.5,29830.5,65318.126,1938266309.4865
1654358400000,2022-06-04T16:00:00.000Z,29830.5,29949.5,29589,29742,36778.989,1094145897.3085
1654401600000,2022-06-05T04:00:00.000Z,29742,29956.5,29510.5,29946.5,59417.951,1765055314.1315
1654444800000,2022-06-05T16:00:00.000Z,29947.5,31275.5,29738,31249,103094.569,3132262581.698
1654488000000,2022-06-06T04:00:00.000Z,31249,31760,31142,31545,108188.515,3396997882.2495
1654531200000,2022-06-06T16:00:00.000Z,31545,31602.5,29187,29542,129169.583,3923449479.7605
1654574400000,2022-06-07T04:00:00.000Z,29542,30016.5,29320.5,29867.5,101004.88,2989473864.8885
1654617600000,2022-06-07T16:00:00.000Z,29867.5,31580,29724,30013.5,175767.977,5413031426.831
1654660800000,2022-06-08T04:00:00.000Z,30013.5,30898,29862.5,30470.5,131577.971,4002225175.393
1654704000000,2022-06-08T16:00:00.000Z,30470.5,30542.5,29905,30269.5,66608.697,2013213266.112
1654747200000,2022-06-09T04:00:00.000Z,30269.5,30701.5,29915.5,30283,130511.569,3954193186.781
1654790400000,2022-06-09T16:00:00.000Z,30283,30423.5,29523.5,30094.5,85224.715,2559298806.7675
1654833600000,2022-06-10T04:00:00.000Z,30094.5,30210.5,29200,29436,120649.175,3588067046.442
1654876800000,2022-06-10T16:00:00.000Z,29436,29460,28832.5,29250.5,65118.228,1895904157.005
1654920000000,2022-06-11T04:00:00.000Z,29250.5,29418.5,28224.5,28383.5,130535.16,3757472143.064
1654963200000,2022-06-11T16:00:00.000Z,28383.5,28778.5,27246.5,27530.5,103633.462,2914808765.154
1655006400000,2022-06-12T04:00:00.000Z,27530.5,28320,26858,28068,120121.742,3305584531.5575
1655049600000,2022-06-12T16:00:00.000Z,28068,28215,24863,25487.5,159130.421,4198684504.44
1655092800000,2022-06-13T04:00:00.000Z,25487.5,26234,22565.5,23247.5,343314.788,8317904620.294
1655136000000,2022-06-13T16:00:00.000Z,23247.5,24186,20827.5,22109,208696.972,4639574776.113
1655179200000,2022-06-14T04:00:00.000Z,22109,23330,21722.5,22685.5,268675.612,6019163398.5225
1655222400000,2022-06-14T16:00:00.000Z,22685.5,22773.5,21345.5,21441.5,116691.928,2570857658.14
1655265600000,2022-06-15T04:00:00.000Z,21441.5,21786.5,20086,21414,279830.886,5870213142.063
1655308800000,2022-06-15T16:00:00.000Z,21414,22989.5,20240,22199.5,192637.198,4192032357.2915
1655352000000,2022-06-16T04:00:00.000Z,22199.5,22346.5,20737.5,21062,224800.056,4803237278.013
1655395200000,2022-06-16T16:00:00.000Z,21061,21445.5,20215.5,20361.5,143203.518,2962911073.303
1655438400000,2022-06-17T04:00:00.000Z,20361.5,21354,20305,20655.5,200886.97,4186628224.196
1655481600000,2022-06-17T16:00:00.000Z,20655.5,20781.5,20304,20443,81554.272,1674052893.937
1655524800000,2022-06-18T04:00:00.000Z,20443,20525,18704,18936.5,187263.693,3620338394.5575
1655568000000,2022-06-18T16:00:00.000Z,18936.5,19484,17590,18291,218029.931,4035407005.077
1655611200000,2022-06-19T04:00:00.000Z,18291,20048,17941.5,19825.5,215073.314,4104557233.9765
1655654400000,2022-06-19T16:00:00.000Z,19825.5,20819,19373,19973,145152.319,2915593092.5795
1655697600000,2022-06-20T04:00:00.000Z,19973,21083,19765.5,20821,200002.293,4091391728.0125
1655740800000,2022-06-20T16:00:00.000Z,20821,20824.5,19835.5,20610.5,119256.179,2433820623.1035
1655784000000,2022-06-21T04:00:00.000Z,20610.5,21717.5,20474.5,21390,179399.004,3796982441.292
1655827200000,2022-06-21T16:00:00.000Z,21390,21550.5,20247.5,20304,108955.481,2263732897.5025
1655870400000,2022-06-22T04:00:00.000Z,20304,20890,19950,20081,222216.036,4528514550.7515
1655913600000,2022-06-22T16:00:00.000Z,20081,20607,19758,20208.5,134350.293,2709810142.1695
1656000000000,2022-06-23T16:00:00.000Z,20347,21370.5,20171,21073,87156.692,1819652409.713
1656043200000,2022-06-24T04:00:00.000Z,21073,21457.5,20738,20884,111001.25,2337536139.834
1656086400000,2022-06-24T16:00:00.000Z,20884,21555.5,20788,21298,66425.299,1408044959.201
1656129600000,2022-06-25T04:00:00.000Z,21298,21610,20909.5,20964,104212.352,2218358700.689
1656172800000,2022-06-25T16:00:00.000Z,20964,21590,20915,21425,75512.692,1609392071.425
1656216000000,2022-06-26T04:00:00.000Z,21425,21886,21194,21322,112718.3,2419588380.606
1656259200000,2022-06-26T16:00:00.000Z,21322,21442,20910,21157.5,78639.381,1664588710.766
1656302400000,2022-06-27T04:00:00.000Z,21157.5,21533,20573.5,20740,143770.586,3039785902.1545
1656345600000,2022-06-27T16:00:00.000Z,20740,20949,20492,20715,104636.596,2170395970.549
1656388800000,2022-06-28T04:00:00.000Z,20715,21204,20585,20601,167500.287,3504557341.6945
1656432000000,2022-06-28T16:00:00.000Z,20601,20754.5,20139.5,20271,132924.112,2709222205.342
1656475200000,2022-06-29T04:00:00.000Z,20271,20354,19835,20071,179969.995,3615092738.358
1656518400000,2022-06-29T16:00:00.000Z,20071,20417,19917,20057.5,149673.484,3009117115.612
1656561600000,2022-06-30T04:00:00.000Z,20057.5,20070,18745,19124,309297.423,5957371035.4465
1656604800000,2022-06-30T16:00:00.000Z,19124,20896.5,18616.5,19711.5,257741.94,5041449813.402
1656648000000,2022-07-01T04:00:00.000Z,19711.5,19797.5,18954,19278.5,264832.08,5137950663.986
1656691200000,2022-07-01T16:00:00.000Z,19278.5,19670,19050,19118,183052.943,3539139918.3285
1656734400000,2022-07-02T04:00:00.000Z,19118,19438.5,18962.5,19211.5,174834.874,3356860476.856
1656777600000,2022-07-02T16:00:00.000Z,19211.5,19394,19154.5,19251,126911.396,2444080857.8205
1656820800000,2022-07-03T04:00:00.000Z,19251,19378,18772.5,19032,192142.442,3666031875.8055
1656864000000,2022-07-03T16:00:00.000Z,19032,19632.5,19002.5,19085,154142.254,2968324457.57
1656907200000,2022-07-04T04:00:00.000Z,19085,20123,19067,19795.5,206259.177,4022925605.0675
1656950400000,2022-07-04T16:00:00.000Z,19795.5,20475,19671,20308.5,172071.463,3452245256.181
1656993600000,2022-07-05T04:00:00.000Z,20308.5,20451,19301.5,19504,168366.237,3332737004.464
1657036800000,2022-07-05T16:00:00.000Z,19504,20749.5,19471,19943.5,162921.716,3274395023.596
1657080000000,2022-07-06T04:00:00.000Z,19943.5,20366,19860.5,20148,172398.468,3470667166.6095
1657123200000,2022-07-06T16:00:00.000Z,20148,20670,20134,20481,96961.627,1978548575.691
1657166400000,2022-07-07T04:00:00.000Z,20481,21028,20260,20886,145678.985,2992826588.9025
1657209600000,2022-07-07T16:00:00.000Z,20886,22550.5,20836,22126,160752.001,3476233187.226
1657252800000,2022-07-08T04:00:00.000Z,22126,22243,21186,21957,190452.048,4128761497.6225
1657296000000,2022-07-08T16:00:00.000Z,21957,22034,21411,21611.5,111792.386,2427072736.6215
1657339200000,2022-07-09T04:00:00.000Z,21611.5,21775,21319.5,21544.5,102583.958,2216400568.703
1657382400000,2022-07-09T16:00:00.000Z,21544.5,21977.5,21140,21295.5,101452.733,2188071840.881
1657425600000,2022-07-10T04:00:00.000Z,21295.5,21416.5,20832,20897.5,104302.7,2210294740.0095
1657468800000,2022-07-10T16:00:00.000Z,20897.5,21169,20439.5,20532.5,110322.751,2292121199.733
1657512000000,2022-07-11T04:00:00.000Z,20532.5,20740,20260,20418.5,130563.85,2673074612.2185
1657555200000,2022-07-11T16:00:00.000Z,20418.5,20692,19780,19929.5,105910.392,2135616806.4185
1657598400000,2022-07-12T04:00:00.000Z,19929.5,20040.5,19549.5,19872,150679.075,2984388182.562
1657641600000,2022-07-12T16:00:00.000Z,19872,19988.5,19228,19456,106575.464,2078476226.8035
1657684800000,2022-07-13T04:00:00.000Z,19456,20111,18907,19451.5,210851.379,4112993708.857
1657728000000,2022-07-13T16:00:00.000Z,19451.5,20424,19235.5,20219.5,144521.664,2881245522.903
1657771200000,2022-07-14T04:00:00.000Z,20219.5,20466,19613.5,20389.5,167017.718,3330798484.1745
1657814400000,2022-07-14T16:00:00.000Z,20389.5,20899,20155.5,20608,147373.621,3027238513.3525
1657857600000,2022-07-15T04:00:00.000Z,20608,21085,20494.5,20795,127952.529,2664222347.9685
1657900800000,2022-07-15T16:00:00.000Z,20795,21200,20606.5,20734,81404.568,1696447847.9535
1657944000000,2022-07-16T04:00:00.000Z,20734,20956,20476,20942.5,81242.492,1681353333.878
1657987200000,2022-07-16T16:00:00.000Z,20942.5,21586.5,20916.5,21324.5,107087.811,2276336164.777
1658030400000,2022-07-17T04:00:00.000Z,21324.5,21675,21087,21169,109640.68,2341415121.5065
1658073600000,2022-07-17T16:00:00.000Z,21169,21379.5,20752.5,21283.5,94569.337,1990924316.187
1658116800000,2022-07-18T04:00:00.000Z,21283.5,22778.5,21170,22682,180644.712,3988771430.267
1658160000000,2022-07-18T16:00:00.000Z,22682,22967,21403,21903,154425.449,3414499417.2255
1658203200000,2022-07-19T04:00:00.000Z,21903,23197,21585,23130.5,172659.897,3835908887.19
1658246400000,2022-07-19T16:00:00.000Z,23130.5,23815.5,22942,23445.5,128302.335,2993411823.857
1658289600000,2022-07-20T04:00:00.000Z,23445.5,24270,23312,24167.5,144000.037,3416086630.964
1658332800000,2022-07-20T16:00:00.000Z,24167.5,24195,22659,22768,134324.466,3138837589.7185
1658376000000,2022-07-21T04:00:00.000Z,22768,23078,22338,22637.5,126584.2,2881472041.6085
1658419200000,2022-07-21T16:00:00.000Z,22637.5,23340.5,22627.5,22900,99469.927,2292439015.142
1658462400000,2022-07-22T04:00:00.000Z,22900,23768,22800,23279,135509.144,3163819007.1625
1658505600000,2022-07-22T16:00:00.000Z,23279,23329.5,22494,22792.5,90082.75,2058725300.656
1658548800000,2022-07-23T04:00:00.000Z,22792.5,22980,22050,22208,106336.677,2393725419.895
1658592000000,2022-07-23T16:00:00.000Z,22208,22655,21934.5,22322.5,75517.313,1684846245.5325
1658635200000,2022-07-24T04:00:00.000Z,22322.5,22904.5,22247.5,22850,107950.776,2444594721.346
1658678400000,2022-07-24T16:00:00.000Z,22850,23006.5,21769,21857.5,97263.556,2183063255.53
1658721600000,2022-07-25T04:00:00.000Z,21857.5,22093.5,21681.5,21884.5,99091.639,2169868322.608
1658764800000,2022-07-25T16:00:00.000Z,21884.5,22245,20839,21123,107002.486,2305352173.9845
1658808000000,2022-07-26T04:00:00.000Z,21123,21240,20709,20733,94491.617,1985317671.5125
1658851200000,2022-07-26T16:00:00.000Z,20733,21282,20730,21067.5,87082.343,1830726968.1455
1658894400000,2022-07-27T04:00:00.000Z,21067.5,21543,21054,21529.5,94138.251,2005881016.899
1658937600000,2022-07-27T16:00:00.000Z,21529.5,23458.5,21456.5,23139.5,142313.952,3206174906.8755
1658980800000,2022-07-28T04:00:00.000Z,23139.5,23987,22596,23748,149233.691,3447164200.422
1659024000000,2022-07-28T16:00:00.000Z,23748,24199,23676.5,23920,81886.722,1955656269.2755
1659067200000,2022-07-29T04:00:00.000Z,23920,24459.5,23421,24013.5,142407.184,3405533856.4185
1659110400000,2022-07-29T16:00:00.000Z,24013.5,24135.5,23612,23805,75264.399,1794521607.474
1659153600000,2022-07-30T04:00:00.000Z,23805,24685,23634.5,24526,88064.675,2125429795.2915
1659196800000,2022-07-30T16:00:00.000Z,24526,24598,23509.5,23729.5,82784.791,1983892369.128
1659240000000,2022-07-31T04:00:00.000Z,23729.5,23850.5,23551,23757,65878.104,1562993287.6565
1659283200000,2022-07-31T16:00:00.000Z,23757,24179,23220.5,23364.5,74999.497,1768293251.6745
1659326400000,2022-08-01T04:00:00.000Z,23364.5,23489,22936.5,23317.5,107028.812,2486739058.369
1659369600000,2022-08-01T16:00:00.000Z,23317.5,23429.5,22777,22841.5,91901.625,2118885072.094
1659412800000,2022-08-02T04:00:00.000Z,22841.5,23138,22645.5,22961.5,111820.58,2553259599.5155
1659456000000,2022-08-02T16:00:00.000Z,22961.5,23441.5,22676.5,22848.5,83833.945,1930420709.2415
1659499200000,2022-08-03T04:00:00.000Z,22848.5,23645.5,22789.5,23360,118995.275,2766011169.717
1659542400000,2022-08-03T16:00:00.000Z,23360,23574,22710.5,23080.5,91239.187,2113122502.4505
1659585600000,2022-08-04T04:00:00.000Z,23080.5,23169,22740,22909.5,100922.039,2313293463.0335
1659628800000,2022-08-04T16:00:00.000Z,22909.5,23200,22379,23168.5,86453.228,1964113504.775
1659672000000,2022-08-05T04:00:00.000Z,23168.5,23473.5,22878,22989.5,110323.156,2557520822.9395
1659715200000,2022-08-05T16:00:00.000Z,22989.5,23338.5,22743.5,23163,63621.25,1467185336.0585
1659758400000,2022-08-06T04:00:00.000Z,23163,23244.5,23096,23189,46064.7,1067617733.901
1659801600000,2022-08-06T16:00:00.000Z,23189,23246,22839,22979,58597.674,1350954945.828
1659844800000,2022-08-07T04:00:00.000Z,22979,23171.5,22880.5,23008,52596.215,1210910764.942
1659888000000,2022-08-07T16:00:00.000Z,23008,23393,22985,23297,63163.19,1466325124.2515
1659931200000,2022-08-08T04:00:00.000Z,23297,24246,23276.5,23996,127438.669,3044079759.168
1659974400000,2022-08-08T16:00:00.000Z,23996,24106.5,23635.5,23832,66449.408,1585153711.717
1660017600000,2022-08-09T04:00:00.000Z,23832,23920,22856,23062,117596.339,2754531680.416
1660060800000,2022-08-09T16:00:00.000Z,23062,23246.5,22644.5,22846.5,71139.927,1634957576.6655
1660104000000,2022-08-10T04:00:00.000Z,22846.5,24164.5,22827,23996,122834.516,2884538449.2175
1660147200000,2022-08-10T16:00:00.000Z,23996,24490,23484,24321,81307.456,1953439036.41
1660190400000,2022-08-11T04:00:00.000Z,24321,24925.5,24288.5,24348,130447.01,3205586784.756
1660233600000,2022-08-11T16:00:00.000Z,24348,24420,23761,24000.5,79886.946,1923890356.292
1660276800000,2022-08-12T04:00:00.000Z,24000.5,24125,23572.5,23964,91664.165,2187446705.796
1660320000000,2022-08-12T16:00:00.000Z,23964,24812.5,23940,24801,74153.3,1803904311.4925
1660363200000,2022-08-13T04:00:00.000Z,24801,24887.5,24295.5,24513,87299.903,2143668808.4635
1660406400000,2022-08-13T16:00:00.000Z,24513,24636.5,24322,24566.5,58547.436,1433824100.827
1660449600000,2022-08-14T04:00:00.000Z,24566.5,25038.5,24400,24517,91760.332,2264226730.9815
1660492800000,2022-08-14T16:00:00.000Z,24517,25207,24133,24871.5,100865.36,2476694698.055
1660536000000,2022-08-15T04:00:00.000Z,24871.5,24984.5,23863,24211.5,121278.06,2942918594.1675
1660579200000,2022-08-15T16:00:00.000Z,24211.5,24258,23760.5,24067.5,80243.239,1931062215.5025
1660622400000,2022-08-16T04:00:00.000Z,24067.5,24131.5,23660.5,23885,87513.217,2093799201.288
1660665600000,2022-08-16T16:00:00.000Z,23885,24064.5,23677.5,23991,74133.159,1771897045.937
1660708800000,2022-08-17T04:00:00.000Z,23991,24438,23314,23381,119496.169,2845269553.0915
1660752000000,2022-08-17T16:00:00.000Z,23381,23617.5,23170,23420,65250.247,1526142548.9765
1660795200000,2022-08-18T04:00:00.000Z,23420,23582.5,23317,23438,77401.353,1814129152.6725
1660838400000,2022-08-18T16:00:00.000Z,23438,23452,22700,22757,93260.593,2156406112.4475
1660881600000,2022-08-19T04:00:00.000Z,22757,22821,21250.5,21431.5,158829.532,3461115884.689
1660924800000,2022-08-19T16:00:00.000Z,21431.5,21640,20771.5,21124,92359.414,1955044366.67
1660968000000,2022-08-20T04:00:00.000Z,21124,21350,21069.5,21287,68233.768,1447486661.695
1661011200000,2022-08-20T16:00:00.000Z,21287,21345.5,20753,21196,80581.429,1702086715.9
1661054400000,2022-08-21T04:00:00.000Z,21196,21569,21058.5,21408,80703.855,1722416974.9165
1661097600000,2022-08-21T16:00:00.000Z,21408,21774,21269.5,21405,75525.102,1622052824.799
1661140800000,2022-08-22T04:00:00.000Z,21405,21475.5,20890,21387.5,122422.095,2597806109.2695
1661184000000,2022-08-22T16:00:00.000Z,21387.5,21516,20952,21225.5,76161.297,1618064284.8755
1661227200000,2022-08-23T04:00:00.000Z,21225.5,21678.5,20881,21473.5,135121.864,2882314112.9455
1661270400000,2022-08-23T16:00:00.000Z,21473.5,21648.5,21136.5,21253.5,77392.857,1656960586.167
1661313600000,2022-08-24T04:00:00.000Z,21253.5,21642.5,21225.5,21612,89537.897,1916359514.7335
1661356800000,2022-08-24T16:00:00.000Z,21612,21894,21300,21458,90718.433,1958851377.585
1661400000000,2022-08-25T04:00:00.000Z,21458,21815,21457.5,21557.5,95101.3,2059325953.4995
1661443200000,2022-08-25T16:00:00.000Z,21557.5,21670,21415.5,21540,64825.056,1396277616.969
1661486400000,2022-08-26T04:00:00.000Z,21540,21860,20627.5,20763.5,185014.298,3947217979.6245
1661529600000,2022-08-26T16:00:00.000Z,20763.5,20822,20094,20188,97759.75,1998755705.6855
1661572800000,2022-08-27T04:00:00.000Z,20188,20259.5,19784,19967,95324.992,1917450847.0985
1661616000000,2022-08-27T16:00:00.000Z,19967,20142.5,19828,19981,65578.004,1310456564.856
1661659200000,2022-08-28T04:00:00.000Z,19981,20092.5,19797,20006,73311.545,1464204443.8675
1661702400000,2022-08-28T16:00:00.000Z,20006,20137,19506.5,19849.5,91840.289,1820076775.359
1661745600000,2022-08-29T04:00:00.000Z,19849.5,20374.5,19731,20259,117281.974,2342915858.334
1661788800000,2022-08-29T16:00:00.000Z,20259,20421.5,20078,20268.5,73410.937,1484257015.908
1661832000000,2022-08-30T04:00:00.000Z,20268.5,20572.5,19641,19746.5,130961.39,2648515577.0335
1661875200000,2022-08-30T16:00:00.000Z,19746.5,20450,19528.5,20403.5,110540.766,2204336609.4945
1661918400000,2022-08-31T04:00:00.000Z,20403.5,20488,19864.5,20130,112932.25,2285477690.87
1661961600000,2022-08-31T16:00:00.000Z,20130,20317.5,19870,20011.5,83740.389,1681939077.2315
1662004800000,2022-09-01T04:00:00.000Z,20011.5,20124,19643.5,19772,128248.681,2555539609.5955
1662048000000,2022-09-01T16:00:00.000Z,19772,20233.5,19554.5,20144.5,94908.631,1891251308.708
1662091200000,2022-09-02T04:00:00.000Z,20144.5,20437,19979,20355,119207.551,2407402515.396
1662134400000,2022-09-02T16:00:00.000Z,20355,20376,19742.5,19886.5,85993.968,1716245856.4485
1662177600000,2022-09-03T04:00:00.000Z,19886.5,19950,19719,19757,67855.543,1345405357.42
1662220800000,2022-09-03T16:00:00.000Z,19757,19845,19640.5,19762.5,47227.104,933324237.0755
1662264000000,2022-09-04T04:00:00.000Z,19762.5,19923.5,19574.5,19776,86946.884,1716348148.1655
1662307200000,2022-09-04T16:00:00.000Z,19776,20050,19711.5,19870,71700.047,1424984160.9905
1662350400000,2022-09-05T04:00:00.000Z,19870,19939,19625,19844,96344.046,1903798718.983
1662393600000,2022-09-05T16:00:00.000Z,19844,20180,19661,19770.5,104921.144,2081641860.1735
1662436800000,2022-09-06T04:00:00.000Z,19770.5,20025.5,19652,19807.5,118416.465,2350541501.565
1662480000000,2022-09-06T16:00:00.000Z,19807.5,19842,18507.5,18734.5,147695.104,2803280152.6355
1662523200000,2022-09-07T04:00:00.000Z,18734.5,18949.5,18664,18859.5,91458.259,1718067801.8565
1662566400000,2022-09-07T16:00:00.000Z,18859.5,19459.5,18842,19217.5,95253.759,1827717993.5795
1662609600000,2022-09-08T04:00:00.000Z,19217.5,19392,19016.5,19251,119252.983,2293658244.592
1662652800000,2022-09-08T16:00:00.000Z,19251,19945.5,19092,19942.5,81666.54,1585681829.3625
1662696000000,2022-09-09T04:00:00.000Z,19942.5,21339,19926,21264,177556.615,3683440565.1275
1662739200000,2022-09-09T16:00:00.000Z,21264,21638.5,21132,21305,77154.382,1643242668.418
1662782400000,2022-09-10T04:00:00.000Z,21305,21670.5,21126.5,21223.5,75498.717,1612593848.9575
1662825600000,2022-09-10T16:00:00.000Z,21223.5,21807.5,21175.5,21546.5,75883.199,1634262569.685
1662868800000,2022-09-11T04:00:00.000Z,21546.5,21751,21350.5,21639.5,67975.334,1467238644.668
1662912000000,2022-09-11T16:00:00.000Z,21639.5,22373,21455.5,21660.5,96236.297,2096382994.1985
1662955200000,2022-09-12T04:00:00.000Z,21660.5,22477,21630.5,22116.5,105447.187,2335696086.5505
1662998400000,2022-09-12T16:00:00.000Z,22116.5,22491,22024,22234.5,68092.678,1516111620.298
1663041600000,2022-09-13T04:00:00.000Z,22234.5,22790,20772.5,20833.5,180183.124,3945678732.6645
1663084800000,2022-09-13T16:00:00.000Z,20833.5,20922.5,19859,20323.5,111384.81,2270343699.915
1663128000000,2022-09-14T04:00:00.000Z,20323.5,20419,20074,20177,98173.934,1990420730.103
1663171200000,2022-09-14T16:00:00.000Z,20177,20384,19612.5,20013.5,95226.454,1907321098.396
1663214400000,2022-09-15T04:00:00.000Z,20013.5,20314,19485.5,19725,125087.688,2502402020.758
1663257600000,2022-09-15T16:00:00.000Z,19725,19934,19567,19736,65642.727,1296227095.4975
1663300800000,2022-09-16T04:00:00.000Z,19736,19875.5,19450,19648,97787.127,1927520094.5685
1663344000000,2022-09-16T16:00:00.000Z,19648,20052.5,19312,19869.5,81080.635,1596748963.426
1663387200000,2022-09-17T04:00:00.000Z,19869.5,20006.5,19738,19950.5,58368.032,1159443174.9025
1663430400000,2022-09-17T16:00:00.000Z,19950.5,20179,19927,19985,61806.27,1239352365.143
1663473600000,2022-09-18T04:00:00.000Z,19985,20098.5,19715,19801,80914.363,1612873944.9865
1663516800000,2022-09-18T16:00:00.000Z,19801,19864,18660,18763,117070.921,2261910827.263
1663560000000,2022-09-19T04:00:00.000Z,18763,19419.5,18230,19079.5,152300.409,2858379666.4205
1663603200000,2022-09-19T16:00:00.000Z,19079.5,19681,18868.5,19361,97527.189,1888663832.904
1663689600000,2022-09-20T16:00:00.000Z,19224,19299.5,18722.5,19011.5,88146.44,1670489378.9745
1663732800000,2022-09-21T04:00:00.000Z,19011.5,19475,18782,19187.5,129996.712,2483160289.975
1663776000000,2022-09-21T16:00:00.000Z,19187.5,19997.5,18135.5,18677,200571.233,3798101807.187
1663819200000,2022-09-22T04:00:00.000Z,18677,19315,18610.5,18982.5,131433.413,2496109183.115
1663862400000,2022-09-22T16:00:00.000Z,18982.5,19499,18767.5,19391.5,85456.773,1643483304.8935
1663905600000,2022-09-23T04:00:00.000Z,19391.5,19493.5,18519.5,18705,140316.535,2659668078.2845
1663948800000,2022-09-23T16:00:00.000Z,18705,19388.5,18557,19111,89625.015,1697419838.539
1663992000000,2022-09-24T04:00:00.000Z,19111,19211.5,18913.5,19111,71015.7,1353810189.074
1664035200000,2022-09-24T16:00:00.000Z,19111,19182.5,18798,19039,61458.438,1167321083.2845
1664078400000,2022-09-25T04:00:00.000Z,19039,19167.5,18833,18978,71512.636,1359267278.908
1664121600000,2022-09-25T16:00:00.000Z,18978,19111.5,18617.5,18859,81345.788,1534279401.3405
1664164800000,2022-09-26T04:00:00.000Z,18859,19318.5,18674,19114,147129.717,2796650937.6285
1664208000000,2022-09-26T16:00:00.000Z,19114,20296,18965,20101,119700.294,2342293794.5895
1664251200000,2022-09-27T04:00:00.000Z,20101,20380,19876,19892,127130.124,2565737979.9185
1664294400000,2022-09-27T16:00:00.000Z,19892,19954,18458,18732,168121.79,3202489681.537
1664337600000,2022-09-28T04:00:00.000Z,18732,19500,18555.5,19489,152426.203,2891525035.6555
1664380800000,2022-09-28T16:00:00.000Z,19489,19780,19263,19506,113096.298,2205815466.346
1664424000000,2022-09-29T04:00:00.000Z,19506,19623,18830.5,19278,161933.237,3121173993.106
1664467200000,2022-09-29T16:00:00.000Z,19278,19699.5,19113,19391.5,131750.465,2559121375.3595
1664510400000,2022-09-30T04:00:00.000Z,19391.5,20176.5,19156.5,19756.5,155151.272,3043761386.9775
1664553600000,2022-09-30T16:00:00.000Z,19756.5,19871,19233,19403.5,94942.313,1855796942.21
1664596800000,2022-10-01T04:00:00.000Z,19403.5,19408.5,19145,19318.5,61289.199,1182986956.7095
1664640000000,2022-10-01T16:00:00.000Z,19318.5,19339.5,19190,19295.5,46698.839,900336398.538
1664683200000,2022-10-02T04:00:00.000Z,19295.5,19385.5,19024,19133.5,69795.894,1340218229.249
1664726400000,2022-10-02T16:00:00.000Z,19133.5,19326.5,18906,19157,77025.218,1474718313.7645
1664769600000,2022-10-03T04:00:00.000Z,19157,19494.5,19052,19338,104416.932,2010066996.7165
1664812800000,2022-10-03T16:00:00.000Z,19338,19722,19311,19597,87850.749,1717272783.0715
1664856000000,2022-10-04T04:00:00.000Z,19597,20280,19556.5,20099,149784.099,2985773479.397
1664899200000,2022-10-04T16:00:00.000Z,20099,20466.5,19877,20191.5,86630.148,1748755018.9115
1664942400000,2022-10-05T04:00:00.000Z,20191.5,20297,19740,19999.5,121477.184,2433520694.486
1664985600000,2022-10-05T16:00:00.000Z,19999.5,20443,19954.5,20357,107462.058,2172002842.543
1665028800000,2022-10-06T04:00:00.000Z,20357,20448,19873.5,20000.5,143597.35,2895393669.3205
1665072000000,2022-10-06T16:00:00.000Z,20000.5,20255,19839,19974,70424.692,1408695995.306
1665115200000,2022-10-07T04:00:00.000Z,19974,20050.5,19457,19570,134075.963,2653182027.686
1665158400000,2022-10-07T16:00:00.000Z,19570,19629.5,19313.5,19490,74237.604,1446277151.4485
1665201600000,2022-10-08T04:00:00.000Z,19490,19533.5,19404.5,19478,51421.926,1001670369.4685
1665244800000,2022-10-08T16:00:00.000Z,19478,19517.5,19228,19360,59805.734,1159784506.2755
1665288000000,2022-10-09T04:00:00.000Z,19360,19540,19309,19521,61822.949,1202368880.8595
1665331200000,2022-10-09T16:00:00.000Z,19521,19541.5,19340,19438.5,51828.208,1008088138.9635
1665374400000,2022-10-10T04:00:00.000Z,19438.5,19463,19120,19261.5,99093.813,1913503764.724
1665417600000,2022-10-10T16:00:00.000Z,19261.5,19348,18944,19033.5,91250.105,1745102006.8435
1665460800000,2022-10-11T04:00:00.000Z,19033.5,19253.5,18850,19133.5,105207.852,2006102088.043
1665504000000,2022-10-11T16:00:00.000Z,19133.5,19170.5,18910,19037,63564.789,1210872589.064
1665547200000,2022-10-12T04:00:00.000Z,19037,19188.5,18960,19129,88027.663,1681308939.4165
1665590400000,2022-10-12T16:00:00.000Z,19129,19223.5,19007.5,19078,58611.067,1120439319.8335
1665633600000,2022-10-13T04:00:00.000Z,19078,19098.5,18130,18940,200882.652,3747513698.4315
1665676800000,2022-10-13T16:00:00.000Z,18940,19953.5,18894,19814.5,129140.937,2510359149.355
1665720000000,2022-10-14T04:00:00.000Z,19814.5,19850,19298,19347.5,130815.629,2566763826.9275
1665763200000,2022-10-14T16:00:00.000Z,19347.5,19388.5,19062.5,19191,66666.064,1280473210.9775
1665806400000,2022-10-15T04:00:00.000Z,19191,19196,19028,19121,57742.035,1104732867.6625
1665849600000,2022-10-15T16:00:00.000Z,19121,19154.5,18966,19110,47227.722,901347377.762
1665892800000,2022-10-16T04:00:00.000Z,19110,19180.5,19078,19145.5,47414.991,907026766.2205
1665936000000,2022-10-16T16:00:00.000Z,19145.5,19409.5,19090,19178.5,66200.231,1272892126.1245
1665979200000,2022-10-17T04:00:00.000Z,19178.5,19675.5,19153,19534.5,118793.012,2307483945.1545
1666022400000,2022-10-17T16:00:00.000Z,19534.5,19624,19441.5,19549.5,68186.858,1332026068.173
1666065600000,2022-10-18T04:00:00.000Z,19549.5,19704.5,19280,19363,115893.793,2264374026.045
1666108800000,2022-10-18T16:00:00.000Z,19363,19431,19079,19275.5,82003.576,1580845501.1655
1666152000000,2022-10-19T04:00:00.000Z,19275.5,19295,19056,19256.5,105633.069,2026535619.3415
1666195200000,2022-10-19T16:00:00.000Z,19256.5,19268,18892,19030,76801.833,1466375933.982
1666238400000,2022-10-20T04:00:00.000Z,19030,19338,19029,19245,98586.389,1891396307.622
1666281600000,2022-10-20T16:00:00.000Z,19245,19246,18922,19039.5,77603.165,1479487579.504
1666324800000,2022-10-21T04:00:00.000Z,19039.5,19158,18635,19151,118719.617,2248959439.344
1666368000000,2022-10-21T16:00:00.000Z,19151,19238,19077.5,19139,55636.934,1065580819.012
1666411200000,2022-10-22T04:00:00.000Z,19139,19243,19122.5,19220,44541.404,853896956.314
1666454400000,2022-10-22T16:00:00.000Z,19220,19233.5,19124.5,19186,38997.321,747843193.9045
1666497600000,2022-10-23T04:00:00.000Z,19186,19209,19060.5,19179,46406.901,888969387.9215
1666540800000,2022-10-23T16:00:00.000Z,19179,19694,19159.5,19392.5,104685.532,2036966597.2195
1666584000000,2022-10-24T04:00:00.000Z,19392.5,19436.5,19147,19291,103249.464,1994049265.1725
1666627200000,2022-10-24T16:00:00.000Z,19291,19412,19212.5,19328.5,50662.618,978231471.0125
1666670400000,2022-10-25T04:00:00.000Z,19328.5,19807.5,19228,19748,103834.695,2018594149.5735
1666713600000,2022-10-25T16:00:00.000Z,19748,20416,19721.5,20248.5,143545.266,2886499662.1925
1666756800000,2022-10-26T04:00:00.000Z,20248.5,21020,20135.5,20845.5,152802.282,3146801789.632
1666800000000,2022-10-26T16:00:00.000Z,20845.5,20994,20602,20753,78801.574,1636795647.8465
1666843200000,2022-10-27T04:00:00.000Z,20753,20871,20431,20563.5,105444.894,2177925562.5075
1666886400000,2022-10-27T16:00:00.000Z,20563.5,20679.5,20161,20293,80003.307,1629232074.731
1666929600000,2022-10-28T04:00:00.000Z,20293,20586,19983,20482,118693.071,2405847507.4225
1666972800000,2022-10-28T16:00:00.000Z,20482,20815,20450.5,20755,75263.711,1554238080.6605
1667016000000,2022-10-29T04:00:00.000Z,20755,21089,20625,20923.5,95196.923,1981197362.4435
1667059200000,2022-10-29T16:00:00.000Z,20923.5,20979.5,20704.5,20776,47803.534,995266328.805
1667102400000,2022-10-30T04:00:00.000Z,20776,20932,20618.5,20679,64144.267,1330932152.932
1667145600000,2022-10-30T16:00:00.000Z,20679,20740,20417.5,20505.5,65259.562,1343245130.1575
1667188800000,2022-10-31T04:00:00.000Z,20505.5,20843.5,20226.5,20388,114636.991,2355599772.851
1667232000000,2022-10-31T16:00:00.000Z,20388,20585,20320,20481.5,54378.859,1111978561.829
1667275200000,2022-11-01T04:00:00.000Z,20481.5,20695,20317.5,20432.5,88076.217,1807838315.45
1667318400000,2022-11-01T16:00:00.000Z,20432.5,20556,20367.5,20520.5,48753.933,997836923.0175
1667361600000,2022-11-02T04:00:00.000Z,20520.5,20559,20340,20398.5,68541.127,1400726779.3755
1667404800000,2022-11-02T16:00:00.000Z,20398.5,20800,20053.5,20309.5,139635.933,2847010543.1165
1667448000000,2022-11-03T04:00:00.000Z,20309.5,20398,20025,20252.5,84214.587,1704449717.8145
1667491200000,2022-11-03T16:00:00.000Z,20252.5,20311.5,20148,20307.5,47476.401,960920155.443
1667534400000,2022-11-04T04:00:00.000Z,20307.5,21305.5,20295.5,20838.5,161374.063,3347928456.5595
1667577600000,2022-11-04T16:00:00.000Z,20838.5,21476,20675,21445,94405.475,1989655487.093
1667620800000,2022-11-05T04:00:00.000Z,21445,21466.5,21215.5,21302,63878.87,1363058092.3445
1667664000000,2022-11-05T16:00:00.000Z,21302,21380.5,21184,21236.5,45941.6,978386808.033
1667707200000,2022-11-06T04:00:00.000Z,21236.5,21311.5,21146.5,21244,52447.22,1113294184.9225
1667750400000,2022-11-06T16:00:00.000Z,21244,21282,20822.5,20918,79762.319,1679388819.1015
1667793600000,2022-11-07T04:00:00.000Z,20918,20918,20570,20754.5,104546.838,2168329812.8735
1667836800000,2022-11-07T16:00:00.000Z,20754.5,20878,20111,20140.5,101077.703,2076565550.323
1667880000000,2022-11-08T04:00:00.000Z,20140.5,20232.5,19219,19515,167755.914,3294944663.9395
1667923200000,2022-11-08T16:00:00.000Z,19514,20674,16839,18303,365651.904,6882057644.105
1667966400000,2022-11-09T04:00:00.000Z,18303,18495,16883.5,17105.5,226735.853,4021309124.259
1668009600000,2022-11-09T16:00:00.000Z,17105.5,17309.5,15481,16349,255761.839,4176864909.8725
1668052800000,2022-11-10T04:00:00.000Z,16349,17939.5,16188,17543.5,243220.398,4127453990.9665
1668096000000,2022-11-10T16:00:00.000Z,17543.5,18170,16875.5,17049.5,148025.946,2592252255.057
1668139200000,2022-11-11T04:00:00.000Z,17049.5,17529,16335,16862,181666.97,3102593532.1395
1668182400000,2022-11-11T16:00:00.000Z,16862,17131,16530.5,16891,96300.635,1620578358.9305
1668225600000,2022-11-12T04:00:00.000Z,16891,16986,16620,16919,81822.988,1376060115.977
1668268800000,2022-11-12T16:00:00.000Z,16919,16948,16753,16906.5,47305.781,797206236.406
1668312000000,2022-11-13T04:00:00.000Z,16906.5,16915.5,16421.5,16572.5,93824.178,1562533816.068
1668355200000,2022-11-13T16:00:00.000Z,16572.5,16620.5,15895,16128,92725.381,1510024932.548
1668398400000,2022-11-14T04:00:00.000Z,16128,17189,15805,16586.5,212328.774,3519684337.2145
1668441600000,2022-11-14T16:00:00.000Z,16586.5,16881.5,16172,16809,99595.402,1647721126.1125
1668484800000,2022-11-15T04:00:00.000Z,16809,17125,16641,16985.5,133568.053,2253592885.0755
1668528000000,2022-11-15T16:00:00.000Z,16985.5,17069,16611,16962.5,90217.058,1521741420.2165
1668571200000,2022-11-16T04:00:00.000Z,16962.5,16969,16373.5,16431,119159.984,1987383170.9125
1668614400000,2022-11-16T16:00:00.000Z,16431,16754.5,16402.5,16519,73319,1216031845.3265
1668657600000,2022-11-17T04:00:00.000Z,16519,16704,16403,16526,105109.474,1738767840.288
1668700800000,2022-11-17T16:00:00.000Z,16526,16988.5,16509.5,16857,89341.566,1497336508.8805
1668744000000,2022-11-18T04:00:00.000Z,16857,16866,16615,16694,85495.891,1432965983.6975
1668787200000,2022-11-18T16:00:00.000Z,16694,16729.5,16538.5,16623.5,60173.413,1000758672.2235
1668830400000,2022-11-19T04:00:00.000Z,16623.5,16671.5,16547,16646.5,55263.893,918551607.764
1668873600000,2022-11-19T16:00:00.000Z,16646.5,16805.5,16600.5,16679,67258.641,1121687124.6235
1668916800000,2022-11-20T04:00:00.000Z,16679,16729.5,16457,16572.5,79272.411,1315271740.427
1668960000000,2022-11-20T16:00:00.000Z,16572.5,16604,15889,16071.5,103711.401,1684981283.938
1669003200000,2022-11-21T04:00:00.000Z,16071.5,16306.5,15954,16125,111367.419,1795900954.8495
1669046400000,2022-11-21T16:00:00.000Z,16125,16132.5,15453,15843,128257.615,2028935576.4425
1669089600000,2022-11-22T04:00:00.000Z,15843,16307.5,15620,16243,146213.276,2325569040.767
1669132800000,2022-11-22T16:00:00.000Z,16243,16587.5,16056.5,16575,100427.539,1635860886.6225
1669176000000,2022-11-23T04:00:00.000Z,16575,16660,16344,16430,104314.252,1723038543.5
1669219200000,2022-11-23T16:00:00.000Z,16430,16805.5,16325,16713.5,106179.106,1759115290.731
1669262400000,2022-11-24T04:00:00.000Z,16713.5,16735.5,16459,16560,86605.251,1437472516.527
1669305600000,2022-11-24T16:00:00.000Z,16560,16673,16474,16490.5,65165.04,1079777621.5505
1669348800000,2022-11-25T04:00:00.000Z,16490.5,16587.5,16340.5,16508,91807.727,1511921292.601
1669392000000,2022-11-25T16:00:00.000Z,16508,16694.5,16458,16620.5,60046.064,993999257.762
1669435200000,2022-11-26T04:00:00.000Z,16620.5,16681.5,16487.5,16514,63289.885,1049603351.4405
1669478400000,2022-11-26T16:00:00.000Z,16514,16569.5,16383,16526,57839.697,953797475.535
1669521600000,2022-11-27T04:00:00.000Z,16526,16595,16511,16570,64345.406,1064936735.1125
1669564800000,2022-11-27T16:00:00.000Z,16570,16591,16048.5,16170,96637.342,1577780807.6505
1669608000000,2022-11-28T04:00:00.000Z,16170,16298.5,16114,16136,76114.083,1232616005.8885
1669651200000,2022-11-28T16:00:00.000Z,16136,16384.5,15997,16282,102077.341,1653436587.107
1669694400000,2022-11-29T04:00:00.000Z,16282,16546,16277.5,16394.5,104230.102,1714289139.7005
1669737600000,2022-11-29T16:00:00.000Z,16394.5,17086,16345,16844,107669.952,1796795207.191
1669780800000,2022-11-30T04:00:00.000Z,16844,16930,16768,16863.5,82001.243,1382476779.532
1669824000000,2022-11-30T16:00:00.000Z,16863.5,17255,16709.5,17148.5,107882.59,1836565425.3815
1669867200000,2022-12-01T04:00:00.000Z,17148.5,17339,16898,16976.5,100836.663,1723852988.9775
1669910400000,2022-12-01T16:00:00.000Z,16976.5,17044,16862,16905.5,69878.311,1183951655.106
1669953600000,2022-12-02T04:00:00.000Z,16905.5,17099.5,16782,16937,93243.218,1579964219.317
1669996800000,2022-12-02T16:00:00.000Z,16937,17155.5,16903,17017,53972.754,918155654.9605
1670040000000,2022-12-03T04:00:00.000Z,17017,17034.5,16890.5,16961.5,62050.126,1052443085.2055
1670083200000,2022-12-03T16:00:00.000Z,16961.5,17047,16862.5,16959.5,61982.847,1050417185.901
1670126400000,2022-12-04T04:00:00.000Z,16959.5,17069,16908.5,17026.5,75118.328,1276702659.7025
1670169600000,2022-12-04T16:00:00.000Z,17026.5,17330.5,16972,17199,101422.594,1738080437.2965
1670212800000,2022-12-05T04:00:00.000Z,17199,17421,17020.5,17084.5,106420.792,1836221064.652
1670256000000,2022-12-05T16:00:00.000Z,17084.5,17128.5,16870.5,17002.5,78779.391,1339984213.3365
1670299200000,2022-12-06T04:00:00.000Z,17002.5,17040.5,16910.5,16979,65346.152,1110215822.834
1670342400000,2022-12-06T16:00:00.000Z,16979,17137,16912.5,17026.5,67598.685,1150611960.3065
1670385600000,2022-12-07T04:00:00.000Z,17026.5,17043,16680,16824.5,105946.673,1784315215.2125
1670428800000,2022-12-07T16:00:00.000Z,16824.5,16873.5,16767.5,16821,56499.032,949900398.83
1670472000000,2022-12-08T04:00:00.000Z,16821,16953,16722.5,16912.5,78788.852,1326030920.996
1670515200000,2022-12-08T16:00:00.000Z,16912.5,17296.5,16907,17202.5,93616.395,1606043018.082
1670558400000,2022-12-09T04:00:00.000Z,17202.5,17352.5,17067.5,17175,80123.463,1377851053.262
1670601600000,2022-12-09T16:00:00.000Z,17175,17184,17062,17143,42609.259,730080928.2125
1670644800000,2022-12-10T04:00:00.000Z,17143,17217,17113.5,17206,49743.61,853435019.162
1670688000000,2022-12-10T16:00:00.000Z,17206,17225.5,17095,17154,44620.701,765554742.159
1670731200000,2022-12-11T04:00:00.000Z,17154,17195.5,17131.5,17151,38091.752,653692236.841
1670774400000,2022-12-11T16:00:00.000Z,17151,17268.5,16870.5,16905.5,84321.648,1438031325.034
1670817600000,2022-12-12T04:00:00.000Z,16905.5,17045.5,16894.5,17004.5,66489.26,1127887767.7625
1670860800000,2022-12-12T16:00:00.000Z,17004.5,17237.5,16981.5,17148.5,64965.661,1112300271.991
1670904000000,2022-12-13T04:00:00.000Z,17148.5,18000,17081.5,17756,160301.147,2811383200.494
1670947200000,2022-12-13T16:00:00.000Z,17756,17842,17620.5,17787.5,61632.972,1094469584.8735
1670990400000,2022-12-14T04:00:00.000Z,17787.5,18100,17742,18055,92756.51,1659867188.7755
1671033600000,2022-12-14T16:00:00.000Z,18055,18380,17569.5,17727,157054.615,2818756494.111
1671076800000,2022-12-15T04:00:00.000Z,17727,17746,17380,17428,89410.917,1573061739.252
1671120000000,2022-12-15T16:00:00.000Z,17428,17470,17281,17410,81770.422,1421611931.3705
1671163200000,2022-12-16T04:00:00.000Z,17410,17529,16879.5,16961,133746.166,2293350966.055
1671206400000,2022-12-16T16:00:00.000Z,16961,16967,16523.5,16663.5,113820.52,1905186736.72
1671249600000,2022-12-17T04:00:00.000Z,16663.5,16758.5,16633.5,16688.5,64101.241,1069754879.7135
1671292800000,2022-12-17T16:00:00.000Z,16688.5,16783,16638,16730.5,48001.146,801969949.856
1671379200000,2022-12-18T16:00:00.000Z,16673,16847,16618.5,16670,69566.65,1163746010.892
1671422400000,2022-12-19T04:00:00.000Z,16670,16770.5,16654.5,16661,68692.209,1148074340.0195
1671465600000,2022-12-19T16:00:00.000Z,16661,16845,16246,16713.5,120902.284,2001109859.1505
1671508800000,2022-12-20T04:00:00.000Z,16713.5,17042.5,16681,16909,103871.519,1747956928.175
1671552000000,2022-12-20T16:00:00.000Z,16909,16923,16760.5,16827.5,65664.708,1105994883.9765
1671595200000,2022-12-21T04:00:00.000Z,16827.5,16910,16722,16849.5,79670.01,1340559956.559
1671638400000,2022-12-21T16:00:00.000Z,16849.5,16852.5,16713.5,16841,65002.923,1091726382.3355
1671681600000,2022-12-22T04:00:00.000Z,16841,16853,16605.5,16630.5,91345.454,1531565604.8645
1671724800000,2022-12-22T16:00:00.000Z,16630.5,16889.5,16560,16828.5,83098.012,1391333791.879
1671768000000,2022-12-23T04:00:00.000Z,16828.5,16943,16729,16826,86148.495,1450056835.737
1671811200000,2022-12-23T16:00:00.000Z,16826,16848.5,16761,16830.5,43864.558,737463409.9095
1671854400000,2022-12-24T04:00:00.000Z,16830.5,16842,16797,16828,35459.484,596393865.114
1671897600000,2022-12-24T16:00:00.000Z,16828,16852,16798.5,16824.5,39985.56,672806446.3165
1671940800000,2022-12-25T04:00:00.000Z,16824.5,16845.5,16715,16784.5,56649.393,951924332.9455
1671984000000,2022-12-25T16:00:00.000Z,16784.5,16887.5,16724,16880,54949.677,923862420.694
1672027200000,2022-12-26T04:00:00.000Z,16880,16909,16780,16800.5,56608.289,953380026.4475
1672070400000,2022-12-26T16:00:00.000Z,16800.5,16956,16788,16864,52585.357,886504427.8785
1672113600000,2022-12-27T04:00:00.000Z,16864,16883.5,16723,16787,63527.586,1068654590.6175
1672156800000,2022-12-27T16:00:00.000Z,16787,16790.5,16555,16643,84307.244,1405484112.4115
1672200000000,2022-12-28T04:00:00.000Z,16643,16771,16563.5,16571.5,85116.516,1417641084.6565
1672243200000,2022-12-28T16:00:00.000Z,16571.5,16656.5,16464.5,16553,70297.954,1163645004.4305
1672286400000,2022-12-29T04:00:00.000Z,16553,16657.5,16520,16608,71195.634,1181109521.4445
1672329600000,2022-12-29T16:00:00.000Z,16608,16646.5,16550,16598.5,56268.245,934525942.546
1672372800000,2022-12-30T04:00:00.000Z,16598.5,16610.5,16342.5,16555,112434.6,1854179058.003
1672416000000,2022-12-30T16:00:00.000Z,16555,16667,16518,16558.5,69959.005,1159111596.5725
1672459200000,2022-12-31T04:00:00.000Z,16558.5,16643.5,16537.5,16589,53067.872,879756469.709
1672502400000,2022-12-31T16:00:00.000Z,16589,16610,16474.5,16536,45339.93,750250551.959
1672545600000,2023-01-01T04:00:00.000Z,16536,16570,16502,16554,44077.896,728876782.9295
1672588800000,2023-01-01T16:00:00.000Z,16554,16700,16543,16654.5,56607.869,939391507.0505
1672632000000,2023-01-02T04:00:00.000Z,16654.5,16761.5,16615,16725.5,89479.546,1494351170.134
1672675200000,2023-01-02T16:00:00.000Z,16725.5,16790,16641,16684.5,49375.147,824468929.0835
1672718400000,2023-01-03T04:00:00.000Z,16684.5,16769.5,16615,16672,87477.729,1460690684.4125
1672761600000,2023-01-03T16:00:00.000Z,16672,16863.5,16599.5,16852,96297.631,1608797646.148
1672804800000,2023-01-04T04:00:00.000Z,16852,16918.5,16769,16852,90760.737,1529243969.775
1672848000000,2023-01-04T16:00:00.000Z,16852,16990,16772.5,16823.5,102825.368,1734026467.508
1672891200000,2023-01-05T04:00:00.000Z,16823.5,16866,16746.5,16835,72491.64,1218416221.644
1672934400000,2023-01-05T16:00:00.000Z,16835,16860.5,16790.5,16820,48679.041,819169537.65
1672977600000,2023-01-06T04:00:00.000Z,16820,16835.5,16675,16831,86601.829,1451925024.533
1673020800000,2023-01-06T16:00:00.000Z,16831,17034.5,16799.5,16950,91923.665,1555329916.105
1673064000000,2023-01-07T04:00:00.000Z,16950,16951,16909,16938,38229.227,647228218.2015
1673107200000,2023-01-07T16:00:00.000Z,16938,16953.5,16914,16942.5,32080.262,543266730.3645
1673150400000,2023-01-08T04:00:00.000Z,16942.5,17015,16922.5,16995.5,46813.749,793274709.477
1673193600000,2023-01-08T16:00:00.000Z,16995.5,17246.5,16920.5,17195.5,115125.502,1966269764.1695
1673236800000,2023-01-09T04:00:00.000Z,17195.5,17328.5,17179.5,17267.5,83972.154,1447841467.3805
1673280000000,2023-01-09T16:00:00.000Z,17267.5,17392.5,17128,17204,95322.818,1644412264.062
1673323200000,2023-01-10T04:00:00.000Z,17204,17370,17187,17322.5,84328.008,1455251809.138
1673366400000,2023-01-10T16:00:00.000Z,17322.5,17501.5,17282,17414,74995.176,1306130505.6585
1673409600000,2023-01-11T04:00:00.000Z,17414,17468,17319,17334.5,59976.753,1044352983.6635
1673452800000,2023-01-11T16:00:00.000Z,17334.5,18383,17330,18224.5,159529.375,2844819307.7735
1673496000000,2023-01-12T04:00:00.000Z,18224.5,18354.5,17928,18083.5,132102.86,2398403492.191
1673539200000,2023-01-12T16:00:00.000Z,18083.5,19110,18053.5,18874,151089.747,2832364263.545
1673582400000,2023-01-13T04:00:00.000Z,18874,19302,18781,19256.5,110382.396,2095607298.284
1673625600000,2023-01-13T16:00:00.000Z,19256.5,21532,19060,20995.5,242861.439,4902505363.215
1673668800000,2023-01-14T04:00:00.000Z,20995.5,21236,20257,20797.5,167350.727,3472593317.991
1673712000000,2023-01-14T16:00:00.000Z,20797.5,21086,20580,20736,79225.341,1649500822.9235
1673755200000,2023-01-15T04:00:00.000Z,20736,21007,20590,20926,98039.564,2035015589.2805
1673798400000,2023-01-15T16:00:00.000Z,20926,21452,20674.5,21091.5,135053.555,2841125724.7005
1673841600000,2023-01-16T04:00:00.000Z,21091.5,21276.5,20620.5,20995,115887.689,2423883215.4075
1673884800000,2023-01-16T16:00:00.000Z,20995,21480,20843,21130.5,113564.299,2402510374.4585
1673928000000,2023-01-17T04:00:00.000Z,21130.5,21620,21030.5,21183.5,123124.771,2613759664.785
1673971200000,2023-01-17T16:00:00.000Z,21183.5,21419,21086,21263,76514.509,1625868264.898
1674014400000,2023-01-18T04:00:00.000Z,21263,21661.5,20836,21041.5,144006.489,3066863453.2855
1674057600000,2023-01-18T16:00:00.000Z,21041.5,21138,20408.5,20749,157656.322,3279071410.647
1674100800000,2023-01-19T04:00:00.000Z,20749,20956,20670,20873,70935.542,1475322296.753
1674144000000,2023-01-19T16:00:00.000Z,20873,21218.5,20796,21091.5,85032.466,1788437328.3345
1674187200000,2023-01-20T04:00:00.000Z,21091.5,21245,20867,21144.5,88759.188,1866763642.9925
1674230400000,2023-01-20T16:00:00.000Z,21144.5,22794,21143.5,22550.5,181790.164,4014396931.905
1674273600000,2023-01-21T04:00:00.000Z,22550.5,23338,22520,23005,155557.473,3565891103.0795
1674316800000,2023-01-21T16:00:00.000Z,23005,23365,22614.5,22771.5,113030.434,2604272135.778
1674360000000,2023-01-22T04:00:00.000Z,22771.5,23071.5,22636.5,22784.5,87497.949,1999896575.684
1674403200000,2023-01-22T16:00:00.000Z,22784.5,22953,22280,22655,95118.621,2156685412.292
1674446400000,2023-01-23T04:00:00.000Z,22655,23133,22491,22840,109772.319,2502676285.9755
1674489600000,2023-01-23T16:00:00.000Z,22840,23185,22653,23083.5,93803.43,2153147608.6965
1674532800000,2023-01-24T04:00:00.000Z,23083.5,23167.5,22703,22918,102226.132,2344245668.737
1674576000000,2023-01-24T16:00:00.000Z,22918,23068,22328,22637.5,108921.131,2473364768.5705
1674619200000,2023-01-25T04:00:00.000Z,22637.5,22753.5,22328.5,22572.5,96907.928,2190866625.581
1674662400000,2023-01-25T16:00:00.000Z,22572.5,23828,22510,23128,137005.515,3162695006.8765
1674705600000,2023-01-26T04:00:00.000Z,23128,23234.5,22844.5,22950.5,130731.139,3011174900.4835
1674748800000,2023-01-26T16:00:00.000Z,22950.5,23166,22518.5,22759,80576.309,1845400481.657
1674792000000,2023-01-27T04:00:00.000Z,22759,23139,22749,22929,103732.462,2381270147.178
1674835200000,2023-01-27T16:00:00.000Z,22929,23497.5,22919,23107.5,81065.44,1875597809.29
1674878400000,2023-01-28T04:00:00.000Z,23107.5,23120.5,22870,23006,56753.692,1304497527.308
1674921600000,2023-01-28T16:00:00.000Z,23006,23504,22934,23183,77463.012,1793053224.556
1674964800000,2023-01-29T04:00:00.000Z,23183,23669,23144,23516,100068.746,2341054265.9525
1675008000000,2023-01-29T16:00:00.000Z,23516,23970,23467,23705.5,111047.955,2633573198.822
1675051200000,2023-01-30T04:00:00.000Z,23705.5,23773,22962,23173.5,146172.3,3404807781.302
1675094400000,2023-01-30T16:00:00.000Z,23173.5,23244,22485,22826,94406.321,2156177460.3695
1675137600000,2023-01-31T04:00:00.000Z,22826,23204,22733,23110,89400.388,2052159507.1175
1675180800000,2023-01-31T16:00:00.000Z,23110,23330,22802,23121,86073.662,1986893467.2765
1675224000000,2023-02-01T04:00:00.000Z,23121,23156,22912,22974,69906.159,1611411190.8835
1675267200000,2023-02-01T16:00:00.000Z,22974,24266,22750.5,23850,147869.443,3473455003.413
1675310400000,2023-02-02T04:00:00.000Z,23850,23942.5,23522.5,23837,77144.519,1834417621.7745
1675353600000,2023-02-02T16:00:00.000Z,23837,24141.5,23354.5,23528.5,86731.617,2053418274.122
1675396800000,2023-02-03T04:00:00.000Z,23528.5,23699.5,23223,23595.5,110487.815,2591771838.6625
1675440000000,2023-02-03T16:00:00.000Z,23595.5,23709,23200.5,23340.5,63574.095,1489877405.04
1675483200000,2023-02-04T04:00:00.000Z,23340.5,23582,23250,23412,61420.109,1436374685.6075
1675526400000,2023-02-04T16:00:00.000Z,23412,23463.5,23223,23342,52974.452,1237779370.781
1675569600000,2023-02-05T04:00:00.000Z,23342,23430,23000,23097.5,67406.63,1567531410.428
1675612800000,2023-02-05T16:00:00.000Z,23097.5,23151,22749.5,22889.5,78306.393,1797299653.944
1675656000000,2023-02-06T04:00:00.000Z,22889.5,23051,22610,23042.5,93588.158,2136121845.803
1675699200000,2023-02-06T16:00:00.000Z,23042.5,23150,22629.5,22869.5,71291.715,1633509734.5105
1675742400000,2023-02-07T04:00:00.000Z,22869.5,23058,22856.5,22898.5,69708.081,1599635697.9005
1675785600000,2023-02-07T16:00:00.000Z,22898.5,23450,22760,23257,115078.178,2662397261.8525
1675828800000,2023-02-08T04:00:00.000Z,23257,23283.5,22853,22867,69868.471,1614913267.151
1675872000000,2023-02-08T16:00:00.000Z,22867,23034.5,22429.5,22512,107166.91,2443843866.9895
1675915200000,2023-02-09T04:00:00.000Z,22512,22832.5,22353.5,22602.5,95356.262,2160038263.434
1675958400000,2023-02-09T16:00:00.000Z,22602.5,22615.5,21693,21813,119205.56,2629190439.703
1676001600000,2023-02-10T04:00:00.000Z,21813,21919,21503,21651,95251.59,2074573242.808
1676044800000,2023-02-10T16:00:00.000Z,21651,21788,21435,21667.5,73987.397,1600855043.333
1676088000000,2023-02-11T04:00:00.000Z,21667.5,21765.5,21633,21725,50337.61,1091856650.8605
1676131200000,2023-02-11T16:00:00.000Z,21725,21888,21610.5,21769.5,51336.348,1116190735.7425
1676174400000,2023-02-12T04:00:00.000Z,21769.5,21985.5,21751,21926,58462.918,1276930610.77
1676217600000,2023-02-12T16:00:00.000Z,21926,22072.5,21621,21794,84350.969,1841071645.7325
1676260800000,2023-02-13T04:00:00.000Z,21794,21883.5,21411.5,21555,91747.605,1987699948.4025
1676304000000,2023-02-13T16:00:00.000Z,21555,21838,21340,21687,76768.337,1660007743.2545
1676347200000,2023-02-14T04:00:00.000Z,21687,22300,21529,22028.5,149187.802,3261555454.997
1676390400000,2023-02-14T16:00:00.000Z,22028.5,22265.5,21913,22089,72364.06,1600256004.844
1676433600000,2023-02-15T04:00:00.000Z,22089,22899.5,22062.5,22810.5,122504.749,2755940248.4365
1676476800000,2023-02-15T16:00:00.000Z,22810.5,24937.5,22742.5,24746.5,172811.372,4122795486.8685
1676520000000,2023-02-16T04:00:00.000Z,24746.5,25081,24319.5,25074.5,116560.615,2868820641.8525
1676563200000,2023-02-16T16:00:00.000Z,25074.5,25255,23351,23833,159843.517,3890079236.681
1676606400000,2023-02-17T04:00:00.000Z,23833,24270,23531,24123,129736.537,3095976847.385
1676649600000,2023-02-17T16:00:00.000Z,24123,25031,23907.5,24614,152475.213,3731587673.7195
1676692800000,2023-02-18T04:00:00.000Z,24614,24733,24431.5,24661.5,58263.534,1432408637.4295
1676736000000,2023-02-18T16:00:00.000Z,24661.5,24878.5,24512.5,24675.5,56878.718,1403034006.954
1676779200000,2023-02-19T04:00:00.000Z,24675.5,25047,24553.5,24919.5,76235.425,1885351562.7695
1676822400000,2023-02-19T16:00:00.000Z,24919.5,25187,23830,24408.5,142580.803,3489547471.769
1676865600000,2023-02-20T04:00:00.000Z,24408.5,25138,24371.5,24954.5,124591.23,3085816245.7565
1676908800000,2023-02-20T16:00:00.000Z,24954.5,25106,24630,24921.5,78625.377,1953201903.2125
1676952000000,2023-02-21T04:00:00.000Z,24921.5,25283.5,24386.5,24550.5,136139.135,3371566668.6815
1676995200000,2023-02-21T16:00:00.000Z,24550.5,24742,23851,24191.5,115923.192,2821184114.9275
1677038400000,2023-02-22T04:00:00.000Z,24191.5,24221,23625.5,23714,117934.309,2830114701.912
1677081600000,2023-02-22T16:00:00.000Z,23714,24585.5,23566,24443.5,109025.175,2617005754.036
1677124800000,2023-02-23T04:00:00.000Z,24443.5,24513.5,23596,23940.5,150839.608,3632334780.538
1677168000000,2023-02-23T16:00:00.000Z,23940.5,24119,23712.5,23944,78231.852,1870649981.518
1677211200000,2023-02-24T04:00:00.000Z,23944,24014,23323,23340,110619.79,2629245803.155
1677254400000,2023-02-24T16:00:00.000Z,23340,23341.5,22824.5,23067.5,96155.291,2223040382.6925
1677297600000,2023-02-25T04:00:00.000Z,23067.5,23142.5,22856.5,22997,69580.998,1601873980.936
1677340800000,2023-02-25T16:00:00.000Z,22997,23239.5,22712,23205.5,73491.088,1692852342.744
1677384000000,2023-02-26T04:00:00.000Z,23205.5,23313,23085,23240,61113.289,1417387091.311
1677427200000,2023-02-26T16:00:00.000Z,23240,23670,23131,23541,83510.555,1958096894.733
1677470400000,2023-02-27T04:00:00.000Z,23541,23890,23328.5,23543,94129.784,2216075521.3825
1677513600000,2023-02-27T16:00:00.000Z,23543,23599,23098,23444.5,89055.719,2079549072.1675
1677556800000,2023-02-28T04:00:00.000Z,23444.5,23558,23195,23509,81274.773,1900072845.9845
1677600000000,2023-02-28T16:00:00.000Z,23509,23594.5,23012,23424.5,95435.973,2221011076.382
1677643200000,2023-03-01T04:00:00.000Z,23424.5,24008,23408,23709.5,113594.629,2695546470.3055
1677686400000,2023-03-01T16:00:00.000Z,23709.5,23796,23305,23488,81281.721,1915066147.1865
1677729600000,2023-03-02T04:00:00.000Z,23488,23530.5,23189,23350,83983.147,1962990475.9245
1677772800000,2023-03-02T16:00:00.000Z,23350,23550,21934.5,22312.5,128150.772,2927850603.683
1677816000000,2023-03-03T04:00:00.000Z,22312.5,22487.5,22150.5,22326.5,74811.008,1671777992.254
1677859200000,2023-03-03T16:00:00.000Z,22326.5,22431,22136.5,22336,55367.638,1235347090.0615
1677902400000,2023-03-04T04:00:00.000Z,22336,22393,22259.5,22309.5,48909.357,1092500689.163
1677945600000,2023-03-04T16:00:00.000Z,22309.5,22643.5,22150,22370.5,75605.377,1690439911.2865
1677988800000,2023-03-05T04:00:00.000Z,22370.5,22476,22304,22422,51028.98,1142796530.6915
1678032000000,2023-03-05T16:00:00.000Z,22422,22547,22243,22371,59929.534,1342221330.9485
1678075200000,2023-03-06T04:00:00.000Z,22371,22583,22300.5,22534.5,55721.797,1248398643.716
1678118400000,2023-03-06T16:00:00.000Z,22534.5,22566,22306,22442.5,61277.134,1374923504.1195
1678161600000,2023-03-07T04:00:00.000Z,22442.5,22477,21917.5,22305.5,105361.779,2348382402.728
1678204800000,2023-03-07T16:00:00.000Z,22305.5,22376,21932,22137.5,87074.943,1930037988.4175
1678248000000,2023-03-08T04:00:00.000Z,22137.5,22217.5,21840,22124.5,100094.38,2204422357.1785
1678291200000,2023-03-08T16:00:00.000Z,22124.5,22202.5,21563,21761,85481.189,1869638536.72
1678334400000,2023-03-09T04:00:00.000Z,21761,21825.5,21525,21634,88721.366,1923049105.893
1678377600000,2023-03-09T16:00:00.000Z,21634,21666.5,19761,20039.5,219783.621,4528879164.9425
1678420800000,2023-03-10T04:00:00.000Z,20039.5,20289.5,19542,19990.5,184919.613,3679255045.715
1678464000000,2023-03-10T16:00:00.000Z,19990.5,20665,19816,20381,130148.106,2626885493.2145
1678507200000,2023-03-11T04:00:00.000Z,20381,20418.5,19763,20055,110629.973,2223090645.4715
1678550400000,2023-03-11T16:00:00.000Z,20055,20530,19990,20378,91463.144,1857986641.022
1678593600000,2023-03-12T04:00:00.000Z,20378,20490.5,20276.5,20362.5,70362.472,1434467148.5735
1678636800000,2023-03-12T16:00:00.000Z,20362.5,22595,20348.5,22229,214387.69,4607161215.1315
1678680000000,2023-03-13T04:00:00.000Z,22229,24522,21813.5,24011,237442.804,5430206688.081
1678723200000,2023-03-13T16:00:00.000Z,24011,24500,23773,24368.5,104555.694,2526707698.004
1678766400000,2023-03-14T04:00:00.000Z,24368.5,26483,24131,25923.5,207211.611,5216379415.2425
1678809600000,2023-03-14T16:00:00.000Z,25923.5,26021,23973.5,24744,155937.606,3880957413.637
1678852800000,2023-03-15T04:00:00.000Z,24744,25199,24287,24483,162083.164,4008840527.4055
1678896000000,2023-03-15T16:00:00.000Z,24483,24648,23900,24280.5,98357.794,2389973899.71
1678939200000,2023-03-16T04:00:00.000Z,24280.5,25076.5,24200,24888.5,123495.052,3046586328.0275
1678982400000,2023-03-16T16:00:00.000Z,24888.5,25898,24621,25774,107929.155,2716992392.509
1679068800000,2023-03-17T16:00:00.000Z,26420,27766,26269,27301.5,129373.706,3502620372.8645
1679112000000,2023-03-18T04:00:00.000Z,27301.5,27656,27058,27228.5,89383.464,2448050226.7525
1679155200000,2023-03-18T16:00:00.000Z,27228.5,27498,26574,27200,90513.477,2455245574.53
1679198400000,2023-03-19T04:00:00.000Z,27200,27761.5,26832.5,27550,92750.747,2520459782.534
1679241600000,2023-03-19T16:00:00.000Z,27550,28396,27133.5,27275.5,121962.395,3398420401.125
1679284800000,2023-03-20T04:00:00.000Z,27275.5,28477.5,27153,27689,130772.21,3654694161.2255
1679328000000,2023-03-20T16:00:00.000Z,27689,28191,27455,27778.5,82007.53,2279469295.4195
1679371200000,2023-03-21T04:00:00.000Z,27778.5,28248,27303,28036,111662.463,3107512368.957
1679414400000,2023-03-21T16:00:00.000Z,28036,28452,27906,28151,76541.848,2151678197.0755
1679457600000,2023-03-22T04:00:00.000Z,28151,28744,27987,28591,88802.026,2512422570.731
1679500800000,2023-03-22T16:00:00.000Z,28591,28876.5,26603.5,27354,161482.653,4469893550.71
1679544000000,2023-03-23T04:00:00.000Z,27354,28775.5,27254.5,28585.5,114935.821,3193322247.8465
1679587200000,2023-03-23T16:00:00.000Z,28585.5,28650,27767,28218,88374.824,2494484777.2255
1679630400000,2023-03-24T04:00:00.000Z,28218,28344.5,27328,28007.5,108394.694,3036288995.594
1679673600000,2023-03-24T16:00:00.000Z,28007.5,28045,26980,27574,80447.239,2216317704.887
1679716800000,2023-03-25T04:00:00.000Z,27574,27796,27313.5,27642.5,64842.604,1783083872.137
1679760000000,2023-03-25T16:00:00.000Z,27642.5,27728.5,27155,27523.5,57865.517,1589679825.572
1679803200000,2023-03-26T04:00:00.000Z,27523.5,28200,27459.5,27802,75743.546,2102746015.508
1679846400000,2023-03-26T16:00:00.000Z,27802,28150.5,27637,27886,58141.126,1620431682.467
1679889600000,2023-03-27T04:00:00.000Z,27886,27992.5,26500,26896.5,101743.464,2795770552.816
1679932800000,2023-03-27T16:00:00.000Z,26896.5,27304,26812,26967,69629.244,1884067575.6115
1679976000000,2023-03-28T04:00:00.000Z,26967,27205,26630,26996.5,86122.606,2320889651.825
1680019200000,2023-03-28T16:00:00.000Z,26996.5,27509,26752,27363,68857.163,1871776062.547
1680062400000,2023-03-29T04:00:00.000Z,27363,28654,27342.5,28437.5,114731.697,3231858750.5615
1680105600000,2023-03-29T16:00:00.000Z,28437.5,29185,28088.5,28483.5,92196.945,2626237164.2895
1680148800000,2023-03-30T04:00:00.000Z,28483.5,28782,28159,28299,79681.484,2274040583.1005
1680192000000,2023-03-30T16:00:00.000Z,28299,28376.5,27684.5,28169,83507.533,2341692825.0175
1680235200000,2023-03-31T04:00:00.000Z,28169,28659.5,27508.5,28492.5,91994.788,2584445513.3845
1680278400000,2023-03-31T16:00:00.000Z,28492.5,28835,28248.5,28536.5,64417.562,1834589699.122
1680321600000,2023-04-01T04:00:00.000Z,28536.5,28616.5,28216.5,28399,54397.223,1546450258.0155
1680364800000,2023-04-01T16:00:00.000Z,28399,28579,28272.5,28472.5,46176.456,1312351095.2075
1680408000000,2023-04-02T04:00:00.000Z,28472.5,28490.5,28035,28127.5,62763.318,1777633350.8265
1680451200000,2023-04-02T16:00:00.000Z,28127.5,28233,27565,27746.5,69514.901,1943405902.6975
1680494400000,2023-04-03T04:00:00.000Z,27746.5,28534.5,27581.5,28041.5,91548.622,2574205024.9845
1680537600000,2023-04-03T16:00:00.000Z,28041.5,28239,27187.5,27847.5,76548.212,2129151951.834
1680580800000,2023-04-04T04:00:00.000Z,27847.5,28447,27772,28023.5,77929.802,2191391307.544
1680624000000,2023-04-04T16:00:00.000Z,28023.5,28783.5,27967.5,28544,67816.84,1921762696.09
1680667200000,2023-04-05T04:00:00.000Z,28544,28750,27849.5,28023.5,80996.649,2298975636.622
1680710400000,2023-04-05T16:00:00.000Z,28023.5,28307,27800,28124,61917.077,1737610767.275
1680753600000,2023-04-06T04:00:00.000Z,28124,28165,27680,28069.5,79123.033,2210809404.3715
1680796800000,2023-04-06T16:00:00.000Z,28069.5,28144.5,27869.5,28018,49588.238,1389107629.74
1680840000000,2023-04-07T04:00:00.000Z,28018,28046.5,27753.5,27923,62596.467,1745647082.737
1680883200000,2023-04-07T16:00:00.000Z,27923,28047.5,27820.5,28000,37664.169,1050654472.317
1680926400000,2023-04-08T04:00:00.000Z,28000,28141,27930,27997,48591.282,1361706132.394
1680969600000,2023-04-08T16:00:00.000Z,27997,28066.5,27849.5,28005.5,41323.22,1155029869.4855
1681012800000,2023-04-09T04:00:00.000Z,28005.5,28045.5,27768.5,27869.5,45507.05,1269267264.145
1681056000000,2023-04-09T16:00:00.000Z,27869.5,28517,27853.5,28262.5,60851.245,1716622349.9005
1681099200000,2023-04-10T04:00:00.000Z,28262.5,28555.5,28149.5,28415,54008.311,1528206667.7985
1681142400000,2023-04-10T16:00:00.000Z,28415,30446,28363.5,30113,136152.338,4016964445.127
1681185600000,2023-04-11T04:00:00.000Z,30113,30283,29801.5,30189,71883.052,2163119356.752
1681228800000,2023-04-11T16:00:00.000Z,30189,30566,29832.5,29926.5,80398.646,2424067028.652
1681272000000,2023-04-12T04:00:00.000Z,29926.5,30480,29642,29965.5,92224.316,2772233909.9025
1681315200000,2023-04-12T16:00:00.000Z,29965.5,30218,29758.5,30069,55687.061,1668481608.2205
1681358400000,2023-04-13T04:00:00.000Z,30069,30599.5,29993.5,30438,78670.894,2378997374.4615
1681401600000,2023-04-13T16:00:00.000Z,30438,30935.5,30196.5,30699.5,74633.824,2277898582.1365
1681444800000,2023-04-14T04:00:00.000Z,30699.5,31061.5,30092.5,30237,85184.691,2611434113.2835
1681488000000,2023-04-14T16:00:00.000Z,30237,30579.5,29950,30357,59030.059,1788703058.3905
1681531200000,2023-04-15T04:00:00.000Z,30357,30453.5,30269,30311,42475.446,1290404315.16
1681574400000,2023-04-15T16:00:00.000Z,30311,30347,30105,30240,41607.709,1259303356.7205
1681617600000,2023-04-16T04:00:00.000Z,30240,30374,30149,30316.5,40991.651,1241038177.4925
1681660800000,2023-04-16T16:00:00.000Z,30316.5,30550,29724,29960.5,64541.834,1946475084.36
1681704000000,2023-04-17T04:00:00.000Z,29960.5,29988,29222.5,29350.5,77749.443,2304648118.944
1681747200000,2023-04-17T16:00:00.000Z,29350.5,29572,29085,29429,60240.965,1771840551.2745
1681790400000,2023-04-18T04:00:00.000Z,29429,30470,29424,30164,99055.287,2970914098.2315
1681833600000,2023-04-18T16:00:00.000Z,30164,30451,29928,30193.5,53374.81,1613358767.907
1681876800000,2023-04-19T04:00:00.000Z,30193.5,30310,28926.5,29246.5,110320.68,3252718978.34
1681920000000,2023-04-19T16:00:00.000Z,29246.5,29363,28529,28835.5,86662.201,2511719804.5105
1681963200000,2023-04-20T04:00:00.000Z,28835.5,29068.5,28319,28494.5,82274.721,2366190492.8055
1682006400000,2023-04-20T16:00:00.000Z,28494.5,28641.5,27981,28306.5,77477.86,2191332129.9295
1682049600000,2023-04-21T04:00:00.000Z,28306.5,28335,27800.5,28030,80804.078,2269020586.78
1682092800000,2023-04-21T16:00:00.000Z,28030,28082,27122,27307.5,88325.213,2425513180.2485
1682136000000,2023-04-22T04:00:00.000Z,27307.5,27545,27177,27470.5,56857.428,1552840221.425
1682179200000,2023-04-22T16:00:00.000Z,27470.5,27868,27410,27546,62671.925,1731378283.4385
1682222400000,2023-04-23T04:00:00.000Z,27546,27748.5,27299.5,27453.5,60987.286,1681819248.4605
1682265600000,2023-04-23T16:00:00.000Z,27453.5,27980,27314,27771,67847.558,1873917617.786
1682308800000,2023-04-24T04:00:00.000Z,27771,27775,27142.5,27250,93087.777,2555182938.275
1682352000000,2023-04-24T16:00:00.000Z,27250,27576,26941.5,27331,70078.209,1916623440.5915
1682395200000,2023-04-25T04:00:00.000Z,27331,27455,27177,27323,65565.154,1792140445.2045
1682438400000,2023-04-25T16:00:00.000Z,27323,28458,27298,28291,94063.963,2634181591.148
1682481600000,2023-04-26T04:00:00.000Z,28291,30034.5,28285.5,29800,149058.069,4342484994.756
1682524800000,2023-04-26T16:00:00.000Z,29800,29886.5,27218,28866.5,172601.091,4929924776.2225
1682568000000,2023-04-27T04:00:00.000Z,28866.5,29562.5,28613,29124.5,106609.598,3089301489.7035
1682611200000,2023-04-27T16:00:00.000Z,29124.5,29879.5,28992,29404.5,88096.998,2596227146.11
1682654400000,2023-04-28T04:00:00.000Z,29404.5,29549.5,28867,29128.5,83984.718,2455472958.538
1682697600000,2023-04-28T16:00:00.000Z,29128.5,29420,29081,29323.5,53827.085,1575285723.6605
1682740800000,2023-04-29T04:00:00.000Z,29323.5,29425.5,29201,29255,44495.734,1303847646.27
1682784000000,2023-04-29T16:00:00.000Z,29255,29291.5,29012.5,29160.5,44914.159,1309985912.234
1682827200000,2023-04-30T04:00:00.000Z,29160.5,29941.5,29142,29637,66958.111,1969402645.0435
1682870400000,2023-04-30T16:00:00.000Z,29637,29847.5,28359.5,28554.5,87379.258,2547299652.359
1682913600000,2023-05-01T04:00:00.000Z,28554.5,28708,28048.5,28162,83691.75,2379318117.5595
1682956800000,2023-05-01T16:00:00.000Z,28162,28392.5,27647,28020.5,84621.546,2370983962.27
1683000000000,2023-05-02T04:00:00.000Z,28020.5,28748,27866.5,28514.5,91916.236,2591514894.3945
1683043200000,2023-05-02T16:00:00.000Z,28514.5,28866,28318,28502.5,66166.672,1891921162.8805
1683086400000,2023-05-03T04:00:00.000Z,28502.5,28749,28102.5,28297.5,77372.278,2200348014.544
1683129600000,2023-05-03T16:00:00.000Z,28297.5,29249.5,28193.5,29072.5,110114.146,3159215948.3375
1683172800000,2023-05-04T04:00:00.000Z,29072.5,29389,28665.5,28849,84670.852,2458019392.098
1683216000000,2023-05-04T16:00:00.000Z,28849,29535.5,28655,29195.5,67080.894,1945710668.3665
1683259200000,2023-05-05T04:00:00.000Z,29195.5,29425,28750,29337,87371.932,2544322777.5475
1683302400000,2023-05-05T16:00:00.000Z,29337,29837.5,29313,29369,70726.509,2088440468.7055
1683345600000,2023-05-06T04:00:00.000Z,29369,29428,28338.5,28560,86563.343,2510535227.5525
1683388800000,2023-05-06T16:00:00.000Z,28560,29126,28527,28785.5,56884.237,1639101732.0185
1683432000000,2023-05-07T04:00:00.000Z,28785.5,29075.5,28697,28927,52287.944,1509508880.048
1683475200000,2023-05-07T16:00:00.000Z,28927,29013.5,28008.5,28186,75739.263,2159632463.9645
1683518400000,2023-05-08T04:00:00.000Z,28186,28250,27567,27874,87092.942,2432014328.9915
1683561600000,2023-05-08T16:00:00.000Z,27874,27915,27250,27610,65115.298,1794478501.2695
1683604800000,2023-05-09T04:00:00.000Z,27610,27802,27361,27391.5,69871.571,1926740264.7125
1683648000000,2023-05-09T16:00:00.000Z,27391.5,27836,27330,27668.5,56896.69,1571087282.9125
1683691200000,2023-05-10T04:00:00.000Z,27668.5,28298,27468.5,28132.5,83833.318,2337766229.4905
1683734400000,2023-05-10T16:00:00.000Z,28132.5,28279,26730,27433.5,109670.609,3016568529.436
1683777600000,2023-05-11T04:00:00.000Z,27433.5,27622,26927.5,27162,83606.321,2285337796.2575
1683820800000,2023-05-11T16:00:00.000Z,27162,27205,26509,26581,80112.119,2153390441.032
1683864000000,2023-05-12T04:00:00.000Z,26581,26691,26106,26306,87142.04,2298191206.1185
1683907200000,2023-05-12T16:00:00.000Z,26306,26962.5,25788,26793.5,84235.99,2230006244.708
1683950400000,2023-05-13T04:00:00.000Z,26793.5,26888.5,26688,26804.5,46446.132,1243862283.579
1683993600000,2023-05-13T16:00:00.000Z,26804.5,27030,26558,26845.5,51772.216,1387735477.2745
1684036800000,2023-05-14T04:00:00.000Z,26845.5,27183.5,26730,27063.5,50874.818,1367781130.726
1684080000000,2023-05-14T16:00:00.000Z,27063.5,27292,26701.5,27209,60334.651,1627446573.285
1684123200000,2023-05-15T04:00:00.000Z,27209,27527,27162,27378,67993.996,1860094768.3165
1684166400000,2023-05-15T16:00:00.000Z,27378,27645,26835.5,27113,74092.418,2020192532.1875
1684209600000,2023-05-16T04:00:00.000Z,27113,27265.5,26884,27024,71633.85,1939638090.284
1684252800000,2023-05-16T16:00:00.000Z,27024,27224.5,26864.5,27055,53648.236,1450366289.895
1684296000000,2023-05-17T04:00:00.000Z,27055,27092,26523,26780,84275.222,2257276881.8195
1684339200000,2023-05-17T16:00:00.000Z,26780,27504.5,26727.5,27344,75883.297,2065060878.8425
1684382400000,2023-05-18T04:00:00.000Z,27344,27453.5,27007,27076.5,87298.651,2380199329.8915
1684425600000,2023-05-18T16:00:00.000Z,27076.5,27097.5,26340,26821.5,90847.022,2432766429.762
1684468800000,2023-05-19T04:00:00.000Z,26821.5,27165,26615,26862.5,72666.602,1952450848.671
1684512000000,2023-05-19T16:00:00.000Z,26862.5,26959,26760,26852.5,47046.483,1263298544.339
1684555200000,2023-05-20T04:00:00.000Z,26852.5,26956.5,26826,26926.5,37541.621,1008798652.304
1684598400000,2023-05-20T16:00:00.000Z,26926.5,27265,26899,27158.5,43468.856,1176593109.1215
1684641600000,2023-05-21T04:00:00.000Z,27158.5,27159,26756.5,26878,59555.087,1605388714.798
1684684800000,2023-05-21T16:00:00.000Z,26878,26916.5,26523,26638.5,53854.5,1439360976.991
1684728000000,2023-05-22T04:00:00.000Z,26638.5,27086,26628,26860,75788.064,2033619816.5855
1684771200000,2023-05-22T16:00:00.000Z,26860,27424,26761,27364.5,63415.232,1711579597.513
1684814400000,2023-05-23T04:00:00.000Z,27364.5,27499,27180.5,27316.5,62591.674,1710219525.7505
1684857600000,2023-05-23T16:00:00.000Z,27316.5,27328,26659,26779.5,70485.398,1909242097.3185
1684900800000,2023-05-24T04:00:00.000Z,26779.5,26822,26055.5,26298,99108.627,2628163651.0845
1684944000000,2023-05-24T16:00:00.000Z,26298,26475.5,25850.5,26170,66971.989,1756116799.7765
1684987200000,2023-05-25T04:00:00.000Z,26170,26477,26112.5,26212.5,70018.184,1839901001.7465
1685030400000,2023-05-25T16:00:00.000Z,26212.5,26615,26195,26419.5,52625.893,1389835189.5775
1685073600000,2023-05-26T04:00:00.000Z,26419.5,26919,26310.5,26734,71855.241,1908205704.846
1685116800000,2023-05-26T16:00:00.000Z,26734,26821,26594.5,26731.5,46298.783,1236661473.9745
1685160000000,2023-05-27T04:00:00.000Z,26731.5,26768,26530,26676,39980.875,1067003326.2005
1685203200000,2023-05-27T16:00:00.000Z,26676,27248,26605.5,27184,67019.523,1803284608.559
1685246400000,2023-05-28T04:00:00.000Z,27184,27351.5,27104,27268.5,55544.394,1510696815.7235
1685289600000,2023-05-28T16:00:00.000Z,27268.5,28450,27208.5,27955.5,95620.412,2663370668.738
1685332800000,2023-05-29T04:00:00.000Z,27955.5,28045,27580,27632.5,75240.095,2097211166.7405
1685376000000,2023-05-29T16:00:00.000Z,27632.5,27943,27527.5,27830.5,61151.352,1693731927.276
1685419200000,2023-05-30T04:00:00.000Z,27830.5,28045.5,27620,27676,81624.852,2271291336.3405
1685462400000,2023-05-30T16:00:00.000Z,27676,27858.5,27550,27662.5,58024.81,1608526986.8365
1685505600000,2023-05-31T04:00:00.000Z,27662.5,27679.5,26821,26895,105583.233,2863809667.863
1685548800000,2023-05-31T16:00:00.000Z,26895,27337.5,26595,26760.5,70150.544,1893219104.2015
1685592000000,2023-06-01T04:00:00.000Z,26760.5,26966,26736.5,26875,56072.291,1505865390.376
1685635200000,2023-06-01T16:00:00.000Z,26875,27163.5,26482.5,26981.5,77643.114,2085055794.0905
1685678400000,2023-06-02T04:00:00.000Z,26981.5,27233,26839,27081.5,71448.642,1932883770.4625
1685721600000,2023-06-02T16:00:00.000Z,27081.5,27281.5,26993.5,27122,54484.124,1478949171.0905
1685764800000,2023-06-03T04:00:00.000Z,27122,27317.5,27091,27283,46830.745,1271580687.4355
1685808000000,2023-06-03T16:00:00.000Z,27283,27300,26905,27047,46725.447,1265400888.8845
1685851200000,2023-06-04T04:00:00.000Z,27047,27280.5,27013.5,27162.5,45495.341,1235333696.975
1685894400000,2023-06-04T16:00:00.000Z,27162.5,27449.5,26784,26828,65963.618,1788627251.061
1685937600000,2023-06-05T04:00:00.000Z,26828,26856,25964,25977,91345.037,2432377982.468
1685980800000,2023-06-05T16:00:00.000Z,25977,26057.5,25367.5,25712.5,97810.205,2511368567.3695
1686024000000,2023-06-06T04:00:00.000Z,25712.5,26130,25330,26048,97466.046,2508348655.0915
1686067200000,2023-06-06T16:00:00.000Z,26048,27381,26045.5,26893.5,107368.751,2880866477.835
1686110400000,2023-06-07T04:00:00.000Z,26893.5,26962,26230,26325.5,114253.166,3044535503.461
1686153600000,2023-06-07T16:00:00.000Z,26325.5,26540,26107.5,26324,67613.477,1781535066.8295
1686196800000,2023-06-08T04:00:00.000Z,26324,26799,26270.5,26699,80664.365,2133459920.2765
1686240000000,2023-06-08T16:00:00.000Z,26699,26713,26254,26462.5,62725.326,1661757905.619
1686283200000,2023-06-09T04:00:00.000Z,26462.5,26761,26407,26463.5,65339.475,1735945906.872
1686326400000,2023-06-09T16:00:00.000Z,26463.5,26515.5,26250,26310.5,50450.079,1332998364.3805
1686369600000,2023-06-10T04:00:00.000Z,26310.5,26338,25444,25616.5,97560.097,2507084144.8235
1686412800000,2023-06-10T16:00:00.000Z,25616.5,26135,25335.5,25716.5,87712.196,2258291688.7815
1686456000000,2023-06-11T04:00:00.000Z,25716.5,25827,25617,25736,49890.278,1284150494.1495
1686499200000,2023-06-11T16:00:00.000Z,25736,26186,25596.5,25771.5,72028.349,1866257558.903
1686542400000,2023-06-12T04:00:00.000Z,25771.5,26085,25720,25808,60424.958,1563080111.1585
1686585600000,2023-06-12T16:00:00.000Z,25808,26141.5,25637,26044,64713.932,1676172253.3875
1686628800000,2023-06-13T04:00:00.000Z,26044,26411,25709,25745.5,93109.977,2427824703.1095
1686672000000,2023-06-13T16:00:00.000Z,25745.5,26037.5,25720.5,25965.5,49745.219,1287734758.8085
1686758400000,2023-06-14T16:00:00.000Z,25968.5,26088.5,24788,25054,97533.528,2475969516.64
1686801600000,2023-06-15T04:00:00.000Z,25054,25093,24776,24944,69380.238,1732729205.6295
1686844800000,2023-06-15T16:00:00.000Z,24944,25742.5,24920.5,25543,85274.551,2166874653.3955
1686888000000,2023-06-16T04:00:00.000Z,25543,25888,25153.5,25827.5,90422.877,2309750212.663
1686931200000,2023-06-16T16:00:00.000Z,25827.5,26495,25758.5,26259,83872.969,2199494677.3775
1686974400000,2023-06-17T04:00:00.000Z,26259,26893.5,26243.5,26407.5,84466.342,2243035337.8875
1687017600000,2023-06-17T16:00:00.000Z,26407.5,26597,26378,26543,46504.65,1232170746.575
1687060800000,2023-06-18T04:00:00.000Z,26543,26673.5,26434.5,26556,59793.783,1586744652.848
1687104000000,2023-06-18T16:00:00.000Z,26556,26712,26249,26400,58849.021,1558468668.899
1687147200000,2023-06-19T04:00:00.000Z,26400,26579.5,26349.5,26439,59327.995,1568701342.16
1687190400000,2023-06-19T16:00:00.000Z,26439,27175,26305,26888,97366.322,2606606034.475
1687233600000,2023-06-20T04:00:00.000Z,26888,27129,26650.5,27063,76108.539,2042881476.402
1687276800000,2023-06-20T16:00:00.000Z,27063,29092.5,26996,28715,156713.131,4394231466.2635
1687320000000,2023-06-21T04:00:00.000Z,28715,30019,28682.5,29846.5,123605.541,3603390046.656
1687363200000,2023-06-21T16:00:00.000Z,29846.5,30820,29764,30299.5,118954.695,3590136817.482
1687406400000,2023-06-22T04:00:00.000Z,30299.5,30361.5,29536,29847,96473.087,2898977362.693
1687449600000,2023-06-22T16:00:00.000Z,29847,30260,29804.5,30010,60908.275,1828295175.3255
1687492800000,2023-06-23T04:00:00.000Z,30010,31469,29914.5,31243.5,95631.06,2903876424.443
1687536000000,2023-06-23T16:00:00.000Z,31243.5,31435.5,30409.5,30729,85775.789,2649039982.9925
1687579200000,2023-06-24T04:00:00.000Z,30729,30805.5,30318,30404.5,53775.835,1647372374.241
1687622400000,2023-06-24T16:00:00.000Z,30404.5,30786.5,30260,30752,45968.786,1404732938.4415
1687665600000,2023-06-25T04:00:00.000Z,30752,31050,30460,30585,57423.066,1764536581.9025
1687708800000,2023-06-25T16:00:00.000Z,30585,30655.5,29965,30294,56652.163,1720748293.1045
1687752000000,2023-06-26T04:00:00.000Z,30294,30670,30131.5,30418,70994.735,2156515869.127
1687795200000,2023-06-26T16:00:00.000Z,30418,30495,29926,30370,56650.413,1712007391.3565
1687838400000,2023-06-27T04:00:00.000Z,30370,31006.5,30240,30503.5,86350.625,2640376851.927
1687881600000,2023-06-27T16:00:00.000Z,30503.5,30767.5,30346,30455.5,52021.652,1591964222.297
1687924800000,2023-06-28T04:00:00.000Z,30455.5,30492,30011,30411.5,70064.131,2121736907.8955
1687968000000,2023-06-28T16:00:00.000Z,30411.5,30464.5,29832,30155,58480.435,1761628774.3885
1688011200000,2023-06-29T04:00:00.000Z,30155,30843,30117.5,30477.5,77616.497,2367201145.4915
1688054400000,2023-06-29T16:00:00.000Z,30477.5,30882,30236,30743.5,59343.776,1811771970.2925
1688097600000,2023-06-30T04:00:00.000Z,30743.5,31304.5,29455,30042.5,123351.446,3770039110.2585
1688140800000,2023-06-30T16:00:00.000Z,30042.5,30720,29905.5,30381,64590.606,1963861471.7325
1688184000000,2023-07-01T04:00:00.000Z,30381,30653.5,30302.5,30563,48851.478,1488672559.401
1688227200000,2023-07-01T16:00:00.000Z,30563,30649.5,30459.5,30496,33748.533,1031650327.1795
1688270400000,2023-07-02T04:00:00.000Z,30496,30616.5,30142,30480,41818.283,1274727535.3725
1688313600000,2023-07-02T16:00:00.000Z,30480,30781.5,30348.5,30739,47716.5,1459967404.4085
1688356800000,2023-07-03T04:00:00.000Z,30739,31175.5,30551,31070.5,60856.355,1870007920.444
1688400000000,2023-07-03T16:00:00.000Z,31070.5,31398,30822.5,31197,67029.962,2087243057.4245
1688443200000,2023-07-04T04:00:00.000Z,31197,31214.5,30867,30969.5,55152.049,1710222084.1
1688486400000,2023-07-04T16:00:00.000Z,30969.5,31137.5,30615.5,30866,49347.863,1521836965.65
1688529600000,2023-07-05T04:00:00.000Z,30866,30869,30172.5,30337.5,70306.544,2146489988.3975
1688572800000,2023-07-05T16:00:00.000Z,30337.5,30573,30307.5,30471.5,49334.969,1502160120.657
1688616000000,2023-07-06T04:00:00.000Z,30471.5,31556,29860,30383,128798.814,3958163619.72
1688659200000,2023-07-06T16:00:00.000Z,30383,30445,29688,30116.5,62391.521,1879378196.762
1688702400000,2023-07-07T04:00:00.000Z,30116.5,30418.5,29914,30367.5,63945.417,1928927211.6585
1688745600000,2023-07-07T16:00:00.000Z,30367.5,30435,30091,30258.5,45008.731,1362149202.207
1688788800000,2023-07-08T04:00:00.000Z,30258.5,30291.5,30126.5,30184,41595.97,1256074332.9065
1688832000000,2023-07-08T16:00:00.000Z,30184,30384.5,30020,30267.5,38400.876,1160410911.0965
1688875200000,2023-07-09T04:00:00.000Z,30267.5,30434,30161.5,30324.5,43180.759,1307064894.6565
1688918400000,2023-07-09T16:00:00.000Z,30324.5,30325,29925.5,30136,53273.201,1606035712.167
1688961600000,2023-07-10T04:00:00.000Z,30136,30345,29975,30287,55786.703,1682461934.337
1689004800000,2023-07-10T16:00:00.000Z,30287,31036,30177.5,30462.5,72245.731,2205409271.178
1689048000000,2023-07-11T04:00:00.000Z,30462.5,30799.5,30270.5,30574.5,70743.774,2155296233.1365
1689091200000,2023-07-11T16:00:00.000Z,30574.5,30672.5,30381.5,30583,50536.674,1543680921.8165
1689134400000,2023-07-12T04:00:00.000Z,30583,30980,30462,30511.5,85588.712,2628173339.2875
1689177600000,2023-07-12T16:00:00.000Z,30511.5,30522.5,30183,30277.5,53635,1628409277.213
1689220800000,2023-07-13T04:00:00.000Z,30277.5,31199,30233.5,30911,75609.297,2311607563.104
1689264000000,2023-07-13T16:00:00.000Z,30911,31844,30715.5,31454.5,94004.148,2942581157.8915
1689307200000,2023-07-14T04:00:00.000Z,31454.5,31467.5,31055.5,31247.5,60395.736,1886662190.395
1689350400000,2023-07-14T16:00:00.000Z,31247.5,31278.5,29871,30268.5,89385.711,2718335610.966
1689393600000,2023-07-15T04:00:00.000Z,30268.5,30351.5,30228.5,30280,48922.211,1481905156.4095
1689436800000,2023-07-15T16:00:00.000Z,30280,30333,30038,30167,48927.023,1480135524.114
1689480000000,2023-07-16T04:00:00.000Z,30167,30425,30118,30356.5,41952.261,1269860963.091
1689523200000,2023-07-16T16:00:00.000Z,30356.5,30380.5,30103,30287.5,48660.44,1472958797.0365
1689566400000,2023-07-17T04:00:00.000Z,30287.5,30301,29936,30156,61246.798,1848518376.631
1689609600000,2023-07-17T16:00:00.000Z,30156,30268,29634,30065,69022.157,2071753046.701
1689652800000,2023-07-18T04:00:00.000Z,30065,30102.5,29676.5,29891.5,70304.93,2103932298.2335
1689696000000,2023-07-18T16:00:00.000Z,29891.5,30058,29470,30036.5,64578.551,1926854470.316
1689739200000,2023-07-19T04:00:00.000Z,30036.5,30177,29742.5,29935,66498.74,1992886102.5705
1689782400000,2023-07-19T16:00:00.000Z,29935,30085.5,29816,29940.5,53568.436,1603929876.449
1689825600000,2023-07-20T04:00:00.000Z,29940.5,30399,29596,29785.5,82244.907,2474760350.399
1689868800000,2023-07-20T16:00:00.000Z,29785.5,29935,29540,29878,55609.519,1655684444.043
1689912000000,2023-07-21T04:00:00.000Z,29878,29889,29705,29844,51119.738,1523592013.387
1689955200000,2023-07-21T16:00:00.000Z,29844,30039.5,29753.5,29882,45855.088,1370870195.496
1689998400000,2023-07-22T04:00:00.000Z,29882,29971.5,29807.5,29879,39730.393,1186876988.645
1690041600000,2023-07-22T16:00:00.000Z,29879,29890,29606,29826.5,41122.442,1225343518.4235
1690084800000,2023-07-23T04:00:00.000Z,29826.5,29960,29825.5,29876.5,40261.15,1203219800.349
1690128000000,2023-07-23T16:00:00.000Z,29876.5,30333.5,29653,29700,71387.135,2140055692.1605
1690171200000,2023-07-24T04:00:00.000Z,29700,29851.5,28848.5,29081.5,84567.956,2480230621.291
1690214400000,2023-07-24T16:00:00.000Z,29081.5,29187,28981,29092,47628.022,1386222667.673
1690257600000,2023-07-25T04:00:00.000Z,29092,29324.5,29051.5,29161.5,58237.432,1698094431.6325
1690300800000,2023-07-25T16:00:00.000Z,29161.5,29398,29075,29230,44498.852,1299995939.6775
1690344000000,2023-07-26T04:00:00.000Z,29230,29335.5,29138,29298.5,45654.393,1334010508.092
1690387200000,2023-07-26T16:00:00.000Z,29298.5,29660,29171.5,29397.5,70205.509,2063325717.21
1690430400000,2023-07-27T04:00:00.000Z,29397.5,29564,29217,29270.5,53245.859,1567026250.2275
1690473600000,2023-07-27T16:00:00.000Z,29270.5,29317,29059.5,29230.5,55767.032,1628281349.84
1690516800000,2023-07-28T04:00:00.000Z,29230.5,29529,29107.5,29367.5,57761.819,1690279828.016
1690560000000,2023-07-28T16:00:00.000Z,29367.5,29384,29180,29348,40410.658,1184142641.9625
1690603200000,2023-07-29T04:00:00.000Z,29348,29384,29230,29276,34645.11,1014951136.6215
1690646400000,2023-07-29T16:00:00.000Z,29276,29358.5,29272,29296.5,33620.745,985560964.1505
1690689600000,2023-07-30T04:00:00.000Z,29296.5,29430,29215,29325,43447.788,1273142948.3525
1690732800000,2023-07-30T16:00:00.000Z,29325,29510,29013.5,29395,60768.692,1780472994.9705
1690776000000,2023-07-31T04:00:00.000Z,29395,29452.5,29205,29227.5,54238.937,1592189847.936
1690819200000,2023-07-31T16:00:00.000Z,29227.5,29324.5,28695.5,28822.5,67438.323,1963228475.7025
1690862400000,2023-08-01T04:00:00.000Z,28822.5,28976,28559.5,28934.5,61063.775,1762142274.309
1690905600000,2023-08-01T16:00:00.000Z,28934.5,30043.5,28841,29633.5,99179.535,2919281141.206
1690948800000,2023-08-02T04:00:00.000Z,29633.5,29720,29155,29309.5,71827.202,2116271934.7955
1690992000000,2023-08-02T16:00:00.000Z,29309.5,29349,28907,29161.5,61875.837,1803248330.269
1691035200000,2023-08-03T04:00:00.000Z,29161.5,29414,28951,29238.5,64309.167,1875227061.9885
1691078400000,2023-08-03T16:00:00.000Z,29238.5,29353.5,29077,29143,49283.335,1439819264.958
1691121600000,2023-08-04T04:00:00.000Z,29143,29310,29107,29247.5,51236.593,1495627865.7335
1691164800000,2023-08-04T16:00:00.000Z,29247.5,29264.5,28781,29074.5,55454.09,1611995324.4445
1691208000000,2023-08-05T04:00:00.000Z,29074.5,29081,28969,29023,35685.518,1036258697.345
1691251200000,2023-08-05T16:00:00.000Z,29023,29085.5,28989,29045,34695.592,1007775232.523
1691294400000,2023-08-06T04:00:00.000Z,29045,29121.5,28972.5,28997,34623.399,1005733220.262
1691337600000,2023-08-06T16:00:00.000Z,28997,29205,28985.5,29139.5,40520.238,1179024636.8945
1691380800000,2023-08-07T04:00:00.000Z,29139.5,29177,28784,28849.5,54765.661,1590098051.0345
1691424000000,2023-08-07T16:00:00.000Z,28849.5,29260,28691,29173,63407.119,1843461373.9005
1691467200000,2023-08-08T04:00:00.000Z,29173,29674.5,29154,29532,77011.782,2261492146.1315
1691510400000,2023-08-08T16:00:00.000Z,29532,30244,29529,29719.5,83599.016,2493141360.233
1691553600000,2023-08-09T04:00:00.000Z,29719.5,30139.5,29672,29760,61626.011,1838630718.0975
1691596800000,2023-08-09T16:00:00.000Z,29760,29775.5,29362,29562,61516.261,1817877104.0195
1691640000000,2023-08-10T04:00:00.000Z,29562,29737,29380,29445,58101.98,1715749225.6305
1691683200000,2023-08-10T16:00:00.000Z,29445,29479.5,29317.5,29395,44406.578,1306599006.3985
1691726400000,2023-08-11T04:00:00.000Z,29395,29550,29336,29380,50745.715,1493016762.8225
1691769600000,2023-08-11T16:00:00.000Z,29380,29439,29231,29382,37374.965,1097852692.5335
1691812800000,2023-08-12T04:00:00.000Z,29382,29435,29370.5,29415.5,29707.431,873394543.5425
1691856000000,2023-08-12T16:00:00.000Z,29415.5,29461.5,29382.5,29405.5,27773.153,817030001.311
1691899200000,2023-08-13T04:00:00.000Z,29405.5,29405.5,29341.5,29364,29215.957,858402876.309
1691942400000,2023-08-13T16:00:00.000Z,29364,29456,29081,29380,49690.626,1456518378.889
1691985600000,2023-08-14T04:00:00.000Z,29380,29650,29324,29579.5,49865.879,1468015271.558
1692028800000,2023-08-14T16:00:00.000Z,29579.5,29675,29240,29386.5,50866.477,1496527627.777
1692072000000,2023-08-15T04:00:00.000Z,29386.5,29478.5,29295.5,29320,45475.029,1336163528.8625
1692115200000,2023-08-15T16:00:00.000Z,29320,29359.5,29065.5,29219.5,50562.314,1477892977.178
1692158400000,2023-08-16T04:00:00.000Z,29219.5,29230,29032,29095.5,53715.186,1565802851.912
1692201600000,2023-08-16T16:00:00.000Z,29095.5,29229,28312.5,28650,85256.089,2458903769.327
1692244800000,2023-08-17T04:00:00.000Z,28650,28698,27862.5,27920.5,84179.22,2391278582.9495
1692288000000,2023-08-17T16:00:00.000Z,27920.5,28073,24258,26381,144861.898,3885147875.0255
1692331200000,2023-08-18T04:00:00.000Z,26381,26590,25910,25983.5,81848.788,2155193614.7455
1692374400000,2023-08-18T16:00:00.000Z,25983.5,26292.5,25587,25949.5,68762.838,1787798402.929
1692417600000,2023-08-19T04:00:00.000Z,25949.5,26208.5,25781.5,26199,55984.621,1451857307.9655
1692460800000,2023-08-19T16:00:00.000Z,26199,26262,26014,26087,40970.603,1069278352.879
1692504000000,2023-08-20T04:00:00.000Z,26087,26197.5,25950,26086.5,44891.51,1171577429.8395
1692547200000,2023-08-20T16:00:00.000Z,26086.5,26282.5,25983.5,26071.5,38882.565,1015851501.9735
1692590400000,2023-08-21T04:00:00.000Z,26071.5,26184,25791,25920,59626.843,1551155169.555
1692633600000,2023-08-21T16:00:00.000Z,25920,26237.5,25918.5,26039,48922.967,1275047098.174
1692676800000,2023-08-22T04:00:00.000Z,26039,26095,25902,25925,48379.658,1258999600.7
1692720000000,2023-08-22T16:00:00.000Z,25925,26175,25299,25988,82015.755,2121814203.271
1692763200000,2023-08-23T04:00:00.000Z,25988,26176,25796.5,26126.5,67452.27,1753581638.8805
1692806400000,2023-08-23T16:00:00.000Z,26126.5,26816,26105.5,26438,86393.451,2287158295.0485
1692849600000,2023-08-24T04:00:00.000Z,26438,26578,25969.5,25977.5,71819.736,1892098489.6895
1692892800000,2023-08-24T16:00:00.000Z,25977.5,26185.5,25834,26085,54794.457,1428085830.261
1692936000000,2023-08-25T04:00:00.000Z,26085,26293,25756,25911,68393.38,1780548324.3745
1692979200000,2023-08-25T16:00:00.000Z,25911,26103,25813,26068.5,50720.602,1318213472.9245
1693022400000,2023-08-26T04:00:00.000Z,26068.5,26070.5,25971,26032,35829.977,932518006.524
1693065600000,2023-08-26T16:00:00.000Z,26032,26039.5,25955,26005,28137.274,731677982.335
1693108800000,2023-08-27T04:00:00.000Z,26005,26167.5,26002.5,26103.5,33626.355,876367149.0255
1693152000000,2023-08-27T16:00:00.000Z,26103.5,26162,25970,26000,38650.693,1007562099.4895
1693195200000,2023-08-28T04:00:00.000Z,26000,26231,25850,26082.5,54854.62,1427417820.0235
1693238400000,2023-08-28T16:00:00.000Z,26082.5,26185,25894.5,26065,49417.67,1288161861.143
1693281600000,2023-08-29T04:00:00.000Z,26065,27680.5,25903.5,27419,112003.284,2987645424.874
1693324800000,2023-08-29T16:00:00.000Z,27419,28150,27287,27396.5,94497.983,2620191591.105
1693368000000,2023-08-30T04:00:00.000Z,27396.5,27502,27007,27200,54991.623,1503209910.6875
1693411200000,2023-08-30T16:00:00.000Z,27200,27336,27065.5,27217.5,30746.418,836929346.215
1693454400000,2023-08-31T04:00:00.000Z,27217.5,27562.5,26799,26921,67130.715,1825470721.606
1693497600000,2023-08-31T16:00:00.000Z,26921,26922.5,25632,26060,92873.975,2432645005.335
1693540800000,2023-09-01T04:00:00.000Z,26060,26136.5,25560,25809,62137.944,1611436742.393
1693584000000,2023-09-01T16:00:00.000Z,25809,25959,25322,25783,65229.07,1676399166.3685
1693627200000,2023-09-02T04:00:00.000Z,25783,25965.5,25747.5,25873.5,38865.238,1003302075.161
1693670400000,2023-09-02T16:00:00.000Z,25873.5,25919,25747,25841.5,28667.644,740597781.293
1693713600000,2023-09-03T04:00:00.000Z,25841.5,26072,25812.5,25871,32727.464,847686787.3495
1693756800000,2023-09-03T16:00:00.000Z,25871,26124.5,25800.5,25967.5,37572.959,974734320.9485
1693800000000,2023-09-04T04:00:00.000Z,25967.5,25998,25705.5,25797,40976.183,1060506149.7945
1693843200000,2023-09-04T16:00:00.000Z,25797,25928,25547,25671.5,37453.117,964794639.942
1693886400000,2023-09-05T04:00:00.000Z,25671.5,25888,25611,25739.5,51264.492,1318706993.883
1693929600000,2023-09-05T16:00:00.000Z,25739.5,25849.5,25652,25766.5,41042.35,1056842977.8725
1693972800000,2023-09-06T04:00:00.000Z,25766.5,25775,25521,25568,41666.206,1070577489.2565
1694016000000,2023-09-06T16:00:00.000Z,25568,26032,25350.5,25815,54228.255,1393435539.045
1694059200000,2023-09-07T04:00:00.000Z,25815,25828.5,25597.5,25762,37764.054,971470696.5505
1694102400000,2023-09-07T16:00:00.000Z,25762,26445,25757,26251,57718.691,1509124308.7595
1694145600000,2023-09-08T04:00:00.000Z,26251,26382,25644.5,25839,54921.604,1427672755.85
1694188800000,2023-09-08T16:00:00.000Z,25839,25930.5,25721,25871,27084.957,700113022.946
1694232000000,2023-09-09T04:00:00.000Z,25871,25928.5,25793.5,25889,20150.69,521186208.4125
1694275200000,2023-09-09T16:00:00.000Z,25889,25947,25825.5,25862.5,19377.834,501363101.841
1694318400000,2023-09-10T04:00:00.000Z,25862.5,25862.5,25698.5,25759,27249.12,703035160.9805
1694361600000,2023-09-10T16:00:00.000Z,25759,26020,25548,25720,46037.621,1185870245.3625
1694448000000,2023-09-11T16:00:00.000Z,25096,25939,24875.5,25780,76008.074,1922496981.289
1694491200000,2023-09-12T04:00:00.000Z,25780,26391,25595.5,26191,85329.389,2216411125.6955
1694534400000,2023-09-12T16:00:00.000Z,26191,26560.5,25759.5,25878.5,70169.942,1826838905.818
1694577600000,2023-09-13T04:00:00.000Z,25878.5,26386,25846,26236,74401.906,1941802315.903
1694620800000,2023-09-13T16:00:00.000Z,26236,26545.5,26048,26260,64206.281,1685793465.444
1694664000000,2023-09-14T04:00:00.000Z,26260,26799.4,26158.5,26687.9,73264.849,1938417334.8623
1694707200000,2023-09-14T16:00:00.000Z,26687.9,26858.3,26446.7,26609.9,46264.924,1230307876.2803
1694750400000,2023-09-15T04:00:00.000Z,26609.9,26688.3,26220,26318.5,53069.083,1405945322.4104
1694793600000,2023-09-15T16:00:00.000Z,26318.5,26889.5,26310.9,26611.2,41420.929,1100195195.002
1694836800000,2023-09-16T04:00:00.000Z,26611.2,26615,26449.7,26502.7,45311.824,1201843794.4952
1694880000000,2023-09-16T16:00:00.000Z,26502.7,26620.2,26410,26520.9,36720.808,974050176.4817
1694923200000,2023-09-17T04:00:00.000Z,26520.9,26617.5,26489.1,26543.4,25138.518,667422760.9819
1694966400000,2023-09-17T16:00:00.000Z,26543.4,26743.6,26380,26654.7,36256.946,961768145.1099
1695009600000,2023-09-18T04:00:00.000Z,26654.7,27406.5,26561.8,27263.2,87301.234,2359334993.048
1695052800000,2023-09-18T16:00:00.000Z,27263.2,27304.8,26625.7,26815.9,62076.971,1666104316.7802
1695096000000,2023-09-19T04:00:00.000Z,26815.9,27478.4,26750,27419.7,82103.798,2227203073.9033
1695139200000,2023-09-19T16:00:00.000Z,27419.7,27478.4,26988.5,27117.9,47742.788,1298510523.8305
1695182400000,2023-09-20T04:00:00.000Z,27117.9,27235.6,26935.5,27178.2,49875.518,1350932294.919
1695225600000,2023-09-20T16:00:00.000Z,27178.2,27299,26784.3,27033.4,56444.672,1528015525.4632
1695268800000,2023-09-21T04:00:00.000Z,27033.4,27097.4,26361,26566.2,57974.552,1547450332.8614
1695312000000,2023-09-21T16:00:00.000Z,26566.2,26675,26448.5,26607.3,23601.961,627245504.33
1695355200000,2023-09-22T04:00:00.000Z,26607.3,26740,26557,26627.5,27959.642,744761927.6768
1695398400000,2023-09-22T16:00:00.000Z,26627.5,26640.3,26480.5,26528.1,16533.137,439236960.4574
1695441600000,2023-09-23T04:00:00.000Z,26528.1,26586.9,26505.1,26574.9,12510.657,332229264.9195
1695484800000,2023-09-23T16:00:00.000Z,26574.9,26628,26553.3,26566.2,10055.26,267306916.5166
1695528000000,2023-09-24T04:00:00.000Z,26566.2,26619,26544.4,26573.7,11211.412,297957263.0616
1695571200000,2023-09-24T16:00:00.000Z,26573.7,26735,25971,26139.4,51263.064,1349913391.4081
1695614400000,2023-09-25T04:00:00.000Z,26139.4,26281.1,25985.4,26219.3,33332.232,870515203.2132
1695657600000,2023-09-25T16:00:00.000Z,26219.3,26431.6,26197.8,26340,25525.807,671479539.1998
1695700800000,2023-09-26T04:00:00.000Z,26340,26351.1,26073,26108.4,30663.763,803736470.2074
1695744000000,2023-09-26T16:00:00.000Z,26108.4,26279.9,26078.8,26259.2,24253.21,635435599.5604
1695787200000,2023-09-27T04:00:00.000Z,26259.2,26874.1,26158.8,26300.7,68085.819,1803314631.611
1695830400000,2023-09-27T16:00:00.000Z,26300.7,26552,26107.9,26374.4,27521.568,724704765.6131
1695873600000,2023-09-28T04:00:00.000Z,26374.4,27078.6,26341.3,27011.3,44823.073,1194470831.3249
1695916800000,2023-09-28T16:00:00.000Z,27011.3,27316.2,26847.3,26954.5,45672.043,1236402922.5314
1695960000000,2023-09-29T04:00:00.000Z,26954.5,27244.6,26668,26884.3,44737.193,1206014124.6299
1696003200000,2023-09-29T16:00:00.000Z,26884.3,26983.5,26743.5,26910.3,17253.755,463858511.6426
1696046400000,2023-09-30T04:00:00.000Z,26910.3,27089.1,26900,26992.5,15293.508,412372219.8642
1696089600000,2023-09-30T16:00:00.000Z,26992.5,27078.3,26941.6,27044.7,12619.196,340837158.7432
1696132800000,2023-10-01T04:00:00.000Z,27044.7,27287.8,27017.8,27148.6,24735.23,671606345.6927
1696176000000,2023-10-01T16:00:00.000Z,27148.6,28340,27026.2,28121.9,42185.087,1170827556.0715
1696219200000,2023-10-02T04:00:00.000Z,28121.9,28598.8,27926.1,28032.8,64185.884,1814521756.3313
1696262400000,2023-10-02T16:00:00.000Z,28032.8,28119.5,27270,27601.4,46738.198,1295614920.643
1696305600000,2023-10-03T04:00:00.000Z,27601.4,27668.5,27235,27339.1,35257.927,968456512.62
1696348800000,2023-10-03T16:00:00.000Z,27339.1,27510.1,27155,27427.2,33081.774,904997070.2091
1696392000000,2023-10-04T04:00:00.000Z,27427.2,27640.5,27325.2,27399.3,31350.409,861395748.677
1696435200000,2023-10-04T16:00:00.000Z,27399.3,27896.6,27398.2,27650,32407.757,897085943.4751
1696478400000,2023-10-05T04:00:00.000Z,27650,28119.2,27400,27552.3,57908.264,1609045684.5977
1696521600000,2023-10-05T16:00:00.000Z,27552.3,27613.5,27351,27553.5,28667.098,787513826.782
1696564800000,2023-10-06T04:00:00.000Z,27553.5,28047.9,27166,27936.8,64996.154,1794548320.4299
1696608000000,2023-10-06T16:00:00.000Z,27936.8,28305.9,27781.6,27900,40724.571,1138916791.1988
1696651200000,2023-10-07T04:00:00.000Z,27900,28020,27872.2,27934.5,18776.239,524547081.5021
1696694400000,2023-10-07T16:00:00.000Z,27934.5,28086.5,27840.4,28056.2,19455.154,543969031.9655
1696737600000,2023-10-08T04:00:00.000Z,28056.2,28066.2,27681.3,27892.2,28856.952,804544560.0014
1696780800000,2023-10-08T16:00:00.000Z,27892.2,27985.6,27792.1,27920.4,17777.601,495922537.0635
1696824000000,2023-10-09T04:00:00.000Z,27920.4,27941.6,27350.5,27423.5,43925.245,1211190139.4644
1696867200000,2023-10-09T16:00:00.000Z,27423.5,27725,27245,27612.9,35359.542,973319512.873
1696910400000,2023-10-10T04:00:00.000Z,27612.9,27732.2,27318.1,27388.5,40111.654,1103637677.2608
1696953600000,2023-10-10T16:00:00.000Z,27388.5,27491.5,26989.9,26993.1,33329.237,908968073.5425
1696996800000,2023-10-11T04:00:00.000Z,26993.1,27315.5,26710,26763.9,50873.544,1376607323.5737
1697040000000,2023-10-11T16:00:00.000Z,26763.9,26926.8,26520,26827.8,39348.699,1051226041.4209
1697083200000,2023-10-12T04:00:00.000Z,26827.8,26900.8,26603.6,26655.8,34300.972,917826521.8497
1697126400000,2023-10-12T16:00:00.000Z,26655.8,26856.4,26531,26761.7,23920.673,638837769.3281
1697169600000,2023-10-13T04:00:00.000Z,26761.7,26947.9,26667.6,26689.4,28742.868,770601875.0546
1697212800000,2023-10-13T16:00:00.000Z,26689.4,27110.4,26666,26909.7,30463.929,818740610.2307
1697256000000,2023-10-14T04:00:00.000Z,26909.7,26922.7,26828,26922,15772.686,423745357.9482
1697299200000,2023-10-14T16:00:00.000Z,26922,26929.5,26771,26861.5,17768.653,477036116.5669
1697342400000,2023-10-15T04:00:00.000Z,26861.5,26945,26791,26878.3,17298.095,464610734.5524
1697385600000,2023-10-15T16:00:00.000Z,26878.3,27272,26871.7,27213.1,34574.487,937326315.029
1697428800000,2023-10-16T04:00:00.000Z,27213.1,30625.1,27170.2,28066.5,124836.344,3531619868.4875
1697472000000,2023-10-16T16:00:00.000Z,28066.5,28806.6,28065.6,28264.3,43677.847,1240278147.2205
1697515200000,2023-10-17T04:00:00.000Z,28264.3,28610,28064,28453.8,53021.223,1503153797.2024
1697558400000,2023-10-17T16:00:00.000Z,28453.8,28604,28301.8,28504,25929.801,737462272.0396
1697601600000,2023-10-18T04:00:00.000Z,28504,28995,28135,28239.9,55302.511,1575864037.3013
1697644800000,2023-10-18T16:00:00.000Z,28239.9,28431,28107.7,28254.1,27716.219,784040564.3235
1697688000000,2023-10-19T04:00:00.000Z,28254.1,28808.4,28224.7,28671.3,45464.387,1295553503.9388
1697731200000,2023-10-19T16:00:00.000Z,28671.3,29410,28455.9,29231.8,53549.81,1544330104.9887
1697774400000,2023-10-20T04:00:00.000Z,29231.8,30262.9,29120.6,29550.5,85817.674,2543654526.0046
1697817600000,2023-10-20T16:00:00.000Z,29550.5,29783.5,29317.2,29600.1,25628.908,757585046.1566
1697860800000,2023-10-21T04:00:00.000Z,29600.1,29982.2,29539,29926.8,34229.221,1018643559.2227
1697904000000,2023-10-21T16:00:00.000Z,29926.8,30381.8,29836.2,29906.1,40067.213,1203082264.4676
1697947200000,2023-10-22T04:00:00.000Z,29906.1,30256,29622.8,29823.5,33159.377,992147949.4117
1697990400000,2023-10-22T16:00:00.000Z,29823.5,30817,29710.7,30738.8,42888.797,1294916967.155
1698033600000,2023-10-23T04:00:00.000Z,30738.8,30990,30349.1,30873.7,65960.227,2023972281.6139
1698076800000,2023-10-23T16:00:00.000Z,30873.7,35929.3,30623.1,34061.9,165480.218,5440889879.8131
1698120000000,2023-10-24T04:00:00.000Z,34061.9,34876.7,33240,33664.3,90268.841,3082846338.271
1698163200000,2023-10-24T16:00:00.000Z,33664.3,34385.3,33369.7,33999.1,52685.563,1787605688.7697
1698206400000,2023-10-25T04:00:00.000Z,33999.1,35028,33670.9,34831.8,63492.046,2178660362.3569
1698249600000,2023-10-25T16:00:00.000Z,34831.8,35139.6,34240,34784.3,41231.837,1429114870.4853
1698292800000,2023-10-26T04:00:00.000Z,34784.3,34806.1,33850,34041.6,60794.979,2084729445.4064
1698336000000,2023-10-26T16:00:00.000Z,34041.6,34277.9,33744.3,34114.4,31550.487,1073503858.6782
1698379200000,2023-10-27T04:00:00.000Z,34114.4,34242.4,33815.9,33995.8,35718.751,1216365661.8613
1698422400000,2023-10-27T16:00:00.000Z,33995.8,34150,33354.8,34055.3,33192.811,1120707642.0316
1698465600000,2023-10-28T04:00:00.000Z,34055.3,34521.8,33926.5,34188.8,24832.203,847649798.5074
1698508800000,2023-10-28T16:00:00.000Z,34188.8,34220.4,33950.4,33974.9,12184.578,415312322.0561
1698552000000,2023-10-29T04:00:00.000Z,33974.9,34557.7,33929.8,34435.7,24444.323,838192735.4745
1698595200000,2023-10-29T16:00:00.000Z,34435.7,34754,34171.6,34267.7,28151.466,971354606.7564
1698638400000,2023-10-30T04:00:00.000Z,34267.7,34870,34110.2,34655.5,42641.959,1471918049.0556
1698681600000,2023-10-30T16:00:00.000Z,34655.5,34655.5,34051.6,34208.5,29571.6,1016364944.3077
1698724800000,2023-10-31T04:00:00.000Z,34208.5,34542.9,34026.8,34278.7,34294.447,1175978996.8264
1698768000000,2023-10-31T16:00:00.000Z,34278.7,34729.4,34231,34426.5,23215.734,801190969.8954
1698811200000,2023-11-01T04:00:00.000Z,34426.5,35218,34061.2,34290.5,50654.604,1750888713.5887
1698854400000,2023-11-01T16:00:00.000Z,34290.5,35986,34283.3,35572.5,67006.018,2358040952.5085
1698897600000,2023-11-02T04:00:00.000Z,35572.5,35608.4,34534.3,34638,46252.313,1624109393.9827
1698940800000,2023-11-02T16:00:00.000Z,34638,35094.9,34291.2,34676.2,36180.518,1255458993.419
1698984000000,2023-11-03T04:00:00.000Z,34676.2,34841.1,34118.8,34747.6,43878.987,1511713609.1858
1699027200000,2023-11-03T16:00:00.000Z,34747.6,34816.4,34313.5,34699.7,22064.743,763047410.0042
1699070400000,2023-11-04T04:00:00.000Z,34699.7,35057.9,34580,34706.1,28636.829,995161386.7637
1699113600000,2023-11-04T16:00:00.000Z,34706.1,35314.6,34682.4,35272.4,27562.703,964299010.053
1699156800000,2023-11-05T04:00:00.000Z,35272.4,35311.3,34755,34887.5,24570.951,861221552.7141
1699200000000,2023-11-05T16:00:00.000Z,34887.5,35404.9,34408,34981.1,32065.245,1121439011.835
1699243200000,2023-11-06T04:00:00.000Z,34981.1,35274.7,34735.7,35075.6,33914.119,1188441730.916
1699286400000,2023-11-06T16:00:00.000Z,35075.6,35153.7,34802.8,34922.9,23317.837,815378870.0343
1699329600000,2023-11-07T04:00:00.000Z,34922.9,34988.6,34519,34718.9,33288.391,1157265628.6565
1699372800000,2023-11-07T16:00:00.000Z,34718.9,35904.9,34556.6,35279.9,48975.133,1730102526.2319
1699416000000,2023-11-08T04:00:00.000Z,35279.9,35468,35089.6,35224.5,26509.439,935630160.8425
1699459200000,2023-11-08T16:00:00.000Z,35224.5,36677.5,35188.3,36448.2,64644.176,2317499630.0207
1699502400000,2023-11-09T04:00:00.000Z,36448.2,38092.1,36412.4,37129.6,93930.937,3486405078.4165
1699545600000,2023-11-09T16:00:00.000Z,37129.6,37260.5,35568.1,36744.2,67938.029,2478210922.8864
1699588800000,2023-11-10T04:00:00.000Z,36744.2,37256.6,36339.2,37083.4,46150.971,1701359470.2571
1699632000000,2023-11-10T16:00:00.000Z,37083.4,37557,36918.8,37051.5,35593.65,1326004275.8723
1699675200000,2023-11-11T04:00:00.000Z,37051.5,37285,36923.4,37059.5,21432.902,794662504.1077
1699718400000,2023-11-11T16:00:00.000Z,37059.5,37204.2,36623,37003.6,25497.442,943446728.8618
1699761600000,2023-11-12T04:00:00.000Z,37003.6,37236.3,36921.9,37168.8,20531.648,761640219.0815
1699804800000,2023-11-12T16:00:00.000Z,37168.8,37449.3,36867,36933.7,23984.654,890766548.9386
1699848000000,2023-11-13T04:00:00.000Z,36933.7,37057.9,36553,36858,33950.42,1251495658.4605
1699891200000,2023-11-13T16:00:00.000Z,36858,37049,36209.3,36461.9,35953.004,1315249489.8338
1699934400000,2023-11-14T04:00:00.000Z,36461.9,36762.4,35740.3,36149.4,50238.945,1831390973.7148
1699977600000,2023-11-14T16:00:00.000Z,36149.4,36433.5,34572,35395.8,51456.815,1830819197.0395
1700020800000,2023-11-15T04:00:00.000Z,35395.8,36420.9,35387.6,36405.5,65275.036,2345709715.8885
1700064000000,2023-11-15T16:00:00.000Z,36405.5,37980,36250,37466.5,85202.825,3182083853.4043
1700107200000,2023-11-16T04:00:00.000Z,37466.5,37632.2,36250,36409.7,69905.384,2594109072.9497
1700150400000,2023-11-16T16:00:00.000Z,36409.7,36676.6,35488.2,36496.5,60000.336,2170869786.2701
1700193600000,2023-11-17T04:00:00.000Z,36496.5,36620,35864,36050,62742.401,2277000935.6757
1700236800000,2023-11-17T16:00:00.000Z,36050,36900,35914.9,36380.8,53756.47,1957016293.4488
1700280000000,2023-11-18T04:00:00.000Z,36380.8,36680,36189.8,36662,39183.257,1427065160.4732
1700323200000,2023-11-18T16:00:00.000Z,36662,36860.4,36395.5,36521.6,33465.588,1224350077.5879
1700366400000,2023-11-19T04:00:00.000Z,36521.6,36707.1,36381,36567.8,38880.186,1420351469.5266
1700409600000,2023-11-19T16:00:00.000Z,36567.8,37511,36514,37125.1,53991.217,1999121689.1596
1700452800000,2023-11-20T04:00:00.000Z,37125.1,37512.9,36628.9,37469.3,54871.299,2040329243.5586
1700496000000,2023-11-20T16:00:00.000Z,37469.3,37765,36813.9,37469.2,53491.056,2003933334.9031
1700539200000,2023-11-21T04:00:00.000Z,37469.2,37483.5,36231.1,36980.7,67328.164,2491205003.1219
1700582400000,2023-11-21T16:00:00.000Z,36980.7,37514.6,35610,36373.8,81113.601,2968309839.4893
1700625600000,2023-11-22T04:00:00.000Z,36373.8,36776.7,36231.4,36475.4,59431.659,2169129896.8512
1700668800000,2023-11-22T16:00:00.000Z,36475.4,37867.6,36364.9,37302.9,68063.045,2536514307.7478
1700712000000,2023-11-23T04:00:00.000Z,37302.9,37655,36862.4,36941.7,52188.563,1947632376.6199
1700755200000,2023-11-23T16:00:00.000Z,36941.7,37470,36910,37303.9,35633.506,1327998457.0236
1700798400000,2023-11-24T04:00:00.000Z,37303.9,38436.8,37289,38231.5,76812.855,2900866374.9609
1700841600000,2023-11-24T16:00:00.000Z,38231.5,38357.7,37571.6,37809.4,51550.657,1950115152.0883
1700884800000,2023-11-25T04:00:00.000Z,37809.4,37847.4,37580,37689.6,34873.218,1315733310.7541
1700928000000,2023-11-25T16:00:00.000Z,37689.6,37897.3,37668,37719.8,30417.147,1148514125.8485
1700971200000,2023-11-26T04:00:00.000Z,37719.8,37802.1,37265.6,37414.5,39955.623,1501679491.2238
1701014400000,2023-11-26T16:00:00.000Z,37414.5,37740.2,37121.6,37289.6,43231.405,1616381162.4028
1701057600000,2023-11-27T04:00:00.000Z,37289.6,37444,36727.5,36751.3,60344.701,2238178902.6256
1701100800000,2023-11-27T16:00:00.000Z,36751.3,37332,36709.1,37116.3,46639.007,1728546213.1645
1701144000000,2023-11-28T04:00:00.000Z,37116.3,37561.9,36865.3,37494.1,49776.239,1850070601.1757
1701187200000,2023-11-28T16:00:00.000Z,37494.1,38400,37494.1,37956.3,69849.431,2652751356.7482
1701230400000,2023-11-29T04:00:00.000Z,37956.3,38480.1,37544.1,37809.2,58001.54,2207113435.3486
1701273600000,2023-11-29T16:00:00.000Z,37809.2,38030.2,37570,38023,30025.528,1134445099.0698
1701316800000,2023-11-30T04:00:00.000Z,38023,38123.7,37443.3,37606,44217.926,1670009299.2934
1701360000000,2023-11-30T16:00:00.000Z,37606,38059,37516.3,38031.8,32099.249,1212474566.4876
1701403200000,2023-12-01T04:00:00.000Z,38031.8,38866.3,38004.3,38390.6,63198.082,2427154005.5435
1701446400000,2023-12-01T16:00:00.000Z,38390.6,38978.6,38375.6,38760,38938.096,1508270415.6219
1701489600000,2023-12-02T04:00:00.000Z,38760,38880.9,38629.8,38811.7,22483.417,871370472.5175
1701532800000,2023-12-02T16:00:00.000Z,38811.7,39865.9,38709.9,39367.5,42452.397,1669188062.9791
1701576000000,2023-12-03T04:00:00.000Z,39367.5,39800,39304.6,39750,34223.465,1352589674.2732
1701619200000,2023-12-03T16:00:00.000Z,39750,40886.3,39418.3,40709.3,57706.211,2316520960.1522
1701662400000,2023-12-04T04:00:00.000Z,40709.3,42155.7,40684,41262.6,80973.438,3362352757.5219
1701705600000,2023-12-04T16:00:00.000Z,41262.6,42433.4,41174.4,41822.3,38705.222,1618959344.2578
1701748800000,2023-12-05T04:00:00.000Z,41822.3,42487.9,41387,42252.3,43008.92,1800943606.5102
1701792000000,2023-12-05T16:00:00.000Z,42252.3,44518.2,42115.8,43746.9,75767.052,3298451648.1464
1701835200000,2023-12-06T04:00:00.000Z,43746.9,44312.9,43366,43779,44695.478,1961374201.5216
1701878400000,2023-12-06T16:00:00.000Z,43779,44157.4,43593.5,43919.6,19609.347,860398616.4351
1701921600000,2023-12-07T04:00:00.000Z,43919.6,44049.7,42831,43662.1,51690.349,2244346285.7499
1701964800000,2023-12-07T16:00:00.000Z,43662.1,43769.5,43086,43387.9,24401.137,1058667009.816
1702008000000,2023-12-08T04:00:00.000Z,43387.9,44057.6,43092.7,43769,31442.273,1369401823.2744
1702051200000,2023-12-08T16:00:00.000Z,43769,44765.8,43641.5,44168.6,23791.612,1051846756.477
1702137600000,2023-12-09T16:00:00.000Z,44062.1,44111.1,43568,43857.1,11838.04,519289273.2242
1702180800000,2023-12-10T04:00:00.000Z,43857.1,44050.5,43618.1,43928,15741.873,690123557.5152
1702224000000,2023-12-10T16:00:00.000Z,43928,44082,40278.1,42317.8,51575.789,2196785659.2728
1702267200000,2023-12-11T04:00:00.000Z,42317.8,42482,41625,41819.4,37522.493,1579014369.2413
1702310400000,2023-12-11T16:00:00.000Z,41819.4,41955,40231.3,41751.9,48814.606,2013050960.3929
1702353600000,2023-12-12T04:00:00.000Z,41751.9,42111.4,41157.2,41357.6,57663.703,2404989903.7745
1702396800000,2023-12-12T16:00:00.000Z,41357.6,41566.3,40555,40847.1,85731.289,3531977536.7863
1702440000000,2023-12-13T04:00:00.000Z,40847.1,41961.1,40644.6,41940,56826.656,2344786158.6725
1702483200000,2023-12-13T16:00:00.000Z,41940,43515.5,41723.4,42723.2,74485.936,3173203577.7813
1702526400000,2023-12-14T04:00:00.000Z,42723.2,43380,41280,42442.7,92522.57,3950381518.5443
1702569600000,2023-12-14T16:00:00.000Z,42442.7,43430.3,42442.3,42801.9,85892.061,3687556900.0239
1702612800000,2023-12-15T04:00:00.000Z,42801.9,43041.9,41669,41913,84644.584,3602423026.1655
1702656000000,2023-12-15T16:00:00.000Z,41913,42419.8,41615,42337.1,65553.354,2756453833.3301
1702699200000,2023-12-16T04:00:00.000Z,42337.1,42621.8,42109,42601.3,62316.111,2636234094.3915
1702742400000,2023-12-16T16:00:00.000Z,42601.3,42732.8,41863.4,41938.9,59289.275,2508057549.2889
1702785600000,2023-12-17T04:00:00.000Z,41938.9,42074.7,41525.4,41820.2,76103.68,3188071939.4948
1702828800000,2023-12-17T16:00:00.000Z,41820.2,42454.6,40800,41089.4,76340.022,3182053863.5625
1702872000000,2023-12-18T04:00:00.000Z,41089.4,41760.3,40555,41265.8,84814.319,3490419615.9459
1702915200000,2023-12-18T16:00:00.000Z,41265.8,43510.7,41160,43090.3,95512.778,4047044806.4275
1702958400000,2023-12-19T04:00:00.000Z,43090.3,43277.3,42240,42500.2,86807.265,3726482232.5276
1703001600000,2023-12-19T16:00:00.000Z,42500.2,42664,41826.3,42429.9,82552.673,3492659644.0125
1703044800000,2023-12-20T04:00:00.000Z,42429.9,44336,42387,44062.4,100658.353,4347168643.4892
1703088000000,2023-12-20T16:00:00.000Z,44062.4,44276.9,43237,43671,88957.783,3888334832.0134
1703131200000,2023-12-21T04:00:00.000Z,43671,44269.6,43375.9,43833,79977.668,3504927508.0379
1703174400000,2023-12-21T16:00:00.000Z,43833,44288.5,43386.8,44030,86754.018,3801751969.195
1703217600000,2023-12-22T04:00:00.000Z,44030,44444,43417.5,43685.8,92447.609,4049804315.7955
1703260800000,2023-12-22T16:00:00.000Z,43685.8,44065.1,43461.2,43531,72078.871,3151912083.2016
1703304000000,2023-12-23T04:00:00.000Z,43531,43869.4,43296.6,43765.3,72361.902,3156715822.8717
1703347200000,2023-12-23T16:00:00.000Z,43765.3,43930.3,43623.6,43853.2,61421.381,2688907739.9951
1703390400000,2023-12-24T04:00:00.000Z,43853.2,43971,43411.6,43692.6,64172.705,2802610296.446
1703433600000,2023-12-24T16:00:00.000Z,43692.6,43733.6,42541,43161.7,80021.521,3462158498.4082
1703476800000,2023-12-25T04:00:00.000Z,43161.7,43837,43068.8,43648,68211.289,2957040265.7167
1703520000000,2023-12-25T16:00:00.000Z,43648,43748,43341.5,43473.2,64701.484,2817104975.1775
1703563200000,2023-12-26T04:00:00.000Z,43473.2,43493.6,42127,42410,93571.111,4000103973.9003
1703606400000,2023-12-26T16:00:00.000Z,42410,42614.5,41619.4,42261,95910.523,4055017366.7903
1703649600000,2023-12-27T04:00:00.000Z,42261,43259.2,42238.1,42992.3,82201.113,3513631307.812
1703692800000,2023-12-27T16:00:00.000Z,42992.3,43830.3,42877.4,43431.8,88616.905,3841243194.6182
1703736000000,2023-12-28T04:00:00.000Z,43431.8,43652.4,42429.4,42474.6,84077.694,3614820317.4013
1703779200000,2023-12-28T16:00:00.000Z,42474.6,42825,42112.2,42722.9,87835.188,3735792456.6693
1703822400000,2023-12-29T04:00:00.000Z,42722.9,43143.5,42137.4,42281.2,83327.702,3556385086.9712
1703865600000,2023-12-29T16:00:00.000Z,42281.2,42369.6,41276,42001.7,93009.233,3906879788.2508
1703908800000,2023-12-30T04:00:00.000Z,42001.7,42449.4,41540.3,42394.4,65788.077,2762807788.2373
1703952000000,2023-12-30T16:00:00.000Z,42394.4,42638.9,41988.4,42196.9,59216.834,2507159875.8991
1703995200000,2023-12-31T04:00:00.000Z,42196.9,42930,42177.2,42477,72304.873,3073470416.0098
1704038400000,2023-12-31T16:00:00.000Z,42477,42815.4,42077.9,42357.4,56068.606,2384378811.6142
1704081600000,2024-01-01T04:00:00.000Z,42357.4,42873,42194.8,42802,72699.836,3095579839.5961
1704124800000,2024-01-01T16:00:00.000Z,42802,45544.9,42680.3,45413.3,97144.178,4291956991.0074
1704168000000,2024-01-02T04:00:00.000Z,45413.3,45924.4,44856.3,45196,104221.629,4740280835.9334
1704211200000,2024-01-02T16:00:00.000Z,45196,45442.9,44589.2,45283.7,74424.749,3356239807.7422
1704254400000,2024-01-03T04:00:00.000Z,45283.7,45545.5,40207.9,42994.3,153008.129,6668751789.5946
1704297600000,2024-01-03T16:00:00.000Z,42994.3,43573,41751.8,43103.4,96958.265,4154487107.2647
1704340800000,2024-01-04T04:00:00.000Z,43103.4,44344,42668.7,44046.5,93576.685,4046676992.2129
1704384000000,2024-01-04T16:00:00.000Z,44046.5,44844,42256,43460.5,100398.31,4414742846.5269
1704427200000,2024-01-05T04:00:00.000Z,43460.5,44321.3,43101.4,43487.5,85674.65,3749492291.0207
1704470400000,2024-01-05T16:00:00.000Z,43487.5,44395.9,43077.5,43917.5,79891.231,3493875498.1176
1704513600000,2024-01-06T04:00:00.000Z,43917.5,43964.4,43385,43852.3,65588.177,2865603030.4144
1704556800000,2024-01-06T16:00:00.000Z,43852.3,44256.1,43646.5,43925.5,65941.546,2896394186.2635
1704600000000,2024-01-07T04:00:00.000Z,43925.5,44473.8,43825,44039.4,63843.252,2815677612.9407
1704643200000,2024-01-07T16:00:00.000Z,44039.4,44251.3,43148,43500.9,76375.191,3349430216.0477
1704686400000,2024-01-08T04:00:00.000Z,43500.9,45396.2,43414.1,44960,97012.907,4302182098.385
1704729600000,2024-01-08T16:00:00.000Z,44960,47283.8,44779.3,46920.4,115135.159,5353506360.7483
1704772800000,2024-01-09T04:00:00.000Z,46920.4,47065.8,45484.2,46856.4,98127.87,4576726554.6982
1704816000000,2024-01-09T16:00:00.000Z,46856.4,48055.9,44757.3,46114,100645.688,4658504047.3862
1704859200000,2024-01-10T04:00:00.000Z,46114,46184.4,44295,45565.7,110069.904,4998865362.6026
1704902400000,2024-01-10T16:00:00.000Z,45565.7,47687.2,44800.8,46492,146482.417,6768767731.7579
1704945600000,2024-01-11T04:00:00.000Z,46492,48990,45605.2,46798.1,131603.249,6181933519.6006
1704988800000,2024-01-11T16:00:00.000Z,46798.1,47047.5,45555.5,45979.3,94771.489,4388110513.6384
1705032000000,2024-01-12T04:00:00.000Z,45979.3,46360,44347.3,44479.8,98757.639,4520100892.8061
1705075200000,2024-01-12T16:00:00.000Z,44479.8,44697,41347.8,42613.7,124597.518,5379186333.9655
1705118400000,2024-01-13T04:00:00.000Z,42613.7,43249.6,42501.4,43146.8,94733.113,4065797068.2453
1705161600000,2024-01-13T16:00:00.000Z,43146.8,43181,42640.4,42684.8,57063.821,2445069045.4004
1705204800000,2024-01-14T04:00:00.000Z,42684.8,43081.5,42558.5,42891.1,58217.618,2494579796.8427
1705248000000,2024-01-14T16:00:00.000Z,42891.1,43009.2,41708.5,42558,75504.584,3206342170.6689
1705291200000,2024-01-15T04:00:00.000Z,42558,42958.1,42151.7,42270,72411.216,3085803290.0613
1705334400000,2024-01-15T16:00:00.000Z,42270,43364.4,42242.2,42909.6,74754.318,3194425769.8636
1705377600000,2024-01-16T04:00:00.000Z,42909.6,43311,42040.6,43241.1,83504.796,3577613959.4784
1705420800000,2024-01-16T16:00:00.000Z,43241.1,43576.8,42812.7,42835.1,72281.831,3117398144.1318
1705464000000,2024-01-17T04:00:00.000Z,42835.1,42929.8,42357.6,42468.2,82517.58,3523301472.7302
1705507200000,2024-01-17T16:00:00.000Z,42468.2,42865.3,42192,42579.6,71967.413,3064694777.5246
1705550400000,2024-01-18T04:00:00.000Z,42579.6,42920.6,42350.1,42613.2,76164.905,3247972965.9549
1705593600000,2024-01-18T16:00:00.000Z,42613.2,42616.9,40669.5,41045.3,103199.352,4271127334.7085
1705636800000,2024-01-19T04:00:00.000Z,41045.3,41561.4,40706,40891.6,82176.465,3390652843.5137
1705680000000,2024-01-19T16:00:00.000Z,40891.6,42175,40255.5,41625.6,92001.18,3812069190.3815
1705723200000,2024-01-20T04:00:00.000Z,41625.6,41769.6,41445,41558.6,58549.219,2434999275.8795
1705766400000,2024-01-20T16:00:00.000Z,41558.6,41865.8,41511,41673.4,48719.858,2030144471.8117
1705809600000,2024-01-21T04:00:00.000Z,41673.4,41864.5,41560,41638,53989.999,2251828789.6082
1705852800000,2024-01-21T16:00:00.000Z,41638,41801.8,41050.9,41197.3,59036.15,2452505148.3045
1705896000000,2024-01-22T04:00:00.000Z,41197.3,41309.3,40319.2,40763.7,91357.858,3731735781.5341
1705939200000,2024-01-22T16:00:00.000Z,40763.7,40871.6,39396,39986.4,102589.22,4107888109.5565
1705982400000,2024-01-23T04:00:00.000Z,39986.4,40165,38541.7,39188.9,120702.414,4740305665.9798
1706025600000,2024-01-23T16:00:00.000Z,39188.9,40233.3,38914.5,39598.1,97984.877,3870193263.6157
1706068800000,2024-01-24T04:00:00.000Z,39598.1,40544,39550,40038.7,92354.052,3692832290.9454
1706112000000,2024-01-24T16:00:00.000Z,40038.7,40198,39481.1,40000,69579.515,2776920979.2766
1706155200000,2024-01-25T04:00:00.000Z,40000,40297.9,39605.2,39780,77003.443,3079897019.4814
1706198400000,2024-01-25T16:00:00.000Z,39780,40226.2,39527.3,40044.5,66824.599,2665363454.0746
1706241600000,2024-01-26T04:00:00.000Z,40044.5,41573.9,39876,41387,106369.348,4322945278.2698
1706284800000,2024-01-26T16:00:00.000Z,41387,42218,41370.5,41798.5,74313.521,3111341837.1496
1706328000000,2024-01-27T04:00:00.000Z,41798.5,41868,41367.9,41787,62823.861,2620533277.2384
1706371200000,2024-01-27T16:00:00.000Z,41787,42221.9,41715.8,42195.5,56806.297,2385398254.0688
1706414400000,2024-01-28T04:00:00.000Z,42195.5,42822,42125,42233.7,70407.08,2987825897.6774
1706457600000,2024-01-28T16:00:00.000Z,42233.7,42478.2,41585.7,42295,63541.278,2669451015.4435
1706500800000,2024-01-29T04:00:00.000Z,42295,42631.9,41770.4,42623,74199.319,3125761345.6981
1706544000000,2024-01-29T16:00:00.000Z,42623,43775,42489.9,43490,88232.286,3809237919.516
1706587200000,2024-01-30T04:00:00.000Z,43490,43863.7,43078.3,43344.5,75687.164,3283513879.3412
1706630400000,2024-01-30T16:00:00.000Z,43344.5,43738.8,42630.9,42899.5,67103.944,2898864610.5115
1706673600000,2024-01-31T04:00:00.000Z,42899.5,43447.8,42326.8,43333.3,79700.363,3411607455.3099
1706716800000,2024-01-31T16:00:00.000Z,43333.3,43730,41860,41988.6,88022.73,3762780640.0908
1706760000000,2024-02-01T04:00:00.000Z,41988.6,42917,41873.5,42489.4,81035.279,3423009207.4458
1706803200000,2024-02-01T16:00:00.000Z,42489.4,43411,42335.5,43007.2,77358.495,3324052191.6262
1706846400000,2024-02-02T04:00:00.000Z,43007.2,43248.7,42515,43210.1,64633.76,2779361048.2879
1706889600000,2024-02-02T16:00:00.000Z,43210.1,43460,42743.3,43143.8,62152.507,2679298350.7839
1706932800000,2024-02-03T04:00:00.000Z,43143.8,43194,42848.6,43086.5,58580.469,2522146159.4152
1706976000000,2024-02-03T16:00:00.000Z,43086.5,43249.6,42861,43004.7,51818.36,2230193393.7984
1707019200000,2024-02-04T04:00:00.000Z,43004.7,43098.6,42696.6,42915.8,60246.57,2584568822.7557
1707062400000,2024-02-04T16:00:00.000Z,42915.8,42963.1,42174.5,42693.9,65779.857,2802687840.9796
1707105600000,2024-02-05T04:00:00.000Z,42693.9,43573,42569.6,42618.9,78216.023,3365589104.4916
1707148800000,2024-02-05T16:00:00.000Z,42618.9,42936.5,42300.4,42821.3,62001.397,2642754598.3421
1707192000000,2024-02-06T04:00:00.000Z,42821.3,43253.9,42622,43219.3,73104.473,3134314464.8083
1707235200000,2024-02-06T16:00:00.000Z,43219.3,43364.8,42763,42778.4,64032.739,2760904664.3814
1707278400000,2024-02-07T04:00:00.000Z,42778.4,43300,42769,43041.6,61402.627,2639514957.9842
1707321600000,2024-02-07T16:00:00.000Z,43041.6,44790.7,42977.5,44538.9,85534.269,3763554952.2252
1707364800000,2024-02-08T04:00:00.000Z,44538.9,45465.7,44423,45422.7,77282.977,3462695051.4824
1707408000000,2024-02-08T16:00:00.000Z,45422.7,46410,44893.6,46062.4,73864.807,3357279108.2479
1707451200000,2024-02-09T04:00:00.000Z,46062.4,47749.9,45843.8,47149.9,102590.511,4800058547.8856
1707494400000,2024-02-09T16:00:00.000Z,47149.9,48237.5,47036.5,47383.4,80573.774,3822298531.2481
1707537600000,2024-02-10T04:00:00.000Z,47383.4,47439.4,46857.4,47352.2,61649.817,2911570421.2753
1707580800000,2024-02-10T16:00:00.000Z,47352.2,48591.8,47153.6,48537.7,64364.701,3071402163.4399
1707624000000,2024-02-11T04:00:00.000Z,48537.7,48620.3,47904.9,48131.9,66644.947,3213925817.5657
1707667200000,2024-02-11T16:00:00.000Z,48131.9,48850.6,47932,48137.9,63207.593,3050674472.0437
1707710400000,2024-02-12T04:00:00.000Z,48137.9,49974.7,47695.5,49924.4,82749.826,4002641431.1058
1707753600000,2024-02-12T16:00:00.000Z,49924.4,50436.8,49429,49810,83093.622,4150465579.6949
1707796800000,2024-02-13T04:00:00.000Z,49810,50273.5,48378,48732.9,88372.735,4387653873.6503
1707840000000,2024-02-13T16:00:00.000Z,48732.9,49769.5,48296.4,49511,68358.486,3366461937.5348
1707883200000,2024-02-14T04:00:00.000Z,49511,52085.2,49213.9,51597.5,103294.342,5265317674.111
1707926400000,2024-02-14T16:00:00.000Z,51597.5,52550.6,51203.3,52363.1,69597.998,3605525656.9794
1707969600000,2024-02-15T04:00:00.000Z,52363.1,52841.4,51637.8,51948.9,81416.789,4249460775.7706
1708012800000,2024-02-15T16:00:00.000Z,51948.9,52401,51308.7,52291.4,69008.993,3582168479.8058
1708056000000,2024-02-16T04:00:00.000Z,52291.4,52609.5,51594.1,51896.1,79120.227,4119643073.2391
1708099200000,2024-02-16T16:00:00.000Z,51896.1,52266.9,51661.1,51980.4,56974.139,2961231718.3615
1708142400000,2024-02-17T04:00:00.000Z,51980.4,52069.3,50639.9,51000.1,76217.746,3927983182.1296
1708185600000,2024-02-17T16:00:00.000Z,51000.1,52062.6,50750,51502.4,57981.676,2984363034.9765
1708228800000,2024-02-18T04:00:00.000Z,51502.4,52089.2,51409.4,51795.9,59500.21,3077672000.8529
1708272000000,2024-02-18T16:00:00.000Z,51795.9,52476.7,51600,52089.8,54659.931,2843753752.0277
1708315200000,2024-02-19T04:00:00.000Z,52089.8,52519.6,51997.4,52143.7,66543.475,3478403569.9134
1708358400000,2024-02-19T16:00:00.000Z,52143.7,52253.2,51307.7,51592.8,59976.301,3109214443.7751
1708401600000,2024-02-20T04:00:00.000Z,51592.8,53074.5,51339,51692.2,88600.881,4614886472.1814
1708444800000,2024-02-20T16:00:00.000Z,51692.2,52541.6,50733.7,51998,72244.105,3747359109.3126
1708488000000,2024-02-21T04:00:00.000Z,51998,52115,50520,51148.6,87500.429,4495128308.2809
1708531200000,2024-02-21T16:00:00.000Z,51148.6,51973.8,50645.7,51579.4,65013.938,3334428462.4383
1708574400000,2024-02-22T04:00:00.000Z,51579.4,52061.7,50924.7,51592.7,66399.46,3424473727.3912
1708617600000,2024-02-22T16:00:00.000Z,51592.7,52098.7,50968,51108.4,64110.221,3300732566.0069
1708660800000,2024-02-23T04:00:00.000Z,51108.4,51347,50770.7,50917,73345.786,3747046640.7669
1708704000000,2024-02-23T16:00:00.000Z,50917,51212.5,50518.7,50856.5,62061.032,3160037319.738
1708747200000,2024-02-24T04:00:00.000Z,50856.5,51216.7,50823.9,51111.3,55126.967,2815011854.9402
1708790400000,2024-02-24T16:00:00.000Z,51111.3,51912.4,51099.7,51640,50971.48,2627446048.6876
1708833600000,2024-02-25T04:00:00.000Z,51640,51821.7,51428,51524.8,62245.702,3215405714.8222
1708876800000,2024-02-25T16:00:00.000Z,51524.8,51985.6,51282.4,51561.5,52924.73,2732348646.0642
1708920000000,2024-02-26T04:00:00.000Z,51561.5,52869.3,50904.7,52857.5,70974.379,3655988162.211
1708963200000,2024-02-26T16:00:00.000Z,52857.5,57580,52766.3,55764.4,115415.504,6321256963.7195
1709006400000,2024-02-27T04:00:00.000Z,55764.4,57470,55659,56756.6,103108.7,5828016221.3435
1709049600000,2024-02-27T16:00:00.000Z,56756.6,57661.3,56216.8,56943.9,64274.926,3661834645.5981
1709092800000,2024-02-28T04:00:00.000Z,56943.9,61428.6,56918,60984.5,115837.208,6874558606.8442
1709136000000,2024-02-28T16:00:00.000Z,60984.5,64436.7,58673,61618,162717.484,9985727499.4078
1709179200000,2024-02-29T04:00:00.000Z,61618,63744,61386.9,62792.2,146112.28,9170156737.1863
1709222400000,2024-02-29T16:00:00.000Z,62792.2,62930.2,60434.9,61144.7,159569.461,9799885616.4334
1709265600000,2024-03-01T04:00:00.000Z,61144.7,62734,61093.2,61310,114271.381,7071271652.5676
1709308800000,2024-03-01T16:00:00.000Z,61310,63163.8,61279,62350,104953.192,6530591103.1219
1709352000000,2024-03-02T04:00:00.000Z,62350,62350,61588,61813.5,112171.481,6952716982.5517
1709395200000,2024-03-02T16:00:00.000Z,61813.5,62259.6,61680,61975.5,97469.625,6035000035.8546
1709438400000,2024-03-03T04:00:00.000Z,61975.5,62701.2,61335.9,62189.4,112687.531,6989091818.2298
1709481600000,2024-03-03T16:00:00.000Z,62189.4,64411,62119.8,63503.3,132802.274,8379730038.2012
1709524800000,2024-03-04T04:00:00.000Z,63503.3,66649.6,63236.4,66488.2,146749.578,9513663120.4451
1709568000000,2024-03-04T16:00:00.000Z,66488.2,68799.4,66081.8,68185.8,147177.024,9929791490.2012
1709611200000,2024-03-05T04:00:00.000Z,68185.8,69325.1,65013.5,66826.8,184868.851,12424020929.5945
1709654400000,2024-03-05T16:00:00.000Z,66826.8,67064.8,59100,63302.1,242150.708,15388812008.4822
1709697600000,2024-03-06T04:00:00.000Z,63302.1,67712.3,63291.8,66515.4,188182.902,12472505150.7013
1709740800000,2024-03-06T16:00:00.000Z,66515.4,67521.7,65555,65894.9,144320.125,9610793594.1394
1709827200000,2024-03-07T16:00:00.000Z,67281.2,68056.2,66772.4,67186.8,99496.492,6697593468.4402
1709870400000,2024-03-08T04:00:00.000Z,67186.8,70300,66800.4,67651.9,132227.328,8957321747.3597
1709913600000,2024-03-08T16:00:00.000Z,67651.9,69425.6,66105,68267,125516.056,8549922329.704
1709956800000,2024-03-09T04:00:00.000Z,68267,68574.2,67965.3,68317.5,78497.613,5362358715.8796
1710000000000,2024-03-09T16:00:00.000Z,68317.5,69324.3,68027,69182,75518.848,5172459588.3964
1710043200000,2024-03-10T04:00:00.000Z,69182,69979.1,68660.6,69232.6,92049.378,6399127545.7541
1710086400000,2024-03-10T16:00:00.000Z,69232.6,69823.8,66915,68623.6,96147.735,6618348011.0082
1710129600000,2024-03-11T04:00:00.000Z,68623.6,72730,68480.9,72030.6,149833.942,10661761188.7044
1710172800000,2024-03-11T16:00:00.000Z,72030.6,72864.8,71363.6,71653.1,123622.882,8937565743.4385
1710216000000,2024-03-12T04:00:00.000Z,71653.1,73278,70780.6,71758.8,123529.289,8891574160.5213
1710259200000,2024-03-12T16:00:00.000Z,71758.8,72273,68619.2,72114,151651.667,10777611179.0813
1710302400000,2024-03-13T04:00:00.000Z,72114,73727.3,71650,72647.4,113159.109,8242274676.6701
1710345600000,2024-03-13T16:00:00.000Z,72647.4,73455.3,72385.6,73310.2,96622.671,7054616405.2401
1710388800000,2024-03-14T04:00:00.000Z,73310.2,73844.6,70571.8,70874,124647.339,9060841276.472
1710432000000,2024-03-14T16:00:00.000Z,70874,72478.5,66642.1,68236.6,181122.357,12722918814.5312
1710475200000,2024-03-15T04:00:00.000Z,68236.6,68866.3,65577.5,68175.5,137285.166,9295810001.7503
1710518400000,2024-03-15T16:00:00.000Z,68175.5,70680.5,67384.3,69218.7,132129.696,9105968446.2092
1710561600000,2024-03-16T04:00:00.000Z,69218.7,69480.4,67527.8,68404.3,136646.093,9379597730.8372
1710604800000,2024-03-16T16:00:00.000Z,68404.3,68444.4,64723.9,66545.2,137248.034,9149854175.1069
1710648000000,2024-03-17T04:00:00.000Z,66545.2,68155.9,64533,67971.5,151801.063,10100717218.092
1710691200000,2024-03-17T16:00:00.000Z,67971.5,68942.9,66811,68012.8,136266.454,9283535981.1113
1710734400000,2024-03-18T04:00:00.000Z,68012.8,69000,66620.2,67481.6,117523.893,7985908024.9718
1710777600000,2024-03-18T16:00:00.000Z,67481.6,68150,64844,65875.7,124647.187,8347734821.5774
1710820800000,2024-03-19T04:00:00.000Z,65875.7,65987.3,62403.1,64068.1,195911.317,12512657996.4049
1710864000000,2024-03-19T16:00:00.000Z,64068.1,65762.9,61537,61849.8,166373.902,10573221633.1992
1710907200000,2024-03-20T04:00:00.000Z,61849.8,64405.2,60768.8,63599.4,143885.849,9033855607.522
1710950400000,2024-03-20T16:00:00.000Z,63599.4,68251,62041.4,66652.8,166479.876,11009450057.9777
1710993600000,2024-03-21T04:00:00.000Z,66652.8,67715.7,66069,66571.7,121150.648,8111110415.9692
1711036800000,2024-03-21T16:00:00.000Z,66571.7,67037.1,64506,65994.2,115500.417,7581669657.6178
1711080000000,2024-03-22T04:00:00.000Z,65994.2,66649.6,62569,63885.4,147119.105,9540045505.7265
1711123200000,2024-03-22T16:00:00.000Z,63885.4,64369.1,62181.9,63571.7,130458.52,8281051133.0412
1711166400000,2024-03-23T04:00:00.000Z,63571.7,65449.3,63514.3,65108.4,115371.389,7434942051.0334
1711209600000,2024-03-23T16:00:00.000Z,65108.4,66033.2,63883.1,63962,113145.484,7347200479.7141
1711252800000,2024-03-24T04:00:00.000Z,63962,65937.2,63762.1,65663.4,116386.901,7566873235.3997
1711296000000,2024-03-24T16:00:00.000Z,65663.4,67673.8,64600.5,67364.9,125660.29,8329929203.478
1711339200000,2024-03-25T04:00:00.000Z,67364.9,70089.1,66722,69824.7,112452.192,7610828857.7405
1711382400000,2024-03-25T16:00:00.000Z,69824.7,71197.1,69468,70451.7,111443.155,7842736533.9311
1711425600000,2024-03-26T04:00:00.000Z,70451.7,71616.1,69311.3,70287.1,110508.576,7806090018.8012
1711468800000,2024-03-26T16:00:00.000Z,70287.1,70775,69408.1,70424.4,101075.913,7089494577.0451
1711512000000,2024-03-27T04:00:00.000Z,70424.4,71839.3,68548.3,68886.5,141964.732,9944016147.9512
1711555200000,2024-03-27T16:00:00.000Z,68886.5,70048.8,68392.9,69332.8,118598.874,8201888195.2557
1711598400000,2024-03-28T04:00:00.000Z,69332.8,71589.8,69311.5,71304.6,120912.824,8536218799.4274
1711641600000,2024-03-28T16:00:00.000Z,71304.6,71352.6,70309.3,70467.5,86333.846,6109614487.405
1711684800000,2024-03-29T04:00:00.000Z,70467.5,70683.2,69022.4,69207.2,95887.988,6721925169.2319
1711728000000,2024-03-29T16:00:00.000Z,69207.2,70220,69092.3,69815,87125.591,6070562632.7323
1711771200000,2024-03-30T04:00:00.000Z,69815,70368,69788,70033.1,97731.969,6848190465.4252
1711814400000,2024-03-30T16:00:00.000Z,70033.1,70336.8,69560.2,69953.1,78332.096,5476333400.5247
1711857600000,2024-03-31T04:00:00.000Z,69953.1,70792.2,69906.1,70417.7,84701.71,5961726787.9386
1711900800000,2024-03-31T16:00:00.000Z,70417.7,71464.8,70358.5,70631.1,84607.767,5999167014.4579
1711944000000,2024-04-01T04:00:00.000Z,70631.1,70706.7,68166,68258,126615.218,8801366486.9913
1711987200000,2024-04-01T16:00:00.000Z,68258,69931.1,65691.2,66714.3,140525.201,9660583641.058
1712030400000,2024-04-02T04:00:00.000Z,66714.3,67127.3,64602.4,64876.7,140483.445,9266834583.481
1712073600000,2024-04-02T16:00:00.000Z,64876.7,66309.7,64422,66233.8,138090.915,9060582255.1227
1712116800000,2024-04-03T04:00:00.000Z,66233.8,66915,65539.4,65852.2,112032.454,7420020479.5897
1712160000000,2024-04-03T16:00:00.000Z,65852.2,66606.5,65451.2,65618,97159.41,6407919880.252
1712203200000,2024-04-04T04:00:00.000Z,65618,67893.7,65054.4,67606.1,91513.004,6082583545.2474
1712246400000,2024-04-04T16:00:00.000Z,67606.1,69309.6,67289.7,67862.4,115068.882,7840003104.8866
1712289600000,2024-04-05T04:00:00.000Z,67862.4,68562.3,65930.4,68191.3,114143.142,7654670941.4172
1712332800000,2024-04-05T16:00:00.000Z,68191.3,68379.4,67290.9,67776,90324.503,6117324604.7274
1712376000000,2024-04-06T04:00:00.000Z,67776,68290,67510,68077.7,72238.203,4901675369.6177
1712419200000,2024-04-06T16:00:00.000Z,68077.7,69774.4,67911,69384.4,78076.126,5365469135.5413
1712462400000,2024-04-07T04:00:00.000Z,69384.4,69874.1,69035.9,69542.6,83630.349,5801928334.1018
1712505600000,2024-04-07T16:00:00.000Z,69542.6,70332,68839.9,69446.2,97390.806,6767324026.5554
1712548800000,2024-04-08T04:00:00.000Z,69446.2,72815.9,69266.3,71795.4,112596.253,8027334116.7825
1712592000000,2024-04-08T16:00:00.000Z,71795.4,72147,70859.1,71316.5,91904.118,6583453999.1929
1712635200000,2024-04-09T04:00:00.000Z,71316.5,71376.1,68517.5,69300,131822.701,9274462702.6262
1712678400000,2024-04-09T16:00:00.000Z,69300,69628.5,68200,69168.2,117030.828,8078225060.598
1712721600000,2024-04-10T04:00:00.000Z,69168.2,69540.1,67509.6,68666.4,121406.06,8351083941.7228
1712764800000,2024-04-10T16:00:00.000Z,68666.4,71240,68563.3,70853.2,125613.994,8802418649.4037
1712808000000,2024-04-11T04:00:00.000Z,70853.2,71316.8,69558.2,70020.1,122395.427,8626193402.9291
1712851200000,2024-04-11T16:00:00.000Z,70020.1,71016.9,69576.9,70977.1,85500.642,6011672987.2925
1712894400000,2024-04-12T04:00:00.000Z,70977.1,71252.6,69229.7,69355.5,101218.032,7127725855.7055
1712937600000,2024-04-12T16:00:00.000Z,69355.5,69603.3,64832.4,67121.8,130670.777,8778788613.5057
1712980800000,2024-04-13T04:00:00.000Z,67121.8,67930.8,66980.3,67653.7,113760.902,7673051320.4955
1713024000000,2024-04-13T16:00:00.000Z,67653.7,67746.6,59808.3,63408.9,187472.455,12011648602.5227
1713067200000,2024-04-14T04:00:00.000Z,63408.9,64859.4,63362.7,64146.8,141078.518,9059272089.2145
1713110400000,2024-04-14T16:00:00.000Z,64146.8,65828.1,62530.3,65090.9,134276.572,8672219105.5034
1713153600000,2024-04-15T04:00:00.000Z,65090.9,66824.3,63778.2,64523.7,123294.255,8106999559.8015
1713196800000,2024-04-15T16:00:00.000Z,64523.7,64831.9,62225.6,62921.6,142439.495,9030810053.2285
1713240000000,2024-04-16T04:00:00.000Z,62921.6,63767.4,61516.8,61724.8,154194.342,9674209843.3027
1713283200000,2024-04-16T16:00:00.000Z,61724.8,64333.6,61658.9,63793.3,140134.562,8863718102.0845
1713326400000,2024-04-17T04:00:00.000Z,63793.3,64463.5,59810,60255.3,151227.287,9454319375.3167
1713369600000,2024-04-17T16:00:00.000Z,60255.3,62197.7,59619.5,61947.7,124550.012,7628439059.6531
1713412800000,2024-04-18T04:00:00.000Z,61947.7,64083.8,60749.1,63453.6,154749.385,9617763406.1766
1713456000000,2024-04-18T16:00:00.000Z,63453.6,63832.4,59550.1,61745.6,151470.815,9453216813.6479
1713499200000,2024-04-19T04:00:00.000Z,61745.6,65426.3,61730.4,64401.3,160949.026,10323334334.2543
1713542400000,2024-04-19T16:00:00.000Z,64401.3,64791,62890.7,63909.9,134433.007,8597620628.0053
1713585600000,2024-04-20T04:00:00.000Z,63909.9,64924,63228.6,64758.3,106780.66,6819103195.7604
1713628800000,2024-04-20T16:00:00.000Z,64758.3,65670,64400,65138.4,82597.724,5360916784.0355
1713672000000,2024-04-21T04:00:00.000Z,65138.4,65410,64719.9,64999.3,85138.552,5533554413.2131
1713715200000,2024-04-21T16:00:00.000Z,64999.3,66055.2,64192.1,65673.1,92985.189,6028798370.8908
1713758400000,2024-04-22T04:00:00.000Z,65673.1,66438.1,65472.1,65950,94094.413,6205536479.9486
1713801600000,2024-04-22T16:00:00.000Z,65950,67198.6,65849.7,66392,97866.949,6516010100.8388
1713844800000,2024-04-23T04:00:00.000Z,66392,67092.9,65752,66376.1,99209.969,6574236457.0922
1713888000000,2024-04-23T16:00:00.000Z,66376.1,66874.8,65910.7,66577.6,101943.018,6780310407.7177
1713931200000,2024-04-24T04:00:00.000Z,66577.6,67057.8,64467.7,64579.2,115752.18,7658590508.8397
1713974400000,2024-04-24T16:00:00.000Z,64579.2,65094.5,63558.2,64238,100024.576,6436774207.6166
1714017600000,2024-04-25T04:00:00.000Z,64238,64356,62726.9,64087.5,130622.775,8333740360.2075
1714060800000,2024-04-25T16:00:00.000Z,64087.5,65243,63824.5,64345.9,102674.47,6621986565.8052
1714104000000,2024-04-26T04:00:00.000Z,64345.9,64781.6,63308.6,63465.1,92883.939,5959609303.0679
1714147200000,2024-04-26T16:00:00.000Z,63465.1,64130,62348.6,63047.5,94859.985,6022721109.5103
1714190400000,2024-04-27T04:00:00.000Z,63047.5,63370,62629.2,62919.2,81194.393,5113492032.5275
1714233600000,2024-04-27T16:00:00.000Z,62919.2,64333.3,62690.6,63969.5,96890.595,6139209432.7473
1714276800000,2024-04-28T04:00:00.000Z,63969.5,64034.2,63311.8,63492.2,74016.94,4715483976.829
1714320000000,2024-04-28T16:00:00.000Z,63492.2,63951.6,62070,62239.3,61580.424,3893309753.4461
1714363200000,2024-04-29T04:00:00.000Z,62239.3,63083.8,61726.2,62995.9,91721.977,5720444451.7759
1714406400000,2024-04-29T16:00:00.000Z,62995.9,64682.1,62501.3,63615,71847.484,4554400954.2685
1714449600000,2024-04-30T04:00:00.000Z,63615,63680.3,60500,60749.2,95160.074,5883029474.5265
1714492800000,2024-04-30T16:00:00.000Z,60749.2,61040,59145,60202.4,96752.945,5823488760.4268
1714536000000,2024-05-01T04:00:00.000Z,60202.4,60315,56516.9,56843.9,126907.622,7341237732.5301
1714579200000,2024-05-01T16:00:00.000Z,56843.9,59429,56580.6,57393.4,125506.429,7238307322.2491
1714622400000,2024-05-02T04:00:00.000Z,57393.4,59412.8,57160.9,59210.4,112883.61,6558696866.8848
1714665600000,2024-05-02T16:00:00.000Z,59210.4,59959.9,58576.2,59671,68726.232,4067479901.1145
1714708800000,2024-05-03T04:00:00.000Z,59671,62100,58798.5,61640,112095.298,6740739486.1145
1714752000000,2024-05-03T16:00:00.000Z,61640,63576.6,61482.2,62679.7,97877.22,6109103819.9449
1714795200000,2024-05-04T04:00:00.000Z,62679.7,64534.3,62633.1,63573.8,97384.148,6174160983.5712
1714838400000,2024-05-04T16:00:00.000Z,63573.8,64174.3,62844.6,63193.5,86667.81,5509053850.6803
1714881600000,2024-05-05T04:00:00.000Z,63193.5,64610.6,63055.7,64379.3,75776.426,4824493131.6368
1714924800000,2024-05-05T16:00:00.000Z,64379.3,64512.6,63523.1,63825.6,72411.917,4632639315.6795
1714968000000,2024-05-06T04:00:00.000Z,63825.6,65510.5,62878.5,63578.1,89957.899,5771657079.8686
1715011200000,2024-05-06T16:00:00.000Z,63578.1,63960,62651.4,63197.3,70601.612,4471768068.9582
1715054400000,2024-05-07T04:00:00.000Z,63197.3,64376,63025.2,63698.5,84686.793,5394607506.419
1715097600000,2024-05-07T16:00:00.000Z,63698.5,63864.5,62070,62872.6,78120.448,4912727777.029
1715140800000,2024-05-08T04:00:00.000Z,62872.6,63007.5,61736.2,62250,84824.099,5284675937.6555
1715184000000,2024-05-08T16:00:00.000Z,62250,62746.9,60835,61629,77908.639,4810790226.0914
1715227200000,2024-05-09T04:00:00.000Z,61629,62241.1,60573.1,62101.8,85497.006,5244962141.8788
1715270400000,2024-05-09T16:00:00.000Z,62101.8,63406.9,61693.1,62863.6,87022.864,5442609590.1708
1715313600000,2024-05-10T04:00:00.000Z,62863.6,63429.9,60631.9,60882.7,90207.144,5639130646.7193
1715356800000,2024-05-10T16:00:00.000Z,60882.7,61262.8,60145.2,60699.5,69777.999,4236551049.4981
1715400000000,2024-05-11T04:00:00.000Z,60699.5,61484.4,60440.6,61146.4,68764.96,4183599631.9035
1715443200000,2024-05-11T16:00:00.000Z,61146.4,61378.5,60715.4,60885.6,71676.384,4370295117.8509
1715486400000,2024-05-12T04:00:00.000Z,60885.6,61543.5,60562,61376,74619.782,4555604866.8373
1715529600000,2024-05-12T16:00:00.000Z,61376,61837,60729.3,61118.9,85187.069,5224042406.3533
1715572800000,2024-05-13T04:00:00.000Z,61118.9,63257,60749.4,62960.4,103080.602,6418629420.6989
1715616000000,2024-05-13T16:00:00.000Z,62960.4,63418.4,62368,62448.9,75721.036,4756340414.1609
1715659200000,2024-05-14T04:00:00.000Z,62448.9,62733.1,61080,61728.9,80092.122,4957900037.6494
1715702400000,2024-05-14T16:00:00.000Z,61728.9,61984,61102.7,61906.4,53077.971,3267442173.147
1715745600000,2024-05-15T04:00:00.000Z,61906.4,65026.7,61770.9,64677.1,97130.818,6122793598.8424
1715788800000,2024-05-15T16:00:00.000Z,64677.1,66642.8,64659.4,65934,90734.401,5966940908.0423
1715832000000,2024-05-16T04:00:00.000Z,65934,66742.5,65322.4,65792,104930.967,6924465427.8371
1715875200000,2024-05-16T16:00:00.000Z,65792,65843.1,64566.5,65541.9,74093.076,4832927559.9144
1715918400000,2024-05-17T04:00:00.000Z,65541.9,67415.2,65312.2,67148.4,84503.193,5591212096.156
1715961600000,2024-05-17T16:00:00.000Z,67148.4,67264.9,66163.3,66897,77802.072,5196639069.5214
1716004800000,2024-05-18T04:00:00.000Z,66897,67326.3,66526,66764.3,68326.4,4572937038.4191
1716048000000,2024-05-18T16:00:00.000Z,66764.3,67296.7,66659.8,67156.3,53803.495,3600450342.7594
1716091200000,2024-05-19T04:00:00.000Z,67156.3,67765,66622.6,66850.2,65790.649,4414027796.6979
1716134400000,2024-05-19T16:00:00.000Z,66850.2,66953.4,65827.5,66626.1,65021.694,4318380308.6324
1716177600000,2024-05-20T04:00:00.000Z,66626.1,67458.8,66227.6,67372.9,81099.217,5430062318.9198
1716220800000,2024-05-20T16:00:00.000Z,67372.9,72050,67327,71275.9,121832.667,8505738143.4355
1716264000000,2024-05-21T04:00:00.000Z,71275.9,71459.3,69668.4,69845.8,90776.181,6438948629.1209
1716307200000,2024-05-21T16:00:00.000Z,69845.8,70380.9,69159.5,69971.6,70973.55,4962603186.6857
1716350400000,2024-05-22T04:00:00.000Z,69971.6,70619.9,69221,70459.5,83034.131,5803946873.2304
1716393600000,2024-05-22T16:00:00.000Z,70459.5,70691.4,68873.6,69463.3,75589.155,5259874171.941
1716436800000,2024-05-23T04:00:00.000Z,69463.3,70110,67614.1,68079.7,87168.086,6034877105.7722
1716480000000,2024-05-23T16:00:00.000Z,68079.7,68360,66234.2,67882.6,92360.586,6247423351.4459
1716523200000,2024-05-24T04:00:00.000Z,67882.6,68423.1,66607.6,68313.7,88655.03,5979417715.3812
1716566400000,2024-05-24T16:00:00.000Z,68313.7,69246.1,67931.6,68753.2,74851.865,5144897835.0496
1716609600000,2024-05-25T04:00:00.000Z,68753.2,69611.8,68605,68929.4,77577.551,5349601829.462
1716652800000,2024-05-25T16:00:00.000Z,68929.4,69357.5,68788.2,69066.4,56835.539,3926337215.6503
1716696000000,2024-05-26T04:00:00.000Z,69066.4,69557.5,68648.5,68831.6,60912.412,4210062321.3583
1716739200000,2024-05-26T16:00:00.000Z,68831.6,69311.3,68137.3,68879.4,60164.599,4139036355.4098
1716782400000,2024-05-27T04:00:00.000Z,68879.4,70564.8,68254.6,70397.4,75295.292,5186737825.2784
1716825600000,2024-05-27T16:00:00.000Z,70397.4,70720,67740.5,68045.9,81568.22,5660059959.0692
1716868800000,2024-05-28T04:00:00.000Z,68045.9,68899.9,67465.2,68376.4,94092.908,6405634642.4537
1716912000000,2024-05-28T16:00:00.000Z,68376.4,68944.5,67263.7,68841.8,84364.548,5766010108.99
1716955200000,2024-05-29T04:00:00.000Z,68841.8,68954.5,67302.5,67387.7,89008.975,6055026620.0468
1716998400000,2024-05-29T16:00:00.000Z,67387.7,68213.6,67114.5,68130.4,68348.957,4621533071.3688
1717041600000,2024-05-30T04:00:00.000Z,68130.4,68835.4,67114.1,68537.4,89843.274,6115692318.0561
1717084800000,2024-05-30T16:00:00.000Z,68537.4,69540.1,68022.6,68514.6,55257.067,3797481782.2157
1717128000000,2024-05-31T04:00:00.000Z,68514.6,69055.4,67190,67203.7,72651.584,4955330393.5625
1717171200000,2024-05-31T16:00:00.000Z,67203.7,68020.5,66650,67719.8,71671.521,4835824506.2455
1717214400000,2024-06-01T04:00:00.000Z,67719.8,67889.6,67577,67691.6,51657.026,3498584209.021
1717257600000,2024-06-01T16:00:00.000Z,67691.6,67923,67553.9,67798,56969.274,3860346023.3717
1717300800000,2024-06-02T04:00:00.000Z,67798,68470.7,67362.4,68147.4,60959.388,4136985719.6143
1717344000000,2024-06-02T16:00:00.000Z,68147.4,68809.5,67277.3,68390.1,61403.044,4174239657.7472
1717387200000,2024-06-03T04:00:00.000Z,68390.1,70305.2,68291.6,69620.5,100325.783,6954023962.0453
1717430400000,2024-06-03T16:00:00.000Z,69620.5,69732.2,68657.8,69179.3,36475.358,2522278501.2521
1717516800000,2024-06-04T16:00:00.000Z,70462.4,71358.3,70090.5,70966,52837.702,3736805708.5641
1717560000000,2024-06-05T04:00:00.000Z,70966,71771,70401.1,71597.1,52309.471,3715818911.0213
1717603200000,2024-06-05T16:00:00.000Z,71597.1,71790,70700,71056.5,24777.652,1765594328.5389
1717646400000,2024-06-06T04:00:00.000Z,71056.5,71679.5,70813.9,71313.6,45516.384,3240963915.1774
1717689600000,2024-06-06T16:00:00.000Z,71313.6,71400.6,70120,71001.2,46414.837,3287930064.7903
1717732800000,2024-06-07T04:00:00.000Z,71001.2,72036.7,70650,71124.6,83243.888,5937650436.5704
1717776000000,2024-06-07T16:00:00.000Z,71124.6,71224,68350.2,69432.8,64044.232,4455695312.2667
1717819200000,2024-06-08T04:00:00.000Z,69432.8,69589.7,69181.8,69431,20983.396,1456145995.0899
1717862400000,2024-06-08T16:00:00.000Z,69431,69506.8,69135.4,69270.3,10613.388,735760945.8352
1717905600000,2024-06-09T04:00:00.000Z,69270.3,69772.7,69233.7,69493.5,22382.078,1554872306.1928
1717948800000,2024-06-09T16:00:00.000Z,69493.5,69837.1,69399.3,69602.3,18187.92,1266820701.8562
1717992000000,2024-06-10T04:00:00.000Z,69602.3,70164.4,69152.3,70026.8,43262.2,3009359063.4427
1718035200000,2024-06-10T16:00:00.000Z,70026.8,70105.1,67864.1,68444.9,60907.496,4212396269.2718
1718078400000,2024-06-11T04:00:00.000Z,68444.9,68444.9,65936.2,66215.4,105702.563,7100186513.3893
1718121600000,2024-06-11T16:00:00.000Z,66215.4,67578.4,66137.3,67395,55351.331,3710763933.5425
1718164800000,2024-06-12T04:00:00.000Z,67395,69993,67177,69712.2,83230.613,5721467845.5243
1718208000000,2024-06-12T16:00:00.000Z,69712.2,69844.3,66939.3,67443.2,103112.725,7048489700.5612
1718251200000,2024-06-13T04:00:00.000Z,67443.2,68449.4,66308.2,66447.4,88249.593,5955529994.8466
1718294400000,2024-06-13T16:00:00.000Z,66447.4,67061.8,66228.4,66727,46696.478,3117288009.8913
1718337600000,2024-06-14T04:00:00.000Z,66727,67348.7,66309.4,66363.1,59968.074,4013671952.1472
1718380800000,2024-06-14T16:00:00.000Z,66363.1,66619.9,65032.8,66248,70632.485,4640992822.2573
1718424000000,2024-06-15T04:00:00.000Z,66248,66460.2,66037.4,66292.9,29597.497,1960645536.357
1718467200000,2024-06-15T16:00:00.000Z,66292.9,66341.9,65827.6,66110,15039.383,994266195.6778
1718510400000,2024-06-16T04:00:00.000Z,66110,66761.1,65998.9,66667.6,31099.387,2067246166.2754
1718553600000,2024-06-16T16:00:00.000Z,66667.6,66943.2,66093.4,66183,31163.451,2073400525.4758
1718596800000,2024-06-17T04:00:00.000Z,66183,66527.7,65079.9,65320.5,111228.771,7316401872.7281
1718640000000,2024-06-17T16:00:00.000Z,65320.5,67272.3,64528.5,65452.7,166575.75,10963025208.9041
1718683200000,2024-06-18T04:00:00.000Z,65452.7,65811.2,64208.3,64654.6,208050.941,13562955182.6472
1718726400000,2024-06-18T16:00:00.000Z,64654.6,65565.5,64016.8,65358.8,129509.899,8409895942.7579
1718769600000,2024-06-19T04:00:00.000Z,65358.8,65689.2,64707.3,64884.3,46194.054,3010381156.0066
1718812800000,2024-06-19T16:00:00.000Z,64884.3,65375,64627.9,65150.1,34489.336,2241466938.0222
1718856000000,2024-06-20T04:00:00.000Z,65150.1,66448,64603.5,64806,89494.123,5866199863.5712
1718899200000,2024-06-20T16:00:00.000Z,64806,65172,64305,64458.4,36521.557,2366923788.4407
1718942400000,2024-06-21T04:00:00.000Z,64458.4,64689,63344.6,63686,74441.326,4761503439.4491
1718985600000,2024-06-21T16:00:00.000Z,63686,64408.9,63438.3,64258,26143.6,1672884659.6666
1719028800000,2024-06-22T04:00:00.000Z,64258,64509.3,64189.8,64263,19526.256,1255791142.9506
1719072000000,2024-06-22T16:00:00.000Z,64263,64480.9,64181.4,64371.7,8167.818,525496530.3682
1719115200000,2024-06-23T04:00:00.000Z,64371.7,64407.1,64057,64060.1,14622.532,939340931.1732
1719158400000,2024-06-23T16:00:00.000Z,64060.1,64150,62644,62818.6,52084.346,3300248195.0117
1719201600000,2024-06-24T04:00:00.000Z,62818.6,62931.1,60500.1,60807.7,107890.07,6665553194.4498
1719244800000,2024-06-24T16:00:00.000Z,60807.7,61548.7,58335.6,61250.8,102100.647,6142864999.2091
1719288000000,2024-06-25T04:00:00.000Z,61250.8,62119.2,60581.9,61753.9,67779.366,4154144197.3967
1719331200000,2024-06-25T16:00:00.000Z,61753.9,62439.5,61093.7,61899.9,46412.1,2870298471.7563
1719374400000,2024-06-26T04:00:00.000Z,61899.9,61953.4,61131.1,61423.6,60570.147,3725448036.3771
1719417600000,2024-06-26T16:00:00.000Z,61423.6,61515.5,60687.2,61000.2,48438.499,2953997071.2222
1719460800000,2024-06-27T04:00:00.000Z,61000.2,62350,60600.2,61554.9,87367.641,5360333311.6963
1719504000000,2024-06-27T16:00:00.000Z,61554.9,62198.1,61331.5,61786,37420.804,2309869973.4223
1719547200000,2024-06-28T04:00:00.000Z,61786,61843.1,60707.7,61024.5,59241.241,3634094322.9054
1719590400000,2024-06-28T16:00:00.000Z,61024.5,61087.3,60033.1,60734.6,45532.537,2759396931.4965
1719633600000,2024-06-29T04:00:00.000Z,60734.6,61190,60680,61092.4,27797.726,1695099644.5069
1719676800000,2024-06-29T16:00:00.000Z,61092.4,61113.3,60734.3,60883,16056.304,978420023.0472
1719720000000,2024-06-30T04:00:00.000Z,60883,61848.5,60669,61699.6,50296.228,3089894365.5716
1719763200000,2024-06-30T16:00:00.000Z,61699.6,63783.6,61558.4,63401.7,71846.388,4510047190.3123
1719806400000,2024-07-01T04:00:00.000Z,63401.7,63432.3,62500.8,63098.2,50066.629,3149823605.3319
1719849600000,2024-07-01T16:00:00.000Z,63098.2,63831.4,62751.6,63100.1,46710.719,2953976952.467
1719892800000,2024-07-02T04:00:00.000Z,63100.1,63200,61829.7,61921,70502.848,4408995272.2288
1719936000000,2024-07-02T16:00:00.000Z,61921,62344.1,60600,60964.5,52532.447,3240242926.954
1719979200000,2024-07-03T04:00:00.000Z,60964.5,61152.8,59538.7,60160.7,99200.005,5990933178.3552
1720022400000,2024-07-03T16:00:00.000Z,60160.7,60631.9,57802.1,59073.6,85514.206,5089432218.8197
1720065600000,2024-07-04T04:00:00.000Z,59073.6,59115.8,56750,58105.1,147960.488,8544786624.6771
1720108800000,2024-07-04T16:00:00.000Z,58105.1,58783.4,54940,55200.6,134585.107,7691784768.627
1720152000000,2024-07-05T04:00:00.000Z,55200.6,56630.3,53333.3,56604.8,146410.235,8027215215.6208
1720195200000,2024-07-05T16:00:00.000Z,56604.8,57011.3,55769.2,56367.1,63022.568,3557419288.4851
1720238400000,2024-07-06T04:00:00.000Z,56367.1,57406.6,55988,57283.5,54313.233,3080546273.1575
1720281600000,2024-07-06T16:00:00.000Z,57283.5,58450,57140.5,57925.1,65099.957,3772148783.0294
1720324800000,2024-07-07T04:00:00.000Z,57925.1,57970,56560,56790.3,75900.071,4348592409.7157
1720368000000,2024-07-07T16:00:00.000Z,56790.3,57355,54234,55123.1,97429.549,5431290981.3554
1720411200000,2024-07-08T04:00:00.000Z,55123.1,58183.5,54900,55717.2,150489.471,8512062461.863
1720454400000,2024-07-08T16:00:00.000Z,55717.2,57320,55387.4,57126.3,59316.415,3348466960.0643
1720497600000,2024-07-09T04:00:00.000Z,57126.3,58102,56858.3,57430.4,88411.303,5073802565.7218
1720540800000,2024-07-09T16:00:00.000Z,57430.4,58288.6,57298.5,58149,61025.184,3525341783.421
1720584000000,2024-07-10T04:00:00.000Z,58149,59440.2,57440.4,57655.5,105515.214,6165046744.306
1720627200000,2024-07-10T16:00:00.000Z,57655.5,58358,57019,57515.3,52382.984,3018750812.4708
1720670400000,2024-07-11T04:00:00.000Z,57515.3,59590,57222.4,57368.2,107691.026,6277335705.8996
1720713600000,2024-07-11T16:00:00.000Z,57368.2,57958.7,56495.6,56871.9,57917.596,3315932681.7783
1720756800000,2024-07-12T04:00:00.000Z,56871.9,58225.4,56674.6,58169.8,69812.583,4004152473.4652
1720800000000,2024-07-12T16:00:00.000Z,58169.8,58487.8,57106.5,57777.8,46789.78,2707171963.9712
1720843200000,2024-07-13T04:00:00.000Z,57777.8,58873.1,57717.4,58792.4,53521.408,3125718112.5564
1720886400000,2024-07-13T16:00:00.000Z,58792.4,59822,58223.6,59451.7,58062.643,3433530068.9764
1720929600000,2024-07-14T04:00:00.000Z,59451.7,60355.5,59394.2,60041.4,78814.875,4722249487.2666
1720972800000,2024-07-14T16:00:00.000Z,60041.4,62758.1,59837,62597.2,85651.324,5244354368.2888
1721016000000,2024-07-15T04:00:00.000Z,62597.2,63279.6,62260,62963.1,82898.311,5201157608.392
1721059200000,2024-07-15T16:00:00.000Z,62963.1,64917,62818.7,64708.5,81522.019,5211399356.3892
1721102400000,2024-07-16T04:00:00.000Z,64708.5,64983.4,62341.1,64828.4,133632.056,8496157713.7143
1721145600000,2024-07-16T16:00:00.000Z,64828.4,66076.2,64066.1,65657.1,82466.352,5361120665.0966
1721188800000,2024-07-17T04:00:00.000Z,65657.1,65960.1,64491.9,64676,82459.243,5366003377.2333
1721232000000,2024-07-17T16:00:00.000Z,64676,65095,63804.5,64827,62302.022,4009607415.2127
1721275200000,2024-07-18T04:00:00.000Z,64827,65079.3,63363.6,63500.1,76645.048,4931168249.9875
1721318400000,2024-07-18T16:00:00.000Z,63500.1,64334.2,63196.7,64275.3,53595.346,3413927462.9543
1721361600000,2024-07-19T04:00:00.000Z,64275.3,65864.9,63356,65788.2,90907.193,5874773601.6799
1721404800000,2024-07-19T16:00:00.000Z,65788.2,67378.1,65784.6,66592.3,82443.592,5495461960.7853
1721448000000,2024-07-20T04:00:00.000Z,66592.3,66804.7,66257.2,66782.9,24220.337,1611618552.2208
1721491200000,2024-07-20T16:00:00.000Z,66782.9,67579.8,66633.5,67167.4,45902.154,3081559662.8747
1721534400000,2024-07-21T04:00:00.000Z,67167.4,67470.1,66561.5,67120.1,42749.423,2862186834.791
1721577600000,2024-07-21T16:00:00.000Z,67120.1,68449.5,65735.3,67831.8,87721.1,5915673307.6371
1721620800000,2024-07-22T04:00:00.000Z,67831.8,67937.5,66526,67025.7,79048.726,5316255946.3586
1721664000000,2024-07-22T16:00:00.000Z,67025.7,68200,66767.4,67416.6,46772.581,3158809363.6516
1721707200000,2024-07-23T04:00:00.000Z,67416.6,67470.8,65902.5,66550,101266.401,6749242209.629
1721750400000,2024-07-23T16:00:00.000Z,66550,66727.8,65400.3,66006.5,56917.544,3748253660.9557
1721793600000,2024-07-24T04:00:00.000Z,66006.5,67067.6,65589,66150.2,76271.613,5061379721.0598
1721836800000,2024-07-24T16:00:00.000Z,66150.2,66673.2,63815,64057.6,88867.256,5792041861.2975
1721880000000,2024-07-25T04:00:00.000Z,64057.6,64950,63437.4,64751.2,86586.842,5560333037.9049
1721923200000,2024-07-25T16:00:00.000Z,64751.2,67439,64340.6,67015.1,88146.044,5799524345.2139
1721966400000,2024-07-26T04:00:00.000Z,67015.1,67950,66820,67511.7,72110.009,4852009917.0148
1722009600000,2024-07-26T16:00:00.000Z,67511.7,68175.7,67257.1,67749,45046.221,3049407931.2698
1722052800000,2024-07-27T04:00:00.000Z,67749,69383.5,67734.1,68817.1,73969.193,5074252779.1909
1722096000000,2024-07-27T16:00:00.000Z,68817.1,69180,66603.3,67921.8,130704.583,8898476921.4898
1722139200000,2024-07-28T04:00:00.000Z,67921.8,68095,67016.4,67632.7,48569.087,3283385868.6878
1722182400000,2024-07-28T16:00:00.000Z,67632.7,69800,67601.4,69342.8,54911.229,3773232159.0926
1722225600000,2024-07-29T04:00:00.000Z,69342.8,70063.6,67640.4,68050,108747.804,7511726304.5429
1722268800000,2024-07-29T16:00:00.000Z,68050,68081.4,65822,66567.6,109814.31,7345975373.5743
1722312000000,2024-07-30T04:00:00.000Z,66567.6,66943,65531.3,66200.1,70414.998,4674831016.5835
1722355200000,2024-07-30T16:00:00.000Z,66200.1,66512,65250,66020.9,55678.431,3672738928.2858
1722398400000,2024-07-31T04:00:00.000Z,66020.9,66803.2,65455.5,66325.2,69008.518,4569826233.5411
1722441600000,2024-07-31T16:00:00.000Z,66325.2,66801.2,63720,63893.4,97365.314,6335857107.0665
1722484800000,2024-08-01T04:00:00.000Z,63893.4,64911,62628.6,62864.5,107293.984,6862590785.5109
1722528000000,2024-08-01T16:00:00.000Z,62864.5,65632.6,62253.2,64578,126779.248,8111827108.3828
1722571200000,2024-08-02T04:00:00.000Z,64578,65477.7,62400,63378.5,119645.638,7672427473.208
1722614400000,2024-08-02T16:00:00.000Z,63378.5,63574.1,60466,61845,122517.04,7589707728.9772
1722657600000,2024-08-03T04:00:00.000Z,61845,62150.1,60780,60848.6,51701.562,3187604680.9585
1722700800000,2024-08-03T16:00:00.000Z,60848.6,61247.1,59813,60690.5,96394.943,5838801642.3933
1722744000000,2024-08-04T04:00:00.000Z,60690.5,61035,58916.9,59037.3,88001.438,5291007717.9797
1722787200000,2024-08-04T16:00:00.000Z,59037.3,59546.3,52221.3,53844.6,243753.428,13783921691.7523
1722830400000,2024-08-05T04:00:00.000Z,53844.6,54930,48946.6,54275.9,450905.127,23439830570.3064
1722873600000,2024-08-05T16:00:00.000Z,54275.9,56239.7,52522.6,55625.7,206058.034,11225589436.2338
1722916800000,2024-08-06T04:00:00.000Z,55625.7,56561.5,54360,56376,155831.755,8643899380.1581
1722960000000,2024-08-06T16:00:00.000Z,56376,57256.2,55516.4,56830.7,116289.518,6571220891.3622
1723003200000,2024-08-07T04:00:00.000Z,56830.7,57700,55657,56065.7,131923.096,7498434482.66
1723046400000,2024-08-07T16:00:00.000Z,56065.7,57600,54509.8,57015.5,115116.354,6415565561.1582
1723089600000,2024-08-08T04:00:00.000Z,57015.5,59474.8,56655,59373.5,155236.72,8974412396.6699
1723132800000,2024-08-08T16:00:00.000Z,59373.5,62721.6,59188.5,61308.1,127923.707,7772656970.276
1723176000000,2024-08-09T04:00:00.000Z,61308.1,61330,59500,59771.1,114017.225,6898156417.3886
1723219200000,2024-08-09T16:00:00.000Z,59771.1,61440.8,59700,60404.1,78325.222,4735782089.974
1723262400000,2024-08-10T04:00:00.000Z,60404.1,61071.8,60207.6,60469.4,40617.211,2463286545.6564
1723305600000,2024-08-10T16:00:00.000Z,60469.4,61341.3,60349.5,61064.6,43861.219,2673660878.1695
1723348800000,2024-08-11T04:00:00.000Z,61064.6,61845,59898.5,60075,71921.183,4366362498.6838
1723392000000,2024-08-11T16:00:00.000Z,60075,60313.5,58066.5,58476.1,90006.731,5307846980.381
1723435200000,2024-08-12T04:00:00.000Z,58476.1,60670.4,57601.6,60149.9,173249.356,10234105006.4494
1723478400000,2024-08-12T16:00:00.000Z,60149.9,60379.2,58388.8,59011.1,93960.094,5569132537.6426
1723521600000,2024-08-13T04:00:00.000Z,59011.1,59734.1,58372.5,59450.1,86832.228,5130334021.6211
1723564800000,2024-08-13T16:00:00.000Z,59450.1,61547.6,59415.8,60899.9,99501.75,6042872263.5471
1723608000000,2024-08-14T04:00:00.000Z,60899.9,61800,58757.6,59379.4,134728.064,8118355055.3493
1723651200000,2024-08-14T16:00:00.000Z,59379.4,59430.8,57962.7,58402,79035.207,4649126747.3362
1723694400000,2024-08-15T04:00:00.000Z,58402,59731.3,57680,59635.5,108041.277,6351628147.1337
1723737600000,2024-08-15T16:00:00.000Z,59635.5,59815,56050.1,57855.6,139620.465,8050943598.6175
1723780800000,2024-08-16T04:00:00.000Z,57855.6,58878,57499.1,58024.6,103941.569,6048659944.0022
1723824000000,2024-08-16T16:00:00.000Z,58024.6,59772.8,57945.6,59104.8,71309.683,4209232010.5255
1723867200000,2024-08-17T04:00:00.000Z,59104.8,59620,59010.3,59350.6,35880.67,2126455321.4518
1723910400000,2024-08-17T16:00:00.000Z,59350.6,60222,59111.6,59292.9,39386.425,2347869139.0138
1723953600000,2024-08-18T04:00:00.000Z,59292.9,60234.6,59202.7,59802,54833.992,3277175244.3484
1723996800000,2024-08-18T16:00:00.000Z,59802,59900,58161.1,58688.3,61195.264,3604910559.3462
1724040000000,2024-08-19T04:00:00.000Z,58688.3,58928.8,57780,58503,88385.241,5158161963.3359
1724083200000,2024-08-19T16:00:00.000Z,58503,60860.9,58328.5,60570,66922.829,3990262360.8832
1724126400000,2024-08-20T04:00:00.000Z,60570,61383.2,58668.7,58788.7,125691.251,7565631521.409
1724169600000,2024-08-20T16:00:00.000Z,58788.7,59685,58500,59275,61823.999,3654940893.2067
1724212800000,2024-08-21T04:00:00.000Z,59275,60181.6,58806.1,59467.7,92476.565,5498709820.1893
1724256000000,2024-08-21T16:00:00.000Z,59467.7,61777,59325.7,60508.2,103159.816,6263045423.4605
1724299200000,2024-08-22T04:00:00.000Z,60508.2,61364.3,60056.5,60358.6,87328.315,5306552688.8023
1724342400000,2024-08-22T16:00:00.000Z,60358.6,60918.4,60091.5,60552.9,37234.981,2251445086.2042
1724385600000,2024-08-23T04:00:00.000Z,60552.9,62288,60546.6,61496.5,111783.133,6844537360.7517
1724428800000,2024-08-23T16:00:00.000Z,61496.5,64966.6,61297.3,63787.8,125304.62,7940952786.1596
1724472000000,2024-08-24T04:00:00.000Z,63787.8,64454.8,63784,63925,40913.987,2622545790.7488
1724515200000,2024-08-24T16:00:00.000Z,63925,64640.6,63501,64058.8,53981.287,3458048315.6312
1724558400000,2024-08-25T04:00:00.000Z,64058.8,64251.1,63742.3,64099.9,35954.209,2299673221.3441
1724601600000,2024-08-25T16:00:00.000Z,64099.9,64990,63733.1,64067.6,57946.824,3724856215.826
1724644800000,2024-08-26T04:00:00.000Z,64067.6,64160.7,63022,63482.4,72675.951,4622390201.7568
1724688000000,2024-08-26T16:00:00.000Z,63482.4,63834.5,62610,62925.6,62842.037,3968792760.0921
1724731200000,2024-08-27T04:00:00.000Z,62925.6,63152,61426,61678.6,94196.969,5865565694.3039
1724774400000,2024-08-27T16:00:00.000Z,61678.6,62158.8,57931.3,59581.2,123840.903,7444231687.7244
1724817600000,2024-08-28T04:00:00.000Z,59581.2,60169,58386.1,58938.9,104289.019,6188839376.8047
1724860800000,2024-08-28T16:00:00.000Z,58938.9,59783.7,57800.3,59095,92798.849,5464970300.2046
1724904000000,2024-08-29T04:00:00.000Z,59095,61128.8,59020.2,60730.2,87176.759,5238655007.0089
1724947200000,2024-08-29T16:00:00.000Z,60730.2,60910,58631.5,58983.1,77803.959,4629614274.72
1724990400000,2024-08-30T04:00:00.000Z,58983.1,59898.7,57890.2,58050.1,106751.813,6302521331.9815
1725033600000,2024-08-30T16:00:00.000Z,58050.1,59420.7,57646.4,59200,58395.155,3430454971.6888
1725076800000,2024-08-31T04:00:00.000Z,59200,59313.2,58785.4,58972.1,27461.371,1621337499.7133
1725120000000,2024-08-31T16:00:00.000Z,58972.1,59093.6,58231.1,58484.3,31671.241,1859499372.3958
1725163200000,2024-09-01T04:00:00.000Z,58484.3,58560.7,57155,58176.1,94872.783,5503258894.3402
1725206400000,2024-09-01T16:00:00.000Z,58176.1,58749.2,57073.6,57701.9,83465.92,4818183890.4094
1725249600000,2024-09-02T04:00:00.000Z,57701.9,58786,57320,58501.1,84221.101,4897112572.2282
1725292800000,2024-09-02T16:00:00.000Z,58501.1,59785,58251.3,59074.3,61665.284,3639966342.3751
1725336000000,2024-09-03T04:00:00.000Z,59074.3,59317,57523,57690,93911.551,5495335397.0228
1725379200000,2024-09-03T16:00:00.000Z,57690,58208.8,55555.5,56622.9,100063.306,5721452352.3379
1725422400000,2024-09-04T04:00:00.000Z,56622.9,58114.6,56136.8,58084.1,115776.216,6580591661.0715
1725465600000,2024-09-04T16:00:00.000Z,58084.1,58485.1,56880,57077,74892.525,4333157917.9225
1725508800000,2024-09-05T04:00:00.000Z,57077,57299.3,55767,55945,124110.276,7036654522.804
1725552000000,2024-09-05T16:00:00.000Z,55945,56828.8,55620,56542.9,66569.036,3745168862.0552
1725595200000,2024-09-06T04:00:00.000Z,56542.9,56965,53779.8,54007.4,178016.795,9898346480.0904
1725638400000,2024-09-06T16:00:00.000Z,54007.4,54400,52507.4,53781.1,109273.776,5857417248.457
1725681600000,2024-09-07T04:00:00.000Z,53781.1,54820.5,53773.6,54734.3,55187.003,3000331707.5971
1725724800000,2024-09-07T16:00:00.000Z,54734.3,54808.1,53776.8,54355.5,50671.192,2746593042.129
1725768000000,2024-09-08T04:00:00.000Z,54355.5,54682.8,53614,53654.1,68057.022,3689624841.2786
1725811200000,2024-09-08T16:00:00.000Z,53654.1,55333,53591.4,55077.2,80154.504,4378773940.9266
1725854400000,2024-09-09T04:00:00.000Z,55077.2,55770.6,54544.6,55343.9,97081.43,5354053453.693
1725897600000,2024-09-09T16:00:00.000Z,55343.9,58111.5,55305,56483.1,118044.886,6696811842.6242
1725940800000,2024-09-10T04:00:00.000Z,56483.1,57451.1,56349.9,56543.7,95665.999,5445734068.7408
1725984000000,2024-09-10T16:00:00.000Z,56543.7,58000,56508,56770,78474.404,4495221668.8446
1726027200000,2024-09-11T04:00:00.000Z,56770,57132,55514.9,56670.1,151388.69,8533113103.177
1726070400000,2024-09-11T16:00:00.000Z,56670.1,58443.9,56602.1,58192.6,93057.22,5360091911.7797
1726113600000,2024-09-12T04:00:00.000Z,58192.6,58537.8,57300,57457.6,111146.455,6433739017.4731
1726156800000,2024-09-12T16:00:00.000Z,57457.6,58420.9,57439.9,57809.9,55997.532,3251078356.3899
1726200000000,2024-09-13T04:00:00.000Z,57809.9,59690,57587.6,59621.9,103708.003,6052246663.6023
1726243200000,2024-09-13T16:00:00.000Z,59621.9,60595.7,59277.1,60281.2,87585.45,5254731676.1249
1726286400000,2024-09-14T04:00:00.000Z,60281.2,60300,59568,59830,45023.401,2696581693.1021
1726329600000,2024-09-14T16:00:00.000Z,59830,60237,59356.4,60113.8,36542.834,2189776795.798
1726372800000,2024-09-15T04:00:00.000Z,60113.8,60369,59829.9,60295.1,37774.009,2269909355.2037
1726416000000,2024-09-15T16:00:00.000Z,60295.1,60310,58070,58529.4,87867.585,5192665070.6948
1726459200000,2024-09-16T04:00:00.000Z,58529.4,59140,57532.7,57841.2,83160.653,4851456741.5977
1726502400000,2024-09-16T16:00:00.000Z,57841.2,58369,57443,58010.3,55257.823,3199044375.3612
1726545600000,2024-09-17T04:00:00.000Z,58010.3,61315.5,57981.6,61092.7,141057.176,8408430989.4504
1726588800000,2024-09-17T16:00:00.000Z,61092.7,61239.9,59568.3,60471.9,89054.172,5375371465.3402
1726632000000,2024-09-18T04:00:00.000Z,60471.9,60642,59265.2,59387.8,80767.677,4831763741.038
1726675200000,2024-09-18T16:00:00.000Z,59387.8,62555,59131.3,62086.8,183660.011,11170750063.1493
1726718400000,2024-09-19T04:00:00.000Z,62086.8,63498.6,61789.6,63121.3,113959.781,7143611740.7888
1726761600000,2024-09-19T16:00:00.000Z,63121.3,63829.4,62580,63728,84667.955,5353917661.7486
1726804800000,2024-09-20T04:00:00.000Z,63728,64120,62550,63119,116372.284,7370618221.5851
1726848000000,2024-09-20T16:00:00.000Z,63119,63284.4,62320,62860.9,49724.311,3126412982.3198
1726891200000,2024-09-21T04:00:00.000Z,62860.9,63286.2,62719.9,63146.6,25914.929,1633846534.2765
1726934400000,2024-09-21T16:00:00.000Z,63146.6,63545.2,62804.1,63089.1,37517.089,2368983699.7692
1726977600000,2024-09-22T04:00:00.000Z,63089.1,63182,62442.4,62635.6,43516.217,2730405441.714
1727020800000,2024-09-22T16:00:00.000Z,62635.6,64739.4,62349.5,64331.2,109405.233,6947317052.6828
1727064000000,2024-09-23T04:00:00.000Z,64331.2,64439.2,63037,63592.3,84114.569,5341994297.927
1727107200000,2024-09-23T16:00:00.000Z,63592.3,63802.9,62690,63094,52913.019,3342002724.8342
1727150400000,2024-09-24T04:00:00.000Z,63094,63930,62695,63128.8,90371.918,5725959633.5767
1727193600000,2024-09-24T16:00:00.000Z,63128.8,64846.4,63059.1,64446.2,88456.733,5671219564.0645
1727236800000,2024-09-25T04:00:00.000Z,64446.2,64450,63300,63472.2,74478.162,4747117892.8463
1727280000000,2024-09-25T16:00:00.000Z,63472.2,63651.5,62654.3,63486.3,75331.268,4760505862.0406
1727323200000,2024-09-26T04:00:00.000Z,63486.3,65534.6,63315.6,65200.2,132256.842,8522574764.9359
1727366400000,2024-09-26T16:00:00.000Z,65200.2,65847,64604.2,65338,74556.06,4857495062.8232
1727409600000,2024-09-27T04:00:00.000Z,65338,66451.3,65072.1,65974,113017.05,7429901388.7585
1727452800000,2024-09-27T16:00:00.000Z,65974,66343.6,65484,66050,47437.135,3126969811.8569
1727496000000,2024-09-28T04:00:00.000Z,66050,66070.5,65402,65596.3,38189.872,2507510483.5016
1727539200000,2024-09-28T16:00:00.000Z,65596.3,65978.2,65395.1,65790.3,28447.581,1868782566.3905
1727582400000,2024-09-29T04:00:00.000Z,65790.3,65841.4,65407.5,65730.9,35926.749,2357378807.2183
1727625600000,2024-09-29T16:00:00.000Z,65730.9,66066.5,64170,64530,72433.645,4715049139.5967
1727668800000,2024-09-30T04:00:00.000Z,64530,64689.3,63232.1,63535.6,117667.817,7521786649.3443
1727712000000,2024-09-30T16:00:00.000Z,63535.6,63838.5,62828,63707.2,75158.421,4764565071.752
1727755200000,2024-10-01T04:00:00.000Z,63707.2,64097.6,61807.6,62613.8,137921.528,8685794913.8226
1727798400000,2024-10-01T16:00:00.000Z,62613.8,62763,60136.7,61726.6,175098.744,10760185209.2625
1727841600000,2024-10-02T04:00:00.000Z,61726.6,61921.2,60504.4,61843.6,132165.691,8098893840.0444
1727884800000,2024-10-02T16:00:00.000Z,61843.6,62360,59956.1,61441.9,120690.328,7356909855.058
1727928000000,2024-10-03T04:00:00.000Z,61441.9,61450,59840.2,60614.4,136982.341,8294206219.9552
1727971200000,2024-10-03T16:00:00.000Z,60614.4,61250.1,59898.3,60929,91958.063,5579437651.1186
1728014400000,2024-10-04T04:00:00.000Z,60929,61986,60769.3,61839.2,112432.216,6902347275.4246
1728057600000,2024-10-04T16:00:00.000Z,61839.2,62472.2,61611,61846.1,58005.254,3602528015.7601
1728100800000,2024-10-05T04:00:00.000Z,61846.1,62350.2,61798,62136,26840.493,1668080240.4983
1728144000000,2024-10-05T16:00:00.000Z,62136,62160,61677.7,61856,28105.411,1740352581.9354
1728187200000,2024-10-06T04:00:00.000Z,61856,62754.3,61791.3,62690.3,44924.001,2797572695.0297
1728230400000,2024-10-06T16:00:00.000Z,62690.3,63940.1,62265,63499.3,73298.948,4624860361.6533
1728273600000,2024-10-07T04:00:00.000Z,63499.3,64450.4,62633.1,63626.8,123991.647,7870418553.2683
1728316800000,2024-10-07T16:00:00.000Z,63626.8,63896.8,62098.6,62603.6,80451.209,5059108751.5827
1728360000000,2024-10-08T04:00:00.000Z,62603.6,63177.2,61850,62259.8,111334.269,6955113341.7272
1728403200000,2024-10-08T16:00:00.000Z,62259.8,62586.1,61852,62366,51902.125,3230436273.784
1728446400000,2024-10-09T04:00:00.000Z,62366,62525,61620,62289.8,72157.805,4477390148.6273
1728489600000,2024-10-09T16:00:00.000Z,62289.8,62321.5,60266,60845.5,87139.139,5319142320.4006
1728532800000,2024-10-10T04:00:00.000Z,60845.5,61294.2,60426.7,60765.2,84068.011,5118290721.1586
1728576000000,2024-10-10T16:00:00.000Z,60765.2,61014.7,58902.7,60580.7,110261.294,6603675991.7415
1728619200000,2024-10-11T04:00:00.000Z,60580.7,62448.2,60547.1,62238.3,97031.741,5962697162.873
1728662400000,2024-10-11T16:00:00.000Z,62238.3,63420.2,62105.7,62542.5,109199.761,6842103120.0418
1728705600000,2024-10-12T04:00:00.000Z,62542.5,63462.2,62541.4,63132.5,48516.556,3055695418.8987
1728748800000,2024-10-12T16:00:00.000Z,63132.5,63365.6,62627.8,62686.4,41170.428,2593737919.1496
1728792000000,2024-10-13T04:00:00.000Z,62686.4,62967.6,62020.5,62195.5,52389.805,3275484416.4739
1728835200000,2024-10-13T16:00:00.000Z,62195.5,64384.4,62141.5,64284.8,81113.122,5110066590.9516
1728878400000,2024-10-14T04:00:00.000Z,64284.8,66280.5,63764.9,65861.9,169975.452,11024307619.4993
1728921600000,2024-10-14T16:00:00.000Z,65861.9,66636.4,65328.2,65405.8,74514.149,4911580041.0564
1728964800000,2024-10-15T04:00:00.000Z,65405.8,67986,64773.3,66009.9,179292.784,11856611661.8855
1729008000000,2024-10-15T16:00:00.000Z,66009.9,67566.9,65972.1,67089,112929.065,7547329925.8313
1729051200000,2024-10-16T04:00:00.000Z,67089,68430.6,66760,67735.3,148839.296,10062217992.838
1729094400000,2024-10-16T16:00:00.000Z,67735.3,68085.5,67375,67575.4,46502.072,3149306993.9087
1729137600000,2024-10-17T04:00:00.000Z,67575.4,67674.1,66652,67556.2,110035.992,7386868426.578
1729180800000,2024-10-17T16:00:00.000Z,67556.2,68270.3,66691.7,67532.2,71618.638,4825971781.8134
1729224000000,2024-10-18T04:00:00.000Z,67532.2,68874.2,67532.2,68695.7,111789.465,7618347928.3526
1729267200000,2024-10-18T16:00:00.000Z,68695.7,69018.5,68190,68433.3,55510.367,3808708104.6868
1729310400000,2024-10-19T04:00:00.000Z,68433.3,68547.7,68062.3,68214.1,26990.308,1842238671.8879
1729353600000,2024-10-19T16:00:00.000Z,68214.1,68442.5,68003.8,68166.8,19418.34,1324674049.35
1729396800000,2024-10-20T04:00:00.000Z,68166.8,68750,68152,68612.3,42693.612,2922519111.759
1729440000000,2024-10-20T16:00:00.000Z,68612.3,69541.6,68400.3,68942.4,64305.907,4436468393.693
1729483200000,2024-10-21T04:00:00.000Z,68942.4,69197.6,66868.8,67350,105910.754,7185259568.1561
1729526400000,2024-10-21T16:00:00.000Z,67350,67931.8,66565.5,67397.1,88296.318,5947153899.7909
1729569600000,2024-10-22T04:00:00.000Z,67397.1,67789.2,66618.5,67266.7,112713.766,7576035546.0431
1729612800000,2024-10-22T16:00:00.000Z,67266.7,67840,66869,67065.8,56380.253,3796944399.2709
1729656000000,2024-10-23T04:00:00.000Z,67065.8,67294.2,65906.8,66203.6,117809.285,7837501748.5748
1729699200000,2024-10-23T16:00:00.000Z,66203.6,67619,65240.2,67221,118525.562,7864610088.8811
1729742400000,2024-10-24T04:00:00.000Z,67221,67977.2,66727,67672.9,92386.516,6230657842.9494
1729785600000,2024-10-24T16:00:00.000Z,67672.9,68847.9,67332.7,67983.4,72790.988,4953807610.5288
1729828800000,2024-10-25T04:00:00.000Z,67983.4,68750,67237.3,67660.8,98931.235,6720897249.1054
1729872000000,2024-10-25T16:00:00.000Z,67660.8,67846.1,65569,66880.7,164092.985,10966381113.9964
1729915200000,2024-10-26T04:00:00.000Z,66880.7,67248,66708,66864.4,38554.129,2582680912.0236
1729958400000,2024-10-26T16:00:00.000Z,66864.4,67435.6,66772.1,67260,22459.122,1507206891.2778
1730001600000,2024-10-27T04:00:00.000Z,67260,67837.1,67014.4,67750,41132.111,2774511323.4275
1730044800000,2024-10-27T16:00:00.000Z,67750,68300,67513.8,67698.1,48653.727,3303403180.5906
1730088000000,2024-10-28T04:00:00.000Z,67698.1,69272,67590.9,68465,108760.619,7467885637.196
1730131200000,2024-10-28T16:00:00.000Z,68465,71624.2,68431.1,70934.7,129423.977,9054526980.2372
1730174400000,2024-10-29T04:00:00.000Z,70934.7,72429.7,70832.9,72397.2,127869.465,9147666151.3098
1730217600000,2024-10-29T16:00:00.000Z,72397.2,73672,71890,72271.6,147094.422,10695002759.2344
1730260800000,2024-10-30T04:00:00.000Z,72271.6,72633.2,71455.4,72061.2,90798.83,6547804400.6266
1730304000000,2024-10-30T16:00:00.000Z,72061.2,72985.1,71647.9,72354.4,71885.177,5195596433.0168
1730347200000,2024-10-31T04:00:00.000Z,72354.4,72711.3,70465.6,70638.6,111941.501,8006724696.2019
1730390400000,2024-10-31T16:00:00.000Z,70638.6,70920.1,68860,69397.2,97101.908,6804476294.7616
1730433600000,2024-11-01T04:00:00.000Z,69397.2,71637.8,69038.8,69392,114455.97,8058697175.5987
1730476800000,2024-11-01T16:00:00.000Z,69392,70529.7,68829,69599.3,81089.241,5643094767.2967
1730520000000,2024-11-02T04:00:00.000Z,69599.3,69837.6,69023.8,69393.9,28663.32,1989860198.4392
1730563200000,2024-11-02T16:00:00.000Z,69393.9,69610.5,67845.4,68367.8,61475.75,4227437520.4655
1730606400000,2024-11-03T04:00:00.000Z,68367.8,68773,67463.8,68078.5,76872.287,5237377767.9548
1730649600000,2024-11-03T16:00:00.000Z,68078.5,69495.7,67678,69036.9,81437.782,5592563252.1963
1730692800000,2024-11-04T04:00:00.000Z,69036.9,69381,68187.9,68627.2,78534.454,5398005170.6566
1730736000000,2024-11-04T16:00:00.000Z,68627.2,68800.3,66824.7,68236.6,117486.848,7956537991.3951
1730779200000,2024-11-05T04:00:00.000Z,68236.6,70310.1,68210.8,69614.3,107843.076,7459520949.2705
1730822400000,2024-11-05T16:00:00.000Z,69614.3,75370,68702.1,74377.8,233054.879,16659179991.9914
1730865600000,2024-11-06T04:00:00.000Z,74377.8,75481.4,72700,74296,270495.305,20060247207.8499
1730908800000,2024-11-06T16:00:00.000Z,74296,76420.2,74134.5,75062.8,122365.651,9216113152.2804
1730952000000,2024-11-07T04:00:00.000Z,75062.8,76085.9,74460,76085.9,82602.299,6194728492.8318
1730995200000,2024-11-07T16:00:00.000Z,76085.9,76854.2,75491.6,75903.7,106320.205,8098088470.3723
1731038400000,2024-11-08T04:00:00.000Z,75903.7,76623.2,75623.4,76419.6,78311.622,5957258432.2699
1731081600000,2024-11-08T16:00:00.000Z,76419.6,77175.8,75822.1,76345,88328.483,6756220418.2139
1731124800000,2024-11-09T04:00:00.000Z,76345,76809.3,76255,76301.3,32653.161,2496675418.4961
1731168000000,2024-11-09T16:00:00.000Z,76301.3,77532.2,75688.6,77204,81497.691,6246624439.6168
1731211200000,2024-11-10T04:00:00.000Z,77204,80200.2,77133.3,79735,158588.107,12577989595.9011
1731254400000,2024-11-10T16:00:00.000Z,79735,81926.3,78555,81665,178260.55,14339799238.6593
1731297600000,2024-11-11T04:00:00.000Z,81665,84355,80480,84114.1,190918.401,15690939577.5272
1731340800000,2024-11-11T16:00:00.000Z,84114.1,89781.4,83896.2,88150.7,318788.228,27719604899.5699
1731384000000,2024-11-12T04:00:00.000Z,88150.7,90031.9,85176.8,86647.8,286440.491,25064595344.2585
1731427200000,2024-11-12T16:00:00.000Z,86647.8,89915,85792.5,87198.5,199560.798,17601896545.8792
1731470400000,2024-11-13T04:00:00.000Z,87198.5,92794,86180,92610,204179.744,18249031281.5355
1731513600000,2024-11-13T16:00:00.000Z,92610,93375.4,88010,89988,251846.611,22880422489.9273
1731556800000,2024-11-14T04:00:00.000Z,89988,91842.8,87870.8,88001.1,164152.451,14819776414.121
1731600000000,2024-11-14T16:00:00.000Z,88001.1,89720.8,86730,88253.1,150609.123,13293827603.8678
1731643200000,2024-11-15T04:00:00.000Z,88253.1,90780.2,87112.4,88485.7,136482.997,12147292546.218
1731686400000,2024-11-15T16:00:00.000Z,88485.7,91928,88434.3,91300,107915.911,9765686361.5065
1731729600000,2024-11-16T04:00:00.000Z,91300,91836.8,90120,90578.2,46821,4262593092.9557
1731772800000,2024-11-16T16:00:00.000Z,90578.2,91443.8,89400.8,90290.5,44798.316,4054699099.6315
1731816000000,2024-11-17T04:00:00.000Z,90290.5,91535,89960.2,90305.4,59390.868,5391237685.8259
1731859200000,2024-11-17T16:00:00.000Z,90305.4,91000.2,88750,90736.7,68702.31,6181179313.1731
1731902400000,2024-11-18T04:00:00.000Z,90736.7,92700,89429.5,92417.4,134729.037,12276218503.9817
1731945600000,2024-11-18T16:00:00.000Z,92417.4,92674.1,89724.6,91480.2,125561.611,11460488608.6325
1731988800000,2024-11-19T04:00:00.000Z,91480.2,92885.6,91019,92438.8,111439.62,10244327765.1524
1732032000000,2024-11-19T16:00:00.000Z,92438.8,93978.9,91355,92068.6,131477.839,12189792296.5099
1732075200000,2024-11-20T04:00:00.000Z,92068.6,94849.2,91902,94737.6,116580.67,10926696555.7108
1732118400000,2024-11-20T16:00:00.000Z,94737.6,95935,93126.5,95793.1,113825.737,10735359511.8737
1732161600000,2024-11-21T04:00:00.000Z,95793.1,98414.8,95636.4,96688.5,169242.095,16454076643.4724
1732204800000,2024-11-21T16:00:00.000Z,96688.5,99415.1,96322.6,98888.9,109293.675,10723752784.1574
1732248000000,2024-11-22T04:00:00.000Z,98888.9,99523,97205.1,98696.5,90661.192,8926960821.6573
1732291200000,2024-11-22T16:00:00.000Z,98696.5,99660.2,98268.6,98702.8,66579.31,6588467540.8983
1732334400000,2024-11-23T04:00:00.000Z,98702.8,98912.7,98319.5,98450,27222.425,2684093331.5798
1732377600000,2024-11-23T16:00:00.000Z,98450,98622.4,97198.8,98270.9,57315.009,5611207918.1244
1732420800000,2024-11-24T04:00:00.000Z,98270.9,98550.2,95979.5,95990.9,77880.601,7578427404.5562
1732464000000,2024-11-24T16:00:00.000Z,95990.9,98431.4,95829.5,97938.6,60744.306,5896961160.7904
1732507200000,2024-11-25T04:00:00.000Z,97938.6,98975.4,94678,96040.6,105316.847,10231452549.0194
1732550400000,2024-11-25T16:00:00.000Z,96040.6,96563.2,92670,94537.7,132011.991,12471634913.9236
1732593600000,2024-11-26T04:00:00.000Z,94537.7,95052.2,91555.7,92877.6,141281.723,13133455121.0181
1732636800000,2024-11-26T16:00:00.000Z,92877.6,94737.7,90875.6,92645.3,102195.89,9450320431.7744
1732680000000,2024-11-27T04:00:00.000Z,92645.3,95909.1,92413.2,95601,87619.161,8239068710.7615
1732723200000,2024-11-27T16:00:00.000Z,95601,97257,94879.9,95515.2,91967.219,8837143127.0405
1732766400000,2024-11-28T04:00:00.000Z,95515.2,96280,94700.1,95073.1,69007.804,6585042781.13
1732809600000,2024-11-28T16:00:00.000Z,95073.1,96922.8,94777,96639.9,41974.741,4018188393.6863
1732852800000,2024-11-29T04:00:00.000Z,96639.9,98711,95672.9,98075.9,90583.094,8800731388.5547
1732896000000,2024-11-29T16:00:00.000Z,98075.9,98500,96400.6,96708.4,49376.715,4804485044.5007
1732939200000,2024-11-30T04:00:00.000Z,96708.4,97300.2,96165,96707.4,31556.148,3051218604.4066
1732982400000,2024-11-30T16:00:00.000Z,96707.4,97110,95750,96400,29478.831,2844035867.3109
1733025600000,2024-12-01T04:00:00.000Z,96400,97462.5,96260,97080.9,37872.961,3673316347.5999
1733068800000,2024-12-01T16:00:00.000Z,97080.9,98250,96427.3,96550.2,39526.387,3850938928.6332
1733112000000,2024-12-02T04:00:00.000Z,96550.2,97268,94836.6,97115.5,81530.569,7819677017.5787
1733155200000,2024-12-02T16:00:00.000Z,97115.5,97430.2,94432.2,96152.1,59753.133,5725919708.115
1733198400000,2024-12-03T04:00:00.000Z,96152.1,96325.1,93607.5,95760,92015.315,8744700879.2769
1733241600000,2024-12-03T16:00:00.000Z,95760,96732.4,94928.5,95852.3,56783.71,5435036278.2082
1733284800000,2024-12-04T04:00:00.000Z,95852.3,97038.6,95399.9,95800,62627.104,6026524199.7469
1733328000000,2024-12-04T16:00:00.000Z,95800,104590.2,94651.5,103094.5,169912.668,16812836817.2058
1733371200000,2024-12-05T04:00:00.000Z,103094.5,103688.3,100950.9,101350.3,105885.504,10864595098.0474
1733414400000,2024-12-05T16:00:00.000Z,101350.3,102064.6,90759.3,97798.1,180558.948,17719235611.8008
1733457600000,2024-12-06T04:00:00.000Z,97798.1,99543.8,97450,99358.8,87661.823,8630930661.3815
1733500800000,2024-12-06T16:00:00.000Z,99358.8,101987.2,98802.6,99383.2,87222.927,8768081187.9249
1733544000000,2024-12-07T04:00:00.000Z,99383.2,99892.6,98838.8,99811.4,32542.369,3236749519.9976
1733587200000,2024-12-07T16:00:00.000Z,99811.4,100499.1,99528,99996.9,26068.297,2608101060.3859
1733630400000,2024-12-08T04:00:00.000Z,99996.9,100597.4,98715.9,99975.2,56426.573,5624914502.0269
1733673600000,2024-12-08T16:00:00.000Z,99975.2,101459,98539,99181.5,52898.338,5287456532.9623
1733716800000,2024-12-09T04:00:00.000Z,99181.5,100481.5,97561.4,97852.9,102184.326,10108618231.8358
1733760000000,2024-12-09T16:00:00.000Z,97852.9,98436.6,94134.2,96956.1,141224.452,13686933718.5092
1733803200000,2024-12-10T04:00:00.000Z,96956.1,98300,95651.3,95675.1,98121.878,9536525591.1578
1733846400000,2024-12-10T16:00:00.000Z,95675.1,97643,94288,97420.9,107528.371,10308832845.5517
1733889600000,2024-12-11T04:00:00.000Z,97420.9,100794.2,97185.7,100352.7,75963.409,7502258610.4602
1733932800000,2024-12-11T16:00:00.000Z,100352.7,101860.7,99590,100999.9,78578.358,7926760669.9194
1733976000000,2024-12-12T04:00:00.000Z,100999.9,101850.2,100139.8,101775.2,76814.827,7753208633.3481
1734019200000,2024-12-12T16:00:00.000Z,101775.2,102539.2,99165,99690.8,81564.222,8191255420.8032
1734062400000,2024-12-13T04:00:00.000Z,99690.8,101339.2,99446.4,99840.3,61051.287,6124546067.9334
1734105600000,2024-12-13T16:00:00.000Z,99840.3,102638.2,99750,102040.7,71269.62,7228256718.505
1734148800000,2024-12-14T04:00:00.000Z,102040.7,102111.2,100798.4,101601.8,35145.05,3565089114.5218
1734192000000,2024-12-14T16:00:00.000Z,101601.8,102157,100561.3,101700.3,33560.201,3400928841.2567
1734235200000,2024-12-15T04:00:00.000Z,101700.3,103341.7,101470.7,102668.5,66800.602,6845792756.0053
1734278400000,2024-12-15T16:00:00.000Z,102668.5,106652.9,102556.3,104560.2,98249.421,10256774774.1291
1734321600000,2024-12-16T04:00:00.000Z,104560.2,106464,103276,106281.1,78729.922,8260295026.7179
1734364800000,2024-12-16T16:00:00.000Z,106281.1,107773.4,105424,106815.4,66548.682,7089817797.1264
1734408000000,2024-12-17T04:00:00.000Z,106815.4,108350,105695.3,106427.8,82371.692,8813539738.9368
1734451200000,2024-12-17T16:00:00.000Z,106427.8,107595.6,104527.8,104732.7,77508.023,8223537467.8254
1734494400000,2024-12-18T04:00:00.000Z,104732.7,105325.5,103067.2,104395.1,86722.056,9035847435.0063
1734537600000,2024-12-18T16:00:00.000Z,104395.1,104959.6,98752.4,101171.5,180824.604,18373302039.5957
1734580800000,2024-12-19T04:00:00.000Z,101171.5,102756.6,99455.1,100631.1,86680.12,8781423060.1127
1734624000000,2024-12-19T16:00:00.000Z,100631.1,101162.7,95698,97083.4,181680.833,17760538043.4736
1734667200000,2024-12-20T04:00:00.000Z,97083.4,98230.6,92276.9,96961.3,206612.966,19706350845.1221
1734710400000,2024-12-20T16:00:00.000Z,96961.3,97773.3,95402,97436.6,60885.92,5904443440.9368
1734753600000,2024-12-21T04:00:00.000Z,97436.6,99481.2,96375,97489.3,78229.308,7654734756.1458
1734796800000,2024-12-21T16:00:00.000Z,97489.3,98044,96525.5,96965.4,58892.053,5726961253.8156
1734840000000,2024-12-22T04:00:00.000Z,96965.4,97302.4,95085,95340.9,62813.076,6049868841.7229
1734883200000,2024-12-22T16:00:00.000Z,95340.9,96416.3,93670,95990.1,77733.669,7383023858.5625
1734926400000,2024-12-23T04:00:00.000Z,95990.1,96495,93060.3,93217.9,85915.759,8163689349.8598
1734969600000,2024-12-23T16:00:00.000Z,93217.9,95481.5,92468.1,94332,84476.788,7925382691.9926
1735012800000,2024-12-24T04:00:00.000Z,94332,98272.5,93786.7,98247,85161.334,8155085815.7382
1735056000000,2024-12-24T16:00:00.000Z,98247,99441.7,97228.7,98000,79412.867,7809758419.5601
1735099200000,2024-12-25T04:00:00.000Z,98000,99300,97585,98484.4,59644.28,5866962149.2674
1735142400000,2024-12-25T16:00:00.000Z,98484.4,99941.1,98100,98957.6,57286.511,5669363342.4467
1735185600000,2024-12-26T04:00:00.000Z,98957.6,98957.9,95153,95993.1,98001.236,9436953965.3072
1735228800000,2024-12-26T16:00:00.000Z,95993.1,96580.3,95276.4,96379.1,50335.005,4827466245.9138
1735272000000,2024-12-27T04:00:00.000Z,96379.1,97521,93980.3,94540.2,101949.572,9772386628.1354
1735315200000,2024-12-27T16:00:00.000Z,94540.2,94972.9,93461.6,94550.3,47535.838,4482051382.2423
1735358400000,2024-12-28T04:00:00.000Z,94550.3,95320,94256.9,94407.7,29916.54,2832673618.036
1735401600000,2024-12-28T16:00:00.000Z,94407.7,95700.5,94356.5,95126.7,32586.523,3097698957.7429
1735444800000,2024-12-29T04:00:00.000Z,95126.7,95276,93959.9,94468.6,30511.842,2891414919.5209
1735488000000,2024-12-29T16:00:00.000Z,94468.6,94537.9,92961.1,93698,64702.819,6059949126.1818
1735531200000,2024-12-30T04:00:00.000Z,93698,94250,91512.1,92081.8,80691.718,7498128764.2237
1735574400000,2024-12-30T16:00:00.000Z,92081.8,95000,91767.4,92493.6,86989.575,8108832059.8424
1735617600000,2024-12-31T04:00:00.000Z,92493.6,96238.7,92315.4,95389.6,102857.012,9725434957.5684
1735660800000,2024-12-31T16:00:00.000Z,95389.6,95569.8,93150,93815.1,61760.862,5808565826.0206
1735704000000,2025-01-01T04:00:00.000Z,93815.1,94487.6,92852.8,94413.9,52943.82,4962090101.7185
1735747200000,2025-01-01T16:00:00.000Z,94413.9,95513,93694.9,95006.6,53539.657,5068156967.4961
1735790400000,2025-01-02T04:00:00.000Z,95006.6,97400,94971.3,96428.8,83549.54,8050930405.2195
1735833600000,2025-01-02T16:00:00.000Z,96428.8,97797.5,96035,97020.1,57512.362,5582910828.6641
1735876800000,2025-01-03T04:00:00.000Z,97020.1,97631.3,96068,97477.3,54867.646,5307736207.1336
1735920000000,2025-01-03T16:00:00.000Z,97477.3,98944,97360,98149.3,47413.297,4656918278.8758
1735963200000,2025-01-04T04:00:00.000Z,98149.3,98294.5,97502.6,97627.3,30258.261,2960664374.2633
1736006400000,2025-01-04T16:00:00.000Z,97627.3,98759.4,97535.1,98160.1,25302.65,2484558651.4095
1736049600000,2025-01-05T04:00:00.000Z,98160.1,98492,97246,97981.7,39512.68,3865743283.4526
1736092800000,2025-01-05T16:00:00.000Z,97981.7,99267.2,97534.2,98997.8,52988.429,5219848018.4047
1736136000000,2025-01-06T04:00:00.000Z,98997.8,102435.1,98669,102092,99984.893,9994339058.7232
1736179200000,2025-01-06T16:00:00.000Z,102092,102700,101228.6,101661.3,57413.714,5853285351.5007
1736222400000,2025-01-07T04:00:00.000Z,101661.3,101982.4,97105.5,97930,102566.958,10229087178.0894
1736265600000,2025-01-07T16:00:00.000Z,97930,98308.6,96179.4,96499.9,109179.033,10589769031.8086
1736308800000,2025-01-08T04:00:00.000Z,96499.9,96616.5,94500,95449.7,107058.165,10225362448.2911
1736352000000,2025-01-08T16:00:00.000Z,95449.7,95450.5,92505.7,93985,106456.579,10028182935.7791
1736395200000,2025-01-09T04:00:00.000Z,93985,94582.3,91747,94195.4,117818.629,10971208047.389
1736438400000,2025-01-09T16:00:00.000Z,94195.4,94641.5,91142.7,93643.7,97067.542,8997166029.6147
1736481600000,2025-01-10T04:00:00.000Z,93643.7,95237.1,92179.6,93696.9,123991.942,11650838598.9047
1736524800000,2025-01-10T16:00:00.000Z,93696.9,95807.1,93165,94168.2,66334.126,6267675448.0037
1736568000000,2025-01-11T04:00:00.000Z,94168.2,94747.9,93802.5,94365.6,26821.595,2529688098.3724
1736611200000,2025-01-11T16:00:00.000Z,94365.6,94990.2,93943,94579.9,25082.106,2369508725.5352
1736654400000,2025-01-12T04:00:00.000Z,94579.9,95435,93661,95035.8,39406.418,3721307526.5064
1736697600000,2025-01-12T16:00:00.000Z,95035.8,95913,93735.6,94215.7,47665.546,4513812807.5317
1736740800000,2025-01-13T04:00:00.000Z,94215.7,94870,89035.7,92107.3,167725.424,15420292158.6355
1736784000000,2025-01-13T16:00:00.000Z,92107.3,95244.7,91219.9,94821.2,74951.131,6984674612.9774
1736827200000,2025-01-14T04:00:00.000Z,94821.2,97342.3,94712.7,96424.8,99860.216,9607389149.1787
1736870400000,2025-01-14T16:00:00.000Z,96424.8,97500,95309.9,97288.7,53743.323,5185765241.4143
1736913600000,2025-01-15T04:00:00.000Z,97288.7,99741,96500,98943.3,98000.185,9612995696.2354
1736956800000,2025-01-15T16:00:00.000Z,98943.3,100828.7,98554.1,99439,67767.24,6755547623.2605
1737000000000,2025-01-16T04:00:00.000Z,99439,99868.8,97293.7,99263.3,85235.103,8414289810.7409
1737043200000,2025-01-16T16:00:00.000Z,99263.3,102129.9,99024.2,101005.4,91278.014,9155823043.7424
1737086400000,2025-01-17T04:00:00.000Z,101005.4,104198.8,100900,103946.5,77111.497,7907862814.6303
1737129600000,2025-01-17T16:00:00.000Z,103946.5,105784.2,103030.6,103531.3,77890.155,8146254198.357
1737172800000,2025-01-18T04:00:00.000Z,103531.3,104960.9,102242.8,104517.4,79747.276,8251298564.9099
1737216000000,2025-01-18T16:00:00.000Z,104517.4,105439.6,103112.7,104958.5,48156.565,5021233606.1187
1737259200000,2025-01-19T04:00:00.000Z,104958.5,105737,103463.2,104934.1,87324.018,9153549917.4227
1737302400000,2025-01-19T16:00:00.000Z,104934.1,106435,99501,101876.1,165406.385,16922977582.3946
1737345600000,2025-01-20T04:00:00.000Z,101876.1,109988.2,101519.5,104987.6,171671.541,18387727111.4455
1737388800000,2025-01-20T16:00:00.000Z,104987.6,107073.9,100115,102934.1,180613.56,18660645897.4109
1737432000000,2025-01-21T04:00:00.000Z,102934.1,105292.1,101117.3,103929.1,93700.173,9677202317.467
1737475200000,2025-01-21T16:00:00.000Z,103929.1,107217.2,103781.5,105600.1,80504.257,8529264873.6159
1737518400000,2025-01-22T04:00:00.000Z,105600.1,105946.8,103620.7,104138.3,71711.394,7513764934.3503
1737561600000,2025-01-22T16:00:00.000Z,104138.3,104801,102080.8,102417.3,61362.612,6354833864.6211
1737604800000,2025-01-23T04:00:00.000Z,102417.3,105993,101212.1,105188.9,127101.733,13115297311.5306
1737648000000,2025-01-23T16:00:00.000Z,105188.9,106839.1,102184.4,103842.9,160313.592,16750630348.0564
1737691200000,2025-01-24T04:00:00.000Z,103842.9,106295.8,103745.5,105822.5,66096.845,6955781104.5287
1737734400000,2025-01-24T16:00:00.000Z,105822.5,107069.7,104318,105147,55221.776,5827917082.0445
1737777600000,2025-01-25T04:00:00.000Z,105147,105152.1,104051,104852.3,29544.817,3088256616.0073
1737820800000,2025-01-25T16:00:00.000Z,104852.3,105265.4,104410.8,105036.5,27069.115,2838970118.5524
1737864000000,2025-01-26T04:00:00.000Z,105036.5,105486,104366,104920.7,26642.296,2793829230.8385
1737907200000,2025-01-26T16:00:00.000Z,104920.7,105235.8,100666,101349.4,78423.632,8044137017.4567
1737950400000,2025-01-27T04:00:00.000Z,101349.4,102250,97700,101071.1,142526.418,14247617388.4018
1737993600000,2025-01-27T16:00:00.000Z,101071.1,102840.5,98820.4,102582.6,81383.679,8218632104.6853
1738036800000,2025-01-28T04:00:00.000Z,102582.6,103777.3,101770.5,102730.8,66219.096,6805385080.6027
1738080000000,2025-01-28T16:00:00.000Z,102730.8,103084.5,100239.6,102003.1,73197.204,7453315314.2295
1738123200000,2025-01-29T04:00:00.000Z,102003.1,103000,101529.3,101934.2,52741.018,5394587274.9457
1738166400000,2025-01-29T16:00:00.000Z,101934.2,105270.8,101379.4,105155.9,109118.548,11269517406.44
1738209600000,2025-01-30T04:00:00.000Z,105155.9,106421.4,104607.2,105519.6,58835.925,6198779179.1873
1738252800000,2025-01-30T16:00:00.000Z,105519.6,105950.3,103888.7,104286.9,47277.267,4961918395.969
1738296000000,2025-01-31T04:00:00.000Z,104286.9,106000.2,103900,105407.2,55636.405,5823001691.3116
1738339200000,2025-01-31T16:00:00.000Z,105407.2,105536.2,101500,102203.8,73102.414,7527219140.5428
1738382400000,2025-02-01T04:00:00.000Z,102203.8,102543.4,101349.9,102031.8,35869.614,3657750595.1984
1738425600000,2025-02-01T16:00:00.000Z,102031.8,102247.4,99111,99160.7,60156.138,6062010552.3135
1738468800000,2025-02-02T04:00:00.000Z,99160.7,100457.5,98104.9,99298.5,70738.166,7020591661.1495
1738512000000,2025-02-02T16:00:00.000Z,99298.5,99311.6,91160.1,93999.9,208687.6,20019847747.6589
1738555200000,2025-02-03T04:00:00.000Z,93999.9,99450,92614,98803,122655.5,11741296368.3838
1738598400000,2025-02-03T16:00:00.000Z,98803,102428.3,98002.1,100588.7,90338.303,9068390862.7175
1738641600000,2025-02-04T04:00:00.000Z,100588.7,100736.7,97796.3,99310.8,108225.505,10724123648.5739
1738684800000,2025-02-04T16:00:00.000Z,99310.8,100744,96110.8,97996.5,106263.932,10440374818.0876
1738728000000,2025-02-05T04:00:00.000Z,97996.5,99104.7,97210.6,98063.2,57716.349,5662508142.8539
1738771200000,2025-02-05T16:00:00.000Z,98063.2,98257.7,96106.1,97305.6,43987.907,4268053502.9703
1738814400000,2025-02-06T04:00:00.000Z,97305.6,99088.5,96875.3,97286,68653.352,6740592568.73
1738857600000,2025-02-06T16:00:00.000Z,97286,97800,95650,97410.1,64852.069,6270666303.4826
1738900800000,2025-02-07T04:00:00.000Z,97410.1,100112.7,96536.5,98247.5,99790.837,9803677159.3668
1738944000000,2025-02-07T16:00:00.000Z,98247.5,98536.3,95570.4,96660.3,54075.296,5244538964.0998
1738987200000,2025-02-08T04:00:00.000Z,96660.3,96660.3,95615.9,95798.2,25601.117,2458839230.3818
1739030400000,2025-02-08T16:00:00.000Z,95798.2,97278.7,95685.6,97278.3,26237.875,2533027054.1615
1739073600000,2025-02-09T04:00:00.000Z,97278.3,97300.3,95666,96438,35738.512,3450376804.231
1739116800000,2025-02-09T16:00:00.000Z,96438,97085.6,94663.1,96770.2,66924.806,6429583702.8999
1739160000000,2025-02-10T04:00:00.000Z,96770.2,98328.4,96591.8,97187.7,53086.306,5173037015.6987
1739203200000,2025-02-10T16:00:00.000Z,97187.7,98102,96828.4,97565.7,25281.809,2465264241.4292
1739246400000,2025-02-11T04:00:00.000Z,97565.7,98452,96530,96960,54270.791,5294826072.3521
1739289600000,2025-02-11T16:00:00.000Z,96960,97002.2,94823.2,95257.4,65662.596,6289377381.5882
1739332800000,2025-02-12T04:00:00.000Z,95257.4,96596.5,94027.1,95762,78294.86,7468030527.2276
1739376000000,2025-02-12T16:00:00.000Z,95762,98091.1,95074,97469.9,68800.633,6689232792.1455
1739419200000,2025-02-13T04:00:00.000Z,97469.9,97517.2,95287.4,95950.2,74468.715,7154242742.342
1739462400000,2025-02-13T16:00:00.000Z,95950.2,97139.6,95184,97082.6,40986.539,3938346314.3661
1739505600000,2025-02-14T04:00:00.000Z,97082.6,97561.9,96229.3,96886.5,48100.801,4659864861.0785
1739548800000,2025-02-14T16:00:00.000Z,96886.5,98793,96450,97619.4,59017.432,5764786145.3329
1739592000000,2025-02-15T04:00:00.000Z,97619.4,97894,97265,97594.4,19627.62,1914998408.1608
1739635200000,2025-02-15T16:00:00.000Z,97594.4,97698.4,97275.4,97500.7,12465.987,1215420919.7774
1739678400000,2025-02-16T04:00:00.000Z,97500.7,97617.3,96631.7,96849.9,25344.858,2460906902.0609
1739721600000,2025-02-16T16:00:00.000Z,96849.9,97228.2,96000,96171.4,24896.348,2402885759.0956
1739764800000,2025-02-17T04:00:00.000Z,96171.4,96985,95506.3,95605.4,44819.992,4314324425.1226
1739808000000,2025-02-17T16:00:00.000Z,95605.4,96387.1,95150.4,96163.1,33658.313,3222902003.1844
1739851200000,2025-02-18T04:00:00.000Z,96163.1,96714.1,94999,95501.3,51305.8386,4912061059.4506
1739894400000,2025-02-18T16:00:00.000Z,95501.3,95931.9,93333,95657,68375.083,6467874261.68629
1739937600000,2025-02-19T04:00:00.000Z,95657,96666.8,95012.6,95895.7,47971.1013,4602914767.00952
1739980800000,2025-02-19T16:00:00.000Z,95895.7,97333,95365.6,97017.7,37975.9621,3663787649.83005
1740024000000,2025-02-20T04:00:00.000Z,97017.7,98000,96743.9,96864.8,45230.3278,4398427613.6701
1740067200000,2025-02-20T16:00:00.000Z,96864.8,98662.3,96850.2,98100,36551.5439,3583563266.54623
1740110400000,2025-02-21T04:00:00.000Z,98100,99425.8,97151.2,98056.3,75629.8763,7447869624.26168
1740153600000,2025-02-21T16:00:00.000Z,98056.3,98712.9,94850,96250,77224.0669,7448590049.39249
1740196800000,2025-02-22T04:00:00.000Z,96250,96951,96108.3,96552.6,24688.1448,2382219547.74308
1740240000000,2025-02-22T16:00:00.000Z,96552.6,96794.8,96312.8,96373.7,11201.4749,1081537122.42928
1740283200000,2025-02-23T04:00:00.000Z,96373.7,96504.3,95359.5,95391.7,25612.5574,2458247383.89415
1740326400000,2025-02-23T16:00:00.000Z,95391.7,96455,95207.2,95388.3,24360.8399,2333748022.42319
1740369600000,2025-02-24T04:00:00.000Z,95388.3,96132,93801.6,94296,60875.5775,5787889954.0297
1740412800000,2025-02-24T16:00:00.000Z,94296,95172,90880,92125.5,86426.0338,8032459317.63662
1740456000000,2025-02-25T04:00:00.000Z,92125.5,92282.1,86020.4,87196,144175.491,12797941578.43988
1740499200000,2025-02-25T16:00:00.000Z,87196,89430,86132.9,88858,68775.8324,6042250611.51231
1740542400000,2025-02-26T04:00:00.000Z,88858,89277.6,85400,87536.4,86069.2487,7543179543.97852
1740585600000,2025-02-26T16:00:00.000Z,87536.4,87784.7,82222,85177.1,116206.5337,9853883282.42417
1740628800000,2025-02-27T04:00:00.000Z,85177.1,87058,84618.3,85472.9,84322.7504,7245359536.4219
1740672000000,2025-02-27T16:00:00.000Z,85472.9,85664.8,79500,80421.8,118317.5529,9790491021.48475
1740715200000,2025-02-28T04:00:00.000Z,80421.8,84368.6,78217.3,83961.2,161936.5554,13035704838.04562
1740758400000,2025-02-28T16:00:00.000Z,83961.2,85636.8,83158,85280.9,63480.9784,5351531268.5659
1740801600000,2025-03-01T04:00:00.000Z,85280.9,86502.2,84289.6,84761.2,48770.6494,4152476202.81492
1740844800000,2025-03-01T16:00:00.000Z,84761.2,86448.5,84652,85812,38268.2266,3280133812.4946
1740888000000,2025-03-02T04:00:00.000Z,85812,88640,85015,87390,59699.4396,5158742401.52081
1740931200000,2025-03-02T16:00:00.000Z,87390,94969.7,87243.2,92659.9,130415.5864,12059870109.7292
1740974400000,2025-03-03T04:00:00.000Z,92659.9,93654.7,89100,90009.5,102352.7006,9388467521.22529
1741017600000,2025-03-03T16:00:00.000Z,90009.5,90959.1,82424.8,83924.6,131609.6083,11363656834.4862
1741060800000,2025-03-04T04:00:00.000Z,83924.6,84932.1,81430,82940.3,99644.9518,8308272395.70584
1741104000000,2025-03-04T16:00:00.000Z,82940.3,88924.1,81911,86800,100562.4755,8692552350.97495
1741147200000,2025-03-05T04:00:00.000Z,86800,90883,86694,88312.6,93645.961,8341067892.43802
1741190400000,2025-03-05T16:00:00.000Z,88312.6,91981.8,87560.3,91563.3,69659.8546,6271233433.80069
1741233600000,2025-03-06T04:00:00.000Z,91563.3,92780.7,89071.3,90777.8,90590.0563,8232313682.97855
1741276800000,2025-03-06T16:00:00.000Z,90777.8,91254,84600,86958.5,113017.0058,9965981778.87672
1741320000000,2025-03-07T04:00:00.000Z,86958.5,91079.8,86812,88424.9,96376.3974,8582075308.25967
1741363200000,2025-03-07T16:00:00.000Z,88424.9,88990,85159.8,85880.1,99688.4365,8685818363.84809
1741406400000,2025-03-08T04:00:00.000Z,85880.1,86624.3,85610,86359.9,31400.7621,2706652907.36407
1741449600000,2025-03-08T16:00:00.000Z,86359.9,86459,85616,86077,21223.21,1826249861.62808
1741492800000,2025-03-09T04:00:00.000Z,86077,86128.3,82675,83030.4,63270.6829,5339539071.23937
1741536000000,2025-03-09T16:00:00.000Z,83030.4,83727.8,79932.9,82000,96217.9998,7879647662.38418
1741579200000,2025-03-10T04:00:00.000Z,82000,84028.3,79146.5,80004.6,116809.278,9539186308.10526
1741622400000,2025-03-10T16:00:00.000Z,80004.6,80210,76562.9,79490.3,117978.5501,9268789106.54826
1741665600000,2025-03-11T04:00:00.000Z,79490.3,82224.7,79026.2,81190.7,133460.7827,10780308703.66546
1741708800000,2025-03-11T16:00:00.000Z,81190.7,83741.4,80607.8,82087.5,73823.0222,6081765063.57181
1741752000000,2025-03-12T04:00:00.000Z,82087.5,84467.5,80594.4,81689.9,113252.0638,9331717634.35171
1741795200000,2025-03-12T16:00:00.000Z,81689.9,84300,81575.7,83537.2,54263.5172,4500794408.45621
1741838400000,2025-03-13T04:00:00.000Z,83537.2,83913,80921,81015.9,83292.6176,6875147966.08958
1741881600000,2025-03-13T16:00:00.000Z,81015.9,82246.9,79903.9,81855,56854.505,4598974004.88267
1741924800000,2025-03-14T04:00:00.000Z,81855,85270,81731.9,84684.2,83247.9422,6941789634.63969
1741968000000,2025-03-14T16:00:00.000Z,84684.2,84902.1,83666,84440,42736.6385,3604794913.26796
1742011200000,2025-03-15T04:00:00.000Z,84440,84520,83580,84295.7,30550.1063,2567331450.6309
1742054400000,2025-03-15T16:00:00.000Z,84295.7,84450.2,83700,84296,20840.4525,1753729040.36825
1742097600000,2025-03-16T04:00:00.000Z,84296,84382.2,82335,83280,64059.9044,5326776882.16762
1742140800000,2025-03-16T16:00:00.000Z,83280,85118.3,81947,83641,64691.417,5395955567.31092
1742184000000,2025-03-17T04:00:00.000Z,83641,83956.5,82388.6,83499,71728.1482,5970060396.48299
1742227200000,2025-03-17T16:00:00.000Z,83499,84712.4,82921.8,83110.4,45739.6073,3832123759.90273
1742270400000,2025-03-18T04:00:00.000Z,83110.4,83407.7,81112.9,81567.9,80136.4179,6595400009.28559
1742313600000,2025-03-18T16:00:00.000Z,81567.9,83200,81208.7,83005,43066.1394,3541324606.42414
1742356800000,2025-03-19T04:00:00.000Z,83005,84850,82752.1,84693.3,60648.3253,5080092064.0598
1742400000000,2025-03-19T16:00:00.000Z,84693.3,87447.6,83506.4,85844.6,101787.5568,8694998033.66064
1742443200000,2025-03-20T04:00:00.000Z,85844.6,86480,84520.1,84656.6,72709.851,6221978016.09045
1742486400000,2025-03-20T16:00:00.000Z,84656.6,84838.8,83614,84410.4,49929.3791,4205426698.99051
1742529600000,2025-03-21T04:00:00.000Z,84410.4,84762.6,83130.7,83526,62258.4237,5223680891.68836
1742572800000,2025-03-21T16:00:00.000Z,83526,84546.8,83334.4,84214.6,25948.2489,2180400571.32635
1742616000000,2025-03-22T04:00:00.000Z,84214.6,84500,83932.7,84073.5,18582.8082,1565025048.68367
1742659200000,2025-03-22T16:00:00.000Z,84073.5,84288.8,83578.6,84193.5,16679.469,1400852656.98601
1742702400000,2025-03-23T04:00:00.000Z,84193.5,85228.1,84025,85147.9,38576.8591,3267584864.41183
1742745600000,2025-03-23T16:00:00.000Z,85147.9,86622,84756,86502.5,53595.5842,4591097480.12498
1742788800000,2025-03-24T04:00:00.000Z,86502.5,88741.8,86502.5,88283.6,81108.9522,7097778453.92205
1742832000000,2025-03-24T16:00:00.000Z,88283.6,88488.9,86296.5,86477.4,53846.0244,4712814577.81697
1742875200000,2025-03-25T04:00:00.000Z,86477.4,88218.2,86261.8,87723.1,70433.255,6142759831.8619
1742918400000,2025-03-25T16:00:00.000Z,87723.1,88500,86984,87117,42771.858,3750855146.85217
1742961600000,2025-03-26T04:00:00.000Z,87117,88253.9,86387.7,86700.5,75348.4844,6583264859.85411
1743004800000,2025-03-26T16:00:00.000Z,86700.5,87712.8,85816.3,87623.4,54889.2158,4766359941.3867
1743048000000,2025-03-27T04:00:00.000Z,87623.4,87635,85750,86931.2,84848.1337,7368639505.07959
1743091200000,2025-03-27T16:00:00.000Z,86931.2,87695.9,86698.1,86741.8,38983.3629,3396092777.44567
1743134400000,2025-03-28T04:00:00.000Z,86741.8,86792.8,83923.2,84009.1,116216.5394,9902778580.51966
1743177600000,2025-03-28T16:00:00.000Z,84009.1,84585.4,83553.7,84131.4,42892.4185,3601773916.67263
1743220800000,2025-03-29T04:00:00.000Z,84131.4,84222,81965.2,82371.7,57627.4448,4778195101.00812
1743264000000,2025-03-29T16:00:00.000Z,82371.7,83450,81609.5,83042.7,42668.4556,3520742229.8483
1743307200000,2025-03-30T04:00:00.000Z,83042.7,83488,82534.1,82699.9,38790.1253,3219934817.94502
1743350400000,2025-03-30T16:00:00.000Z,82699.9,82871.8,81232,81491.6,55720.8689,4573923120.79552
1743393600000,2025-03-31T04:00:00.000Z,81491.6,83885.5,81254.9,83368,93965.8028,7751767123.03477
1743436800000,2025-03-31T16:00:00.000Z,83368,83654.6,82222.3,82930,42695.3134,3537249004.62667
1743480000000,2025-04-01T04:00:00.000Z,82930,85455,82505,85245.4,102839.8594,8626603246.24663
1743523200000,2025-04-01T16:00:00.000Z,85245.4,85534,84480,84512.2,43772.5179,3720716634.51282
1743566400000,2025-04-02T04:00:00.000Z,84512.2,87288,83873.1,86700,106755.9485,9116058415.93181
1743609600000,2025-04-02T16:00:00.000Z,86700,88500,82145.7,83435.2,139038.7289,11803418661.61605
1743652800000,2025-04-03T04:00:00.000Z,83435.2,83748.1,81173.1,82001.7,98789.2813,8153112018.95369
1743696000000,2025-04-03T16:00:00.000Z,82001.7,83376.2,81506.1,82788,47483.4498,3913828950.24747
1743739200000,2025-04-04T04:00:00.000Z,82788,84686.2,81624.6,82821.9,141240.6288,11728380066.18734
1743782400000,2025-04-04T16:00:00.000Z,82821.9,84580,82700,83594.8,55134.8159,4620184364.58919
1743825600000,2025-04-05T04:00:00.000Z,83594.8,83866.3,82339,82584.8,41928.74,3487627457.29434
1743868800000,2025-04-05T16:00:00.000Z,82584.8,83764.3,82562.3,83299.9,25395.42,2111106770.66148
1743912000000,2025-04-06T04:00:00.000Z,83299.9,83487.4,82159,82500,50584.4495,4187664657.14923
1743955200000,2025-04-06T16:00:00.000Z,82500,82524.9,77112,77669.6,152104.2767,12041319403.43684
1743998400000,2025-04-07T04:00:00.000Z,77669.6,81185.2,74466.4,78466.1,242922.5039,18753069608.15465
1744041600000,2025-04-07T16:00:00.000Z,78466.1,80814,77270.3,79869.2,88648.9731,7008580204.70694
1744084800000,2025-04-08T04:00:00.000Z,79869.2,80381.3,78150,78459.9,92190.8788,7311760919.15345
1744128000000,2025-04-08T16:00:00.000Z,78459.9,78487.3,74600,75051.7,119469.5596,9150559146.6514
1744171200000,2025-04-09T04:00:00.000Z,75051.7,78285.2,74965.7,77225.1,134085.3821,10313199692.99529
1744214400000,2025-04-09T16:00:00.000Z,77225.1,83553.5,77112,81731.9,131927.4654,10750323759.50893
1744257600000,2025-04-10T04:00:00.000Z,81731.9,82488,78564.4,78731.7,119735.763,9713846621.67784
1744300800000,2025-04-10T16:00:00.000Z,78731.7,80855,78422,80789.9,78745.8597,6262581646.73406
1744344000000,2025-04-11T04:00:00.000Z,80789.9,83296.8,80460,82486.8,115310.1277,9449467842.57718
1744387200000,2025-04-11T16:00:00.000Z,82486.8,84275.3,81968,82937.8,61857.6625,5159832581.44966
1744430400000,2025-04-12T04:00:00.000Z,82937.8,85377.7,82824.2,84974.1,76083.7733,6401215932.68177
1744473600000,2025-04-12T16:00:00.000Z,84974.1,86100,84362.8,85389.1,55412.3252,4721121896.29548
1744516800000,2025-04-13T04:00:00.000Z,85389.1,85399.1,83451.9,83820.1,62029.0681,5231330539.67952
1744560000000,2025-04-13T16:00:00.000Z,83820.1,85527.5,82999.9,84541.4,77328.4036,6513855882.41894
1744603200000,2025-04-14T04:00:00.000Z,84541.4,85755,83675,84063.1,76982.8519,6518138439.84456
1744646400000,2025-04-14T16:00:00.000Z,84063.1,85388,83820.1,85352,44685.4695,3784772593.31096
1744689600000,2025-04-15T04:00:00.000Z,85352,86443,84573.2,84871.9,83990.495,7183210808.01856
1744732800000,2025-04-15T16:00:00.000Z,84871.9,85110.3,83066,83671.3,47160.9209,3958134180.53247
1744776000000,2025-04-16T04:00:00.000Z,83671.3,85232,83103.2,84808.6,71641.2136,6019077248.12207
1744819200000,2025-04-16T16:00:00.000Z,84808.6,85488.3,83213.6,83950.2,65378.3447,5508430094.58662
1744862400000,2025-04-17T04:00:00.000Z,83950.2,85020.3,83700,84495.1,64028.7918,5405271187.29381
1744905600000,2025-04-17T16:00:00.000Z,84495.1,85432,84358,84790.4,39476.4674,3351693375.76566
1744948800000,2025-04-18T04:00:00.000Z,84790.4,84800,84301.1,84329.9,21684.3211,1833215402.94958
1744992000000,2025-04-18T16:00:00.000Z,84329.9,84942.4,84267,84845.4,18718.1253,1583432922.2362
1745035200000,2025-04-19T04:00:00.000Z,84845.4,85600.2,84845,85146.3,36088.3622,3075217143.45793
1745078400000,2025-04-19T16:00:00.000Z,85146.3,85330.9,84626.2,85116.6,19251.4121,1637629604.4416
1745121600000,2025-04-20T04:00:00.000Z,85116.6,85200,83903.2,84304.6,24371.9423,2061060284.0985
1745164800000,2025-04-20T16:00:00.000Z,84304.6,87619.1,84250,87166.7,28901.8185,2489938112.68752
1745208000000,2025-04-21T04:00:00.000Z,87166.7,88400,86613.5,87997.4,86882.9198,7599456246.36407
1745251200000,2025-04-21T16:00:00.000Z,87997.4,88849.5,86333.9,88111,76416.2121,6684765257.34997
1745294400000,2025-04-22T04:00:00.000Z,88111,91369.6,87911.1,90880,96450.489,8658625996.4388
1745337600000,2025-04-22T16:00:00.000Z,90880,94037.8,90569.2,93126,94542.7577,8717108747.99423
1745380800000,2025-04-23T04:00:00.000Z,93126,94743,91919,93140.2,106021.0155,9901803603.00112
1745424000000,2025-04-23T16:00:00.000Z,93140.2,94170,92607.1,92632.8,45874.1017,4285716164.83858
1745467200000,2025-04-24T04:00:00.000Z,92632.8,93412,91629.9,93144.9,71409.3838,6607861547.4605
1745510400000,2025-04-24T16:00:00.000Z,93144.9,94392.5,92626.4,93264,53180.9328,4968374023.19253
1745553600000,2025-04-25T04:00:00.000Z,93264,95729.2,92965,94997.9,80659.1085,7615167082.0088
1745596800000,2025-04-25T16:00:00.000Z,94997.9,95490.9,94314,94685,33153.5178,3146242865.6379
1745640000000,2025-04-26T04:00:00.000Z,94685,94777.1,93832,94324.9,37879.3454,3570444936.40062
1745683200000,2025-04-26T16:00:00.000Z,94324.9,95270.9,93999,94115.4,27725.7247,2619589411.97771
1745726400000,2025-04-27T04:00:00.000Z,94115.4,94293.8,93555.6,93858.3,29870.7939,2805088704.44446
1745769600000,2025-04-27T16:00:00.000Z,93858.3,94512.8,92728.2,93798.9,46182.9339,4323879059.84243
1745812800000,2025-04-28T04:00:00.000Z,93798.9,95561.4,93519.2,93772.9,83490.3434,7897477439.83339
1745856000000,2025-04-28T16:00:00.000Z,93772.9,95400,93375.3,94600.8,39902.2884,3769939194.53076
1745899200000,2025-04-29T04:00:00.000Z,94600.8,95262.3,94159.7,94800.1,46483.0757,4406926388.49821
1745942400000,2025-04-29T16:00:00.000Z,94800.1,95421.1,93684,94978.7,54270.6399,5138706941.44503
1745985600000,2025-04-30T04:00:00.000Z,94978.7,95187.5,92858,93950.1,70762.2335,6664053279.5885
1746028800000,2025-04-30T16:00:00.000Z,93950.1,94971.1,93479.7,94734,34252.5146,3230325528.50279
1746072000000,2025-05-01T04:00:00.000Z,94734,97387.6,94667,96796.5,97839.9545,9394631913.24931
1746115200000,2025-05-01T16:00:00.000Z,96796.5,97300,96126,97054.4,42652.0391,4125591322.97679
1746158400000,2025-05-02T04:00:00.000Z,97054.4,97860.9,96300,97271.1,58886.0692,5710492823.52743
1746201600000,2025-05-02T16:00:00.000Z,97271.1,97736,96256.2,96292.9,33130.3342,3213291810.59078
1746244800000,2025-05-03T04:00:00.000Z,96292.9,96555,95814,96357.7,31073.4986,2988597343.48569
1746288000000,2025-05-03T16:00:00.000Z,96357.7,96394.9,95535.8,95681,26510.2518,2544372980.72295
1746331200000,2025-05-04T04:00:00.000Z,95681,96110.7,95171.4,95422.2,28488.693,2722560287.23544
1746374400000,2025-05-04T16:00:00.000Z,95422.2,95701,93456.3,94002.2,50757.49,4798726491.33803
1746417600000,2025-05-05T04:00:00.000Z,94002.2,94780.3,93558.6,93726.1,52385.9211,4933228514.54666
1746460800000,2025-05-05T16:00:00.000Z,93726.1,95165,93706.3,94405,41149.8778,3888280434.07656
1746504000000,2025-05-06T04:00:00.000Z,94405,94684,93340,94506.5,50542.9606,4755459180.89711
1746547200000,2025-05-06T16:00:00.000Z,94506.5,97700,94162.8,96454.6,78106.3683,7496960539.94205
1746590400000,2025-05-07T04:00:00.000Z,96454.6,97447.8,96267,96883.4,46433.7663,4497847672.00667
1746633600000,2025-05-07T16:00:00.000Z,96883.4,99188,95730.2,99098.5,86245.9758,8388118007.80379
1746676800000,2025-05-08T04:00:00.000Z,99098.5,101494.3,98680,100726.5,90109.7106,8988343976.19508
1746720000000,2025-05-08T16:00:00.000Z,100726.5,104271.8,100549.2,102422.6,81916.4182,8366210047.97573
1746763200000,2025-05-09T04:00:00.000Z,102422.6,104347,102350.5,102850,71061.342,7330094070.72858
1746806400000,2025-05-09T16:00:00.000Z,102850,103363.5,102271.4,103178.2,21310.9578,2193559407.16956
1746849600000,2025-05-10T04:00:00.000Z,103178.2,104073,103005.6,103100.3,34155.0609,3537584616.92719
1746892800000,2025-05-10T16:00:00.000Z,103100.3,104990,102950,103950,40519.8017,4214951919.24699
1746936000000,2025-05-11T04:00:00.000Z,103950,104864.2,103276.4,104085,43181.0949,4499034732.49146
1746979200000,2025-05-11T16:00:00.000Z,104085,105118.7,103512.4,104065.1,37632.853,3921871684.58367
1747022400000,2025-05-12T04:00:00.000Z,104065.1,105820,102349,102499.9,86420.1214,8987471701.96004
1747065600000,2025-05-12T16:00:00.000Z,102499.9,103081.1,100700,101684,63154.2522,6446174324.23567
1747108800000,2025-05-13T04:00:00.000Z,101684,103931.2,101585,103633.8,61811.6623,6376796409.91138
1747152000000,2025-05-13T16:00:00.000Z,103633.8,104950,103415.2,103544.7,43024.4368,4481563462.71456
1747195200000,2025-05-14T04:00:00.000Z,103544.7,104320.9,102790,103460.3,50936.4736,5273293682.43876
1747238400000,2025-05-14T16:00:00.000Z,103460.3,103819.5,102555,102716.7,26100.7948,2693866981.89465
1747281600000,2025-05-15T04:00:00.000Z,102716.7,103233.5,101313.6,103209.5,78146.5586,7985132752.28041
1747324800000,2025-05-15T16:00:00.000Z,103209.5,104434,102500,103978.6,56797.5784,5879671946.20446
1747368000000,2025-05-16T04:00:00.000Z,103978.6,104242.1,103064.7,104143.5,35341.7496,3665191204.74909
1747411200000,2025-05-16T16:00:00.000Z,104143.5,104525.3,102561,103458.4,37052.0962,3834683629.87318
1747454400000,2025-05-17T04:00:00.000Z,103458.4,103659.1,102594.2,102902.9,31316.8053,3228253180.27695
1747497600000,2025-05-17T16:00:00.000Z,102902.9,103429.3,102715.9,103237.3,15663.0247,1614897221.22279
1747540800000,2025-05-18T04:00:00.000Z,103237.3,105662.5,103237.3,105483.5,56828.8009,5938338184.58493
1747584000000,2025-05-18T16:00:00.000Z,105483.5,107083.8,103229.5,103570.6,94681.3932,9940758937.33476
1747627200000,2025-05-19T04:00:00.000Z,103570.6,104900,102041.1,104735.8,79346.0334,8190585125.20722
1747670400000,2025-05-19T16:00:00.000Z,104735.8,106801.1,104438.5,105721,79744.1366,8420534605.73029
1747713600000,2025-05-20T04:00:00.000Z,105721,106358.7,104139.8,105293.4,59350.8578,6238987210.45125
1747756800000,2025-05-20T16:00:00.000Z,105293.4,107290.1,105027.4,106791.5,73940.1943,7864193096.92378
1747800000000,2025-05-21T04:00:00.000Z,106791.5,109420.9,106036.8,108930.6,110879.0655,11929192112.49164
1747843200000,2025-05-21T16:00:00.000Z,108930.6,111853.1,106093.7,111740,134560.9825,14639057666.29799
1747886400000,2025-05-22T04:00:00.000Z,111740,111767.7,110250.6,111228.4,71688.6687,7957287556.89497
1747929600000,2025-05-22T16:00:00.000Z,111228.4,111950,110714,111063.9,39900.405,4443749457.00982
1747972800000,2025-05-23T04:00:00.000Z,111063.9,111330,107264.4,108890.3,104529.7056,11446327515.36825
1748016000000,2025-05-23T16:00:00.000Z,108890.3,109756.6,106741.3,108299.9,62933.9135,6810842144.5497
1748059200000,2025-05-24T04:00:00.000Z,108299.9,109438.6,107518.9,108890.4,45922.914,4985083608.48281
1748102400000,2025-05-24T16:00:00.000Z,108890.4,109169,107161,108044.4,38073.2134,4119014263.57329
1748145600000,2025-05-25T04:00:00.000Z,108044.4,108244,106510,106929,51447.4818,5519473675.46912
1748188800000,2025-05-25T16:00:00.000Z,106929,109845.6,106600.7,109581.1,50893.8461,5524244338.44755
1748232000000,2025-05-26T04:00:00.000Z,109581.1,110366.7,109326.3,109957.4,43577.4202,4785015118.02131
1748275200000,2025-05-26T16:00:00.000Z,109957.4,110393.1,107463.9,108840.9,64269.774,7002256803.72281
1748318400000,2025-05-27T04:00:00.000Z,108840.9,110675.2,108499,110089.7,79634.5499,8729898778.50686
1748361600000,2025-05-27T16:00:00.000Z,110089.7,110456.1,108346.8,108825.8,47092.5317,5154456764.03152
1748404800000,2025-05-28T04:00:00.000Z,108825.8,109077.3,107025.5,107061.1,56672.4516,6133289260.06653
1748448000000,2025-05-28T16:00:00.000Z,107061.1,108447.9,106745.9,107997.5,44238.2172,4758675745.03196
1748491200000,2025-05-29T04:00:00.000Z,107997.5,108849.1,106420,106973.4,90184.3922,9716411527.61891
1748534400000,2025-05-29T16:00:00.000Z,106973.4,107122.2,104560,105969.9,75970.8088,8048186941.4904
1748577600000,2025-05-30T04:00:00.000Z,105969.9,106256.3,104566.9,105494,62757.2185,6617163888.40266
1748620800000,2025-05-30T16:00:00.000Z,105494,105527.6,103034.6,103639,70903.9572,7377557573.92813
1748664000000,2025-05-31T04:00:00.000Z,103639,104796.9,103248.9,104502,32640.3987,3392477731.11945
1748707200000,2025-05-31T16:00:00.000Z,104502,104853.5,103875,104337.2,20737.6824,2164764412.1846
1748750400000,2025-06-01T04:00:00.000Z,104337.2,104757.8,103720,104660.2,32408.6192,3377488941.10131
1748793600000,2025-06-01T16:00:00.000Z,104660.2,105799.9,104286.3,104778.9,35906.7466,3772604439.21797
1748836800000,2025-06-02T04:00:00.000Z,104778.9,105886,103622.8,104395.3,69840.378,7297214164.29006
1748880000000,2025-06-02T16:00:00.000Z,104395.3,106458.6,103984.6,105440,46185.7483,4863980466.96174
1748923200000,2025-06-03T04:00:00.000Z,105440,106750,104831.1,106545.3,52251.3197,5524990441.46109
1748966400000,2025-06-03T16:00:00.000Z,106545.3,106600,105072.3,105480,41578.3351,4398526539.7107
1749009600000,2025-06-04T04:00:00.000Z,105480,105947.5,104119.7,105247.8,60202.1781,6327784131.74747
1749052800000,2025-06-04T16:00:00.000Z,105247.8,105438.9,104355.4,104990.3,32612.8084,3422093443.13366
1749096000000,2025-06-05T04:00:00.000Z,104990.3,105861.7,103828.3,104490.3,72873.0201,7633355007.27121
1749139200000,2025-06-05T16:00:00.000Z,104490.3,104549,100330.7,102419.9,113783.9474,11627341755.91146
1749182400000,2025-06-06T04:00:00.000Z,102419.9,105270,102319,105028.3,72929.6444,7576396745.68728
1749225600000,2025-06-06T16:00:00.000Z,105028.3,105228,103819.7,104819.5,39627.5996,4141813193.329
1749268800000,2025-06-07T04:00:00.000Z,104819.5,105732.3,104591.9,105505.7,37495.6724,3943947965.95499
1749312000000,2025-06-07T16:00:00.000Z,105505.7,105869.4,105220.4,105447.2,19291.3368,2036846877.33881
1749355200000,2025-06-08T04:00:00.000Z,105447.2,106085.6,104950,105915.4,32235.9695,3401872041.77418
1749398400000,2025-06-08T16:00:00.000Z,105915.4,106450,105268,105619,30925.589,3275160554.13614
1749441600000,2025-06-09T04:00:00.000Z,105619,107979,105287.2,107578.3,84701.8843,9069235601.73524
1749484800000,2025-06-09T16:00:00.000Z,107578.3,110647.8,107577.6,109527.4,66325.9351,7245619711.52793
1749528000000,2025-06-10T04:00:00.000Z,109527.4,109853,108291.6,108971.3,61143.914,6674901367.8724
1749571200000,2025-06-10T16:00:00.000Z,108971.3,110370.8,108469.5,109669.8,43988.3264,4821543215.71045
1749614400000,2025-06-11T04:00:00.000Z,109669.8,110351.6,108947.8,109696.1,54500.081,5974966039.93302
1749657600000,2025-06-11T16:00:00.000Z,109696.1,109777.2,107684.7,107832.6,54555.8588,5927468995.92739
1749700800000,2025-06-12T04:00:00.000Z,107832.6,107945.3,106560,106969.5,39440.87101272,4232503953.730992506
1749744000000,2025-06-12T16:00:00.000Z,106969.5,108387.8,102611.1,104231.7,79301.76231336,8362606532.692054977
1749787200000,2025-06-13T04:00:00.000Z,104231.7,105723.4,103741,105383.7,46448.7739141,4865262818.103346509
1749830400000,2025-06-13T16:00:00.000Z,105383.7,106177.7,104607,105192.8,27382.74622453,2888056479.901205218
1749873600000,2025-06-14T04:00:00.000Z,105192.8,105350,104559.6,104787.4,14476.37757678,1519579146.163644078
1749916800000,2025-06-14T16:00:00.000Z,104787.4,105627.1,104250,105418.8,17397.97181729,1825357968.979821335
1749960000000,2025-06-15T04:00:00.000Z,105418.8,106076.9,104824.2,105518.9,23248.48918856,2449943416.37194716
1750003200000,2025-06-15T16:00:00.000Z,105518.9,105923.3,104394.6,105862,22751.70503036,2394731937.161199856
1750046400000,2025-06-16T04:00:00.000Z,105862,107729.1,105813.6,107372.8,33660.15133618,3596669829.462744561
1750089600000,2025-06-16T16:00:00.000Z,107372.8,108887.3,106088.7,107547.8,41285.5929495,4444674697.228352365
1750132800000,2025-06-17T04:00:00.000Z,107547.8,107650,104085,104208.8,43881.7565832,4633605289.438268091
1750176000000,2025-06-17T16:00:00.000Z,104208.8,105279.1,103318,105126,38071.88076087,3971656928.260593695
1750219200000,2025-06-18T04:00:00.000Z,105126,105498.5,103757.1,104744.3,34470.6035555,3607611774.473673446
1750262400000,2025-06-18T16:00:00.000Z,104744.3,105171.4,103460.1,105042,26467.24708452,2761647274.875523487
1750305600000,2025-06-19T04:00:00.000Z,105042,105171,104030.9,104056.6,15497.99036366,1621129856.402280325
1750348800000,2025-06-19T16:00:00.000Z,104056.6,104850,103885.7,104559.2,15473.0895145,1615823781.678170344
1750392000000,2025-06-20T04:00:00.000Z,104559.2,106469.8,103817.8,104173.2,43352.21396102,4561876753.925175968
1750435200000,2025-06-20T16:00:00.000Z,104173.2,104226.3,102301,103435.7,31448.38653534,3247554223.251517369
1750478400000,2025-06-21T04:00:00.000Z,103435.7,103942.3,103244,103518.5,21621.7619895,2239709169.850469446
1750521600000,2025-06-21T16:00:00.000Z,103518.5,103600,100819.2,102343,52250.89275817,5337619423.473147984
1750564800000,2025-06-22T04:00:00.000Z,102343,102911.3,98823.8,98857.5,57489.82995061,5799309231.946032983
1750608000000,2025-06-22T16:00:00.000Z,98857.5,101553,98137.9,101088.9,47678.23558127,4754444518.343593063
1750651200000,2025-06-23T04:00:00.000Z,101088.9,102566.3,100750,101373.9,37782.89783413,3841334633.643137569
1750694400000,2025-06-23T16:00:00.000Z,101373.9,106016.3,99541.4,104880.1,77706.13546942,8026887402.913030604
1750737600000,2025-06-24T04:00:00.000Z,104880.1,105741.2,104570.4,105183,33693.1424806,3544501159.833690411
1750780800000,2025-06-24T16:00:00.000Z,105183,106741.4,105137.1,106180,29909.75429548,3171992119.82317212
1750824000000,2025-06-25T04:00:00.000Z,106180,108081.6,105953,106982.1,44934.16343094,4813304282.65806174
1750867200000,2025-06-25T16:00:00.000Z,106982.1,108222.2,106860,107804.7,23012.93588908,2474899869.048078683
1750910400000,2025-06-26T04:00:00.000Z,107804.7,108113.8,106520,107256.1,26076.12904545,2798105061.188576713
1750953600000,2025-06-26T16:00:00.000Z,107256.1,107960.7,106373.1,107407.6,19425.60695998,2081346609.654636958
1750996800000,2025-06-27T04:00:00.000Z,107407.6,107691.8,106317.5,107251.8,27222.39188374,2911198105.127939362
1751040000000,2025-06-27T16:00:00.000Z,107251.8,107672.1,106393.4,107246.1,17998.32297319,1927006664.945686594
1751083200000,2025-06-28T04:00:00.000Z,107246.1,107500,107054.9,107406.7,11142.42747621,1195287543.916983722
1751126400000,2025-06-28T16:00:00.000Z,107406.7,107494.7,107095.8,107168.3,5666.27747034,608007372.892326022
1751169600000,2025-06-29T04:00:00.000Z,107168.3,108480,107168.3,107700.8,28421.04842372,3066885878.313266163
1751212800000,2025-06-29T16:00:00.000Z,107700.8,108738.4,107203.8,108452.5,22238.39085387,2403009987.362434615
1751256000000,2025-06-30T04:00:00.000Z,108452.5,108487.8,106691.7,107525.6,33355.61940272,3583709828.024072644
1751299200000,2025-06-30T16:00:00.000Z,107525.6,107763.3,106877,107160,13868.15808058,1488265318.683058953
1751342400000,2025-07-01T04:00:00.000Z,107160,107170.3,105578.3,105910,40472.64711785,4307675099.473954783
1751385600000,2025-07-01T16:00:00.000Z,105910,106236,105050,106124.8,21843.07121292,2308620335.93636144
1751428800000,2025-07-02T04:00:00.000Z,106124.8,108710,106066.5,108693.5,56311.94261762,6055139781.143045803
1751472000000,2025-07-02T16:00:00.000Z,108693.5,109666,108492,108600.8,46405.14312326,5064078276.229812411
1751515200000,2025-07-03T04:00:00.000Z,108600.8,110466,108525,109086.8,56290.23183525,6168317372.02067222
1751558400000,2025-07-03T16:00:00.000Z,109086.8,109956,108968.8,109209.2,19645.25439131,2150128358.746714588
1751601600000,2025-07-04T04:00:00.000Z,109209.2,109289.2,107450.2,107542.8,36754.94969489,3983388690.086875487
1751644800000,2025-07-04T16:00:00.000Z,107542.8,108200,107220.7,108090.1,20555.05632545,2213709306.606364436
1751688000000,2025-07-05T04:00:00.000Z,108090.1,108360,107820.1,108016.1,10432.39075656,1127246203.309528239
1751731200000,2025-07-05T16:00:00.000Z,108016.1,108198.9,107823.1,107991.3,5999.21852561,648095604.347409415
1751774400000,2025-07-06T04:00:00.000Z,107991.3,109079.6,107747.2,108839.9,19655.1997114,2130404809.422786651
1751817600000,2025-07-06T16:00:00.000Z,108839.9,109669,108224,109346.6,30533.99794846,3329842163.947325945
1751860800000,2025-07-07T04:00:00.000Z,109346.6,109402.6,107922,108247.1,26554.66953697,2883378261.32457165
1751904000000,2025-07-07T16:00:00.000Z,108247.1,108477.2,107400,107860.1,28705.06988251,3098925775.333507313
1751947200000,2025-07-08T04:00:00.000Z,107860.1,109164.7,107705,108220.2,26791.89862782,2906702692.185355508
1751990400000,2025-07-08T16:00:00.000Z,108220.2,109111.6,108052.5,108326.5,20653.59260708,2245073964.977942939
1752033600000,2025-07-09T04:00:00.000Z,108326.5,109725,108295.5,109010.7,39361.03004773,4290658618.172436999
1752076800000,2025-07-09T16:00:00.000Z,109010.7,112000,108973.4,111034.1,62726.34241567,6943143304.473439491
1752120000000,2025-07-10T04:00:00.000Z,111034.1,111395.9,110450,111340.9,27589.54947144,3061879992.222827167
1752163200000,2025-07-10T16:00:00.000Z,111340.9,117500,111274.3,116826.9,93038.76559542,10668931017.996262681
1752206400000,2025-07-11T04:00:00.000Z,116826.9,118862.9,116432.7,116917.1,61106.05012162,7195972427.076734127
1752249600000,2025-07-11T16:00:00.000Z,116917.1,118123.7,116618.6,117733.7,21905.11367092,2572846146.835195365
1752292800000,2025-07-12T04:00:00.000Z,117733.7,118167.1,116888,117076.7,32448.41710888,3816881293.517316998
1752336000000,2025-07-12T16:00:00.000Z,117076.7,117766,116957.1,117700.1,8159.06557782,957676773.676525464
1752379200000,2025-07-13T04:00:00.000Z,117700.1,119385.4,117642.2,118626,27709.02171193,3284097730.381422607
1752422400000,2025-07-13T16:00:00.000Z,118626,121625,118193.1,120742.4,50327.88238713,6031430654.579316832
1752465600000,2025-07-14T04:00:00.000Z,120742.4,123240,119593,119876.7,62532.57186131,7611742361.183353061
1752508800000,2025-07-14T16:00:00.000Z,119876.7,120515,116880,117202.6,43826.69875961,5215049778.045663652
1752552000000,2025-07-15T04:00:00.000Z,117202.6,118450.9,115687,116391.9,63683.82879127,7450311095.599785546
1752595200000,2025-07-15T16:00:00.000Z,116391.9,118200,116045.2,117489.5,35534.0561646,4162474472.619341574
1752638400000,2025-07-16T04:00:00.000Z,117489.5,119755.1,117271.3,119059.4,43829.99117033,5202386945.297381233
1752681600000,2025-07-16T16:00:00.000Z,119059.4,120043.1,117668.9,118091.5,31102.46182589,3698977309.864856676
1752724800000,2025-07-17T04:00:00.000Z,118091.5,119198.9,117422,118869.7,30010.06671633,3550294870.470497752
1752768000000,2025-07-17T16:00:00.000Z,118869.7,120945,118320,120211.9,39917.66384357,4776888899.667756548
1752811200000,2025-07-18T04:00:00.000Z,120211.9,120826.1,117300.8,117828.7,46328.09121524,5507487730.253975729
1752854400000,2025-07-18T16:00:00.000Z,117828.7,118347.6,116781.7,118295.3,26201.20432217,3081712539.772289437
1752897600000,2025-07-19T04:00:00.000Z,118295.3,118445.6,117608.5,118024,16361.3525002,1932480404.872145964
1752940800000,2025-07-19T16:00:00.000Z,118024,118149.5,117262.2,117946.8,11534.68409197,1358790580.930991592
1752984000000,2025-07-20T04:00:00.000Z,117946.8,118769,117718.2,118660,19595.99399738,2315166798.06792021
1753027200000,2025-07-20T16:00:00.000Z,118660,118842,116415.2,118356.5,30411.94973741,3577759944.887025745
1753070400000,2025-07-21T04:00:00.000Z,118356.5,119672.9,117747,118316.5,39179.58080992,4651051597.905598421
1753113600000,2025-07-21T16:00:00.000Z,118316.5,118388.3,116023.6,117173.6,46470.4682,5446568193.05092
1753156800000,2025-07-22T04:00:00.000Z,117173.6,119576.2,116503.9,118897.5,63386.4152,7502670924.5576
1753200000000,2025-07-22T16:00:00.000Z,118897.5,120291.1,118381.4,118627.7,29957.65,3578401022.65268
1753243200000,2025-07-23T04:00:00.000Z,118627.7,119004.6,117265.9,118520.9,40854.9962,4824152723.3903
1753286400000,2025-07-23T16:00:00.000Z,118520.9,119240,117280,118455.7,26926.2878,3182583371.01804
1753329600000,2025-07-24T04:00:00.000Z,118455.7,119430.4,117052.1,119074.2,49580.9762,5864933479.13468
1753372800000,2025-07-24T16:00:00.000Z,119074.2,119357.1,115309.6,115397.7,47383.2276,5552506397.70226
1753416000000,2025-07-25T04:00:00.000Z,115397.7,116740.3,114675.3,115689.9,70616.0818,8165230974.75766
1753459200000,2025-07-25T16:00:00.000Z,115689.9,117721.9,115411.8,117454,26519.7032,3099730166.58296
1753502400000,2025-07-26T04:00:00.000Z,117454,118218.2,117271.8,118106.7,21218.6366,2498566126.82442
1753545600000,2025-07-26T16:00:00.000Z,118106.7,118351,117801,118156.4,8571.4028,1012160996.53674
1753588800000,2025-07-27T04:00:00.000Z,118156.4,118580,117835.2,118572.2,13877.8722,1640840444.46042
1753632000000,2025-07-27T16:00:00.000Z,118572.2,119811.3,118572.2,119272.7,29272.1418,3489518165.45698
1753675200000,2025-07-28T04:00:00.000Z,119272.7,119668.5,117893.2,118151.3,29680.0928,3521104402.8745
1753718400000,2025-07-28T16:00:00.000Z,118151.3,118754.1,117400,118723.8,26474.5148,3122328138.04596
1753761600000,2025-07-29T04:00:00.000Z,118723.8,119242.3,117224.5,117350.1,31696.563,3753193412.42698
1753804800000,2025-07-29T16:00:00.000Z,117350.1,118222.8,116930,118108.3,28950.1818,3404028971.48274
1753848000000,2025-07-30T04:00:00.000Z,118108.3,118759.6,117314.3,117950,31763.8456,3746321030.1768
1753891200000,2025-07-30T16:00:00.000Z,117950,118563.9,115729.8,118415.5,43679.0904,5116183729.62268
1753934400000,2025-07-31T04:00:00.000Z,118415.5,118900,117775.6,118257,21939.1248,2596223816.64488
1753977600000,2025-07-31T16:00:00.000Z,118257,118835.9,114259,115589.1,61038.4152,7088385325.33282
1754020800000,2025-08-01T04:00:00.000Z,115589.1,115950,113914.9,115304.1,58458.1222,6724807265.64592
1754064000000,2025-08-01T16:00:00.000Z,115304.1,115644.2,112669.5,113860.2,47854.2202,5444013126.70952
1754107200000,2025-08-02T04:00:00.000Z,113860.2,114004.7,112765.1,112800,17420.0546,1976891579.4447
1754150400000,2025-08-02T16:00:00.000Z,112800,113680,111865,113542.9,38323.0642,4316608637.09736
1754193600000,2025-08-03T04:00:00.000Z,113542.9,114199,113291.9,113895.9,15465.3342,1758880352.97494
1754236800000,2025-08-03T16:00:00.000Z,113895.9,114950,113721.4,114524.3,16379.1352,1873972567.66076
1754280000000,2025-08-04T04:00:00.000Z,114524.3,115416.7,114067.8,114772.3,27841.479,3193261263.21644
1754323200000,2025-08-04T16:00:00.000Z,114772.3,115684.5,114227,114227.2,17787.4252,2045313040.3443
1754366400000,2025-08-05T04:00:00.000Z,114227.2,115051.5,112600,112875.6,51687.9728,5880779417.13754
1754409600000,2025-08-05T16:00:00.000Z,112875.6,114177.7,112758.2,113465.5,19488.9262,2212154227.43624
1754452800000,2025-08-06T04:00:00.000Z,113465.5,115488,113309,115365.5,40146.0894,4588971776.18208
1754496000000,2025-08-06T16:00:00.000Z,115365.5,115675,114301.7,114509.9,19546.544,2248785097.72688
1754539200000,2025-08-07T04:00:00.000Z,114509.9,116761,114227,116634.5,37203.9764,4311881077.00548
1754582400000,2025-08-07T16:00:00.000Z,116634.5,117578,115576.4,116707.6,30637.054,3580941412.08096
1754625600000,2025-08-08T04:00:00.000Z,116707.6,117222,115873.7,116170.1,23855.994,2780403817.56352
1754668800000,2025-08-08T16:00:00.000Z,116170.1,116932,115955.1,116341.1,15556.972,1812066194.91286
1754712000000,2025-08-09T04:00:00.000Z,116341.1,117888,116314.1,116846.1,35890.2572,4198048396.69456
1754755200000,2025-08-09T16:00:00.000Z,116846.1,118475.9,116347.3,118457.3,26135.7558,3067892410.43606
1754798400000,2025-08-10T04:00:00.000Z,118457.3,119092.4,117406.3,118768.8,38546.2544,4561080240.22162
1754841600000,2025-08-10T16:00:00.000Z,118768.8,122153.4,118040.7,121705.4,53381.2826,6414358321.5763
1754884800000,2025-08-11T04:00:00.000Z,121705.4,122326.7,119366,120270.7,68301.8996,8261502708.72738
1754928000000,2025-08-11T16:00:00.000Z,120270.7,120760.3,118050.8,118817.7,34694.3742,4132879048.07206
1754971200000,2025-08-12T04:00:00.000Z,118817.7,119923.9,118143.7,119892.2,63091.7686,7502877412.33996
1755014400000,2025-08-12T16:00:00.000Z,119892.2,120267,119027.1,119445.3,32432.7646,3883226229.31574
1755057600000,2025-08-13T04:00:00.000Z,119445.3,122200,118881,120893.9,65656.999,7934465205.25236
1755100800000,2025-08-13T16:00:00.000Z,120893.9,124539.4,120893.8,123394.4,65287.0142,8027731409.03866
1755144000000,2025-08-14T04:00:00.000Z,123394.4,123496.5,117470.1,118209.5,108858.01525,13047249379.291795
1755187200000,2025-08-14T16:00:00.000Z,118209.5,119042,117094.4,118915.3,28896.78186,3408524828.098695
1755230400000,2025-08-15T04:00:00.000Z,118915.3,119191.5,116753.8,117218.6,28103.94222,3319155115.356327
1755273600000,2025-08-15T16:00:00.000Z,117218.6,117845.3,116650,117376.7,18035.37975,2115510677.1126
1755316800000,2025-08-16T04:00:00.000Z,117376.7,117830,117096.8,117617.1,16068.72916,1888016846.606873
1755360000000,2025-08-16T16:00:00.000Z,117617.1,117761.9,117125.8,117636.3,6169.21092,724635092.566358
1755403200000,2025-08-17T04:00:00.000Z,117636.3,118535.4,117636.3,118198.4,10747.67557,1269468530.422234
1755446400000,2025-08-17T16:00:00.000Z,118198.4,118272,114948.4,115275,36991.36747,4310669915.16207
1755489600000,2025-08-18T04:00:00.000Z,115275,116119.2,114605,116088.4,37655.002,4339437739.94278
1755532800000,2025-08-18T16:00:00.000Z,116088.4,116937.2,114748,114760,27175.0912,3154984118.9107
1755576000000,2025-08-19T04:00:00.000Z,114760,115829.8,113509,113731.8,43600.0716,4999365050.57778
1755619200000,2025-08-19T16:00:00.000Z,113731.8,113838,112504.9,113467.6,32225.9722,3646875928.40238
1755662400000,2025-08-20T04:00:00.000Z,113467.6,114271.6,112320,113294.2,39595.7612,4491122385.00582
1755705600000,2025-08-20T16:00:00.000Z,113294.2,114760,113203.1,113905.3,21968.6758,2505003011.12408
1755748800000,2025-08-21T04:00:00.000Z,113905.3,113990,112561.2,112753.9,24879.0472,2820087756.21384
1755792000000,2025-08-21T16:00:00.000Z,112753.9,113482.8,111966.2,112880.9,24585.2168,2767421418.01766
1755835200000,2025-08-22T04:00:00.000Z,112880.9,117247.6,111631,116306.3,77277.33,8827932499.62218
1755878400000,2025-08-22T16:00:00.000Z,116306.3,117381.4,115427.7,115541.1,28648.7178,3337508358.58994
1755921600000,2025-08-23T04:00:00.000Z,115541.1,116014,114515.4,114777.3,21979.8248,2533537630.26506
1755964800000,2025-08-23T16:00:00.000Z,114777.3,115620,114656.8,115008,11425.8434,1315768363.08166
1756008000000,2025-08-24T04:00:00.000Z,115008,115251.8,114325.4,114380.7,16343.1824,1875059373.22086
1756051200000,2025-08-24T16:00:00.000Z,114380.7,114904,110550,112864.1,97144.404,10934532796.97328
1756094400000,2025-08-25T04:00:00.000Z,112864.1,113024,110533.7,112131.2,46082.154,5145176253.0645
1756137600000,2025-08-25T16:00:00.000Z,112131.2,112890,108615.7,109816.3,67679.871,7455130834.89854
1756180800000,2025-08-26T04:00:00.000Z,109816.3,110776,109353.5,109636.2,38846.2108,4275426890.58404
1756224000000,2025-08-26T16:00:00.000Z,109636.2,112309.9,109413.7,111369.2,28179.475,3131088314.02624
1756267200000,2025-08-27T04:00:00.000Z,111369.2,112573.4,110327.9,111960.8,35908.3712,4000570413.99186
1756310400000,2025-08-27T16:00:00.000Z,111960.8,112550,110814.7,111953.1,30420.2938,3397194749.184
1756353600000,2025-08-28T04:00:00.000Z,111953.1,113431.7,111909.9,112643.4,33902.6028,3827932194.29914
1756396800000,2025-08-28T16:00:00.000Z,112643.4,113149.7,111243.9,111652.8,20098.1292,2252607152.4113
1756440000000,2025-08-29T04:00:00.000Z,111652.8,111805.1,108043.7,108335.9,67294.3942,7393941235.70976
1756483200000,2025-08-29T16:00:00.000Z,108335.9,108777,107301.1,108374,26735.7232,2888542872.25138
1756526400000,2025-08-30T04:00:00.000Z,108374,108873,108070.4,108822,23265.9266,2523302866.58134
1756569600000,2025-08-30T16:00:00.000Z,108822,109428.4,108420,109159.9,10874.8098,1184822903.74722
1756612800000,2025-08-31T04:00:00.000Z,109159.9,109177.7,108151.6,108755.8,20047.1862,2176281720.18504
1756656000000,2025-08-31T16:00:00.000Z,108755.8,109190.7,107352,107627.8,25324.2266,2741456433.62828
1756699200000,2025-09-01T04:00:00.000Z,107627.8,109868.2,107212,108736.9,48889.2838,5319317014.30318
1756742400000,2025-09-01T16:00:00.000Z,108736.9,110570.4,107410,110280.2,36361.1784,3962915751.18984
1756785600000,2025-09-02T04:00:00.000Z,110280.2,111726.4,108334.5,110786.9,66212.2374,7295632270.38664
1756828800000,2025-09-02T16:00:00.000Z,110786.9,111720,110137.3,110993.4,25165.0982,2792645400.60054
1756872000000,2025-09-03T04:00:00.000Z,110993.4,112450.9,110488.9,112164.4,44326.956,4939429577.89746
1756915200000,2025-09-03T16:00:00.000Z,112164.4,112527.2,111093.3,111102.3,20143.866,2253109998.6837
1756958400000,2025-09-04T04:00:00.000Z,111102.3,111286.7,109302.5,109471,39943.8218,4406235009.0445
1757001600000,2025-09-04T16:00:00.000Z,109471,111718.1,109330,111262.8,26668.6886,2947474270.39376
1757044800000,2025-09-05T04:00:00.000Z,111262.8,113341.3,110235.2,110679.8,96190.9442,10783862459.37932
1757088000000,2025-09-05T16:00:00.000Z,110679.8,111643.2,110176.1,111024.2,28137.574,3119707203.34564
1757131200000,2025-09-06T04:00:00.000Z,111024.2,111024.2,110300,110331.5,9799.8644,1084960423.29856
1757174400000,2025-09-06T16:00:00.000Z,110331.5,110684.5,109919.5,110569.2,14323.1232,1578535981.58054
1757217600000,2025-09-07T04:00:00.000Z,110569.2,111367.7,110420.6,111276.7,25184.015,2792457600.28432
1757260800000,2025-09-07T16:00:00.000Z,111276.7,111561.1,110568.6,111002.8,20767.9016,2306262047.93306
1757304000000,2025-09-08T04:00:00.000Z,111002.8,112850,110853,112567.4,34956.05408129,3911918570.091356633
1757347200000,2025-09-08T16:00:00.000Z,112567.4,112616.3,111083.4,111654.8,19324.73556142,2160949556.717656462
1757390400000,2025-09-09T04:00:00.000Z,111654.8,113237.1,110730.1,110837,40590.15977932,4555192558.292906108
1757433600000,2025-09-09T16:00:00.000Z,110837,111688,110745.1,111495.6,17518.72759586,1947657941.867294615
1757476800000,2025-09-10T04:00:00.000Z,111495.6,114274.7,111305.7,113802.9,48075.88882634,5428756825.393444397
1757520000000,2025-09-10T16:00:00.000Z,113802.9,114377,113104.9,114349.7,24268.49773259,2759591636.142677161
1757563200000,2025-09-11T04:00:00.000Z,114349.7,114665.9,113368,114124,48321.54581975,5508586886.6475389
1757606400000,2025-09-11T16:00:00.000Z,114124,116265.9,114034.9,115150.1,34833.64744068,4015056474.69820595
1757649600000,2025-09-12T04:00:00.000Z,115150.1,115611.6,114701.7,115062.2,22502.79661345,2590316914.604482902
1757692800000,2025-09-12T16:00:00.000Z,115062.2,116589.4,114981.5,115923.7,24514.39993503,2842731300.174839994
1757736000000,2025-09-13T04:00:00.000Z,115923.7,116129.2,115550.4,115727.5,10870.02751914,1258557125.967016563
1757779200000,2025-09-13T16:00:00.000Z,115727.5,116075.2,115091,115629.9,12539.2122156,1449492590.519022049
1757822400000,2025-09-14T04:00:00.000Z,115629.9,116118.1,115114,115177.6,14093.27092032,1628886374.684144127
1757865600000,2025-09-14T16:00:00.000Z,115177.6,116030,114774.3,115389.8,17762.42364207,2049120477.658233931
1757908800000,2025-09-15T04:00:00.000Z,115389.8,116711.7,114320,114793.7,40914.43148106,4718478970.778879671
1757952000000,2025-09-15T16:00:00.000Z,114793.7,115555,114544,115250.1,15266.57144519,1757649709.822097922
1757995200000,2025-09-16T04:00:00.000Z,115250.1,115950,114684.8,115859.9,27949.54434256,3225675623.472121416
1758038400000,2025-09-16T16:00:00.000Z,115859.9,117039.2,115553.3,116316.1,25834.93451043,3008775650.022388607
1758081600000,2025-09-17T04:00:00.000Z,116316.1,117236.5,115425,115836.1,29906.85835568,3479201516.479871488
1758124800000,2025-09-17T16:00:00.000Z,115836.1,117830,114669,117520.3,64482.89259067,7482476321.704928262
1758168000000,2025-09-18T04:00:00.000Z,117520.3,117777,116836.1,117526.5,26898.89206056,3154956713.158634707
1758211200000,2025-09-18T16:00:00.000Z,117526.5,117855.5,116555,116932,19620.16925294,2300151109.912756449
1758254400000,2025-09-19T04:00:00.000Z,116932,117050,115423,115825.9,25483.49550388,2963072350.101825157
1758297600000,2025-09-19T16:00:00.000Z,115825.9,116084.1,115059.3,115392.1,12701.69802032,1467046466.400909039
1758340800000,2025-09-20T04:00:00.000Z,115392.1,116062.6,115359,115929.9,7520.78129768,870808474.232827809
1758384000000,2025-09-20T16:00:00.000Z,115929.9,116026.8,115397.4,115613.7,5544.99776217,641398431.614732455
1758427200000,2025-09-21T04:00:00.000Z,115613.7,115765.7,115271.9,115471.7,5504.62393644,636020417.253356096
1758470400000,2025-09-21T16:00:00.000Z,115471.7,115622.9,114083.4,114599.8,21116.45728401,2422743167.901483023
1758513600000,2025-09-22T04:00:00.000Z,114599.8,114599.9,111549.3,112772.7,66168.81715083,7457484402.99862937
1758556800000,2025-09-22T16:00:00.000Z,112772.7,112925.7,111434.8,112294.4,19604.1934876,2200954598.300697621
1758600000000,2025-09-23T04:00:00.000Z,112294.4,113240,111823.6,112830.1,25869.30541728,2918143954.483150647
1758643200000,2025-09-23T16:00:00.000Z,112830.1,112928.5,111408.7,111645.9,24665.01271262,2764930618.607395496
1758686400000,2025-09-24T04:00:00.000Z,111645.9,113852.5,111013,113294.9,32599.48929403,3674201819.384890307
1758729600000,2025-09-24T16:00:00.000Z,113294.9,113888.5,112166.7,112507.1,19430.48564343,2197975351.965094833
1758772800000,2025-09-25T04:00:00.000Z,112507.1,112578.7,110574.8,111536.3,43873.04675253,4889492285.852045725
1758816000000,2025-09-25T16:00:00.000Z,111536.3,111628,108577.7,109537.2,41051.29222541,4496292000.464301673
1758859200000,2025-09-26T04:00:00.000Z,109537.2,109728.7,108577.6,108978.8,33797.82293032,3689801447.867311382
1758902400000,2025-09-26T16:00:00.000Z,108978.8,110244.9,108972.5,109500.8,18000.11094962,1971364770.232698241
1758945600000,2025-09-27T04:00:00.000Z,109500.8,109677.9,109030,109348.8,9343.53959997,1021380021.026316202
1758988800000,2025-09-27T16:00:00.000Z,109348.8,109731.8,109191.6,109397.4,7235.38743046,791845634.217090594
1759032000000,2025-09-28T04:00:00.000Z,109397.4,109973.5,109136.2,109969.9,10877.53106492,1190728352.550764102
1759075200000,2025-09-28T16:00:00.000Z,109969.9,112300,109944.1,111818.6,25285.28968636,2813846350.598948217
1759118400000,2025-09-29T04:00:00.000Z,111818.6,114158.2,111504.4,113740.6,30389.10191937,3424345640.907336544
1759161600000,2025-09-29T16:00:00.000Z,113740.6,114742.4,113402.7,114312.2,18446.36292812,2106039364.646688744
1759204800000,2025-09-30T04:00:00.000Z,114312.2,114312.2,112630,113052.1,31860.20475483,3612930670.875343908
1759248000000,2025-09-30T16:00:00.000Z,113052.1,114700,112744.3,114128.1,28404.11992147,3236916368.809909051
1759291200000,2025-10-01T04:00:00.000Z,114128.1,117622.7,114088.5,117354.6,49913.41816667,5790048633.718792182
1759334400000,2025-10-01T16:00:00.000Z,117354.6,119423.9,116693,118695.5,39117.42453139,4619138844.921758206
1759377600000,2025-10-02T04:00:00.000Z,118695.5,119883.3,118227.7,119879.9,34661.36664579,4124353004.352610216
1759420800000,2025-10-02T16:00:00.000Z,119879.9,120988.9,119304.2,120183.5,33702.08612361,4053148486.033250639
1759464000000,2025-10-03T04:00:00.000Z,120183.5,122358.5,119208.6,122228.5,33678.9083978,4057774821.432980294
1759507200000,2025-10-03T16:00:00.000Z,122228.5,123864.5,121437.1,122207.4,46624.38178316,5712932154.123673877
1759550400000,2025-10-04T04:00:00.000Z,122207.4,122762.1,121664.4,121746.2,15961.36570257,1950946046.359771802
1759593600000,2025-10-04T16:00:00.000Z,121746.2,124342.5,121465.3,123743.3,22239.72808282,2732931286.74147196
1759636800000,2025-10-05T04:00:00.000Z,123743.3,125798.3,122471.4,122760.5,65654.99020541,8151143121.319240705
1759680000000,2025-10-05T16:00:00.000Z,122760.5,124316.6,122261.5,123783,39284.2055089,4845833412.807647587
1759723200000,2025-10-06T04:00:00.000Z,123783,125377.6,123223.1,124938.1,38384.70237363,4770992010.545253947
1759766400000,2025-10-06T16:00:00.000Z,124938.1,126173.6,124060.2,124285.4,34612.68401105,4331552060.297646737
1759809600000,2025-10-07T04:00:00.000Z,124285.4,125093.8,121131.9,121797.4,52564.08694194,6481816778.79681589
1759852800000,2025-10-07T16:00:00.000Z,121797.4,122230.7,120530.6,121332.8,33685.07040231,4092878731.802443545
1759896000000,2025-10-08T04:00:00.000Z,121332.8,123317.2,121030.5,122135.7,39117.52263191,4784698638.265379634
1759939200000,2025-10-08T16:00:00.000Z,122135.7,124140.6,121439.2,121995.4,35282.55650613,4339809269.379013571
1759982400000,2025-10-09T04:00:00.000Z,121995.4,123707.3,120611.2,121098.9,49441.00706391,6033835516.570094717
1760025600000,2025-10-09T16:00:00.000Z,121098.9,121827.7,119600,120963.2,38337.46848928,4631080145.058039662
1760068800000,2025-10-10T04:00:00.000Z,120963.2,122455,118435.5,118971.9,54146.87923904,6538317855.292355788
1760112000000,2025-10-10T16:00:00.000Z,118971.9,119394.7,101668.1,112271.1,204503.70194015,23010003858.892244694
1760155200000,2025-10-11T04:00:00.000Z,112271.1,112935.4,110027,111731.6,29532.40546388,3297992413.744059141
1760198400000,2025-10-11T16:00:00.000Z,111731.6,112134.3,109470.5,110612.5,31375.02525872,3475253558.891899547
1760241600000,2025-10-12T04:00:00.000Z,110612.5,113640,110530.7,113096.4,33244.58265149,3727104715.798805228
1760284800000,2025-10-12T16:00:00.000Z,113096.4,115867.6,113096.4,114732.2,36725.76941751,4206711864.630697534
1760328000000,2025-10-13T04:00:00.000Z,114732.2,115510.4,113550,114265.6,40171.82547132,4605302718.313895392
1760371200000,2025-10-13T16:00:00.000Z,114265.6,115832,113221.9,113445.9,28159.22562452,3230594781.507820867
1760414400000,2025-10-14T04:00:00.000Z,113445.9,113639.1,109796.7,112829.5,67929.64696475,7582136499.37227046
1760457600000,2025-10-14T16:00:00.000Z,112829.5,113568.7,111616,111978.2,39094.00012512,4405530085.799743553
1760500800000,2025-10-15T04:00:00.000Z,111978.2,113473.9,110333.3,110756.4,37629.62085754,4208609416.730200144
1760544000000,2025-10-15T16:00:00.000Z,110756.4,111800,110100,111271.3,26059.91056508,2891075492.16058097
1760587200000,2025-10-16T04:00:00.000Z,111271.3,111947.2,108271,108486,60658.91818941,6708174171.348894361
1760630400000,2025-10-16T16:00:00.000Z,108486,109208,107344.4,109101.6,41801.1865325,4524866555.617676214
1760673600000,2025-10-17T04:00:00.000Z,109101.6,109166.7,103469.3,106741.1,67524.58219704,7143057002.982874848
1760716800000,2025-10-17T16:00:00.000Z,106741.1,107507.6,106019.8,107020.2,15537.5853,1659695885.736915
1760760000000,2025-10-18T04:00:00.000Z,107020.2,107448,106400,106887.3,10620.63945,1135020272.634235
1760803200000,2025-10-18T16:00:00.000Z,106887.3,107329.2,106417.3,107203.3,4636.0419,495648241.32082
1760846400000,2025-10-19T04:00:00.000Z,107203.3,108566,106063.2,108429.3,17031.2139,1829409723.8871
1760889600000,2025-10-19T16:00:00.000Z,108429.3,110397.7,107376.5,110089.6,14182.037,1542723092.05649
1760932800000,2025-10-20T04:00:00.000Z,110089.6,111648.7,109868.3,111072.1,16436.7148,1822893803.71601
1760976000000,2025-10-20T16:00:00.000Z,111072.1,111260.5,109020,109020,14054.1101,1550381171.73986
1761019200000,2025-10-21T04:00:00.000Z,109020,113464.6,107403.4,113348.5,37516.6944,4110963637.6332
1761062400000,2025-10-21T16:00:00.000Z,113348.5,113935.7,107778.4,108177.6,31732.6845,3508394608.29834
1761105600000,2025-10-22T04:00:00.000Z,108177.6,109139,106674.9,108364.9,35113.799,3791221867.94335
1761148800000,2025-10-22T16:00:00.000Z,108364.9,108769.9,106621.5,108303.1,21743.0048,2342619180.3307
1761192000000,2025-10-23T04:00:00.000Z,108303.1,110251.4,108283.1,109840.7,17136.5583,1874603182.97099
1761235200000,2025-10-23T16:00:00.000Z,109840.7,111230,109281.8,110405.1,14779.8684,1629380157.14651
1761278400000,2025-10-24T04:00:00.000Z,110405.1,112105.7,109651.7,110008.1,24828.4494,2755987479.64659
1761321600000,2025-10-24T16:00:00.000Z,110008.1,111181.1,109764.2,110962.5,5989.778,662720057.81631
1761364800000,2025-10-25T04:00:00.000Z,110962.5,111896.8,110962.4,111330.2,8859.2639,987798820.49793
1761408000000,2025-10-25T16:00:00.000Z,111330.2,111865,111092.7,111211.1,4034.4159,449682094.90183
1761451200000,2025-10-26T04:00:00.000Z,111211.1,113991.3,111209.2,113646.5,13832.0443,1561932690.32831
1761494400000,2025-10-26T16:00:00.000Z,113646.5,115496.6,112854.6,114912.2,14173.6534,1621478207.64949
1761537600000,2025-10-27T04:00:00.000Z,114912.2,116350.6,114451,114929.5,16911.2771,1949675924.45431
1761580800000,2025-10-27T16:00:00.000Z,114929.5,115740.9,113529.9,113870,12317.2272,1410816655.99186
1761624000000,2025-10-28T04:00:00.000Z,113870,116050.5,113416.3,114582.6,17276.604,1981779539.87976
1761667200000,2025-10-28T16:00:00.000Z,114582.6,115549.6,112050.1,112465.1,19819.6882,2245333620.80326
1761710400000,2025-10-29T04:00:00.000Z,112465.1,113591.6,111355.1,111461.8,18914.2814,2130868060.91593
1761753600000,2025-10-29T16:00:00.000Z,111461.8,111983.6,109105.5,110707,42184.6242,4664432621.47944
1761796800000,2025-10-30T04:00:00.000Z,110707,111543.7,107266,107674.6,34147.5853,3726711705.28006
1761840000000,2025-10-30T16:00:00.000Z,107674.6,109991.5,106237.6,109176.1,23025.9547,2484394193.79896
1761883200000,2025-10-31T04:00:00.000Z,109176.1,111167.3,109046.4,110168,26566.5629,2922651643.24897
1761926400000,2025-10-31T16:00:00.000Z,110168,110280.7,108600,110184.1,11918.2457,1305130159.40805
1761969600000,2025-11-01T04:00:00.000Z,110184.1,110531.5,109672.9,110253.2,5836.1702,642263505.09103
1762012800000,2025-11-01T16:00:00.000Z,110253.2,110479,109792.4,110017.5,3419.2387,376681254.97889
1762056000000,2025-11-02T04:00:00.000Z,110017.5,111198,109984.6,110070.5,10925.05,1207967696.1465
1762099200000,2025-11-02T16:00:00.000Z,110070.5,110715.5,107854.1,107905.7,13962.4098,1527560789.72145
1762142400000,2025-11-03T04:00:00.000Z,107905.7,108273,105469.8,105711.9,35714.1321,3817087003.43729
1762185600000,2025-11-03T16:00:00.000Z,105711.9,107716.7,105268.4,107098,19918.6999,2123483262.86916
1762228800000,2025-11-04T04:00:00.000Z,107098,107239,102888,103159.9,36712.2562,3828682573.29891
1762272000000,2025-11-04T16:00:00.000Z,103159.9,103467.7,98888,102093,56048.2816,5649884883.15785
1762315200000,2025-11-05T04:00:00.000Z,102093,103723.8,101126,103655.1,17922.9668,1833193176.6463
1762358400000,2025-11-05T16:00:00.000Z,103655.1,104485.8,102668,103596.2,11556.0598,1197578393.99491
1762401600000,2025-11-06T04:00:00.000Z,103596.2,104186.2,101580,101970.1,18546.6516,1906499711.1912
1762444800000,2025-11-06T16:00:00.000Z,101970.1,102362.1,100243.1,101857,18377.0958,1861706134.66572
1762488000000,2025-11-07T04:00:00.000Z,101857,102480,99188.9,100741,22308.2917,2244570759.92261
1762531200000,2025-11-07T16:00:00.000Z,100741,104025.2,100460,102542.9,13707.3424,1407495299.1658
1762574400000,2025-11-08T04:00:00.000Z,102542.9,102793.5,101420,101674.8,10009.251,1022110328.99678
1762617600000,2025-11-08T16:00:00.000Z,101674.8,102446.8,101333.3,101623,5799.6687,590659283.08089
1762660800000,2025-11-09T04:00:00.000Z,101623,104116.1,101475,103684.8,13893.8095,1426400954.43177
1762704000000,2025-11-09T16:00:00.000Z,103684.8,106620.4,103264.3,105966.4,18220.1988,1912207344.34422
1762747200000,2025-11-10T04:00:00.000Z,105966.4,106552.9,104613.8,105036.5,15149.5409,1602816723.09104
1762790400000,2025-11-10T16:00:00.000Z,105036.5,107468.7,104744.4,106411.7,14039.6725,1489377058.46356
1762833600000,2025-11-11T04:00:00.000Z,106411.7,106502.1,103167,103452.2,17429.8873,1823866879.24732
1762876800000,2025-11-11T16:00:00.000Z,103452.2,103736.6,102450,103293.9,10408.8593,1073150601.77015
1762920000000,2025-11-12T04:00:00.000Z,103293.9,105291.8,101914.8,102135.9,19955.6789,2075246872.99252
1762963200000,2025-11-12T16:00:00.000Z,102135.9,102597,100769.4,102108.7,17686.8606,1798691518.907
1763006400000,2025-11-13T04:00:00.000Z,102108.7,104000,101131.8,101338.2,24601.0725,2526196110.02363
1763049600000,2025-11-13T16:00:00.000Z,101338.2,101510.9,97948.6,99127,30626.9122,3044734422.74875
1763092800000,2025-11-14T04:00:00.000Z,99127,99167.3,94506.9,96757.1,46021.7576,4441368927.56328
1763136000000,2025-11-14T16:00:00.000Z,96757.1,97375,93961.8,96375,22979.0745,2191685547.3271
1763179200000,2025-11-15T04:00:00.000Z,96375,96553.1,95531.5,96233.6,9210.5008,884456988.69083
1763222400000,2025-11-15T16:00:00.000Z,96233.6,96388.3,94831.1,95796.7,9537.7766,911903943.854
1763265600000,2025-11-16T04:00:00.000Z,95796.7,96607.5,94346,94554.4,12523.0692,1197485750.32521
1763308800000,2025-11-16T16:00:00.000Z,94554.4,95565,92958.4,95462.7,25646.1014,2418136610.77689
1763352000000,2025-11-17T04:00:00.000Z,95462.7,96034.9,93550,93929.1,24207.6615,2297390096.86341
1763395200000,2025-11-17T16:00:00.000Z,93929.1,94399.7,89673.4,90801.8,33715.9804,3100631641.02746
1763438400000,2025-11-18T04:00:00.000Z,90801.8,92996,89265.1,92871.4,29991.299,2731215707.08541
1763481600000,2025-11-18T16:00:00.000Z,92871.4,93788,91633.1,91860.4,15694.6151,1456374140.20677
1763524800000,2025-11-19T04:00:00.000Z,91860.4,92366.6,89839.4,89908,26412.6606,2407749752.01785
1763568000000,2025-11-19T16:00:00.000Z,89908,92765.9,88600,92392.1,26469.3709,2390962609.74207
1763611200000,2025-11-20T04:00:00.000Z,92392.1,93123.9,89806.8,89850.1,25161.9495,2305070198.86021
1763654400000,2025-11-20T16:00:00.000Z,89850.1,89899,85315.9,85800.1,42654.2568,3721203282.12267
1763697600000,2025-11-21T04:00:00.000Z,85800.1,86323.1,80600.5,82894.4,65660.0788,5478327157.00206
1763740800000,2025-11-21T16:00:00.000Z,82894.4,85575,82293.2,84404.2,26410.7528,2229304058.84586
1763784000000,2025-11-22T04:00:00.000Z,84404.2,84773.5,83462.4,84241.3,12698.8903,1068028966.26264
1763827200000,2025-11-22T16:00:00.000Z,84241.3,86330,84172.7,86263.2,12175.1265,1037329360.74922
1763870400000,2025-11-23T04:00:00.000Z,86263.2,87229.3,85366.8,87050,17132.33,1479481263.20247
1763913600000,2025-11-23T16:00:00.000Z,87050,88110.4,85900,87412.2,21004.6819,1829850105.83161
1763956800000,2025-11-24T04:00:00.000Z,87412.2,87797,85230.1,86586.1,23847.8812,2059660491.28485
1764000000000,2025-11-24T16:00:00.000Z,86586.1,89160.5,86586,87777.7,20155.2967,1774626744.72963
1764043200000,2025-11-25T04:00:00.000Z,87777.7,88474.8,86076,86958,19048.4718,1660958455.09323
1764086400000,2025-11-25T16:00:00.000Z,86958,88188.1,86140.9,87076.7,17165.2129,1498371554.0082
1764129600000,2025-11-26T04:00:00.000Z,87076.7,87920.3,86266.3,86931,16848.3974,1466941884.64023
1764172800000,2025-11-26T16:00:00.000Z,86931,91839,86920.5,91030.4,24153.4048,2171489818.72776
1764216000000,2025-11-27T04:00:00.000Z,91030.4,91900,90402.8,90930,14571.5703,1327615681.00312
1764259200000,2025-11-27T16:00:00.000Z,90930,91809.5,90604.6,91163.9,9635.7285,878933437.1232
1764302400000,2025-11-28T04:00:00.000Z,91163.9,93050.8,90824.6,92298.9,21512.3828,1975938851.13166
1764345600000,2025-11-28T16:00:00.000Z,92298.9,92318,90163.3,90639.9,14004.103,1273419495.58702
1764388800000,2025-11-29T04:00:00.000Z,90639.9,91081.2,90283,91032.8,6727.5766,609594389.54289
1764432000000,2025-11-29T16:00:00.000Z,91032.8,91135,90113,90870,6311.8933,572224582.12155
1764475200000,2025-11-30T04:00:00.000Z,90870,91915,90626.4,91399,9024.399,823951305.02403
1764518400000,2025-11-30T16:00:00.000Z,91399,91821.9,86137.4,86339.1,25080.0822,2226172224.04492
1764561600000,2025-12-01T04:00:00.000Z,86339.1,86900,83777.7,84646.8,31997.9617,2742726508.02545
1764604800000,2025-12-01T16:00:00.000Z,84646.8,87332.2,84000,86937.1,21736.5385,1863909396.98539
1764648000000,2025-12-02T04:00:00.000Z,86937.1,91166.4,86306.9,90800,28035.4695,2478936418.28858
1764691200000,2025-12-02T16:00:00.000Z,90800,93070.4,90163.8,92594.6,24499.913,2245117688.06079
1764734400000,2025-12-03T04:00:00.000Z,92594.6,93925,91640.6,92339,26454.4572,2456402596.60673
1764777600000,2025-12-03T16:00:00.000Z,92339,94147,91750,93496.7,15799.3108,1471459017.11109
1764820800000,2025-12-04T04:00:00.000Z,93496.7,93577,91758,92933.7,17245.1414,1600861306.35938
1764864000000,2025-12-04T16:00:00.000Z,92933.7,93144,90842,92109,16257.2,1497309463.6685
1764907200000,2025-12-05T04:00:00.000Z,92109,92458.4,89852.5,90412.2,24040.3331,2191300509.79403
1764950400000,2025-12-05T16:00:00.000Z,90412.2,90452.2,88012.4,89637,22404.9633,1996087699.54369
1764993600000,2025-12-06T04:00:00.000Z,89637,90241.2,89159.7,89715,8724.2491,781836247.83885
1765036800000,2025-12-06T16:00:00.000Z,89715,89939.7,88866.2,89680,6343.0391,566996768.51026
1765080000000,2025-12-07T04:00:00.000Z,89680,89751.2,87674.2,89503.4,16340.0765,1450722825.10886
1765123200000,2025-12-07T16:00:00.000Z,89503.4,91728.7,88928.3,91037.2,22244.4615,2011731925.40146
1765166400000,2025-12-08T04:00:00.000Z,91037.2,92250,89585,89927.2,21318.5042,1942632523.09126
1765209600000,2025-12-08T16:00:00.000Z,89927.2,91334.9,89648.4,90364.5,19193.7131,1732894103.88129
1765252800000,2025-12-09T04:00:00.000Z,90364.5,92844.4,89425,92664.1,23006.2056,2086152969.85955
1765296000000,2025-12-09T16:00:00.000Z,92664.1,94543.6,91931.3,92378.4,23315.878,2176002126.76912
1765339200000,2025-12-10T04:00:00.000Z,92378.4,93228,91510.1,92028.1,15468.5767,1427485665.45371
1765382400000,2025-12-10T16:00:00.000Z,92028.1,94477.8,89350.1,89845.6,33689.0114,3102499141.41897
1765425600000,2025-12-11T04:00:00.000Z,89845.6,90645.6,89226.9,89839,18154.9717,1634998463.82847
1765468800000,2025-12-11T16:00:00.000Z,89839,93536.6,89300,92229.9,30589.1377,2802761396.5486
1765512000000,2025-12-12T04:00:00.000Z,92229.9,92680.2,89695.9,89886.6,22513.2659,2064187418.16679
1765555200000,2025-12-12T16:00:00.000Z,89886.6,90635.9,89434.5,90305.5,15062.6613,1356968278.32024
1765598400000,2025-12-13T04:00:00.000Z,90305.5,90594.1,89900,90063.3,7614.9639,687775501.44671
1765641600000,2025-12-13T16:00:00.000Z,90063.3,90450,89730.1,90234.9,5180.4671,466855477.17925
1765684800000,2025-12-14T04:00:00.000Z,90234.9,90305.9,88596.6,88991,16517.9044,1477249568.24384
1765728000000,2025-12-14T16:00:00.000Z,88991,89991.2,87530.2,89230.4,19174.337,1700464017.18544
1765771200000,2025-12-15T04:00:00.000Z,89230.4,89941.6,86591.6,87012.1,23882.6813,2110077676.54082
1765814400000,2025-12-15T16:00:00.000Z,87012.1,87197.5,85111,85840,23696.3392,2039097064.32843
1765857600000,2025-12-16T04:00:00.000Z,85840,88141,85228.2,87941.5,30891.057,2684280239.82822
1765900800000,2025-12-16T16:00:00.000Z,87941.5,88010,87017.5,87180.3,13938.455,1220856078.83244
1765944000000,2025-12-17T04:00:00.000Z,87180.3,90347.8,86169.6,87191.9,40323.8887,3541207211.32342
1765987200000,2025-12-17T16:00:00.000Z,87191.9,87744.6,85286.5,86591.2,27052.6084,2335032867.76719
1766030400000,2025-12-18T04:00:00.000Z,86591.2,89448.1,86348.2,88481.9,32301.1955,2841728329.86263
1766073600000,2025-12-18T16:00:00.000Z,88481.9,88513.3,84415.7,86865.6,41079.6395,3532921913.57616
1766116800000,2025-12-19T04:00:00.000Z,86865.6,89377.7,86638.2,87912.6,27339.6508,2405894700.75084
1766160000000,2025-12-19T16:00:00.000Z,87912.6,88859.3,86801.8,88171,16988.8909,1490955693.92994
1766203200000,2025-12-20T04:00:00.000Z,88171,88533,87770,88147.9,7384.0173,651267058.45634
1766246400000,2025-12-20T16:00:00.000Z,88147.9,88428.6,87835.6,88059.1,4045.4497,356585001.15213
1766289600000,2025-12-21T04:00:00.000Z,88059.1,89050,87555,88030,14868.3591,1313009190.28197
1766332800000,2025-12-21T16:00:00.000Z,88030,89595.2,87856,88729.2,15421.4788,1366249414.87345
1766376000000,2025-12-22T04:00:00.000Z,88729.2,90550,88680,89696.7,25730.2884,2308782704.03462
1766419200000,2025-12-22T16:00:00.000Z,89696.7,90091.5,87758,88141.9,17048.5569,1511187094.85616
1766462400000,2025-12-23T04:00:00.000Z,88141.9,88348.3,86555,87412,20795.7111,1817417845.89536
1766505600000,2025-12-23T16:00:00.000Z,87412,88344,86822,87310.9,18573.4517,1627161549.49593
1766548800000,2025-12-24T04:00:00.000Z,87310.9,87460,86377,87016,15405.5002,1339700371.0344
1766592000000,2025-12-24T16:00:00.000Z,87016,88022.1,86877.6,87808,9233.2435,808136299.12656
1766635200000,2025-12-25T04:00:00.000Z,87808,88555,87211.2,88325.2,9658.5198,848002916.61503
1766678400000,2025-12-25T16:00:00.000Z,88325.2,89402.8,86857.6,88791.1,21261.8908,1872151287.31023
1766721600000,2025-12-26T04:00:00.000Z,88791.1,89520,86628,87115.6,24633.7347,2172166446.87405
1766764800000,2025-12-26T16:00:00.000Z,87115.6,87750,86774.1,87467.5,7560,659940768.3109
1766808000000,2025-12-27T04:00:00.000Z,87467.5,87666,87270,87516.4,5905.7885,516742136.40866
1766851200000,2025-12-27T16:00:00.000Z,87516.4,87947,87393.1,87694.1,6980.7364,612193192.51531
1766894400000,2025-12-28T04:00:00.000Z,87694.1,88061.8,87564.8,87793.1,8334.0821,731928942.16517
1766937600000,2025-12-28T16:00:00.000Z,87793.1,90129.7,87400.6,90080,17758.232,1572428432.22996
1766980800000,2025-12-29T04:00:00.000Z,90080,90357.3,86765,87643.3,34125.538,3012061264.23637
1767024000000,2025-12-29T16:00:00.000Z,87643.3,87965,86801.5,87356.3,10548.9999,921200479.01858
1767067200000,2025-12-30T04:00:00.000Z,87356.3,89121.2,87125.7,88971.6,25610.4669,2255997382.0707
1767110400000,2025-12-30T16:00:00.000Z,88971.6,89350,87840.6,88432.2,16020.8152,1417869121.23396
1767153600000,2025-12-31T04:00:00.000Z,88432.2,89180.8,87747.2,87924.7,15199.6262,1346075662.60552
1767196800000,2025-12-31T16:00:00.000Z,87924.7,88079.9,87211.5,87826,11618.1032,1018800771.66996
1767240000000,2026-01-01T04:00:00.000Z,87826,88068.6,87528.6,87980.5,6444.1661,565880426.28863
1767283200000,2026-01-01T16:00:00.000Z,87980.5,89074.4,87821,88900.6,10781.2295,954275726.05928
1767326400000,2026-01-02T04:00:00.000Z,88900.6,90126.7,88412.3,89371.1,26821.6632,2394735631.09071
1767369600000,2026-01-02T16:00:00.000Z,89371.1,90929.3,89158.9,90280,19685.9532,1774317921.12438
1767412800000,2026-01-03T04:00:00.000Z,90280,90441.7,89268.1,89929.9,11767.8846,1056910637.41728
1767456000000,2026-01-03T16:00:00.000Z,89929.9,91567.8,89866.3,91190.5,11307.988,1027079861.83535
1767499200000,2026-01-04T04:00:00.000Z,91190.5,91761.3,90960.8,91286.6,13005.2446,1187729602.67671
1767542400000,2026-01-04T16:00:00.000Z,91286.6,93355.7,90811.1,92829.9,18957.8523,1747796497.66185
1767585600000,2026-01-05T04:00:00.000Z,92829.9,93970,92112.2,93883.4,20312.5886,1888636315.75948
1767628800000,2026-01-05T16:00:00.000Z,93883.4,94744,93200,93722.7,18829.9579,1769649322.38701
1767672000000,2026-01-06T04:00:00.000Z,93722.7,94401,93090,93604.6,18911.0675,1772682264.43241
1767715200000,2026-01-06T16:00:00.000Z,93604.6,93815.7,91227.3,92779.7,31221.2416,2891525965.58322
1767758400000,2026-01-07T04:00:00.000Z,92779.7,92936,90984.2,91315.4,19101.1211,1754796649.52701
1767801600000,2026-01-07T16:00:00.000Z,91315.4,91758,90575,90784.5,15354.6313,1399154522.63812
1767844800000,2026-01-08T04:00:00.000Z,90784.5,91165.7,89265.8,90728.6,28069.1847,2529569529.05868
1767888000000,2026-01-08T16:00:00.000Z,90728.6,91615.4,90266.1,91183.8,12669.0221,1153034388.8712
1767931200000,2026-01-09T04:00:00.000Z,91183.8,91982,89667.4,91144.2,25616.5124,2323617943.60844
1767974400000,2026-01-09T16:00:00.000Z,91144.2,91750,90090.6,90599.9,12706.2701,1154405583.77223
1768017600000,2026-01-10T04:00:00.000Z,90599.9,90799.5,90370.5,90628.8,4500.9277,407871812.76781
1768060800000,2026-01-10T16:00:00.000Z,90628.8,90711.9,90357.7,90699.9,2908.1612,263344878.69553
1768104000000,2026-01-11T04:00:00.000Z,90699.9,91149.9,90539.4,90840.1,8581.8489,779546060.92561
1768147200000,2026-01-11T16:00:00.000Z,90840.1,92491.2,90190.6,91768.2,16947.6563,1547097506.84398
1768190400000,2026-01-12T04:00:00.000Z,91768.2,92244.3,90083.1,91614.1,22465.5724,2045100666.70544
1768233600000,2026-01-12T16:00:00.000Z,91614.1,92272.8,90888.1,91379.9,16387.8584,1500291027.3546
1768276800000,2026-01-13T04:00:00.000Z,91379.9,93420.4,91315.1,93409.7,28919.0104,2668942132.34198
1768320000000,2026-01-13T16:00:00.000Z,93409.7,96621.7,93011.6,95672,34307.4126,3248023224.4591
1768363200000,2026-01-14T04:00:00.000Z,95672,97047.9,94485,96687.8,26079.5216,2495430873.6169
1768406400000,2026-01-14T16:00:00.000Z,96687.8,97888,95732.8,95950,29215.6667,2833789668.7967
1768449600000,2026-01-15T04:00:00.000Z,95950,97151,95404,96702.9,20820.1912,2006173504.93947
1768492800000,2026-01-15T16:00:00.000Z,96702.9,97032.6,95101,95311.8,17304.923,1659471811.56464
1768536000000,2026-01-16T04:00:00.000Z,95311.8,95800,94259,94546.9,18280.4721,1739227123.41224
1768579200000,2026-01-16T16:00:00.000Z,94546.9,95555,94461.8,95322.7,10093.1797,959541742.05975
1768622400000,2026-01-17T04:00:00.000Z,95322.7,95626,94980.9,95526.5,5199.193,495483900.53401
1768665600000,2026-01-17T16:00:00.000Z,95526.5,95526.6,94810.1,95153.3,4932.4324,469324505.78756
1768708800000,2026-01-18T04:00:00.000Z,95153.3,95323.5,94870,95070.8,5132.3121,488022174.63772
1768752000000,2026-01-18T16:00:00.000Z,95070.8,95490.3,91850,92647.3,25334.2794,2363816111.41807
1768795200000,2026-01-19T04:00:00.000Z,92647.3,93316.5,92352,93016.1,11536.2198,1071539795.08346
1768838400000,2026-01-19T16:00:00.000Z,93016.1,93380.2,92112.2,92405.1,10893.7374,1010418447.38149
1768881600000,2026-01-20T04:00:00.000Z,92405.1,92445,89820,90655.1,34578.4663,3146466939.74068
1768924800000,2026-01-20T16:00:00.000Z,90655.1,90943.5,87801,89382.9,27349.3137,2439100392.43989
1768968000000,2026-01-21T04:00:00.000Z,89382.9,90542.3,88135.1,90231.8,25441.3543,2272057971.12753
1769011200000,2026-01-21T16:00:00.000Z,90231.8,90420,87205,89851.1,33926.8716,3020087250.76791
1769054400000,2026-01-22T04:00:00.000Z,89851.1,90311.5,88470.1,88961.7,18994.9583,1700115876.20576
1769097600000,2026-01-22T16:00:00.000Z,88961.7,89937,88631.4,89887.8,16025.0704,1432191437.40138
1769140800000,2026-01-23T04:00:00.000Z,89887.8,90046.6,88521,89712.9,16267.167,1451825160.01597
1769184000000,2026-01-23T16:00:00.000Z,89712.9,91178.3,89171.8,89727.8,19310.2229,1740334919.36206
1769227200000,2026-01-24T04:00:00.000Z,89727.8,89804.6,89121.1,89241.8,4345.8866,388954245.29192
1769270400000,2026-01-24T16:00:00.000Z,89241.8,89454,88803.6,88917.9,4409.0121,393106872.83138
1769313600000,2026-01-25T04:00:00.000Z,88917.9,89061.7,88089.5,88407.1,10543.4079,934073063.16894
1769356800000,2026-01-25T16:00:00.000Z,88407.1,88418.7,86039.1,87236.3,34210.3404,2980709794.08731
1769400000000,2026-01-26T04:00:00.000Z,87236.3,88822.9,87190.2,87603.9,17091.1736,1503255633.74883
1769443200000,2026-01-26T16:00:00.000Z,87603.9,88854,86977.3,88736.4,13122.1179,1154522893.10462
1769486400000,2026-01-27T04:00:00.000Z,88736.4,88965.2,87527,88000.1,12797.3323,1126853885.75488
1769529600000,2026-01-27T16:00:00.000Z,88000.1,89480,87265,89077.1,20587.7773,1824029680.28715
1769572800000,2026-01-28T04:00:00.000Z,89077.1,90425.6,88784.9,89440.3,18750.0013,1679613437.9429
1769616000000,2026-01-28T16:00:00.000Z,89440.3,90566.7,87659.7,88010.5,23332.1033,2079169277.71745
1769659200000,2026-01-29T04:00:00.000Z,88010.5,88468,84333.1,84911.4,29144.5466,2523195700.30506
1769702400000,2026-01-29T16:00:00.000Z,84911.4,85598.9,81058.8,82643.6,46238.5621,3857051806.95073
1769745600000,2026-01-30T04:00:00.000Z,82643.6,83756.9,82004.7,82848.6,22780.776,1886728274.34135
1769788800000,2026-01-30T16:00:00.000Z,82848.6,84590,81840.1,83977.6,19631.411,1641025978.43093
1769832000000,2026-01-31T04:00:00.000Z,83977.6,84105.6,80774.4,81266.7,23008.7481,1892690337.99584
1769875200000,2026-01-31T16:00:00.000Z,81266.7,82160,75669,78821.3,62332.8658,4910232959.22235
1769918400000,2026-02-01T04:00:00.000Z,78821.3,79189.8,76732.5,77565.5,23928.7493,1869029019.73358
1769961600000,2026-02-01T16:00:00.000Z,77565.5,78399.7,74550,76249,47812.7613,3667851346.87107
1770004800000,2026-02-02T04:00:00.000Z,76249,79300,74856.2,78798.3,37759.7391,2911084520.28697
1770048000000,2026-02-02T16:00:00.000Z,78798.3,79234.7,77613.5,78706.6,16799.6253,1319865638.02597
1770091200000,2026-02-03T04:00:00.000Z,78706.6,79041.8,77004,78087.8,23962.5951,1871101298.04329
1770134400000,2026-02-03T16:00:00.000Z,78087.8,78094.9,72904.6,76660.4,56245.4781,4239190761.81273
1770177600000,2026-02-04T04:00:00.000Z,76660.4,76795.5,73751.1,74107.6,26866.0722,2024635180.85464
1770220800000,2026-02-04T16:00:00.000Z,74107.6,74219.6,71119.6,71202.9,45290.0543,3297456684.72723
1770264000000,2026-02-05T04:00:00.000Z,71202.9,71941.2,66666,67450.2,64219.0967,4477615985.42209
1770307200000,2026-02-05T16:00:00.000Z,67450.2,68653,59900.5,64140.6,100130.9279,6419474939.37505
1770350400000,2026-02-06T04:00:00.000Z,64140.6,69155.6,63925.9,68575,51176.158,3393771312.39207
1770393600000,2026-02-06T16:00:00.000Z,68575,71699.7,68372.1,70873.3,35455.5624,2490735088.06456
1770436800000,2026-02-07T04:00:00.000Z,70873.3,71650,67288.4,69120,44344.617,3059143687.42874
1770480000000,2026-02-07T16:00:00.000Z,69120,69869.9,68520.6,69064.4,17748.2729,1230178104.86543
1770523200000,2026-02-08T04:00:00.000Z,69064.4,71523.6,68926.3,71151.6,21968.5586,1548757468.66714
1770566400000,2026-02-08T16:00:00.000Z,71151.6,72262,69939.1,71265.6,22554.6409,1597449509.94491
1770609600000,2026-02-09T04:00:00.000Z,71265.6,71316.8,68266.5,69530,32017.6371,2223060164.01174
1770652800000,2026-02-09T16:00:00.000Z,69530,71104.2,69058.9,69481.2,21967.553,1541392981.41815
1770696000000,2026-02-10T04:00:00.000Z,69481.2,69871.8,67875.2,69244.8,27354.7693,1884348091.35443
1770739200000,2026-02-10T16:00:00.000Z,69244.8,69979.6,67966.7,68149,14746.8367,1017117998.422
1770782400000,2026-02-11T04:00:00.000Z,68149,68800,65708.6,66485.4,41892.323,2810262911.83577
1770825600000,2026-02-11T16:00:00.000Z,66485.4,68313.2,65831.5,67546.1,21393.1546,1437981466.8866
1770868800000,2026-02-12T04:00:00.000Z,67546.1,68398.6,66630,67105.1,24841.3955,1677943987.63982
1770912000000,2026-02-12T16:00:00.000Z,67105.1,67203.3,65088,66524.7,25271.1516,1668538657.59211
1770955200000,2026-02-13T04:00:00.000Z,66524.7,69273,65973.5,68648.8,28876.8383,1948594992.45031
1770998400000,2026-02-13T16:00:00.000Z,68648.8,69450,68500,68950.2,13214.5892,911413417.26703
1771041600000,2026-02-14T04:00:00.000Z,68950.2,70564.2,68695.8,69755,22358.5218,1557892933.56413
1771084800000,2026-02-14T16:00:00.000Z,69755,70229.4,69216.8,69920.3,11811.4774,823244134.78715
1771128000000,2026-02-15T04:00:00.000Z,69920.3,70937.8,68738,69070.5,23890.1558,1670276883.80419
1771171200000,2026-02-15T16:00:00.000Z,69070.5,69070.6,68055.8,68397.8,16839.5131,1154361919.03919
1771214400000,2026-02-16T04:00:00.000Z,68397.8,70090,67250.1,67507.2,26150.0133,1793195610.05212
1771257600000,2026-02-16T16:00:00.000Z,67507.2,69250.3,67480,68443.5,15473.3872,1058238604.12555
1771300800000,2026-02-17T04:00:00.000Z,68443.5,68681.6,66577,67363.9,21517.0964,1455860761.04271
1771344000000,2026-02-17T16:00:00.000Z,67363.9,68220.1,66850,67587.1,18411.4249,1243415280.09437
1771387200000,2026-02-18T04:00:00.000Z,67587.1,68430,66684.8,67667.4,23447.8031,1585458755.74006
1771430400000,2026-02-18T16:00:00.000Z,67667.4,67679.3,65830,66951.8,23802.2774,1585213897.5553
1771473600000,2026-02-19T04:00:00.000Z,66951.8,67293,65593,66371.2,25556.0534,1700305095.09485
1771516800000,2026-02-19T16:00:00.000Z,66371.2,67458.7,65858.1,67319.9,17675.594,1181368213.06691
1771560000000,2026-02-20T04:00:00.000Z,67319.9,68266.8,66428,67547.3,36749.6322,2476896456.79494
1771603200000,2026-02-20T16:00:00.000Z,67547.3,68216.6,66916.4,67635.7,18172.5586,1228710995.0424
1771646400000,2026-02-21T04:00:00.000Z,67635.7,68665,67556.4,68564.6,13141.0247,896008203.1912
1771689600000,2026-02-21T16:00:00.000Z,68564.6,68629.8,67752.3,68017.8,10399.4332,708710661.00895
1771732800000,2026-02-22T04:00:00.000Z,68017.8,68232.2,67281.5,67659.9,12197.694,826681603.3182
1771776000000,2026-02-22T16:00:00.000Z,67659.9,67730.6,64250.8,64917.1,25753.787,1697415400.8488
1771819200000,2026-02-23T04:00:00.000Z,64917.1,66575.3,64653,65625.6,24776.2277,1630426012.88699
1771862400000,2026-02-23T16:00:00.000Z,65625.6,65699.9,63288,63563.6,32432.669,2088910529.25365
1771905600000,2026-02-24T04:00:00.000Z,63563.6,63990,62465.1,63937.5,30259.4359,1912277530.85403
1771948800000,2026-02-24T16:00:00.000Z,63937.5,66285.8,63648.2,65356,28651.7572,1858852907.02679
1771992000000,2026-02-25T04:00:00.000Z,65356,67540.3,64724.4,67359.5,30041.0188,1983769174.52721
1772035200000,2026-02-25T16:00:00.000Z,67359.5,69982.9,67359.5,68185.5,41138.0376,2820066261.08056
1772078400000,2026-02-26T04:00:00.000Z,68185.5,68823.4,66738.8,67358.2,25520.6345,1731920246.06472
1772121600000,2026-02-26T16:00:00.000Z,67358.2,67873,66468.2,67568,22143.5256,1488093858.81541
1772164800000,2026-02-27T04:00:00.000Z,67568,68194.2,65625.3,66070,35919.6187,2396079401.24591
1772208000000,2026-02-27T16:00:00.000Z,66070,66097.2,64875.5,65762,19987.8062,1309797938.16552
1772251200000,2026-02-28T04:00:00.000Z,65762,65791.5,62966.8,64800.5,45373.194,2913750603.02972
1772294400000,2026-02-28T16:00:00.000Z,64800.5,68171.2,64633.7,67470.5,30676.5886,2044023306.40125
1772337600000,2026-03-01T04:00:00.000Z,67470.5,67574.9,66083.9,66816.9,23282.8159,1556292018.66631
1772380800000,2026-03-01T16:00:00.000Z,66816.9,67083.3,65010.1,66782.3,29374.4789,1940976340.48389
1772424000000,2026-03-02T04:00:00.000Z,66782.3,69563.7,65222,69083.8,37954.6266,2542729671.56211
1772467200000,2026-03-02T16:00:00.000Z,69083.8,70071,68173.8,68344,25828.9791,1784749684.77083
1772510400000,2026-03-03T04:00:00.000Z,68344,68537,66106.4,67689.4,37062.1477,2492104022.7235
1772553600000,2026-03-03T16:00:00.000Z,67689.4,68969,67360,67700.6,30406.706,2074137519.9636
1772596800000,2026-03-04T04:00:00.000Z,67700.6,73438.1,67420,73348.3,57590.1398,4085032404.84006
1772640000000,2026-03-04T16:00:00.000Z,73348.3,74031.8,72272.6,72458.7,25260.3089,1845598223.10151
1772683200000,2026-03-05T04:00:00.000Z,72458.7,73540.4,71133.1,71624.8,33719.933,2440362309.78301
1772726400000,2026-03-05T16:00:00.000Z,71624.8,71628.1,70342,71050,20392.8429,1448794256.95294
1772769600000,2026-03-06T04:00:00.000Z,71050,71155,68140.1,68470.6,38544.0181,2687462693.42233
1772812800000,2026-03-06T16:00:00.000Z,68470.6,68772.4,67715.9,68074.4,18913.6468,1289739223.17754
1772856000000,2026-03-07T04:00:00.000Z,68074.4,68210,67413.3,67849.9,15945.7319,1082125047.6878
1772899200000,2026-03-07T16:00:00.000Z,67849.9,67917.5,66790.5,66977.4,16242.8272,1092746342.25245
1772942400000,2026-03-08T04:00:00.000Z,66977.4,68170,66510,67187.1,24509.1406,1649691784.6909
1772985600000,2026-03-08T16:00:00.000Z,67187.1,67636.1,65556,67164.3,30811.2326,2050339021.06866
1773028800000,2026-03-09T04:00:00.000Z,67164.3,69443.8,66808.1,68829.3,36864.0598,2511549398.38397
1773072000000,2026-03-09T16:00:00.000Z,68829.3,70550,68200,69385.5,27103.5486,1875068188.6324
1773115200000,2026-03-10T04:00:00.000Z,69385.5,71748.6,69222.1,71302.2,44383.8192,3130280481.10917
1773158400000,2026-03-10T16:00:00.000Z,71302.2,71662.5,69408.5,69521.8,23415.4676,1645534530.87531
1773201600000,2026-03-11T04:00:00.000Z,69521.8,71069.1,68935.1,70196,40691.0511,2845035814.00564
1773244800000,2026-03-11T16:00:00.000Z,70196,71315,69178.7,69414.8,24879.0109,1750191769.39854
1773288000000,2026-03-12T04:00:00.000Z,69414.8,70766.3,69180,70288,36010.1973,2520068255.31399
1773331200000,2026-03-12T16:00:00.000Z,70288,71966.5,69726.1,71370.1,29639.244,2098143403.12764
1773374400000,2026-03-13T04:00:00.000Z,71370.1,73850.5,71138.5,71791.9,47997.6437,3477563575.06523
1773417600000,2026-03-13T16:00:00.000Z,71791.9,72215.8,70456.6,71048.9,28525.0115,2031022700.87297
1773460800000,2026-03-14T04:00:00.000Z,71048.9,71288,70278,70552.7,13713.985,969632865.21226
1773504000000,2026-03-14T16:00:00.000Z,70552.7,71598.6,70465,71322.9,9423.2983,669463380.65033
1773547200000,2026-03-15T04:00:00.000Z,71322.9,71907.9,71227.8,71442.3,14617.3969,1046159773.83784
1773590400000,2026-03-15T16:00:00.000Z,71442.3,74299.2,71277,73526.9,29889.6286,2169769402.03189
1773633600000,2026-03-16T04:00:00.000Z,73526.9,74484,72846,73235.2,37783.9083,2783343821.03301
1773676800000,2026-03-16T16:00:00.000Z,73235.2,75974.9,73110,74430.3,34667.3111,2587946673.02958
1773720000000,2026-03-17T04:00:00.000Z,74430.3,74850,73322.9,73873.9,31915.175,2362729034.59571
1773763200000,2026-03-17T16:00:00.000Z,73873.9,74766.7,73481.4,74412.1,17560.8473,1303912889.66418
1773806400000,2026-03-18T04:00:00.000Z,74412.1,74455.7,70820,71444.9,37945.3303,2752656543.95205
1773849600000,2026-03-18T16:00:00.000Z,71444.9,71978.1,70461.1,71182.8,26078.2066,1857374685.65534
1773892800000,2026-03-19T04:00:00.000Z,71182.8,71182.9,68753.1,69377.8,44716.915,3124065789.67989
1773936000000,2026-03-19T16:00:00.000Z,69377.8,70779.1,69085.5,70695.6,20487.3262,1435060787.89334
1773979200000,2026-03-20T04:00:00.000Z,70695.6,71330,69437.4,69833.1,29746.1682,2092090236.5769
1774022400000,2026-03-20T16:00:00.000Z,69833.1,70894.7,69352,70635.8,15699.691,1101427894.67363
1774065600000,2026-03-21T04:00:00.000Z,70635.8,71070,70420.8,70591.2,10263.1549,725610860.98
1774108800000,2026-03-21T16:00:00.000Z,70591.2,70622.1,68188,69304.7,21265.0165,1474613171.62712
1774152000000,2026-03-22T04:00:00.000Z,69304.7,69498.7,68045,68816,18357.5012,1261640478.98964
1774195200000,2026-03-22T16:00:00.000Z,68816,68857,67310,68039.6,20362.5403,1385441527.36367
1774238400000,2026-03-23T04:00:00.000Z,68039.6,71766,67466.8,70098,53656.5609,3752087094.08319
1774281600000,2026-03-23T16:00:00.000Z,70098,71221.7,70094.2,70514.2,17280.4785,1220784786.43879
1774324800000,2026-03-24T04:00:00.000Z,70514.2,71383.7,69460.9,69842,33640.5544,2369279477.86807
1774368000000,2026-03-24T16:00:00.000Z,69842,71012.8,68870.8,70685,25643.0882,1794562759.66104
1774411200000,2026-03-25T04:00:00.000Z,70685,72000,70535.8,70800,31228.2338,2226239699.45693
1774454400000,2026-03-25T16:00:00.000Z,70800,71741,70604.2,70879.3,18435.9326,1310229594.70062
1774497600000,2026-03-26T04:00:00.000Z,70879.3,70882,68577.6,69056.1,33852.9279,2357060832.47925
1774540800000,2026-03-26T16:00:00.000Z,69056.1,69466,68117.1,68735.9,18753.4421,1289795746.80295
1774584000000,2026-03-27T04:00:00.000Z,68735.9,68929.1,65677.9,66090,45186.1114,3029796293.46478
1774627200000,2026-03-27T16:00:00.000Z,66090,66484.9,65506.1,66202.4,19321.2072,1274657330.68759
1774670400000,2026-03-28T04:00:00.000Z,66202.4,67275.3,66071,66980.1,14292.4338,952202068.15304
1774713600000,2026-03-28T16:00:00.000Z,66980.1,67102.3,66237.1,66871.1,10428.4043,695415590.34651
1774756800000,2026-03-29T04:00:00.000Z,66871.1,66982,66289.1,66500,11550.6967,769586869.68494
1774800000000,2026-03-29T16:00:00.000Z,66500,67437,64936.8,67141,30377.824,2014416393.15423
1774843200000,2026-03-30T04:00:00.000Z,67141,68159.8,67049.9,67593.2,28879.2967,1951960212.50882
1774886400000,2026-03-30T16:00:00.000Z,67593.2,68380,66194.5,67676.7,21060.6527,1414811575.50595
1774929600000,2026-03-31T04:00:00.000Z,67676.7,67850.1,65956.8,66697.1,34656.2419,2320175339.29909
1774972800000,2026-03-31T16:00:00.000Z,66697.1,68558,66697.1,68129.2,22475.3747,1525568859.10023
1775016000000,2026-04-01T04:00:00.000Z,68129.2,69288,67875.2,68875.4,30515.3253,2091805481.57638
1775059200000,2026-04-01T16:00:00.000Z,68875.4,69133.4,66459.3,66550.1,25747.2439,1745834062.14587
1775102400000,2026-04-02T04:00:00.000Z,66550.1,67075.7,65657.7,66812.1,29076.5836,1931073526.21337
1775145600000,2026-04-02T16:00:00.000Z,66812.1,67393.5,66241,66551.5,16447.6152,1099156606.32255
1775188800000,2026-04-03T04:00:00.000Z,66551.5,67345.6,66381.1,66802.9,16255.3264,1086689687.38682
1775232000000,2026-04-03T16:00:00.000Z,66802.9,67036,66719.1,66797.1,4436.1308,296599696.86138
1775275200000,2026-04-04T04:00:00.000Z,66797.1,67529.8,66738.5,67347.1,8828.1361,592416325.0267
1775318400000,2026-04-04T16:00:00.000Z,67347.1,67517.4,66917.8,67108,7203.6974,484444978.8794
1775361600000,2026-04-05T04:00:00.000Z,67108,67837.1,66573.8,67273.1,15370.9803,1030298395.56414
1775404800000,2026-04-05T16:00:00.000Z,67273.1,69573.2,67150,69086,27403.1436,1875893061.85712
1775448000000,2026-04-06T04:00:00.000Z,69086,70250,68760.1,69919.8,25503.9472,1771718633.17762
1775491200000,2026-04-06T16:00:00.000Z,69919.8,70321.4,68240.6,68744.3,22164.7543,1533314699.89964
1775534400000,2026-04-07T04:00:00.000Z,68744.3,69231.2,67700.3,68136,24898.9887,1703174553.6364
1775577600000,2026-04-07T16:00:00.000Z,68136,72757.8,68050,71269.5,40436.6378,2851262824.17047
1775620800000,2026-04-08T04:00:00.000Z,71269.5,72850,70666.7,71270.2,30579.9376,2192415312.29606
1775664000000,2026-04-08T16:00:00.000Z,71270.2,71941.8,70428.2,70957.8,17906.3041,1274768095.99006
1775707200000,2026-04-09T04:00:00.000Z,70957.8,72329.9,70477.4,72099.9,25168.7912,1793931887.18721
1775750400000,2026-04-09T16:00:00.000Z,72099.9,73121,71533.3,71829.3,27259.6216,1966341701.20982
1775793600000,2026-04-10T04:00:00.000Z,71829.3,73255.3,71391.9,72406.9,27656.7591,1999044020.61911
1775836800000,2026-04-10T16:00:00.000Z,72406.9,73415.9,72333.1,72827.5,15183.3419,1107566780.56977
1775880000000,2026-04-11T04:00:00.000Z,72827.5,72948,72477.7,72823,8814.4095,640980533.98877
1775923200000,2026-04-11T16:00:00.000Z,72823,73777.3,71270,71561.1,26197.7039,1903772088.43056
1775966400000,2026-04-12T04:00:00.000Z,71561.1,71769.4,70575,70864.3,15683.4279,1117131678.39519
1776009600000,2026-04-12T16:00:00.000Z,70864.3,71433.4,70455.8,70958,14972.1367,1062768485.96904
1776052800000,2026-04-13T04:00:00.000Z,70958,72417,70542.3,71822.2,26225.6941,1871853196.95411
1776096000000,2026-04-13T16:00:00.000Z,71822.2,74905.7,71629.9,74400.2,34458.1045,2532251716.03594
1776139200000,2026-04-14T04:00:00.000Z,74400.2,75985.5,74110.3,75257.2,30833.5907,2309822023.97759
1776182400000,2026-04-14T16:00:00.000Z,75257.2,75636.4,73747.9,74304,22954.3185,1708388561.53303
1776225600000,2026-04-15T04:00:00.000Z,74304,74473.4,73467,73803.1,25692.7579,1901016896.34519
1776268800000,2026-04-15T16:00:00.000Z,73803.1,75400,73719,74842.9,20597.7062,1537630594.2842
1776312000000,2026-04-16T04:00:00.000Z,74842.9,75129.8,73218,74659.4,31918.3996,2372315368.87367
1776355200000,2026-04-16T16:00:00.000Z,74659.4,75513,73873.6,74569.9,20531.9284,1534740750.45056
1776398400000,2026-04-17T04:00:00.000Z,74569.9,77980,74505.4,77706.7,49733.8329,3794467141.69624
1776441600000,2026-04-17T16:00:00.000Z,77706.7,78283,76849,76959.9,17806.1424,1378123234.04089
1776484800000,2026-04-18T04:00:00.000Z,76959.9,77218,75714.4,76118.8,19397.3851,1481260870.24688
1776528000000,2026-04-18T16:00:00.000Z,76118.8,76175.7,75313.8,75475.7,11935.0042,903149790.93383
1776571200000,2026-04-19T04:00:00.000Z,75475.7,76215.7,74832.8,75811.7,20826.6738,1572177058.46477
1776614400000,2026-04-19T16:00:00.000Z,75811.7,75816.9,73670,74598.6,22868.5145,1703539558.9544
1776657600000,2026-04-20T04:00:00.000Z,74598.6,75753.4,74063,75666,27233.8402,2043953055.99667
1776700800000,2026-04-20T16:00:00.000Z,75666,76532.4,75240,75673.7,17766.1614,1348808305.9318
1776744000000,2026-04-21T04:00:00.000Z,75673.7,76877.1,75349.1,75803,29006.7305,2207753755.306
1776787200000,2026-04-21T16:00:00.000Z,75803,77694,74780,77476.2,30089.7147,2288947591.20463
1776830400000,2026-04-22T04:00:00.000Z,77476.2,79350,77315,79221.6,32330.2354,2532968400.3443
1776873600000,2026-04-22T16:00:00.000Z,79221.6,79415.3,77400.9,77712.1,20011.013,1568942256.70731
1776916800000,2026-04-23T04:00:00.000Z,77712.1,78632.8,77133,78328.3,25555.7765,1988441719.8615
1776960000000,2026-04-23T16:00:00.000Z,78328.3,78545.9,76906.2,77697.1,23707.8236,1845290180.94937
1777003200000,2026-04-24T04:00:00.000Z,77697.1,78437.9,77355.2,78008.8,21885.2425,1704198654.85458
1777046400000,2026-04-24T16:00:00.000Z,78008.8,78031.9,77221.5,77624.9,11139.8269,863881077.655
1777089600000,2026-04-25T04:00:00.000Z,77624.9,77847,77260,77287.5,7307.669,566925180.53092
1777132800000,2026-04-25T16:00:00.000Z,77287.5,77610.9,77095,77355,6210.8905,480580375.33462
1777176000000,2026-04-26T04:00:00.000Z,77355,78183.6,77335.6,78005.7,10787.3645,840734800.87436
1777219200000,2026-04-26T16:00:00.000Z,78005.7,79459,77800,79064,24009.0326,1887730759.12471
1777262400000,2026-04-27T04:00:00.000Z,79064,79125.3,76513.8,76764.1,29806.269,2314710801.75616
1777305600000,2026-04-27T16:00:00.000Z,76764.1,77436.3,76414.5,76771.3,14654.2546,1126524869.04382
1777348800000,2026-04-28T04:00:00.000Z,76771.3,77121,75612.9,76030.9,22037.2142,1681973756.24024
1777392000000,2026-04-28T16:00:00.000Z,76030.9,77080,75854,76949.9,11097.3441,847895387.06173
1777435200000,2026-04-29T04:00:00.000Z,76949.9,77864.1,75675.8,75901.9,25718.8376,1979138975.57857
1777478400000,2026-04-29T16:00:00.000Z,75901.9,76441.1,74904,75885,21616.3861,1636241231.11898
1777521600000,2026-04-30T04:00:00.000Z,75885,76631.3,75265.6,76421.4,16142.0574,1227841626.88734
1777564800000,2026-04-30T16:00:00.000Z,76421.4,77400,76061,77076.7,9530.75,730604051.72025
1777608000000,2026-05-01T04:00:00.000Z,77076.7,78880,76805.2,78388.8,27412.4294,2135621997.17088
1777651200000,2026-05-01T16:00:00.000Z,78388.8,78636.6,77709.8,78372,9478.6202,741565036.79721
1777694400000,2026-05-02T04:00:00.000Z,78372,78473.4,77988,78445.5,6172.5417,482858511.42622
1777737600000,2026-05-02T16:00:00.000Z,78445.5,79176.3,78062.8,78158.3,9917.7833,778788680.18146
1777780800000,2026-05-03T04:00:00.000Z,78158.3,78842.4,78038.2,78629,8898.0611,698513147.19184
1777824000000,2026-05-03T16:00:00.000Z,78629,80414.2,78237.2,80269.7,24380.755,1933753278.54562
1777867200000,2026-05-04T04:00:00.000Z,80269.7,80580.2,78161.3,79979.2,40029.098,3177897477.65775
1777910400000,2026-05-04T16:00:00.000Z,79979.2,81045,79568,80832.2,17376.2968,1395357384.41345
1777953600000,2026-05-05T04:00:00.000Z,80832.2,81665,80463.4,81478.8,24135.6613,1957534534.69335
1777996800000,2026-05-05T16:00:00.000Z,81478.8,81752.1,80666.5,81530.6,18970.5924,1541935122.55047
1778040000000,2026-05-06T04:00:00.000Z,81530.6,82799,81008,81659.2,31225.2085,2555950739.74323
1778083200000,2026-05-06T16:00:00.000Z,81659.2,81853.8,80760,80802.4,12279.1164,997687979.28815
1778126400000,2026-05-07T04:00:00.000Z,80802.4,81669.9,79669,79869.3,26739.1258,2156733597.58346
1778169600000,2026-05-07T16:00:00.000Z,79869.3,80340.7,79124.8,79543.5,16375.8456,1305955592.67686
1778212800000,2026-05-08T04:00:00.000Z,79543.5,80490,79230,80123.7,21255.5839,1697646382.88324
1778256000000,2026-05-08T16:00:00.000Z,80123.7,80520,79701.8,80348,10235.689,820252254.84511
1778299200000,2026-05-09T04:00:00.000Z,80348,80635,80090,80478.9,7270.0484,583936596.13283
1778342400000,2026-05-09T16:00:00.000Z,80478.9,81036.2,80435,80741,8265.8374,667371837.1211
1778385600000,2026-05-10T04:00:00.000Z,80741,81397.7,80617.4,81364,7692.0885,622656635.77284
1778428800000,2026-05-10T16:00:00.000Z,81364,82435.2,80222,80716.1,28393.1972,2308991640.50469
1778472000000,2026-05-11T04:00:00.000Z,80716.1,81420.5,80411.1,81397.9,16025.9743,1296893473.49069
1778515200000,2026-05-11T16:00:00.000Z,81397.9,82088,80675.9,81027.2,17349.4375,1414499409.17295
1778558400000,2026-05-12T04:00:00.000Z,81027.2,81277,80155,80300.1,20665.1585,1667710049.43913
1778601600000,2026-05-12T16:00:00.000Z,80300.1,81244,79805.9,81199.9,15569.8441,1254484487.28499
1778644800000,2026-05-13T04:00:00.000Z,81199.9,81280,78780.4,78830.1,30073.2164,2410388753.22086
1778688000000,2026-05-13T16:00:00.000Z,78830.1,79789.6,78755.1,79012.1,16218.6381,1286492626.74817
1778731200000,2026-05-14T04:00:00.000Z,79012.1,81270,78936.7,81232.5,28080.5287,2248804633.80967
1778774400000,2026-05-14T16:00:00.000Z,81232.5,81998.4,80716,81030.3,27827.8134,2265165151.85662
1778817600000,2026-05-15T04:00:00.000Z,81030.3,81069,78600.7,79130.7,32209.4004,2572839830.3369
1778860800000,2026-05-15T16:00:00.000Z,79130.7,79540.5,78880,79060.7,7565.2657,599056609.69581
1778904000000,2026-05-16T04:00:00.000Z,79060.7,79116.3,77625.8,78218.3,21598.5294,1689644529.30378
1778947200000,2026-05-16T16:00:00.000Z,78218.3,78355.6,77700,77992.6,6943.5132,541909924.74452
1778990400000,2026-05-17T04:00:00.000Z,77992.6,78569.9,77800,78013.2,9083.7955,710272770.41771
1779033600000,2026-05-17T16:00:00.000Z,78013.2,78457.3,76676.4,76909.2,31898.5067,2473402533.57747
1779076800000,2026-05-18T04:00:00.000Z,76909.2,77765,76010,76398.6,30934.2188,2376323344.65864
1779120000000,2026-05-18T16:00:00.000Z,76398.6,77379.4,76112.6,76752.8,17406.899,1335937234.45524
1779163200000,2026-05-19T04:00:00.000Z,76752.8,77281.6,76115,76505.7,20631.8788,1583377475.03136
1779206400000,2026-05-19T16:00:00.000Z,76505.7,77048.4,76386.4,76693.6,11543.4544,886256290.77766
1779249600000,2026-05-20T04:00:00.000Z,76693.6,77849.9,76660,77429.9,18949.2519,1465361446.77806
1779292800000,2026-05-20T16:00:00.000Z,77429.9,78149.4,76984.3,78029.4,13952.6415,1083511961.02283
1779336000000,2026-05-21T04:00:00.000Z,78029.4,78185,76693.2,77230,23097.8039,1788734763.52809
1779379200000,2026-05-21T16:00:00.000Z,77230,78063,76970.6,77737.6,13810.0736,1071662613.65853
1779422400000,2026-05-22T04:00:00.000Z,77737.6,77857.7,76550,76772.1,18649.9577,1438732352.12653
1779465600000,2026-05-22T16:00:00.000Z,76772.1,77077,75188,75600,26159.2044,1986957531.71323
1779508800000,2026-05-23T04:00:00.000Z,75600,75655.5,74204.7,75478,25208.9578,1889332972.37996
1779552000000,2026-05-23T16:00:00.000Z,75478,77365.4,75308.4,76696.5,24741.5388,1891691091.19082
1779595200000,2026-05-24T04:00:00.000Z,76696.5,77488,76155.5,76342.9,14593.3979,1120555646.6514
1779638400000,2026-05-24T16:00:00.000Z,76342.9,77450,76009,76978.8,17723.5687,1360323271.64172
1779681600000,2026-05-25T04:00:00.000Z,76978.8,77872,76940,77585.1,14560.0052,1127537712.85466
1779724800000,2026-05-25T16:00:00.000Z,77585.1,77777,76434,76629.4,11931.1138,918973536.31174
1779768000000,2026-05-26T04:00:00.000Z,76629.4,78049.1,76230,76475.4,29883.3781,2301362177.76345
1779811200000,2026-05-26T16:00:00.000Z,76475.4,76688.2,75545.2,75625.9,18115.3152,1376805382.05838
1779854400000,2026-05-27T04:00:00.000Z,75625.9,76139,74730,75296.8,24864.1124,1875517740.21161
1779897600000,2026-05-27T16:00:00.000Z,75296.8,75388,73038.4,73232.9,29572.3101,2197186942.30711
1779940800000,2026-05-28T04:00:00.000Z,73232.9,73597.3,72550.1,72902.3,30129.7391,2201860830.94821
1779984000000,2026-05-28T16:00:00.000Z,72902.3,73914.2,72701.9,73264.9,15246.5662,1120199351.68774
1780027200000,2026-05-29T04:00:00.000Z,73264.9,74161.5,72476.5,73768,27988.6126,2052370650.91427
1780070400000,2026-05-29T16:00:00.000Z,73768,74287,73145.6,73499.1,15865.9664,1169700960.87743
1780113600000,2026-05-30T04:00:00.000Z,73499.1,74060,73170,73885,9049.3262,666309774.62436
1780156800000,2026-05-30T16:00:00.000Z,73885,74238,73740.2,74101.5,6801.0956,503141148.42354
1780200000000,2026-05-31T04:00:00.000Z,74101.5,74181.9,73467.1,73633.4,8129.2481,599828587.72096
1780243200000,2026-05-31T16:00:00.000Z,73633.4,74170.5,73180,73731.5,13664.3546,1006982197.22225
1780286400000,2026-06-01T04:00:00.000Z,73731.5,73807.6,71066,71128.5,42454.9309,3065213433.43522
1780329600000,2026-06-01T16:00:00.000Z,71128.5,71786.3,70080.1,70930.5,28422.8705,2019697942.72349
1780372800000,2026-06-02T04:00:00.000Z,70930.5,71025.6,67040,67269.9,49028.0595,3382458603.26963
1780416000000,2026-06-02T16:00:00.000Z,67269.9,68121.1,65373.4,65823.5,43428.7909,2906945924.44938
1780459200000,2026-06-03T04:00:00.000Z,65823.5,67482.5,65800,66050.6,33644.2603,2248967030.84088
1780502400000,2026-06-03T16:00:00.000Z,66050.6,66358,61329.4,64328.5,66479.0984,4267739913.70866
1780545600000,2026-06-04T04:00:00.000Z,64328.5,64732.5,62159.3,63862.9,53136.0049,3374452176.82546
1780588800000,2026-06-04T16:00:00.000Z,63862.9,64130,62302.5,62710.5,28136.5242,1781865869.46352
1780632000000,2026-06-05T04:00:00.000Z,62710.5,63665.9,60020.2,60405.3,72012.6546,4449485716.35429
1780675200000,2026-06-05T16:00:00.000Z,60405.3,61988.8,59087.3,60659,65862.2471,4000043932.87084
1780718400000,2026-06-06T04:00:00.000Z,60659,61468.3,59450.3,60749.8,35061.2578,2126015494.54864
1780761600000,2026-06-06T16:00:00.000Z,60749.8,61755.1,60370,61666,18000.8341,1097540595.90227
1780804800000,2026-06-07T04:00:00.000Z,61666,62936.8,61445.7,62069.9,32789.7628,2036577543.08387
1780848000000,2026-06-07T16:00:00.000Z,62069.9,64289.4,61150,63099.5,32571.0592,2039679416.3815
1780891200000,2026-06-08T04:00:00.000Z,63099.5,64179,62368,63750,29737.3312,1883117388.48885
1780934400000,2026-06-08T16:00:00.000Z,63750,64020,62366.7,62840.6,19501.0054,1231199652.07993
1780977600000,2026-06-09T04:00:00.000Z,62840.6,63494.1,61000.7,61106.6,38016.1314,2368886851.22298
1781020800000,2026-06-09T16:00:00.000Z,61106.6,62254,60750.4,61516,25624.3881,1576717819.82897
1781064000000,2026-06-10T04:00:00.000Z,61516,62828.2,60691.8,62597.7,40428.9659,2490709815.0147
1781107200000,2026-06-10T16:00:00.000Z,62597.7,62828,61066.9,62651.7,25101.7278,1555083012.95708
1781150400000,2026-06-11T04:00:00.000Z,62651.7,63230.1,62463.3,62727.3,26197.8545,1645967493.05899
1781193600000,2026-06-11T16:00:00.000Z,62727.3,63900,62311,63490.5,22446.5654,1420401147.16098
1781236800000,2026-06-12T04:00:00.000Z,63490.5,64370,62810,63561.8,28086.8879,1785485826.13528
1781280000000,2026-06-12T16:00:00.000Z,63561.8,64080.9,63365.7,63501,11453.9774,729162796.21574
1781323200000,2026-06-13T04:00:00.000Z,63501,64314.2,63455.1,64258.3,8980.0975,574044564.68459
1781366400000,2026-06-13T16:00:00.000Z,64258.3,64736.3,63880,64510.2,10057.2182,646517955.4854
1781409600000,2026-06-14T04:00:00.000Z,64510.2,64634,63836.7,63991.4,12899.8842,828992908.43144
1781452800000,2026-06-14T16:00:00.000Z,63991.4,66000,63651.7,65885,25602.475,1665228629.93583
1781496000000,2026-06-15T04:00:00.000Z,65885,67268.7,65469.8,67245.5,27536.9109,1824612932.70174
1781539200000,2026-06-15T16:00:00.000Z,67245.5,67249.7,65616.1,66126.2,19216.4292,1275621790.84924
1781582400000,2026-06-16T04:00:00.000Z,66126.2,66966.2,65329,65834.5,27871.0102,1845074960.39498
1781625600000,2026-06-16T16:00:00.000Z,65834.5,66238.2,65434.3,65819.9,12225.7257,804251029.17779
1781668800000,2026-06-17T04:00:00.000Z,65819.9,66029.9,64534,65709.1,25914.0135,1688005628.5442
1781712000000,2026-06-17T16:00:00.000Z,65709.1,66402.4,63881,64250.6,33982.9994,2208898309.05074
1781755200000,2026-06-18T04:00:00.000Z,64250.6,64626.3,62260.2,62340.7,34988.8744,2229226966.12377
1781798400000,2026-06-18T16:00:00.000Z,62340.7,63247.7,62233.7,62744.2,18610.2323,1167429029.06988
1781841600000,2026-06-19T04:00:00.000Z,62744.2,63389.4,62280,63184.9,19158.5167,1202660595.02682
1781884800000,2026-06-19T16:00:00.000Z,63184.9,63749.9,62832.7,63439,11201.9323,708548904.13413
1781928000000,2026-06-20T04:00:00.000Z,63439,64361.1,63154.5,64129.9,18957.6498,1207853012.70163
1781971200000,2026-06-20T16:00:00.000Z,64129.9,64448.9,63690,64392.4,8847.9006,567039042.58379
1782014400000,2026-06-21T04:00:00.000Z,64392.4,64562,63864,64195.6,14225.4829,912827595.48482
1782057600000,2026-06-21T16:00:00.000Z,64195.6,64811.7,63233,63940.3,21647.628,1385955240.1472
1782100800000,2026-06-22T04:00:00.000Z,63940.3,65588,63838.6,64810.3,26136.1255,1692432138.69075
1782144000000,2026-06-22T16:00:00.000Z,64810.3,64841.2,63753.5,64042.8,15910.8742,1022721002.87942
1782187200000,2026-06-23T04:00:00.000Z,64042.8,64074.6,61880,62461.1,35973.8498,2253701615.98068
1782230400000,2026-06-23T16:00:00.000Z,62461.1,63096.6,62070,62703.1,12259.8329,767986732.79522
1782273600000,2026-06-24T04:00:00.000Z,62703.1,63210,60240,60252.4,35231.9354,2175614635.97998
1782316800000,2026-06-24T16:00:00.000Z,60252.4,61251.2,59071.4,60853.6,41131.8905,2474736858.34399
1782360000000,2026-06-25T04:00:00.000Z,60853.6,61941,58061.3,59541.9,60894.6053,3659324651.47915
1782403200000,2026-06-25T16:00:00.000Z,59541.9,60269,58300.2,60006.1,34668.0555,2057595241.03365
1782446400000,2026-06-26T04:00:00.000Z,60006.1,60744,58477,60294.1,42746.7916,2554906336.92031
1782489600000,2026-06-26T16:00:00.000Z,60294.1,60568.1,59522,60283.1,13196.6794,792103848.37099
1782532800000,2026-06-27T04:00:00.000Z,60283.1,60921.9,60085.2,60818.8,11178.7113,675856348.92639
1782576000000,2026-06-27T16:00:00.000Z,60818.8,60832.1,59802.7,60175.9,10470.6566,630955980.17899
1782619200000,2026-06-28T04:00:00.000Z,60175.9,60535.4,59725,59859.5,12087.1667,726501762.54305
1782662400000,2026-06-28T16:00:00.000Z,59859.5,60207.7,58859.2,60016.7,22479.7757,1338013216.48988
1782705600000,2026-06-29T04:00:00.000Z,60016.7,60765.5,58978,59800.6,33739.13,2018132103.15132
1782748800000,2026-06-29T16:00:00.000Z,59800.6,60663.2,59560,59595,16585.7617,996924956.45568
1782792000000,2026-06-30T04:00:00.000Z,59595,59713.8,58160.1,58365.8,35883.2141,2113915154.91871
1782835200000,2026-06-30T16:00:00.000Z,58365.8,59308.3,57770,59170.5,22075.0423,1292869849.91636
1782878400000,2026-07-01T04:00:00.000Z,59170.5,60522.1,58300,60114.3,32289.9527,1912942151.24484
1782921600000,2026-07-01T16:00:00.000Z,60114.3,61330.8,59562.4,61031.9,24477.0985,1476868426.55559
1782964800000,2026-07-02T04:00:00.000Z,61031.9,62170,60079.4,61579.9,37117.1929,2272528158.86919
1783008000000,2026-07-02T16:00:00.000Z,61579.9,61938.6,61106.3,61413.4,12360.2078,760166845.68522
1783051200000,2026-07-03T04:00:00.000Z,61413.4,62372.7,61311.4,61891.7,19184.4803,1186863890.68928
1783094400000,2026-07-03T16:00:00.000Z,61891.7,62929.2,61874.2,62598.1,14906.7548,931851741.67159
1783137600000,2026-07-04T04:00:00.000Z,62598.1,63067.9,62296.8,62900.7,10190.0845,638315261.39622
1783180800000,2026-07-04T16:00:00.000Z,62900.7,63443.5,62563.7,62742.4,14064.1969,886911369.61845
1783224000000,2026-07-05T04:00:00.000Z,62742.4,63079,62404,62715.7,9798.9472,614796819.83609
1783267200000,2026-07-05T16:00:00.000Z,62715.7,63973.7,62567,63272,18303.0211,1160141714.77626
1783310400000,2026-07-06T04:00:00.000Z,63272,63520,61284,63509.8,37065.1538,2311693350.41465
1783353600000,2026-07-06T16:00:00.000Z,63509.8,64713.9,63124,63167.6,24457.8043,1561779591.42031
1783396800000,2026-07-07T04:00:00.000Z,63167.6,64088.3,62632.3,63899.9,26934.8484,1704858686.91803
1783440000000,2026-07-07T16:00:00.000Z,63899.9,64223.6,62500.1,62743.9,17116.3045,1086667132.78536
1783483200000,2026-07-08T04:00:00.000Z,62743.9,62922,61512.1,61677.1,29067.0416,1805131365.3335
1783526400000,2026-07-08T16:00:00.000Z,61677.1,62626.8,61667.1,61941,13698.4979,850741562.78544
1783569600000,2026-07-09T04:00:00.000Z,61941,63264.2,61928,62829.6,31074.6989,1950347851.59621
1783612800000,2026-07-09T16:00:00.000Z,62829.6,64030.5,62523.6,63909.9,14766.2563,935246081.30468
1783656000000,2026-07-10T04:00:00.000Z,63909.9,64673.5,63764,64020.2,20317.5233,1303913210.97764
1783699200000,2026-07-10T16:00:00.000Z,64020.2,64283.1,63631,64118.6,9107.8114,582521735.48152
1783742400000,2026-07-11T04:00:00.000Z,64118.6,64489.6,63816.8,64145.3,7668.1145,492252090.27162
1783785600000,2026-07-11T16:00:00.000Z,64145.3,64449.9,63660,64194.9,8267.1946,529554243.46203
1783828800000,2026-07-12T04:00:00.000Z,64194.9,64300,63611,64148.3,8396.1701,536943114.15021
1783872000000,2026-07-12T16:00:00.000Z,64148.3,64413.5,62715.1,62788.3,18339.8408,1166011038.14678
1783915200000,2026-07-13T04:00:00.000Z,62788.3,63267,62080.1,62595.9,26295.7828,1648436234.24976
1783958400000,2026-07-13T16:00:00.000Z,62595.9,62665.9,61810.3,62544.3,16533.6815,1028731917.12933
1784001600000,2026-07-14T04:00:00.000Z,62544.3,64996.3,62455.4,64720,33264.6816,2115976130.32835
1784044800000,2026-07-14T16:00:00.000Z,64720,65098,64240.1,64764.4,12831.2586,829948729.96271
1784088000000,2026-07-15T04:00:00.000Z,64764.4,65571.4,64450.1,65384.4,24448.9627,1589705517.80372
1784131200000,2026-07-15T16:00:00.000Z,65384.4,65429.3,64357.6,64590,11517.1377,746685747.90489
1784174400000,2026-07-16T04:00:00.000Z,64590,64978.9,63825.2,64674.8,25146.5334,1617236544.50588
1784217600000,2026-07-16T16:00:00.000Z,64674.8,64687.4,63358.9,63544.5,14732.6377,941970684.88753
1784260800000,2026-07-17T04:00:00.000Z,63544.5,63555.3,62508.2,63435.3,25472.0634,1605100007.31728
1784304000000,2026-07-17T16:00:00.000Z,63435.3,64350,63276.3,63988,10966.7644,700572515.44652
1784347200000,2026-07-18T04:00:00.000Z,63988,64233.3,63902.5,64088.7,4675.9731,299483593.73986
1784390400000,2026-07-18T16:00:00.000Z,64088.7,64932.9,64056.3,64679.9,9943.2718,642169184.22086
1784433600000,2026-07-19T04:00:00.000Z,64679.9,64786.5,64253.6,64550.7,7377.585,476018572.558
1784476800000,2026-07-19T16:00:00.000Z,64550.7,65082.7,64246,64837.9,10636.776,687843010.12379
1784520000000,2026-07-20T04:00:00.000Z,64837.9,65653.4,63729.3,65557.2,30726.1125,1982416859.47469
1784563200000,2026-07-20T16:00:00.000Z,65557.2,65778.9,65005,65529.3,14868.7604,971961079.67064
1784606400000,2026-07-21T04:00:00.000Z,65529.3,66926.1,65450,66641.3,22656.9324,1501960150.3305
1784649600000,2026-07-21T16:00:00.000Z,66641.3,66732.5,66022.1,66175.4,10904.0653,723554278.64469
1784692800000,2026-07-22T04:00:00.000Z,66175.4,66396,65500,66006.6,16605.7089,1093970417.28412
1784736000000,2026-07-22T16:00:00.000Z,66006.6,66394.8,65542.4,65629.9,9960.2324,656937947.83672
1784779200000,2026-07-23T04:00:00.000Z,65629.9,65789.8,64700.9,64936.6,19408.4322,1266123047.08692
1784822400000,2026-07-23T16:00:00.000Z,64936.6,65439.9,64629.6,65430,11380.8272,739594681.88045
1784865600000,2026-07-24T04:00:00.000Z,65430,65774.4,63710.6,64070.4,44013.1365,2836694387.65798
1784908800000,2026-07-24T16:00:00.000Z,64070.4,64269.2,63855.3,64050,6098.7597,390814427.16407
1784952000000,2026-07-25T04:00:00.000Z,64050,64255.7,63768.8,64148.5,6381.271,408582866.73204
1784995200000,2026-07-25T16:00:00.000Z,64148.5,64545.5,64086.2,64514,5034.7277,324052717.37652
1785038400000,2026-07-26T04:00:00.000Z,64514,64800,64250,64734,8175.7471,527636964.2224
1785081600000,2026-07-26T16:00:00.000Z,64734,65546.3,64601.3,65257.6,12308.7477,801321040.60836
1785124800000,2026-07-27T04:00:00.000Z,65257.6,65722.7,64391,64525.1,20315.116,1322531410.43084
1785168000000,2026-07-27T16:00:00.000Z,64525.1,65073,63023.3,63319.6,20440.1497,1306399834.73297
1785211200000,2026-07-28T04:00:00.000Z,63319.6,63997,62700.1,63887.7,21269.9222,1347718775.66291
1785254400000,2026-07-28T16:00:00.000Z,63887.7,64190,63468.5,63726.6,12450.758,794633557.52186
1785297600000,2026-07-29T04:00:00.000Z,63726.6,64704,63559.9,63938,19130.1432,1229764025.39498
1785340800000,2026-07-29T16:00:00.000Z,63938,64684.3,63220.1,64136.9,24781.7518,1585503866.78935
1785384000000,2026-07-30T04:00:00.000Z,64136.9,65140,63880,64694.2,19626.5902,1268000229.60307
1785427200000,2026-07-30T16:00:00.000Z,64694.2,65388,64153.7,64345.3,14768.9991,956388635.42715
1785470400000,2026-07-31T04:00:00.000Z,64345.3,64471.6,62433.6,62701.3,27288.7752,1728900162.74353
1785513600000,2026-07-31T16:00:00.000Z,62701.3,63272.5,62688.1,62977.1,8111.1223,510778048.66671
1785556800000,2026-08-01T04:00:00.000Z,62977.1,63124.9,62942.1,62967,3697.4448,233088493.6031
1785600000000,2026-08-01T16:00:00.000Z,62967,63540,62231.1,63434,13229.411,831844150.20292
1785643200000,2026-08-02T04:00:00.000Z,63434,63620,62959,63082.2,8073.2617,510503248.4381
1785686400000,2026-08-02T16:00:00.000Z,63082.2,63771,62741.4,62840.1,11242.3549,711823239.03705
1785729600000,2026-08-03T04:00:00.000Z,62840.1,63954,62276.5,63656.6,27853.9645,1755263590.57153
1785772800000,2026-08-03T16:00:00.000Z,63656.6,64049.9,63283.6,63767.8,15446.6635,984279138.68669
1785816000000,2026-08-04T04:00:00.000Z,63767.8,64225.4,63422.4,64087,19826.8774,1266118449.40355
1785859200000,2026-08-04T16:00:00.000Z,64087,64510,63851.9,64148.1,14587.0547,936447405.24647
1785902400000,2026-08-05T04:00:00.000Z,64148.1,64700,63842.3,64343.7,21314.7027,1370383737.95118
1785945600000,2026-08-05T16:00:00.000Z,64343.7,64988.9,64343.6,64492.9,13133.1309,849564781.19032
1785988800000,2026-08-06T04:00:00.000Z,64492.9,64969.6,64147.3,64592.6,16138.8289,1042555707.74382
1786032000000,2026-08-06T16:00:00.000Z,64592.6,64788,64170,64260,7713.6523,496927334.10372
1786075200000,2026-08-07T04:00:00.000Z,64260,65339.9,64119.3,64879.7,21141.1481,1371440383.67371
1786118400000,2026-08-07T16:00:00.000Z,64879.7,65087,64493.8,64995.2,7496.1462,485843106.71662
1786161600000,2026-08-08T04:00:00.000Z,64995.2,65161.8,64882.3,65044.7,3493.2011,227054326.95243
1786204800000,2026-08-08T16:00:00.000Z,65044.7,65127.8,64691.5,64760.1,3230.8005,209707756.29708
1786248000000,2026-08-09T04:00:00.000Z,64760.1,65265,64741.8,65195.7,5754.7642,373964278.67138
1786291200000,2026-08-09T16:00:00.000Z,65195.7,65482.9,64790,64950.4,10369.9353,674997271.88003
1786334400000,2026-08-10T04:00:00.000Z,64950.4,65333,64183.9,64277.9,17539.9985,1135519664.29463
1786377600000,2026-08-10T16:00:00.000Z,64277.9,64339,63791.4,64129.8,13354.8944,854742428.67006
1786420800000,2026-08-11T04:00:00.000Z,64129.8,64467.5,63423,63592.3,19220.1596,1229700234.78771
1786464000000,2026-08-11T16:00:00.000Z,63592.3,63878,63218.4,63798.4,11827.0913,751629433.86507
1786507200000,2026-08-12T04:00:00.000Z,63798.4,64444,63284.6,63428.4,22864.2301,1460701112.25605
1786550400000,2026-08-12T16:00:00.000Z,63428.4,63700,63298.6,63630,7992.4973,507455337.97483
1786593600000,2026-08-13T04:00:00.000Z,63630,63980,63325,63383.5,16861.394,1074075709.97688
1786636800000,2026-08-13T16:00:00.000Z,63383.5,63623,62820.1,63296.4,14687.1314,929311912.69929
1786680000000,2026-08-14T04:00:00.000Z,63296.4,63456.6,62680.5,62832.3,12341.989,776906262.53623
