timestamp,datetime,open,high,low,close,volume,quoteVolume
1787194800000,2026-08-20T03:00:00.000Z,2250.94,2251.5,2222,2227.53,57280.94,
1787195700000,2026-08-20T03:15:00.000Z,2227.53,2242.65,2227.41,2233.65,12981.72,
1787196600000,2026-08-20T03:30:00.000Z,2233.65,2252.14,2233.6,2250.35,35868.19,
1787197500000,2026-08-20T03:45:00.000Z,2250.35,2258.56,2249.26,2250.68,17983.53,
1787198400000,2026-08-20T04:00:00.000Z,2250.68,2258.29,2248.58,2255.3,5388.9,
1787199300000,2026-08-20T04:15:00.000Z,2255.3,2256.8,2252.51,2255.59,2924.45,
1787200200000,2026-08-20T04:30:00.000Z,2255.59,2256,2247.77,2250.44,8873.79,
1787201100000,2026-08-20T04:45:00.000Z,2250.44,2257.22,2249.7,2249.7,4250.47,
1787202000000,2026-08-20T05:00:00.000Z,2249.7,2254.49,2248.85,2248.89,4290.84,
1787202900000,2026-08-20T05:15:00.000Z,2248.89,2256.33,2248.8,2251.17,2765.53,
1787203800000,2026-08-20T05:30:00.000Z,2251.17,2253.77,2249.75,2251.09,1536.58,
1787204700000,2026-08-20T05:45:00.000Z,2251.09,2251.09,2242.79,2247.79,6027.84,
1787205600000,2026-08-20T06:00:00.000Z,2247.79,2248.4,2238.16,2242.71,17836.27,
1787206500000,2026-08-20T06:15:00.000Z,2242.71,2254.99,2241.4,2250.55,16090.73,
1787207400000,2026-08-20T06:30:00.000Z,2250.55,2263.5,2250.4,2261.44,18305.39,
1787208300000,2026-08-20T06:45:00.000Z,2261.44,2266.73,2260.63,2261.93,10361.8,
1787209200000,2026-08-20T07:00:00.000Z,2261.93,2263,2255.56,2255.56,8082.36,
1787210100000,2026-08-20T07:15:00.000Z,2255.56,2257.3,2247.79,2252.33,17250.45,
1787211000000,2026-08-20T07:30:00.000Z,2252.33,2252.33,2244.45,2245.1,14258.9,
1787211900000,2026-08-20T07:45:00.000Z,2245.1,2251.84,2244.07,2251.69,5090.82,
1787212800000,2026-08-20T08:00:00.000Z,2251.69,2287.58,2248.85,2284,52233.27,
1787213700000,2026-08-20T08:15:00.000Z,2284,2284.28,2269.94,2277.63,32301.3,
1787214600000,2026-08-20T08:30:00.000Z,2277.63,2278,2264.75,2274.9,13032.52,
1787215500000,2026-08-20T08:45:00.000Z,2274.9,2285.88,2273,2281.77,13568.11,
1787216400000,2026-08-20T09:00:00.000Z,2281.77,2296.57,2276.74,2294.06,35015.89,
1787217300000,2026-08-20T09:15:00.000Z,2294.06,2297.52,2283.21,2283.21,33438.54,
1787218200000,2026-08-20T09:30:00.000Z,2283.21,2293.31,2277.11,2288.25,15221.3,
1787219100000,2026-08-20T09:45:00.000Z,2288.25,2289.5,2274.11,2278.06,11709.95,
1787220000000,2026-08-20T10:00:00.000Z,2278.06,2288.73,2274.81,2287.56,9200.02,
1787220900000,2026-08-20T10:15:00.000Z,2287.56,2294.47,2281.56,2284.98,11069.22,
1787221800000,2026-08-20T10:30:00.000Z,2284.98,2286.95,2279.81,2280.55,10386.92,
1787222700000,2026-08-20T10:45:00.000Z,2280.55,2286.36,2279.28,2285.88,4128.35,
1787223600000,2026-08-20T11:00:00.000Z,2285.88,2294.59,2281.01,2287.28,16052.32,
1787224500000,2026-08-20T11:15:00.000Z,2287.28,2295,2283.81,2293.56,5917.95,
1787225400000,2026-08-20T11:30:00.000Z,2293.56,2315.6,2292.15,2306.13,43837.19,
1787226300000,2026-08-20T11:45:00.000Z,2306.13,2318.56,2292.55,2295.47,49887.55,
1787227200000,2026-08-20T12:00:00.000Z,2295.47,2299.98,2266.99,2273.18,68221.64,
1787228100000,2026-08-20T12:15:00.000Z,2273.18,2281.28,2271.77,2278.02,9419.72,
1787229000000,2026-08-20T12:30:00.000Z,2278.02,2284,2273,2279.89,10355.26,
1787229900000,2026-08-20T12:45:00.000Z,2279.89,2293.13,2266.75,2289.48,38194.41,
1787230800000,2026-08-20T13:00:00.000Z,2289.48,2297.9,2285.83,2293.7,12388.74,
1787231700000,2026-08-20T13:15:00.000Z,2293.7,2294.86,2286.47,2287.22,9861.29,
1787232600000,2026-08-20T13:30:00.000Z,2287.22,2287.81,2255,2273.99,57792.85,
1787233500000,2026-08-20T13:45:00.000Z,2273.99,2281.86,2264.77,2275.95,13847.7,
1787234400000,2026-08-20T14:00:00.000Z,2275.95,2288.5,2274.56,2280,14949.21,
1787235300000,2026-08-20T14:15:00.000Z,2280,2281.94,2270.24,2273.18,7844.28,
1787236200000,2026-08-20T14:30:00.000Z,2273.18,2286.11,2272.31,2276.14,10762.24,
1787237100000,2026-08-20T14:45:00.000Z,2276.14,2280.65,2270.4,2280.41,6582.77,
1787238000000,2026-08-20T15:00:00.000Z,2280.41,2306.56,2280.41,2297.12,41097.79,
1787238900000,2026-08-20T15:15:00.000Z,2297.12,2313.92,2291.31,2312.99,39197.52,
1787239800000,2026-08-20T15:30:00.000Z,2312.99,2324,2297.16,2302.64,47334.12,
1787240700000,2026-08-20T15:45:00.000Z,2302.64,2337.47,2301.84,2324.89,62031.1,
1787241600000,2026-08-20T16:00:00.000Z,2324.89,2330.73,2316.46,2318.43,24723.63,
1787242500000,2026-08-20T16:15:00.000Z,2318.43,2325.77,2312.69,2324.8,11173.11,
1787243400000,2026-08-20T16:30:00.000Z,2324.8,2359.47,2319.09,2348.26,54885.52,
1787244300000,2026-08-20T16:45:00.000Z,2348.26,2348.52,2335.58,2343.88,18617.23,
1787245200000,2026-08-20T17:00:00.000Z,2343.88,2344.33,2331.23,2336.68,15110.07,
1787246100000,2026-08-20T17:15:00.000Z,2336.68,2345.64,2334.27,2343.37,7338.84,
1787247000000,2026-08-20T17:30:00.000Z,2343.37,2347.23,2338.11,2343.47,5563.92,
1787247900000,2026-08-20T17:45:00.000Z,2343.47,2350.57,2341.73,2342.84,10249.85,
1787248800000,2026-08-20T18:00:00.000Z,2342.84,2346.8,2324.11,2329.99,23908.37,
1787249700000,2026-08-20T18:15:00.000Z,2329.99,2333.15,2318,2324.61,10169.36,
1787250600000,2026-08-20T18:30:00.000Z,2324.61,2325.55,2309.25,2315.87,18364.2,
1787251500000,2026-08-20T18:45:00.000Z,2315.87,2322.59,2313.04,2315.06,6778.55,
1787252400000,2026-08-20T19:00:00.000Z,2315.06,2323.23,2310.63,2320.13,10962.28,
1787253300000,2026-08-20T19:15:00.000Z,2320.13,2329.4,2319.86,2326.77,9354.78,
1787254200000,2026-08-20T19:30:00.000Z,2326.77,2331.5,2321.85,2328.91,7715.8,
1787255100000,2026-08-20T19:45:00.000Z,2328.91,2330.82,2319.15,2322.63,9408.41,
1787256000000,2026-08-20T20:00:00.000Z,2322.63,2326.44,2318.53,2319.42,4385.17,
1787256900000,2026-08-20T20:15:00.000Z,2319.42,2328.88,2316.07,2326.14,4901.54,
1787257800000,2026-08-20T20:30:00.000Z,2326.14,2330.79,2316.61,2319.26,7508.81,
1787258700000,2026-08-20T20:45:00.000Z,2319.26,2319.6,2312.55,2317.44,8913.36,
1787259600000,2026-08-20T21:00:00.000Z,2317.44,2322.64,2312.25,2321.34,8926.11,
1787260500000,2026-08-20T21:15:00.000Z,2321.34,2325.71,2313.33,2314.13,7195.06,
1787261400000,2026-08-20T21:30:00.000Z,2314.13,2321.79,2313.34,2318.78,3229.72,
1787262300000,2026-08-20T21:45:00.000Z,2318.78,2320.19,2315,2317.79,2282.4,
1787263200000,2026-08-20T22:00:00.000Z,2317.79,2318.4,2306.16,2310.65,10337.32,
1787264100000,2026-08-20T22:15:00.000Z,2310.65,2316.99,2306.76,2313.86,3872.63,
1787265000000,2026-08-20T22:30:00.000Z,2313.86,2314.95,2309.41,2311.09,1699.34,
1787265900000,2026-08-20T22:45:00.000Z,2311.09,2318.07,2310.73,2313.22,1961.01,
1787266800000,2026-08-20T23:00:00.000Z,2313.22,2321.73,2312.09,2321.56,6537.21,
1787267700000,2026-08-20T23:15:00.000Z,2321.56,2339.49,2320.76,2330.65,36024.81,
1787268600000,2026-08-20T23:30:00.000Z,2330.65,2333.79,2323.34,2324.89,5049.96,
1787269500000,2026-08-20T23:45:00.000Z,2324.89,2328.72,2321.92,2325.99,4524.84,
1787270400000,2026-08-21T00:00:00.000Z,2325.99,2339.11,2323.5,2337.04,10895.72,
1787271300000,2026-08-21T00:15:00.000Z,2337.04,2347.71,2330.91,2336.99,23582.57,
1787272200000,2026-08-21T00:30:00.000Z,2336.99,2351.34,2331.05,2336.9,12050.78,
1787273100000,2026-08-21T00:45:00.000Z,2336.9,2350.32,2333.43,2339.85,8966.16,
1787274000000,2026-08-21T01:00:00.000Z,2339.85,2347.54,2337.5,2344.7,7328.69,
1787274900000,2026-08-21T01:15:00.000Z,2344.7,2366.8,2337.56,2352.36,50830.83,
1787275800000,2026-08-21T01:30:00.000Z,2352.36,2369.17,2347.66,2356.87,25420.99,
1787276700000,2026-08-21T01:45:00.000Z,2356.87,2381,2356,2358.67,39223.32,
1787277600000,2026-08-21T02:00:00.000Z,2358.67,2362.33,2341.69,2353.3,28496.55,
1787278500000,2026-08-21T02:15:00.000Z,2353.3,2359.66,2346.25,2358.6,10346.38,
1787279400000,2026-08-21T02:30:00.000Z,2358.6,2364.56,2351.81,2354.95,5980.47,
1787280300000,2026-08-21T02:45:00.000Z,2354.95,2355.33,2343.36,2344.66,7958.15,
1787281200000,2026-08-21T03:00:00.000Z,2344.66,2346.9,2336,2344.12,9206.41,
1787282100000,2026-08-21T03:15:00.000Z,2344.12,2349.74,2339.36,2348.7,8644.78,
1787283000000,2026-08-21T03:30:00.000Z,2348.7,2353.65,2344.71,2348.04,5584.86,
1787283900000,2026-08-21T03:45:00.000Z,2348.04,2353.47,2339.4,2340.02,9133.24,
1787284800000,2026-08-21T04:00:00.000Z,2340.02,2349.88,2340.01,2345.14,6637.43,
1787285700000,2026-08-21T04:15:00.000Z,2345.14,2349.39,2343.15,2343.75,4415.78,
1787286600000,2026-08-21T04:30:00.000Z,2343.75,2350.12,2342.37,2349.38,8346.86,
1787287500000,2026-08-21T04:45:00.000Z,2349.38,2355.13,2348.17,2353.32,6411.92,
1787288400000,2026-08-21T05:00:00.000Z,2353.32,2358.91,2348.66,2357.99,7766.55,
1787289300000,2026-08-21T05:15:00.000Z,2357.99,2361.87,2348.18,2352.84,10983.16,
1787290200000,2026-08-21T05:30:00.000Z,2352.84,2357.22,2350.29,2353.54,4208.74,
1787291100000,2026-08-21T05:45:00.000Z,2353.54,2368,2351.66,2367.37,11631.64,
1787292000000,2026-08-21T06:00:00.000Z,2367.37,2378.33,2362.8,2364.67,19300.37,
1787292900000,2026-08-21T06:15:00.000Z,2364.67,2368.06,2353.87,2359.76,12865.2,
1787293800000,2026-08-21T06:30:00.000Z,2359.76,2373.32,2359.57,2368.33,13960.6,
1787294700000,2026-08-21T06:45:00.000Z,2368.33,2384.96,2363.41,2371.22,17926.93,
1787295600000,2026-08-21T07:00:00.000Z,2371.22,2387.03,2369.7,2385.57,20183.1,
1787296500000,2026-08-21T07:15:00.000Z,2385.57,2397.91,2376.02,2380.13,80379.09,
1787297400000,2026-08-21T07:30:00.000Z,2380.13,2387.92,2371.17,2379.5,22251.18,
1787298300000,2026-08-21T07:45:00.000Z,2379.5,2382.43,2368.01,2371.18,17508.86,
1787299200000,2026-08-21T08:00:00.000Z,2371.18,2391.82,2369.76,2382.87,18424.86,
1787300100000,2026-08-21T08:15:00.000Z,2382.87,2391.61,2378.03,2386.67,17196.94,
1787301000000,2026-08-21T08:30:00.000Z,2386.67,2416.2,2385.35,2409.3,74672.42,
1787301900000,2026-08-21T08:45:00.000Z,2409.3,2449.46,2408.45,2444.69,126118.69,
1787302800000,2026-08-21T09:00:00.000Z,2444.69,2446.94,2375.19,2397.96,146432.84,
1787303700000,2026-08-21T09:15:00.000Z,2397.96,2399.77,2383.15,2388.69,24240.59,
1787304600000,2026-08-21T09:30:00.000Z,2388.69,2411.27,2385.2,2407.27,20088.04,
1787305500000,2026-08-21T09:45:00.000Z,2407.27,2416.61,2390.63,2403.59,22694.18,
1787306400000,2026-08-21T10:00:00.000Z,2403.59,2405.93,2394,2400.7,12933.37,
1787307300000,2026-08-21T10:15:00.000Z,2400.7,2411.4,2390,2399.41,10036.29,
1787308200000,2026-08-21T10:30:00.000Z,2399.41,2401.29,2390.8,2397.11,5943.47,
1787309100000,2026-08-21T10:45:00.000Z,2397.11,2405,2393,2394.63,3968.96,
1787310000000,2026-08-21T11:00:00.000Z,2394.63,2398.65,2376,2385.75,15511.42,
1787310900000,2026-08-21T11:15:00.000Z,2385.75,2388.37,2372.01,2385.41,17070.12,
1787311800000,2026-08-21T11:30:00.000Z,2385.41,2386.45,2355.28,2373.02,37192.56,
1787312700000,2026-08-21T11:45:00.000Z,2373.02,2376.6,2360.82,2370.04,16939.09,
1787313600000,2026-08-21T12:00:00.000Z,2370.04,2379.67,2364.59,2378.32,9664.46,
1787314500000,2026-08-21T12:15:00.000Z,2378.32,2378.38,2368.9,2374.5,16283.06,
1787315400000,2026-08-21T12:30:00.000Z,2374.5,2396.14,2372.46,2393.98,18397.43,
1787316300000,2026-08-21T12:45:00.000Z,2393.98,2397.1,2384.26,2388,16704.08,
1787317200000,2026-08-21T13:00:00.000Z,2388,2396.02,2383.33,2390.39,7312.16,
1787318100000,2026-08-21T13:15:00.000Z,2390.39,2390.76,2381,2385.91,9007.52,
1787319000000,2026-08-21T13:30:00.000Z,2385.91,2398.15,2367.1,2394.55,44805.89,
1787319900000,2026-08-21T13:45:00.000Z,2394.55,2406.98,2381.31,2386.9,26728.71,
1787320800000,2026-08-21T14:00:00.000Z,2386.9,2387.27,2373.33,2378.62,17756.27,
1787321700000,2026-08-21T14:15:00.000Z,2378.62,2392.09,2368.19,2391.84,18953.85,
1787322600000,2026-08-21T14:30:00.000Z,2391.84,2396.98,2376.01,2385.42,11601.11,
1787323500000,2026-08-21T14:45:00.000Z,2385.42,2393.94,2385.15,2393.15,4224.45,
1787324400000,2026-08-21T15:00:00.000Z,2393.15,2405.67,2390.45,2401.93,9242.38,
1787325300000,2026-08-21T15:15:00.000Z,2401.93,2407.99,2395.72,2397.68,7258.12,
1787326200000,2026-08-21T15:30:00.000Z,2397.68,2402.62,2393.04,2399.14,9460.71,
1787327100000,2026-08-21T15:45:00.000Z,2399.14,2402.84,2391,2392.71,13193.54,
1787328000000,2026-08-21T16:00:00.000Z,2392.71,2396.54,2383.08,2383.49,17872.1,
1787328900000,2026-08-21T16:15:00.000Z,2383.49,2402.2,2382.57,2401.9,15367.07,
1787329800000,2026-08-21T16:30:00.000Z,2401.9,2402.3,2397.66,2400.32,5890.54,
1787330700000,2026-08-21T16:45:00.000Z,2400.32,2412.6,2400,2405.33,20645.93,
1787331600000,2026-08-21T17:00:00.000Z,2405.33,2421.74,2403.6,2414.99,26953.81,
1787332500000,2026-08-21T17:15:00.000Z,2414.99,2415.64,2400.61,2415.61,14817.26,
1787333400000,2026-08-21T17:30:00.000Z,2415.61,2425.33,2413.18,2418.96,20808.19,
1787334300000,2026-08-21T17:45:00.000Z,2418.96,2426.88,2415.49,2422.73,9249.55,
1787335200000,2026-08-21T18:00:00.000Z,2422.73,2426.53,2415,2421,8872.57,
1787336100000,2026-08-21T18:15:00.000Z,2421,2431.26,2421,2423.39,7148.58,
1787337000000,2026-08-21T18:30:00.000Z,2423.39,2425.43,2404.53,2407.2,23758.21,
1787337900000,2026-08-21T18:45:00.000Z,2407.2,2421.41,2394.25,2419.41,24604.34,
1787338800000,2026-08-21T19:00:00.000Z,2419.41,2420.09,2406.1,2414.37,6282.72,
1787339700000,2026-08-21T19:15:00.000Z,2414.37,2418.62,2406.69,2417.43,5910.96,
1787340600000,2026-08-21T19:30:00.000Z,2417.43,2419.74,2412.78,2416.46,2021.83,
1787341500000,2026-08-21T19:45:00.000Z,2416.46,2417.7,2411.33,2412.37,2545.5,
1787342400000,2026-08-21T20:00:00.000Z,2412.37,2430,2406.94,2424.85,16828.26,
1787343300000,2026-08-21T20:15:00.000Z,2424.85,2447.49,2424.48,2444.67,32033.85,
1787344200000,2026-08-21T20:30:00.000Z,2444.67,2444.68,2431.77,2436.69,6926.37,
1787345100000,2026-08-21T20:45:00.000Z,2436.69,2444.16,2425.94,2439.99,6154.8,
1787346000000,2026-08-21T21:00:00.000Z,2439.99,2460,2433.21,2448.47,37270.83,
1787346900000,2026-08-21T21:15:00.000Z,2448.47,2489.66,2443.03,2479.57,59809.69,
1787347800000,2026-08-21T21:30:00.000Z,2479.57,2498.62,2475.79,2484.79,26256.28,
1787348700000,2026-08-21T21:45:00.000Z,2484.79,2522.99,2482.28,2513.46,36127.56,
1787349600000,2026-08-21T22:00:00.000Z,2513.46,2548.92,2507.05,2542.97,48170.3,
1787350500000,2026-08-21T22:15:00.000Z,2542.97,2544.73,2529.02,2534,27593.29,
1787351400000,2026-08-21T22:30:00.000Z,2534,2535.79,2510.24,2529.43,27337.28,
1787352300000,2026-08-21T22:45:00.000Z,2529.43,2529.93,2513,2521.99,14861.55,
1787353200000,2026-08-21T23:00:00.000Z,2521.99,2526.97,2515.11,2524.06,12208.26,
1787354100000,2026-08-21T23:15:00.000Z,2524.06,2547.71,2521.19,2525.39,48172.75,
1787355000000,2026-08-21T23:30:00.000Z,2525.39,2530.99,2511.75,2523.29,13657.39,
1787355900000,2026-08-21T23:45:00.000Z,2523.29,2525,2509.1,2515.43,15221.29,
1787356800000,2026-08-22T00:00:00.000Z,2515.43,2522.74,2490.22,2501.23,23257.88,
1787357700000,2026-08-22T00:15:00.000Z,2501.23,2511.52,2498.11,2505.83,10212.44,
1787358600000,2026-08-22T00:30:00.000Z,2505.83,2515.33,2503,2508.39,6100.92,
1787359500000,2026-08-22T00:45:00.000Z,2508.39,2522.16,2503.3,2521.51,8699.79,
1787360400000,2026-08-22T01:00:00.000Z,2521.51,2528,2517.3,2519.11,20347.31,
1787361300000,2026-08-22T01:15:00.000Z,2519.11,2524.64,2514.57,2517.03,5897.55,
1787362200000,2026-08-22T01:30:00.000Z,2517.03,2526.94,2509.74,2512.82,27066.4,
1787363100000,2026-08-22T01:45:00.000Z,2512.82,2522.77,2505.13,2505.41,8983.69,
1787364000000,2026-08-22T02:00:00.000Z,2505.41,2511.47,2502.16,2508.1,7977.95,
1787364900000,2026-08-22T02:15:00.000Z,2508.1,2522,2507.4,2518.02,6364.85,
1787365800000,2026-08-22T02:30:00.000Z,2518.02,2521.26,2494.35,2509.21,18850.63,
1787366700000,2026-08-22T02:45:00.000Z,2509.21,2514.96,2503.17,2514.93,7840.94,
1787367600000,2026-08-22T03:00:00.000Z,2514.93,2520.69,2510.95,2511.9,8265.27,
1787368500000,2026-08-22T03:15:00.000Z,2511.9,2526.23,2511.42,2518.77,9653.55,
1787369400000,2026-08-22T03:30:00.000Z,2518.77,2522.88,2511.61,2516.47,8084.19,
1787370300000,2026-08-22T03:45:00.000Z,2516.47,2522,2513,2513.77,3071.59,
1787371200000,2026-08-22T04:00:00.000Z,2513.77,2519.26,2508.46,2518.69,6490.13,
1787372100000,2026-08-22T04:15:00.000Z,2518.69,2518.69,2504.64,2515.91,12713.22,
1787373000000,2026-08-22T04:30:00.000Z,2515.91,2529.28,2513,2526.82,12941.37,
1787373900000,2026-08-22T04:45:00.000Z,2526.82,2526.93,2512.68,2513.18,12379.68,
1787374800000,2026-08-22T05:00:00.000Z,2513.18,2517.46,2381.2,2443.54,269275.63,
1787375700000,2026-08-22T05:15:00.000Z,2443.54,2452.46,2407.27,2437.26,55987.5,
1787376600000,2026-08-22T05:30:00.000Z,2437.26,2448.46,2421.28,2432.63,20027.29,
1787377500000,2026-08-22T05:45:00.000Z,2432.63,2444.66,2426.81,2439.3,11388.44,
1787378400000,2026-08-22T06:00:00.000Z,2439.3,2442.89,2425.8,2427.48,9681.48,
1787379300000,2026-08-22T06:15:00.000Z,2427.48,2436,2426,2429,6342.54,
1787380200000,2026-08-22T06:30:00.000Z,2429,2439.11,2410.14,2430.25,27194.02,
1787381100000,2026-08-22T06:45:00.000Z,2430.25,2438.48,2429.84,2436.92,5572.6,
1787382000000,2026-08-22T07:00:00.000Z,2436.92,2447.48,2426.41,2433.03,13871.22,
1787382900000,2026-08-22T07:15:00.000Z,2433.03,2441.11,2425.41,2441.11,8321.51,
1787383800000,2026-08-22T07:30:00.000Z,2441.11,2441.18,2430.25,2435.71,6029.33,
1787384700000,2026-08-22T07:45:00.000Z,2435.71,2437.46,2430.38,2432.1,9333.42,
1787385600000,2026-08-22T08:00:00.000Z,2432.1,2440.75,2427.46,2438.91,8950.74,
1787386500000,2026-08-22T08:15:00.000Z,2438.91,2439.15,2422.61,2424.99,11227.88,
1787387400000,2026-08-22T08:30:00.000Z,2424.99,2425.52,2410.96,2424.06,19016.73,
1787388300000,2026-08-22T08:45:00.000Z,2424.06,2425.85,2416.92,2424.87,3829.47,
1787389200000,2026-08-22T09:00:00.000Z,2424.87,2427.25,2410.91,2427.18,8066.54,
1787390100000,2026-08-22T09:15:00.000Z,2427.18,2428.83,2420.99,2424.42,5297.44,
1787391000000,2026-08-22T09:30:00.000Z,2424.42,2425.8,2419.01,2422.19,3340.05,
1787391900000,2026-08-22T09:45:00.000Z,2422.19,2422.47,2412.84,2421.52,16445.16,
1787392800000,2026-08-22T10:00:00.000Z,2421.52,2422.5,2396.4,2400.86,37743.59,
1787393700000,2026-08-22T10:15:00.000Z,2400.86,2408.49,2387.78,2406.54,29577.83,
1787394600000,2026-08-22T10:30:00.000Z,2406.54,2416.39,2402.54,2415.35,11517.19,
1787395500000,2026-08-22T10:45:00.000Z,2415.35,2417.57,2407.45,2412.43,4650.24,
1787396400000,2026-08-22T11:00:00.000Z,2412.43,2415.4,2404.65,2407.7,6407.58,
1787397300000,2026-08-22T11:15:00.000Z,2407.7,2415.66,2406.3,2414.47,4374.81,
1787398200000,2026-08-22T11:30:00.000Z,2414.47,2425.47,2412.62,2424.44,9215.25,
1787399100000,2026-08-22T11:45:00.000Z,2424.44,2426.74,2420.02,2423.59,6126.29,
1787400000000,2026-08-22T12:00:00.000Z,2423.59,2435.43,2418.62,2432.61,14167.99,
1787400900000,2026-08-22T12:15:00.000Z,2432.61,2437.53,2428.67,2434.82,8674.84,
1787401800000,2026-08-22T12:30:00.000Z,2434.82,2437.85,2427.09,2430.77,4485.89,
1787402700000,2026-08-22T12:45:00.000Z,2430.77,2431.99,2426.25,2428.05,3877.86,
1787403600000,2026-08-22T13:00:00.000Z,2428.05,2428.77,2423.75,2426.09,2756.6,
1787404500000,2026-08-22T13:15:00.000Z,2426.09,2429.41,2421.37,2425.88,3641.24,
1787405400000,2026-08-22T13:30:00.000Z,2425.88,2428.05,2420.9,2424.58,6579.73,
1787406300000,2026-08-22T13:45:00.000Z,2424.58,2432.83,2424.25,2429.36,4261.93,
1787407200000,2026-08-22T14:00:00.000Z,2429.36,2430.95,2412.12,2417.96,26639.09,
1787408100000,2026-08-22T14:15:00.000Z,2417.96,2420.32,2412.32,2419.93,8129.41,
1787409000000,2026-08-22T14:30:00.000Z,2419.93,2423.75,2411,2411.61,11350.97,
1787409900000,2026-08-22T14:45:00.000Z,2411.61,2414.83,2408.13,2413,6233.66,
1787410800000,2026-08-22T15:00:00.000Z,2413,2416.18,2405.3,2405.3,5167.56,
1787411700000,2026-08-22T15:15:00.000Z,2405.3,2411.74,2405,2410.35,4906.7,
1787412600000,2026-08-22T15:30:00.000Z,2410.35,2414.44,2409.34,2411.9,2156.62,
1787413500000,2026-08-22T15:45:00.000Z,2411.9,2413.58,2408.48,2410.17,2512,
1787414400000,2026-08-22T16:00:00.000Z,2410.17,2416.24,2408.41,2413.85,3160.29,
1787415300000,2026-08-22T16:15:00.000Z,2413.85,2422.11,2413.85,2420.01,8493.25,
1787416200000,2026-08-22T16:30:00.000Z,2420.01,2428.79,2418.6,2425.41,8467.76,
1787417100000,2026-08-22T16:45:00.000Z,2425.41,2429.46,2421.95,2421.95,4294.91,
1787418000000,2026-08-22T17:00:00.000Z,2421.95,2425.09,2421.35,2423.61,3145.7,
1787418900000,2026-08-22T17:15:00.000Z,2423.61,2428.78,2416.58,2418.51,6414.11,
1787419800000,2026-08-22T17:30:00.000Z,2418.51,2424.94,2418.51,2424.35,5932.6,
1787420700000,2026-08-22T17:45:00.000Z,2424.35,2431.56,2423,2425.92,7578.02,
1787421600000,2026-08-22T18:00:00.000Z,2425.92,2430.78,2424.52,2426.17,4036.08,
1787422500000,2026-08-22T18:15:00.000Z,2426.17,2434.28,2426.11,2430.63,6986.09,
1787423400000,2026-08-22T18:30:00.000Z,2430.63,2433.72,2425.81,2425.98,5158.96,
1787424300000,2026-08-22T18:45:00.000Z,2425.98,2428.22,2420.99,2426.66,6410.55,
1787425200000,2026-08-22T19:00:00.000Z,2426.66,2429.83,2423.43,2428.95,4904.36,
1787426100000,2026-08-22T19:15:00.000Z,2428.95,2430.75,2426.27,2428.02,4180.71,
1787427000000,2026-08-22T19:30:00.000Z,2428.02,2434.67,2428.02,2433.96,3178.61,
1787427900000,2026-08-22T19:45:00.000Z,2433.96,2444,2433,2438.33,8154.81,
1787428800000,2026-08-22T20:00:00.000Z,2438.33,2443,2435.5,2440.4,5036.33,
1787429700000,2026-08-22T20:15:00.000Z,2440.4,2441.15,2436.29,2437,1432.95,
1787430600000,2026-08-22T20:30:00.000Z,2437,2438.95,2433.88,2435.87,1999.32,
1787431500000,2026-08-22T20:45:00.000Z,2435.87,2436.73,2428.47,2430.98,3271.82,
1787432400000,2026-08-22T21:00:00.000Z,2430.98,2431.1,2411.4,2411.69,15957.61,
1787433300000,2026-08-22T21:15:00.000Z,2411.69,2421.12,2411.69,2420.58,5207.48,
1787434200000,2026-08-22T21:30:00.000Z,2420.58,2421.85,2407.5,2415.42,5617.62,
1787435100000,2026-08-22T21:45:00.000Z,2415.42,2415.42,2401.54,2406.29,7293.22,
1787436000000,2026-08-22T22:00:00.000Z,2406.29,2420.83,2402.97,2418.73,8316.57,
1787436900000,2026-08-22T22:15:00.000Z,2418.73,2424.44,2416.25,2422.5,3282.43,
1787437800000,2026-08-22T22:30:00.000Z,2422.5,2422.76,2407.2,2413.59,6156.75,
1787438700000,2026-08-22T22:45:00.000Z,2413.59,2417.5,2410.56,2413.25,3286.28,
1787439600000,2026-08-22T23:00:00.000Z,2413.25,2416.21,2409.57,2414.59,2039.99,
1787440500000,2026-08-22T23:15:00.000Z,2414.59,2419.56,2413.26,2416.87,4172.06,
1787441400000,2026-08-22T23:30:00.000Z,2416.87,2421.35,2414.54,2420.28,1712.88,
1787442300000,2026-08-22T23:45:00.000Z,2420.28,2426.46,2420,2421.6,4775.08,
1787443200000,2026-08-23T00:00:00.000Z,2421.6,2424.99,2418.72,2420.26,1956.45,
1787444100000,2026-08-23T00:15:00.000Z,2420.26,2428.99,2418.79,2426.01,7167.1,
1787445000000,2026-08-23T00:30:00.000Z,2426.01,2433,2425.13,2426.38,8123.11,
1787445900000,2026-08-23T00:45:00.000Z,2426.38,2434.94,2425.56,2430.13,9493.48,
1787446800000,2026-08-23T01:00:00.000Z,2430.13,2430.59,2423.56,2429.14,6373.61,
1787447700000,2026-08-23T01:15:00.000Z,2429.14,2432.44,2424.92,2429.11,5271.08,
1787448600000,2026-08-23T01:30:00.000Z,2429.11,2432.4,2419.8,2425.74,8236.71,
1787449500000,2026-08-23T01:45:00.000Z,2425.74,2429,2419.34,2422.44,9740.79,
1787450400000,2026-08-23T02:00:00.000Z,2422.44,2423.73,2412.35,2412.77,6152.19,
1787451300000,2026-08-23T02:15:00.000Z,2412.77,2418.98,2406.05,2415.29,9603.28,
1787452200000,2026-08-23T02:30:00.000Z,2415.29,2420.55,2414.5,2418.27,1850.67,
1787453100000,2026-08-23T02:45:00.000Z,2418.27,2423.54,2415.1,2416.44,3330.62,
1787454000000,2026-08-23T03:00:00.000Z,2416.44,2417.72,2412.59,2416.72,3464.8,
1787454900000,2026-08-23T03:15:00.000Z,2416.72,2418.63,2411.28,2412.51,2070.63,
1787455800000,2026-08-23T03:30:00.000Z,2412.51,2412.99,2407.65,2409.65,4642.24,
1787456700000,2026-08-23T03:45:00.000Z,2409.65,2414.38,2409.26,2413.47,2485.91,
1787457600000,2026-08-23T04:00:00.000Z,2413.47,2416.87,2401.04,2413.95,10749.29,
1787458500000,2026-08-23T04:15:00.000Z,2413.95,2416.19,2403.24,2410,5297.94,
1787459400000,2026-08-23T04:30:00.000Z,2410,2410.41,2401.35,2402.53,5419.82,
1787460300000,2026-08-23T04:45:00.000Z,2402.53,2403.17,2370.87,2378.05,50114.84,
1787461200000,2026-08-23T05:00:00.000Z,2378.05,2384.4,2361.97,2365.85,20782.34,
1787462100000,2026-08-23T05:15:00.000Z,2365.85,2386.92,2355.21,2379.79,37210.53,
1787463000000,2026-08-23T05:30:00.000Z,2379.79,2384,2372.64,2376.49,9194.99,
1787463900000,2026-08-23T05:45:00.000Z,2376.49,2378.4,2372.78,2372.78,2234.88,
1787464800000,2026-08-23T06:00:00.000Z,2372.78,2380.8,2369.59,2379.44,7111.75,
1787465700000,2026-08-23T06:15:00.000Z,2379.44,2393,2378.37,2389.74,17255.92,
1787466600000,2026-08-23T06:30:00.000Z,2389.74,2396.88,2386.93,2391.57,5373.73,
1787467500000,2026-08-23T06:45:00.000Z,2391.57,2392.73,2385.34,2389.25,2582.22,
1787468400000,2026-08-23T07:00:00.000Z,2389.25,2396.47,2386.89,2393.95,2568.79,
1787469300000,2026-08-23T07:15:00.000Z,2393.95,2396.7,2391.44,2392.39,2915.86,
1787470200000,2026-08-23T07:30:00.000Z,2392.39,2392.59,2387.76,2389.09,2225.45,
1787471100000,2026-08-23T07:45:00.000Z,2389.09,2392.92,2385.65,2388.23,5422.77,
1787472000000,2026-08-23T08:00:00.000Z,2388.23,2414.31,2385.84,2406.44,22582.06,
1787472900000,2026-08-23T08:15:00.000Z,2406.44,2411,2404.8,2406.72,4620.22,
1787473800000,2026-08-23T08:30:00.000Z,2406.72,2429,2406.62,2419.69,23049.79,
1787474700000,2026-08-23T08:45:00.000Z,2419.69,2422.03,2411.11,2412.72,9467.44,
1787475600000,2026-08-23T09:00:00.000Z,2412.72,2416.56,2411,2413.01,2366.12,
1787476500000,2026-08-23T09:15:00.000Z,2413.01,2413.98,2407.04,2410.91,7175.18,
1787477400000,2026-08-23T09:30:00.000Z,2410.91,2412.82,2404.41,2411.93,6138.76,
1787478300000,2026-08-23T09:45:00.000Z,2411.93,2415.99,2409.63,2411.14,4172.8,
1787479200000,2026-08-23T10:00:00.000Z,2411.14,2417.5,2410.52,2414.33,6005.86,
1787480100000,2026-08-23T10:15:00.000Z,2414.33,2421.31,2413.01,2413.61,5037.8,
1787481000000,2026-08-23T10:30:00.000Z,2413.61,2418.1,2412.52,2416.77,4030.76,
1787481900000,2026-08-23T10:45:00.000Z,2416.77,2417.68,2413.94,2414.99,1572.93,
1787482800000,2026-08-23T11:00:00.000Z,2414.99,2420.57,2414.41,2419.96,2201,
1787483700000,2026-08-23T11:15:00.000Z,2419.96,2432.97,2417.58,2427.07,16094.69,
1787484600000,2026-08-23T11:30:00.000Z,2427.07,2438.65,2425.59,2433.81,10309.22,
1787485500000,2026-08-23T11:45:00.000Z,2433.81,2434.01,2427.57,2433.35,9341.83,
1787486400000,2026-08-23T12:00:00.000Z,2433.35,2433.36,2418.01,2422.42,16518.22,
1787487300000,2026-08-23T12:15:00.000Z,2422.42,2424.93,2420.16,2422.61,2549.82,
1787488200000,2026-08-23T12:30:00.000Z,2422.61,2428.97,2422.59,2428.13,2765.5,
1787489100000,2026-08-23T12:45:00.000Z,2428.13,2428.13,2423.55,2426.58,1518.11,
1787490000000,2026-08-23T13:00:00.000Z,2426.58,2432.69,2426.58,2431.94,4511.3,
1787490900000,2026-08-23T13:15:00.000Z,2431.94,2485.99,2431.75,2454.54,94412.77,
1787491800000,2026-08-23T13:30:00.000Z,2454.54,2459.14,2449.2,2455.78,17654.77,
1787492700000,2026-08-23T13:45:00.000Z,2455.78,2460.3,2451.12,2459.26,7192.76,
1787493600000,2026-08-23T14:00:00.000Z,2459.26,2469.45,2452.34,2463.55,40027.09,
1787494500000,2026-08-23T14:15:00.000Z,2463.55,2467.19,2454.29,2455.94,8379.03,
1787495400000,2026-08-23T14:30:00.000Z,2455.94,2456.98,2387.36,2419.36,77342.39,
1787496300000,2026-08-23T14:45:00.000Z,2419.36,2449.78,2419.22,2438.08,41165.11,
1787497200000,2026-08-23T15:00:00.000Z,2438.08,2440.47,2425.23,2432.48,15121.79,
1787498100000,2026-08-23T15:15:00.000Z,2432.48,2438.23,2420.63,2436.08,12593.74,
1787499000000,2026-08-23T15:30:00.000Z,2436.08,2451.18,2434.01,2445.51,13132.82,
1787499900000,2026-08-23T15:45:00.000Z,2445.51,2447.99,2435.01,2437.45,6519.35,
1787500800000,2026-08-23T16:00:00.000Z,2437.45,2445.84,2437.45,2443.44,3807.83,
1787501700000,2026-08-23T16:15:00.000Z,2443.44,2445.93,2440.48,2445.93,3585.28,
1787502600000,2026-08-23T16:30:00.000Z,2445.93,2452.76,2444,2445.34,6722.43,
1787503500000,2026-08-23T16:45:00.000Z,2445.34,2459.13,2444.16,2449.71,20017.69,
1787504400000,2026-08-23T17:00:00.000Z,2449.71,2453.35,2430.83,2446.52,16925.01,
1787505300000,2026-08-23T17:15:00.000Z,2446.52,2449.15,2436.97,2440.12,9091.01,
1787506200000,2026-08-23T17:30:00.000Z,2440.12,2443.29,2432.37,2437.44,6619.85,
1787507100000,2026-08-23T17:45:00.000Z,2437.44,2445.5,2437.23,2438.99,2057.61,
1787508000000,2026-08-23T18:00:00.000Z,2438.99,2448.51,2433.33,2443.93,7352.94,
1787508900000,2026-08-23T18:15:00.000Z,2443.93,2447.87,2442.75,2445.6,3914.35,
1787509800000,2026-08-23T18:30:00.000Z,2445.6,2447.58,2443.01,2446.53,981.21,
1787510700000,2026-08-23T18:45:00.000Z,2446.53,2448.17,2443.74,2447.27,2652.14,
1787511600000,2026-08-23T19:00:00.000Z,2447.27,2449.25,2440,2442.13,3682.46,
1787512500000,2026-08-23T19:15:00.000Z,2442.13,2443.9,2439.97,2441.35,767.85,
1787513400000,2026-08-23T19:30:00.000Z,2441.35,2447.1,2435.91,2446.83,6531.99,
1787514300000,2026-08-23T19:45:00.000Z,2446.83,2454.07,2443.65,2443.65,9095.35,
1787515200000,2026-08-23T20:00:00.000Z,2443.65,2443.65,2433.99,2440.23,9026.31,
1787516100000,2026-08-23T20:15:00.000Z,2440.23,2447.99,2439.41,2444.54,4925.22,
1787517000000,2026-08-23T20:30:00.000Z,2444.54,2448.89,2444.54,2448.63,1696.38,
1787517900000,2026-08-23T20:45:00.000Z,2448.63,2449.35,2445.61,2449.1,1579.6,
1787518800000,2026-08-23T21:00:00.000Z,2449.1,2468.7,2449.1,2464.81,24294.69,
1787519700000,2026-08-23T21:15:00.000Z,2464.81,2479.4,2464.81,2475.75,20935.29,
1787520600000,2026-08-23T21:30:00.000Z,2475.75,2484.37,2457.43,2460.45,22842.35,
1787521500000,2026-08-23T21:45:00.000Z,2460.45,2478.93,2460.45,2469.2,14126.97,
1787522400000,2026-08-23T22:00:00.000Z,2469.2,2474.01,2453.55,2462.42,9267.75,
1787523300000,2026-08-23T22:15:00.000Z,2462.42,2466.45,2457.33,2459.46,5240.99,
1787524200000,2026-08-23T22:30:00.000Z,2459.46,2462.64,2455.02,2457.89,3696.08,
1787525100000,2026-08-23T22:45:00.000Z,2457.89,2460.65,2450.73,2454.24,4271.35,
1787526000000,2026-08-23T23:00:00.000Z,2454.24,2455.21,2440.44,2448.1,15874.32,
1787526900000,2026-08-23T23:15:00.000Z,2448.1,2458.98,2447,2457.55,4167.49,
1787527800000,2026-08-23T23:30:00.000Z,2457.55,2470,2447.51,2452.8,14222.63,
1787528700000,2026-08-23T23:45:00.000Z,2452.8,2466.12,2452.58,2462.41,5837.26,
1787529600000,2026-08-24T00:00:00.000Z,2462.41,2463.03,2451.71,2457.98,3814.87,
1787530500000,2026-08-24T00:15:00.000Z,2457.98,2458.88,2442.63,2450.54,6533.32,
1787531400000,2026-08-24T00:30:00.000Z,2450.54,2459.38,2443.16,2444.54,6427.29,
1787532300000,2026-08-24T00:45:00.000Z,2444.54,2465.42,2440.57,2464.27,10774.86,
1787533200000,2026-08-24T01:00:00.000Z,2464.27,2465.83,2452.62,2452.7,11650.99,
1787534100000,2026-08-24T01:15:00.000Z,2452.7,2453.3,2439.31,2443.44,13808.8,
1787535000000,2026-08-24T01:30:00.000Z,2443.44,2448.52,2433.3,2437.83,19157.14,
1787535900000,2026-08-24T01:45:00.000Z,2437.83,2440.27,2425.19,2428.32,20602.93,
1787536800000,2026-08-24T02:00:00.000Z,2428.32,2445.47,2423,2443.09,16301.1,
1787537700000,2026-08-24T02:15:00.000Z,2443.09,2448.96,2443.07,2446.65,8780.02,
1787538600000,2026-08-24T02:30:00.000Z,2446.65,2450.98,2443.6,2444.68,12516.78,
1787539500000,2026-08-24T02:45:00.000Z,2444.68,2444.84,2433.82,2442.62,9081.71,
1787540400000,2026-08-24T03:00:00.000Z,2442.62,2444,2434.06,2434.98,5423.94,
1787541300000,2026-08-24T03:15:00.000Z,2434.98,2442.73,2432.1,2433.15,8439.88,
1787542200000,2026-08-24T03:30:00.000Z,2433.15,2437.52,2425.27,2434.44,16516.6,
1787543100000,2026-08-24T03:45:00.000Z,2434.44,2440.42,2426.88,2429.67,3856.78,
1787544000000,2026-08-24T04:00:00.000Z,2429.67,2438.24,2429.57,2438.05,5341.18,
1787544900000,2026-08-24T04:15:00.000Z,2438.05,2445,2437.92,2444.98,6128.48,
1787545800000,2026-08-24T04:30:00.000Z,2444.98,2446.04,2436.73,2441.89,5152.91,
1787546700000,2026-08-24T04:45:00.000Z,2441.89,2442.94,2427.2,2436.95,6571.85,
1787547600000,2026-08-24T05:00:00.000Z,2436.95,2458.56,2432.67,2456.72,15547.74,
1787548500000,2026-08-24T05:15:00.000Z,2456.72,2459.07,2446.64,2449.45,10848.39,
1787549400000,2026-08-24T05:30:00.000Z,2449.45,2451.67,2437.01,2447.17,8810.61,
1787550300000,2026-08-24T05:45:00.000Z,2447.17,2448.89,2443.38,2447.9,6839.67,
1787551200000,2026-08-24T06:00:00.000Z,2447.9,2456.91,2442.85,2455.46,6277.96,
1787552100000,2026-08-24T06:15:00.000Z,2455.46,2457.49,2450.6,2452.84,6700.29,
1787553000000,2026-08-24T06:30:00.000Z,2452.84,2454.34,2444.3,2446.67,5625.56,
1787553900000,2026-08-24T06:45:00.000Z,2446.67,2463.41,2445.6,2455.36,10373.41,
1787554800000,2026-08-24T07:00:00.000Z,2455.36,2473.7,2454,2469.2,26397.96,
1787555700000,2026-08-24T07:15:00.000Z,2469.2,2469.2,2458.87,2461.05,10632.24,
1787556600000,2026-08-24T07:30:00.000Z,2461.05,2461.05,2451.01,2452.03,16848.11,
1787557500000,2026-08-24T07:45:00.000Z,2452.03,2458.53,2451.87,2454.08,6374.81,
1787558400000,2026-08-24T08:00:00.000Z,2454.08,2458.79,2447,2448.56,9928.28,
1787559300000,2026-08-24T08:15:00.000Z,2448.56,2448.89,2435.23,2439,15578.25,
1787560200000,2026-08-24T08:30:00.000Z,2439,2452.99,2438.27,2452.42,12931.94,
1787561100000,2026-08-24T08:45:00.000Z,2452.42,2456.26,2449,2453.26,10615.36,
1787562000000,2026-08-24T09:00:00.000Z,2453.26,2462.09,2452.2,2460.55,8821.16,
1787562900000,2026-08-24T09:15:00.000Z,2460.55,2462,2452.44,2459.14,5776.07,
1787563800000,2026-08-24T09:30:00.000Z,2459.14,2463.65,2457.87,2461.15,5125.14,
1787564700000,2026-08-24T09:45:00.000Z,2461.15,2464.48,2460.07,2462,4441.63,
1787565600000,2026-08-24T10:00:00.000Z,2462,2491.25,2461.01,2482,42425.85,
1787566500000,2026-08-24T10:15:00.000Z,2482,2482.93,2469.33,2471.18,11812.33,
1787567400000,2026-08-24T10:30:00.000Z,2471.18,2476.94,2462.09,2465.01,28767.71,
1787568300000,2026-08-24T10:45:00.000Z,2465.01,2469.28,2460.09,2464.08,8925.28,
1787569200000,2026-08-24T11:00:00.000Z,2464.08,2470.34,2452.73,2468.01,45714.17,
1787570100000,2026-08-24T11:15:00.000Z,2468.01,2472.73,2464.71,2471.35,7153.81,
1787571000000,2026-08-24T11:30:00.000Z,2471.35,2506.34,2470.25,2505.43,56321.35,
1787571900000,2026-08-24T11:45:00.000Z,2505.43,2508.38,2486.69,2493.29,19641.13,
1787572800000,2026-08-24T12:00:00.000Z,2493.29,2493.5,2481.7,2483.28,8695.93,
1787573700000,2026-08-24T12:15:00.000Z,2483.28,2493.76,2473.2,2492.4,17029.59,
1787574600000,2026-08-24T12:30:00.000Z,2492.4,2505.77,2486.2,2498.78,15320.77,
1787575500000,2026-08-24T12:45:00.000Z,2498.78,2518,2497.58,2511.64,31865.76,
1787576400000,2026-08-24T13:00:00.000Z,2511.64,2519.47,2500.81,2514.36,24766.35,
1787577300000,2026-08-24T13:15:00.000Z,2514.36,2516.05,2502.9,2506.3,18089.72,
1787578200000,2026-08-24T13:30:00.000Z,2506.3,2506.79,2481.56,2485.38,39154.89,
1787579100000,2026-08-24T13:45:00.000Z,2485.38,2494.79,2474.85,2492.36,29776.7,
1787580000000,2026-08-24T14:00:00.000Z,2492.36,2511.29,2490.04,2510.01,23398.63,
1787580900000,2026-08-24T14:15:00.000Z,2510.01,2527.26,2501.04,2515.74,43401.16,
1787581800000,2026-08-24T14:30:00.000Z,2515.74,2531,2514.01,2520.92,47986.38,
1787582700000,2026-08-24T14:45:00.000Z,2520.92,2523.27,2507.45,2514.6,14268.86,
1787583600000,2026-08-24T15:00:00.000Z,2514.6,2520,2508.55,2514.23,5673.03,
1787584500000,2026-08-24T15:15:00.000Z,2514.23,2532.57,2513.3,2523.79,23236.84,
1787585400000,2026-08-24T15:30:00.000Z,2523.79,2524.39,2485.42,2493.14,50901.07,
1787586300000,2026-08-24T15:45:00.000Z,2493.14,2501.25,2477.46,2486.36,34682.1,
1787587200000,2026-08-24T16:00:00.000Z,2486.36,2504.92,2483.93,2497.66,20958.88,
1787588100000,2026-08-24T16:15:00.000Z,2497.66,2504.71,2496.63,2498.08,8064.03,
1787589000000,2026-08-24T16:30:00.000Z,2498.08,2499.95,2487.75,2488.02,9803.9,
1787589900000,2026-08-24T16:45:00.000Z,2488.02,2490.36,2465.76,2477,39966.17,
1787590800000,2026-08-24T17:00:00.000Z,2477,2483,2462,2475.39,20877.41,
1787591700000,2026-08-24T17:15:00.000Z,2475.39,2479,2453.11,2456.91,43308.18,
1787592600000,2026-08-24T17:30:00.000Z,2456.91,2468.54,2455.24,2459.51,14614.43,
1787593500000,2026-08-24T17:45:00.000Z,2459.51,2468.93,2457,2467.64,8260.15,
1787594400000,2026-08-24T18:00:00.000Z,2467.64,2482.49,2467.53,2480.98,11526.51,
1787595300000,2026-08-24T18:15:00.000Z,2480.98,2481.92,2473.31,2478.28,7483.04,
1787596200000,2026-08-24T18:30:00.000Z,2478.28,2481.08,2465.66,2475.19,7056.72,
1787597100000,2026-08-24T18:45:00.000Z,2475.19,2479.25,2471.21,2472.93,3880.45,
1787598000000,2026-08-24T19:00:00.000Z,2472.93,2476.74,2462.36,2472.64,11167.41,
1787598900000,2026-08-24T19:15:00.000Z,2472.64,2474,2460.07,2469.25,8149.98,
1787599800000,2026-08-24T19:30:00.000Z,2469.25,2473.25,2466.36,2470.54,2872.25,
1787600700000,2026-08-24T19:45:00.000Z,2470.54,2471.45,2463.39,2470.13,3375.55,
1787601600000,2026-08-24T20:00:00.000Z,2470.13,2474.3,2464.02,2470.97,3418.26,
1787602500000,2026-08-24T20:15:00.000Z,2470.97,2471.37,2464.79,2467.14,3732.78,
1787603400000,2026-08-24T20:30:00.000Z,2467.14,2478.27,2464.69,2473.04,5131.43,
1787604300000,2026-08-24T20:45:00.000Z,2473.04,2474.32,2469.74,2474.32,797.24,
1787605200000,2026-08-24T21:00:00.000Z,2474.32,2483.42,2474.15,2483.13,3079.28,
1787606100000,2026-08-24T21:15:00.000Z,2483.13,2483.71,2477.53,2480.47,3417.88,
1787607000000,2026-08-24T21:30:00.000Z,2480.47,2483.29,2478.51,2482.13,1896.97,
1787607900000,2026-08-24T21:45:00.000Z,2482.13,2489.46,2480.06,2482.77,7611.16,
1787608800000,2026-08-24T22:00:00.000Z,2482.77,2484.46,2477.78,2479.9,2544.72,
1787609700000,2026-08-24T22:15:00.000Z,2479.9,2481.32,2474.27,2476.76,2282.6,
1787610600000,2026-08-24T22:30:00.000Z,2476.76,2483.65,2475.49,2475.84,4062.4,
1787611500000,2026-08-24T22:45:00.000Z,2475.84,2479.32,2471.11,2473.27,4310.05,
1787612400000,2026-08-24T23:00:00.000Z,2473.27,2478.6,2469.48,2476.53,5977.46,
1787613300000,2026-08-24T23:15:00.000Z,2476.53,2484.25,2475.87,2481.94,1901.09,
1787614200000,2026-08-24T23:30:00.000Z,2481.94,2486.26,2480.8,2484.06,3937.22,
1787615100000,2026-08-24T23:45:00.000Z,2484.06,2485.57,2475.45,2480.99,8092.88,
1787616000000,2026-08-25T00:00:00.000Z,2480.99,2483.27,2476.14,2477.99,5334.02,
1787616900000,2026-08-25T00:15:00.000Z,2477.99,2481.37,2470.69,2477.84,6876.31,
1787617800000,2026-08-25T00:30:00.000Z,2477.84,2494.09,2475.46,2491.45,15002.65,
1787618700000,2026-08-25T00:45:00.000Z,2491.45,2504.52,2488.61,2491.93,22794.38,
1787619600000,2026-08-25T01:00:00.000Z,2491.93,2498.82,2485.53,2487.31,10376.22,
1787620500000,2026-08-25T01:15:00.000Z,2487.31,2503.47,2482.61,2496.99,9627.02,
1787621400000,2026-08-25T01:30:00.000Z,2496.99,2500.88,2492.48,2492.9,3585.1,
1787622300000,2026-08-25T01:45:00.000Z,2492.9,2495.67,2487.36,2494.69,4893.45,
1787623200000,2026-08-25T02:00:00.000Z,2494.69,2497.13,2490.84,2492.87,3411.7,
1787624100000,2026-08-25T02:15:00.000Z,2492.87,2533.35,2491.88,2529.08,58257.66,
1787625000000,2026-08-25T02:30:00.000Z,2529.08,2531.66,2513.46,2516.17,19725.08,
1787625900000,2026-08-25T02:45:00.000Z,2516.17,2518.07,2500.24,2506.66,16470.34,
1787626800000,2026-08-25T03:00:00.000Z,2506.66,2513.61,2504.26,2509.99,6035.4,
1787627700000,2026-08-25T03:15:00.000Z,2509.99,2511,2503,2504.83,4662.42,
1787628600000,2026-08-25T03:30:00.000Z,2504.83,2508.49,2495.08,2497.63,9322.2,
1787629500000,2026-08-25T03:45:00.000Z,2497.63,2500.38,2487.33,2498.21,22518.04,
1787630400000,2026-08-25T04:00:00.000Z,2498.21,2503.19,2491.44,2498.83,5860.87,
1787631300000,2026-08-25T04:15:00.000Z,2498.83,2499,2490,2493.38,18035.07,
1787632200000,2026-08-25T04:30:00.000Z,2493.38,2496.85,2488,2490.67,6596.78,
1787633100000,2026-08-25T04:45:00.000Z,2490.67,2494.71,2489.37,2493.92,3755.14,
1787634000000,2026-08-25T05:00:00.000Z,2493.92,2501.01,2492.61,2499.69,7108.01,
1787634900000,2026-08-25T05:15:00.000Z,2499.69,2511.34,2499.25,2507.74,13192.11,
1787635800000,2026-08-25T05:30:00.000Z,2507.74,2510.88,2505.1,2505.48,7652.61,
1787636700000,2026-08-25T05:45:00.000Z,2505.48,2509.85,2504,2507.57,3042.37,
1787637600000,2026-08-25T06:00:00.000Z,2507.57,2509.37,2506,2508.85,2423.76,
1787638500000,2026-08-25T06:15:00.000Z,2508.85,2514.7,2507.48,2509.31,4775.71,
1787639400000,2026-08-25T06:30:00.000Z,2509.31,2509.31,2498,2502.94,10775.93,
1787640300000,2026-08-25T06:45:00.000Z,2502.94,2503.58,2495.01,2499.92,5449.03,
1787641200000,2026-08-25T07:00:00.000Z,2499.92,2511.99,2499.15,2506.09,9212.14,
1787642100000,2026-08-25T07:15:00.000Z,2506.09,2507.04,2501.4,2503.75,2495.16,
1787643000000,2026-08-25T07:30:00.000Z,2503.75,2503.75,2495.1,2498.37,3950.34,
1787643900000,2026-08-25T07:45:00.000Z,2498.37,2498.87,2462.03,2478.1,52926.26,
1787644800000,2026-08-25T08:00:00.000Z,2478.1,2485.63,2473.54,2484.6,9382.91,
1787645700000,2026-08-25T08:15:00.000Z,2484.6,2497.91,2484.05,2492.88,16343.16,
1787646600000,2026-08-25T08:30:00.000Z,2492.88,2495.15,2484.57,2489.45,9465.36,
1787647500000,2026-08-25T08:45:00.000Z,2489.45,2490.11,2479.88,2484.11,3703.82,
1787648400000,2026-08-25T09:00:00.000Z,2484.11,2488.73,2478,2486.45,5611.97,
1787649300000,2026-08-25T09:15:00.000Z,2486.45,2491.65,2483.04,2486.32,3289.43,
1787650200000,2026-08-25T09:30:00.000Z,2486.32,2490.6,2485.01,2485.03,1104.68,
1787651100000,2026-08-25T09:45:00.000Z,2485.03,2486.16,2462.06,2473.62,22431.26,
1787652000000,2026-08-25T10:00:00.000Z,2473.62,2479.45,2468.5,2477.45,15597.48,
1787652900000,2026-08-25T10:15:00.000Z,2477.45,2478.88,2474.08,2475.33,2024.5,
1787653800000,2026-08-25T10:30:00.000Z,2475.33,2478.35,2473.31,2477.1,2397.43,
1787654700000,2026-08-25T10:45:00.000Z,2477.1,2485.28,2477.09,2481.03,3518.32,
1787655600000,2026-08-25T11:00:00.000Z,2481.03,2483.17,2473.2,2474.44,5900.39,
1787656500000,2026-08-25T11:15:00.000Z,2474.44,2478.51,2473.82,2477.28,4712.23,
1787657400000,2026-08-25T11:30:00.000Z,2477.28,2485.42,2477.25,2478.29,4764.52,
1787658300000,2026-08-25T11:45:00.000Z,2478.29,2483.04,2476.15,2477.29,3747.96,
1787659200000,2026-08-25T12:00:00.000Z,2477.29,2480.71,2466,2477,8242.05,
1787660100000,2026-08-25T12:15:00.000Z,2477,2477,2455.28,2467.1,25804.01,
1787661000000,2026-08-25T12:30:00.000Z,2467.1,2470.43,2458.43,2468.75,9972.55,
1787661900000,2026-08-25T12:45:00.000Z,2468.75,2476.14,2467.03,2472.88,9443.97,
1787662800000,2026-08-25T13:00:00.000Z,2472.88,2475.72,2464.55,2467,5784.95,
1787663700000,2026-08-25T13:15:00.000Z,2467,2467.01,2453.3,2456.49,20480.14,
1787664600000,2026-08-25T13:30:00.000Z,2456.49,2476.36,2454.35,2463.35,18803.51,
1787665500000,2026-08-25T13:45:00.000Z,2463.35,2465.2,2437.51,2459.83,43182.48,
1787666400000,2026-08-25T14:00:00.000Z,2459.83,2471.81,2452.79,2465.99,14276.35,
1787667300000,2026-08-25T14:15:00.000Z,2465.99,2479.55,2463.33,2474.26,20235.49,
1787668200000,2026-08-25T14:30:00.000Z,2474.26,2483.5,2468.81,2473.07,19479.56,
1787669100000,2026-08-25T14:45:00.000Z,2473.07,2478.44,2472.75,2475.64,3377.56,
1787670000000,2026-08-25T15:00:00.000Z,2475.64,2476.88,2465.7,2466.37,8158.65,
1787670900000,2026-08-25T15:15:00.000Z,2466.37,2476.35,2463.98,2473.44,6472.59,
1787671800000,2026-08-25T15:30:00.000Z,2473.44,2479,2468.84,2476.35,6508.36,
1787672700000,2026-08-25T15:45:00.000Z,2476.35,2482.54,2470.96,2481.52,5187.22,
1787673600000,2026-08-25T16:00:00.000Z,2481.52,2484.31,2471.02,2471.98,9040.46,
1787674500000,2026-08-25T16:15:00.000Z,2471.98,2475.84,2465.16,2470.75,8050.08,
1787675400000,2026-08-25T16:30:00.000Z,2470.75,2477.49,2470.44,2474.3,2647.54,
1787676300000,2026-08-25T16:45:00.000Z,2474.3,2478.6,2467.56,2469.5,5495.3,
1787677200000,2026-08-25T17:00:00.000Z,2469.5,2470.23,2454.23,2461.69,23031.67,
1787678100000,2026-08-25T17:15:00.000Z,2461.69,2465.45,2456.17,2457.29,6390.63,
1787679000000,2026-08-25T17:30:00.000Z,2457.29,2468.12,2457.29,2466.68,5554.74,
1787679900000,2026-08-25T17:45:00.000Z,2466.68,2470,2465.9,2469.75,7595.92,
1787680800000,2026-08-25T18:00:00.000Z,2469.75,2474.24,2468.87,2472.6,6311.73,
1787681700000,2026-08-25T18:15:00.000Z,2472.6,2473.75,2470.08,2471.59,1531.01,
1787682600000,2026-08-25T18:30:00.000Z,2471.59,2471.59,2465.03,2466.86,1673.06,
1787683500000,2026-08-25T18:45:00.000Z,2466.86,2468.99,2462.78,2466.01,7175.28,
1787684400000,2026-08-25T19:00:00.000Z,2466.01,2468.43,2461.67,2466.87,1930.15,
1787685300000,2026-08-25T19:15:00.000Z,2466.87,2469.18,2461.2,2461.39,2467.78,
1787686200000,2026-08-25T19:30:00.000Z,2461.39,2461.39,2454,2455.19,7444.03,
1787687100000,2026-08-25T19:45:00.000Z,2455.19,2462.82,2455.19,2462.15,4057.61,
1787688000000,2026-08-25T20:00:00.000Z,2462.15,2463.22,2447.41,2456.76,12506.42,
1787688900000,2026-08-25T20:15:00.000Z,2456.76,2460.71,2454.95,2455.15,2780.98,
1787689800000,2026-08-25T20:30:00.000Z,2455.15,2455.9,2441.16,2445.2,10166.11,
1787690700000,2026-08-25T20:45:00.000Z,2445.2,2447.26,2432.3,2435.39,20670.88,
1787691600000,2026-08-25T21:00:00.000Z,2435.39,2440.19,2413.3,2429.21,28813.09,
1787692500000,2026-08-25T21:15:00.000Z,2429.21,2433.73,2422.44,2432.9,12157.26,
1787693400000,2026-08-25T21:30:00.000Z,2432.9,2442.27,2431.11,2439.96,5138.76,
1787694300000,2026-08-25T21:45:00.000Z,2439.96,2443.16,2438.05,2440.77,3793.48,
1787695200000,2026-08-25T22:00:00.000Z,2440.77,2450.94,2440.77,2450.68,7076.22,
1787696100000,2026-08-25T22:15:00.000Z,2450.68,2451.99,2440.72,2445.39,5426.31,
1787697000000,2026-08-25T22:30:00.000Z,2445.39,2449.99,2442.96,2449.11,1873.74,
1787697900000,2026-08-25T22:45:00.000Z,2449.11,2454.61,2448.47,2452.76,3027.84,
1787698800000,2026-08-25T23:00:00.000Z,2452.76,2456.17,2450.52,2453.91,2828.98,
1787699700000,2026-08-25T23:15:00.000Z,2453.91,2455.38,2447.26,2451.38,4757.09,
1787700600000,2026-08-25T23:30:00.000Z,2451.38,2451.6,2441.8,2443.16,3727.21,
1787701500000,2026-08-25T23:45:00.000Z,2443.16,2443.28,2435.61,2441.61,5405.14,
1787702400000,2026-08-26T00:00:00.000Z,2441.61,2444.26,2434.33,2435.9,4282.64,
1787703300000,2026-08-26T00:15:00.000Z,2435.9,2442.92,2435.27,2442.71,1886.47,
1787704200000,2026-08-26T00:30:00.000Z,2442.71,2445.33,2436.1,2439.33,5419.33,
1787705100000,2026-08-26T00:45:00.000Z,2439.33,2449.34,2437.76,2445.17,4285.91,
1787706000000,2026-08-26T01:00:00.000Z,2445.17,2460,2443.76,2452.64,7218.04,
1787706900000,2026-08-26T01:15:00.000Z,2452.64,2456.55,2451.16,2452,3182.08,
1787707800000,2026-08-26T01:30:00.000Z,2452,2461,2451.86,2456.78,4460.14,
1787708700000,2026-08-26T01:45:00.000Z,2456.78,2456.78,2452.92,2454.86,2148.37,
1787709600000,2026-08-26T02:00:00.000Z,2454.86,2458.06,2452.79,2454.49,2429.54,
1787710500000,2026-08-26T02:15:00.000Z,2454.49,2467.24,2454.25,2466.84,8702.84,
1787711400000,2026-08-26T02:30:00.000Z,2466.84,2469.13,2463.79,2466,5694.5,
1787712300000,2026-08-26T02:45:00.000Z,2466,2467.68,2463,2463.89,2785.77,
1787713200000,2026-08-26T03:00:00.000Z,2463.89,2467.2,2461,2461.51,6613.08,
1787714100000,2026-08-26T03:15:00.000Z,2461.51,2465,2458.6,2462.18,3319.83,
1787715000000,2026-08-26T03:30:00.000Z,2462.18,2466.5,2457.34,2463.63,3317.48,
1787715900000,2026-08-26T03:45:00.000Z,2463.63,2466.34,2460,2464.3,3156.38,
1787716800000,2026-08-26T04:00:00.000Z,2464.3,2471.81,2461,2465.4,7211.11,
1787717700000,2026-08-26T04:15:00.000Z,2465.4,2469.02,2463.89,2465.17,3052.86,
1787718600000,2026-08-26T04:30:00.000Z,2465.17,2466.07,2461.41,2463.09,3800.36,
1787719500000,2026-08-26T04:45:00.000Z,2463.09,2463.09,2454.26,2455.64,8116.02,
1787720400000,2026-08-26T05:00:00.000Z,2455.64,2458.97,2450,2456.53,9930.17,
1787721300000,2026-08-26T05:15:00.000Z,2456.53,2462.97,2452.34,2461.89,6500,
1787722200000,2026-08-26T05:30:00.000Z,2461.89,2467.12,2461.07,2464.18,9274.74,
1787723100000,2026-08-26T05:45:00.000Z,2464.18,2464.18,2459.93,2463.25,1757.05,
1787724000000,2026-08-26T06:00:00.000Z,2463.25,2466,2460,2460.51,5103.77,
1787724900000,2026-08-26T06:15:00.000Z,2460.51,2461.33,2452.95,2455.86,3587.61,
1787725800000,2026-08-26T06:30:00.000Z,2455.86,2459.62,2452.13,2459.05,5764.77,
1787726700000,2026-08-26T06:45:00.000Z,2459.05,2460,2456.35,2458.75,3434.99,
1787727600000,2026-08-26T07:00:00.000Z,2458.75,2467.21,2456,2463.65,6738.63,
1787728500000,2026-08-26T07:15:00.000Z,2463.65,2465.47,2460.2,2462.03,1937.49,
1787729400000,2026-08-26T07:30:00.000Z,2462.03,2465.64,2460.35,2463.55,3109.48,
1787730300000,2026-08-26T07:45:00.000Z,2463.55,2465.54,2460.02,2460.34,2664.93,
1787731200000,2026-08-26T08:00:00.000Z,2460.34,2468.28,2457.72,2463.6,6763.27,
1787732100000,2026-08-26T08:15:00.000Z,2463.6,2464.89,2456.39,2461.15,7355.8,
1787733000000,2026-08-26T08:30:00.000Z,2461.15,2463.28,2458.55,2462.51,1983.85,
1787733900000,2026-08-26T08:45:00.000Z,2462.51,2462.75,2452.01,2454.99,4472.46,
1787734800000,2026-08-26T09:00:00.000Z,2454.99,2459.68,2452.73,2454.51,4838.92,
1787735700000,2026-08-26T09:15:00.000Z,2454.51,2455.2,2444.01,2449.4,15174.78,
1787736600000,2026-08-26T09:30:00.000Z,2449.4,2452.27,2443,2443.47,6247.95,
1787737500000,2026-08-26T09:45:00.000Z,2443.47,2448.26,2440.61,2446.47,6259.48,
1787738400000,2026-08-26T10:00:00.000Z,2446.47,2449.01,2443.05,2448.12,5212.94,
1787739300000,2026-08-26T10:15:00.000Z,2448.12,2453.98,2447.7,2453.37,4413.62,
1787740200000,2026-08-26T10:30:00.000Z,2453.37,2469.83,2452.5,2463.59,17771.49,
1787741100000,2026-08-26T10:45:00.000Z,2463.59,2474.99,2462.08,2467.63,14484.65,
1787742000000,2026-08-26T11:00:00.000Z,2467.63,2472.46,2465.3,2467.2,3194.17,
1787742900000,2026-08-26T11:15:00.000Z,2467.2,2467.9,2463.65,2464.64,2767.75,
1787743800000,2026-08-26T11:30:00.000Z,2464.64,2466.72,2454.89,2460.72,5987.58,
1787744700000,2026-08-26T11:45:00.000Z,2460.72,2467.82,2458.4,2461.64,4211,
1787745600000,2026-08-26T12:00:00.000Z,2461.64,2464.7,2457.5,2459.32,4011.61,
1787746500000,2026-08-26T12:15:00.000Z,2459.32,2470.63,2456.24,2469.6,17967.37,
1787747400000,2026-08-26T12:30:00.000Z,2469.6,2469.74,2442.03,2453.45,28938.26,
1787748300000,2026-08-26T12:45:00.000Z,2453.45,2459.1,2451.01,2453.56,6112.61,
1787749200000,2026-08-26T13:00:00.000Z,2453.56,2457.04,2440.18,2444.77,19091.71,
1787750100000,2026-08-26T13:15:00.000Z,2444.77,2447.16,2435.19,2443.45,21106.88,
1787751000000,2026-08-26T13:30:00.000Z,2443.45,2457.96,2442.34,2457.39,15179.84,
1787751900000,2026-08-26T13:45:00.000Z,2457.39,2461.71,2448.54,2456.3,11127.44,
1787752800000,2026-08-26T14:00:00.000Z,2456.3,2461.45,2452.23,2455,5869.42,
1787753700000,2026-08-26T14:15:00.000Z,2455,2460.98,2447.33,2449.31,8860.01,
1787754600000,2026-08-26T14:30:00.000Z,2449.31,2451.67,2443.2,2443.8,6971.85,
1787755500000,2026-08-26T14:45:00.000Z,2443.8,2446.97,2437.71,2438.37,18333.57,
1787756400000,2026-08-26T15:00:00.000Z,2438.37,2442.63,2431.19,2440.41,19872.12,
1787757300000,2026-08-26T15:15:00.000Z,2440.41,2454.75,2435.18,2453.41,12572.52,
1787758200000,2026-08-26T15:30:00.000Z,2453.41,2454,2439.12,2447.09,12327.64,
1787759100000,2026-08-26T15:45:00.000Z,2447.09,2452.12,2447.09,2448.82,2315.52,
1787760000000,2026-08-26T16:00:00.000Z,2448.82,2454.53,2446.13,2449.09,6774.36,
1787760900000,2026-08-26T16:15:00.000Z,2449.09,2452.18,2446.2,2448.02,7462.93,
1787761800000,2026-08-26T16:30:00.000Z,2448.02,2452,2436.21,2437.13,13009.59,
1787762700000,2026-08-26T16:45:00.000Z,2437.13,2450.26,2436.88,2443.37,10335.05,
1787763600000,2026-08-26T17:00:00.000Z,2443.37,2447.25,2442.28,2446.14,1548.62,
1787764500000,2026-08-26T17:15:00.000Z,2446.14,2462.63,2446,2461.66,13659.62,
1787765400000,2026-08-26T17:30:00.000Z,2461.66,2466.46,2460,2460.13,9353.14,
1787766300000,2026-08-26T17:45:00.000Z,2460.13,2461.75,2454.29,2459.57,3819.33,
1787767200000,2026-08-26T18:00:00.000Z,2459.57,2471.2,2457.44,2466.25,8689.96,
1787768100000,2026-08-26T18:15:00.000Z,2466.25,2467.8,2459.86,2461.38,6068.26,
1787769000000,2026-08-26T18:30:00.000Z,2461.38,2465.8,2460.62,2463.18,5381.66,
1787769900000,2026-08-26T18:45:00.000Z,2463.18,2473.52,2463.01,2471.45,4024.44,
1787770800000,2026-08-26T19:00:00.000Z,2471.45,2472,2467.54,2469.17,3270.38,
1787771700000,2026-08-26T19:15:00.000Z,2469.17,2483.22,2468.52,2479,22216.58,
1787772600000,2026-08-26T19:30:00.000Z,2479,2479.5,2466.68,2469.87,6181.99,
1787773500000,2026-08-26T19:45:00.000Z,2469.87,2472.75,2468.01,2469.31,3218.63,
1787774400000,2026-08-26T20:00:00.000Z,2469.31,2473.52,2467.4,2467.81,1858.74,
1787775300000,2026-08-26T20:15:00.000Z,2467.81,2469.75,2458.56,2467.96,4249.02,
1787776200000,2026-08-26T20:30:00.000Z,2467.96,2468.86,2462.7,2467.59,1791.1,
1787777100000,2026-08-26T20:45:00.000Z,2467.59,2471.96,2467.1,2471.38,1597.51,
1787778000000,2026-08-26T21:00:00.000Z,2471.38,2494.05,2469.21,2491.71,29252.19,
1787778900000,2026-08-26T21:15:00.000Z,2491.71,2504.36,2486.77,2499.26,19747.9,
1787779800000,2026-08-26T21:30:00.000Z,2499.26,2500.49,2492.59,2492.96,5799.98,
1787780700000,2026-08-26T21:45:00.000Z,2492.96,2497.66,2490.25,2495.74,3740.03,
1787781600000,2026-08-26T22:00:00.000Z,2495.74,2506.59,2493.25,2502.19,11885.01,
1787782500000,2026-08-26T22:15:00.000Z,2502.19,2514.98,2501.55,2505.43,14632.57,
1787783400000,2026-08-26T22:30:00.000Z,2505.43,2506,2493.25,2496.92,8173.41,
1787784300000,2026-08-26T22:45:00.000Z,2496.92,2496.96,2488.29,2492.55,5016.26,
1787785200000,2026-08-26T23:00:00.000Z,2492.55,2494.85,2487.12,2489.42,3211.37,
1787786100000,2026-08-26T23:15:00.000Z,2489.42,2499.98,2488.88,2498,3923.26,
1787787000000,2026-08-26T23:30:00.000Z,2498,2506.94,2496.64,2506.09,8255.15,
1787787900000,2026-08-26T23:45:00.000Z,2506.09,2511.56,2499.84,2505.72,7518,
1787788800000,2026-08-27T00:00:00.000Z,2505.72,2509.47,2498.45,2501.43,7872.95,
1787789700000,2026-08-27T00:15:00.000Z,2501.43,2505.38,2497.54,2499.75,4124.36,
1787790600000,2026-08-27T00:30:00.000Z,2499.75,2500.58,2493.04,2494.99,4758.92,
1787791500000,2026-08-27T00:45:00.000Z,2494.99,2496.33,2490.57,2490.57,4071.31,
1787792400000,2026-08-27T01:00:00.000Z,2490.57,2494.02,2485.5,2488.15,6738.81,
1787793300000,2026-08-27T01:15:00.000Z,2488.15,2504.78,2486.3,2501.91,4714.77,
1787794200000,2026-08-27T01:30:00.000Z,2501.91,2504.89,2491.41,2491.41,6152.56,
1787795100000,2026-08-27T01:45:00.000Z,2491.41,2504.64,2491.11,2496.65,6492.77,
1787796000000,2026-08-27T02:00:00.000Z,2496.65,2503.72,2496,2500.67,6648.23,
1787796900000,2026-08-27T02:15:00.000Z,2500.67,2501.22,2492.87,2494.67,1882.45,
1787797800000,2026-08-27T02:30:00.000Z,2494.67,2497.03,2491.02,2492.42,7561.01,
1787798700000,2026-08-27T02:45:00.000Z,2492.42,2494.63,2492,2493.6,12367.08,
1787799600000,2026-08-27T03:00:00.000Z,2493.6,2495.89,2488.67,2489.88,1416.31,
1787800500000,2026-08-27T03:15:00.000Z,2489.88,2497.67,2487.56,2496.35,13672.46,
1787801400000,2026-08-27T03:30:00.000Z,2496.35,2496.99,2491,2491,1784.66,
1787802300000,2026-08-27T03:45:00.000Z,2491,2493.26,2487.91,2491.78,4496.47,
1787803200000,2026-08-27T04:00:00.000Z,2491.78,2493.63,2490.21,2492.84,1191.82,
1787804100000,2026-08-27T04:15:00.000Z,2492.84,2494.48,2490.42,2490.42,1516.06,
1787805000000,2026-08-27T04:30:00.000Z,2490.42,2490.42,2482.39,2487.77,11440.41,
1787805900000,2026-08-27T04:45:00.000Z,2487.77,2489.88,2482.82,2486.02,3787.51,
1787806800000,2026-08-27T05:00:00.000Z,2486.02,2487.01,2482,2484.2,3039.1,
1787807700000,2026-08-27T05:15:00.000Z,2484.2,2490,2482.15,2483.72,4250.69,
1787808600000,2026-08-27T05:30:00.000Z,2483.72,2489.38,2480.01,2486.91,5897.18,
1787809500000,2026-08-27T05:45:00.000Z,2486.91,2496.66,2486.8,2495.27,9599.63,
1787810400000,2026-08-27T06:00:00.000Z,2495.27,2495.27,2484,2487.33,3974.93,
1787811300000,2026-08-27T06:15:00.000Z,2487.33,2487.61,2482.02,2484.52,5355.17,
1787812200000,2026-08-27T06:30:00.000Z,2484.52,2487.5,2484.48,2487.12,2573.67,
1787813100000,2026-08-27T06:45:00.000Z,2487.12,2492.11,2487.03,2491.75,2016.98,
1787814000000,2026-08-27T07:00:00.000Z,2491.75,2494.12,2489.13,2492.82,1562.03,
1787814900000,2026-08-27T07:15:00.000Z,2492.82,2493.13,2487.31,2489.49,1943.97,
1787815800000,2026-08-27T07:30:00.000Z,2489.49,2492.88,2489.05,2490.53,3047.1,
1787816700000,2026-08-27T07:45:00.000Z,2490.53,2497.57,2490.37,2495.88,4577.7,
1787817600000,2026-08-27T08:00:00.000Z,2495.88,2528,2495.72,2518.85,61965.35,
1787818500000,2026-08-27T08:15:00.000Z,2518.85,2535.64,2510.8,2533.09,23331.22,
1787819400000,2026-08-27T08:30:00.000Z,2533.09,2545.75,2525.68,2535.24,37012.07,
1787820300000,2026-08-27T08:45:00.000Z,2535.24,2539.68,2527.8,2529.99,17993.62,
1787821200000,2026-08-27T09:00:00.000Z,2529.99,2535.99,2524.06,2534.33,7344.45,
1787822100000,2026-08-27T09:15:00.000Z,2534.33,2566.57,2529.75,2553.34,57690.8,
1787823000000,2026-08-27T09:30:00.000Z,2553.34,2555.49,2537.21,2540.67,18961.46,
1787823900000,2026-08-27T09:45:00.000Z,2540.67,2544.6,2531.31,2533.58,8887.53,
1787824800000,2026-08-27T10:00:00.000Z,2533.58,2539.13,2524.83,2529.16,9947.21,
1787825700000,2026-08-27T10:15:00.000Z,2529.16,2531.38,2484.93,2509.78,73927.18,
1787826600000,2026-08-27T10:30:00.000Z,2509.78,2512,2495.76,2505.06,12943.15,
1787827500000,2026-08-27T10:45:00.000Z,2505.06,2505.91,2499.88,2502.81,8290.28,
1787828400000,2026-08-27T11:00:00.000Z,2502.81,2507.89,2500.65,2506.81,7330.57,
1787829300000,2026-08-27T11:15:00.000Z,2506.81,2509.19,2497.78,2500.26,6468.24,
1787830200000,2026-08-27T11:30:00.000Z,2500.26,2504.77,2497.03,2502.41,5379.65,
1787831100000,2026-08-27T11:45:00.000Z,2502.41,2502.5,2491.19,2500.55,7586.19,
1787832000000,2026-08-27T12:00:00.000Z,2500.55,2505.82,2498.52,2503.96,3716.16,
1787832900000,2026-08-27T12:15:00.000Z,2503.96,2506.23,2502,2504.85,2844.1,
1787833800000,2026-08-27T12:30:00.000Z,2504.85,2504.98,2495,2495.23,5341.62,
1787834700000,2026-08-27T12:45:00.000Z,2495.23,2498.95,2491.07,2494.07,4383.72,
1787835600000,2026-08-27T13:00:00.000Z,2494.07,2498.9,2493.5,2496.77,3222.51,
1787836500000,2026-08-27T13:15:00.000Z,2496.77,2505.77,2495.98,2501.78,12224.81,
1787837400000,2026-08-27T13:30:00.000Z,2501.78,2502,2483,2488.58,22788.78,
1787838300000,2026-08-27T13:45:00.000Z,2488.58,2497.41,2481.3,2495.25,19876.3,
1787839200000,2026-08-27T14:00:00.000Z,2495.25,2503.8,2487.62,2491.27,19431.37,
1787840100000,2026-08-27T14:15:00.000Z,2491.27,2507.88,2489.16,2507.33,16288.35,
1787841000000,2026-08-27T14:30:00.000Z,2507.33,2522.57,2503.13,2519.38,28184.26,
1787841900000,2026-08-27T14:45:00.000Z,2519.38,2519.38,2509.73,2516.05,10441.91,
1787842800000,2026-08-27T15:00:00.000Z,2516.05,2529.68,2511.78,2524.88,23779.36,
1787843700000,2026-08-27T15:15:00.000Z,2524.88,2526.77,2514.89,2522.25,12368.03,
1787844600000,2026-08-27T15:30:00.000Z,2522.25,2530.97,2514.01,2524.5,12614.61,
1787845500000,2026-08-27T15:45:00.000Z,2524.5,2525.26,2518.01,2520.45,7080.66,
1787846400000,2026-08-27T16:00:00.000Z,2520.45,2526,2515.01,2522.65,6325.63,
1787847300000,2026-08-27T16:15:00.000Z,2522.65,2527.19,2520.59,2520.83,8064.34,
1787848200000,2026-08-27T16:30:00.000Z,2520.83,2532.25,2517.27,2529.75,8546,
1787849100000,2026-08-27T16:45:00.000Z,2529.75,2530,2520.71,2520.76,5756.1,
1787850000000,2026-08-27T17:00:00.000Z,2520.76,2530.75,2514.63,2528.09,8128.56,
1787850900000,2026-08-27T17:15:00.000Z,2528.09,2532.65,2522.51,2522.9,7395.24,
1787851800000,2026-08-27T17:30:00.000Z,2522.9,2525.6,2516.4,2517.26,4969.72,
1787852700000,2026-08-27T17:45:00.000Z,2517.26,2521.18,2514.01,2516.86,3644.79,
1787853600000,2026-08-27T18:00:00.000Z,2516.86,2517.36,2492,2499.05,25630.34,
1787854500000,2026-08-27T18:15:00.000Z,2499.05,2502.07,2487.11,2492.27,18722.67,
1787855400000,2026-08-27T18:30:00.000Z,2492.27,2496.78,2490.01,2495.86,4493.09,
1787856300000,2026-08-27T18:45:00.000Z,2495.86,2506.07,2494.02,2505.66,7494.18,
1787857200000,2026-08-27T19:00:00.000Z,2505.66,2511.34,2503.88,2508.77,6680.27,
1787858100000,2026-08-27T19:15:00.000Z,2508.77,2510.72,2505.9,2510.61,3075.37,
1787859000000,2026-08-27T19:30:00.000Z,2510.61,2513.04,2506.37,2509.11,3419,
1787859900000,2026-08-27T19:45:00.000Z,2509.11,2510.44,2496,2496.76,8157.52,
1787860800000,2026-08-27T20:00:00.000Z,2496.76,2499.7,2493.29,2495.13,3566.47,
1787861700000,2026-08-27T20:15:00.000Z,2495.13,2504.43,2494.46,2501.95,3289.86,
1787862600000,2026-08-27T20:30:00.000Z,2501.95,2505.6,2501.29,2504.91,1153.08,
1787863500000,2026-08-27T20:45:00.000Z,2504.91,2506.88,2500.17,2506.88,1923.59,
1787864400000,2026-08-27T21:00:00.000Z,2506.88,2507.79,2502.2,2504.38,5143.74,
1787865300000,2026-08-27T21:15:00.000Z,2504.38,2504.67,2499.11,2500.76,2273.81,
1787866200000,2026-08-27T21:30:00.000Z,2500.76,2503.5,2497.72,2498.67,1973.94,
1787867100000,2026-08-27T21:45:00.000Z,2498.67,2503.88,2497.43,2503.1,2372.79,
1787868000000,2026-08-27T22:00:00.000Z,2503.1,2511.7,2503.09,2508.51,2996.96,
1787868900000,2026-08-27T22:15:00.000Z,2508.51,2516.45,2508.47,2511.63,6880.76,
1787869800000,2026-08-27T22:30:00.000Z,2511.63,2513.5,2509.05,2511.8,946.9,
1787870700000,2026-08-27T22:45:00.000Z,2511.8,2514.7,2509.94,2513.83,962.91,
1787871600000,2026-08-27T23:00:00.000Z,2513.83,2516.37,2509.4,2510.12,3128.32,
1787872500000,2026-08-27T23:15:00.000Z,2510.12,2514.93,2507.65,2513.02,2833.75,
1787873400000,2026-08-27T23:30:00.000Z,2513.02,2513.46,2509.5,2509.77,1398.17,
1787874300000,2026-08-27T23:45:00.000Z,2509.77,2511.65,2508.14,2509.9,1915.98,
1787875200000,2026-08-28T00:00:00.000Z,2509.9,2510.5,2504.62,2507.02,3676.32,
1787876100000,2026-08-28T00:15:00.000Z,2507.02,2512.97,2506.71,2512.01,5738.28,
1787877000000,2026-08-28T00:30:00.000Z,2512.01,2518.07,2508.75,2514.51,5544.99,
1787877900000,2026-08-28T00:45:00.000Z,2514.51,2519.34,2511.62,2514.55,2508.41,
1787878800000,2026-08-28T01:00:00.000Z,2514.55,2524.5,2514.46,2520.6,6407.95,
1787879700000,2026-08-28T01:15:00.000Z,2520.6,2528.77,2519.03,2527.56,11112.02,
1787880600000,2026-08-28T01:30:00.000Z,2527.56,2534.44,2516.69,2518,16730.74,
1787881500000,2026-08-28T01:45:00.000Z,2518,2519,2506.4,2511.28,24593.68,
1787882400000,2026-08-28T02:00:00.000Z,2511.28,2511.5,2501.93,2502.01,11666.05,
1787883300000,2026-08-28T02:15:00.000Z,2502.01,2504.27,2490.57,2493.86,22674.76,
1787884200000,2026-08-28T02:30:00.000Z,2493.86,2499.53,2489.04,2495.92,7056.37,
1787885100000,2026-08-28T02:45:00.000Z,2495.92,2496.11,2484.79,2491.33,15962.75,
1787886000000,2026-08-28T03:00:00.000Z,2491.33,2492.5,2485.25,2489.37,9539.35,
1787886900000,2026-08-28T03:15:00.000Z,2489.37,2494.75,2489.16,2491.51,3264.39,
1787887800000,2026-08-28T03:30:00.000Z,2491.51,2494,2488,2488.38,3959.85,
1787888700000,2026-08-28T03:45:00.000Z,2488.38,2491.98,2487.76,2489,3680.2,
1787889600000,2026-08-28T04:00:00.000Z,2489,2491.4,2475.51,2491.4,21416.3,
1787890500000,2026-08-28T04:15:00.000Z,2491.4,2495.8,2486.2,2489.14,17673.58,
1787891400000,2026-08-28T04:30:00.000Z,2489.14,2489.56,2482.02,2485.74,5695.19,
1787892300000,2026-08-28T04:45:00.000Z,2485.74,2487.55,2483.77,2485,1536.39,
1787893200000,2026-08-28T05:00:00.000Z,2485,2487.22,2480.63,2484.47,3951.1,
1787894100000,2026-08-28T05:15:00.000Z,2484.47,2489.62,2481.83,2488.8,3202.7,
1787895000000,2026-08-28T05:30:00.000Z,2488.8,2494.93,2488.27,2493.98,6612.04,
1787895900000,2026-08-28T05:45:00.000Z,2493.98,2497.01,2490.87,2492.54,19352.46,
1787896800000,2026-08-28T06:00:00.000Z,2492.54,2503,2492.53,2502.55,17884.32,
1787897700000,2026-08-28T06:15:00.000Z,2502.55,2502.58,2499.69,2500.38,2156.45,
1787898600000,2026-08-28T06:30:00.000Z,2500.38,2501.9,2498.01,2500.21,1934.34,
1787899500000,2026-08-28T06:45:00.000Z,2500.21,2504.67,2499.95,2502.17,3867.08,
1787900400000,2026-08-28T07:00:00.000Z,2502.17,2502.62,2493,2495.87,6383.92,
1787901300000,2026-08-28T07:15:00.000Z,2495.87,2498.53,2494.1,2497.9,3632.67,
1787902200000,2026-08-28T07:30:00.000Z,2497.9,2498.39,2494.1,2494.25,2900.51,
1787903100000,2026-08-28T07:45:00.000Z,2494.25,2496.45,2494.24,2495.63,1818.08,
1787904000000,2026-08-28T08:00:00.000Z,2495.63,2503.55,2495.63,2496.43,4449.62,
1787904900000,2026-08-28T08:15:00.000Z,2496.43,2501.46,2496.43,2497.1,1618.82,
1787905800000,2026-08-28T08:30:00.000Z,2497.1,2498.16,2493.75,2493.75,2204.27,
1787906700000,2026-08-28T08:45:00.000Z,2493.75,2494.59,2485.74,2487.61,8022.75,
1787907600000,2026-08-28T09:00:00.000Z,2487.61,2492.6,2482.37,2488.68,12406.47,
1787908500000,2026-08-28T09:15:00.000Z,2488.68,2492.41,2488.68,2490.57,1880.3,
1787909400000,2026-08-28T09:30:00.000Z,2490.57,2492.4,2487.39,2488.42,2736.61,
1787910300000,2026-08-28T09:45:00.000Z,2488.42,2490.98,2487.8,2489.28,4216.23,
1787911200000,2026-08-28T10:00:00.000Z,2489.28,2490,2481.4,2486.97,12608.65,
1787912100000,2026-08-28T10:15:00.000Z,2486.97,2488.62,2483.7,2488.44,2505.05,
1787913000000,2026-08-28T10:30:00.000Z,2488.44,2494.47,2488.43,2493.01,4105.08,
1787913900000,2026-08-28T10:45:00.000Z,2493.01,2509.05,2492.72,2506,15795.93,
1787914800000,2026-08-28T11:00:00.000Z,2506,2511.26,2504.78,2508.88,11783.93,
1787915700000,2026-08-28T11:15:00.000Z,2508.88,2510.06,2503.68,2504.89,6375.59,
1787916600000,2026-08-28T11:30:00.000Z,2504.89,2507.71,2501.6,2504.65,4538.22,
1787917500000,2026-08-28T11:45:00.000Z,2504.65,2505.88,2501.9,2504.29,1707.78,
1787918400000,2026-08-28T12:00:00.000Z,2504.29,2505.93,2499.01,2500.62,3583.89,
1787919300000,2026-08-28T12:15:00.000Z,2500.62,2507.51,2499.49,2500.16,3515.39,
1787920200000,2026-08-28T12:30:00.000Z,2500.16,2500.29,2494.16,2498.1,6287.12,
1787921100000,2026-08-28T12:45:00.000Z,2498.1,2498.52,2495.16,2498.15,5232.43,
1787922000000,2026-08-28T13:00:00.000Z,2498.15,2503.24,2496,2499.56,4314.84,
1787922900000,2026-08-28T13:15:00.000Z,2499.56,2500.51,2494.19,2497.58,4777.23,
1787923800000,2026-08-28T13:30:00.000Z,2497.58,2504.45,2495.11,2496.51,6891.55,
1787924700000,2026-08-28T13:45:00.000Z,2496.51,2518.5,2495.33,2508.33,22152.17,
1787925600000,2026-08-28T14:00:00.000Z,2508.33,2525.45,2466.68,2476.68,57982.77,
1787926500000,2026-08-28T14:15:00.000Z,2476.68,2493.08,2470.49,2490.8,26552.59,
1787927400000,2026-08-28T14:30:00.000Z,2490.8,2526,2485.3,2509.24,45224.84,
1787928300000,2026-08-28T14:45:00.000Z,2509.24,2514.76,2499.09,2512.53,11833.2,
1787929200000,2026-08-28T15:00:00.000Z,2512.53,2519,2501.14,2502.54,11836.52,
1787930100000,2026-08-28T15:15:00.000Z,2502.54,2512.13,2501.53,2506.44,8719.9,
1787931000000,2026-08-28T15:30:00.000Z,2506.44,2507.49,2486.41,2487.9,23921.03,
1787931900000,2026-08-28T15:45:00.000Z,2487.9,2494.53,2468.57,2470.48,37939.77,
1787932800000,2026-08-28T16:00:00.000Z,2470.48,2472.92,2443.7,2444.04,66582.61,
1787933700000,2026-08-28T16:15:00.000Z,2444.04,2449.77,2405,2430.2,132453.8,
1787934600000,2026-08-28T16:30:00.000Z,2430.2,2447.09,2428.85,2436.44,32297.72,
1787935500000,2026-08-28T16:45:00.000Z,2436.44,2444.92,2436.01,2441.6,13594.45,
1787936400000,2026-08-28T17:00:00.000Z,2441.6,2445.13,2437,2445.13,8597.62,
1787937300000,2026-08-28T17:15:00.000Z,2445.13,2448.82,2437.64,2442.28,10222.62,
1787938200000,2026-08-28T17:30:00.000Z,2442.28,2445.49,2436.86,2438.5,7146.39,
1787939100000,2026-08-28T17:45:00.000Z,2438.5,2446.35,2438.5,2443.4,6703.4,
1787940000000,2026-08-28T18:00:00.000Z,2443.4,2444.72,2438,2438.37,8960.5,
1787940900000,2026-08-28T18:15:00.000Z,2438.37,2439.79,2429.32,2431.46,15918.82,
1787941800000,2026-08-28T18:30:00.000Z,2431.46,2432.85,2419,2423.23,14658.06,
1787942700000,2026-08-28T18:45:00.000Z,2423.23,2429.12,2417.5,2428.72,20165.5,
1787943600000,2026-08-28T19:00:00.000Z,2428.72,2438.02,2428.25,2435.5,7584.86,
1787944500000,2026-08-28T19:15:00.000Z,2435.5,2442.86,2433.54,2438.4,9872.34,
1787945400000,2026-08-28T19:30:00.000Z,2438.4,2438.73,2435.43,2435.8,1870.32,
1787946300000,2026-08-28T19:45:00.000Z,2435.8,2436.75,2430.5,2435.32,8620.22,
1787947200000,2026-08-28T20:00:00.000Z,2435.32,2435.98,2430.59,2435.59,4829.4,
1787948100000,2026-08-28T20:15:00.000Z,2435.59,2435.59,2430.24,2432.17,2018.83,
1787949000000,2026-08-28T20:30:00.000Z,2432.17,2432.17,2423.74,2427.15,4566.01,
1787949900000,2026-08-28T20:45:00.000Z,2427.15,2430.92,2425.99,2427.5,2037.42,
1787950800000,2026-08-28T21:00:00.000Z,2427.5,2429.39,2425.08,2427.68,1252.08,
1787951700000,2026-08-28T21:15:00.000Z,2427.68,2429.97,2424.03,2427.79,4224.58,
1787952600000,2026-08-28T21:30:00.000Z,2427.79,2431.84,2426.42,2428.46,4466.1,
1787953500000,2026-08-28T21:45:00.000Z,2428.46,2428.46,2421.89,2424.72,2573.2,
1787954400000,2026-08-28T22:00:00.000Z,2424.72,2430.16,2422.37,2429.55,2085.04,
1787955300000,2026-08-28T22:15:00.000Z,2429.55,2436.99,2426.39,2434.16,4358.58,
1787956200000,2026-08-28T22:30:00.000Z,2434.16,2439.81,2433.65,2439.81,3276.91,
1787957100000,2026-08-28T22:45:00.000Z,2439.81,2445,2439.59,2441.73,17594.81,
1787958000000,2026-08-28T23:00:00.000Z,2441.73,2441.74,2438.37,2441.19,4169.49,
1787958900000,2026-08-28T23:15:00.000Z,2441.19,2441.76,2436.15,2438.03,4739.31,
1787959800000,2026-08-28T23:30:00.000Z,2438.03,2439.4,2437.51,2439.13,684.72,
1787960700000,2026-08-28T23:45:00.000Z,2439.13,2442.69,2436.73,2442.68,1007.59,
1787961600000,2026-08-29T00:00:00.000Z,2442.68,2445.2,2441.75,2441.97,1784.74,
1787962500000,2026-08-29T00:15:00.000Z,2441.97,2448.2,2441.85,2445.57,4072.15,
1787963400000,2026-08-29T00:30:00.000Z,2445.57,2445.57,2442.22,2444.03,1467.63,
1787964300000,2026-08-29T00:45:00.000Z,2444.03,2444.83,2440.63,2442.34,3541.11,
1787965200000,2026-08-29T01:00:00.000Z,2442.34,2442.63,2438.81,2439.68,3232.75,
1787966100000,2026-08-29T01:15:00.000Z,2439.68,2443.98,2439.47,2443.98,678.99,
1787967000000,2026-08-29T01:30:00.000Z,2443.98,2444.86,2442,2444.25,728.71,
1787967900000,2026-08-29T01:45:00.000Z,2444.25,2445.91,2441.56,2443.42,2467.8,
1787968800000,2026-08-29T02:00:00.000Z,2443.42,2444.75,2441.17,2441.45,3500.9,
1787969700000,2026-08-29T02:15:00.000Z,2441.45,2441.7,2436.6,2438.09,3339.13,
1787970600000,2026-08-29T02:30:00.000Z,2438.09,2439.7,2435,2437.76,2144.42,
1787971500000,2026-08-29T02:45:00.000Z,2437.76,2440.1,2436.91,2438.46,1262.07,
1787972400000,2026-08-29T03:00:00.000Z,2438.46,2439.93,2438.29,2438.56,701.97,
1787973300000,2026-08-29T03:15:00.000Z,2438.56,2441.3,2437,2440,2192.74,
1787974200000,2026-08-29T03:30:00.000Z,2440,2440.69,2437,2438.1,3439.11,
1787975100000,2026-08-29T03:45:00.000Z,2438.1,2438.1,2434.25,2434.84,2932.36,
1787976000000,2026-08-29T04:00:00.000Z,2434.84,2437.46,2434.41,2436.88,1225.5,
1787976900000,2026-08-29T04:15:00.000Z,2436.88,2438.24,2436.07,2437.7,552.55,
1787977800000,2026-08-29T04:30:00.000Z,2437.7,2439.29,2437.31,2438.29,732.04,
1787978700000,2026-08-29T04:45:00.000Z,2438.29,2440.74,2438,2440.1,2199.07,
1787979600000,2026-08-29T05:00:00.000Z,2440.1,2441.88,2439.03,2441.24,3070.3,
1787980500000,2026-08-29T05:15:00.000Z,2441.24,2441.39,2438.79,2439.82,3069.17,
1787981400000,2026-08-29T05:30:00.000Z,2439.82,2441.57,2438.5,2440.74,2331.34,
1787982300000,2026-08-29T05:45:00.000Z,2440.74,2441.23,2437.84,2438.64,986.88,
1787983200000,2026-08-29T06:00:00.000Z,2438.64,2438.92,2430.25,2431.54,6940.66,
1787984100000,2026-08-29T06:15:00.000Z,2431.54,2433.94,2430.4,2431,3517.66,
1787985000000,2026-08-29T06:30:00.000Z,2431,2434.99,2430.99,2433.86,3087.49,
1787985900000,2026-08-29T06:45:00.000Z,2433.86,2435.57,2433.86,2435.04,1595.45,
1787986800000,2026-08-29T07:00:00.000Z,2435.04,2437.35,2433.86,2434.47,1126.48,
1787987700000,2026-08-29T07:15:00.000Z,2434.47,2436.72,2434,2435.19,1185.93,
1787988600000,2026-08-29T07:30:00.000Z,2435.19,2437.83,2434.71,2436.47,1880.84,
1787989500000,2026-08-29T07:45:00.000Z,2436.47,2437.84,2435.85,2436.07,1017.61,
1787990400000,2026-08-29T08:00:00.000Z,2436.07,2436.08,2431.12,2433.22,4891.69,
1787991300000,2026-08-29T08:15:00.000Z,2433.22,2435.71,2432.35,2435.48,1008.14,
1787992200000,2026-08-29T08:30:00.000Z,2435.48,2435.49,2432.19,2433.06,997.66,
1787993100000,2026-08-29T08:45:00.000Z,2433.06,2434.23,2431.15,2434.09,2103.04,
1787994000000,2026-08-29T09:00:00.000Z,2434.09,2436.38,2433.37,2435.38,1220.01,
1787994900000,2026-08-29T09:15:00.000Z,2435.38,2435.98,2433.66,2433.88,861.67,
1787995800000,2026-08-29T09:30:00.000Z,2433.88,2437,2433.72,2435.67,1485,
1787996700000,2026-08-29T09:45:00.000Z,2435.67,2436.5,2435.09,2435.11,670.56,
1787997600000,2026-08-29T10:00:00.000Z,2435.11,2435.11,2431.2,2434,2008.76,
1787998500000,2026-08-29T10:15:00.000Z,2434,2438.26,2434,2436.13,4133.03,
1787999400000,2026-08-29T10:30:00.000Z,2436.13,2436.95,2434.9,2435.3,1124.65,
1788000300000,2026-08-29T10:45:00.000Z,2435.3,2436.4,2434.31,2434.31,880.82,
1788001200000,2026-08-29T11:00:00.000Z,2434.31,2438,2433.09,2437.48,869.52,
1788002100000,2026-08-29T11:15:00.000Z,2437.48,2438,2436.58,2437.25,1379.35,
1788003000000,2026-08-29T11:30:00.000Z,2437.25,2437.43,2435.53,2435.54,480.71,
1788003900000,2026-08-29T11:45:00.000Z,2435.54,2436.88,2435.01,2435.5,952.62,
1788004800000,2026-08-29T12:00:00.000Z,2435.5,2436.38,2434.87,2436.29,780.57,
1788005700000,2026-08-29T12:15:00.000Z,2436.29,2438.71,2433.54,2435.42,2930.46,
1788006600000,2026-08-29T12:30:00.000Z,2435.42,2436.01,2434.19,2434.47,1078.71,
1788007500000,2026-08-29T12:45:00.000Z,2434.47,2435.07,2433.32,2434.65,1209.41,
1788008400000,2026-08-29T13:00:00.000Z,2434.65,2435,2433.21,2434.09,1056.05,
1788009300000,2026-08-29T13:15:00.000Z,2434.09,2435.8,2432.03,2433.84,2525.13,
1788010200000,2026-08-29T13:30:00.000Z,2433.84,2435.87,2433.43,2434.55,1375.96,
1788011100000,2026-08-29T13:45:00.000Z,2434.55,2436.4,2433.98,2435.17,722.84,
1788012000000,2026-08-29T14:00:00.000Z,2435.17,2436.59,2434.58,2435.58,979.11,
1788012900000,2026-08-29T14:15:00.000Z,2435.58,2436.96,2435.1,2435.7,884.21,
1788013800000,2026-08-29T14:30:00.000Z,2435.7,2448.87,2435.34,2445,9676.92,
1788014700000,2026-08-29T14:45:00.000Z,2445,2453.04,2445,2448.19,12816.29,
1788015600000,2026-08-29T15:00:00.000Z,2448.19,2448.84,2440.57,2444.51,5599.58,
1788016500000,2026-08-29T15:15:00.000Z,2444.51,2446.57,2440.79,2444.67,5070.16,
1788017400000,2026-08-29T15:30:00.000Z,2444.67,2445.93,2441.86,2443.48,1360.9,
1788018300000,2026-08-29T15:45:00.000Z,2443.48,2446.61,2442.56,2444.53,4124.94,
1788019200000,2026-08-29T16:00:00.000Z,2444.53,2448.29,2444.19,2448.29,2826.68,
1788020100000,2026-08-29T16:15:00.000Z,2448.29,2457.09,2445.61,2447.9,19150.37,
1788021000000,2026-08-29T16:30:00.000Z,2447.9,2451.68,2445.48,2450.3,2719.52,
1788021900000,2026-08-29T16:45:00.000Z,2450.3,2454.44,2449.45,2450.43,3481.85,
1788022800000,2026-08-29T17:00:00.000Z,2450.43,2453.73,2450.43,2452.83,1522.91,
1788023700000,2026-08-29T17:15:00.000Z,2452.83,2454.94,2447.85,2448.13,2048.51,
1788024600000,2026-08-29T17:30:00.000Z,2448.13,2449.68,2444.66,2448.7,3183.12,
1788025500000,2026-08-29T17:45:00.000Z,2448.7,2450.29,2447,2450.14,1150.22,
1788026400000,2026-08-29T18:00:00.000Z,2450.14,2451.39,2447.33,2447.48,862.8,
1788027300000,2026-08-29T18:15:00.000Z,2447.48,2448.54,2445.26,2446.17,1617.83,
1788028200000,2026-08-29T18:30:00.000Z,2446.17,2453.89,2444.79,2452.2,9037.02,
1788029100000,2026-08-29T18:45:00.000Z,2452.2,2454.94,2451.02,2451.71,1388.98,
1788030000000,2026-08-29T19:00:00.000Z,2451.71,2456.24,2451.71,2456.24,858.84,
1788030900000,2026-08-29T19:15:00.000Z,2456.24,2457.95,2454.89,2456.64,3128.3,
1788031800000,2026-08-29T19:30:00.000Z,2456.64,2457.99,2453.28,2455.05,3998.57,
1788032700000,2026-08-29T19:45:00.000Z,2455.05,2455.05,2450.51,2452.49,858.4,
1788033600000,2026-08-29T20:00:00.000Z,2452.49,2455.59,2451.29,2455.57,1151.88,
1788034500000,2026-08-29T20:15:00.000Z,2455.57,2457.49,2452.18,2452.18,1631.54,
1788035400000,2026-08-29T20:30:00.000Z,2452.18,2452.93,2450.65,2452.5,1456.24,
1788036300000,2026-08-29T20:45:00.000Z,2452.5,2453.07,2451.64,2451.66,408.54,
1788037200000,2026-08-29T21:00:00.000Z,2451.66,2452.99,2448.13,2450.88,3032.65,
1788038100000,2026-08-29T21:15:00.000Z,2450.88,2451.95,2449.14,2449.23,859.98,
1788039000000,2026-08-29T21:30:00.000Z,2449.23,2450.66,2448.89,2450.48,459.7,
1788039900000,2026-08-29T21:45:00.000Z,2450.48,2451.99,2449.68,2450.87,1204.62,
1788040800000,2026-08-29T22:00:00.000Z,2450.87,2452.43,2449.31,2450.21,1168.42,
1788041700000,2026-08-29T22:15:00.000Z,2450.21,2450.95,2448.5,2449.99,663.98,
1788042600000,2026-08-29T22:30:00.000Z,2449.99,2450.76,2449.99,2450.67,232.97,
1788043500000,2026-08-29T22:45:00.000Z,2450.67,2452.38,2450.66,2451.89,1266.41,
1788044400000,2026-08-29T23:00:00.000Z,2451.89,2455.72,2451.89,2454.89,2541.37,
1788045300000,2026-08-29T23:15:00.000Z,2454.89,2455.75,2451.9,2454.43,2382.1,
1788046200000,2026-08-29T23:30:00.000Z,2454.43,2456.65,2452.41,2455.52,1621.98,
1788047100000,2026-08-29T23:45:00.000Z,2455.52,2459.32,2455.52,2456.71,2036.89,
1788048000000,2026-08-30T00:00:00.000Z,2456.71,2456.71,2453.65,2455.55,1256.06,
1788048900000,2026-08-30T00:15:00.000Z,2455.55,2467.5,2455.55,2461.92,9984.16,
1788049800000,2026-08-30T00:30:00.000Z,2461.92,2464.63,2459.29,2459.82,2870.09,
1788050700000,2026-08-30T00:45:00.000Z,2459.82,2462.95,2457.49,2458.01,2015.96,
1788051600000,2026-08-30T01:00:00.000Z,2458.01,2460,2455.3,2455.55,1415.94,
1788052500000,2026-08-30T01:15:00.000Z,2455.55,2456.32,2452.07,2453.36,3296.73,
1788053400000,2026-08-30T01:30:00.000Z,2453.36,2457.3,2452.46,2455.28,1071.36,
1788054300000,2026-08-30T01:45:00.000Z,2455.28,2458.63,2454.49,2455.99,2934.71,
1788055200000,2026-08-30T02:00:00.000Z,2455.99,2458,2454.56,2457.33,1632.22,
1788056100000,2026-08-30T02:15:00.000Z,2457.33,2457.94,2453,2454.55,1943.53,
1788057000000,2026-08-30T02:30:00.000Z,2454.55,2457.13,2453,2455.14,1403.07,
1788057900000,2026-08-30T02:45:00.000Z,2455.14,2458.04,2453.95,2454.25,1822.02,
1788058800000,2026-08-30T03:00:00.000Z,2454.25,2455.35,2453.14,2454.97,2090.38,
1788059700000,2026-08-30T03:15:00.000Z,2454.97,2458.41,2454.47,2458.3,944.37,
1788060600000,2026-08-30T03:30:00.000Z,2458.3,2459.79,2457.12,2457.56,2577.73,
1788061500000,2026-08-30T03:45:00.000Z,2457.56,2457.57,2456,2456.42,817.88,
1788062400000,2026-08-30T04:00:00.000Z,2456.42,2457.99,2455.52,2456.24,1062.86,
1788063300000,2026-08-30T04:15:00.000Z,2456.24,2457.85,2453.82,2455.09,1641.6,
1788064200000,2026-08-30T04:30:00.000Z,2455.09,2455.38,2451.9,2452.42,3699.42,
1788065100000,2026-08-30T04:45:00.000Z,2452.42,2455.38,2450.65,2455.38,4560.39,
1788066000000,2026-08-30T05:00:00.000Z,2455.38,2459.34,2454.87,2456.18,2008.03,
1788066900000,2026-08-30T05:15:00.000Z,2456.18,2456.18,2454.67,2455.19,481.52,
1788067800000,2026-08-30T05:30:00.000Z,2455.19,2456.24,2454.39,2455.38,1569.98,
1788068700000,2026-08-30T05:45:00.000Z,2455.38,2455.66,2454.55,2455.1,1475.06,
1788069600000,2026-08-30T06:00:00.000Z,2455.1,2455.1,2454.29,2454.96,1802.03,
1788070500000,2026-08-30T06:15:00.000Z,2454.96,2456.93,2454.83,2455.78,4221.15,
1788071400000,2026-08-30T06:30:00.000Z,2455.78,2459.18,2455.65,2458.54,1692.71,
1788072300000,2026-08-30T06:45:00.000Z,2458.54,2460.71,2457.88,2460.23,4037.56,
1788073200000,2026-08-30T07:00:00.000Z,2460.23,2460.38,2457.46,2458.2,1578.08,
1788074100000,2026-08-30T07:15:00.000Z,2458.2,2458.21,2456.7,2456.7,503.83,
1788075000000,2026-08-30T07:30:00.000Z,2456.7,2458.06,2454.62,2455.09,2235.82,
1788075900000,2026-08-30T07:45:00.000Z,2455.09,2456.5,2453.64,2454.31,1868.68,
1788076800000,2026-08-30T08:00:00.000Z,2454.31,2457.96,2454.3,2455.55,2311.65,
1788077700000,2026-08-30T08:15:00.000Z,2455.55,2459,2455.55,2457.58,598.77,
1788078600000,2026-08-30T08:30:00.000Z,2457.58,2457.9,2453.86,2455.37,1104.35,
1788079500000,2026-08-30T08:45:00.000Z,2455.37,2456.41,2453.75,2455.83,864.58,
1788080400000,2026-08-30T09:00:00.000Z,2455.83,2456.65,2455.24,2456.16,746.71,
1788081300000,2026-08-30T09:15:00.000Z,2456.16,2457.39,2452.24,2452.63,2192.28,
1788082200000,2026-08-30T09:30:00.000Z,2452.63,2454.89,2451.13,2453.56,2399.79,
1788083100000,2026-08-30T09:45:00.000Z,2453.56,2455,2452,2452.83,1270.97,
1788084000000,2026-08-30T10:00:00.000Z,2452.83,2454.99,2451.59,2452.74,1192.41,
1788084900000,2026-08-30T10:15:00.000Z,2452.74,2458,2451.52,2454.83,3246.31,
1788085800000,2026-08-30T10:30:00.000Z,2454.83,2457.88,2454.37,2457.1,1976.21,
1788086700000,2026-08-30T10:45:00.000Z,2457.1,2458.91,2457.1,2458.83,1354.99,
1788087600000,2026-08-30T11:00:00.000Z,2458.83,2459.37,2456.86,2457.95,1019.53,
1788088500000,2026-08-30T11:15:00.000Z,2457.95,2461.36,2457.02,2460.31,1161.12,
1788089400000,2026-08-30T11:30:00.000Z,2460.31,2460.72,2456.96,2458.64,2620.62,
1788090300000,2026-08-30T11:45:00.000Z,2458.64,2459.4,2456.02,2459.39,2331.08,
1788091200000,2026-08-30T12:00:00.000Z,2459.39,2472.94,2459.29,2469.2,20583.1,
1788092100000,2026-08-30T12:15:00.000Z,2469.2,2469.2,2460.89,2465.23,22764.09,
1788093000000,2026-08-30T12:30:00.000Z,2465.23,2466.24,2456.83,2463.45,39659.66,
1788093900000,2026-08-30T12:45:00.000Z,2463.45,2468,2461.19,2467.99,6609.3,
1788094800000,2026-08-30T13:00:00.000Z,2467.99,2469.3,2459.98,2460,20830.38,
1788095700000,2026-08-30T13:15:00.000Z,2460,2465.51,2458.95,2465.01,5001.82,
1788096600000,2026-08-30T13:30:00.000Z,2465.01,2470,2463.8,2468.19,11690.65,
1788097500000,2026-08-30T13:45:00.000Z,2468.19,2477.46,2468.19,2473.81,26176.76,
1788098400000,2026-08-30T14:00:00.000Z,2473.81,2478.66,2469.2,2477.25,8671.1,
1788099300000,2026-08-30T14:15:00.000Z,2477.25,2478,2473.5,2475.11,6069.96,
1788100200000,2026-08-30T14:30:00.000Z,2475.11,2478,2471.83,2473.78,3872.83,
1788101100000,2026-08-30T14:45:00.000Z,2473.78,2476.6,2472.6,2475.46,2588.11,
1788102000000,2026-08-30T15:00:00.000Z,2475.46,2480.48,2471.55,2472.24,7505.84,
1788102900000,2026-08-30T15:15:00.000Z,2472.24,2479.09,2470.12,2476.18,6432.21,
1788103800000,2026-08-30T15:30:00.000Z,2476.18,2478.5,2474.58,2478.5,2168.15,
1788104700000,2026-08-30T15:45:00.000Z,2478.5,2483.05,2477,2479.86,6197.77,
1788105600000,2026-08-30T16:00:00.000Z,2479.86,2513.74,2477.4,2509.82,52561.45,
1788106500000,2026-08-30T16:15:00.000Z,2509.82,2519.35,2506.11,2512.99,57233.86,
1788107400000,2026-08-30T16:30:00.000Z,2512.99,2534.68,2511.39,2528.35,28603.62,
1788108300000,2026-08-30T16:45:00.000Z,2528.35,2530.5,2520.66,2528.74,12480.68,
1788109200000,2026-08-30T17:00:00.000Z,2528.74,2528.78,2518.77,2520.2,21686.69,
1788110100000,2026-08-30T17:15:00.000Z,2520.2,2520.35,2493.04,2497.14,54083.38,
1788111000000,2026-08-30T17:30:00.000Z,2497.14,2507.07,2493.47,2506,22314.33,
1788111900000,2026-08-30T17:45:00.000Z,2506,2507.98,2500.03,2504.45,10307.79,
1788112800000,2026-08-30T18:00:00.000Z,2504.45,2507.19,2495.03,2498.27,9507.44,
1788113700000,2026-08-30T18:15:00.000Z,2498.27,2512.49,2497.5,2510.75,8440.78,
1788114600000,2026-08-30T18:30:00.000Z,2510.75,2517.92,2509.5,2513.95,32413.62,
1788115500000,2026-08-30T18:45:00.000Z,2513.95,2514.36,2508.36,2510.28,3467.04,
1788116400000,2026-08-30T19:00:00.000Z,2510.28,2511.87,2505.25,2511.73,4115.03,
1788117300000,2026-08-30T19:15:00.000Z,2511.73,2512.79,2505.33,2505.56,2852.92,
1788118200000,2026-08-30T19:30:00.000Z,2505.56,2506.87,2498.55,2498.55,6312.56,
1788119100000,2026-08-30T19:45:00.000Z,2498.55,2503.62,2495.75,2503.48,8500.19,
1788120000000,2026-08-30T20:00:00.000Z,2503.48,2507.61,2503.48,2504.18,2877.34,
1788120900000,2026-08-30T20:15:00.000Z,2504.18,2507.99,2502.41,2502.72,1868.3,
1788121800000,2026-08-30T20:30:00.000Z,2502.72,2504.28,2484.33,2487.75,13424.43,
1788122700000,2026-08-30T20:45:00.000Z,2487.75,2499.37,2486.43,2490.08,9105.42,
1788123600000,2026-08-30T21:00:00.000Z,2490.08,2490.08,2458.91,2473.36,48409.84,
1788124500000,2026-08-30T21:15:00.000Z,2473.36,2478.45,2470.41,2476.68,4949.84,
1788125400000,2026-08-30T21:30:00.000Z,2476.68,2483.06,2475.55,2479.3,2707.5,
1788126300000,2026-08-30T21:45:00.000Z,2479.3,2482.61,2474.13,2481.13,3321.76,
1788127200000,2026-08-30T22:00:00.000Z,2481.13,2488.44,2473.66,2473.83,7400.13,
1788128100000,2026-08-30T22:15:00.000Z,2473.83,2475.5,2464.29,2466.4,6124.37,
1788129000000,2026-08-30T22:30:00.000Z,2466.4,2475.04,2459.1,2470.66,8247.98,
1788129900000,2026-08-30T22:45:00.000Z,2470.66,2472.39,2465.07,2470.15,5149.43,
1788130800000,2026-08-30T23:00:00.000Z,2470.15,2470.15,2463.04,2464.25,3071.02,
1788131700000,2026-08-30T23:15:00.000Z,2464.25,2465.32,2421.47,2426.01,53143.98,
1788132600000,2026-08-30T23:30:00.000Z,2426.01,2435,2402.07,2411,48900.42,
1788133500000,2026-08-30T23:45:00.000Z,2411,2419.45,2385.89,2416,40127.06,
1788134400000,2026-08-31T00:00:00.000Z,2416,2421.32,2404.18,2419.76,14198.76,
1788135300000,2026-08-31T00:15:00.000Z,2419.76,2432.77,2418.34,2430.22,26224.73,
1788136200000,2026-08-31T00:30:00.000Z,2430.22,2439.85,2428.31,2431.68,9965.39,
1788137100000,2026-08-31T00:45:00.000Z,2431.68,2433.05,2425.54,2427.78,4816.12,
1788138000000,2026-08-31T01:00:00.000Z,2427.78,2430.15,2413.12,2417.58,12638.34,
1788138900000,2026-08-31T01:15:00.000Z,2417.58,2423.32,2414.67,2419.83,5167.65,
1788139800000,2026-08-31T01:30:00.000Z,2419.83,2426.58,2414.82,2418.31,8886.55,
1788140700000,2026-08-31T01:45:00.000Z,2418.31,2421.75,2409.61,2412.97,7027.59,
1788141600000,2026-08-31T02:00:00.000Z,2412.97,2425,2407.36,2422.39,9270.2,
1788142500000,2026-08-31T02:15:00.000Z,2422.39,2423,2414.34,2416.26,7135.63,
1788143400000,2026-08-31T02:30:00.000Z,2416.26,2418.56,2412.5,2413.01,2403.72,
1788144300000,2026-08-31T02:45:00.000Z,2413.01,2413.92,2400.79,2407.59,11005.37,
1788145200000,2026-08-31T03:00:00.000Z,2407.59,2416.53,2404.48,2415,6846.88,
1788146100000,2026-08-31T03:15:00.000Z,2415,2422.22,2413.1,2419.58,3070.92,
1788147000000,2026-08-31T03:30:00.000Z,2419.58,2423.13,2417.95,2422.79,4173.5,
1788147900000,2026-08-31T03:45:00.000Z,2422.79,2424,2419.8,2420.41,3000.95,
1788148800000,2026-08-31T04:00:00.000Z,2420.41,2420.88,2412.6,2414.26,8284.68,
1788149700000,2026-08-31T04:15:00.000Z,2414.26,2414.49,2410.62,2412.07,5042,
1788150600000,2026-08-31T04:30:00.000Z,2412.07,2415.96,2411.31,2414.86,4519.93,
1788151500000,2026-08-31T04:45:00.000Z,2414.86,2418,2410.65,2417,5269.3,
1788152400000,2026-08-31T05:00:00.000Z,2417,2423.49,2413.5,2421.96,6904.89,
1788153300000,2026-08-31T05:15:00.000Z,2421.96,2441.96,2421.89,2434.88,31527.74,
1788154200000,2026-08-31T05:30:00.000Z,2434.88,2437.52,2428.65,2435.55,15418.1,
1788155100000,2026-08-31T05:45:00.000Z,2435.55,2438.45,2433.13,2435.65,7540.8,
1788156000000,2026-08-31T06:00:00.000Z,2435.65,2437.56,2430.59,2435.87,5889.92,
1788156900000,2026-08-31T06:15:00.000Z,2435.87,2444.53,2435.52,2441.21,11023.15,
1788157800000,2026-08-31T06:30:00.000Z,2441.21,2444.4,2436.54,2441.62,8521.47,
1788158700000,2026-08-31T06:45:00.000Z,2441.62,2443.28,2437.26,2438.06,4527.53,
1788159600000,2026-08-31T07:00:00.000Z,2438.06,2441.76,2435.22,2439.41,6224.65,
1788160500000,2026-08-31T07:15:00.000Z,2439.41,2446.57,2439.12,2442.25,6808.64,
1788161400000,2026-08-31T07:30:00.000Z,2442.25,2442.69,2438,2440.59,4580.29,
1788162300000,2026-08-31T07:45:00.000Z,2440.59,2440.68,2438,2439.73,2534.26,
1788163200000,2026-08-31T08:00:00.000Z,2439.73,2445.71,2433.19,2440.09,5685.1,
1788164100000,2026-08-31T08:15:00.000Z,2440.09,2440.13,2433,2435.52,4780.07,
1788165000000,2026-08-31T08:30:00.000Z,2435.52,2449.54,2434.82,2442.2,8033.7,
1788165900000,2026-08-31T08:45:00.000Z,2442.2,2448,2441.96,2445.58,4290.97,
1788166800000,2026-08-31T09:00:00.000Z,2445.58,2452.75,2442.72,2444.87,8308.38,
1788167700000,2026-08-31T09:15:00.000Z,2444.87,2451.85,2443.43,2446.41,6336.15,
1788168600000,2026-08-31T09:30:00.000Z,2446.41,2448.85,2445.41,2448.72,1498.96,
1788169500000,2026-08-31T09:45:00.000Z,2448.72,2456.46,2445.47,2446.08,6701.03,
1788170400000,2026-08-31T10:00:00.000Z,2446.08,2448.99,2440.02,2448.83,5901.63,
1788171300000,2026-08-31T10:15:00.000Z,2448.83,2449.07,2444.53,2448.13,1868.17,
1788172200000,2026-08-31T10:30:00.000Z,2448.13,2451.4,2445.07,2450.19,1606.44,
1788173100000,2026-08-31T10:45:00.000Z,2450.19,2456.22,2449.07,2454.67,4926.54,
1788174000000,2026-08-31T11:00:00.000Z,2454.67,2458,2451.64,2454.01,14864.52,
1788174900000,2026-08-31T11:15:00.000Z,2454.01,2456.06,2450,2451.23,2662.02,
1788175800000,2026-08-31T11:30:00.000Z,2451.23,2451.6,2445.88,2446.47,3781.68,
1788176700000,2026-08-31T11:45:00.000Z,2446.47,2447.43,2443.29,2445.37,2038.96,
1788177600000,2026-08-31T12:00:00.000Z,2445.37,2456.83,2443.81,2452.56,8739.44,
1788178500000,2026-08-31T12:15:00.000Z,2452.56,2464.33,2446.44,2454.01,15398.43,
1788179400000,2026-08-31T12:30:00.000Z,2454.01,2458.25,2443.31,2450.22,12148.16,
1788180300000,2026-08-31T12:45:00.000Z,2450.22,2451.85,2445.65,2451,4409.7,
1788181200000,2026-08-31T13:00:00.000Z,2451,2458.89,2450.35,2452.93,3614.57,
1788182100000,2026-08-31T13:15:00.000Z,2452.93,2454.48,2443.99,2449.99,6408.92,
1788183000000,2026-08-31T13:30:00.000Z,2449.99,2457.99,2444.1,2447.01,10304.63,
1788183900000,2026-08-31T13:45:00.000Z,2447.01,2449.08,2436.35,2439.78,10901.15,
1788184800000,2026-08-31T14:00:00.000Z,2439.78,2447,2437.46,2439.56,7387.85,
1788185700000,2026-08-31T14:15:00.000Z,2439.56,2448.54,2436.68,2444.98,9907.65,
1788186600000,2026-08-31T14:30:00.000Z,2444.98,2475,2443.09,2465,25133.35,
1788187500000,2026-08-31T14:45:00.000Z,2465,2470.55,2460.14,2466.88,11196.54,
1788188400000,2026-08-31T15:00:00.000Z,2466.88,2470.53,2457.79,2458.91,6609.71,
1788189300000,2026-08-31T15:15:00.000Z,2458.91,2469.94,2457.4,2467.9,7165.73,
1788190200000,2026-08-31T15:30:00.000Z,2467.9,2478.19,2465.03,2475.91,9711.14,
1788191100000,2026-08-31T15:45:00.000Z,2475.91,2477.36,2466.06,2466.86,6865.97,
1788192000000,2026-08-31T16:00:00.000Z,2466.86,2472,2463.7,2464.57,7549.92,
1788192900000,2026-08-31T16:15:00.000Z,2464.57,2470,2460.89,2463.83,16754.1,
1788193800000,2026-08-31T16:30:00.000Z,2463.83,2471.51,2462.85,2470.67,21321.22,
1788194700000,2026-08-31T16:45:00.000Z,2470.67,2475.9,2467.27,2467.95,7581.22,
1788195600000,2026-08-31T17:00:00.000Z,2467.95,2472.95,2466.99,2470.54,4134.13,
1788196500000,2026-08-31T17:15:00.000Z,2470.54,2471,2460.13,2462.77,10486.19,
1788197400000,2026-08-31T17:30:00.000Z,2462.77,2474.31,2460.8,2470.08,8405.07,
1788198300000,2026-08-31T17:45:00.000Z,2470.08,2476.64,2468.29,2474.12,4819.56,
1788199200000,2026-08-31T18:00:00.000Z,2474.12,2474.28,2468.52,2472.19,2763.08,
1788200100000,2026-08-31T18:15:00.000Z,2472.19,2479.82,2468,2470.32,7420.14,
1788201000000,2026-08-31T18:30:00.000Z,2470.32,2488.99,2469.15,2486.85,9399.22,
1788201900000,2026-08-31T18:45:00.000Z,2486.85,2486.85,2475.58,2476.79,5482.63,
1788202800000,2026-08-31T19:00:00.000Z,2476.79,2488.84,2476.79,2485.45,7586.92,
1788203700000,2026-08-31T19:15:00.000Z,2485.45,2485.45,2480.55,2484.48,2678.49,
1788204600000,2026-08-31T19:30:00.000Z,2484.48,2485,2476.84,2479.33,3844.93,
1788205500000,2026-08-31T19:45:00.000Z,2479.33,2484.59,2476.4,2480.76,2519.22,
1788206400000,2026-08-31T20:00:00.000Z,2480.76,2482.45,2477.05,2478.96,1329.41,
1788207300000,2026-08-31T20:15:00.000Z,2478.96,2486,2474.46,2474.9,3491.34,
1788208200000,2026-08-31T20:30:00.000Z,2474.9,2476.9,2469.21,2472.88,3800.36,
1788209100000,2026-08-31T20:45:00.000Z,2472.88,2474,2469.35,2471.85,3293.07,
1788210000000,2026-08-31T21:00:00.000Z,2471.85,2475.37,2466.74,2471.76,3456.41,
1788210900000,2026-08-31T21:15:00.000Z,2471.76,2477.8,2469.91,2477.8,1906.27,
1788211800000,2026-08-31T21:30:00.000Z,2477.8,2482.5,2476.81,2480.47,4033.29,
1788212700000,2026-08-31T21:45:00.000Z,2480.47,2482.28,2477.17,2477.41,2131.01,
1788213600000,2026-08-31T22:00:00.000Z,2477.41,2479.8,2473.21,2473.45,1463.73,
1788214500000,2026-08-31T22:15:00.000Z,2473.45,2474.03,2469.35,2470.28,1449.76,
1788215400000,2026-08-31T22:30:00.000Z,2470.28,2470.94,2466.78,2468.01,2421.22,
1788216300000,2026-08-31T22:45:00.000Z,2468.01,2469.77,2466.68,2468.2,1184.81,
1788217200000,2026-08-31T23:00:00.000Z,2468.2,2468.34,2460.53,2463.36,3853.16,
1788218100000,2026-08-31T23:15:00.000Z,2463.36,2466.11,2462.27,2465.17,988.33,
1788219000000,2026-08-31T23:30:00.000Z,2465.17,2467.41,2463.32,2466.48,1398.77,
1788219900000,2026-08-31T23:45:00.000Z,2466.48,2467.38,2465,2466.65,846.84,
1788220800000,2026-09-01T00:00:00.000Z,2466.65,2473.06,2464.41,2471.53,2458.3,
1788221700000,2026-09-01T00:15:00.000Z,2471.53,2476.66,2470.61,2474.36,3269.12,
1788222600000,2026-09-01T00:30:00.000Z,2474.36,2475.99,2470,2471.04,8533.35,
1788223500000,2026-09-01T00:45:00.000Z,2471.04,2475.12,2468.03,2470.91,3510.77,
1788224400000,2026-09-01T01:00:00.000Z,2470.91,2475.48,2465.67,2467.2,3827.64,
1788225300000,2026-09-01T01:15:00.000Z,2467.2,2469.45,2456.95,2460.1,7289.09,
1788226200000,2026-09-01T01:30:00.000Z,2460.1,2467.15,2457.21,2466.68,4032.14,
1788227100000,2026-09-01T01:45:00.000Z,2466.68,2466.82,2460.39,2461.88,1706,
1788228000000,2026-09-01T02:00:00.000Z,2461.88,2461.88,2453.35,2457,7596.97,
1788228900000,2026-09-01T02:15:00.000Z,2457,2461.99,2454,2457.82,3382.22,
1788229800000,2026-09-01T02:30:00.000Z,2457.82,2462.88,2457.67,2459.71,2391.88,
1788230700000,2026-09-01T02:45:00.000Z,2459.71,2464.45,2458.92,2464.2,1398.75,
1788231600000,2026-09-01T03:00:00.000Z,2464.2,2466.67,2463.01,2464.94,2086.74,
1788232500000,2026-09-01T03:15:00.000Z,2464.94,2466.25,2462.03,2465.6,3027.19,
1788233400000,2026-09-01T03:30:00.000Z,2465.6,2482.32,2465.22,2475.3,23801.78,
1788234300000,2026-09-01T03:45:00.000Z,2475.3,2475.3,2469.75,2471.29,3204.17,
1788235200000,2026-09-01T04:00:00.000Z,2471.29,2474.2,2469.06,2471.9,4155.04,
1788236100000,2026-09-01T04:15:00.000Z,2471.9,2477.45,2471.9,2475.06,2616.95,
1788237000000,2026-09-01T04:30:00.000Z,2475.06,2476,2469.9,2470,2033.14,
1788237900000,2026-09-01T04:45:00.000Z,2470,2471.53,2467.46,2468.89,3939.41,
1788238800000,2026-09-01T05:00:00.000Z,2468.89,2475.81,2467.78,2472.08,3712.2,
1788239700000,2026-09-01T05:15:00.000Z,2472.08,2474.78,2469.35,2474.4,4199.1,
1788240600000,2026-09-01T05:30:00.000Z,2474.4,2481.36,2474.04,2480.96,5816.26,
1788241500000,2026-09-01T05:45:00.000Z,2480.96,2484.63,2478.28,2483.51,6322.75,
1788242400000,2026-09-01T06:00:00.000Z,2483.51,2483.51,2477.08,2478.57,4126.56,
1788243300000,2026-09-01T06:15:00.000Z,2478.57,2478.57,2472.58,2474.81,6190.05,
1788244200000,2026-09-01T06:30:00.000Z,2474.81,2476.8,2474.5,2475.49,1939.13,
1788245100000,2026-09-01T06:45:00.000Z,2475.49,2475.82,2470.4,2470.4,3500.73,
1788246000000,2026-09-01T07:00:00.000Z,2470.4,2474.24,2470.02,2472.98,1827.4,
1788246900000,2026-09-01T07:15:00.000Z,2472.98,2476.17,2472.25,2474.17,2582.98,
1788247800000,2026-09-01T07:30:00.000Z,2474.17,2474.83,2465.34,2469.58,6072.21,
1788248700000,2026-09-01T07:45:00.000Z,2469.58,2473.31,2467.75,2471.4,2093.89,
1788249600000,2026-09-01T08:00:00.000Z,2471.4,2472.64,2460.01,2463.38,16401.22,
1788250500000,2026-09-01T08:15:00.000Z,2463.38,2464.37,2447.01,2447.4,25320.28,
1788251400000,2026-09-01T08:30:00.000Z,2447.4,2455.5,2443.96,2451.19,15559.29,
1788252300000,2026-09-01T08:45:00.000Z,2451.19,2454.13,2446.46,2447.6,7232.35,
1788253200000,2026-09-01T09:00:00.000Z,2447.6,2449.46,2442.24,2444.4,6421.52,
1788254100000,2026-09-01T09:15:00.000Z,2444.4,2453.52,2443.5,2451.14,10862.8,
1788255000000,2026-09-01T09:30:00.000Z,2451.14,2455.9,2448.61,2454.4,6700.14,
1788255900000,2026-09-01T09:45:00.000Z,2454.4,2454.76,2451.13,2451.71,2775.31,
1788256800000,2026-09-01T10:00:00.000Z,2451.71,2454.49,2448.82,2451.75,3215.63,
1788257700000,2026-09-01T10:15:00.000Z,2451.75,2459,2447.6,2457.24,5713.68,
1788258600000,2026-09-01T10:30:00.000Z,2457.24,2463.06,2457.23,2460,5949.76,
1788259500000,2026-09-01T10:45:00.000Z,2460,2461.74,2455.08,2456.08,3174.98,
1788260400000,2026-09-01T11:00:00.000Z,2456.08,2456.18,2452.87,2453.94,2352.15,
1788261300000,2026-09-01T11:15:00.000Z,2453.94,2456.72,2451.7,2455.92,3162.54,
1788262200000,2026-09-01T11:30:00.000Z,2455.92,2463,2454.32,2459.34,5790.34,
1788263100000,2026-09-01T11:45:00.000Z,2459.34,2463.58,2457.33,2458.34,3866.94,
1788264000000,2026-09-01T12:00:00.000Z,2458.34,2458.52,2452.4,2455,6624.37,
1788264900000,2026-09-01T12:15:00.000Z,2455,2457.91,2451.3,2454.63,2689.54,
1788265800000,2026-09-01T12:30:00.000Z,2454.63,2454.63,2437.44,2445.68,15744.76,
1788266700000,2026-09-01T12:45:00.000Z,2445.68,2448.87,2443.78,2445.83,5724.48,
1788267600000,2026-09-01T13:00:00.000Z,2445.83,2446.84,2423.51,2440.78,28147.81,
1788268500000,2026-09-01T13:15:00.000Z,2440.78,2444.64,2437.71,2443.46,7438.35,
1788269400000,2026-09-01T13:30:00.000Z,2443.46,2449.41,2430.01,2441.87,19864.65,
1788270300000,2026-09-01T13:45:00.000Z,2441.87,2449,2439.03,2443.51,7839.31,
1788271200000,2026-09-01T14:00:00.000Z,2443.51,2455.85,2441.27,2450.55,17591.1,
1788272100000,2026-09-01T14:15:00.000Z,2450.55,2454.54,2445.75,2450.7,9596.07,
1788273000000,2026-09-01T14:30:00.000Z,2450.7,2455.32,2449.46,2454.38,5604.63,
1788273900000,2026-09-01T14:45:00.000Z,2454.38,2457.38,2446.77,2448.91,9268.22,
1788274800000,2026-09-01T15:00:00.000Z,2448.91,2449,2434.22,2437.32,14589.89,
1788275700000,2026-09-01T15:15:00.000Z,2437.32,2443.1,2434.89,2443.1,2789.57,
1788276600000,2026-09-01T15:30:00.000Z,2443.1,2449.01,2440.62,2448.77,4069.98,
1788277500000,2026-09-01T15:45:00.000Z,2448.77,2454.38,2447.41,2448.32,5831.31,
1788278400000,2026-09-01T16:00:00.000Z,2448.32,2449.36,2433.71,2434.18,11083.48,
1788279300000,2026-09-01T16:15:00.000Z,2434.18,2438.58,2425.19,2433.34,16038.19,
1788280200000,2026-09-01T16:30:00.000Z,2433.34,2435.55,2419.12,2429.06,17309.13,
1788281100000,2026-09-01T16:45:00.000Z,2429.06,2434.99,2428.1,2432.21,3386.07,
1788282000000,2026-09-01T17:00:00.000Z,2432.21,2434.5,2430.26,2432.32,3539.83,
1788282900000,2026-09-01T17:15:00.000Z,2432.32,2436.73,2427.58,2432.69,5628.43,
1788283800000,2026-09-01T17:30:00.000Z,2432.69,2438.95,2431.94,2433.04,3228.66,
1788284700000,2026-09-01T17:45:00.000Z,2433.04,2433.04,2416.58,2417.98,16734.75,
1788285600000,2026-09-01T18:00:00.000Z,2417.98,2421.84,2407.77,2416.65,20158.91,
1788286500000,2026-09-01T18:15:00.000Z,2416.65,2418.15,2401.37,2414.2,15049.86,
1788287400000,2026-09-01T18:30:00.000Z,2414.2,2417,2388.54,2389.02,37192.22,
1788288300000,2026-09-01T18:45:00.000Z,2389.02,2412.9,2382.34,2412.32,26984.97,
1788289200000,2026-09-01T19:00:00.000Z,2412.32,2420,2411.65,2414.75,12436.78,
1788290100000,2026-09-01T19:15:00.000Z,2414.75,2423.99,2411.67,2420.05,10405.9,
1788291000000,2026-09-01T19:30:00.000Z,2420.05,2421.62,2415.86,2416.67,3656.85,
1788291900000,2026-09-01T19:45:00.000Z,2416.67,2418.58,2411.95,2418.44,5248.92,
1788292800000,2026-09-01T20:00:00.000Z,2418.44,2419.71,2412.16,2419.7,6671.26,
1788293700000,2026-09-01T20:15:00.000Z,2419.7,2421.79,2415.56,2419.72,4386.32,
1788294600000,2026-09-01T20:30:00.000Z,2419.72,2422.72,2417.5,2418.47,3502.3,
1788295500000,2026-09-01T20:45:00.000Z,2418.47,2421.26,2416.11,2420.61,6418.77,
1788296400000,2026-09-01T21:00:00.000Z,2420.61,2422.79,2404.19,2407.91,11699.45,
1788297300000,2026-09-01T21:15:00.000Z,2407.91,2416.59,2398.38,2414.25,13168.05,
1788298200000,2026-09-01T21:30:00.000Z,2414.25,2414.25,2406.84,2411.65,2942.34,
1788299100000,2026-09-01T21:45:00.000Z,2411.65,2417.27,2411.62,2414.7,5759.64,
1788300000000,2026-09-01T22:00:00.000Z,2414.7,2418.36,2412.93,2415.74,5107.11,
1788300900000,2026-09-01T22:15:00.000Z,2415.74,2415.75,2406.15,2406.65,4207.7,
1788301800000,2026-09-01T22:30:00.000Z,2406.65,2409.53,2404.64,2407.24,4897.48,
1788302700000,2026-09-01T22:45:00.000Z,2407.24,2415.57,2407.24,2412.41,5016.08,
1788303600000,2026-09-01T23:00:00.000Z,2412.41,2414.45,2410.37,2412.49,3286.38,
1788304500000,2026-09-01T23:15:00.000Z,2412.49,2416.67,2412.04,2416.67,1160.37,
1788305400000,2026-09-01T23:30:00.000Z,2416.67,2427.07,2415.84,2422.75,9441.21,
1788306300000,2026-09-01T23:45:00.000Z,2422.75,2425.44,2417.41,2417.82,7787.84,
1788307200000,2026-09-02T00:00:00.000Z,2417.82,2420.39,2416.06,2419.8,2878.93,
1788308100000,2026-09-02T00:15:00.000Z,2419.8,2422.06,2409.8,2411.91,4907.65,
1788309000000,2026-09-02T00:30:00.000Z,2411.91,2415.04,2405.56,2408.98,5487.22,
1788309900000,2026-09-02T00:45:00.000Z,2408.98,2411.44,2406.63,2408.71,3988.74,
1788310800000,2026-09-02T01:00:00.000Z,2408.71,2414.81,2406.96,2412.86,2781.31,
1788311700000,2026-09-02T01:15:00.000Z,2412.86,2414.68,2408.7,2408.86,2524.86,
1788312600000,2026-09-02T01:30:00.000Z,2408.86,2411.35,2389.35,2394.43,15231.38,
1788313500000,2026-09-02T01:45:00.000Z,2394.43,2400.34,2385.76,2398.6,14170.19,
1788314400000,2026-09-02T02:00:00.000Z,2398.6,2405.63,2394.2,2401.26,7607.37,
1788315300000,2026-09-02T02:15:00.000Z,2401.26,2410.24,2400.76,2408.99,9226.66,
1788316200000,2026-09-02T02:30:00.000Z,2408.99,2409.89,2403.83,2406.33,8947.39,
1788317100000,2026-09-02T02:45:00.000Z,2406.33,2409.19,2405.27,2409.14,2422.69,
1788318000000,2026-09-02T03:00:00.000Z,2409.14,2419.76,2407.82,2414.55,8955.12,
1788318900000,2026-09-02T03:15:00.000Z,2414.55,2424.16,2412.88,2419.17,12608.52,
1788319800000,2026-09-02T03:30:00.000Z,2419.17,2419.75,2413.21,2414.12,11219.1,
1788320700000,2026-09-02T03:45:00.000Z,2414.12,2416.5,2411.35,2413.7,5984.17,
1788321600000,2026-09-02T04:00:00.000Z,2413.7,2414.9,2405.47,2407.51,9786.74,
1788322500000,2026-09-02T04:15:00.000Z,2407.51,2412.77,2404.8,2411.9,5140.34,
1788323400000,2026-09-02T04:30:00.000Z,2411.9,2415.8,2411.27,2415.24,2881.35,
1788324300000,2026-09-02T04:45:00.000Z,2415.24,2415.69,2413.69,2414.6,3765.2,
1788325200000,2026-09-02T05:00:00.000Z,2414.6,2415.6,2408.53,2414.43,4187.99,
1788326100000,2026-09-02T05:15:00.000Z,2414.43,2422.94,2414.29,2421.77,9714.16,
1788327000000,2026-09-02T05:30:00.000Z,2421.77,2422.55,2418.83,2420.02,3446.54,
1788327900000,2026-09-02T05:45:00.000Z,2420.02,2424.55,2419.67,2421.63,4207.68,
1788328800000,2026-09-02T06:00:00.000Z,2421.63,2424,2417.53,2417.8,7190.5,
1788329700000,2026-09-02T06:15:00.000Z,2417.8,2421.8,2415.06,2417.51,6491.08,
1788330600000,2026-09-02T06:30:00.000Z,2417.51,2424.97,2414.66,2421.79,6159.63,
1788331500000,2026-09-02T06:45:00.000Z,2421.79,2422.2,2416.08,2419.68,3146.06,
1788332400000,2026-09-02T07:00:00.000Z,2419.68,2428.5,2419.33,2425.8,7845.77,
1788333300000,2026-09-02T07:15:00.000Z,2425.8,2425.8,2420.14,2420.96,2353.02,
1788334200000,2026-09-02T07:30:00.000Z,2420.96,2423.41,2420.01,2420.56,1483.54,
1788335100000,2026-09-02T07:45:00.000Z,2420.56,2422.07,2416.3,2417.01,3986.83,
1788336000000,2026-09-02T08:00:00.000Z,2417.01,2419.64,2413.32,2416.67,4298.56,
1788336900000,2026-09-02T08:15:00.000Z,2416.67,2418.32,2412.33,2413.01,2447.1,
1788337800000,2026-09-02T08:30:00.000Z,2413.01,2413.2,2394.15,2395.01,21202.6,
1788338700000,2026-09-02T08:45:00.000Z,2395.01,2399.92,2389.3,2392.8,14720.11,
1788339600000,2026-09-02T09:00:00.000Z,2392.8,2399.97,2392.35,2395.35,5948.74,
1788340500000,2026-09-02T09:15:00.000Z,2395.35,2395.74,2376.72,2387.59,31031.51,
1788341400000,2026-09-02T09:30:00.000Z,2387.59,2388,2366.91,2369.01,36414.76,
1788342300000,2026-09-02T09:45:00.000Z,2369.01,2376.88,2365.35,2376.11,18104.55,
1788343200000,2026-09-02T10:00:00.000Z,2376.11,2376.56,2369.01,2372.67,6080.38,
1788344100000,2026-09-02T10:15:00.000Z,2372.67,2375.44,2368.75,2369.27,5331.82,
1788345000000,2026-09-02T10:30:00.000Z,2369.27,2370,2358.36,2365.4,23315.42,
1788345900000,2026-09-02T10:45:00.000Z,2365.4,2372.56,2355.03,2371.77,24968.01,
1788346800000,2026-09-02T11:00:00.000Z,2371.77,2376.42,2367,2375.76,9595.47,
1788347700000,2026-09-02T11:15:00.000Z,2375.76,2376.73,2368.32,2373.61,6757.36,
1788348600000,2026-09-02T11:30:00.000Z,2373.61,2381.88,2372.59,2377.19,12320.18,
1788349500000,2026-09-02T11:45:00.000Z,2377.19,2381.6,2375.23,2380.92,4820.38,
1788350400000,2026-09-02T12:00:00.000Z,2380.92,2382.34,2376.98,2381.53,4909.11,
1788351300000,2026-09-02T12:15:00.000Z,2381.53,2389.66,2378.53,2385.68,13349.25,
1788352200000,2026-09-02T12:30:00.000Z,2385.68,2386,2379.08,2381.43,4813.49,
1788353100000,2026-09-02T12:45:00.000Z,2381.43,2381.44,2375.88,2376.8,4547.19,
1788354000000,2026-09-02T13:00:00.000Z,2376.8,2384.98,2376.71,2380.81,5874.37,
1788354900000,2026-09-02T13:15:00.000Z,2380.81,2388.9,2380.8,2386.92,4300.91,
1788355800000,2026-09-02T13:30:00.000Z,2386.92,2416.56,2378.41,2416.17,26031.47,
1788356700000,2026-09-02T13:45:00.000Z,2416.17,2418.89,2396.15,2401.99,27870.45,
1788357600000,2026-09-02T14:00:00.000Z,2401.99,2407.36,2392.17,2405.66,13268.21,
1788358500000,2026-09-02T14:15:00.000Z,2405.66,2410.46,2399.92,2403.24,7818.6,
1788359400000,2026-09-02T14:30:00.000Z,2403.24,2403.78,2391.44,2402.7,11548.32,
1788360300000,2026-09-02T14:45:00.000Z,2402.7,2403.84,2392.56,2393.43,4352.14,
1788361200000,2026-09-02T15:00:00.000Z,2393.43,2396.67,2377.73,2384.15,23056.25,
1788362100000,2026-09-02T15:15:00.000Z,2384.15,2392.97,2383.22,2387.64,11770.66,
1788363000000,2026-09-02T15:30:00.000Z,2387.64,2398.02,2384.19,2396.41,12148.27,
1788363900000,2026-09-02T15:45:00.000Z,2396.41,2396.95,2382.5,2389.99,10031.87,
1788364800000,2026-09-02T16:00:00.000Z,2389.99,2396.05,2385.84,2393.2,11116.47,
1788365700000,2026-09-02T16:15:00.000Z,2393.2,2403.88,2391.61,2397.27,10313.2,
1788366600000,2026-09-02T16:30:00.000Z,2397.27,2401.67,2386.95,2386.95,10423.75,
1788367500000,2026-09-02T16:45:00.000Z,2386.95,2391.12,2383.43,2385.16,9119,
1788368400000,2026-09-02T17:00:00.000Z,2385.16,2386.99,2373.95,2379.19,19732.49,
1788369300000,2026-09-02T17:15:00.000Z,2379.19,2379.99,2371.43,2378.89,11801.86,
1788370200000,2026-09-02T17:30:00.000Z,2378.89,2388.89,2377.41,2388.89,6798,
1788371100000,2026-09-02T17:45:00.000Z,2388.89,2393.65,2388.8,2392.71,6403.34,
1788372000000,2026-09-02T18:00:00.000Z,2392.71,2396,2390.52,2394.55,5532.98,
1788372900000,2026-09-02T18:15:00.000Z,2394.55,2399.38,2392.92,2395.63,5945.51,
1788373800000,2026-09-02T18:30:00.000Z,2395.63,2396.9,2390.04,2391.03,4016.34,
1788374700000,2026-09-02T18:45:00.000Z,2391.03,2394.95,2389.43,2394.01,2752.63,
1788375600000,2026-09-02T19:00:00.000Z,2394.01,2396.16,2392.43,2395.29,1665.84,
1788376500000,2026-09-02T19:15:00.000Z,2395.29,2396.05,2385.58,2385.79,3358.96,
1788377400000,2026-09-02T19:30:00.000Z,2385.79,2387.48,2382.21,2386.16,6355.61,
1788378300000,2026-09-02T19:45:00.000Z,2386.16,2392.5,2384.84,2392.19,2207.41,
1788379200000,2026-09-02T20:00:00.000Z,2392.19,2399,2389.66,2392.11,4827.19,
1788380100000,2026-09-02T20:15:00.000Z,2392.11,2396.32,2385.69,2390.68,5054.47,
1788381000000,2026-09-02T20:30:00.000Z,2390.68,2394.96,2389.12,2389.92,3993.61,
1788381900000,2026-09-02T20:45:00.000Z,2389.92,2394.84,2387.58,2392.67,3936.22,
1788382800000,2026-09-02T21:00:00.000Z,2392.67,2393.68,2389.89,2391.7,1131.28,
1788383700000,2026-09-02T21:15:00.000Z,2391.7,2392.4,2389.56,2390.1,1968.26,
1788384600000,2026-09-02T21:30:00.000Z,2390.1,2394.38,2388.09,2393.31,1598.82,
1788385500000,2026-09-02T21:45:00.000Z,2393.31,2393.31,2389.21,2389.36,1382.5,
1788386400000,2026-09-02T22:00:00.000Z,2389.36,2389.41,2380.78,2383.79,4222.39,
1788387300000,2026-09-02T22:15:00.000Z,2383.79,2385.3,2377.53,2378.02,4669.74,
1788388200000,2026-09-02T22:30:00.000Z,2378.02,2384.48,2377.84,2382.57,2882.11,
1788389100000,2026-09-02T22:45:00.000Z,2382.57,2382.92,2378.42,2378.92,1473.94,
1788390000000,2026-09-02T23:00:00.000Z,2378.92,2386.28,2376.65,2386.28,3743.88,
1788390900000,2026-09-02T23:15:00.000Z,2386.28,2386.28,2382.24,2385.03,3004.1,
1788391800000,2026-09-02T23:30:00.000Z,2385.03,2387.71,2382.25,2383.5,3432.81,
1788392700000,2026-09-02T23:45:00.000Z,2383.5,2392.8,2383.5,2390.88,2799.43,
1788393600000,2026-09-03T00:00:00.000Z,2390.88,2394.96,2386.74,2386.75,6754.92,
1788394500000,2026-09-03T00:15:00.000Z,2386.75,2386.86,2379.94,2380.17,3469.47,
1788395400000,2026-09-03T00:30:00.000Z,2380.17,2385.11,2378.41,2383,4646.69,
1788396300000,2026-09-03T00:45:00.000Z,2383,2384.27,2378.42,2378.87,2560.31,
1788397200000,2026-09-03T01:00:00.000Z,2378.87,2390.99,2368.74,2389.74,19213.56,
1788398100000,2026-09-03T01:15:00.000Z,2389.74,2391.91,2385.28,2391.71,5957.24,
1788399000000,2026-09-03T01:30:00.000Z,2391.71,2393.65,2386.45,2388.42,8643.16,
1788399900000,2026-09-03T01:45:00.000Z,2388.42,2390.88,2383.69,2385.75,3828.96,
1788400800000,2026-09-03T02:00:00.000Z,2385.75,2390.44,2381.21,2390.05,2163.41,
1788401700000,2026-09-03T02:15:00.000Z,2390.05,2395.74,2387.76,2394.74,2705.36,
1788402600000,2026-09-03T02:30:00.000Z,2394.74,2406.82,2393.17,2404.27,11908.47,
1788403500000,2026-09-03T02:45:00.000Z,2404.27,2409.52,2401.51,2405.04,13330.67,
1788404400000,2026-09-03T03:00:00.000Z,2405.04,2408.3,2402,2407.13,5199.22,
1788405300000,2026-09-03T03:15:00.000Z,2407.13,2410.67,2403.05,2403.05,5967.5,
1788406200000,2026-09-03T03:30:00.000Z,2403.05,2404.86,2398.76,2399.5,3639.74,
1788407100000,2026-09-03T03:45:00.000Z,2399.5,2402.87,2398.76,2402.46,1654.6,
1788408000000,2026-09-03T04:00:00.000Z,2402.46,2406.53,2400.3,2401.02,4162.22,
1788408900000,2026-09-03T04:15:00.000Z,2401.02,2401.29,2395.98,2397.4,3813.13,
1788409800000,2026-09-03T04:30:00.000Z,2397.4,2399.38,2396.7,2396.7,1227.58,
1788410700000,2026-09-03T04:45:00.000Z,2396.7,2408,2396.7,2407.79,5847.54,
1788411600000,2026-09-03T05:00:00.000Z,2407.79,2409.84,2400,2401.53,6096.56,
1788412500000,2026-09-03T05:15:00.000Z,2401.53,2402.11,2378.28,2384.75,21558.16,
1788413400000,2026-09-03T05:30:00.000Z,2384.75,2396.55,2383.15,2395.43,6000.48,
1788414300000,2026-09-03T05:45:00.000Z,2395.43,2404.89,2392.58,2404.04,10496,
1788415200000,2026-09-03T06:00:00.000Z,2404.04,2405.74,2399.57,2400.49,5699.14,
1788416100000,2026-09-03T06:15:00.000Z,2400.49,2407.98,2399.78,2407.07,4459.11,
1788417000000,2026-09-03T06:30:00.000Z,2407.07,2408.88,2404.98,2408.87,2204.8,
1788417900000,2026-09-03T06:45:00.000Z,2408.87,2409.26,2405.64,2407.69,6117.87,
1788418800000,2026-09-03T07:00:00.000Z,2407.69,2419.43,2406.46,2412.03,17633.37,
1788419700000,2026-09-03T07:15:00.000Z,2412.03,2412.42,2403.67,2406.88,9462,
1788420600000,2026-09-03T07:30:00.000Z,2406.88,2412.16,2401.87,2407.02,8235.04,
1788421500000,2026-09-03T07:45:00.000Z,2407.02,2408.68,2394.29,2397.5,15725.61,
1788422400000,2026-09-03T08:00:00.000Z,2397.5,2412.37,2397.5,2404.55,15004.65,
1788423300000,2026-09-03T08:15:00.000Z,2404.55,2408.44,2399.28,2407.78,5021.54,
1788424200000,2026-09-03T08:30:00.000Z,2407.78,2408.59,2404.05,2404.67,2047.52,
1788425100000,2026-09-03T08:45:00.000Z,2404.67,2406.65,2399.67,2402.47,2866.36,
1788426000000,2026-09-03T09:00:00.000Z,2402.47,2406.9,2400.13,2403.96,2886.33,
1788426900000,2026-09-03T09:15:00.000Z,2403.96,2405.5,2397.85,2398.1,3118.61,
1788427800000,2026-09-03T09:30:00.000Z,2398.1,2398.96,2392.05,2396.01,5199.68,
1788428700000,2026-09-03T09:45:00.000Z,2396.01,2398.51,2392.47,2392.76,3301.17,
1788429600000,2026-09-03T10:00:00.000Z,2392.76,2395.47,2389.13,2390.53,8078.92,
1788430500000,2026-09-03T10:15:00.000Z,2390.53,2398,2388.71,2395.31,8635.93,
1788431400000,2026-09-03T10:30:00.000Z,2395.31,2396.34,2388.72,2390.49,3655.12,
1788432300000,2026-09-03T10:45:00.000Z,2390.49,2396.63,2390.18,2395.85,3190.61,
1788433200000,2026-09-03T11:00:00.000Z,2395.85,2399.33,2394.5,2398.53,4773.11,
1788434100000,2026-09-03T11:15:00.000Z,2398.53,2405.45,2398.53,2404.54,7134.78,
1788435000000,2026-09-03T11:30:00.000Z,2404.54,2408.76,2401.33,2407.39,6855.83,
1788435900000,2026-09-03T11:45:00.000Z,2407.39,2410.36,2404.11,2406.01,5838.62,
1788436800000,2026-09-03T12:00:00.000Z,2406.01,2410,2404.04,2408.47,2522.4,
1788437700000,2026-09-03T12:15:00.000Z,2408.47,2410.86,2404.41,2406.62,2028.75,
1788438600000,2026-09-03T12:30:00.000Z,2406.62,2422.85,2406.62,2412.24,24914.01,
1788439500000,2026-09-03T12:45:00.000Z,2412.24,2426.54,2411.88,2422.48,15439.42,
1788440400000,2026-09-03T13:00:00.000Z,2422.48,2423.76,2416.18,2418.59,9334.33,
1788441300000,2026-09-03T13:15:00.000Z,2418.59,2420.68,2414.89,2418.78,4776.53,
1788442200000,2026-09-03T13:30:00.000Z,2418.78,2435.5,2417.13,2433.74,21400.38,
1788443100000,2026-09-03T13:45:00.000Z,2433.74,2435.23,2423.29,2428.91,10403.64,
1788444000000,2026-09-03T14:00:00.000Z,2428.91,2439.19,2424.19,2438.75,11736.77,
1788444900000,2026-09-03T14:15:00.000Z,2438.75,2450.57,2437.01,2449.36,23547.14,
1788445800000,2026-09-03T14:30:00.000Z,2449.36,2464.78,2447,2455.8,30672.16,
1788446700000,2026-09-03T14:45:00.000Z,2455.8,2489.29,2455.3,2488.46,39551.22,
1788447600000,2026-09-03T15:00:00.000Z,2488.46,2504.59,2478.2,2485.29,42458.05,
1788448500000,2026-09-03T15:15:00.000Z,2485.29,2492.45,2480.99,2489.26,15434.08,
1788449400000,2026-09-03T15:30:00.000Z,2489.26,2496.29,2486.82,2491.82,17023.52,
1788450300000,2026-09-03T15:45:00.000Z,2491.82,2517,2485.85,2516.06,28064.02,
1788451200000,2026-09-03T16:00:00.000Z,2516.06,2518.32,2495.44,2499.76,18787.74,
1788452100000,2026-09-03T16:15:00.000Z,2499.76,2500.4,2487.63,2491.15,15254.56,
1788453000000,2026-09-03T16:30:00.000Z,2491.15,2497.22,2488.08,2488.21,6016.05,
1788453900000,2026-09-03T16:45:00.000Z,2488.21,2495.3,2487.44,2493.37,4647.61,
1788454800000,2026-09-03T17:00:00.000Z,2493.37,2499.14,2490.75,2498.64,3603.01,
1788455700000,2026-09-03T17:15:00.000Z,2498.64,2502.77,2495.14,2498.95,4436.8,
1788456600000,2026-09-03T17:30:00.000Z,2498.95,2505.44,2497.76,2501.1,4523.3,
1788457500000,2026-09-03T17:45:00.000Z,2501.1,2504.93,2498.5,2499.54,2810.05,
1788458400000,2026-09-03T18:00:00.000Z,2499.54,2511.43,2499,2506.93,8805.22,
1788459300000,2026-09-03T18:15:00.000Z,2506.93,2508.35,2498.51,2499.44,6117.38,
1788460200000,2026-09-03T18:30:00.000Z,2499.44,2502.2,2497.03,2498.04,3064.93,
1788461100000,2026-09-03T18:45:00.000Z,2498.04,2513.85,2497.73,2512.21,5413.65,
1788462000000,2026-09-03T19:00:00.000Z,2512.21,2529.94,2507.52,2508.23,29070.05,
1788462900000,2026-09-03T19:15:00.000Z,2508.23,2518.67,2506.17,2513.71,6330.05,
1788463800000,2026-09-03T19:30:00.000Z,2513.71,2516.96,2507.11,2514.75,3421,
1788464700000,2026-09-03T19:45:00.000Z,2514.75,2517.44,2508.79,2517.35,4172.69,
1788465600000,2026-09-03T20:00:00.000Z,2517.35,2517.56,2503.93,2509.83,7136.38,
1788466500000,2026-09-03T20:15:00.000Z,2509.83,2513.41,2505.54,2509.27,3670.45,
1788467400000,2026-09-03T20:30:00.000Z,2509.27,2510.69,2501.03,2502.55,5034.65,
1788468300000,2026-09-03T20:45:00.000Z,2502.55,2507.9,2502.09,2503.88,3164.15,
1788469200000,2026-09-03T21:00:00.000Z,2503.88,2511,2498.66,2510.62,5096.81,
1788470100000,2026-09-03T21:15:00.000Z,2510.62,2512.65,2506.08,2512.32,5924.27,
1788471000000,2026-09-03T21:30:00.000Z,2512.32,2526.17,2507.79,2507.85,13706.45,
1788471900000,2026-09-03T21:45:00.000Z,2507.85,2515.65,2505.3,2510.22,9301.07,
1788472800000,2026-09-03T22:00:00.000Z,2510.22,2511.41,2500.18,2503.16,4071.21,
1788473700000,2026-09-03T22:15:00.000Z,2503.16,2505.02,2493.07,2493.44,5220.89,
1788474600000,2026-09-03T22:30:00.000Z,2493.44,2496.01,2488.32,2496,7969.9,
1788475500000,2026-09-03T22:45:00.000Z,2496,2500.52,2495.18,2495.52,3083.68,
1788476400000,2026-09-03T23:00:00.000Z,2495.52,2498.1,2494.14,2495.66,2368.48,
1788477300000,2026-09-03T23:15:00.000Z,2495.66,2500.87,2494.55,2500.87,2943.31,
1788478200000,2026-09-03T23:30:00.000Z,2500.87,2507.51,2496.57,2505.65,5516.77,
1788479100000,2026-09-03T23:45:00.000Z,2505.65,2508.74,2502.11,2506.41,5677.72,
1788480000000,2026-09-04T00:00:00.000Z,2506.41,2508.63,2502.23,2507.02,16640.33,
1788480900000,2026-09-04T00:15:00.000Z,2507.02,2511.3,2503.71,2505.29,5383.01,
1788481800000,2026-09-04T00:30:00.000Z,2505.29,2515,2503.7,2505.38,11105.17,
1788482700000,2026-09-04T00:45:00.000Z,2505.38,2507.04,2500.03,2500.42,5442.74,
1788483600000,2026-09-04T01:00:00.000Z,2500.42,2506.96,2496,2503.26,8934.5,
1788484500000,2026-09-04T01:15:00.000Z,2503.26,2509.52,2501.18,2503.74,3187.51,
1788485400000,2026-09-04T01:30:00.000Z,2503.74,2507.88,2497.37,2498.61,7066.53,
1788486300000,2026-09-04T01:45:00.000Z,2498.61,2507,2497.17,2505.75,3419.13,
1788487200000,2026-09-04T02:00:00.000Z,2505.75,2505.91,2498.81,2501.69,1909.99,
1788488100000,2026-09-04T02:15:00.000Z,2501.69,2504.5,2497.56,2498.4,3611.24,
1788489000000,2026-09-04T02:30:00.000Z,2498.4,2503.99,2496.87,2499.56,2528.22,
1788489900000,2026-09-04T02:45:00.000Z,2499.56,2506.71,2498.62,2506.71,3614.61,
1788490800000,2026-09-04T03:00:00.000Z,2506.71,2516.28,2506.55,2509.94,17346.69,
1788491700000,2026-09-04T03:15:00.000Z,2509.94,2510.47,2505.85,2505.97,3888.58,
1788492600000,2026-09-04T03:30:00.000Z,2505.97,2507.61,2503.62,2505.37,2266.75,
1788493500000,2026-09-04T03:45:00.000Z,2505.37,2507.16,2503.64,2503.74,2630.37,
1788494400000,2026-09-04T04:00:00.000Z,2503.74,2506.39,2501.2,2506.33,2289.25,
1788495300000,2026-09-04T04:15:00.000Z,2506.33,2522.83,2505.5,2522.27,19150.26,
1788496200000,2026-09-04T04:30:00.000Z,2522.27,2523.9,2510.02,2510.96,8648.84,
1788497100000,2026-09-04T04:45:00.000Z,2510.96,2512.38,2507.07,2508.02,3767.6,
1788498000000,2026-09-04T05:00:00.000Z,2508.02,2513.36,2505.5,2510.05,5140.4,
1788498900000,2026-09-04T05:15:00.000Z,2510.05,2515.6,2509.51,2510,3688.58,
1788499800000,2026-09-04T05:30:00.000Z,2510,2511.69,2506.19,2511.49,5732.63,
1788500700000,2026-09-04T05:45:00.000Z,2511.49,2513.25,2503.21,2508.12,5206.39,
1788501600000,2026-09-04T06:00:00.000Z,2508.12,2518.27,2506.01,2513.8,10097.07,
1788502500000,2026-09-04T06:15:00.000Z,2513.8,2513.8,2504,2504.8,3336.54,
1788503400000,2026-09-04T06:30:00.000Z,2504.8,2508,2498.9,2508,12211.27,
1788504300000,2026-09-04T06:45:00.000Z,2508,2508.22,2503.54,2507.08,4665.2,
1788505200000,2026-09-04T07:00:00.000Z,2507.08,2515.47,2506.59,2514,5415.25,
1788506100000,2026-09-04T07:15:00.000Z,2514,2514.87,2508.41,2510.07,2503.73,
1788507000000,2026-09-04T07:30:00.000Z,2510.07,2511.74,2504.25,2506.31,3384.13,
1788507900000,2026-09-04T07:45:00.000Z,2506.31,2508,2503.22,2503.83,4659.2,
1788508800000,2026-09-04T08:00:00.000Z,2503.83,2512.5,2502.5,2512.12,4398.67,
1788509700000,2026-09-04T08:15:00.000Z,2512.12,2516.39,2510.15,2515.75,17841.88,
1788510600000,2026-09-04T08:30:00.000Z,2515.75,2520.83,2513.17,2518,12448.84,
1788511500000,2026-09-04T08:45:00.000Z,2518,2537.1,2514.89,2526.49,36199.75,
1788512400000,2026-09-04T09:00:00.000Z,2526.49,2535.47,2524.43,2529.05,17242.97,
1788513300000,2026-09-04T09:15:00.000Z,2529.05,2546.6,2517.83,2521.24,30807.27,
1788514200000,2026-09-04T09:30:00.000Z,2521.24,2532.57,2518.75,2528.36,18614.9,
1788515100000,2026-09-04T09:45:00.000Z,2528.36,2530.14,2519.16,2520.08,9697.17,
1788516000000,2026-09-04T10:00:00.000Z,2520.08,2523.83,2515.73,2518.96,5792.47,
1788516900000,2026-09-04T10:15:00.000Z,2518.96,2521,2513.01,2520.13,7143.83,
1788517800000,2026-09-04T10:30:00.000Z,2520.13,2527.29,2518.38,2526.74,5287.91,
1788518700000,2026-09-04T10:45:00.000Z,2526.74,2527.07,2521.46,2524.98,2809.84,
1788519600000,2026-09-04T11:00:00.000Z,2524.98,2525.36,2519.05,2521.48,2474.12,
1788520500000,2026-09-04T11:15:00.000Z,2521.48,2525.88,2520.49,2524.42,4455.71,
1788521400000,2026-09-04T11:30:00.000Z,2524.42,2526.92,2521.62,2523.89,3323.16,
1788522300000,2026-09-04T11:45:00.000Z,2523.89,2526.53,2520.68,2521.71,1643.84,
1788523200000,2026-09-04T12:00:00.000Z,2521.71,2524.5,2519.49,2523.56,2726.87,
1788524100000,2026-09-04T12:15:00.000Z,2523.56,2530.89,2518.04,2528.84,8630.02,
1788525000000,2026-09-04T12:30:00.000Z,2528.84,2528.84,2433.45,2449.81,157838.3,
1788525900000,2026-09-04T12:45:00.000Z,2449.81,2457.38,2432.73,2450.08,30860.87,
1788526800000,2026-09-04T13:00:00.000Z,2450.08,2453.67,2443.4,2444.97,14866.87,
1788527700000,2026-09-04T13:15:00.000Z,2444.97,2454.3,2443.82,2449.23,12371.32,
1788528600000,2026-09-04T13:30:00.000Z,2449.23,2456.13,2434.2,2449.75,21881.13,
1788529500000,2026-09-04T13:45:00.000Z,2449.75,2463.5,2446.5,2451.34,20011.14,
1788530400000,2026-09-04T14:00:00.000Z,2451.34,2457.69,2446.31,2452.99,8660.58,
1788531300000,2026-09-04T14:15:00.000Z,2452.99,2455.25,2442.41,2452.95,19792.13,
1788532200000,2026-09-04T14:30:00.000Z,2452.95,2457.5,2437.07,2443.19,11486.06,
1788533100000,2026-09-04T14:45:00.000Z,2443.19,2447.12,2428.87,2439.17,24954.1,
1788534000000,2026-09-04T15:00:00.000Z,2439.17,2447.89,2436.77,2447.89,9112.29,
1788534900000,2026-09-04T15:15:00.000Z,2447.89,2455.81,2447.11,2453.74,5926.89,
1788535800000,2026-09-04T15:30:00.000Z,2453.74,2457.84,2451.64,2454.75,8298.23,
1788536700000,2026-09-04T15:45:00.000Z,2454.75,2455,2449.04,2451,9086.99,
1788537600000,2026-09-04T16:00:00.000Z,2451,2453.5,2449.18,2449.74,2545.69,
1788538500000,2026-09-04T16:15:00.000Z,2449.74,2453.45,2449.12,2453.44,1754.18,
1788539400000,2026-09-04T16:30:00.000Z,2453.44,2461.77,2452.96,2459.99,10210.69,
1788540300000,2026-09-04T16:45:00.000Z,2459.99,2463.84,2457.58,2459.52,5950.21,
1788541200000,2026-09-04T17:00:00.000Z,2459.52,2460.18,2450.67,2450.83,7528.49,
1788542100000,2026-09-04T17:15:00.000Z,2450.83,2450.83,2445.75,2446.63,3933.13,
1788543000000,2026-09-04T17:30:00.000Z,2446.63,2448.95,2443.32,2445.75,2663.13,
1788543900000,2026-09-04T17:45:00.000Z,2445.75,2446.33,2441.66,2444.08,1997.67,
1788544800000,2026-09-04T18:00:00.000Z,2444.08,2449.25,2443.79,2444.16,3145.11,
1788545700000,2026-09-04T18:15:00.000Z,2444.16,2448.62,2444.16,2447.02,1429.55,
1788546600000,2026-09-04T18:30:00.000Z,2447.02,2451.34,2447.02,2450.31,1436.74,
1788547500000,2026-09-04T18:45:00.000Z,2450.31,2450.66,2448.12,2449.5,611.87,
1788548400000,2026-09-04T19:00:00.000Z,2449.5,2454.27,2449.5,2453.19,1860.16,
1788549300000,2026-09-04T19:15:00.000Z,2453.19,2456.78,2452.65,2456.25,1434.01,
1788550200000,2026-09-04T19:30:00.000Z,2456.25,2456.25,2452.44,2453.75,1255.34,
1788551100000,2026-09-04T19:45:00.000Z,2453.75,2456.29,2452.5,2454.79,2841.45,
1788552000000,2026-09-04T20:00:00.000Z,2454.79,2457.76,2452.03,2452.5,1819.1,
1788552900000,2026-09-04T20:15:00.000Z,2452.5,2456.59,2451.35,2452.2,2670.81,
1788553800000,2026-09-04T20:30:00.000Z,2452.2,2453.92,2451.01,2452.95,964.92,
1788554700000,2026-09-04T20:45:00.000Z,2452.95,2454.68,2449.4,2450.38,944.5,
1788555600000,2026-09-04T21:00:00.000Z,2450.38,2453.83,2449.42,2452.4,2027.78,
1788556500000,2026-09-04T21:15:00.000Z,2452.4,2454.11,2451.21,2451.93,1308.23,
1788557400000,2026-09-04T21:30:00.000Z,2451.93,2455.88,2451.6,2455.24,1053.45,
1788558300000,2026-09-04T21:45:00.000Z,2455.24,2455.85,2448.67,2450.88,4052.89,
1788559200000,2026-09-04T22:00:00.000Z,2450.88,2453.2,2450.36,2451.91,958.63,
1788560100000,2026-09-04T22:15:00.000Z,2451.91,2452.25,2450,2451.62,570.45,
1788561000000,2026-09-04T22:30:00.000Z,2451.62,2453.49,2451,2451.01,510.12,
1788561900000,2026-09-04T22:45:00.000Z,2451.01,2451.72,2449.5,2450.03,712.2,
1788562800000,2026-09-04T23:00:00.000Z,2450.03,2451.01,2448.86,2449.59,410.97,
1788563700000,2026-09-04T23:15:00.000Z,2449.59,2454.06,2449.42,2452.68,1225.64,
1788564600000,2026-09-04T23:30:00.000Z,2452.68,2452.88,2451.46,2452.6,208.93,
1788565500000,2026-09-04T23:45:00.000Z,2452.6,2454.83,2452.5,2454.6,800.45,
1788566400000,2026-09-05T00:00:00.000Z,2454.6,2455.7,2452.32,2453.44,1187.54,
1788567300000,2026-09-05T00:15:00.000Z,2453.44,2453.58,2451.61,2452.03,341.04,
1788568200000,2026-09-05T00:30:00.000Z,2452.03,2454.71,2450.99,2453,1550.95,
1788569100000,2026-09-05T00:45:00.000Z,2453,2454.26,2450.5,2451.25,2174.29,
1788570000000,2026-09-05T01:00:00.000Z,2451.25,2454.81,2450.35,2452.49,3457.63,
1788570900000,2026-09-05T01:15:00.000Z,2452.49,2455,2451.36,2454.94,2224.61,
1788571800000,2026-09-05T01:30:00.000Z,2454.94,2454.96,2452.25,2452.8,524.64,
1788572700000,2026-09-05T01:45:00.000Z,2452.8,2453.97,2450.84,2450.84,2367.11,
1788573600000,2026-09-05T02:00:00.000Z,2450.84,2452.22,2449,2451.32,1514.55,
1788574500000,2026-09-05T02:15:00.000Z,2451.32,2452.3,2449.86,2449.89,1280.17,
1788575400000,2026-09-05T02:30:00.000Z,2449.89,2452.3,2449.33,2451.86,1684.5,
1788576300000,2026-09-05T02:45:00.000Z,2451.86,2452.49,2449,2452.29,983.25,
1788577200000,2026-09-05T03:00:00.000Z,2452.29,2452.29,2450.02,2451.51,363.75,
1788578100000,2026-09-05T03:15:00.000Z,2451.51,2453.66,2450.86,2452.49,1773.19,
1788579000000,2026-09-05T03:30:00.000Z,2452.49,2454.87,2452.32,2453.08,2207.82,
1788579900000,2026-09-05T03:45:00.000Z,2453.08,2453.43,2451.29,2451.61,1558.15,
1788580800000,2026-09-05T04:00:00.000Z,2451.61,2452.24,2449.91,2450.18,1919.8,
1788581700000,2026-09-05T04:15:00.000Z,2450.18,2451.61,2450.17,2451.34,1009.59,
1788582600000,2026-09-05T04:30:00.000Z,2451.34,2451.64,2449.61,2450.13,632.99,
1788583500000,2026-09-05T04:45:00.000Z,2450.13,2450.71,2447.28,2448.48,2571.84,
1788584400000,2026-09-05T05:00:00.000Z,2448.48,2449.35,2443.91,2449.27,5287.21,
1788585300000,2026-09-05T05:15:00.000Z,2449.27,2450.08,2447.59,2450,1650.73,
1788586200000,2026-09-05T05:30:00.000Z,2450,2451.34,2449.06,2449.09,1168.37,
1788587100000,2026-09-05T05:45:00.000Z,2449.09,2451.19,2447.8,2450.24,1959.3,
1788588000000,2026-09-05T06:00:00.000Z,2450.24,2452,2449.52,2451,2161.53,
1788588900000,2026-09-05T06:15:00.000Z,2451,2451.2,2449.93,2449.99,1127.34,
1788589800000,2026-09-05T06:30:00.000Z,2449.99,2453.71,2449.99,2451.53,6285.28,
1788590700000,2026-09-05T06:45:00.000Z,2451.53,2452.68,2451.36,2452.08,575.55,
1788591600000,2026-09-05T07:00:00.000Z,2452.08,2453.75,2451.77,2453.75,1488.45,
1788592500000,2026-09-05T07:15:00.000Z,2453.75,2457.15,2452.5,2455.76,1507.49,
1788593400000,2026-09-05T07:30:00.000Z,2455.76,2458,2454.92,2457.19,3076.97,
1788594300000,2026-09-05T07:45:00.000Z,2457.19,2458,2455.49,2456.07,1481.35,
1788595200000,2026-09-05T08:00:00.000Z,2456.07,2456.34,2453.6,2453.85,2830.83,
1788596100000,2026-09-05T08:15:00.000Z,2453.85,2456.16,2452.07,2454.07,4460.62,
1788597000000,2026-09-05T08:30:00.000Z,2454.07,2454.38,2451.61,2454.23,2502.67,
1788597900000,2026-09-05T08:45:00.000Z,2454.23,2455.91,2452.8,2455.55,850.55,
1788598800000,2026-09-05T09:00:00.000Z,2455.55,2458.88,2455.33,2457.96,4614.78,
1788599700000,2026-09-05T09:15:00.000Z,2457.96,2457.96,2456.29,2456.92,1048.23,
1788600600000,2026-09-05T09:30:00.000Z,2456.92,2458.88,2456.58,2458.88,1208.92,
1788601500000,2026-09-05T09:45:00.000Z,2458.88,2459.28,2457.17,2457.26,834.63,
1788602400000,2026-09-05T10:00:00.000Z,2457.26,2457.5,2456.16,2456.26,499.56,
1788603300000,2026-09-05T10:15:00.000Z,2456.26,2456.64,2453.51,2453.52,3762.29,
1788604200000,2026-09-05T10:30:00.000Z,2453.52,2455.92,2453,2454.46,3454.4,
1788605100000,2026-09-05T10:45:00.000Z,2454.46,2454.94,2453.1,2453.26,1529.74,
1788606000000,2026-09-05T11:00:00.000Z,2453.26,2454.61,2453,2453.21,1702.9,
1788606900000,2026-09-05T11:15:00.000Z,2453.21,2453.5,2451.5,2452.77,3377.02,
1788607800000,2026-09-05T11:30:00.000Z,2452.77,2453.35,2452.22,2452.7,323.76,
1788608700000,2026-09-05T11:45:00.000Z,2452.7,2455.24,2452.4,2452.64,1520.37,
1788609600000,2026-09-05T12:00:00.000Z,2452.64,2454.79,2452.64,2454.11,539.24,
1788610500000,2026-09-05T12:15:00.000Z,2454.11,2454.72,2453.55,2453.85,398.23,
1788611400000,2026-09-05T12:30:00.000Z,2453.85,2458.77,2452.13,2458.01,7035.23,
1788612300000,2026-09-05T12:45:00.000Z,2458.01,2461.28,2456.97,2457.71,5368.12,
1788613200000,2026-09-05T13:00:00.000Z,2457.71,2460.25,2456.52,2458.34,2003.56,
1788614100000,2026-09-05T13:15:00.000Z,2458.34,2460.94,2456.46,2458.71,1767.02,
1788615000000,2026-09-05T13:30:00.000Z,2458.71,2459.49,2454.65,2455.58,4652.56,
1788615900000,2026-09-05T13:45:00.000Z,2455.58,2456.39,2448.03,2453.18,8187.46,
1788616800000,2026-09-05T14:00:00.000Z,2453.18,2455.81,2453,2453.91,3166.03,
1788617700000,2026-09-05T14:15:00.000Z,2453.91,2456.26,2453.12,2456.15,1757.74,
1788618600000,2026-09-05T14:30:00.000Z,2456.15,2457.1,2454.39,2455.25,1497.19,
1788619500000,2026-09-05T14:45:00.000Z,2455.25,2458,2454.15,2456.07,2513.9,
1788620400000,2026-09-05T15:00:00.000Z,2456.07,2458.6,2455.34,2457.99,2020.91,
1788621300000,2026-09-05T15:15:00.000Z,2457.99,2459,2454.72,2456.3,2858.24,
1788622200000,2026-09-05T15:30:00.000Z,2456.3,2458.79,2456.3,2457.28,554.5,
1788623100000,2026-09-05T15:45:00.000Z,2457.28,2458.77,2457.02,2458.66,814.05,
1788624000000,2026-09-05T16:00:00.000Z,2458.66,2459.61,2457.59,2458.51,817.08,
1788624900000,2026-09-05T16:15:00.000Z,2458.51,2463.38,2458.31,2462.4,4276.86,
1788625800000,2026-09-05T16:30:00.000Z,2462.4,2469.01,2462.4,2465.04,12300.35,
1788626700000,2026-09-05T16:45:00.000Z,2465.04,2473.55,2465.04,2470.15,17920.2,
1788627600000,2026-09-05T17:00:00.000Z,2470.15,2481.67,2469.69,2479.29,17540.44,
1788628500000,2026-09-05T17:15:00.000Z,2479.29,2480.64,2474.68,2476.89,6321.6,
1788629400000,2026-09-05T17:30:00.000Z,2476.89,2484.63,2474,2475.85,6907.72,
1788630300000,2026-09-05T17:45:00.000Z,2475.85,2480.85,2475.36,2479.97,2521.3,
1788631200000,2026-09-05T18:00:00.000Z,2479.97,2481.16,2476.18,2477.46,3118.47,
1788632100000,2026-09-05T18:15:00.000Z,2477.46,2478.52,2475.3,2475.42,2600.23,
1788633000000,2026-09-05T18:30:00.000Z,2475.42,2478.5,2474.65,2476.75,1561.54,
1788633900000,2026-09-05T18:45:00.000Z,2476.75,2479.55,2475.14,2479.35,755.74,
1788634800000,2026-09-05T19:00:00.000Z,2479.35,2479.35,2474.8,2476.96,2573.24,
1788635700000,2026-09-05T19:15:00.000Z,2476.96,2481.73,2476.19,2478.56,2828.94,
1788636600000,2026-09-05T19:30:00.000Z,2478.56,2480.36,2472.13,2476.15,4454.11,
1788637500000,2026-09-05T19:45:00.000Z,2476.15,2477.5,2471.51,2476.1,6093.05,
1788638400000,2026-09-05T20:00:00.000Z,2476.1,2482.54,2474.12,2478.11,5005.87,
1788639300000,2026-09-05T20:15:00.000Z,2478.11,2478.72,2473.69,2475.37,5659.46,
1788640200000,2026-09-05T20:30:00.000Z,2475.37,2478.48,2473.82,2478.47,2619.6,
1788641100000,2026-09-05T20:45:00.000Z,2478.47,2479.47,2475.3,2476.4,2808.66,
1788642000000,2026-09-05T21:00:00.000Z,2476.4,2477.23,2475.14,2475.96,918.06,
1788642900000,2026-09-05T21:15:00.000Z,2475.96,2480,2475.49,2479.84,1547.03,
1788643800000,2026-09-05T21:30:00.000Z,2479.84,2492.12,2479.38,2489.93,9271.06,
1788644700000,2026-09-05T21:45:00.000Z,2489.93,2490.44,2487.12,2488.01,1959.26,
1788645600000,2026-09-05T22:00:00.000Z,2488.01,2489.98,2483.05,2486.23,3115.14,
1788646500000,2026-09-05T22:15:00.000Z,2486.23,2487.46,2477.64,2479.62,5067.03,
1788647400000,2026-09-05T22:30:00.000Z,2479.62,2483.69,2479.52,2480.89,7793.92,
1788648300000,2026-09-05T22:45:00.000Z,2480.89,2481,2478.81,2479.82,1654.17,
1788649200000,2026-09-05T23:00:00.000Z,2479.82,2479.99,2477.01,2477.74,923.27,
1788650100000,2026-09-05T23:15:00.000Z,2477.74,2481.24,2477.04,2479.71,2636.58,
1788651000000,2026-09-05T23:30:00.000Z,2479.71,2482.6,2476.01,2479.77,3499.79,
1788651900000,2026-09-05T23:45:00.000Z,2479.77,2482.5,2477.95,2479.27,3911.07,
1788652800000,2026-09-06T00:00:00.000Z,2479.27,2480.5,2478.01,2480.5,749.57,
1788653700000,2026-09-06T00:15:00.000Z,2480.5,2487.24,2480.22,2485.64,2266.41,
1788654600000,2026-09-06T00:30:00.000Z,2485.64,2488.85,2483.91,2486.1,3482.4,
1788655500000,2026-09-06T00:45:00.000Z,2486.1,2491.13,2485.33,2488.77,4217.65,
1788656400000,2026-09-06T01:00:00.000Z,2488.77,2498.57,2487.81,2495.99,11941.12,
1788657300000,2026-09-06T01:15:00.000Z,2495.99,2496.12,2490.01,2492.4,5355.59,
1788658200000,2026-09-06T01:30:00.000Z,2492.4,2507.16,2492.33,2500.63,13570.26,
1788659100000,2026-09-06T01:45:00.000Z,2500.63,2506.38,2499.51,2504.25,9696.43,
1788660000000,2026-09-06T02:00:00.000Z,2504.25,2511.88,2500.37,2506.13,18352.32,
1788660900000,2026-09-06T02:15:00.000Z,2506.13,2506.69,2500.41,2500.82,3166.62,
1788661800000,2026-09-06T02:30:00.000Z,2500.82,2503.6,2499.81,2501.27,1840.11,
1788662700000,2026-09-06T02:45:00.000Z,2501.27,2502.95,2499.93,2502.24,934.4,
1788663600000,2026-09-06T03:00:00.000Z,2502.24,2504.73,2500.16,2504.45,1258.58,
1788664500000,2026-09-06T03:15:00.000Z,2504.45,2506.25,2498.97,2500.33,3230.28,
1788665400000,2026-09-06T03:30:00.000Z,2500.33,2513.71,2500.16,2511.63,7070.91,
1788666300000,2026-09-06T03:45:00.000Z,2511.63,2513.18,2506,2508.72,4378.52,
1788667200000,2026-09-06T04:00:00.000Z,2508.72,2509.25,2505.6,2506.21,1641.11,
1788668100000,2026-09-06T04:15:00.000Z,2506.21,2507.21,2497.14,2502.11,6629.55,
1788669000000,2026-09-06T04:30:00.000Z,2502.11,2503.24,2500.17,2503.09,1728.15,
1788669900000,2026-09-06T04:45:00.000Z,2503.09,2504.98,2501.16,2503.46,1667.45,
1788670800000,2026-09-06T05:00:00.000Z,2503.46,2505.25,2501.32,2501.32,1481.87,
1788671700000,2026-09-06T05:15:00.000Z,2501.32,2505.76,2500.2,2503.82,3827.76,
1788672600000,2026-09-06T05:30:00.000Z,2503.82,2523,2503.82,2514.83,23595.05,
1788673500000,2026-09-06T05:45:00.000Z,2514.83,2516.47,2509.54,2512.19,5430.25,
1788674400000,2026-09-06T06:00:00.000Z,2512.19,2512.49,2507.84,2508.14,4922.31,
1788675300000,2026-09-06T06:15:00.000Z,2508.14,2508.76,2504.58,2505.32,2818.46,
1788676200000,2026-09-06T06:30:00.000Z,2505.32,2507.6,2504.1,2507.6,4496.67,
1788677100000,2026-09-06T06:45:00.000Z,2507.6,2507.79,2502.37,2504.9,5902.83,
1788678000000,2026-09-06T07:00:00.000Z,2504.9,2506.92,2481.36,2488.77,27954.74,
1788678900000,2026-09-06T07:15:00.000Z,2488.77,2498.45,2488.77,2494.51,11203.12,
1788679800000,2026-09-06T07:30:00.000Z,2494.51,2495.8,2491.08,2495.34,8378.08,
1788680700000,2026-09-06T07:45:00.000Z,2495.34,2497.02,2493.93,2496.01,3496.12,
1788681600000,2026-09-06T08:00:00.000Z,2496.01,2498.98,2493.4,2497.65,6030.75,
1788682500000,2026-09-06T08:15:00.000Z,2497.65,2498,2493.86,2493.87,1511.2,
1788683400000,2026-09-06T08:30:00.000Z,2493.87,2493.87,2491.09,2492.94,3225.98,
1788684300000,2026-09-06T08:45:00.000Z,2492.94,2496.43,2491,2494.79,7760.93,
1788685200000,2026-09-06T09:00:00.000Z,2494.79,2498.35,2493.26,2498.04,4631.31,
1788686100000,2026-09-06T09:15:00.000Z,2498.04,2502.9,2497,2501.14,5884.63,
1788687000000,2026-09-06T09:30:00.000Z,2501.14,2502.76,2492.9,2495.35,5240.91,
1788687900000,2026-09-06T09:45:00.000Z,2495.35,2498.59,2494.52,2498.01,2646.24,
1788688800000,2026-09-06T10:00:00.000Z,2498.01,2501.56,2497.6,2497.72,4648.03,
1788689700000,2026-09-06T10:15:00.000Z,2497.72,2499.49,2496.79,2497,3232.54,
1788690600000,2026-09-06T10:30:00.000Z,2497,2499.7,2496.5,2499.62,1874.82,
1788691500000,2026-09-06T10:45:00.000Z,2499.62,2501.59,2498.06,2500.68,2278.59,
1788692400000,2026-09-06T11:00:00.000Z,2500.68,2503.5,2498.35,2501.68,6279.88,
1788693300000,2026-09-06T11:15:00.000Z,2501.68,2503.2,2499.35,2499.48,5681.84,
1788694200000,2026-09-06T11:30:00.000Z,2499.48,2501.99,2499,2501.44,3974.51,
1788695100000,2026-09-06T11:45:00.000Z,2501.44,2502.26,2499.6,2500.69,610.84,
1788696000000,2026-09-06T12:00:00.000Z,2500.69,2502.47,2498.32,2502.45,1516.59,
1788696900000,2026-09-06T12:15:00.000Z,2502.45,2504.16,2500.51,2501.04,2822.83,
1788697800000,2026-09-06T12:30:00.000Z,2501.04,2503.76,2498.7,2498.71,3665.34,
1788698700000,2026-09-06T12:45:00.000Z,2498.71,2502,2496.45,2499.46,3528.98,
1788699600000,2026-09-06T13:00:00.000Z,2499.46,2499.83,2495.43,2496.19,7877.99,
1788700500000,2026-09-06T13:15:00.000Z,2496.19,2496.26,2490.06,2490.16,4754.48,
1788701400000,2026-09-06T13:30:00.000Z,2490.16,2493.1,2485.35,2491.56,7026.3,
1788702300000,2026-09-06T13:45:00.000Z,2491.56,2494.79,2490.93,2493.66,3850.2,
1788703200000,2026-09-06T14:00:00.000Z,2493.66,2494,2486.2,2486.91,2630.32,
1788704100000,2026-09-06T14:15:00.000Z,2486.91,2487.79,2473.06,2480.8,27304.61,
1788705000000,2026-09-06T14:30:00.000Z,2480.8,2484.57,2458.95,2484.17,28207.95,
1788705900000,2026-09-06T14:45:00.000Z,2484.17,2484.99,2476.33,2477.38,9574.04,
1788706800000,2026-09-06T15:00:00.000Z,2477.38,2477.77,2468,2475.71,9781.49,
1788707700000,2026-09-06T15:15:00.000Z,2475.71,2479.99,2475.39,2477.75,2394.1,
1788708600000,2026-09-06T15:30:00.000Z,2477.75,2480.95,2474.68,2479.89,2714.38,
1788709500000,2026-09-06T15:45:00.000Z,2479.89,2481.66,2478.16,2478.5,3125.38,
1788710400000,2026-09-06T16:00:00.000Z,2478.5,2482.83,2474.37,2481.62,5188.53,
1788711300000,2026-09-06T16:15:00.000Z,2481.62,2482.31,2477.6,2481.96,2253.55,
1788712200000,2026-09-06T16:30:00.000Z,2481.96,2487,2480.12,2483.15,5068.53,
1788713100000,2026-09-06T16:45:00.000Z,2483.15,2483.96,2480.75,2483.49,7073.92,
1788714000000,2026-09-06T17:00:00.000Z,2483.49,2485,2479.51,2484.6,4562.19,
1788714900000,2026-09-06T17:15:00.000Z,2484.6,2494,2484.59,2488.45,10659.56,
1788715800000,2026-09-06T17:30:00.000Z,2488.45,2493.7,2487.05,2492.13,3668.92,
1788716700000,2026-09-06T17:45:00.000Z,2492.13,2492.98,2489.88,2490.5,1340.98,
1788717600000,2026-09-06T18:00:00.000Z,2490.5,2494,2490.49,2492.71,1543.86,
1788718500000,2026-09-06T18:15:00.000Z,2492.71,2496.83,2492.18,2494.95,3572.96,
1788719400000,2026-09-06T18:30:00.000Z,2494.95,2499.56,2494.95,2497.07,3632.01,
1788720300000,2026-09-06T18:45:00.000Z,2497.07,2497.07,2492.25,2493.33,2234.43,
1788721200000,2026-09-06T19:00:00.000Z,2493.33,2493.73,2490.46,2490.46,1674.79,
1788722100000,2026-09-06T19:15:00.000Z,2490.46,2492.54,2489.06,2491.22,2064.81,
1788723000000,2026-09-06T19:30:00.000Z,2491.22,2491.43,2488.78,2489.57,784.93,
1788723900000,2026-09-06T19:45:00.000Z,2489.57,2490.25,2488.58,2489.74,674.11,
1788724800000,2026-09-06T20:00:00.000Z,2489.74,2491.97,2487.67,2491.52,1140.39,
1788725700000,2026-09-06T20:15:00.000Z,2491.52,2496.69,2490.52,2495.15,2865.32,
1788726600000,2026-09-06T20:30:00.000Z,2495.15,2496.61,2493.52,2496.34,2311.03,
1788727500000,2026-09-06T20:45:00.000Z,2496.34,2499.48,2496.17,2498.65,1789.5,
1788728400000,2026-09-06T21:00:00.000Z,2498.65,2513,2498.58,2510.38,15575.31,
1788729300000,2026-09-06T21:15:00.000Z,2510.38,2515.56,2504.45,2505.22,6282.77,
1788730200000,2026-09-06T21:30:00.000Z,2505.22,2510.24,2503.39,2506.56,3952.08,
1788731100000,2026-09-06T21:45:00.000Z,2506.56,2511.6,2505.12,2507.25,2897.08,
1788732000000,2026-09-06T22:00:00.000Z,2507.25,2507.98,2494.58,2497.09,5202.81,
1788732900000,2026-09-06T22:15:00.000Z,2497.09,2499.08,2487.68,2497.94,7804.85,
1788733800000,2026-09-06T22:30:00.000Z,2497.94,2506.91,2497.69,2505.62,6218.08,
1788734700000,2026-09-06T22:45:00.000Z,2505.62,2510,2504.02,2507.11,4525.65,
1788735600000,2026-09-06T23:00:00.000Z,2507.11,2516.17,2505.62,2509.63,5884.55,
1788736500000,2026-09-06T23:15:00.000Z,2509.63,2514.47,2508.01,2511.5,2523.01,
1788737400000,2026-09-06T23:30:00.000Z,2511.5,2521.74,2511.09,2519.02,13498.45,
1788738300000,2026-09-06T23:45:00.000Z,2519.02,2525.22,2510.93,2513.18,19366.51,
1788739200000,2026-09-07T00:00:00.000Z,2513.18,2516.84,2508.76,2514.43,8245.99,
1788740100000,2026-09-07T00:15:00.000Z,2514.43,2517.34,2507.7,2516.92,16129.44,
1788741000000,2026-09-07T00:30:00.000Z,2516.92,2521.71,2511.51,2514,14942.24,
1788741900000,2026-09-07T00:45:00.000Z,2514,2515.6,2508.6,2512,5881.91,
1788742800000,2026-09-07T01:00:00.000Z,2512,2515.29,2502.01,2506.09,8571.79,
1788743700000,2026-09-07T01:15:00.000Z,2506.09,2508.98,2500.02,2503.68,6433.78,
1788744600000,2026-09-07T01:30:00.000Z,2503.68,2507.06,2498,2499.98,3286.11,
1788745500000,2026-09-07T01:45:00.000Z,2499.98,2504.75,2498.81,2503.34,3514.85,
1788746400000,2026-09-07T02:00:00.000Z,2503.34,2503.89,2497.74,2500.03,4007.07,
1788747300000,2026-09-07T02:15:00.000Z,2500.03,2510.98,2499.54,2509.86,6481.4,
1788748200000,2026-09-07T02:30:00.000Z,2509.86,2535.92,2508.5,2526.04,24978.64,
1788749100000,2026-09-07T02:45:00.000Z,2526.04,2526.79,2509.33,2510.66,12487.79,
1788750000000,2026-09-07T03:00:00.000Z,2510.66,2515.08,2505.49,2506.18,7778.2,
1788750900000,2026-09-07T03:15:00.000Z,2506.18,2510.05,2502.49,2503.41,4645.35,
1788751800000,2026-09-07T03:30:00.000Z,2503.41,2505.52,2495.38,2496.37,6906.11,
1788752700000,2026-09-07T03:45:00.000Z,2496.37,2500,2495.26,2496.3,6407.47,
1788753600000,2026-09-07T04:00:00.000Z,2496.3,2497.8,2492.4,2496.99,4433.01,
1788754500000,2026-09-07T04:15:00.000Z,2496.99,2498.84,2495.25,2495.77,4995.02,
1788755400000,2026-09-07T04:30:00.000Z,2495.77,2497.27,2491.33,2496.57,5443.41,
1788756300000,2026-09-07T04:45:00.000Z,2496.57,2498.05,2493.45,2497.01,4045.92,
1788757200000,2026-09-07T05:00:00.000Z,2497.01,2504.69,2496.01,2503,5660.09,
1788758100000,2026-09-07T05:15:00.000Z,2503,2513.1,2502.9,2511.72,8794.94,
1788759000000,2026-09-07T05:30:00.000Z,2511.72,2512.65,2508.19,2510.57,1977.31,
1788759900000,2026-09-07T05:45:00.000Z,2510.57,2510.58,2502.1,2503.69,3715.69,
1788760800000,2026-09-07T06:00:00.000Z,2503.69,2509.08,2502.13,2508.73,2220.23,
1788761700000,2026-09-07T06:15:00.000Z,2508.73,2508.75,2502.36,2502.73,3825.67,
1788762600000,2026-09-07T06:30:00.000Z,2502.73,2503.97,2498.03,2498.24,3368.75,
1788763500000,2026-09-07T06:45:00.000Z,2498.24,2499.5,2496.36,2496.98,1771.03,
1788764400000,2026-09-07T07:00:00.000Z,2496.98,2501.27,2494.82,2498.95,3880.61,
1788765300000,2026-09-07T07:15:00.000Z,2498.95,2500.27,2484.62,2487.69,11779.22,
1788766200000,2026-09-07T07:30:00.000Z,2487.69,2492.23,2473.41,2484.29,21386.04,
1788767100000,2026-09-07T07:45:00.000Z,2484.29,2488.29,2484.23,2488.28,7224.32,
1788768000000,2026-09-07T08:00:00.000Z,2488.28,2490,2487.5,2487.78,5669.22,
1788768900000,2026-09-07T08:15:00.000Z,2487.78,2491.67,2487.78,2489.65,4245.15,
1788769800000,2026-09-07T08:30:00.000Z,2489.65,2492.57,2488.58,2491.79,4779.32,
1788770700000,2026-09-07T08:45:00.000Z,2491.79,2492.6,2489.21,2489.95,5090.68,
1788771600000,2026-09-07T09:00:00.000Z,2489.95,2495.66,2489.11,2494.6,6298.52,
1788772500000,2026-09-07T09:15:00.000Z,2494.6,2496.73,2491.96,2493.71,4193.27,
1788773400000,2026-09-07T09:30:00.000Z,2493.71,2493.86,2488,2489.31,6228,
1788774300000,2026-09-07T09:45:00.000Z,2489.31,2492.21,2483.01,2483.57,4985.33,
1788775200000,2026-09-07T10:00:00.000Z,2483.57,2488.4,2483.57,2486.75,7231.18,
1788776100000,2026-09-07T10:15:00.000Z,2486.75,2489.16,2486.15,2488.64,1105.75,
1788777000000,2026-09-07T10:30:00.000Z,2488.64,2490.68,2487.05,2490.43,1457.87,
1788777900000,2026-09-07T10:45:00.000Z,2490.43,2491.58,2487,2487.8,3105.39,
1788778800000,2026-09-07T11:00:00.000Z,2487.8,2489.68,2485.32,2489.68,3850.32,
1788779700000,2026-09-07T11:15:00.000Z,2489.68,2492.64,2488.79,2491.32,2849.33,
1788780600000,2026-09-07T11:30:00.000Z,2491.32,2492.63,2489.11,2489.32,1645.51,
1788781500000,2026-09-07T11:45:00.000Z,2489.32,2490.37,2486.83,2488.11,3093.86,
1788782400000,2026-09-07T12:00:00.000Z,2488.11,2491.74,2488,2488,1445.77,
1788783300000,2026-09-07T12:15:00.000Z,2488,2493.05,2487.88,2492.59,2199.95,
1788784200000,2026-09-07T12:30:00.000Z,2492.59,2493.55,2492.03,2493.22,1207.82,
1788785100000,2026-09-07T12:45:00.000Z,2493.22,2507.83,2493.15,2504.19,12834.56,
1788786000000,2026-09-07T13:00:00.000Z,2504.19,2509.39,2501.67,2508.96,8834.08,
1788786900000,2026-09-07T13:15:00.000Z,2508.96,2510.57,2505.09,2507.75,2413.73,
1788787800000,2026-09-07T13:30:00.000Z,2507.75,2507.89,2494.24,2497.44,7463.59,
1788788700000,2026-09-07T13:45:00.000Z,2497.44,2501.63,2495.65,2497.91,2904.97,
1788789600000,2026-09-07T14:00:00.000Z,2497.91,2498.66,2482.42,2486.25,12407.18,
1788790500000,2026-09-07T14:15:00.000Z,2486.25,2489.18,2481.13,2481.75,7416.99,
1788791400000,2026-09-07T14:30:00.000Z,2481.75,2483.44,2475.06,2480.69,14522.55,
1788792300000,2026-09-07T14:45:00.000Z,2480.69,2490.92,2480.09,2489.19,7611.88,
1788793200000,2026-09-07T15:00:00.000Z,2489.19,2489.5,2481.36,2482.33,4946.14,
1788794100000,2026-09-07T15:15:00.000Z,2482.33,2488.17,2474.12,2481.14,6662.31,
1788795000000,2026-09-07T15:30:00.000Z,2481.14,2481.55,2464.38,2468.95,20266.94,
1788795900000,2026-09-07T15:45:00.000Z,2468.95,2473.94,2465.36,2469.25,9051.26,
1788796800000,2026-09-07T16:00:00.000Z,2469.25,2475.51,2468.99,2474.52,4822.24,
1788797700000,2026-09-07T16:15:00.000Z,2474.52,2474.75,2470.03,2470.03,2055.14,
1788798600000,2026-09-07T16:30:00.000Z,2470.03,2480.72,2469.17,2479.97,6967.11,
1788799500000,2026-09-07T16:45:00.000Z,2479.97,2482,2478.41,2481.87,2046.63,
1788800400000,2026-09-07T17:00:00.000Z,2481.87,2489.67,2481.06,2488.75,5884.97,
1788801300000,2026-09-07T17:15:00.000Z,2488.75,2490.59,2485.3,2487.46,4166.99,
1788802200000,2026-09-07T17:30:00.000Z,2487.46,2493.52,2484.36,2492.08,3377.02,
1788803100000,2026-09-07T17:45:00.000Z,2492.08,2498.45,2490.84,2494.53,5375.35,
1788804000000,2026-09-07T18:00:00.000Z,2494.53,2496.35,2492.21,2493.38,2396.97,
1788804900000,2026-09-07T18:15:00.000Z,2493.38,2494.13,2488.46,2489.05,3089.56,
1788805800000,2026-09-07T18:30:00.000Z,2489.05,2489.05,2486.02,2488.27,2636.29,
1788806700000,2026-09-07T18:45:00.000Z,2488.27,2493.7,2486.92,2490.62,2956.66,
1788807600000,2026-09-07T19:00:00.000Z,2490.62,2491,2487.96,2490.04,2027.19,
1788808500000,2026-09-07T19:15:00.000Z,2490.04,2492.49,2489.69,2491.25,298.92,
1788809400000,2026-09-07T19:30:00.000Z,2491.25,2496.99,2491.25,2495.12,3259.74,
1788810300000,2026-09-07T19:45:00.000Z,2495.12,2495.95,2493.22,2494.76,1092.68,
1788811200000,2026-09-07T20:00:00.000Z,2494.76,2496.44,2487.33,2488.39,4731.09,
1788812100000,2026-09-07T20:15:00.000Z,2488.39,2489.09,2486.08,2488.63,1805.63,
1788813000000,2026-09-07T20:30:00.000Z,2488.63,2491.71,2487.93,2490.92,1569.6,
1788813900000,2026-09-07T20:45:00.000Z,2490.92,2495.29,2489.12,2493.89,4965.16,
1788814800000,2026-09-07T21:00:00.000Z,2493.89,2494.97,2490.84,2494.89,1217.66,
1788815700000,2026-09-07T21:15:00.000Z,2494.89,2495.79,2491.25,2491.64,2454.13,
1788816600000,2026-09-07T21:30:00.000Z,2491.64,2492.76,2490.08,2491.67,609.28,
1788817500000,2026-09-07T21:45:00.000Z,2491.67,2492.34,2488.91,2489.87,782.22,
1788818400000,2026-09-07T22:00:00.000Z,2489.87,2490.9,2483.4,2487.88,5815.67,
1788819300000,2026-09-07T22:15:00.000Z,2487.88,2491.19,2481,2485.15,6885.44,
1788820200000,2026-09-07T22:30:00.000Z,2485.15,2485.38,2473.44,2477.66,9268.79,
1788821100000,2026-09-07T22:45:00.000Z,2477.66,2482.25,2477.42,2481.58,2266.62,
1788822000000,2026-09-07T23:00:00.000Z,2481.58,2488.55,2480.81,2487.26,4704.95,
1788822900000,2026-09-07T23:15:00.000Z,2487.26,2487.77,2481.45,2483.5,2400.74,
1788823800000,2026-09-07T23:30:00.000Z,2483.5,2489.71,2482.15,2489.46,1006.97,
1788824700000,2026-09-07T23:45:00.000Z,2489.46,2492.87,2489.01,2489.2,3558.39,
1788825600000,2026-09-08T00:00:00.000Z,2489.2,2489.85,2484,2486.99,4978.54,
1788826500000,2026-09-08T00:15:00.000Z,2486.99,2490,2482.26,2482.64,3780.89,
1788827400000,2026-09-08T00:30:00.000Z,2482.64,2493.7,2482.45,2489.72,3676.89,
1788828300000,2026-09-08T00:45:00.000Z,2489.72,2494.57,2489.03,2494.57,3301.2,
1788829200000,2026-09-08T01:00:00.000Z,2494.57,2496.66,2492.15,2495.26,5760.99,
1788830100000,2026-09-08T01:15:00.000Z,2495.26,2504.95,2494.58,2501.56,9667.3,
1788831000000,2026-09-08T01:30:00.000Z,2501.56,2501.56,2497.81,2498.87,2721.81,
1788831900000,2026-09-08T01:45:00.000Z,2498.87,2503.49,2498.01,2503.19,1910.19,
1788832800000,2026-09-08T02:00:00.000Z,2503.19,2503.5,2493.43,2497.98,6631.8,
1788833700000,2026-09-08T02:15:00.000Z,2497.98,2506.99,2495,2495.82,5102.34,
1788834600000,2026-09-08T02:30:00.000Z,2495.82,2496.62,2488.53,2490.44,4575.73,
1788835500000,2026-09-08T02:45:00.000Z,2490.44,2491.93,2483.49,2483.61,5088.58,
1788836400000,2026-09-08T03:00:00.000Z,2483.61,2486.64,2481.86,2482.43,3767.5,
1788837300000,2026-09-08T03:15:00.000Z,2482.43,2483.89,2477.08,2479.97,5482.3,
1788838200000,2026-09-08T03:30:00.000Z,2479.97,2487.49,2479.67,2485.68,7503.84,
1788839100000,2026-09-08T03:45:00.000Z,2485.68,2486.3,2483.2,2485.31,989.71,
1788840000000,2026-09-08T04:00:00.000Z,2485.31,2485.49,2480.57,2482,2658.31,
1788840900000,2026-09-08T04:15:00.000Z,2482,2485.44,2479.66,2481.96,3821.95,
1788841800000,2026-09-08T04:30:00.000Z,2481.96,2484.61,2480.8,2482.07,2541.71,
1788842700000,2026-09-08T04:45:00.000Z,2482.07,2483.24,2477.8,2478.01,2618.95,
1788843600000,2026-09-08T05:00:00.000Z,2478.01,2483.5,2475,2477.21,6479.81,
1788844500000,2026-09-08T05:15:00.000Z,2477.21,2483.99,2475.61,2481.18,7031.9,
1788845400000,2026-09-08T05:30:00.000Z,2481.18,2481.63,2472.23,2472.64,11766.22,
1788846300000,2026-09-08T05:45:00.000Z,2472.64,2476.41,2471.29,2471.98,3260.29,
1788847200000,2026-09-08T06:00:00.000Z,2471.98,2474.97,2469.01,2473.93,7809.34,
1788848100000,2026-09-08T06:15:00.000Z,2473.93,2476.25,2461.37,2465.31,13499.49,
1788849000000,2026-09-08T06:30:00.000Z,2465.31,2467.4,2462.17,2464.66,3495.96,
1788849900000,2026-09-08T06:45:00.000Z,2464.66,2469.01,2463,2467.89,13433.53,
1788850800000,2026-09-08T07:00:00.000Z,2467.89,2474.99,2467.02,2473.42,5094.91,
1788851700000,2026-09-08T07:15:00.000Z,2473.42,2478.68,2472.49,2477.41,4018.87,
1788852600000,2026-09-08T07:30:00.000Z,2477.41,2484.17,2476.91,2477.76,9718.36,
1788853500000,2026-09-08T07:45:00.000Z,2477.76,2479.08,2470.51,2478.25,9907.11,
1788854400000,2026-09-08T08:00:00.000Z,2478.25,2478.65,2468.01,2471.9,4669.79,
1788855300000,2026-09-08T08:15:00.000Z,2471.9,2476.68,2469.72,2475.2,5437.52,
1788856200000,2026-09-08T08:30:00.000Z,2475.2,2481.67,2473.73,2480.1,3120.21,
1788857100000,2026-09-08T08:45:00.000Z,2480.1,2482.5,2475.01,2476.79,3826.55,
1788858000000,2026-09-08T09:00:00.000Z,2476.79,2480.43,2474.76,2479.41,5180.69,
1788858900000,2026-09-08T09:15:00.000Z,2479.41,2481.38,2476.01,2480.05,3242,
1788859800000,2026-09-08T09:30:00.000Z,2480.05,2494.93,2479.64,2492.63,13398.35,
1788860700000,2026-09-08T09:45:00.000Z,2492.63,2494,2489.65,2490.7,11112.84,
1788861600000,2026-09-08T10:00:00.000Z,2490.7,2490.7,2485.51,2488.62,6013.85,
1788862500000,2026-09-08T10:15:00.000Z,2488.62,2499.06,2487.99,2491.28,12249.36,
1788863400000,2026-09-08T10:30:00.000Z,2491.28,2491.69,2482,2483.17,7804.51,
1788864300000,2026-09-08T10:45:00.000Z,2483.17,2484.47,2479.59,2480.18,2419.86,
1788865200000,2026-09-08T11:00:00.000Z,2480.18,2481.5,2470.16,2471.25,7711.5,
1788866100000,2026-09-08T11:15:00.000Z,2471.25,2476.14,2471.08,2473.98,4158.91,
1788867000000,2026-09-08T11:30:00.000Z,2473.98,2476.43,2473,2473.85,2417.16,
1788867900000,2026-09-08T11:45:00.000Z,2473.85,2474.36,2470.5,2473.74,5996.89,
1788868800000,2026-09-08T12:00:00.000Z,2473.74,2473.74,2467.11,2468.57,7031.82,
1788869700000,2026-09-08T12:15:00.000Z,2468.57,2475.22,2468.56,2474.77,2022.21,
1788870600000,2026-09-08T12:30:00.000Z,2474.77,2475.22,2469.74,2472.11,5754.61,
1788871500000,2026-09-08T12:45:00.000Z,2472.11,2475.2,2470.43,2472.12,4732.79,
1788872400000,2026-09-08T13:00:00.000Z,2472.12,2474.95,2470.04,2472.35,1854.77,
1788873300000,2026-09-08T13:15:00.000Z,2472.35,2473.5,2465.39,2468.9,5950.25,
1788874200000,2026-09-08T13:30:00.000Z,2468.9,2469.18,2440.5,2449.05,45401.53,
1788875100000,2026-09-08T13:45:00.000Z,2449.05,2463.9,2445,2458.62,20723.91,
1788876000000,2026-09-08T14:00:00.000Z,2458.62,2475.73,2455.66,2471.77,19318.42,
1788876900000,2026-09-08T14:15:00.000Z,2471.77,2483,2471.77,2477.99,17605.14,
1788877800000,2026-09-08T14:30:00.000Z,2477.99,2482.27,2474.36,2479.8,8528.06,
1788878700000,2026-09-08T14:45:00.000Z,2479.8,2485.65,2478.75,2484.57,10637.21,
1788879600000,2026-09-08T15:00:00.000Z,2484.57,2490.71,2482.61,2487.65,10077.79,
1788880500000,2026-09-08T15:15:00.000Z,2487.65,2491.56,2479.42,2481.05,9609.18,
1788881400000,2026-09-08T15:30:00.000Z,2481.05,2496.3,2481.05,2494.73,12188.25,
1788882300000,2026-09-08T15:45:00.000Z,2494.73,2500.91,2492.14,2497.68,13160.76,
1788883200000,2026-09-08T16:00:00.000Z,2497.68,2498.1,2487.77,2489,6400.85,
1788884100000,2026-09-08T16:15:00.000Z,2489,2492.28,2485.61,2489.13,4530.46,
1788885000000,2026-09-08T16:30:00.000Z,2489.13,2504.78,2488.5,2495.66,11231.62,
1788885900000,2026-09-08T16:45:00.000Z,2495.66,2499.86,2492.28,2495.49,7105.97,
1788886800000,2026-09-08T17:00:00.000Z,2495.49,2501.77,2492.14,2495.07,8891.67,
1788887700000,2026-09-08T17:15:00.000Z,2495.07,2495.36,2487.98,2490.4,5058.43,
1788888600000,2026-09-08T17:30:00.000Z,2490.4,2493.89,2486.55,2486.96,2276.68,
1788889500000,2026-09-08T17:45:00.000Z,2486.96,2493.53,2486.69,2487.25,3789.94,
1788890400000,2026-09-08T18:00:00.000Z,2487.25,2497.25,2486.75,2496.31,7125.15,
1788891300000,2026-09-08T18:15:00.000Z,2496.31,2507.16,2496.31,2499.42,6812,
1788892200000,2026-09-08T18:30:00.000Z,2499.42,2502,2492.31,2494.34,7458.13,
1788893100000,2026-09-08T18:45:00.000Z,2494.34,2496.2,2474.38,2485.85,14685.09,
1788894000000,2026-09-08T19:00:00.000Z,2485.85,2490.94,2483.4,2484.8,4434.15,
1788894900000,2026-09-08T19:15:00.000Z,2484.8,2488.73,2481.06,2485.28,4921.36,
1788895800000,2026-09-08T19:30:00.000Z,2485.28,2487.84,2478.2,2480.95,5619.46,
1788896700000,2026-09-08T19:45:00.000Z,2480.95,2481.48,2475,2481.37,7317.57,
1788897600000,2026-09-08T20:00:00.000Z,2481.37,2490.75,2479.36,2489.86,4310.32,
1788898500000,2026-09-08T20:15:00.000Z,2489.86,2490.23,2481.71,2486.07,4719.66,
1788899400000,2026-09-08T20:30:00.000Z,2486.07,2486.09,2479.5,2483,1816.29,
1788900300000,2026-09-08T20:45:00.000Z,2483,2485.34,2481.54,2482,1391.53,
1788901200000,2026-09-08T21:00:00.000Z,2482,2485.89,2481.17,2484.44,939.02,
1788902100000,2026-09-08T21:15:00.000Z,2484.44,2486.26,2481.14,2481.74,5427.37,
1788903000000,2026-09-08T21:30:00.000Z,2481.74,2483.41,2478.72,2481.89,4571.44,
1788903900000,2026-09-08T21:45:00.000Z,2481.89,2483.03,2477.26,2481.71,1295.52,
1788904800000,2026-09-08T22:00:00.000Z,2481.71,2487.99,2480.19,2482.71,2937.11,
1788905700000,2026-09-08T22:15:00.000Z,2482.71,2485.75,2482.02,2483.53,2310.52,
1788906600000,2026-09-08T22:30:00.000Z,2483.53,2486.09,2481.47,2483.33,1585.54,
1788907500000,2026-09-08T22:45:00.000Z,2483.33,2489,2483.33,2487.88,2248.09,
1788908400000,2026-09-08T23:00:00.000Z,2487.88,2489.54,2483.03,2484.24,3711.23,
1788909300000,2026-09-08T23:15:00.000Z,2484.24,2484.24,2481.82,2483.29,1704.28,
1788910200000,2026-09-08T23:30:00.000Z,2483.29,2484.85,2483.25,2484.42,332.37,
1788911100000,2026-09-08T23:45:00.000Z,2484.42,2485.2,2482.65,2483.97,870.92,
1788912000000,2026-09-09T00:00:00.000Z,2483.97,2494.41,2483.97,2493.79,8584.88,
1788912900000,2026-09-09T00:15:00.000Z,2493.79,2494.01,2488.34,2490.08,2045.47,
1788913800000,2026-09-09T00:30:00.000Z,2490.08,2492.5,2486.64,2492.5,907.1,
1788914700000,2026-09-09T00:45:00.000Z,2492.5,2496.98,2492.31,2495.4,4674.33,
1788915600000,2026-09-09T01:00:00.000Z,2495.4,2498.16,2491.47,2493.52,4298.58,
1788916500000,2026-09-09T01:15:00.000Z,2493.52,2494.44,2488.2,2491.1,2286.22,
1788917400000,2026-09-09T01:30:00.000Z,2491.1,2498,2489.5,2495.67,1919.92,
1788918300000,2026-09-09T01:45:00.000Z,2495.67,2498.63,2494.63,2496.45,4081.72,
1788919200000,2026-09-09T02:00:00.000Z,2496.45,2498.99,2493.08,2493.52,4805.67,
1788920100000,2026-09-09T02:15:00.000Z,2493.52,2496.75,2488.82,2495.75,4971.51,
1788921000000,2026-09-09T02:30:00.000Z,2495.75,2496.78,2493.73,2496.17,899.01,
1788921900000,2026-09-09T02:45:00.000Z,2496.17,2496.25,2492.66,2492.66,890.43,
1788922800000,2026-09-09T03:00:00.000Z,2492.66,2492.81,2486.3,2486.69,2782.87,
1788923700000,2026-09-09T03:15:00.000Z,2486.69,2489.11,2486,2486.96,2299.72,
1788924600000,2026-09-09T03:30:00.000Z,2486.96,2490.86,2486.39,2489.7,2108.71,
1788925500000,2026-09-09T03:45:00.000Z,2489.7,2491.44,2485.53,2487.99,1825.74,
1788926400000,2026-09-09T04:00:00.000Z,2487.99,2502.11,2487.99,2495.68,23137.71,
1788927300000,2026-09-09T04:15:00.000Z,2495.68,2498.31,2492.54,2495.91,3206.19,
1788928200000,2026-09-09T04:30:00.000Z,2495.91,2512.39,2495.36,2511.12,12785.72,
1788929100000,2026-09-09T04:45:00.000Z,2511.12,2513,2504.03,2508.45,9244.81,
1788930000000,2026-09-09T05:00:00.000Z,2508.45,2509.18,2502.05,2507.14,7292.01,
1788930900000,2026-09-09T05:15:00.000Z,2507.14,2510.39,2501.22,2501.56,11766.49,
1788931800000,2026-09-09T05:30:00.000Z,2501.56,2502.49,2492.16,2494.67,7792.04,
1788932700000,2026-09-09T05:45:00.000Z,2494.67,2496,2490.14,2495.38,4790.46,
1788933600000,2026-09-09T06:00:00.000Z,2495.38,2500.8,2491.26,2499.75,3736.45,
1788934500000,2026-09-09T06:15:00.000Z,2499.75,2504.72,2498.55,2498.61,3386.45,
1788935400000,2026-09-09T06:30:00.000Z,2498.61,2500.99,2496.92,2499.58,2230.41,
1788936300000,2026-09-09T06:45:00.000Z,2499.58,2500.65,2497.8,2500.1,863.29,
1788937200000,2026-09-09T07:00:00.000Z,2500.1,2516.27,2498.58,2509.96,17689.92,
1788938100000,2026-09-09T07:15:00.000Z,2509.96,2514.13,2508.07,2514.13,12441.82,
1788939000000,2026-09-09T07:30:00.000Z,2514.13,2515,2509.5,2510.3,4829.06,
1788939900000,2026-09-09T07:45:00.000Z,2510.3,2511.14,2507.7,2509.42,2673.28,
1788940800000,2026-09-09T08:00:00.000Z,2509.42,2518,2509.04,2513.35,9276.26,
1788941700000,2026-09-09T08:15:00.000Z,2513.35,2521,2513,2520.01,8351,
1788942600000,2026-09-09T08:30:00.000Z,2520.01,2522.69,2515.46,2516.28,6654.51,
1788943500000,2026-09-09T08:45:00.000Z,2516.28,2520.64,2514.31,2518.88,4637.7,
1788944400000,2026-09-09T09:00:00.000Z,2518.88,2519.41,2509.19,2511.37,11046.21,
1788945300000,2026-09-09T09:15:00.000Z,2511.37,2512.24,2507.5,2507.64,4005.28,
1788946200000,2026-09-09T09:30:00.000Z,2507.64,2508.15,2491.22,2494.3,15218.7,
1788947100000,2026-09-09T09:45:00.000Z,2494.3,2496.57,2489.6,2489.61,19390.08,
1788948000000,2026-09-09T10:00:00.000Z,2489.61,2493.73,2488.08,2490.8,6091.19,
1788948900000,2026-09-09T10:15:00.000Z,2490.8,2492.17,2485.68,2490.13,5061.64,
1788949800000,2026-09-09T10:30:00.000Z,2490.13,2492.96,2488.7,2489.6,5362.72,
1788950700000,2026-09-09T10:45:00.000Z,2489.6,2489.8,2481.03,2486.59,12986.37,
1788951600000,2026-09-09T11:00:00.000Z,2486.59,2487.57,2481.31,2485.85,5749.98,
1788952500000,2026-09-09T11:15:00.000Z,2485.85,2492.22,2482.97,2492.01,6084.44,
1788953400000,2026-09-09T11:30:00.000Z,2492.01,2494.77,2490,2492.62,5821.64,
1788954300000,2026-09-09T11:45:00.000Z,2492.62,2505.15,2492.62,2500.02,10386.59,
1788955200000,2026-09-09T12:00:00.000Z,2500.02,2504.49,2497.55,2499.93,5006.55,
1788956100000,2026-09-09T12:15:00.000Z,2499.93,2501.82,2497.72,2500.45,2186.07,
1788957000000,2026-09-09T12:30:00.000Z,2500.45,2509.99,2500.26,2506.76,8404.33,
1788957900000,2026-09-09T12:45:00.000Z,2506.76,2511.97,2506.76,2510.67,8565.81,
1788958800000,2026-09-09T13:00:00.000Z,2510.67,2512.53,2506.75,2512.26,13297.47,
1788959700000,2026-09-09T13:15:00.000Z,2512.26,2514.81,2509.46,2513.49,2698.22,
1788960600000,2026-09-09T13:30:00.000Z,2513.49,2520,2498.29,2502.9,19176.53,
1788961500000,2026-09-09T13:45:00.000Z,2502.9,2512.33,2498.31,2501.12,16499.92,
1788962400000,2026-09-09T14:00:00.000Z,2501.12,2507.83,2494.15,2501,17584.33,
1788963300000,2026-09-09T14:15:00.000Z,2501,2511,2494.31,2511,13069.69,
1788964200000,2026-09-09T14:30:00.000Z,2511,2513.36,2499.01,2500.43,7990.94,
1788965100000,2026-09-09T14:45:00.000Z,2500.43,2507.18,2495.33,2498.46,7814.71,
1788966000000,2026-09-09T15:00:00.000Z,2498.46,2511.86,2478.76,2484.03,37918.5,
1788966900000,2026-09-09T15:15:00.000Z,2484.03,2490.37,2469.1,2478.53,17210.83,
1788967800000,2026-09-09T15:30:00.000Z,2478.53,2494.93,2477.75,2492.41,16093.78,
1788968700000,2026-09-09T15:45:00.000Z,2492.41,2493.57,2488.9,2489.02,3925.5,
1788969600000,2026-09-09T16:00:00.000Z,2489.02,2496.77,2486,2491.02,10148.15,
1788970500000,2026-09-09T16:15:00.000Z,2491.02,2491.12,2484,2489.69,7175.85,
1788971400000,2026-09-09T16:30:00.000Z,2489.69,2498.98,2489.69,2497.88,5162.83,
1788972300000,2026-09-09T16:45:00.000Z,2497.88,2497.88,2493.57,2495,1561.79,
1788973200000,2026-09-09T17:00:00.000Z,2495,2498.62,2491.55,2495.86,5141.91,
1788974100000,2026-09-09T17:15:00.000Z,2495.86,2498.4,2493.6,2495.5,1750.55,
1788975000000,2026-09-09T17:30:00.000Z,2495.5,2495.81,2488.86,2490.33,10507.48,
1788975900000,2026-09-09T17:45:00.000Z,2490.33,2494.55,2487.5,2492.5,3209.8,
1788976800000,2026-09-09T18:00:00.000Z,2492.5,2494.74,2488.25,2489.17,3658.82,
1788977700000,2026-09-09T18:15:00.000Z,2489.17,2490.89,2486.62,2490.03,1512.32,
1788978600000,2026-09-09T18:30:00.000Z,2490.03,2491.26,2486.62,2487.89,1741.08,
1788979500000,2026-09-09T18:45:00.000Z,2487.89,2488.17,2480,2480.41,8116.26,
1788980400000,2026-09-09T19:00:00.000Z,2480.41,2481.59,2475,2481.11,7524.16,
1788981300000,2026-09-09T19:15:00.000Z,2481.11,2483.94,2480.58,2481.67,2448.69,
1788982200000,2026-09-09T19:30:00.000Z,2481.67,2481.9,2470,2470.56,6478.27,
1788983100000,2026-09-09T19:45:00.000Z,2470.56,2471.62,2461.26,2464.5,11273.87,
1788984000000,2026-09-09T20:00:00.000Z,2464.5,2467.91,2463.06,2465.49,4416.06,
1788984900000,2026-09-09T20:15:00.000Z,2465.49,2471.41,2452.73,2460.39,15702.66,
1788985800000,2026-09-09T20:30:00.000Z,2460.39,2469.79,2459.54,2467.5,7588.63,
1788986700000,2026-09-09T20:45:00.000Z,2467.5,2471.28,2459.02,2470.8,9894.56,
1788987600000,2026-09-09T21:00:00.000Z,2470.8,2471.52,2466.18,2468.76,4739.18,
1788988500000,2026-09-09T21:15:00.000Z,2468.76,2470.27,2462.75,2469.78,3298.43,
1788989400000,2026-09-09T21:30:00.000Z,2469.78,2469.84,2462.58,2463.6,1604.94,
1788990300000,2026-09-09T21:45:00.000Z,2463.6,2463.96,2455.29,2460.82,4403.38,
1788991200000,2026-09-09T22:00:00.000Z,2460.82,2462.37,2443,2446.71,16461.21,
1788992100000,2026-09-09T22:15:00.000Z,2446.71,2455.44,2441.58,2454.19,5336.83,
1788993000000,2026-09-09T22:30:00.000Z,2454.19,2456.66,2450.57,2456.66,4189.92,
1788993900000,2026-09-09T22:45:00.000Z,2456.66,2456.67,2448.99,2449.27,3216.18,
1788994800000,2026-09-09T23:00:00.000Z,2449.27,2460.66,2449.04,2459.57,3129.34,
1788995700000,2026-09-09T23:15:00.000Z,2459.57,2461.74,2458.25,2461.73,1811.88,
1788996600000,2026-09-09T23:30:00.000Z,2461.73,2466.81,2461.28,2465,2841.56,
1788997500000,2026-09-09T23:45:00.000Z,2465,2468.19,2464.26,2467,2179.82,
1788998400000,2026-09-10T00:00:00.000Z,2467,2470.17,2465.53,2466.52,2025.72,
1788999300000,2026-09-10T00:15:00.000Z,2466.52,2470.65,2464.03,2469.28,2393.99,
1789000200000,2026-09-10T00:30:00.000Z,2469.28,2469.39,2462.66,2462.75,2873.51,
1789001100000,2026-09-10T00:45:00.000Z,2462.75,2468.5,2461.13,2463.86,4235.13,
1789002000000,2026-09-10T01:00:00.000Z,2463.86,2478.26,2463.43,2469.27,10726.96,
1789002900000,2026-09-10T01:15:00.000Z,2469.27,2469.72,2463.01,2463.01,3706.73,
1789003800000,2026-09-10T01:30:00.000Z,2463.01,2465.92,2453.8,2461.75,6129.68,
1789004700000,2026-09-10T01:45:00.000Z,2461.75,2464.42,2456.79,2462.85,1982.24,
1789005600000,2026-09-10T02:00:00.000Z,2462.85,2463.48,2460,2462.07,1823.24,
1789006500000,2026-09-10T02:15:00.000Z,2462.07,2463.68,2459,2460.25,1046.6,
1789007400000,2026-09-10T02:30:00.000Z,2460.25,2470.26,2459.59,2470.12,3233.83,
1789008300000,2026-09-10T02:45:00.000Z,2470.12,2474.99,2470.09,2473.63,4708.39,
1789009200000,2026-09-10T03:00:00.000Z,2473.63,2477.77,2473.63,2474.17,3493.33,
1789010100000,2026-09-10T03:15:00.000Z,2474.17,2475.84,2470.61,2475.38,3719,
1789011000000,2026-09-10T03:30:00.000Z,2475.38,2477.8,2471.2,2475.03,5248.51,
1789011900000,2026-09-10T03:45:00.000Z,2475.03,2477.99,2472,2474.26,6914.94,
1789012800000,2026-09-10T04:00:00.000Z,2474.26,2477.9,2473.76,2474.03,1753.11,
1789013700000,2026-09-10T04:15:00.000Z,2474.03,2479,2473.75,2477.22,1860.91,
1789014600000,2026-09-10T04:30:00.000Z,2477.22,2480.43,2475.91,2476.01,2588.41,
1789015500000,2026-09-10T04:45:00.000Z,2476.01,2479.2,2474.45,2477.55,4745.04,
1789016400000,2026-09-10T05:00:00.000Z,2477.55,2481.5,2472.38,2480.66,3196.63,
1789017300000,2026-09-10T05:15:00.000Z,2480.66,2481.18,2476.41,2479.51,6724.43,
1789018200000,2026-09-10T05:30:00.000Z,2479.51,2481.78,2478.05,2479.45,1905.24,
1789019100000,2026-09-10T05:45:00.000Z,2479.45,2482.84,2478.88,2480.89,1923.96,
1789020000000,2026-09-10T06:00:00.000Z,2480.89,2481.38,2474.24,2474.36,2991.59,
1789020900000,2026-09-10T06:15:00.000Z,2474.36,2474.37,2470.63,2472.58,3303.92,
1789021800000,2026-09-10T06:30:00.000Z,2472.58,2476.19,2471,2474.29,2067.7,
1789022700000,2026-09-10T06:45:00.000Z,2474.29,2484.06,2474.29,2479.3,7123.49,
1789023600000,2026-09-10T07:00:00.000Z,2479.3,2479.3,2472.5,2474.47,4255.8,
1789024500000,2026-09-10T07:15:00.000Z,2474.47,2474.65,2466.71,2467.04,6059.46,
1789025400000,2026-09-10T07:30:00.000Z,2467.04,2467.67,2462.88,2466.71,7459.8,
1789026300000,2026-09-10T07:45:00.000Z,2466.71,2472.85,2466.37,2471.61,4205.53,
1789027200000,2026-09-10T08:00:00.000Z,2471.61,2473.78,2468.25,2469.37,3813.06,
1789028100000,2026-09-10T08:15:00.000Z,2469.37,2474,2468.01,2473.46,5440.95,
1789029000000,2026-09-10T08:30:00.000Z,2473.46,2473.59,2468.05,2470,2432.29,
1789029900000,2026-09-10T08:45:00.000Z,2470,2471.87,2469.37,2470.2,1201.97,
1789030800000,2026-09-10T09:00:00.000Z,2470.2,2473.57,2470.09,2473.09,1411.49,
1789031700000,2026-09-10T09:15:00.000Z,2473.09,2477.28,2472.76,2475.85,5858.22,
1789032600000,2026-09-10T09:30:00.000Z,2475.85,2475.85,2463.56,2466.62,5691.17,
1789033500000,2026-09-10T09:45:00.000Z,2466.62,2469.8,2464.99,2467.5,2876.72,
1789034400000,2026-09-10T10:00:00.000Z,2467.5,2470.71,2466.24,2468.86,5201.03,
1789035300000,2026-09-10T10:15:00.000Z,2468.86,2469.85,2465,2466.85,958.43,
1789036200000,2026-09-10T10:30:00.000Z,2466.85,2469.25,2461.42,2466.95,3849.83,
1789037100000,2026-09-10T10:45:00.000Z,2466.95,2469.85,2463.07,2463.08,2794.55,
1789038000000,2026-09-10T11:00:00.000Z,2463.08,2463.08,2456.76,2461,7488.83,
1789038900000,2026-09-10T11:15:00.000Z,2461,2467.02,2461,2466.25,3619.9,
1789039800000,2026-09-10T11:30:00.000Z,2466.25,2468.59,2465.64,2466.46,4903.54,
1789040700000,2026-09-10T11:45:00.000Z,2466.46,2467.44,2460,2461.13,5119.15,
1789041600000,2026-09-10T12:00:00.000Z,2461.13,2462.87,2455,2459.35,6444.47,
1789042500000,2026-09-10T12:15:00.000Z,2459.35,2460.55,2454.21,2459.25,7361.55,
1789043400000,2026-09-10T12:30:00.000Z,2459.25,2466.79,2428.27,2436.05,60156.6,
1789044300000,2026-09-10T12:45:00.000Z,2436.05,2436.8,2405.65,2413.27,60413.62,
1789045200000,2026-09-10T13:00:00.000Z,2413.27,2423.49,2403.88,2409.44,27961.85,
1789046100000,2026-09-10T13:15:00.000Z,2409.44,2420,2408.05,2418.88,17683.19,
1789047000000,2026-09-10T13:30:00.000Z,2418.88,2428.85,2415.51,2423.69,11462.79,
1789047900000,2026-09-10T13:45:00.000Z,2423.69,2435.5,2423.05,2433.85,16564.61,
1789048800000,2026-09-10T14:00:00.000Z,2433.85,2439.99,2425.73,2430.5,13529.89,
1789049700000,2026-09-10T14:15:00.000Z,2430.5,2442.96,2427.01,2438.14,14010.42,
1789050600000,2026-09-10T14:30:00.000Z,2438.14,2441.84,2437.28,2438.99,4581.3,
1789051500000,2026-09-10T14:45:00.000Z,2438.99,2443.26,2435.97,2442.44,4344,
1789052400000,2026-09-10T15:00:00.000Z,2442.44,2443.66,2436.85,2440.77,3400.84,
1789053300000,2026-09-10T15:15:00.000Z,2440.77,2441.75,2430.75,2433.9,6328.53,
1789054200000,2026-09-10T15:30:00.000Z,2433.9,2442.74,2433.9,2436.8,6290.15,
1789055100000,2026-09-10T15:45:00.000Z,2436.8,2440.44,2434.26,2440.29,6777.49,
1789056000000,2026-09-10T16:00:00.000Z,2440.29,2442.79,2432.81,2436.2,7135.34,
1789056900000,2026-09-10T16:15:00.000Z,2436.2,2441.02,2431.4,2437.32,3415.05,
1789057800000,2026-09-10T16:30:00.000Z,2437.32,2440.48,2431.08,2439.3,4904.39,
1789058700000,2026-09-10T16:45:00.000Z,2439.3,2449.85,2439.3,2447.64,9214.34,
1789059600000,2026-09-10T17:00:00.000Z,2447.64,2453.66,2445.88,2452,11888.45,
1789060500000,2026-09-10T17:15:00.000Z,2452,2459.73,2451.1,2458.71,16611.55,
1789061400000,2026-09-10T17:30:00.000Z,2458.71,2473.98,2458.55,2465.47,35641.37,
1789062300000,2026-09-10T17:45:00.000Z,2465.47,2470.28,2462.63,2464.7,7806.02,
1789063200000,2026-09-10T18:00:00.000Z,2464.7,2465.99,2454.12,2455.13,13730.93,
1789064100000,2026-09-10T18:15:00.000Z,2455.13,2463.45,2453.16,2458.68,4648.76,
1789065000000,2026-09-10T18:30:00.000Z,2458.68,2463.2,2455.25,2461.8,3562.85,
1789065900000,2026-09-10T18:45:00.000Z,2461.8,2468.34,2458.69,2467.38,3540.93,
1789066800000,2026-09-10T19:00:00.000Z,2467.38,2467.68,2461.55,2463.73,3309.02,
1789067700000,2026-09-10T19:15:00.000Z,2463.73,2467.18,2461.5,2465.74,4715.09,
1789068600000,2026-09-10T19:30:00.000Z,2465.74,2470.99,2461.14,2468.61,8817.04,
1789069500000,2026-09-10T19:45:00.000Z,2468.61,2468.61,2459.41,2461.57,5776.11,
1789070400000,2026-09-10T20:00:00.000Z,2461.57,2467.5,2459.91,2467.5,2752.31,
1789071300000,2026-09-10T20:15:00.000Z,2467.5,2468,2463.98,2465.49,2884.98,
1789072200000,2026-09-10T20:30:00.000Z,2465.49,2465.62,2462.08,2463.57,923.55,
1789073100000,2026-09-10T20:45:00.000Z,2463.57,2464.19,2460.56,2460.61,1571.99,
1789074000000,2026-09-10T21:00:00.000Z,2460.61,2462.11,2459.16,2459.16,1862.15,
1789074900000,2026-09-10T21:15:00.000Z,2459.16,2460.85,2458.34,2460.73,1066.21,
1789075800000,2026-09-10T21:30:00.000Z,2460.73,2460.83,2456.43,2458.23,1815.21,
1789076700000,2026-09-10T21:45:00.000Z,2458.23,2461.9,2457.07,2459.25,664.28,
1789077600000,2026-09-10T22:00:00.000Z,2459.25,2461.1,2455.2,2457.79,2663.97,
1789078500000,2026-09-10T22:15:00.000Z,2457.79,2458.74,2452.37,2452.7,2282.31,
1789079400000,2026-09-10T22:30:00.000Z,2452.7,2454.52,2443.32,2445.52,9300.35,
1789080300000,2026-09-10T22:45:00.000Z,2445.52,2450.54,2442.07,2443.85,6645.12,
1789081200000,2026-09-10T23:00:00.000Z,2443.85,2446.49,2433.48,2435,14240.17,
1789082100000,2026-09-10T23:15:00.000Z,2435,2444.66,2433.08,2442.22,11616.34,
1789083000000,2026-09-10T23:30:00.000Z,2442.22,2443.75,2439.18,2440.56,3541.27,
1789083900000,2026-09-10T23:45:00.000Z,2440.56,2441.2,2435.05,2436.67,2963.03,
1789084800000,2026-09-11T00:00:00.000Z,2436.67,2449.34,2436.25,2447.67,6903.96,
1789085700000,2026-09-11T00:15:00.000Z,2447.67,2452.87,2446.11,2450.64,5718.48,
1789086600000,2026-09-11T00:30:00.000Z,2450.64,2451.8,2443.78,2449.34,4749.47,
1789087500000,2026-09-11T00:45:00.000Z,2449.34,2457.34,2449.1,2455.39,2736.87,
1789088400000,2026-09-11T01:00:00.000Z,2455.39,2459.2,2454.56,2454.85,3294.66,
1789089300000,2026-09-11T01:15:00.000Z,2454.85,2456.92,2448.83,2449.21,2987.28,
1789090200000,2026-09-11T01:30:00.000Z,2449.21,2453.32,2445.02,2450.76,5701.3,
1789091100000,2026-09-11T01:45:00.000Z,2450.76,2453.2,2447.94,2453.05,2103.63,
1789092000000,2026-09-11T02:00:00.000Z,2453.05,2454,2449.95,2453,2987.99,
1789092900000,2026-09-11T02:15:00.000Z,2453,2453,2444.44,2446.13,2140.75,
1789093800000,2026-09-11T02:30:00.000Z,2446.13,2449.1,2444.42,2447.26,1528.52,
1789094700000,2026-09-11T02:45:00.000Z,2447.26,2449.35,2443.22,2445.51,3840.21,
1789095600000,2026-09-11T03:00:00.000Z,2445.51,2447.16,2440.58,2446.76,2621.62,
1789096500000,2026-09-11T03:15:00.000Z,2446.76,2447.89,2439.82,2442.01,5886.71,
1789097400000,2026-09-11T03:30:00.000Z,2442.01,2446.05,2439.15,2445.87,1728.15,
1789098300000,2026-09-11T03:45:00.000Z,2445.87,2446,2441.77,2446,712.24,
1789099200000,2026-09-11T04:00:00.000Z,2446,2450.6,2445.44,2449.28,3702.39,
1789100100000,2026-09-11T04:15:00.000Z,2449.28,2461.41,2447.86,2460.69,9430.06,
1789101000000,2026-09-11T04:30:00.000Z,2460.69,2463.17,2455.02,2456.15,10277.65,
1789101900000,2026-09-11T04:45:00.000Z,2456.15,2459.15,2455.42,2458.1,3127.97,
1789102800000,2026-09-11T05:00:00.000Z,2458.1,2461.49,2456.57,2460.44,3178.88,
1789103700000,2026-09-11T05:15:00.000Z,2460.44,2460.68,2456.74,2457.9,5302.05,
1789104600000,2026-09-11T05:30:00.000Z,2457.9,2464.46,2457.06,2464.28,4734.83,
1789105500000,2026-09-11T05:45:00.000Z,2464.28,2467.7,2462.55,2467.7,4843.9,
1789106400000,2026-09-11T06:00:00.000Z,2467.7,2470,2465.67,2468.97,5247.96,
1789107300000,2026-09-11T06:15:00.000Z,2468.97,2469.69,2464.32,2465.53,4654.36,
1789108200000,2026-09-11T06:30:00.000Z,2465.53,2465.9,2462.17,2465.35,3782.77,
1789109100000,2026-09-11T06:45:00.000Z,2465.35,2466.98,2465.19,2465.85,1696.7,
1789110000000,2026-09-11T07:00:00.000Z,2465.85,2469.41,2465,2467.44,2739.52,
1789110900000,2026-09-11T07:15:00.000Z,2467.44,2472.44,2467.44,2467.61,7104.05,
1789111800000,2026-09-11T07:30:00.000Z,2467.61,2470.24,2465.64,2466.49,3757.89,
1789112700000,2026-09-11T07:45:00.000Z,2466.49,2467.75,2464.62,2466.16,2471.58,
1789113600000,2026-09-11T08:00:00.000Z,2466.16,2467.66,2462.16,2464.06,3184.95,
1789114500000,2026-09-11T08:15:00.000Z,2464.06,2475.68,2463.88,2473.19,9392.66,
1789115400000,2026-09-11T08:30:00.000Z,2473.19,2483.64,2473.15,2477.01,12317.3,
1789116300000,2026-09-11T08:45:00.000Z,2477.01,2477.98,2474.01,2475.55,3132.45,
1789117200000,2026-09-11T09:00:00.000Z,2475.55,2476.66,2472.34,2472.66,6188.37,
1789118100000,2026-09-11T09:15:00.000Z,2472.66,2474.27,2471.73,2471.8,2505.11,
1789119000000,2026-09-11T09:30:00.000Z,2471.8,2472.65,2460.58,2464.79,16221.5,
1789119900000,2026-09-11T09:45:00.000Z,2464.79,2469.48,2464.37,2468.25,3070.36,
1789120800000,2026-09-11T10:00:00.000Z,2468.25,2474.53,2464.09,2467.01,9697.5,
1789121700000,2026-09-11T10:15:00.000Z,2467.01,2468.54,2463.3,2463.92,2309.47,
1789122600000,2026-09-11T10:30:00.000Z,2463.92,2465.44,2461.39,2463.11,2439,
1789123500000,2026-09-11T10:45:00.000Z,2463.11,2464.72,2461.24,2461.25,2026.39,
1789124400000,2026-09-11T11:00:00.000Z,2461.25,2461.45,2451,2453.02,13376.82,
1789125300000,2026-09-11T11:15:00.000Z,2453.02,2458.32,2451.98,2455.25,9394.76,
1789126200000,2026-09-11T11:30:00.000Z,2455.25,2458.35,2453.16,2457.94,2589.23,
1789127100000,2026-09-11T11:45:00.000Z,2457.94,2459.69,2455,2457.25,2220.3,
1789128000000,2026-09-11T12:00:00.000Z,2457.25,2459.74,2449.49,2451.32,15044.29,
1789128900000,2026-09-11T12:15:00.000Z,2451.32,2478.77,2450.04,2463.75,28802.42,
1789129800000,2026-09-11T12:30:00.000Z,2463.75,2504.21,2432.1,2492.7,129359.92,
1789130700000,2026-09-11T12:45:00.000Z,2492.7,2514.58,2492.31,2509.99,51993.96,
1789131600000,2026-09-11T13:00:00.000Z,2509.99,2510.98,2493.51,2500.99,18157.97,
1789132500000,2026-09-11T13:15:00.000Z,2500.99,2510.3,2496.9,2499.5,10791.63,
1789133400000,2026-09-11T13:30:00.000Z,2499.5,2523.93,2489.1,2522.69,33587.17,
1789134300000,2026-09-11T13:45:00.000Z,2522.69,2647.82,2517.86,2628.92,205980.65,
1789135200000,2026-09-11T14:00:00.000Z,2628.92,2667.24,2597.73,2611.55,112686.2,
1789136100000,2026-09-11T14:15:00.000Z,2611.55,2623.64,2603.45,2617.53,23615.32,
1789137000000,2026-09-11T14:30:00.000Z,2617.53,2618.77,2600.63,2606.97,20488.3,
1789137900000,2026-09-11T14:45:00.000Z,2606.97,2612.76,2591.05,2606.64,16135.72,
1789138800000,2026-09-11T15:00:00.000Z,2606.64,2610.97,2598.32,2602.4,7858.53,
1789139700000,2026-09-11T15:15:00.000Z,2602.4,2616,2601.52,2610.14,7668.47,
1789140600000,2026-09-11T15:30:00.000Z,2610.14,2614.76,2606.25,2607.34,4771.99,
1789141500000,2026-09-11T15:45:00.000Z,2607.34,2609.77,2542.11,2558.01,72902.97,
1789142400000,2026-09-11T16:00:00.000Z,2558.01,2577.33,2556.01,2559.26,26072.01,
1789143300000,2026-09-11T16:15:00.000Z,2559.26,2566.84,2542.36,2563.39,28626.43,
1789144200000,2026-09-11T16:30:00.000Z,2563.39,2571.58,2558.07,2570.17,12099.16,
1789145100000,2026-09-11T16:45:00.000Z,2570.17,2582.97,2568.91,2576.09,13583.39,
1789146000000,2026-09-11T17:00:00.000Z,2576.09,2580.42,2568.85,2569.2,10021.87,
1789146900000,2026-09-11T17:15:00.000Z,2569.2,2578.39,2569.1,2574.72,3602.71,
1789147800000,2026-09-11T17:30:00.000Z,2574.72,2577.78,2565.8,2567.88,5297.74,
1789148700000,2026-09-11T17:45:00.000Z,2567.88,2571.81,2561.69,2565.07,6717.94,
1789149600000,2026-09-11T18:00:00.000Z,2565.07,2566.99,2527.34,2538.11,39740.81,
1789150500000,2026-09-11T18:15:00.000Z,2538.11,2548.25,2534.81,2543.2,11482.43,
1789151400000,2026-09-11T18:30:00.000Z,2543.2,2547.77,2539.01,2540.26,5165.22,
1789152300000,2026-09-11T18:45:00.000Z,2540.26,2550,2529.45,2536.14,9418.19,
1789153200000,2026-09-11T19:00:00.000Z,2536.14,2546.48,2531.49,2544.03,3979.37,
1789154100000,2026-09-11T19:15:00.000Z,2544.03,2548.02,2536.95,2544.42,6505.15,
1789155000000,2026-09-11T19:30:00.000Z,2544.42,2546,2540.15,2542.42,4956.15,
1789155900000,2026-09-11T19:45:00.000Z,2542.42,2542.82,2536.8,2538.28,3751.14,
1789156800000,2026-09-11T20:00:00.000Z,2538.28,2546.66,2536.71,2543.35,2548.5,
1789157700000,2026-09-11T20:15:00.000Z,2543.35,2543.59,2534.18,2535.46,3374.43,
1789158600000,2026-09-11T20:30:00.000Z,2535.46,2540.47,2523,2536,16248.8,
1789159500000,2026-09-11T20:45:00.000Z,2536,2536.59,2521.64,2529.29,7124.97,
1789160400000,2026-09-11T21:00:00.000Z,2529.29,2540.25,2528.81,2538.24,7983.53,
1789161300000,2026-09-11T21:15:00.000Z,2538.24,2539.43,2534.54,2534.62,1678.22,
1789162200000,2026-09-11T21:30:00.000Z,2534.62,2537.48,2532.81,2533.84,1213.47,
1789163100000,2026-09-11T21:45:00.000Z,2533.84,2534.64,2512,2515.1,20158.85,
1789164000000,2026-09-11T22:00:00.000Z,2515.1,2519.21,2504.21,2518.97,25570.74,
1789164900000,2026-09-11T22:15:00.000Z,2518.97,2522.68,2515.51,2516.84,7309.87,
1789165800000,2026-09-11T22:30:00.000Z,2516.84,2521.77,2508.73,2516.2,9983.92,
1789166700000,2026-09-11T22:45:00.000Z,2516.2,2516.2,2505.64,2510.32,20687.93,
1789167600000,2026-09-11T23:00:00.000Z,2510.32,2513.7,2507.75,2511.81,3482.45,
1789168500000,2026-09-11T23:15:00.000Z,2511.81,2514.06,2508.33,2510.73,1738.5,
1789169400000,2026-09-11T23:30:00.000Z,2510.73,2513.2,2509.83,2510,2516.74,
1789170300000,2026-09-11T23:45:00.000Z,2510,2515.43,2510,2515.42,3013.02,
1789171200000,2026-09-12T00:00:00.000Z,2515.42,2516.67,2510.34,2516.29,3107.13,
1789172100000,2026-09-12T00:15:00.000Z,2516.29,2516.5,2514.01,2514.14,1979.61,
1789173000000,2026-09-12T00:30:00.000Z,2514.14,2514.29,2511.52,2512.25,4187.69,
1789173900000,2026-09-12T00:45:00.000Z,2512.25,2513,2509.52,2509.63,2680.34,
1789174800000,2026-09-12T01:00:00.000Z,2509.63,2515.12,2508.2,2515.12,2452.28,
1789175700000,2026-09-12T01:15:00.000Z,2515.12,2516.19,2511,2513.05,2251.03,
1789176600000,2026-09-12T01:30:00.000Z,2513.05,2514.5,2510.58,2512.7,2818.32,
1789177500000,2026-09-12T01:45:00.000Z,2512.7,2515.9,2511.51,2512.94,6241.48,
1789178400000,2026-09-12T02:00:00.000Z,2512.94,2515,2511.55,2512.52,1772.27,
1789179300000,2026-09-12T02:15:00.000Z,2512.52,2514.33,2511.73,2513.31,584.01,
1789180200000,2026-09-12T02:30:00.000Z,2513.31,2514.87,2511.27,2512.5,2555.27,
1789181100000,2026-09-12T02:45:00.000Z,2512.5,2514.35,2511.36,2513.3,4260.72,
1789182000000,2026-09-12T03:00:00.000Z,2513.3,2514.87,2511,2512.76,3435.67,
1789182900000,2026-09-12T03:15:00.000Z,2512.76,2514.9,2508.38,2512.32,5287.51,
1789183800000,2026-09-12T03:30:00.000Z,2512.32,2512.89,2510.88,2511.89,529.69,
1789184700000,2026-09-12T03:45:00.000Z,2511.89,2512.7,2510.5,2512.05,1062.64,
1789185600000,2026-09-12T04:00:00.000Z,2512.05,2512.66,2511.45,2511.77,901.81,
1789186500000,2026-09-12T04:15:00.000Z,2511.77,2512.39,2508.79,2511,3130.11,
1789187400000,2026-09-12T04:30:00.000Z,2511,2514.05,2510.99,2512.01,1217.97,
1789188300000,2026-09-12T04:45:00.000Z,2512.01,2512.62,2510.9,2511.45,370.53,
1789189200000,2026-09-12T05:00:00.000Z,2511.45,2511.63,2509.32,2510.02,1034.99,
1789190100000,2026-09-12T05:15:00.000Z,2510.02,2511.56,2508.31,2508.56,2843.61,
1789191000000,2026-09-12T05:30:00.000Z,2508.56,2511.95,2507.6,2510.5,4148.34,
1789191900000,2026-09-12T05:45:00.000Z,2510.5,2511.74,2510.49,2510.6,1054.04,
1789192800000,2026-09-12T06:00:00.000Z,2510.6,2511.11,2509.15,2509.47,970.73,
1789193700000,2026-09-12T06:15:00.000Z,2509.47,2512,2509.37,2511.06,1086.61,
1789194600000,2026-09-12T06:30:00.000Z,2511.06,2517.93,2511.06,2517.61,4350.53,
1789195500000,2026-09-12T06:45:00.000Z,2517.61,2522.3,2517.09,2518.65,19571.48,
1789196400000,2026-09-12T07:00:00.000Z,2518.65,2524.03,2518.64,2523.25,2983.45,
1789197300000,2026-09-12T07:15:00.000Z,2523.25,2523.53,2521,2522.11,2849.61,
1789198200000,2026-09-12T07:30:00.000Z,2522.11,2522.41,2521.01,2522.02,852.02,
1789199100000,2026-09-12T07:45:00.000Z,2522.02,2523.5,2520.91,2522.93,1362,
1789200000000,2026-09-12T08:00:00.000Z,2522.93,2527.31,2522.08,2524.98,4068.9,
1789200900000,2026-09-12T08:15:00.000Z,2524.98,2529.32,2524.72,2528.03,10094.01,
1789201800000,2026-09-12T08:30:00.000Z,2528.03,2532.29,2526.55,2531.65,5198.1,
1789202700000,2026-09-12T08:45:00.000Z,2531.65,2535.54,2531.05,2532.23,5544.56,
1789203600000,2026-09-12T09:00:00.000Z,2532.23,2536,2530.85,2534.11,3874.54,
1789204500000,2026-09-12T09:15:00.000Z,2534.11,2536.03,2531.55,2534.73,5303.3,
1789205400000,2026-09-12T09:30:00.000Z,2534.73,2536.2,2530.59,2531.16,4987.63,
1789206300000,2026-09-12T09:45:00.000Z,2531.16,2531.95,2528.19,2530.1,4807.99,
1789207200000,2026-09-12T10:00:00.000Z,2530.1,2535.64,2530.02,2533.01,1594.37,
1789208100000,2026-09-12T10:15:00.000Z,2533.01,2533.12,2530.62,2531.02,914.38,
1789209000000,2026-09-12T10:30:00.000Z,2531.02,2532.5,2530.07,2532.13,629.31,
1789209900000,2026-09-12T10:45:00.000Z,2532.13,2533.84,2530.1,2532.5,3059.17,
1789210800000,2026-09-12T11:00:00.000Z,2532.5,2534.26,2530.16,2530.85,2224.21,
1789211700000,2026-09-12T11:15:00.000Z,2530.85,2531.89,2529.86,2531.69,922.92,
1789212600000,2026-09-12T11:30:00.000Z,2531.69,2535.94,2531.66,2535.72,1920.44,
1789213500000,2026-09-12T11:45:00.000Z,2535.72,2536.1,2534.25,2535.13,932.97,
1789214400000,2026-09-12T12:00:00.000Z,2535.13,2535.14,2532.54,2532.92,2222.47,
1789215300000,2026-09-12T12:15:00.000Z,2532.92,2534.16,2532.01,2532.51,1692.2,
1789216200000,2026-09-12T12:30:00.000Z,2532.51,2535.11,2532,2533.21,1270.22,
1789217100000,2026-09-12T12:45:00.000Z,2533.21,2535.07,2530.88,2534.54,2424.64,
1789218000000,2026-09-12T13:00:00.000Z,2534.54,2546.31,2532.2,2538.25,24028.98,
1789218900000,2026-09-12T13:15:00.000Z,2538.25,2540.99,2535.36,2539.75,5771.47,
1789219800000,2026-09-12T13:30:00.000Z,2539.75,2540.5,2536.46,2537.55,3183.1,
1789220700000,2026-09-12T13:45:00.000Z,2537.55,2546.13,2536.5,2543.67,6570.73,
1789221600000,2026-09-12T14:00:00.000Z,2543.67,2545.03,2539.6,2540.13,3300.72,
1789222500000,2026-09-12T14:15:00.000Z,2540.13,2543.09,2539.75,2541.53,3523.02,
1789223400000,2026-09-12T14:30:00.000Z,2541.53,2543.59,2538.1,2538.55,4379.62,
1789224300000,2026-09-12T14:45:00.000Z,2538.55,2540.83,2538.1,2539,2332.57,
1789225200000,2026-09-12T15:00:00.000Z,2539,2540.01,2535.9,2538.85,4623.06,
1789226100000,2026-09-12T15:15:00.000Z,2538.85,2541,2537.87,2538.93,4722.1,
1789227000000,2026-09-12T15:30:00.000Z,2538.93,2539.59,2530,2533.84,13235.02,
1789227900000,2026-09-12T15:45:00.000Z,2533.84,2535.16,2530.71,2533.93,4721.08,
1789228800000,2026-09-12T16:00:00.000Z,2533.93,2535.45,2531.25,2534.23,6088.22,
1789229700000,2026-09-12T16:15:00.000Z,2534.23,2534.75,2531.38,2531.69,2086.26,
1789230600000,2026-09-12T16:30:00.000Z,2531.69,2532.27,2529.5,2529.5,1070.25,
1789231500000,2026-09-12T16:45:00.000Z,2529.5,2532.33,2528.94,2530.7,3106.74,
1789232400000,2026-09-12T17:00:00.000Z,2530.7,2533.64,2529.88,2530.93,4235.55,
1789233300000,2026-09-12T17:15:00.000Z,2530.93,2532.79,2525.64,2526.74,3652.14,
1789234200000,2026-09-12T17:30:00.000Z,2526.74,2527,2522.92,2526.06,3339.88,
1789235100000,2026-09-12T17:45:00.000Z,2526.06,2526.07,2523.65,2525.01,1212.08,
1789236000000,2026-09-12T18:00:00.000Z,2525.01,2526.81,2522.5,2522.99,2454.23,
1789236900000,2026-09-12T18:15:00.000Z,2522.99,2526.59,2521.14,2524.1,5162.48,
1789237800000,2026-09-12T18:30:00.000Z,2524.1,2525.14,2520.06,2523.16,4638.75,
1789238700000,2026-09-12T18:45:00.000Z,2523.16,2523.72,2520,2521.71,1796.06,
1789239600000,2026-09-12T19:00:00.000Z,2521.71,2522,2518,2521.76,5554.68,
1789240500000,2026-09-12T19:15:00.000Z,2521.76,2521.77,2518.22,2518.83,2870.18,
1789241400000,2026-09-12T19:30:00.000Z,2518.83,2519.67,2513.91,2514.43,11323.9,
1789242300000,2026-09-12T19:45:00.000Z,2514.43,2518.8,2514.18,2518.15,2525.28,
1789243200000,2026-09-12T20:00:00.000Z,2518.15,2521.46,2518.15,2521.16,973.58,
1789244100000,2026-09-12T20:15:00.000Z,2521.16,2523.17,2519.4,2521.72,1321.51,
1789245000000,2026-09-12T20:30:00.000Z,2521.72,2522.45,2520,2521.28,3414.47,
1789245900000,2026-09-12T20:45:00.000Z,2521.28,2522.7,2519.12,2519.41,3080.95,
1789246800000,2026-09-12T21:00:00.000Z,2519.41,2527.88,2518.75,2524.97,7942.84,
1789247700000,2026-09-12T21:15:00.000Z,2524.97,2525.15,2522.1,2523.84,736.94,
1789248600000,2026-09-12T21:30:00.000Z,2523.84,2525.3,2523,2523.01,637.51,
1789249500000,2026-09-12T21:45:00.000Z,2523.01,2523.85,2521.22,2523.26,720.53,
1789250400000,2026-09-12T22:00:00.000Z,2523.26,2523.62,2520.5,2522.71,3956.86,
1789251300000,2026-09-12T22:15:00.000Z,2522.71,2525.41,2520.07,2520.07,1858.02,
1789252200000,2026-09-12T22:30:00.000Z,2520.07,2522.08,2519.31,2520.49,1831.09,
1789253100000,2026-09-12T22:45:00.000Z,2520.49,2522.54,2520.48,2521.88,537.39,
1789254000000,2026-09-12T23:00:00.000Z,2521.88,2523.76,2521.21,2523.62,549.24,
1789254900000,2026-09-12T23:15:00.000Z,2523.62,2524.2,2522.78,2523.51,704.23,
1789255800000,2026-09-12T23:30:00.000Z,2523.51,2524.49,2522.79,2524.05,644.35,
1789256700000,2026-09-12T23:45:00.000Z,2524.05,2525.8,2524.05,2524.99,1341.84,
1789257600000,2026-09-13T00:00:00.000Z,2524.99,2526.4,2523.79,2523.79,1197.5,
1789258500000,2026-09-13T00:15:00.000Z,2523.79,2525.98,2523.75,2524.38,794.13,
1789259400000,2026-09-13T00:30:00.000Z,2524.38,2525.19,2522.2,2523,851.26,
1789260300000,2026-09-13T00:45:00.000Z,2523,2525,2523,2524.12,344.53,
1789261200000,2026-09-13T01:00:00.000Z,2524.12,2525.33,2522.61,2523.97,2920.03,
1789262100000,2026-09-13T01:15:00.000Z,2523.97,2526.91,2522.64,2523.75,6143.52,
1789263000000,2026-09-13T01:30:00.000Z,2523.75,2525.14,2521.63,2524.47,2858.35,
1789263900000,2026-09-13T01:45:00.000Z,2524.47,2525.93,2523.74,2525,567.34,
1789264800000,2026-09-13T02:00:00.000Z,2525,2525,2522,2522.03,675.11,
1789265700000,2026-09-13T02:15:00.000Z,2522.03,2522.68,2520.93,2521.48,1060.93,
1789266600000,2026-09-13T02:30:00.000Z,2521.48,2522.68,2520.22,2522.44,5110.6,
1789267500000,2026-09-13T02:45:00.000Z,2522.44,2523.07,2520.53,2520.88,3091.66,
1789268400000,2026-09-13T03:00:00.000Z,2520.88,2522.13,2519.27,2519.8,3843.13,
1789269300000,2026-09-13T03:15:00.000Z,2519.8,2521.67,2519.07,2519.92,1430.02,
1789270200000,2026-09-13T03:30:00.000Z,2519.92,2521.21,2518.05,2521.1,1810.72,
1789271100000,2026-09-13T03:45:00.000Z,2521.1,2521.92,2519.05,2520.11,3042.19,
1789272000000,2026-09-13T04:00:00.000Z,2520.11,2522.52,2519.75,2520.84,3948.42,
1789272900000,2026-09-13T04:15:00.000Z,2520.84,2522.73,2520.84,2522.1,497.61,
1789273800000,2026-09-13T04:30:00.000Z,2522.1,2522.11,2518.31,2519.14,2226.58,
1789274700000,2026-09-13T04:45:00.000Z,2519.14,2520,2518.9,2519.49,487.63,
1789275600000,2026-09-13T05:00:00.000Z,2519.49,2521.75,2519.3,2521.33,458.12,
1789276500000,2026-09-13T05:15:00.000Z,2521.33,2522.28,2520.43,2521.8,1311.66,
1789277400000,2026-09-13T05:30:00.000Z,2521.8,2523.48,2521.8,2522.56,871.91,
1789278300000,2026-09-13T05:45:00.000Z,2522.56,2524.24,2520.88,2521.71,4190.9,
1789279200000,2026-09-13T06:00:00.000Z,2521.71,2522.09,2521.17,2521.65,563.43,
1789280100000,2026-09-13T06:15:00.000Z,2521.65,2521.87,2520.06,2520.84,555.26,
1789281000000,2026-09-13T06:30:00.000Z,2520.84,2520.84,2517.36,2518.66,1646.63,
1789281900000,2026-09-13T06:45:00.000Z,2518.66,2518.66,2508.43,2511.99,13506.63,
1789282800000,2026-09-13T07:00:00.000Z,2511.99,2514.6,2511,2513.97,2770.88,
1789283700000,2026-09-13T07:15:00.000Z,2513.97,2514.9,2512.47,2514.71,1475.49,
1789284600000,2026-09-13T07:30:00.000Z,2514.71,2519.48,2513.15,2518.82,6553.34,
1789285500000,2026-09-13T07:45:00.000Z,2518.82,2519.26,2516.15,2517.02,4048.68,
1789286400000,2026-09-13T08:00:00.000Z,2517.02,2518.92,2511.72,2514.5,5948.22,
1789287300000,2026-09-13T08:15:00.000Z,2514.5,2514.5,2509.4,2509.56,5348.47,
1789288200000,2026-09-13T08:30:00.000Z,2509.56,2509.56,2486.67,2492.45,44575.75,
1789289100000,2026-09-13T08:45:00.000Z,2492.45,2496.02,2491.25,2493.72,5562.44,
1789290000000,2026-09-13T09:00:00.000Z,2493.72,2497.41,2492.16,2492.27,3689.31,
1789290900000,2026-09-13T09:15:00.000Z,2492.27,2494.47,2472.72,2480.78,31126.88,
1789291800000,2026-09-13T09:30:00.000Z,2480.78,2484.27,2469.01,2480.05,32232.78,
1789292700000,2026-09-13T09:45:00.000Z,2480.05,2485.39,2479.09,2484.48,5973.18,
1789293600000,2026-09-13T10:00:00.000Z,2484.48,2485.86,2481.57,2482.87,3888.69,
1789294500000,2026-09-13T10:15:00.000Z,2482.87,2483.68,2479,2479.35,4719.94,
1789295400000,2026-09-13T10:30:00.000Z,2479.35,2483,2471.99,2473.91,13599.05,
1789296300000,2026-09-13T10:45:00.000Z,2473.91,2477.93,2468.01,2471.51,12901.38,
1789297200000,2026-09-13T11:00:00.000Z,2471.51,2477.19,2466.34,2469,9353.68,
1789298100000,2026-09-13T11:15:00.000Z,2469,2475.59,2468.94,2474.27,3398.71,
1789299000000,2026-09-13T11:30:00.000Z,2474.27,2479.4,2472.62,2479.4,4637.16,
1789299900000,2026-09-13T11:45:00.000Z,2479.4,2481.54,2478.3,2480.18,3647.73,
1789300800000,2026-09-13T12:00:00.000Z,2480.18,2481.37,2478,2481.01,7139.17,
1789301700000,2026-09-13T12:15:00.000Z,2481.01,2482.87,2479.73,2479.93,3765.11,
1789302600000,2026-09-13T12:30:00.000Z,2479.93,2481.81,2474.29,2475.27,6765.33,
1789303500000,2026-09-13T12:45:00.000Z,2475.27,2478.15,2474.47,2477.02,4195.14,
1789304400000,2026-09-13T13:00:00.000Z,2477.02,2477.48,2472.5,2476.8,7053.64,
1789305300000,2026-09-13T13:15:00.000Z,2476.8,2476.8,2460.2,2466.2,22735.7,
1789306200000,2026-09-13T13:30:00.000Z,2466.2,2476.09,2465.93,2475.31,12094.71,
1789307100000,2026-09-13T13:45:00.000Z,2475.31,2483.44,2475.3,2478.62,8572.42,
1789308000000,2026-09-13T14:00:00.000Z,2478.62,2484.72,2478.17,2484.45,9689.38,
1789308900000,2026-09-13T14:15:00.000Z,2484.45,2492,2484.45,2490.02,12066.69,
1789309800000,2026-09-13T14:30:00.000Z,2490.02,2494.43,2488.34,2492,7291.27,
1789310700000,2026-09-13T14:45:00.000Z,2492,2494.98,2489.02,2491.8,5739.34,
1789311600000,2026-09-13T15:00:00.000Z,2491.8,2491.99,2484.21,2486.88,5456.86,
1789312500000,2026-09-13T15:15:00.000Z,2486.88,2491.25,2481.26,2485.75,4188.24,
1789313400000,2026-09-13T15:30:00.000Z,2485.75,2490.25,2485.74,2489.58,965.51,
1789314300000,2026-09-13T15:45:00.000Z,2489.58,2490.85,2488.35,2489.85,1209.76,
1789315200000,2026-09-13T16:00:00.000Z,2489.85,2504.65,2489.36,2499.99,14378.99,
1789316100000,2026-09-13T16:15:00.000Z,2499.99,2503,2497.5,2501.84,3748.87,
1789317000000,2026-09-13T16:30:00.000Z,2501.84,2504.11,2499.05,2503.1,3471.19,
1789317900000,2026-09-13T16:45:00.000Z,2503.1,2505.3,2501.16,2503.54,2438.6,
1789318800000,2026-09-13T17:00:00.000Z,2503.54,2512.4,2503.21,2508.38,10196.34,
1789319700000,2026-09-13T17:15:00.000Z,2508.38,2510,2504.51,2504.92,6605.65,
1789320600000,2026-09-13T17:30:00.000Z,2504.92,2505.3,2502.5,2503.13,2613.24,
1789321500000,2026-09-13T17:45:00.000Z,2503.13,2505.55,2503.13,2504.24,680.68,
1789322400000,2026-09-13T18:00:00.000Z,2504.24,2506.07,2503.67,2505.71,965.93,
1789323300000,2026-09-13T18:15:00.000Z,2505.71,2508.25,2504.86,2505.47,2116.04,
1789324200000,2026-09-13T18:30:00.000Z,2505.47,2508.5,2505.42,2507.71,1079.45,
1789325100000,2026-09-13T18:45:00.000Z,2507.71,2509.13,2507.54,2508.68,1447.73,
1789326000000,2026-09-13T19:00:00.000Z,2508.68,2515.11,2507.87,2508.27,5946.43,
1789326900000,2026-09-13T19:15:00.000Z,2508.27,2509.61,2505.5,2507.09,3092.04,
1789327800000,2026-09-13T19:30:00.000Z,2507.09,2507.09,2502.4,2504.7,3497.45,
1789328700000,2026-09-13T19:45:00.000Z,2504.7,2505.42,2503.6,2505.24,1107.97,
1789329600000,2026-09-13T20:00:00.000Z,2505.24,2507,2505.24,2507,1155.91,
1789330500000,2026-09-13T20:15:00.000Z,2507,2509.82,2506.66,2509.25,1366.35,
1789331400000,2026-09-13T20:30:00.000Z,2509.25,2511.94,2508.14,2510.98,3563.61,
1789332300000,2026-09-13T20:45:00.000Z,2510.98,2514.29,2510.98,2512.16,1914.8,
1789333200000,2026-09-13T21:00:00.000Z,2512.16,2515.26,2510.64,2513.83,1922.94,
1789334100000,2026-09-13T21:15:00.000Z,2513.83,2515.84,2512.32,2512.58,3570.38,
1789335000000,2026-09-13T21:30:00.000Z,2512.58,2512.79,2509.4,2511.25,4491.25,
1789335900000,2026-09-13T21:45:00.000Z,2511.25,2511.25,2507.55,2507.99,2061.07,
1789336800000,2026-09-13T22:00:00.000Z,2507.99,2507.99,2481.83,2487.15,32613.27,
1789337700000,2026-09-13T22:15:00.000Z,2487.15,2487.21,2473.26,2480.39,14789.93,
1789338600000,2026-09-13T22:30:00.000Z,2480.39,2482.55,2472.29,2473.66,6003.82,
1789339500000,2026-09-13T22:45:00.000Z,2473.66,2479.98,2471.23,2474.32,4402.32,
1789340400000,2026-09-13T23:00:00.000Z,2474.32,2479.34,2472.13,2473.74,8190.69,
1789341300000,2026-09-13T23:15:00.000Z,2473.74,2477.07,2469.11,2473.77,5643.36,
1789342200000,2026-09-13T23:30:00.000Z,2473.77,2480.46,2473.32,2475.09,6581.75,
1789343100000,2026-09-13T23:45:00.000Z,2475.09,2477.25,2472.36,2475.9,1534.96,
1789344000000,2026-09-14T00:00:00.000Z,2475.9,2491,2475.01,2484.65,14688.86,
1789344900000,2026-09-14T00:15:00.000Z,2484.65,2486.4,2462.5,2468.12,14197.06,
1789345800000,2026-09-14T00:30:00.000Z,2468.12,2484.99,2466.72,2481.85,8340.18,
1789346700000,2026-09-14T00:45:00.000Z,2481.85,2485.46,2481.01,2483.21,3817.35,
1789347600000,2026-09-14T01:00:00.000Z,2483.21,2487.07,2479.01,2480.58,2967.67,
1789348500000,2026-09-14T01:15:00.000Z,2480.58,2486.11,2475.01,2482.86,5209.85,
1789349400000,2026-09-14T01:30:00.000Z,2482.86,2485.38,2472.5,2480.35,4928.82,
1789350300000,2026-09-14T01:45:00.000Z,2480.35,2495.43,2478.72,2492.33,10372.75,
1789351200000,2026-09-14T02:00:00.000Z,2492.33,2505.17,2489.79,2503.5,10708.34,
1789352100000,2026-09-14T02:15:00.000Z,2503.5,2509.97,2497.8,2504.17,10882.03,
1789353000000,2026-09-14T02:30:00.000Z,2504.17,2508.87,2499,2502.81,6569.18,
1789353900000,2026-09-14T02:45:00.000Z,2502.81,2512.64,2502.81,2510,9917.56,
1789354800000,2026-09-14T03:00:00.000Z,2510,2519.28,2509.67,2517.3,12067.44,
1789355700000,2026-09-14T03:15:00.000Z,2517.3,2518.66,2514.22,2515.5,7461.93,
1789356600000,2026-09-14T03:30:00.000Z,2515.5,2515.5,2505.9,2508.47,16054.97,
1789357500000,2026-09-14T03:45:00.000Z,2508.47,2511.99,2508.25,2511.85,3402.92,
1789358400000,2026-09-14T04:00:00.000Z,2511.85,2514.58,2510.13,2510.95,2653.01,
1789359300000,2026-09-14T04:15:00.000Z,2510.95,2517.38,2509.78,2513.1,6092.56,
1789360200000,2026-09-14T04:30:00.000Z,2513.1,2516.46,2510.35,2514.81,3316.08,
1789361100000,2026-09-14T04:45:00.000Z,2514.81,2517,2511.88,2513.72,4169.19,
1789362000000,2026-09-14T05:00:00.000Z,2513.72,2514.77,2510.02,2514,1716.27,
1789362900000,2026-09-14T05:15:00.000Z,2514,2514.22,2509.65,2510.19,2182,
1789363800000,2026-09-14T05:30:00.000Z,2510.19,2514.74,2509.09,2513.23,2910,
1789364700000,2026-09-14T05:45:00.000Z,2513.23,2515.5,2509.6,2515.5,1127.09,
1789365600000,2026-09-14T06:00:00.000Z,2515.5,2526.69,2514.06,2521.9,17057.59,
1789366500000,2026-09-14T06:15:00.000Z,2521.9,2522.78,2513.4,2513.49,4421.92,
1789367400000,2026-09-14T06:30:00.000Z,2513.49,2521.56,2506.51,2519.84,15527.64,
1789368300000,2026-09-14T06:45:00.000Z,2519.84,2520.25,2513.48,2513.87,3426.04,
1789369200000,2026-09-14T07:00:00.000Z,2513.87,2518.98,2510.03,2518.87,5018.18,
1789370100000,2026-09-14T07:15:00.000Z,2518.87,2523.18,2518.21,2519.19,5279.15,
1789371000000,2026-09-14T07:30:00.000Z,2519.19,2525.8,2517.14,2524.1,4633.07,
1789371900000,2026-09-14T07:45:00.000Z,2524.1,2524.29,2519.1,2522.2,3298.19,
1789372800000,2026-09-14T08:00:00.000Z,2522.2,2529,2515.21,2520.99,13789.64,
1789373700000,2026-09-14T08:15:00.000Z,2520.99,2532.69,2517.8,2520.6,14366.36,
1789374600000,2026-09-14T08:30:00.000Z,2520.6,2523.89,2518.68,2521.21,2241.93,
1789375500000,2026-09-14T08:45:00.000Z,2521.21,2521.38,2514.55,2517.53,3251.78,
1789376400000,2026-09-14T09:00:00.000Z,2517.53,2519.64,2513,2514.25,3796.65,
1789377300000,2026-09-14T09:15:00.000Z,2514.25,2518.5,2510,2518.49,13123.24,
1789378200000,2026-09-14T09:30:00.000Z,2518.49,2524.14,2517.66,2520.8,6515.18,
1789379100000,2026-09-14T09:45:00.000Z,2520.8,2534.5,2520.63,2522.89,16194.51,
1789380000000,2026-09-14T10:00:00.000Z,2522.89,2524.75,2517.57,2519.01,5011.18,
1789380900000,2026-09-14T10:15:00.000Z,2519.01,2519.98,2515.25,2516.27,3663.75,
1789381800000,2026-09-14T10:30:00.000Z,2516.27,2517.61,2514.67,2516.28,3437.96,
1789382700000,2026-09-14T10:45:00.000Z,2516.28,2518.55,2512.03,2512.29,4416.89,
1789383600000,2026-09-14T11:00:00.000Z,2512.29,2514.28,2506.24,2510.94,11079.67,
1789384500000,2026-09-14T11:15:00.000Z,2510.94,2515.4,2510.56,2514.82,2356.3,
1789385400000,2026-09-14T11:30:00.000Z,2514.82,2515.96,2509.99,2511.74,4299.58,
1789386300000,2026-09-14T11:45:00.000Z,2511.74,2512.07,2504.4,2508.5,5461.54,
1789387200000,2026-09-14T12:00:00.000Z,2508.5,2511.6,2505.52,2510.93,2910.59,
1789388100000,2026-09-14T12:15:00.000Z,2510.93,2515.25,2510.07,2514.89,4594,
1789389000000,2026-09-14T12:30:00.000Z,2514.89,2517.59,2505.01,2511.35,9602.95,
1789389900000,2026-09-14T12:45:00.000Z,2511.35,2513.1,2502.14,2504.45,9641.91,
1789390800000,2026-09-14T13:00:00.000Z,2504.45,2504.55,2486.64,2497.51,22485.47,
1789391700000,2026-09-14T13:15:00.000Z,2497.51,2504.06,2497.51,2503.22,5449.46,
1789392600000,2026-09-14T13:30:00.000Z,2503.22,2517.11,2494.81,2507.75,35958.1,
1789393500000,2026-09-14T13:45:00.000Z,2507.75,2515.39,2495.01,2499.75,13015.28,
1789394400000,2026-09-14T14:00:00.000Z,2499.75,2514.54,2499.07,2513.32,9759.08,
1789395300000,2026-09-14T14:15:00.000Z,2513.32,2516,2493.14,2504.11,17875.74,
1789396200000,2026-09-14T14:30:00.000Z,2504.11,2511.99,2495.29,2498.86,19223.08,
1789397100000,2026-09-14T14:45:00.000Z,2498.86,2508.5,2498.35,2500.45,10834.37,
1789398000000,2026-09-14T15:00:00.000Z,2500.45,2508.74,2495.02,2503.1,7685.27,
1789398900000,2026-09-14T15:15:00.000Z,2503.1,2507.19,2498.42,2499.74,4350.01,
1789399800000,2026-09-14T15:30:00.000Z,2499.74,2512,2497.23,2509.25,12973.07,
1789400700000,2026-09-14T15:45:00.000Z,2509.25,2510.54,2502.71,2507.65,5787.51,
1789401600000,2026-09-14T16:00:00.000Z,2507.65,2509.18,2503.01,2506.81,3863.45,
1789402500000,2026-09-14T16:15:00.000Z,2506.81,2532,2506.75,2520.54,36203.13,
1789403400000,2026-09-14T16:30:00.000Z,2520.54,2525.68,2519.49,2521.41,9995.51,
1789404300000,2026-09-14T16:45:00.000Z,2521.41,2536.89,2521.41,2527.98,14521.43,
1789405200000,2026-09-14T17:00:00.000Z,2527.98,2532.41,2524.07,2531.8,5009.26,
1789406100000,2026-09-14T17:15:00.000Z,2531.8,2534.66,2528,2529.29,4060.98,
1789407000000,2026-09-14T17:30:00.000Z,2529.29,2529.53,2520.6,2525.49,8877.09,
1789407900000,2026-09-14T17:45:00.000Z,2525.49,2534.35,2524.88,2532.11,5822.99,
1789408800000,2026-09-14T18:00:00.000Z,2532.11,2535.61,2529.3,2529.75,4735.5,
1789409700000,2026-09-14T18:15:00.000Z,2529.75,2538.75,2528.42,2538.49,5187.82,
1789410600000,2026-09-14T18:30:00.000Z,2538.49,2542,2533.33,2538.05,9587.99,
1789411500000,2026-09-14T18:45:00.000Z,2538.05,2543.14,2535.33,2537.52,6865.52,
1789412400000,2026-09-14T19:00:00.000Z,2537.52,2538.89,2532.7,2537.53,4301.43,
1789413300000,2026-09-14T19:15:00.000Z,2537.53,2547.7,2536.49,2543.63,16311.8,
1789414200000,2026-09-14T19:30:00.000Z,2543.63,2544.41,2534.51,2542.75,7068.7,
1789415100000,2026-09-14T19:45:00.000Z,2542.75,2544.49,2537.6,2538.25,2503.79,
1789416000000,2026-09-14T20:00:00.000Z,2538.25,2572.77,2538.25,2564.22,34481.25,
1789416900000,2026-09-14T20:15:00.000Z,2564.22,2614.7,2564.22,2598.38,55657.68,
1789417800000,2026-09-14T20:30:00.000Z,2598.38,2601.77,2585.19,2586.69,10541.82,
1789418700000,2026-09-14T20:45:00.000Z,2586.69,2591.66,2566.14,2569.76,15890.77,
1789419600000,2026-09-14T21:00:00.000Z,2569.76,2570.96,2537.06,2550.72,29905.74,
1789420500000,2026-09-14T21:15:00.000Z,2550.72,2559.36,2546.94,2554.77,10822.54,
1789421400000,2026-09-14T21:30:00.000Z,2554.77,2558.86,2542,2546.47,8348.45,
1789422300000,2026-09-14T21:45:00.000Z,2546.47,2549.6,2544.2,2546,4349.11,
1789423200000,2026-09-14T22:00:00.000Z,2546,2555.99,2541.15,2553.53,6208.74,
1789424100000,2026-09-14T22:15:00.000Z,2553.53,2554.44,2540.64,2544.11,8380.64,
1789425000000,2026-09-14T22:30:00.000Z,2544.11,2544.12,2535.33,2538.36,9695.03,
1789425900000,2026-09-14T22:45:00.000Z,2538.36,2538.36,2531.47,2532.35,5674.7,
1789426800000,2026-09-14T23:00:00.000Z,2532.35,2533.97,2523,2523.74,12168.32,
1789427700000,2026-09-14T23:15:00.000Z,2523.74,2526.01,2521.62,2523.96,8397.72,
1789428600000,2026-09-14T23:30:00.000Z,2523.96,2524.04,2513.36,2518.51,8617.91,
1789429500000,2026-09-14T23:45:00.000Z,2518.51,2518.51,2511.71,2514.45,5939.95,
1789430400000,2026-09-15T00:00:00.000Z,2514.45,2516.5,2509.51,2511.61,6566.86,
1789431300000,2026-09-15T00:15:00.000Z,2511.61,2511.86,2505.18,2509.19,8475.46,
1789432200000,2026-09-15T00:30:00.000Z,2509.19,2515.89,2508.64,2513,10001.22,
1789433100000,2026-09-15T00:45:00.000Z,2513,2516.04,2511.8,2515.1,7617.96,
1789434000000,2026-09-15T01:00:00.000Z,2515.1,2515.68,2506.92,2511.03,5122.89,
1789434900000,2026-09-15T01:15:00.000Z,2511.03,2517.55,2507.32,2510.26,6846.8,
1789435800000,2026-09-15T01:30:00.000Z,2510.26,2516.07,2509,2515.75,3302.55,
1789436700000,2026-09-15T01:45:00.000Z,2515.75,2518.8,2512.65,2514.83,5695.8,
1789437600000,2026-09-15T02:00:00.000Z,2514.83,2519.05,2513.34,2517.05,4284.1,
1789438500000,2026-09-15T02:15:00.000Z,2517.05,2518.93,2515,2515.8,1391.69,
1789439400000,2026-09-15T02:30:00.000Z,2515.8,2516.92,2510,2511.58,6038.45,
1789440300000,2026-09-15T02:45:00.000Z,2511.58,2512.49,2508.32,2511.34,5838.33,
1789441200000,2026-09-15T03:00:00.000Z,2511.34,2511.34,2493.98,2497.36,38329.65,
1789442100000,2026-09-15T03:15:00.000Z,2497.36,2501.75,2495.55,2501.75,4719.09,
1789443000000,2026-09-15T03:30:00.000Z,2501.75,2504.75,2500.19,2503.03,3416.25,
1789443900000,2026-09-15T03:45:00.000Z,2503.03,2504.12,2495.06,2497.46,13325.39,
1789444800000,2026-09-15T04:00:00.000Z,2497.46,2499.18,2494,2496.96,8884.79,
1789445700000,2026-09-15T04:15:00.000Z,2496.96,2498.89,2491.5,2492.49,7918.5,
1789446600000,2026-09-15T04:30:00.000Z,2492.49,2494,2488.02,2492.88,10340.53,
1789447500000,2026-09-15T04:45:00.000Z,2492.88,2493,2489.1,2489.16,3968.89,
1789448400000,2026-09-15T05:00:00.000Z,2489.16,2492.77,2476.83,2482.45,23571.82,
1789449300000,2026-09-15T05:15:00.000Z,2482.45,2488.89,2477.7,2487.06,12351.89,
1789450200000,2026-09-15T05:30:00.000Z,2487.06,2489.56,2484.37,2489.38,4156.53,
1789451100000,2026-09-15T05:45:00.000Z,2489.38,2496.88,2489.14,2494.99,12168.81,
1789452000000,2026-09-15T06:00:00.000Z,2494.99,2499.86,2494.78,2495.14,9572.26,
1789452900000,2026-09-15T06:15:00.000Z,2495.14,2495.14,2487.14,2487.81,11564.24,
1789453800000,2026-09-15T06:30:00.000Z,2487.81,2489.96,2486,2488.84,5202.8,
1789454700000,2026-09-15T06:45:00.000Z,2488.84,2489.46,2480.04,2484.83,9812.16,
1789455600000,2026-09-15T07:00:00.000Z,2484.83,2484.88,2477.77,2479.74,15217.74,
1789456500000,2026-09-15T07:15:00.000Z,2479.74,2483.41,2475.95,2482.41,12837.16,
1789457400000,2026-09-15T07:30:00.000Z,2482.41,2482.42,2473.67,2476.76,26025.03,
1789458300000,2026-09-15T07:45:00.000Z,2476.76,2481.16,2468.95,2472.87,13503.4,
1789459200000,2026-09-15T08:00:00.000Z,2472.87,2473.2,2463.51,2470.64,12729.66,
1789460100000,2026-09-15T08:15:00.000Z,2470.64,2473.4,2465.78,2471.45,5901.3,
1789461000000,2026-09-15T08:30:00.000Z,2471.45,2473.68,2469.18,2472.02,4662.56,
1789461900000,2026-09-15T08:45:00.000Z,2472.02,2477.2,2471.77,2476.07,6914.42,
1789462800000,2026-09-15T09:00:00.000Z,2476.07,2476.2,2472,2472.97,2093.94,
1789463700000,2026-09-15T09:15:00.000Z,2472.97,2474.89,2472.25,2474.27,1879,
1789464600000,2026-09-15T09:30:00.000Z,2474.27,2476.75,2473.07,2475.27,6077.04,
1789465500000,2026-09-15T09:45:00.000Z,2475.27,2479.93,2472.5,2473.38,4609.71,
1789466400000,2026-09-15T10:00:00.000Z,2473.38,2478.15,2470.64,2474.19,7478.23,
1789467300000,2026-09-15T10:15:00.000Z,2474.19,2476.75,2473.07,2473.15,1620.51,
1789468200000,2026-09-15T10:30:00.000Z,2473.15,2478.72,2472.57,2478,2693.55,
1789469100000,2026-09-15T10:45:00.000Z,2478,2485.49,2477.87,2482.61,10357.72,
1789470000000,2026-09-15T11:00:00.000Z,2482.61,2487.43,2480.67,2481.56,7403.1,
1789470900000,2026-09-15T11:15:00.000Z,2481.56,2484.73,2478.99,2479.38,3434.83,
1789471800000,2026-09-15T11:30:00.000Z,2479.38,2480.29,2472.23,2474.49,10423.53,
1789472700000,2026-09-15T11:45:00.000Z,2474.49,2476.19,2471.63,2475.22,3993.95,
1789473600000,2026-09-15T12:00:00.000Z,2475.22,2480.7,2474.06,2479.46,4445.18,
1789474500000,2026-09-15T12:15:00.000Z,2479.46,2480.84,2476.42,2478.29,4134.96,
1789475400000,2026-09-15T12:30:00.000Z,2478.29,2478.8,2474.28,2475.37,7978.48,
1789476300000,2026-09-15T12:45:00.000Z,2475.37,2485.36,2474.09,2478.2,7195.02,
1789477200000,2026-09-15T13:00:00.000Z,2478.2,2486,2476,2477.57,4493.73,
1789478100000,2026-09-15T13:15:00.000Z,2477.57,2479.02,2476.5,2477.71,1668.84,
1789479000000,2026-09-15T13:30:00.000Z,2477.71,2477.71,2430.06,2448.95,110082.88,
1789479900000,2026-09-15T13:45:00.000Z,2448.95,2452.73,2438.07,2452.64,23813.81,
1789480800000,2026-09-15T14:00:00.000Z,2452.64,2456.81,2444.17,2445.28,16028.71,
1789481700000,2026-09-15T14:15:00.000Z,2445.28,2448.58,2433.49,2437.72,16470.18,
1789482600000,2026-09-15T14:30:00.000Z,2437.72,2437.72,2409.07,2415.16,60801.29,
1789483500000,2026-09-15T14:45:00.000Z,2415.16,2416.74,2387.03,2406.5,68938.88,
1789484400000,2026-09-15T15:00:00.000Z,2406.5,2413.05,2395.96,2411.5,25384.49,
1789485300000,2026-09-15T15:15:00.000Z,2411.5,2428.72,2409,2424,28155.71,
1789486200000,2026-09-15T15:30:00.000Z,2424,2430.13,2421.59,2426.01,11578.09,
1789487100000,2026-09-15T15:45:00.000Z,2426.01,2431.93,2421.11,2423,14537.88,
1789488000000,2026-09-15T16:00:00.000Z,2423,2424.26,2411.17,2412.5,20204.47,
1789488900000,2026-09-15T16:15:00.000Z,2412.5,2424.28,2412.5,2423.14,5404.02,
1789489800000,2026-09-15T16:30:00.000Z,2423.14,2424.31,2416.16,2418.99,4294.24,
1789490700000,2026-09-15T16:45:00.000Z,2418.99,2424.82,2418.55,2420.91,3128.9,
1789491600000,2026-09-15T17:00:00.000Z,2420.91,2422.68,2411.07,2415.5,8992.86,
1789492500000,2026-09-15T17:15:00.000Z,2415.5,2424.46,2413.82,2423.75,4334.47,
1789493400000,2026-09-15T17:30:00.000Z,2423.75,2448,2422.15,2428.37,27250.2,
1789494300000,2026-09-15T17:45:00.000Z,2428.37,2444.47,2428.37,2440.04,10033.98,
1789495200000,2026-09-15T18:00:00.000Z,2440.04,2442,2432.35,2434.82,7190.68,
1789496100000,2026-09-15T18:15:00.000Z,2434.82,2446.32,2420.97,2434.68,22851.82,
1789497000000,2026-09-15T18:30:00.000Z,2434.68,2435.97,2370.28,2385.92,92271.97,
1789497900000,2026-09-15T18:45:00.000Z,2385.92,2416.29,2356.53,2401.59,96821.1,
1789498800000,2026-09-15T19:00:00.000Z,2401.59,2412.63,2396.2,2403.78,15393.07,
1789499700000,2026-09-15T19:15:00.000Z,2403.78,2418.96,2400.49,2403.25,21579.11,
1789500600000,2026-09-15T19:30:00.000Z,2403.25,2408.76,2398,2402.75,8588.45,
1789501500000,2026-09-15T19:45:00.000Z,2402.75,2415.55,2401.87,2415.49,8410.44,
1789502400000,2026-09-15T20:00:00.000Z,2415.49,2417.34,2404.41,2408.75,8017.37,
1789503300000,2026-09-15T20:15:00.000Z,2408.75,2408.87,2397.16,2398.16,10664.6,
1789504200000,2026-09-15T20:30:00.000Z,2398.16,2405.16,2393.86,2404.77,14966.6,
1789505100000,2026-09-15T20:45:00.000Z,2404.77,2409.94,2404.25,2406.78,5311.95,
1789506000000,2026-09-15T21:00:00.000Z,2406.78,2406.86,2398.16,2400.56,7152.71,
1789506900000,2026-09-15T21:15:00.000Z,2400.56,2403.61,2395,2397.34,5275.82,
1789507800000,2026-09-15T21:30:00.000Z,2397.34,2401.57,2394.94,2400.71,2801.66,
1789508700000,2026-09-15T21:45:00.000Z,2400.71,2400.72,2388.17,2389.45,8353.97,
1789509600000,2026-09-15T22:00:00.000Z,2389.45,2396.88,2385.19,2386.82,6025.57,
1789510500000,2026-09-15T22:15:00.000Z,2386.82,2397.3,2380.04,2392.71,9980.16,
1789511400000,2026-09-15T22:30:00.000Z,2392.71,2401.52,2392.71,2395.28,6566.62,
1789512300000,2026-09-15T22:45:00.000Z,2395.28,2400.76,2394.72,2395.98,6462.15,
1789513200000,2026-09-15T23:00:00.000Z,2395.98,2409.35,2395.3,2408.48,7475.89,
1789514100000,2026-09-15T23:15:00.000Z,2408.48,2411.82,2404.49,2405,9065.05,
1789515000000,2026-09-15T23:30:00.000Z,2405,2405,2396.24,2400.17,8085.61,
1789515900000,2026-09-15T23:45:00.000Z,2400.17,2401.44,2396.81,2397.1,3362.06,
1789516800000,2026-09-16T00:00:00.000Z,2397.1,2404.51,2396.24,2400.45,3417.07,
1789517700000,2026-09-16T00:15:00.000Z,2400.45,2404.42,2399.66,2403.87,1929.08,
1789518600000,2026-09-16T00:30:00.000Z,2403.87,2405,2401.01,2402.41,1503.65,
1789519500000,2026-09-16T00:45:00.000Z,2402.41,2404.5,2397.5,2398.05,3980.88,
1789520400000,2026-09-16T01:00:00.000Z,2398.05,2402.5,2394.07,2399.22,4567.23,
1789521300000,2026-09-16T01:15:00.000Z,2399.22,2406.6,2397.4,2402.7,3920.76,
1789522200000,2026-09-16T01:30:00.000Z,2402.7,2402.7,2392.38,2397,8726.52,
1789523100000,2026-09-16T01:45:00.000Z,2397,2399.27,2388.8,2389.76,8265.53,
1789524000000,2026-09-16T02:00:00.000Z,2389.76,2395.88,2387.5,2392.6,4933.53,
1789524900000,2026-09-16T02:15:00.000Z,2392.6,2400.99,2392.02,2400.99,7919.65,
1789525800000,2026-09-16T02:30:00.000Z,2400.99,2410.2,2400.8,2405.33,9828.13,
1789526700000,2026-09-16T02:45:00.000Z,2405.33,2406.65,2398.54,2401.65,3656.84,
1789527600000,2026-09-16T03:00:00.000Z,2401.65,2405.88,2399.64,2405.54,3190.2,
1789528500000,2026-09-16T03:15:00.000Z,2405.54,2410.64,2403.46,2403.46,8513.17,
1789529400000,2026-09-16T03:30:00.000Z,2403.46,2405.82,2399,2400.81,3492.16,
1789530300000,2026-09-16T03:45:00.000Z,2400.81,2402.72,2399.5,2401,915.4,
1789531200000,2026-09-16T04:00:00.000Z,2401,2404.49,2400.82,2402.78,3285.78,
1789532100000,2026-09-16T04:15:00.000Z,2402.78,2408.75,2401,2403.36,5649.63,
1789533000000,2026-09-16T04:30:00.000Z,2403.36,2409.39,2401.2,2405.16,5441.56,
1789533900000,2026-09-16T04:45:00.000Z,2405.16,2407.39,2401.69,2402.6,4651.58,
1789534800000,2026-09-16T05:00:00.000Z,2402.6,2403.53,2392.72,2399.39,10526.65,
1789535700000,2026-09-16T05:15:00.000Z,2399.39,2403.49,2398.75,2403.33,1906.27,
1789536600000,2026-09-16T05:30:00.000Z,2403.33,2405.9,2401.46,2405.72,2912.55,
1789537500000,2026-09-16T05:45:00.000Z,2405.72,2406.43,2403,2406.15,4490.58,
1789538400000,2026-09-16T06:00:00.000Z,2406.15,2408,2402.32,2402.88,2945.43,
1789539300000,2026-09-16T06:15:00.000Z,2402.88,2403.83,2399.4,2399.87,2240.11,
1789540200000,2026-09-16T06:30:00.000Z,2399.87,2399.87,2392.54,2397.47,4588.27,
1789541100000,2026-09-16T06:45:00.000Z,2397.47,2406.59,2397.3,2405.48,4825.79,
1789542000000,2026-09-16T07:00:00.000Z,2405.48,2410,2397.72,2401.36,11039.77,
1789542900000,2026-09-16T07:15:00.000Z,2401.36,2403.86,2397.49,2398.44,3998.57,
1789543800000,2026-09-16T07:30:00.000Z,2398.44,2400.48,2396.99,2397.71,1251.54,
1789544700000,2026-09-16T07:45:00.000Z,2397.71,2399.16,2395.47,2396.13,2924.16,
1789545600000,2026-09-16T08:00:00.000Z,2396.13,2396.14,2381.37,2386.77,23019.17,
1789546500000,2026-09-16T08:15:00.000Z,2386.77,2392.69,2384.3,2387.85,10305.34,
1789547400000,2026-09-16T08:30:00.000Z,2387.85,2393,2387.63,2392.82,2031.91,
1789548300000,2026-09-16T08:45:00.000Z,2392.82,2402.6,2392.31,2401.79,7998.63,
1789549200000,2026-09-16T09:00:00.000Z,2401.79,2406.29,2400.03,2400.24,7217.69,
1789550100000,2026-09-16T09:15:00.000Z,2400.24,2404,2397.88,2401.05,3511.87,
1789551000000,2026-09-16T09:30:00.000Z,2401.05,2403.73,2400.09,2402.35,1736.5,
1789551900000,2026-09-16T09:45:00.000Z,2402.35,2405.46,2401,2404.71,4798.08,
1789552800000,2026-09-16T10:00:00.000Z,2404.71,2405.53,2397.33,2398.59,6587.94,
1789553700000,2026-09-16T10:15:00.000Z,2398.59,2402.98,2398.21,2401.62,3803.42,
1789554600000,2026-09-16T10:30:00.000Z,2401.62,2406,2400.64,2405.12,3057.71,
1789555500000,2026-09-16T10:45:00.000Z,2405.12,2405.73,2400.6,2405.28,4526.76,
1789556400000,2026-09-16T11:00:00.000Z,2405.28,2408.6,2403.36,2403.45,3220.47,
1789557300000,2026-09-16T11:15:00.000Z,2403.45,2406.79,2401.69,2406.21,2671.04,
1789558200000,2026-09-16T11:30:00.000Z,2406.21,2430.12,2405.74,2425.09,23151.5,
1789559100000,2026-09-16T11:45:00.000Z,2425.09,2426.63,2418.31,2421.36,6014.53,
1789560000000,2026-09-16T12:00:00.000Z,2421.36,2422.59,2411.19,2412.56,11717.68,
1789560900000,2026-09-16T12:15:00.000Z,2412.56,2417.18,2404.71,2406.28,16748.46,
1789561800000,2026-09-16T12:30:00.000Z,2406.28,2410.44,2401.77,2405.77,7575.83,
1789562700000,2026-09-16T12:45:00.000Z,2405.77,2409.47,2402.5,2405.83,5466.83,
1789563600000,2026-09-16T13:00:00.000Z,2405.83,2406.02,2394.01,2400.95,12503.86,
1789564500000,2026-09-16T13:15:00.000Z,2400.95,2404.99,2397.09,2399.84,6660.41,
1789565400000,2026-09-16T13:30:00.000Z,2399.84,2401.57,2388.33,2397.84,15213.61,
1789566300000,2026-09-16T13:45:00.000Z,2397.84,2403.24,2391,2393.19,12576.03,
1789567200000,2026-09-16T14:00:00.000Z,2393.19,2394.09,2382.1,2389.21,13615.25,
1789568100000,2026-09-16T14:15:00.000Z,2389.21,2398.1,2386.72,2397.36,11909,
1789569000000,2026-09-16T14:30:00.000Z,2397.36,2397.61,2383.55,2390.86,13002.83,
1789569900000,2026-09-16T14:45:00.000Z,2390.86,2390.87,2376.8,2389.42,14416.14,
1789570800000,2026-09-16T15:00:00.000Z,2389.42,2395,2385.25,2392.65,15066.81,
1789571700000,2026-09-16T15:15:00.000Z,2392.65,2393.63,2386.1,2386.35,5886.38,
1789572600000,2026-09-16T15:30:00.000Z,2386.35,2394.4,2382.74,2389.92,17184.43,
1789573500000,2026-09-16T15:45:00.000Z,2389.92,2401.63,2389.3,2391.67,11496.51,
1789574400000,2026-09-16T16:00:00.000Z,2391.67,2396.97,2387.57,2396.1,8013.27,
1789575300000,2026-09-16T16:15:00.000Z,2396.1,2398.72,2392,2395.44,6016.7,
1789576200000,2026-09-16T16:30:00.000Z,2395.44,2397.31,2386.11,2387.29,5116.27,
1789577100000,2026-09-16T16:45:00.000Z,2387.29,2394.59,2387.21,2390.71,1835.91,
1789578000000,2026-09-16T17:00:00.000Z,2390.71,2393.29,2385.68,2390.13,3168.81,
1789578900000,2026-09-16T17:15:00.000Z,2390.13,2393.19,2385.55,2388.06,3249.61,
1789579800000,2026-09-16T17:30:00.000Z,2388.06,2388.45,2370,2375.05,22452.72,
1789580700000,2026-09-16T17:45:00.000Z,2375.05,2395.93,2370,2389.99,23581.3,
1789581600000,2026-09-16T18:00:00.000Z,2389.99,2429.75,2366.75,2401.44,132297.18,
1789582500000,2026-09-16T18:15:00.000Z,2401.44,2412.37,2394.81,2411.28,18237.01,
1789583400000,2026-09-16T18:30:00.000Z,2411.28,2421.96,2366.85,2408.31,56308.45,
1789584300000,2026-09-16T18:45:00.000Z,2408.31,2411.73,2388.27,2397.12,17266.8,
1789585200000,2026-09-16T19:00:00.000Z,2397.12,2417,2396.87,2406.17,19664.57,
1789586100000,2026-09-16T19:15:00.000Z,2406.17,2409.52,2375.56,2387.05,16474.05,
1789587000000,2026-09-16T19:30:00.000Z,2387.05,2406.8,2380.48,2404.93,12554.03,
1789587900000,2026-09-16T19:45:00.000Z,2404.93,2410.62,2404.38,2407.23,5762.09,
1789588800000,2026-09-16T20:00:00.000Z,2407.23,2419.17,2403.7,2411.52,11075.52,
1789589700000,2026-09-16T20:15:00.000Z,2411.52,2416.99,2406.1,2410.56,4726.84,
1789590600000,2026-09-16T20:30:00.000Z,2410.56,2414.29,2403.51,2407.93,4488.58,
1789591500000,2026-09-16T20:45:00.000Z,2407.93,2411.74,2405.77,2409.72,3337.64,
1789592400000,2026-09-16T21:00:00.000Z,2409.72,2412.53,2407.07,2408.64,2809.14,
1789593300000,2026-09-16T21:15:00.000Z,2408.64,2410.61,2404.17,2404.74,1771.73,
1789594200000,2026-09-16T21:30:00.000Z,2404.74,2407.1,2398.73,2401.14,5522.72,
1789595100000,2026-09-16T21:45:00.000Z,2401.14,2405.42,2400.25,2403.55,2258.31,
1789596000000,2026-09-16T22:00:00.000Z,2403.55,2404.7,2387.01,2397.73,13148.82,
1789596900000,2026-09-16T22:15:00.000Z,2397.73,2401.4,2391.7,2393.29,7103.09,
1789597800000,2026-09-16T22:30:00.000Z,2393.29,2397.31,2390.56,2397.31,2644.29,
1789598700000,2026-09-16T22:45:00.000Z,2397.31,2397.9,2390.15,2391.54,2534.96,
1789599600000,2026-09-16T23:00:00.000Z,2391.54,2398.11,2388.94,2398.01,1940.22,
1789600500000,2026-09-16T23:15:00.000Z,2398.01,2414.54,2398.01,2412.07,8914.52,
1789601400000,2026-09-16T23:30:00.000Z,2412.07,2422,2410.73,2418.53,9754.73,
1789602300000,2026-09-16T23:45:00.000Z,2418.53,2421.39,2413.71,2417.15,12430.8,
1789603200000,2026-09-17T00:00:00.000Z,2417.15,2423.77,2414.77,2420.6,3027.02,
1789604100000,2026-09-17T00:15:00.000Z,2420.6,2425.52,2419.44,2421,5169.16,
1789605000000,2026-09-17T00:30:00.000Z,2421,2426.67,2420,2423.01,4696.03,
1789605900000,2026-09-17T00:45:00.000Z,2423.01,2423.84,2417.33,2417.44,1889.79,
1789606800000,2026-09-17T01:00:00.000Z,2417.44,2420.39,2412.25,2417.27,5343.2,
1789607700000,2026-09-17T01:15:00.000Z,2417.27,2439.95,2415.62,2437.62,21618.98,
1789608600000,2026-09-17T01:30:00.000Z,2437.62,2444.54,2429.12,2434.03,11954.18,
1789609500000,2026-09-17T01:45:00.000Z,2434.03,2434.51,2425.31,2426.52,5844.65,
1789610400000,2026-09-17T02:00:00.000Z,2426.52,2427.94,2417.01,2421.61,5923.94,
1789611300000,2026-09-17T02:15:00.000Z,2421.61,2422.92,2415.09,2421.51,4448.19,
1789612200000,2026-09-17T02:30:00.000Z,2421.51,2432.37,2419.63,2429.88,8489.85,
1789613100000,2026-09-17T02:45:00.000Z,2429.88,2431.66,2426.11,2428,4175.66,
1789614000000,2026-09-17T03:00:00.000Z,2428,2436,2428,2432.83,8966.17,
1789614900000,2026-09-17T03:15:00.000Z,2432.83,2437.61,2430.57,2435.38,1834.96,
1789615800000,2026-09-17T03:30:00.000Z,2435.38,2437.95,2433.8,2436.01,2686.35,
1789616700000,2026-09-17T03:45:00.000Z,2436.01,2437,2433,2434.56,7808.18,
1789617600000,2026-09-17T04:00:00.000Z,2434.56,2435.07,2429.44,2430.35,2031.2,
1789618500000,2026-09-17T04:15:00.000Z,2430.35,2430.41,2424.43,2424.73,3475.72,
1789619400000,2026-09-17T04:30:00.000Z,2424.73,2436.6,2423.78,2434.7,8921.24,
1789620300000,2026-09-17T04:45:00.000Z,2434.7,2443.82,2433.76,2440.92,8823.81,
1789621200000,2026-09-17T05:00:00.000Z,2440.92,2445.95,2438.77,2440.26,5903.9,
1789622100000,2026-09-17T05:15:00.000Z,2440.26,2444.5,2437.07,2442.33,5770.76,
1789623000000,2026-09-17T05:30:00.000Z,2442.33,2442.33,2436.07,2437.7,4403.99,
1789623900000,2026-09-17T05:45:00.000Z,2437.7,2440.39,2434.94,2436.05,2211.97,
1789624800000,2026-09-17T06:00:00.000Z,2436.05,2442,2435.17,2440.51,2316.04,
1789625700000,2026-09-17T06:15:00.000Z,2440.51,2440.51,2434.44,2439.54,1906.28,
1789626600000,2026-09-17T06:30:00.000Z,2439.54,2444.42,2438.39,2443.77,3292.07,
1789627500000,2026-09-17T06:45:00.000Z,2443.77,2445.5,2439.43,2440.1,4583.34,
1789628400000,2026-09-17T07:00:00.000Z,2440.1,2454.99,2439.67,2447.15,27924.99,
1789629300000,2026-09-17T07:15:00.000Z,2447.15,2451.04,2445.85,2447.5,6121.4,
1789630200000,2026-09-17T07:30:00.000Z,2447.5,2448.09,2445.45,2445.45,5460.11,
1789631100000,2026-09-17T07:45:00.000Z,2445.45,2447,2441.49,2443.38,5462.09,
1789632000000,2026-09-17T08:00:00.000Z,2443.38,2445.77,2437.61,2438.12,2590.75,
1789632900000,2026-09-17T08:15:00.000Z,2438.12,2443.34,2436.45,2438.34,4078.54,
1789633800000,2026-09-17T08:30:00.000Z,2438.34,2445,2436.21,2442.01,4610.61,
1789634700000,2026-09-17T08:45:00.000Z,2442.01,2445.69,2441.16,2444.68,1575.67,
1789635600000,2026-09-17T09:00:00.000Z,2444.68,2448.52,2443.8,2445.55,6987.29,
1789636500000,2026-09-17T09:15:00.000Z,2445.55,2447.82,2444.04,2444.04,2755.92,
1789637400000,2026-09-17T09:30:00.000Z,2444.04,2447.8,2440.93,2441.38,2153.08,
1789638300000,2026-09-17T09:45:00.000Z,2441.38,2444.05,2436.69,2437.5,6626.33,
1789639200000,2026-09-17T10:00:00.000Z,2437.5,2438.15,2430,2434.01,9132.02,
1789640100000,2026-09-17T10:15:00.000Z,2434.01,2434.25,2430.3,2432.27,3379.93,
1789641000000,2026-09-17T10:30:00.000Z,2432.27,2434.93,2430.73,2431.74,1857.77,
1789641900000,2026-09-17T10:45:00.000Z,2431.74,2434.66,2428.8,2434.3,3646.87,
1789642800000,2026-09-17T11:00:00.000Z,2434.3,2437.83,2432.98,2437.48,3310.41,
1789643700000,2026-09-17T11:15:00.000Z,2437.48,2438.4,2433.27,2435.77,2864.09,
1789644600000,2026-09-17T11:30:00.000Z,2435.77,2435.78,2426.65,2427.08,4200.79,
1789645500000,2026-09-17T11:45:00.000Z,2427.08,2442.39,2427.08,2441.28,9617.06,
1789646400000,2026-09-17T12:00:00.000Z,2441.28,2456.82,2438.09,2454.42,25166.44,
1789647300000,2026-09-17T12:15:00.000Z,2454.42,2471.66,2453.26,2471.35,31809.4,
1789648200000,2026-09-17T12:30:00.000Z,2471.35,2479.22,2460.79,2460.85,39272.6,
1789649100000,2026-09-17T12:45:00.000Z,2460.85,2465.79,2458,2458.86,9438.9,
1789650000000,2026-09-17T13:00:00.000Z,2458.86,2464.07,2453.71,2455.98,11037.9,
1789650900000,2026-09-17T13:15:00.000Z,2455.98,2459.14,2450.06,2451.38,7289.42,
1789651800000,2026-09-17T13:30:00.000Z,2451.38,2454.72,2431.21,2438.72,24377.27,
1789652700000,2026-09-17T13:45:00.000Z,2438.72,2462.52,2435.39,2461.43,22409.84,
1789653600000,2026-09-17T14:00:00.000Z,2461.43,2479.92,2449.4,2478.99,26198.54,
1789654500000,2026-09-17T14:15:00.000Z,2478.99,2482.57,2466.48,2475.85,21149.99,
1789655400000,2026-09-17T14:30:00.000Z,2475.85,2480,2462.54,2463.6,17012.44,
1789656300000,2026-09-17T14:45:00.000Z,2463.6,2467.84,2460.02,2460.17,6118.83,
1789657200000,2026-09-17T15:00:00.000Z,2460.17,2460.68,2446.62,2450.42,16968.68,
1789658100000,2026-09-17T15:15:00.000Z,2450.42,2455.89,2447.72,2454.99,5446.1,
1789659000000,2026-09-17T15:30:00.000Z,2454.99,2477.27,2453.87,2470.66,17017.21,
1789659900000,2026-09-17T15:45:00.000Z,2470.66,2472.7,2465.4,2468.98,10623.47,
1789660800000,2026-09-17T16:00:00.000Z,2468.98,2472.55,2466.67,2469.09,4206.39,
1789661700000,2026-09-17T16:15:00.000Z,2469.09,2470.71,2464.8,2467.83,2667.9,
1789662600000,2026-09-17T16:30:00.000Z,2467.83,2467.94,2453.04,2463.44,9976.53,
1789663500000,2026-09-17T16:45:00.000Z,2463.44,2469.46,2458.75,2469.46,5843.03,
1789664400000,2026-09-17T17:00:00.000Z,2469.46,2475,2467.37,2467.98,6439.94,
1789665300000,2026-09-17T17:15:00.000Z,2467.98,2475.96,2465.76,2472.3,8513.75,
1789666200000,2026-09-17T17:30:00.000Z,2472.3,2472.53,2463.72,2463.95,4221.27,
1789667100000,2026-09-17T17:45:00.000Z,2463.95,2464.74,2458.93,2461.78,3537.08,
1789668000000,2026-09-17T18:00:00.000Z,2461.78,2462.16,2458,2461.07,1747.13,
1789668900000,2026-09-17T18:15:00.000Z,2461.07,2462.85,2459.33,2459.76,1277.45,
1789669800000,2026-09-17T18:30:00.000Z,2459.76,2460.91,2448.85,2454.49,7322.98,
1789670700000,2026-09-17T18:45:00.000Z,2454.49,2457.69,2450.69,2450.88,4080.07,
1789671600000,2026-09-17T19:00:00.000Z,2450.88,2454.72,2450.06,2450.06,1968.19,
1789672500000,2026-09-17T19:15:00.000Z,2450.06,2454.07,2448.66,2452.14,2612.15,
1789673400000,2026-09-17T19:30:00.000Z,2452.14,2453.87,2447.39,2449.2,3072.07,
1789674300000,2026-09-17T19:45:00.000Z,2449.2,2454,2443.92,2448.01,6423.77,
1789675200000,2026-09-17T20:00:00.000Z,2448.01,2452.6,2446.13,2452.6,2368.17,
1789676100000,2026-09-17T20:15:00.000Z,2452.6,2457.82,2451.26,2456.5,5105.52,
1789677000000,2026-09-17T20:30:00.000Z,2456.5,2456.64,2448.02,2450.09,1694.74,
1789677900000,2026-09-17T20:45:00.000Z,2450.09,2452.39,2447.13,2452.39,1673.41,
1789678800000,2026-09-17T21:00:00.000Z,2452.39,2455.08,2448.87,2449.33,2334.8,
1789679700000,2026-09-17T21:15:00.000Z,2449.33,2451.6,2449.33,2451.15,873.97,
1789680600000,2026-09-17T21:30:00.000Z,2451.15,2452.35,2449.06,2450.49,1932.22,
1789681500000,2026-09-17T21:45:00.000Z,2450.49,2450.59,2446.46,2446.46,4648.58,
1789682400000,2026-09-17T22:00:00.000Z,2446.46,2448.99,2441.32,2442.41,10583.85,
1789683300000,2026-09-17T22:15:00.000Z,2442.41,2442.96,2436.5,2437.72,4791.81,
1789684200000,2026-09-17T22:30:00.000Z,2437.72,2447,2436.23,2445.91,2870.56,
1789685100000,2026-09-17T22:45:00.000Z,2445.91,2446.61,2440.79,2445.12,4446.54,
1789686000000,2026-09-17T23:00:00.000Z,2445.12,2449.14,2443.5,2446.87,4032.9,
1789686900000,2026-09-17T23:15:00.000Z,2446.87,2448.96,2446.46,2448.48,1218.59,
1789687800000,2026-09-17T23:30:00.000Z,2448.48,2448.92,2445.01,2446.78,3375.46,
1789688700000,2026-09-17T23:45:00.000Z,2446.78,2449.92,2445.5,2446.47,3256.66,
1789689600000,2026-09-18T00:00:00.000Z,2446.47,2447.21,2442,2443.31,2894.79,
1789690500000,2026-09-18T00:15:00.000Z,2443.31,2443.44,2435.75,2439.44,4217.66,
1789691400000,2026-09-18T00:30:00.000Z,2439.44,2443.7,2438.16,2442.37,2585.8,
1789692300000,2026-09-18T00:45:00.000Z,2442.37,2447.7,2439.83,2447.37,2326.51,
1789693200000,2026-09-18T01:00:00.000Z,2447.37,2451.83,2444.65,2449.65,4799.77,
1789694100000,2026-09-18T01:15:00.000Z,2449.65,2452.79,2447.4,2449.77,2140.68,
1789695000000,2026-09-18T01:30:00.000Z,2449.77,2457.84,2449.53,2454.52,2983.87,
1789695900000,2026-09-18T01:45:00.000Z,2454.52,2459.04,2454.02,2456.54,5219.48,
1789696800000,2026-09-18T02:00:00.000Z,2456.54,2460.25,2451.51,2455.38,7865.66,
1789697700000,2026-09-18T02:15:00.000Z,2455.38,2461.95,2454.88,2460.01,6553.92,
1789698600000,2026-09-18T02:30:00.000Z,2460.01,2466,2460.01,2461.3,8456.74,
1789699500000,2026-09-18T02:45:00.000Z,2461.3,2464.33,2460.24,2461.8,3304.84,
1789700400000,2026-09-18T03:00:00.000Z,2461.8,2473.75,2460.43,2473.42,10145.79,
1789701300000,2026-09-18T03:15:00.000Z,2473.42,2484.72,2467,2473.93,21984.82,
1789702200000,2026-09-18T03:30:00.000Z,2473.93,2477.36,2468.43,2473,7333.52,
1789703100000,2026-09-18T03:45:00.000Z,2473,2479.83,2472.99,2478.28,6185.99,
1789704000000,2026-09-18T04:00:00.000Z,2478.28,2482,2472.17,2474.63,9462.87,
1789704900000,2026-09-18T04:15:00.000Z,2474.63,2476.99,2469.61,2470.98,7191.94,
1789705800000,2026-09-18T04:30:00.000Z,2470.98,2475.95,2468.68,2475.95,7490.66,
1789706700000,2026-09-18T04:45:00.000Z,2475.95,2481.08,2473.32,2481.08,5540.15,
1789707600000,2026-09-18T05:00:00.000Z,2481.08,2492.06,2475.81,2487.57,19752,
1789708500000,2026-09-18T05:15:00.000Z,2487.57,2491.12,2480,2484,8543.23,
1789709400000,2026-09-18T05:30:00.000Z,2484,2489.16,2481.44,2483.51,5837.28,
1789710300000,2026-09-18T05:45:00.000Z,2483.51,2484.35,2477.19,2479.19,4628.07,
1789711200000,2026-09-18T06:00:00.000Z,2479.19,2486.41,2479.19,2482.37,4746.49,
1789712100000,2026-09-18T06:15:00.000Z,2482.37,2486.99,2481.61,2481.9,4964.45,
1789713000000,2026-09-18T06:30:00.000Z,2481.9,2485.8,2481.03,2484.75,5853.34,
1789713900000,2026-09-18T06:45:00.000Z,2484.75,2487.34,2481.16,2486.26,6491.32,
1789714800000,2026-09-18T07:00:00.000Z,2486.26,2496.66,2484.74,2488.94,21720.17,
1789715700000,2026-09-18T07:15:00.000Z,2488.94,2497.83,2487.7,2492.63,10952.45,
1789716600000,2026-09-18T07:30:00.000Z,2492.63,2494.37,2487.51,2490.58,10232.11,
1789717500000,2026-09-18T07:45:00.000Z,2490.58,2492.25,2486.32,2488.8,4312.56,
1789718400000,2026-09-18T08:00:00.000Z,2488.8,2497.87,2484.29,2487.5,8868.69,
1789719300000,2026-09-18T08:15:00.000Z,2487.5,2506.7,2486.47,2496.71,23661.62,
1789720200000,2026-09-18T08:30:00.000Z,2496.71,2499.01,2493,2495.9,5647.5,
1789721100000,2026-09-18T08:45:00.000Z,2495.9,2505.19,2494.51,2504.03,9539.74,
1789722000000,2026-09-18T09:00:00.000Z,2504.03,2515.66,2503.06,2513.76,24435.42,
1789722900000,2026-09-18T09:15:00.000Z,2513.76,2520.53,2505.2,2507.03,26139.43,
1789723800000,2026-09-18T09:30:00.000Z,2507.03,2507.2,2501,2502.48,9674.27,
1789724700000,2026-09-18T09:45:00.000Z,2502.48,2507.92,2501.11,2506.87,7112.57,
1789725600000,2026-09-18T10:00:00.000Z,2506.87,2515.17,2506.61,2514.69,8854.83,
1789726500000,2026-09-18T10:15:00.000Z,2514.69,2517.68,2509.94,2516.49,6132,
1789727400000,2026-09-18T10:30:00.000Z,2516.49,2518.88,2513.68,2515.37,4482.69,
1789728300000,2026-09-18T10:45:00.000Z,2515.37,2520.8,2511.78,2512.42,6543.09,
1789729200000,2026-09-18T11:00:00.000Z,2512.42,2517,2498.04,2501.71,9781.69,
1789730100000,2026-09-18T11:15:00.000Z,2501.71,2506.27,2500.35,2502.27,4796.15,
1789731000000,2026-09-18T11:30:00.000Z,2502.27,2512.8,2501.52,2505,5326.67,
1789731900000,2026-09-18T11:45:00.000Z,2505,2510.67,2504.75,2507.05,3649.74,
1789732800000,2026-09-18T12:00:00.000Z,2507.05,2509.8,2499.48,2503.19,3888.1,
1789733700000,2026-09-18T12:15:00.000Z,2503.19,2504.47,2498.85,2502.76,3715.24,
1789734600000,2026-09-18T12:30:00.000Z,2502.76,2507.79,2499.29,2503.16,4178.46,
1789735500000,2026-09-18T12:45:00.000Z,2503.16,2505.21,2499.55,2501.4,5275.73,
1789736400000,2026-09-18T13:00:00.000Z,2501.4,2502.39,2493.07,2497.64,6934.86,
1789737300000,2026-09-18T13:15:00.000Z,2497.64,2506,2496.86,2504.91,5262.21,
1789738200000,2026-09-18T13:30:00.000Z,2504.91,2538.64,2502.7,2536.74,44046.51,
1789739100000,2026-09-18T13:45:00.000Z,2536.74,2578,2531.59,2553.9,85201.76,
1789740000000,2026-09-18T14:00:00.000Z,2553.9,2571.6,2553.8,2560.75,36976.38,
1789740900000,2026-09-18T14:15:00.000Z,2560.75,2582.92,2559.01,2568.73,30035.81,
1789741800000,2026-09-18T14:30:00.000Z,2568.73,2578.67,2562.45,2577.5,13017.08,
1789742700000,2026-09-18T14:45:00.000Z,2577.5,2586.74,2572.89,2581.29,25740.95,
1789743600000,2026-09-18T15:00:00.000Z,2581.29,2587.35,2564.48,2574.07,27356.99,
1789744500000,2026-09-18T15:15:00.000Z,2574.07,2598.58,2573.73,2586.79,27530.96,
1789745400000,2026-09-18T15:30:00.000Z,2586.79,2587.53,2572.21,2572.39,10541.24,
1789746300000,2026-09-18T15:45:00.000Z,2572.39,2584.21,2568.24,2582.81,7789.51,
1789747200000,2026-09-18T16:00:00.000Z,2582.81,2596.63,2577.67,2595.62,14450.02,
1789748100000,2026-09-18T16:15:00.000Z,2595.62,2601.67,2590.57,2598.5,22657.55,
1789749000000,2026-09-18T16:30:00.000Z,2598.5,2609.9,2596.92,2600.72,18439.33,
1789749900000,2026-09-18T16:45:00.000Z,2600.72,2600.77,2588.04,2595.86,11365.37,
1789750800000,2026-09-18T17:00:00.000Z,2595.86,2596.74,2587.01,2594.58,10219.8,
1789751700000,2026-09-18T17:15:00.000Z,2594.58,2597.88,2583.77,2591.28,8516.68,
1789752600000,2026-09-18T17:30:00.000Z,2591.28,2593.98,2584.3,2593.5,7298.83,
1789753500000,2026-09-18T17:45:00.000Z,2593.5,2609.17,2593.25,2606,12435.9,
1789754400000,2026-09-18T18:00:00.000Z,2606,2608.84,2599.48,2604.42,11132.83,
1789755300000,2026-09-18T18:15:00.000Z,2604.42,2611,2602.07,2609.16,14986.49,
1789756200000,2026-09-18T18:30:00.000Z,2609.16,2626.83,2605.2,2609.39,33203.23,
1789757100000,2026-09-18T18:45:00.000Z,2609.39,2617.39,2608.31,2611.6,9567.82,
1789758000000,2026-09-18T19:00:00.000Z,2611.6,2625.96,2610.61,2624.43,9038.38,
1789758900000,2026-09-18T19:15:00.000Z,2624.43,2639.92,2623.65,2635.48,26289.61,
1789759800000,2026-09-18T19:30:00.000Z,2635.48,2642.29,2626.2,2641.87,16886.19,
1789760700000,2026-09-18T19:45:00.000Z,2641.87,2645.75,2634.31,2635.56,13591.31,
1789761600000,2026-09-18T20:00:00.000Z,2635.56,2636.93,2626.88,2633.34,7078.93,
1789762500000,2026-09-18T20:15:00.000Z,2633.34,2638.86,2623.76,2626.99,8414.53,
1789763400000,2026-09-18T20:30:00.000Z,2626.99,2635.33,2623.23,2633.03,5089.79,
1789764300000,2026-09-18T20:45:00.000Z,2633.03,2636.4,2628.68,2630.73,4827.56,
1789765200000,2026-09-18T21:00:00.000Z,2630.73,2639.1,2629.26,2637.95,5291.41,
1789766100000,2026-09-18T21:15:00.000Z,2637.95,2638.58,2630.12,2631.45,4468.42,
1789767000000,2026-09-18T21:30:00.000Z,2631.45,2634.65,2625.48,2627.81,6819.19,
1789767900000,2026-09-18T21:45:00.000Z,2627.81,2628.87,2624,2625.83,5430.68,
1789768800000,2026-09-18T22:00:00.000Z,2625.83,2632.23,2624.42,2628.72,3494.58,
1789769700000,2026-09-18T22:15:00.000Z,2628.72,2633.39,2628.51,2631.25,1770.41,
1789770600000,2026-09-18T22:30:00.000Z,2631.25,2631.42,2616.17,2617.96,10100.84,
1789771500000,2026-09-18T22:45:00.000Z,2617.96,2621.41,2616.28,2619.13,3846.01,
1789772400000,2026-09-18T23:00:00.000Z,2619.13,2620.96,2610.86,2618.57,4566.04,
1789773300000,2026-09-18T23:15:00.000Z,2618.57,2620.5,2612.14,2613.24,2046.91,
1789774200000,2026-09-18T23:30:00.000Z,2613.24,2613.44,2608.22,2610.68,7765.02,
1789775100000,2026-09-18T23:45:00.000Z,2610.68,2612.67,2607.14,2610.6,4059.89,
1789776000000,2026-09-19T00:00:00.000Z,2610.6,2612.19,2605.76,2611.35,5225.82,
1789776900000,2026-09-19T00:15:00.000Z,2611.35,2616.39,2611.24,2614.69,3873.84,
1789777800000,2026-09-19T00:30:00.000Z,2614.69,2620.82,2614.57,2619.75,3235.18,
1789778700000,2026-09-19T00:45:00.000Z,2619.75,2625.86,2617.75,2625.86,5180.17,
1789779600000,2026-09-19T01:00:00.000Z,2625.86,2626.6,2611.73,2612.16,6903.22,
1789780500000,2026-09-19T01:15:00.000Z,2612.16,2613.93,2601.95,2611.41,7501.77,
1789781400000,2026-09-19T01:30:00.000Z,2611.41,2612.46,2602.6,2611.31,2772.8,
1789782300000,2026-09-19T01:45:00.000Z,2611.31,2619.51,2611.31,2611.95,4938.13,
1789783200000,2026-09-19T02:00:00.000Z,2611.95,2617,2611,2615.29,2628.98,
1789784100000,2026-09-19T02:15:00.000Z,2615.29,2621.84,2613.25,2616.63,4198.69,
1789785000000,2026-09-19T02:30:00.000Z,2616.63,2622.08,2616.15,2618.75,3452.73,
1789785900000,2026-09-19T02:45:00.000Z,2618.75,2622.59,2617.34,2622.52,1225.79,
1789786800000,2026-09-19T03:00:00.000Z,2622.52,2631.37,2620.91,2625.42,5734.42,
1789787700000,2026-09-19T03:15:00.000Z,2625.42,2625.68,2619.73,2619.77,2282.26,
1789788600000,2026-09-19T03:30:00.000Z,2619.77,2622.09,2618.1,2622.08,1989.21,
1789789500000,2026-09-19T03:45:00.000Z,2622.08,2622.08,2619,2619,902.63,
1789790400000,2026-09-19T04:00:00.000Z,2619,2624.98,2618.75,2624.76,2078.64,
1789791300000,2026-09-19T04:15:00.000Z,2624.76,2625.83,2620.72,2624,5891.8,
1789792200000,2026-09-19T04:30:00.000Z,2624,2624,2611.01,2613.54,8533.45,
1789793100000,2026-09-19T04:45:00.000Z,2613.54,2618.69,2612.05,2618.69,8714.4,
1789794000000,2026-09-19T05:00:00.000Z,2618.69,2630.48,2618.65,2623.45,5159.04,
1789794900000,2026-09-19T05:15:00.000Z,2623.45,2632.25,2622.58,2626.64,5888.82,
1789795800000,2026-09-19T05:30:00.000Z,2626.64,2631.82,2625.29,2625.37,5340.56,
1789796700000,2026-09-19T05:45:00.000Z,2625.37,2631.55,2624.43,2627.55,3653.05,
1789797600000,2026-09-19T06:00:00.000Z,2627.55,2629.15,2624,2624,1720.5,
1789798500000,2026-09-19T06:15:00.000Z,2624,2626.49,2618.68,2623.27,3394.77,
1789799400000,2026-09-19T06:30:00.000Z,2623.27,2628.58,2621.66,2627.28,2108.35,
1789800300000,2026-09-19T06:45:00.000Z,2627.28,2628.28,2625.21,2626.07,1311.23,
1789801200000,2026-09-19T07:00:00.000Z,2626.07,2629.57,2624.69,2629.37,1296.83,
1789802100000,2026-09-19T07:15:00.000Z,2629.37,2635.36,2625.62,2627.89,4647.87,
1789803000000,2026-09-19T07:30:00.000Z,2627.89,2629.38,2623.06,2623.82,1816.35,
1789803900000,2026-09-19T07:45:00.000Z,2623.82,2629.1,2621.9,2625.87,2564.14,
1789804800000,2026-09-19T08:00:00.000Z,2625.87,2634.8,2622.62,2634.47,3534.06,
1789805700000,2026-09-19T08:15:00.000Z,2634.47,2662.47,2631.34,2644.23,41154.34,
1789806600000,2026-09-19T08:30:00.000Z,2644.23,2657.55,2641.43,2648.03,12953.47,
1789807500000,2026-09-19T08:45:00.000Z,2648.03,2650.9,2641.73,2644.33,7608.39,
1789808400000,2026-09-19T09:00:00.000Z,2644.33,2659.93,2643.58,2649.03,12275.06,
1789809300000,2026-09-19T09:15:00.000Z,2649.03,2652.53,2644.76,2645.82,7992.56,
1789810200000,2026-09-19T09:30:00.000Z,2645.82,2647.14,2631.53,2635.23,13431.8,
1789811100000,2026-09-19T09:45:00.000Z,2635.23,2643.72,2635.23,2640.03,5851.65,
1789812000000,2026-09-19T10:00:00.000Z,2640.03,2641.49,2637.42,2640.29,5367.82,
1789812900000,2026-09-19T10:15:00.000Z,2640.29,2644.4,2639.12,2643.96,3834.55,
1789813800000,2026-09-19T10:30:00.000Z,2643.96,2645.63,2641.59,2642.9,2528.6,
1789814700000,2026-09-19T10:45:00.000Z,2642.9,2643.94,2636.53,2637.36,5048.65,
1789815600000,2026-09-19T11:00:00.000Z,2637.36,2641.97,2636.8,2637.01,3988.43,
1789816500000,2026-09-19T11:15:00.000Z,2637.01,2641.84,2635.46,2637.59,3527.57,
1789817400000,2026-09-19T11:30:00.000Z,2637.59,2639.53,2634.98,2638.31,4709.59,
1789818300000,2026-09-19T11:45:00.000Z,2638.31,2640.34,2637.8,2638.65,998.17,
1789819200000,2026-09-19T12:00:00.000Z,2638.65,2641.86,2635.6,2641.21,5485.14,
1789820100000,2026-09-19T12:15:00.000Z,2641.21,2643.18,2638.64,2639.78,2014.68,
1789821000000,2026-09-19T12:30:00.000Z,2639.78,2642.23,2638.38,2638.87,881.23,
1789821900000,2026-09-19T12:45:00.000Z,2638.87,2642.35,2636.59,2640.97,2449.01,
1789822800000,2026-09-19T13:00:00.000Z,2640.97,2642.45,2632.32,2636.47,9508.42,
1789823700000,2026-09-19T13:15:00.000Z,2636.47,2641,2632.01,2633.44,7176.05,
1789824600000,2026-09-19T13:30:00.000Z,2633.44,2636.99,2627.89,2634.28,9167.92,
1789825500000,2026-09-19T13:45:00.000Z,2634.28,2638.02,2632.29,2637.41,2846.93,
1789826400000,2026-09-19T14:00:00.000Z,2637.41,2641.22,2635.29,2637.27,3359.2,
1789827300000,2026-09-19T14:15:00.000Z,2637.27,2642.8,2637.27,2642.77,2454.16,
1789828200000,2026-09-19T14:30:00.000Z,2642.77,2642.77,2634.15,2637.69,8415.96,
1789829100000,2026-09-19T14:45:00.000Z,2637.69,2640.64,2635.11,2637.49,1839.03,
1789830000000,2026-09-19T15:00:00.000Z,2637.49,2643.7,2637.26,2641.23,3645.29,
1789830900000,2026-09-19T15:15:00.000Z,2641.23,2643.81,2636.2,2636.47,2299.35,
1789831800000,2026-09-19T15:30:00.000Z,2636.47,2652.52,2636.47,2647.73,12907.84,
1789832700000,2026-09-19T15:45:00.000Z,2647.73,2647.88,2638.92,2639.93,7270.03,
1789833600000,2026-09-19T16:00:00.000Z,2639.93,2645.85,2634.79,2643.79,7434.24,
1789834500000,2026-09-19T16:15:00.000Z,2643.79,2649.49,2641.64,2646.54,5132.56,
1789835400000,2026-09-19T16:30:00.000Z,2646.54,2650.78,2645.45,2646.37,3683.87,
1789836300000,2026-09-19T16:45:00.000Z,2646.37,2649.86,2645.03,2648.88,2030.15,
1789837200000,2026-09-19T17:00:00.000Z,2648.88,2654.6,2647.25,2648.68,8585.63,
1789838100000,2026-09-19T17:15:00.000Z,2648.68,2669.55,2641.12,2645.71,29519.39,
1789839000000,2026-09-19T17:30:00.000Z,2645.71,2649.94,2641.2,2645.93,7159.16,
1789839900000,2026-09-19T17:45:00.000Z,2645.93,2648.38,2643.94,2644.49,2357.48,
1789840800000,2026-09-19T18:00:00.000Z,2644.49,2646.58,2635.66,2637.07,5505.62,
1789841700000,2026-09-19T18:15:00.000Z,2637.07,2642.6,2634.14,2640,3216.77,
1789842600000,2026-09-19T18:30:00.000Z,2640,2643.62,2634.13,2640.4,5326.66,
1789843500000,2026-09-19T18:45:00.000Z,2640.4,2641.08,2635.3,2637.63,3087.14,
1789844400000,2026-09-19T19:00:00.000Z,2637.63,2639.77,2632.56,2633.52,1725.23,
1789845300000,2026-09-19T19:15:00.000Z,2633.52,2637.38,2630.73,2636.12,3518.56,
1789846200000,2026-09-19T19:30:00.000Z,2636.12,2637.54,2633.99,2634.34,1043.65,
1789847100000,2026-09-19T19:45:00.000Z,2634.34,2636.92,2632,2633.99,3357.02,
1789848000000,2026-09-19T20:00:00.000Z,2633.99,2635.98,2632.31,2634.37,1269.9,
1789848900000,2026-09-19T20:15:00.000Z,2634.37,2639.22,2631.41,2634.08,1855.28,
1789849800000,2026-09-19T20:30:00.000Z,2634.08,2639.77,2634.01,2639.71,826.05,
1789850700000,2026-09-19T20:45:00.000Z,2639.71,2639.71,2631.53,2634.85,3158.72,
1789851600000,2026-09-19T21:00:00.000Z,2634.85,2638.07,2621.85,2623.42,6371.53,
1789852500000,2026-09-19T21:15:00.000Z,2623.42,2627.78,2616.73,2626.49,12589.38,
1789853400000,2026-09-19T21:30:00.000Z,2626.49,2627.3,2619.19,2623.14,2248.88,
1789854300000,2026-09-19T21:45:00.000Z,2623.14,2628.62,2623,2626.32,2012.27,
1789855200000,2026-09-19T22:00:00.000Z,2626.32,2626.77,2618.72,2618.72,5613.63,
1789856100000,2026-09-19T22:15:00.000Z,2618.72,2622.83,2618.11,2621.2,1427.7,
1789857000000,2026-09-19T22:30:00.000Z,2621.2,2628.46,2620.81,2628.35,4788.84,
1789857900000,2026-09-19T22:45:00.000Z,2628.35,2630.55,2627.27,2629.73,1830.1,
1789858800000,2026-09-19T23:00:00.000Z,2629.73,2635.26,2629.28,2635.02,3545.85,
1789859700000,2026-09-19T23:15:00.000Z,2635.02,2636.54,2628.22,2631.34,3711.71,
1789860600000,2026-09-19T23:30:00.000Z,2631.34,2636.46,2630.05,2633.75,1988.89,
1789861500000,2026-09-19T23:45:00.000Z,2633.75,2634.8,2631.1,2631.51,1432.38,
1789862400000,2026-09-20T00:00:00.000Z,2631.51,2631.8,2625.44,2629.02,2716.3,
1789863300000,2026-09-20T00:15:00.000Z,2629.02,2630.67,2625.44,2628.1,2073.26,
1789864200000,2026-09-20T00:30:00.000Z,2628.1,2630.72,2625.89,2629.66,2897.74,
1789865100000,2026-09-20T00:45:00.000Z,2629.66,2629.66,2624.8,2626.3,1697.93,
1789866000000,2026-09-20T01:00:00.000Z,2626.3,2626.52,2619.35,2619.93,2626.17,
1789866900000,2026-09-20T01:15:00.000Z,2619.93,2625.2,2619.28,2620.3,2714.41,
1789867800000,2026-09-20T01:30:00.000Z,2620.3,2620.74,2612.45,2618.13,11726.82,
1789868700000,2026-09-20T01:45:00.000Z,2618.13,2619.59,2614.82,2618.59,3498.06,
1789869600000,2026-09-20T02:00:00.000Z,2618.59,2622,2617.16,2621.87,2655.42,
1789870500000,2026-09-20T02:15:00.000Z,2621.87,2623.59,2612.81,2613.23,4596.86,
1789871400000,2026-09-20T02:30:00.000Z,2613.23,2614.57,2585.95,2588.49,27415.66,
1789872300000,2026-09-20T02:45:00.000Z,2588.49,2599.09,2581.86,2582.06,21038.05,