timestamp,datetime,open,high,low,close,volume,quoteVolume
1789116900000,2026-09-11T08:55:00.000Z,2475.01,2475.67,2474.71,2475.55,398.07,
1789117200000,2026-09-11T09:00:00.000Z,2475.55,2476.66,2473.95,2474.65,1656.39,
1789117500000,2026-09-11T09:05:00.000Z,2474.65,2474.65,2472.35,2472.35,3389.96,
1789117800000,2026-09-11T09:10:00.000Z,2472.35,2473.9,2472.34,2472.66,1142.02,
1789118100000,2026-09-11T09:15:00.000Z,2472.66,2473.83,2472.64,2473.06,1164.54,
1789118400000,2026-09-11T09:20:00.000Z,2473.06,2474.27,2472.22,2472.22,783.35,
1789118700000,2026-09-11T09:25:00.000Z,2472.22,2472.84,2471.73,2471.8,557.22,
1789119000000,2026-09-11T09:30:00.000Z,2471.8,2472.65,2470.55,2470.55,358.04,
1789119300000,2026-09-11T09:35:00.000Z,2470.55,2470.55,2462.85,2463.01,11521.04,
1789119600000,2026-09-11T09:40:00.000Z,2463.01,2464.99,2460.58,2464.79,4342.42,
1789119900000,2026-09-11T09:45:00.000Z,2464.79,2467,2464.37,2466.24,1224.91,
1789120200000,2026-09-11T09:50:00.000Z,2466.24,2469.21,2465.48,2469,1293.63,
1789120500000,2026-09-11T09:55:00.000Z,2469,2469.48,2467.38,2468.25,551.82,
1789120800000,2026-09-11T10:00:00.000Z,2468.25,2474.53,2464.09,2473.63,4627.23,
1789121100000,2026-09-11T10:05:00.000Z,2473.63,2473.63,2468.32,2468.9,2969.81,
1789121400000,2026-09-11T10:10:00.000Z,2468.9,2468.9,2464.37,2467.01,2100.46,
1789121700000,2026-09-11T10:15:00.000Z,2467.01,2468.54,2465.62,2467.52,472.13,
1789122000000,2026-09-11T10:20:00.000Z,2467.52,2467.52,2465.03,2465.62,1307.01,
1789122300000,2026-09-11T10:25:00.000Z,2465.62,2466.32,2463.3,2463.92,530.33,
1789122600000,2026-09-11T10:30:00.000Z,2463.92,2464.39,2461.39,2464.25,825.35,
1789122900000,2026-09-11T10:35:00.000Z,2464.25,2465.44,2463.37,2465.05,862.27,
1789123200000,2026-09-11T10:40:00.000Z,2465.05,2465.05,2462.26,2463.11,751.38,
1789123500000,2026-09-11T10:45:00.000Z,2463.11,2464.72,2462.7,2462.7,496.63,
1789123800000,2026-09-11T10:50:00.000Z,2462.7,2464.41,2462.6,2463.33,685.31,
1789124100000,2026-09-11T10:55:00.000Z,2463.33,2463.81,2461.24,2461.25,844.45,
1789124400000,2026-09-11T11:00:00.000Z,2461.25,2461.45,2454.94,2455.5,4379.97,
1789124700000,2026-09-11T11:05:00.000Z,2455.5,2458.4,2451.61,2453.21,6345.28,
1789125000000,2026-09-11T11:10:00.000Z,2453.21,2454.32,2451,2453.02,2651.57,
1789125300000,2026-09-11T11:15:00.000Z,2453.02,2455.72,2451.98,2455.21,6446.86,
1789125600000,2026-09-11T11:20:00.000Z,2455.21,2455.76,2452.17,2454,1554.47,
1789125900000,2026-09-11T11:25:00.000Z,2454,2458.32,2454,2455.25,1393.43,
1789126200000,2026-09-11T11:30:00.000Z,2455.25,2455.63,2453.16,2453.3,591.37,
1789126500000,2026-09-11T11:35:00.000Z,2453.3,2456.57,2453.25,2455.78,477.91,
1789126800000,2026-09-11T11:40:00.000Z,2455.78,2458.35,2455.26,2457.94,1519.95,
1789127100000,2026-09-11T11:45:00.000Z,2457.94,2459.69,2456.41,2456.41,918.13,
1789127400000,2026-09-11T11:50:00.000Z,2456.41,2457.93,2455,2456.76,516.42,
1789127700000,2026-09-11T11:55:00.000Z,2456.76,2457.92,2455.66,2457.25,785.75,
1789128000000,2026-09-11T12:00:00.000Z,2457.25,2459.74,2455.73,2456.38,2701.77,
1789128300000,2026-09-11T12:05:00.000Z,2456.38,2456.64,2449.49,2450.54,3260.97,
1789128600000,2026-09-11T12:10:00.000Z,2450.54,2453.99,2450,2451.32,9081.55,
1789128900000,2026-09-11T12:15:00.000Z,2451.32,2457.74,2450.04,2453.36,2060.05,
1789129200000,2026-09-11T12:20:00.000Z,2453.36,2458.13,2453.36,2454.69,7305.14,
1789129500000,2026-09-11T12:25:00.000Z,2454.69,2478.77,2453.23,2463.75,19437.23,
1789129800000,2026-09-11T12:30:00.000Z,2463.75,2476.52,2432.1,2470.44,69981.63,
1789130100000,2026-09-11T12:35:00.000Z,2470.44,2501.9,2468.55,2498.49,43543.05,
1789130400000,2026-09-11T12:40:00.000Z,2498.49,2504.21,2485.45,2492.7,15835.24,
1789130700000,2026-09-11T12:45:00.000Z,2492.7,2513.68,2492.31,2503,29590.05,
1789131000000,2026-09-11T12:50:00.000Z,2503,2514.58,2502.72,2509.06,13539.83,
1789131300000,2026-09-11T12:55:00.000Z,2509.06,2511.19,2503.05,2509.99,8864.08,
1789131600000,2026-09-11T13:00:00.000Z,2509.99,2510.98,2499.62,2500.92,5394.86,
1789131900000,2026-09-11T13:05:00.000Z,2500.92,2507.5,2493.51,2494.37,9335.72,
1789132200000,2026-09-11T13:10:00.000Z,2494.37,2501.36,2494.37,2500.99,3427.39,
1789132500000,2026-09-11T13:15:00.000Z,2500.99,2501.49,2496.9,2500.84,1609.85,
1789132800000,2026-09-11T13:20:00.000Z,2500.84,2510.3,2500.84,2506.47,5514.3,
1789133100000,2026-09-11T13:25:00.000Z,2506.47,2507.53,2499.03,2499.5,3667.48,
1789133400000,2026-09-11T13:30:00.000Z,2499.5,2506.83,2495,2499.98,4457.39,
1789133700000,2026-09-11T13:35:00.000Z,2499.98,2506.01,2489.1,2506.01,6810.61,
1789134000000,2026-09-11T13:40:00.000Z,2506.01,2523.93,2503.16,2522.69,22319.17,
1789134300000,2026-09-11T13:45:00.000Z,2522.69,2587.5,2517.86,2580.8,85029.28,
1789134600000,2026-09-11T13:50:00.000Z,2580.8,2604.42,2569.94,2590.01,66401.31,
1789134900000,2026-09-11T13:55:00.000Z,2590.01,2647.82,2590.01,2628.92,54550.06,
1789135200000,2026-09-11T14:00:00.000Z,2628.92,2667.24,2623.24,2639.39,62877.91,
1789135500000,2026-09-11T14:05:00.000Z,2639.39,2641.62,2608.95,2618.24,34400.83,
1789135800000,2026-09-11T14:10:00.000Z,2618.24,2618.87,2597.73,2611.55,15407.46,
1789136100000,2026-09-11T14:15:00.000Z,2611.55,2616.54,2603.45,2614.99,7521.3,
1789136400000,2026-09-11T14:20:00.000Z,2614.99,2619.49,2609.01,2615.65,7987.92,
1789136700000,2026-09-11T14:25:00.000Z,2615.65,2623.64,2611.72,2617.53,8106.1,
1789137000000,2026-09-11T14:30:00.000Z,2617.53,2618.77,2608.11,2608.26,4731.92,
1789137300000,2026-09-11T14:35:00.000Z,2608.26,2612.48,2602.33,2609.29,10163.86,
1789137600000,2026-09-11T14:40:00.000Z,2609.29,2612.47,2600.63,2606.97,5592.52,
1789137900000,2026-09-11T14:45:00.000Z,2606.97,2612.76,2591.05,2599.02,11189.4,
1789138200000,2026-09-11T14:50:00.000Z,2599.02,2604.1,2593.4,2602.8,2924.92,
1789138500000,2026-09-11T14:55:00.000Z,2602.8,2608.67,2601.77,2606.64,2021.4,
1789138800000,2026-09-11T15:00:00.000Z,2606.64,2609.19,2598.32,2603.74,2100.08,
1789139100000,2026-09-11T15:05:00.000Z,2603.74,2610.97,2602.16,2606.82,2525.17,
1789139400000,2026-09-11T15:10:00.000Z,2606.82,2607.61,2601.27,2602.4,3233.28,
1789139700000,2026-09-11T15:15:00.000Z,2602.4,2616,2601.52,2614.25,3978.74,
1789140000000,2026-09-11T15:20:00.000Z,2614.25,2615.99,2609.4,2613.26,2653.72,
1789140300000,2026-09-11T15:25:00.000Z,2613.26,2614,2610.12,2610.14,1036.01,
1789140600000,2026-09-11T15:30:00.000Z,2610.14,2614.76,2607.58,2614.72,1740.96,
1789140900000,2026-09-11T15:35:00.000Z,2614.72,2614.72,2606.25,2611.82,1652.46,
1789141200000,2026-09-11T15:40:00.000Z,2611.82,2613.49,2607,2607.34,1378.57,
1789141500000,2026-09-11T15:45:00.000Z,2607.34,2609.77,2605.39,2606.71,2676.41,
1789141800000,2026-09-11T15:50:00.000Z,2606.71,2607.54,2552.46,2558.59,45191.97,
1789142100000,2026-09-11T15:55:00.000Z,2558.59,2564.5,2542.11,2558.01,25034.59,
1789142400000,2026-09-11T16:00:00.000Z,2558.01,2573.82,2556.01,2567.76,11771.6,
1789142700000,2026-09-11T16:05:00.000Z,2567.76,2577.33,2564.43,2572.05,5653.92,
1789143000000,2026-09-11T16:10:00.000Z,2572.05,2573.15,2559,2559.26,8646.49,
1789143300000,2026-09-11T16:15:00.000Z,2559.26,2564.55,2547.42,2550.36,10034.42,
1789143600000,2026-09-11T16:20:00.000Z,2550.36,2553.59,2542.36,2552.64,9985.85,
1789143900000,2026-09-11T16:25:00.000Z,2552.64,2566.84,2551.81,2563.39,8606.16,
1789144200000,2026-09-11T16:30:00.000Z,2563.39,2571.58,2558.07,2569.17,5446.02,
1789144500000,2026-09-11T16:35:00.000Z,2569.17,2569.98,2562.66,2564.32,3286.73,
1789144800000,2026-09-11T16:40:00.000Z,2564.32,2570.44,2563.7,2570.17,3366.41,
1789145100000,2026-09-11T16:45:00.000Z,2570.17,2582.97,2568.91,2576.75,9350.37,
1789145400000,2026-09-11T16:50:00.000Z,2576.75,2579.99,2575.46,2578.36,1622.01,
1789145700000,2026-09-11T16:55:00.000Z,2578.36,2580.57,2574,2576.09,2611.01,
1789146000000,2026-09-11T17:00:00.000Z,2576.09,2578.34,2573.05,2578.25,3015.86,
1789146300000,2026-09-11T17:05:00.000Z,2578.25,2580.42,2572.44,2573.71,5307.98,
1789146600000,2026-09-11T17:10:00.000Z,2573.71,2574.39,2568.85,2569.2,1698.03,
1789146900000,2026-09-11T17:15:00.000Z,2569.2,2578.39,2569.1,2577.02,1993.11,
1789147200000,2026-09-11T17:20:00.000Z,2577.02,2577.75,2569.34,2575.46,1099.8,
1789147500000,2026-09-11T17:25:00.000Z,2575.46,2577.3,2574.19,2574.72,509.8,
1789147800000,2026-09-11T17:30:00.000Z,2574.72,2577.78,2573.49,2575.08,1003.23,
1789148100000,2026-09-11T17:35:00.000Z,2575.08,2575.19,2566,2566.49,2797.25,
1789148400000,2026-09-11T17:40:00.000Z,2566.49,2570.22,2565.8,2567.88,1497.26,
1789148700000,2026-09-11T17:45:00.000Z,2567.88,2571.81,2567.25,2569.96,1347.71,
1789149000000,2026-09-11T17:50:00.000Z,2569.96,2569.96,2562.04,2562.55,3020.77,
1789149300000,2026-09-11T17:55:00.000Z,2562.55,2568.62,2561.69,2565.07,2349.46,
1789149600000,2026-09-11T18:00:00.000Z,2565.07,2566.99,2543.95,2549.79,10068.46,
1789149900000,2026-09-11T18:05:00.000Z,2549.79,2550.54,2527.34,2537.16,22585.29,
1789150200000,2026-09-11T18:10:00.000Z,2537.16,2542.35,2533.44,2538.11,7087.06,
1789150500000,2026-09-11T18:15:00.000Z,2538.11,2548.25,2534.81,2547.26,4628.12,
1789150800000,2026-09-11T18:20:00.000Z,2547.26,2547.26,2541.15,2543.15,2549.55,
1789151100000,2026-09-11T18:25:00.000Z,2543.15,2543.91,2536.92,2543.2,4304.76,
1789151400000,2026-09-11T18:30:00.000Z,2543.2,2545.54,2539.4,2545.31,1776.56,
1789151700000,2026-09-11T18:35:00.000Z,2545.31,2547.77,2541.16,2545.12,2406.3,
1789152000000,2026-09-11T18:40:00.000Z,2545.12,2547,2539.01,2540.26,982.36,
1789152300000,2026-09-11T18:45:00.000Z,2540.26,2550,2537.11,2541.25,4648.59,
1789152600000,2026-09-11T18:50:00.000Z,2541.25,2541.25,2529.45,2531.87,3047.55,
1789152900000,2026-09-11T18:55:00.000Z,2531.87,2536.8,2529.75,2536.14,1722.05,
1789153200000,2026-09-11T19:00:00.000Z,2536.14,2541.09,2531.49,2541.09,1533.28,
1789153500000,2026-09-11T19:05:00.000Z,2541.09,2546.48,2540.41,2543.95,1789.82,
1789153800000,2026-09-11T19:10:00.000Z,2543.95,2545.8,2541.01,2544.03,656.27,
1789154100000,2026-09-11T19:15:00.000Z,2544.03,2544.32,2536.95,2540.11,2568.14,
1789154400000,2026-09-11T19:20:00.000Z,2540.11,2544.32,2537.95,2544.23,1103.55,
1789154700000,2026-09-11T19:25:00.000Z,2544.23,2548.02,2544.11,2544.42,2833.46,
1789155000000,2026-09-11T19:30:00.000Z,2544.42,2545.9,2543.45,2544.46,658.37,
1789155300000,2026-09-11T19:35:00.000Z,2544.46,2546,2540.15,2543.38,3377.72,
1789155600000,2026-09-11T19:40:00.000Z,2543.38,2545.58,2541.12,2542.42,920.06,
1789155900000,2026-09-11T19:45:00.000Z,2542.42,2542.82,2538.75,2539.7,710.43,
1789156200000,2026-09-11T19:50:00.000Z,2539.7,2542.09,2538.01,2539.91,985.63,
1789156500000,2026-09-11T19:55:00.000Z,2539.91,2540.37,2536.8,2538.28,2055.08,
1789156800000,2026-09-11T20:00:00.000Z,2538.28,2544.77,2536.71,2544.31,1116.68,
1789157100000,2026-09-11T20:05:00.000Z,2544.31,2545.22,2541.53,2541.65,865.41,
1789157400000,2026-09-11T20:10:00.000Z,2541.65,2546.66,2540.9,2543.35,566.41,
1789157700000,2026-09-11T20:15:00.000Z,2543.35,2543.59,2538,2539,506.89,
1789158000000,2026-09-11T20:20:00.000Z,2539,2539.27,2537.07,2539.19,507.04,
1789158300000,2026-09-11T20:25:00.000Z,2539.19,2540.65,2534.18,2535.46,2360.5,
1789158600000,2026-09-11T20:30:00.000Z,2535.46,2535.46,2523,2532.25,12386.51,
1789158900000,2026-09-11T20:35:00.000Z,2532.25,2537.39,2531.3,2537.22,988.05,
1789159200000,2026-09-11T20:40:00.000Z,2537.22,2540.47,2534.69,2536,2874.24,
1789159500000,2026-09-11T20:45:00.000Z,2536,2536.59,2524.2,2527.7,1744.75,
1789159800000,2026-09-11T20:50:00.000Z,2527.7,2530,2521.64,2527.33,4529.95,
1789160100000,2026-09-11T20:55:00.000Z,2527.33,2530.39,2525.41,2529.29,850.27,
1789160400000,2026-09-11T21:00:00.000Z,2529.29,2531.63,2528.81,2531.16,870.46,
1789160700000,2026-09-11T21:05:00.000Z,2531.16,2536.82,2529.75,2535.32,2647.24,
1789161000000,2026-09-11T21:10:00.000Z,2535.32,2540.25,2535.14,2538.24,4465.83,
1789161300000,2026-09-11T21:15:00.000Z,2538.24,2539.43,2537.45,2537.45,401.16,
1789161600000,2026-09-11T21:20:00.000Z,2537.45,2538.37,2535.8,2536.29,470.72,
1789161900000,2026-09-11T21:25:00.000Z,2536.29,2537.38,2534.54,2534.62,806.34,
1789162200000,2026-09-11T21:30:00.000Z,2534.62,2537.43,2532.81,2537.12,802.15,
1789162500000,2026-09-11T21:35:00.000Z,2537.12,2537.48,2533.7,2536.65,215.25,
1789162800000,2026-09-11T21:40:00.000Z,2536.65,2536.84,2533.07,2533.84,196.07,
1789163100000,2026-09-11T21:45:00.000Z,2533.84,2534.64,2528.31,2528.33,1127.29,
1789163400000,2026-09-11T21:50:00.000Z,2528.33,2529.37,2520.73,2521.7,12836.17,
1789163700000,2026-09-11T21:55:00.000Z,2521.7,2521.7,2512,2515.1,6195.39,
1789164000000,2026-09-11T22:00:00.000Z,2515.1,2519.21,2504.21,2518.39,14909.77,
1789164300000,2026-09-11T22:05:00.000Z,2518.39,2519.2,2508.7,2509.49,2187.31,
1789164600000,2026-09-11T22:10:00.000Z,2509.49,2519.02,2509.49,2518.97,8473.66,
1789164900000,2026-09-11T22:15:00.000Z,2518.97,2520.33,2515.83,2519.52,2597.08,
1789165200000,2026-09-11T22:20:00.000Z,2519.52,2521.61,2517.66,2521.22,1523.58,
1789165500000,2026-09-11T22:25:00.000Z,2521.22,2522.68,2515.51,2516.84,3189.21,
1789165800000,2026-09-11T22:30:00.000Z,2516.84,2518,2509.23,2509.96,1738.73,
1789166100000,2026-09-11T22:35:00.000Z,2509.96,2519.43,2508.73,2519.09,4694.02,
1789166400000,2026-09-11T22:40:00.000Z,2519.09,2521.77,2515,2516.2,3551.17,
1789166700000,2026-09-11T22:45:00.000Z,2516.2,2516.2,2510.5,2510.5,1058.15,
1789167000000,2026-09-11T22:50:00.000Z,2510.5,2512.3,2505.64,2511.1,14796.98,
1789167300000,2026-09-11T22:55:00.000Z,2511.1,2514.99,2506.88,2510.32,4832.8,
1789167600000,2026-09-11T23:00:00.000Z,2510.32,2513,2507.75,2512.99,1333.21,
1789167900000,2026-09-11T23:05:00.000Z,2512.99,2512.99,2508.66,2512.08,857.57,
1789168200000,2026-09-11T23:10:00.000Z,2512.08,2513.7,2511.18,2511.81,1291.67,
1789168500000,2026-09-11T23:15:00.000Z,2511.81,2514.06,2511,2513.29,645.13,
1789168800000,2026-09-11T23:20:00.000Z,2513.29,2513.63,2508.33,2508.87,545.38,
1789169100000,2026-09-11T23:25:00.000Z,2508.87,2513.5,2508.87,2510.73,547.99,
1789169400000,2026-09-11T23:30:00.000Z,2510.73,2511.68,2509.9,2509.9,647.9,
1789169700000,2026-09-11T23:35:00.000Z,2509.9,2512.5,2509.9,2512.43,816.92,
1789170000000,2026-09-11T23:40:00.000Z,2512.43,2513.2,2509.83,2510,1051.92,
1789170300000,2026-09-11T23:45:00.000Z,2510,2511.87,2510,2511.53,142.98,
1789170600000,2026-09-11T23:50:00.000Z,2511.53,2514.29,2511.13,2513.59,810.11,
1789170900000,2026-09-11T23:55:00.000Z,2513.59,2515.43,2513.55,2515.42,2059.93,
1789171200000,2026-09-12T00:00:00.000Z,2515.42,2516.67,2512.14,2515.58,1339.88,
1789171500000,2026-09-12T00:05:00.000Z,2515.58,2515.58,2510.62,2511.63,873.42,
1789171800000,2026-09-12T00:10:00.000Z,2511.63,2516.29,2510.34,2516.29,893.83,
1789172100000,2026-09-12T00:15:00.000Z,2516.29,2516.5,2514.24,2515.92,591.17,
1789172400000,2026-09-12T00:20:00.000Z,2515.92,2515.98,2514.19,2515.68,897.95,
1789172700000,2026-09-12T00:25:00.000Z,2515.68,2515.68,2514.01,2514.14,490.49,
1789173000000,2026-09-12T00:30:00.000Z,2514.14,2514.29,2511.52,2513.51,3284,
1789173300000,2026-09-12T00:35:00.000Z,2513.51,2513.95,2511.53,2513.48,736.58,
1789173600000,2026-09-12T00:40:00.000Z,2513.48,2513.65,2512.14,2512.25,167.11,
1789173900000,2026-09-12T00:45:00.000Z,2512.25,2512.26,2510.49,2510.49,300.15,
1789174200000,2026-09-12T00:50:00.000Z,2510.49,2512.59,2509.52,2512.3,1526.68,
1789174500000,2026-09-12T00:55:00.000Z,2512.3,2513,2509.63,2509.63,853.51,
1789174800000,2026-09-12T01:00:00.000Z,2509.63,2511.91,2508.2,2511.69,1142.17,
1789175100000,2026-09-12T01:05:00.000Z,2511.69,2514,2511.38,2514,698.04,
1789175400000,2026-09-12T01:10:00.000Z,2514,2515.12,2512.52,2515.12,612.07,
1789175700000,2026-09-12T01:15:00.000Z,2515.12,2516.19,2514.28,2514.28,622.15,
1789176000000,2026-09-12T01:20:00.000Z,2514.28,2515.11,2512.82,2514.78,922.3,
1789176300000,2026-09-12T01:25:00.000Z,2514.78,2515.05,2511,2513.05,706.58,
1789176600000,2026-09-12T01:30:00.000Z,2513.05,2514.26,2512.01,2513.99,190.05,
1789176900000,2026-09-12T01:35:00.000Z,2513.99,2514.5,2510.58,2512.61,2510.3,
1789177200000,2026-09-12T01:40:00.000Z,2512.61,2513.98,2511.45,2512.7,117.97,
1789177500000,2026-09-12T01:45:00.000Z,2512.7,2514.9,2512.01,2514.66,228.26,
1789177800000,2026-09-12T01:50:00.000Z,2514.66,2515.9,2511.51,2514.42,2838.52,
1789178100000,2026-09-12T01:55:00.000Z,2514.42,2514.42,2512.93,2512.94,3174.7,
1789178400000,2026-09-12T02:00:00.000Z,2512.94,2514.76,2511.55,2512.73,975.46,
1789178700000,2026-09-12T02:05:00.000Z,2512.73,2514.19,2512.13,2513.67,358.98,
1789179000000,2026-09-12T02:10:00.000Z,2513.67,2515,2512.35,2512.52,437.83,
1789179300000,2026-09-12T02:15:00.000Z,2512.52,2513.01,2511.73,2512.55,183.85,
1789179600000,2026-09-12T02:20:00.000Z,2512.55,2514.32,2512.01,2513.8,238.67,
1789179900000,2026-09-12T02:25:00.000Z,2513.8,2514.33,2512.55,2513.31,161.49,
1789180200000,2026-09-12T02:30:00.000Z,2513.31,2514.04,2512,2512,116.66,
1789180500000,2026-09-12T02:35:00.000Z,2512,2513.73,2511.27,2513.12,1337.17,
1789180800000,2026-09-12T02:40:00.000Z,2513.12,2514.87,2512,2512.5,1101.44,
1789181100000,2026-09-12T02:45:00.000Z,2512.5,2514.3,2511.5,2513.46,1074.91,
1789181400000,2026-09-12T02:50:00.000Z,2513.46,2514,2511.36,2513.65,1140.49,
1789181700000,2026-09-12T02:55:00.000Z,2513.65,2514.35,2511.75,2513.3,2045.32,
1789182000000,2026-09-12T03:00:00.000Z,2513.3,2514.2,2511,2514.16,470.56,
1789182300000,2026-09-12T03:05:00.000Z,2514.16,2514.8,2511.2,2512.93,1806.29,
1789182600000,2026-09-12T03:10:00.000Z,2512.93,2514.87,2512.48,2512.76,1158.82,
1789182900000,2026-09-12T03:15:00.000Z,2512.76,2514.9,2511.34,2513.25,1641.81,
1789183200000,2026-09-12T03:20:00.000Z,2513.25,2513.25,2508.38,2510.06,3356.62,
1789183500000,2026-09-12T03:25:00.000Z,2510.06,2512.73,2510.05,2512.32,289.08,
1789183800000,2026-09-12T03:30:00.000Z,2512.32,2512.89,2511.38,2512.13,205.37,
1789184100000,2026-09-12T03:35:00.000Z,2512.13,2512.47,2511.45,2511.92,190.97,
1789184400000,2026-09-12T03:40:00.000Z,2511.92,2512.12,2510.88,2511.89,133.35,
1789184700000,2026-09-12T03:45:00.000Z,2511.89,2511.89,2510.5,2511.42,862.21,
1789185000000,2026-09-12T03:50:00.000Z,2511.42,2512.49,2511.04,2512.49,125,
1789185300000,2026-09-12T03:55:00.000Z,2512.49,2512.7,2511.82,2512.05,75.43,
1789185600000,2026-09-12T04:00:00.000Z,2512.05,2512.66,2511.56,2511.64,112.72,
1789185900000,2026-09-12T04:05:00.000Z,2511.64,2512.6,2511.54,2511.92,716.39,
1789186200000,2026-09-12T04:10:00.000Z,2511.92,2512.09,2511.45,2511.77,72.7,
1789186500000,2026-09-12T04:15:00.000Z,2511.77,2512.39,2509.06,2509.76,1514.59,
1789186800000,2026-09-12T04:20:00.000Z,2509.76,2511.19,2508.79,2509.79,1393.02,
1789187100000,2026-09-12T04:25:00.000Z,2509.79,2511,2509.5,2511,222.5,
1789187400000,2026-09-12T04:30:00.000Z,2511,2512.94,2510.99,2512,236.26,
1789187700000,2026-09-12T04:35:00.000Z,2512,2514.05,2511.78,2513.69,430.13,
1789188000000,2026-09-12T04:40:00.000Z,2513.69,2513.74,2512,2512.01,551.58,
1789188300000,2026-09-12T04:45:00.000Z,2512.01,2512.62,2510.9,2512.38,242.38,
1789188600000,2026-09-12T04:50:00.000Z,2512.38,2512.6,2511.36,2511.57,50.44,
1789188900000,2026-09-12T04:55:00.000Z,2511.57,2511.89,2511.41,2511.45,77.71,
1789189200000,2026-09-12T05:00:00.000Z,2511.45,2511.63,2510.44,2511.42,217.69,
1789189500000,2026-09-12T05:05:00.000Z,2511.42,2511.42,2510.19,2510.33,221.85,
1789189800000,2026-09-12T05:10:00.000Z,2510.33,2511.52,2509.32,2510.02,595.45,
1789190100000,2026-09-12T05:15:00.000Z,2510.02,2510.64,2508.31,2510.42,1715.57,
1789190400000,2026-09-12T05:20:00.000Z,2510.42,2511.56,2509.06,2509.9,702.34,
1789190700000,2026-09-12T05:25:00.000Z,2509.9,2510.78,2508.56,2508.56,425.7,
1789191000000,2026-09-12T05:30:00.000Z,2508.56,2511.14,2507.6,2511.14,2592.56,
1789191300000,2026-09-12T05:35:00.000Z,2511.14,2511.95,2509.77,2510.61,1319.26,
1789191600000,2026-09-12T05:40:00.000Z,2510.61,2510.95,2510,2510.5,236.52,
1789191900000,2026-09-12T05:45:00.000Z,2510.5,2511.39,2510.49,2511,121.55,
1789192200000,2026-09-12T05:50:00.000Z,2511,2511.74,2510.92,2511.11,564.49,
1789192500000,2026-09-12T05:55:00.000Z,2511.11,2511.59,2510.51,2510.6,368,
1789192800000,2026-09-12T06:00:00.000Z,2510.6,2511.11,2510.22,2510.39,287.51,
1789193100000,2026-09-12T06:05:00.000Z,2510.39,2510.51,2509.52,2509.96,326.67,
1789193400000,2026-09-12T06:10:00.000Z,2509.96,2510.39,2509.15,2509.47,356.55,
1789193700000,2026-09-12T06:15:00.000Z,2509.47,2512,2509.37,2510.99,231.56,
1789194000000,2026-09-12T06:20:00.000Z,2510.99,2511.57,2510.56,2510.73,500.8,
1789194300000,2026-09-12T06:25:00.000Z,2510.73,2511.84,2510.73,2511.06,354.25,
1789194600000,2026-09-12T06:30:00.000Z,2511.06,2514.5,2511.06,2512.47,2077.2,
1789194900000,2026-09-12T06:35:00.000Z,2512.47,2514.58,2512.09,2514.53,495.69,
1789195200000,2026-09-12T06:40:00.000Z,2514.53,2517.93,2513.84,2517.61,1777.64,
1789195500000,2026-09-12T06:45:00.000Z,2517.61,2522.3,2517.09,2520.27,16335,
1789195800000,2026-09-12T06:50:00.000Z,2520.27,2521,2519.42,2519.42,2302.81,
1789196100000,2026-09-12T06:55:00.000Z,2519.42,2519.43,2517.63,2518.65,933.67,
1789196400000,2026-09-12T07:00:00.000Z,2518.65,2522.5,2518.64,2521.35,677.35,
1789196700000,2026-09-12T07:05:00.000Z,2521.35,2524.03,2520.34,2523.5,1525.86,
1789197000000,2026-09-12T07:10:00.000Z,2523.5,2523.7,2522.11,2523.25,780.24,
1789197300000,2026-09-12T07:15:00.000Z,2523.25,2523.25,2521,2521.18,620.18,
1789197600000,2026-09-12T07:20:00.000Z,2521.18,2523.53,2521.17,2522.67,1476.21,
1789197900000,2026-09-12T07:25:00.000Z,2522.67,2523,2522,2522.11,753.22,
1789198200000,2026-09-12T07:30:00.000Z,2522.11,2522.29,2521.08,2521.08,249.43,
1789198500000,2026-09-12T07:35:00.000Z,2521.08,2522.25,2521.02,2521.25,288.65,
1789198800000,2026-09-12T07:40:00.000Z,2521.25,2522.41,2521.01,2522.02,313.94,
1789199100000,2026-09-12T07:45:00.000Z,2522.02,2522.37,2520.91,2522.16,625.42,
1789199400000,2026-09-12T07:50:00.000Z,2522.16,2523.4,2521.76,2523.06,291.43,
1789199700000,2026-09-12T07:55:00.000Z,2523.06,2523.5,2522.34,2522.93,445.15,
1789200000000,2026-09-12T08:00:00.000Z,2522.93,2523.25,2522.08,2522.63,303.88,
1789200300000,2026-09-12T08:05:00.000Z,2522.63,2525.88,2522.43,2525.76,1473.71,
1789200600000,2026-09-12T08:10:00.000Z,2525.76,2527.31,2523.66,2524.98,2291.31,
1789200900000,2026-09-12T08:15:00.000Z,2524.98,2527.61,2524.72,2526.29,2193.4,
1789201200000,2026-09-12T08:20:00.000Z,2526.29,2529.32,2525.77,2526.5,6917.94,
1789201500000,2026-09-12T08:25:00.000Z,2526.5,2528.17,2525.7,2528.03,982.67,
1789201800000,2026-09-12T08:30:00.000Z,2528.03,2529.37,2526.61,2527.94,1502.58,
1789202100000,2026-09-12T08:35:00.000Z,2527.94,2532.29,2526.55,2530.24,2559.9,
1789202400000,2026-09-12T08:40:00.000Z,2530.24,2532.25,2529.74,2531.65,1135.62,
1789202700000,2026-09-12T08:45:00.000Z,2531.65,2534.65,2531.35,2533.72,1292.44,
1789203000000,2026-09-12T08:50:00.000Z,2533.72,2535.54,2533,2533,2204.51,
1789203300000,2026-09-12T08:55:00.000Z,2533,2533.64,2531.05,2532.23,2047.61,
1789203600000,2026-09-12T09:00:00.000Z,2532.23,2535.85,2530.85,2533.43,1568.16,
1789203900000,2026-09-12T09:05:00.000Z,2533.43,2536,2531.27,2531.53,813.93,
1789204200000,2026-09-12T09:10:00.000Z,2531.53,2534.11,2531,2534.11,1492.45,
1789204500000,2026-09-12T09:15:00.000Z,2534.11,2536.03,2533.18,2534.46,1447.66,
1789204800000,2026-09-12T09:20:00.000Z,2534.46,2535.5,2531.55,2534.61,2219.63,
1789205100000,2026-09-12T09:25:00.000Z,2534.61,2535.98,2533.59,2534.73,1636.01,
1789205400000,2026-09-12T09:30:00.000Z,2534.73,2536.2,2531.75,2532.14,952.64,
1789205700000,2026-09-12T09:35:00.000Z,2532.14,2534.73,2530.59,2532.76,2050.47,
1789206000000,2026-09-12T09:40:00.000Z,2532.76,2533.73,2530.67,2531.16,1984.52,
1789206300000,2026-09-12T09:45:00.000Z,2531.16,2531.95,2528.7,2528.77,2002.47,
1789206600000,2026-09-12T09:50:00.000Z,2528.77,2531.49,2528.25,2528.29,1532.8,
1789206900000,2026-09-12T09:55:00.000Z,2528.29,2530.45,2528.19,2530.1,1272.72,
1789207200000,2026-09-12T10:00:00.000Z,2530.1,2533.55,2530.02,2531.8,910.03,
1789207500000,2026-09-12T10:05:00.000Z,2531.8,2535.64,2531.74,2533.39,461.17,
1789207800000,2026-09-12T10:10:00.000Z,2533.39,2533.7,2532.39,2533.01,223.17,
1789208100000,2026-09-12T10:15:00.000Z,2533.01,2533.12,2531.9,2532.04,450.51,
1789208400000,2026-09-12T10:20:00.000Z,2532.04,2532.5,2530.62,2530.82,143.97,
1789208700000,2026-09-12T10:25:00.000Z,2530.82,2531.2,2530.81,2531.02,319.9,
1789209000000,2026-09-12T10:30:00.000Z,2531.02,2531.2,2530.07,2530.08,211.94,
1789209300000,2026-09-12T10:35:00.000Z,2530.08,2530.97,2530.07,2530.97,114.82,
1789209600000,2026-09-12T10:40:00.000Z,2530.97,2532.5,2530.96,2532.13,302.55,
1789209900000,2026-09-12T10:45:00.000Z,2532.13,2533.84,2531.48,2532.29,1405.25,
1789210200000,2026-09-12T10:50:00.000Z,2532.29,2532.29,2530.1,2530.11,349.39,
1789210500000,2026-09-12T10:55:00.000Z,2530.11,2533.25,2530.1,2532.5,1304.53,
1789210800000,2026-09-12T11:00:00.000Z,2532.5,2534.26,2531.33,2531.87,1641.27,
1789211100000,2026-09-12T11:05:00.000Z,2531.87,2532.05,2530.16,2530.39,401.71,
1789211400000,2026-09-12T11:10:00.000Z,2530.39,2531.58,2530.16,2530.85,181.23,
1789211700000,2026-09-12T11:15:00.000Z,2530.85,2531.05,2529.86,2530.84,484.06,
1789212000000,2026-09-12T11:20:00.000Z,2530.84,2531.53,2530.56,2531.53,132.01,
1789212300000,2026-09-12T11:25:00.000Z,2531.53,2531.89,2530.7,2531.69,306.85,
1789212600000,2026-09-12T11:30:00.000Z,2531.69,2534.1,2531.66,2533.7,723.21,
1789212900000,2026-09-12T11:35:00.000Z,2533.7,2535.63,2533.18,2533.81,598.54,
1789213200000,2026-09-12T11:40:00.000Z,2533.81,2535.94,2533.7,2535.72,598.69,
1789213500000,2026-09-12T11:45:00.000Z,2535.72,2536.1,2534.67,2535.02,504.18,
1789213800000,2026-09-12T11:50:00.000Z,2535.02,2535.39,2534.25,2534.85,236.78,
1789214100000,2026-09-12T11:55:00.000Z,2534.85,2535.14,2534.32,2535.13,192.01,
1789214400000,2026-09-12T12:00:00.000Z,2535.13,2535.14,2533.68,2533.81,200.81,
1789214700000,2026-09-12T12:05:00.000Z,2533.81,2535,2533.81,2534.45,509.18,
1789215000000,2026-09-12T12:10:00.000Z,2534.45,2534.45,2532.54,2532.92,1512.48,
1789215300000,2026-09-12T12:15:00.000Z,2532.92,2534.16,2532.01,2532.53,1304.09,
1789215600000,2026-09-12T12:20:00.000Z,2532.53,2532.88,2532.2,2532.66,181.56,
1789215900000,2026-09-12T12:25:00.000Z,2532.66,2533.17,2532.27,2532.51,206.55,
1789216200000,2026-09-12T12:30:00.000Z,2532.51,2532.83,2532,2532.48,210.28,
1789216500000,2026-09-12T12:35:00.000Z,2532.48,2534.79,2532.47,2534.12,242.44,
1789216800000,2026-09-12T12:40:00.000Z,2534.12,2535.11,2532.88,2533.21,817.5,
1789217100000,2026-09-12T12:45:00.000Z,2533.21,2535.07,2533.2,2534.25,396.22,
1789217400000,2026-09-12T12:50:00.000Z,2534.25,2534.26,2530.88,2531.72,748.58,
1789217700000,2026-09-12T12:55:00.000Z,2531.72,2534.67,2531.72,2534.54,1279.84,
1789218000000,2026-09-12T13:00:00.000Z,2534.54,2534.79,2532.2,2534.59,1035.61,
1789218300000,2026-09-12T13:05:00.000Z,2534.59,2546.31,2534,2539.18,14217.89,
1789218600000,2026-09-12T13:10:00.000Z,2539.18,2542.99,2538.08,2538.25,8775.48,
1789218900000,2026-09-12T13:15:00.000Z,2538.25,2539.96,2535.36,2538.13,3008.35,
1789219200000,2026-09-12T13:20:00.000Z,2538.13,2539.96,2538.13,2539.73,521.61,
1789219500000,2026-09-12T13:25:00.000Z,2539.73,2540.99,2537.72,2539.75,2241.51,
1789219800000,2026-09-12T13:30:00.000Z,2539.75,2540.5,2536.46,2539.75,2466.61,
1789220100000,2026-09-12T13:35:00.000Z,2539.75,2539.88,2537.95,2538.01,309.36,
1789220400000,2026-09-12T13:40:00.000Z,2538.01,2538.89,2537.41,2537.55,407.13,
1789220700000,2026-09-12T13:45:00.000Z,2537.55,2538.22,2536.5,2537.47,529.79,
1789221000000,2026-09-12T13:50:00.000Z,2537.47,2540.5,2537.07,2540.2,1739.57,
1789221300000,2026-09-12T13:55:00.000Z,2540.2,2546.13,2539.95,2543.67,4301.37,
1789221600000,2026-09-12T14:00:00.000Z,2543.67,2545.03,2540.96,2541.63,1437.07,
1789221900000,2026-09-12T14:05:00.000Z,2541.63,2543.92,2541.42,2542,1126.47,
1789222200000,2026-09-12T14:10:00.000Z,2542,2542.06,2539.6,2540.13,737.18,
1789222500000,2026-09-12T14:15:00.000Z,2540.13,2541.12,2540.08,2540.08,589.14,
1789222800000,2026-09-12T14:20:00.000Z,2540.08,2543.09,2539.75,2539.95,1405.55,
1789223100000,2026-09-12T14:25:00.000Z,2539.95,2542.39,2539.95,2541.53,1528.33,
1789223400000,2026-09-12T14:30:00.000Z,2541.53,2543.59,2539.76,2539.87,2186.18,
1789223700000,2026-09-12T14:35:00.000Z,2539.87,2542.63,2539.87,2541.3,658.17,
1789224000000,2026-09-12T14:40:00.000Z,2541.3,2543.47,2538.1,2538.55,1535.27,
1789224300000,2026-09-12T14:45:00.000Z,2538.55,2539.99,2538.1,2539.82,372.31,
1789224600000,2026-09-12T14:50:00.000Z,2539.82,2540.83,2538.63,2539.38,1101.3,
1789224900000,2026-09-12T14:55:00.000Z,2539.38,2539.75,2538.11,2539,858.96,
1789225200000,2026-09-12T15:00:00.000Z,2539,2539.63,2538.55,2538.96,641.63,
1789225500000,2026-09-12T15:05:00.000Z,2538.96,2539.33,2537.01,2537.28,2015.13,
1789225800000,2026-09-12T15:10:00.000Z,2537.28,2540.01,2535.9,2538.85,1966.3,
1789226100000,2026-09-12T15:15:00.000Z,2538.85,2541,2537.87,2538.75,2104.57,
1789226400000,2026-09-12T15:20:00.000Z,2538.75,2540,2538.61,2539.09,568.87,
1789226700000,2026-09-12T15:25:00.000Z,2539.09,2540.96,2538.63,2538.93,2048.66,
1789227000000,2026-09-12T15:30:00.000Z,2538.93,2539.59,2535.48,2537.06,3131.02,
1789227300000,2026-09-12T15:35:00.000Z,2537.06,2537.07,2530,2534.05,9381.8,
1789227600000,2026-09-12T15:40:00.000Z,2534.05,2534.88,2532.7,2533.84,722.2,
1789227900000,2026-09-12T15:45:00.000Z,2533.84,2534.77,2530.71,2531.73,2226.45,
1789228200000,2026-09-12T15:50:00.000Z,2531.73,2532.5,2531.47,2532.26,292.62,
1789228500000,2026-09-12T15:55:00.000Z,2532.26,2535.16,2531.66,2533.93,2202.01,
1789228800000,2026-09-12T16:00:00.000Z,2533.93,2535.45,2533.93,2534.63,373.92,
1789229100000,2026-09-12T16:05:00.000Z,2534.63,2534.98,2531.25,2532.57,2560.81,
1789229400000,2026-09-12T16:10:00.000Z,2532.57,2534.82,2532.57,2534.23,3153.49,
1789229700000,2026-09-12T16:15:00.000Z,2534.23,2534.75,2533.03,2533.03,797.66,
1789230000000,2026-09-12T16:20:00.000Z,2533.03,2533.29,2532.45,2532.79,285.79,
1789230300000,2026-09-12T16:25:00.000Z,2532.79,2532.8,2531.38,2531.69,1002.81,
1789230600000,2026-09-12T16:30:00.000Z,2531.69,2532.24,2531.35,2532.23,266.53,
1789230900000,2026-09-12T16:35:00.000Z,2532.23,2532.27,2529.87,2530.84,539.29,
1789231200000,2026-09-12T16:40:00.000Z,2530.84,2531.73,2529.5,2529.5,264.43,
1789231500000,2026-09-12T16:45:00.000Z,2529.5,2530.58,2528.94,2529.97,1217.03,
1789231800000,2026-09-12T16:50:00.000Z,2529.97,2531.21,2529.65,2531.21,185.14,
1789232100000,2026-09-12T16:55:00.000Z,2531.21,2532.33,2529.59,2530.7,1704.57,
1789232400000,2026-09-12T17:00:00.000Z,2530.7,2532.25,2530,2531.59,1535.62,
1789232700000,2026-09-12T17:05:00.000Z,2531.59,2532.45,2531.59,2532.16,131.57,
1789233000000,2026-09-12T17:10:00.000Z,2532.16,2533.64,2529.88,2530.93,2568.36,
1789233300000,2026-09-12T17:15:00.000Z,2530.93,2532.79,2529.06,2529.71,391.99,
1789233600000,2026-09-12T17:20:00.000Z,2529.71,2529.71,2525.64,2526.99,2385.65,
1789233900000,2026-09-12T17:25:00.000Z,2526.99,2527.6,2526.01,2526.74,874.5,
1789234200000,2026-09-12T17:30:00.000Z,2526.74,2527,2522.92,2525.8,1403.08,
1789234500000,2026-09-12T17:35:00.000Z,2525.8,2526.09,2523.67,2524.19,827.49,
1789234800000,2026-09-12T17:40:00.000Z,2524.19,2526.07,2523.61,2526.06,1109.31,
1789235100000,2026-09-12T17:45:00.000Z,2526.06,2526.07,2524.5,2524.79,506.42,
1789235400000,2026-09-12T17:50:00.000Z,2524.79,2525.1,2523.65,2524.86,431.8,
1789235700000,2026-09-12T17:55:00.000Z,2524.86,2525.58,2524.85,2525.01,273.86,
1789236000000,2026-09-12T18:00:00.000Z,2525.01,2525.01,2522.94,2523.41,448.36,
1789236300000,2026-09-12T18:05:00.000Z,2523.41,2526.81,2523.17,2524.83,706.38,
1789236600000,2026-09-12T18:10:00.000Z,2524.83,2525,2522.5,2522.99,1299.49,
1789236900000,2026-09-12T18:15:00.000Z,2522.99,2524.66,2521.14,2522.77,1672.29,
1789237200000,2026-09-12T18:20:00.000Z,2522.77,2526.59,2522.58,2525.89,2784.54,
1789237500000,2026-09-12T18:25:00.000Z,2525.89,2526.3,2523.19,2524.1,705.65,
1789237800000,2026-09-12T18:30:00.000Z,2524.1,2525.14,2522.45,2523.01,1360.65,
1789238100000,2026-09-12T18:35:00.000Z,2523.01,2525,2520.06,2524.49,3172.37,
1789238400000,2026-09-12T18:40:00.000Z,2524.49,2524.49,2522.67,2523.16,105.73,
1789238700000,2026-09-12T18:45:00.000Z,2523.16,2523.72,2522.34,2522.34,242.95,
1789239000000,2026-09-12T18:50:00.000Z,2522.34,2522.67,2520,2521.08,1346.98,
1789239300000,2026-09-12T18:55:00.000Z,2521.08,2522.01,2520.92,2521.71,206.13,
1789239600000,2026-09-12T19:00:00.000Z,2521.71,2521.73,2519.51,2520.7,954.72,
1789239900000,2026-09-12T19:05:00.000Z,2520.7,2522,2519.73,2520.54,1012.17,
1789240200000,2026-09-12T19:10:00.000Z,2520.54,2522,2518,2521.76,3587.79,
1789240500000,2026-09-12T19:15:00.000Z,2521.76,2521.77,2519.96,2521.07,257.6,
1789240800000,2026-09-12T19:20:00.000Z,2521.07,2521.07,2518.88,2519.35,996.58,
1789241100000,2026-09-12T19:25:00.000Z,2519.35,2520.66,2518.22,2518.83,1616,
1789241400000,2026-09-12T19:30:00.000Z,2518.83,2519.63,2517.26,2519.63,1782.06,
1789241700000,2026-09-12T19:35:00.000Z,2519.63,2519.67,2514.17,2514.38,5636.23,
1789242000000,2026-09-12T19:40:00.000Z,2514.38,2516.19,2513.91,2514.43,3905.61,
1789242300000,2026-09-12T19:45:00.000Z,2514.43,2516.81,2514.18,2516.3,984.66,
1789242600000,2026-09-12T19:50:00.000Z,2516.3,2517.98,2515.69,2516.35,1163.46,
1789242900000,2026-09-12T19:55:00.000Z,2516.35,2518.8,2516.34,2518.15,377.16,
1789243200000,2026-09-12T20:00:00.000Z,2518.15,2519.88,2518.15,2519.75,550.92,
1789243500000,2026-09-12T20:05:00.000Z,2519.75,2521.46,2519.74,2520.5,296.99,
1789243800000,2026-09-12T20:10:00.000Z,2520.5,2521.44,2520.5,2521.16,125.67,
1789244100000,2026-09-12T20:15:00.000Z,2521.16,2523.17,2519.4,2520.54,1104.26,
1789244400000,2026-09-12T20:20:00.000Z,2520.54,2521.79,2520.54,2521.15,132.01,
1789244700000,2026-09-12T20:25:00.000Z,2521.15,2522.59,2520.89,2521.72,85.24,
1789245000000,2026-09-12T20:30:00.000Z,2521.72,2522.45,2521,2521.21,591.3,
1789245300000,2026-09-12T20:35:00.000Z,2521.21,2522,2520,2520.48,394.45,
1789245600000,2026-09-12T20:40:00.000Z,2520.48,2522.18,2520,2521.28,2428.72,
1789245900000,2026-09-12T20:45:00.000Z,2521.28,2522.19,2520.32,2522.11,198.5,
1789246200000,2026-09-12T20:50:00.000Z,2522.11,2522.7,2519.12,2519.34,2839.71,
1789246500000,2026-09-12T20:55:00.000Z,2519.34,2519.58,2519.33,2519.41,42.74,
1789246800000,2026-09-12T21:00:00.000Z,2519.41,2522.72,2518.75,2522.37,2401.71,
1789247100000,2026-09-12T21:05:00.000Z,2522.37,2527.02,2522.18,2525.91,2209.25,
1789247400000,2026-09-12T21:10:00.000Z,2525.91,2527.88,2523.12,2524.97,3331.88,
1789247700000,2026-09-12T21:15:00.000Z,2524.97,2525.15,2522.55,2522.55,215.95,
1789248000000,2026-09-12T21:20:00.000Z,2522.55,2523.36,2522.1,2523.35,200.45,
1789248300000,2026-09-12T21:25:00.000Z,2523.35,2524.11,2522.92,2523.84,320.54,
1789248600000,2026-09-12T21:30:00.000Z,2523.84,2524.41,2523.7,2524.14,126.44,
1789248900000,2026-09-12T21:35:00.000Z,2524.14,2525.3,2524.14,2524.31,376.73,
1789249200000,2026-09-12T21:40:00.000Z,2524.31,2524.44,2523,2523.01,134.34,
1789249500000,2026-09-12T21:45:00.000Z,2523.01,2523.74,2521.48,2522.98,319.88,
1789249800000,2026-09-12T21:50:00.000Z,2522.98,2523.56,2521.22,2523.32,141.48,
1789250100000,2026-09-12T21:55:00.000Z,2523.32,2523.85,2522.26,2523.26,259.17,
1789250400000,2026-09-12T22:00:00.000Z,2523.26,2523.27,2520.84,2522.62,1302.63,
1789250700000,2026-09-12T22:05:00.000Z,2522.62,2523.62,2520.5,2522.71,1384.01,
1789251000000,2026-09-12T22:10:00.000Z,2522.71,2523.18,2520.81,2522.71,1270.22,
1789251300000,2026-09-12T22:15:00.000Z,2522.71,2523.7,2521.51,2523.7,101.09,
1789251600000,2026-09-12T22:20:00.000Z,2523.7,2525.41,2523.69,2524.55,315.13,
1789251900000,2026-09-12T22:25:00.000Z,2524.55,2524.56,2520.07,2520.07,1441.8,
1789252200000,2026-09-12T22:30:00.000Z,2520.07,2522.08,2519.35,2519.44,1528.18,
1789252500000,2026-09-12T22:35:00.000Z,2519.44,2521.08,2519.31,2520.66,127,
1789252800000,2026-09-12T22:40:00.000Z,2520.66,2521.03,2519.93,2520.49,175.91,
1789253100000,2026-09-12T22:45:00.000Z,2520.49,2520.99,2520.48,2520.62,58.77,
1789253400000,2026-09-12T22:50:00.000Z,2520.62,2522.54,2520.61,2522.22,370.2,
1789253700000,2026-09-12T22:55:00.000Z,2522.22,2522.42,2521.16,2521.88,108.42,
1789254000000,2026-09-12T23:00:00.000Z,2521.88,2523.23,2521.21,2522.32,256.88,
1789254300000,2026-09-12T23:05:00.000Z,2522.32,2523.52,2522.32,2523.11,202.42,
1789254600000,2026-09-12T23:10:00.000Z,2523.11,2523.76,2523.11,2523.62,89.94,
1789254900000,2026-09-12T23:15:00.000Z,2523.62,2524.2,2523.06,2523.44,222.25,
1789255200000,2026-09-12T23:20:00.000Z,2523.44,2523.5,2522.78,2523.28,323.15,
1789255500000,2026-09-12T23:25:00.000Z,2523.28,2523.64,2523.25,2523.51,158.83,
1789255800000,2026-09-12T23:30:00.000Z,2523.51,2524.03,2523.05,2523.05,185.5,
1789256100000,2026-09-12T23:35:00.000Z,2523.05,2523.96,2522.79,2523.78,204.11,
1789256400000,2026-09-12T23:40:00.000Z,2523.78,2524.49,2523.67,2524.05,254.74,
1789256700000,2026-09-12T23:45:00.000Z,2524.05,2524.5,2524.05,2524.5,79.22,
1789257000000,2026-09-12T23:50:00.000Z,2524.5,2525.2,2524.49,2524.96,765.41,
1789257300000,2026-09-12T23:55:00.000Z,2524.96,2525.8,2524.87,2524.99,497.21,
1789257600000,2026-09-13T00:00:00.000Z,2524.99,2525.64,2524.48,2524.82,282.86,
1789257900000,2026-09-13T00:05:00.000Z,2524.82,2526.06,2524.82,2525.87,424.15,
1789258200000,2026-09-13T00:10:00.000Z,2525.87,2526.4,2523.79,2523.79,490.49,
1789258500000,2026-09-13T00:15:00.000Z,2523.79,2524.73,2523.75,2524.06,278.2,
1789258800000,2026-09-13T00:20:00.000Z,2524.06,2524.37,2524.04,2524.04,69.52,
1789259100000,2026-09-13T00:25:00.000Z,2524.04,2525.98,2524.04,2524.38,446.41,
1789259400000,2026-09-13T00:30:00.000Z,2524.38,2525.02,2524.38,2524.63,233.86,
1789259700000,2026-09-13T00:35:00.000Z,2524.63,2525.19,2524.63,2524.99,92.41,
1789260000000,2026-09-13T00:40:00.000Z,2524.99,2525,2522.2,2523,524.99,
1789260300000,2026-09-13T00:45:00.000Z,2523,2524.67,2523,2523.56,67.52,
1789260600000,2026-09-13T00:50:00.000Z,2523.56,2524.98,2523.56,2524.74,75.44,
1789260900000,2026-09-13T00:55:00.000Z,2524.74,2525,2524.11,2524.12,201.57,
1789261200000,2026-09-13T01:00:00.000Z,2524.12,2524.78,2523.25,2523.25,53.49,
1789261500000,2026-09-13T01:05:00.000Z,2523.25,2524.58,2522.61,2524.3,1472.6,
1789261800000,2026-09-13T01:10:00.000Z,2524.3,2525.33,2523.24,2523.97,1393.94,
1789262100000,2026-09-13T01:15:00.000Z,2523.97,2524.83,2522.64,2524.75,1820.91,
1789262400000,2026-09-13T01:20:00.000Z,2524.75,2526.91,2524.67,2526.57,564.12,
1789262700000,2026-09-13T01:25:00.000Z,2526.57,2526.57,2523.43,2523.75,3758.49,
1789263000000,2026-09-13T01:30:00.000Z,2523.75,2523.75,2521.63,2521.73,862.1,
1789263300000,2026-09-13T01:35:00.000Z,2521.73,2524.71,2521.73,2524.59,1684.23,
1789263600000,2026-09-13T01:40:00.000Z,2524.59,2525.14,2523.52,2524.47,312.02,
1789263900000,2026-09-13T01:45:00.000Z,2524.47,2525.93,2524.46,2524.5,228.6,
1789264200000,2026-09-13T01:50:00.000Z,2524.5,2525.54,2524.35,2524.88,194.15,
1789264500000,2026-09-13T01:55:00.000Z,2524.88,2525,2523.74,2525,144.59,
1789264800000,2026-09-13T02:00:00.000Z,2525,2525,2523.91,2523.91,142.68,
1789265100000,2026-09-13T02:05:00.000Z,2523.91,2523.92,2522.16,2522.16,309.59,
1789265400000,2026-09-13T02:10:00.000Z,2522.16,2522.7,2522,2522.03,222.84,
1789265700000,2026-09-13T02:15:00.000Z,2522.03,2522.53,2522.03,2522.3,170.38,
1789266000000,2026-09-13T02:20:00.000Z,2522.3,2522.68,2521.78,2522.68,181.24,
1789266300000,2026-09-13T02:25:00.000Z,2522.68,2522.68,2520.93,2521.48,709.31,
1789266600000,2026-09-13T02:30:00.000Z,2521.48,2522.54,2520.62,2521.38,1723.05,
1789266900000,2026-09-13T02:35:00.000Z,2521.38,2522.68,2520.62,2520.62,1062.8,
1789267200000,2026-09-13T02:40:00.000Z,2520.62,2522.59,2520.22,2522.44,2324.75,
1789267500000,2026-09-13T02:45:00.000Z,2522.44,2523.07,2521.75,2522.76,213.14,
1789267800000,2026-09-13T02:50:00.000Z,2522.76,2523.01,2520.53,2521.51,2602.33,
1789268100000,2026-09-13T02:55:00.000Z,2521.51,2522.04,2520.75,2520.88,276.19,
1789268400000,2026-09-13T03:00:00.000Z,2520.88,2522.13,2519.27,2521.2,3058.08,
1789268700000,2026-09-13T03:05:00.000Z,2521.2,2521.2,2519.61,2519.62,175.48,
1789269000000,2026-09-13T03:10:00.000Z,2519.62,2520.74,2519.29,2519.8,609.57,
1789269300000,2026-09-13T03:15:00.000Z,2519.8,2520.36,2519.07,2519.96,532.55,
1789269600000,2026-09-13T03:20:00.000Z,2519.96,2521.02,2519.89,2520.86,266.59,
1789269900000,2026-09-13T03:25:00.000Z,2520.86,2521.67,2519.75,2519.92,630.88,
1789270200000,2026-09-13T03:30:00.000Z,2519.92,2520.11,2518.05,2519.57,1033.35,
1789270500000,2026-09-13T03:35:00.000Z,2519.57,2520.48,2519.3,2519.56,342.98,
1789270800000,2026-09-13T03:40:00.000Z,2519.56,2521.21,2519.56,2521.1,434.39,
1789271100000,2026-09-13T03:45:00.000Z,2521.1,2521.92,2520,2520.17,1183.96,
1789271400000,2026-09-13T03:50:00.000Z,2520.17,2521.16,2519.05,2520.52,1236.02,
1789271700000,2026-09-13T03:55:00.000Z,2520.52,2521.7,2519.54,2520.11,622.21,
1789272000000,2026-09-13T04:00:00.000Z,2520.11,2520.25,2519.78,2520.06,128.44,
1789272300000,2026-09-13T04:05:00.000Z,2520.06,2522,2519.75,2520.76,1629.39,
1789272600000,2026-09-13T04:10:00.000Z,2520.76,2522.52,2520,2520.84,2190.59,
1789272900000,2026-09-13T04:15:00.000Z,2520.84,2522.73,2520.84,2522.36,250.95,
1789273200000,2026-09-13T04:20:00.000Z,2522.36,2522.37,2521.01,2522.24,100.79,
1789273500000,2026-09-13T04:25:00.000Z,2522.24,2522.48,2522.1,2522.1,145.87,
1789273800000,2026-09-13T04:30:00.000Z,2522.1,2522.11,2521.45,2521.45,452.76,
1789274100000,2026-09-13T04:35:00.000Z,2521.45,2521.69,2518.31,2518.32,1526.17,
1789274400000,2026-09-13T04:40:00.000Z,2518.32,2519.46,2518.31,2519.14,247.65,
1789274700000,2026-09-13T04:45:00.000Z,2519.14,2519.38,2519.14,2519.15,149.35,
1789275000000,2026-09-13T04:50:00.000Z,2519.15,2519.78,2519.05,2519.48,259.61,
1789275300000,2026-09-13T04:55:00.000Z,2519.48,2520,2518.9,2519.49,78.67,
1789275600000,2026-09-13T05:00:00.000Z,2519.49,2521,2519.3,2520.85,138.29,
1789275900000,2026-09-13T05:05:00.000Z,2520.85,2521.22,2520.4,2520.86,163.33,
1789276200000,2026-09-13T05:10:00.000Z,2520.86,2521.75,2520.86,2521.33,156.5,
1789276500000,2026-09-13T05:15:00.000Z,2521.33,2521.66,2521.01,2521.48,137.15,
1789276800000,2026-09-13T05:20:00.000Z,2521.48,2522,2521.48,2521.78,380.37,
1789277100000,2026-09-13T05:25:00.000Z,2521.78,2522.28,2520.43,2521.8,794.14,
1789277400000,2026-09-13T05:30:00.000Z,2521.8,2523,2521.8,2522.83,337.58,
1789277700000,2026-09-13T05:35:00.000Z,2522.83,2522.96,2522.28,2522.54,134.85,
1789278000000,2026-09-13T05:40:00.000Z,2522.54,2523.48,2522.54,2522.56,399.48,
1789278300000,2026-09-13T05:45:00.000Z,2522.56,2524.24,2522.56,2522.91,2056.55,
1789278600000,2026-09-13T05:50:00.000Z,2522.91,2522.99,2522.48,2522.48,202.04,
1789278900000,2026-09-13T05:55:00.000Z,2522.48,2522.65,2520.88,2521.71,1932.31,
1789279200000,2026-09-13T06:00:00.000Z,2521.71,2521.79,2521.7,2521.79,128.56,
1789279500000,2026-09-13T06:05:00.000Z,2521.79,2522.09,2521.51,2521.52,169.05,
1789279800000,2026-09-13T06:10:00.000Z,2521.52,2522.01,2521.17,2521.65,265.82,
1789280100000,2026-09-13T06:15:00.000Z,2521.65,2521.87,2520.58,2521.56,286.27,
1789280400000,2026-09-13T06:20:00.000Z,2521.56,2521.73,2520.06,2520.76,166.98,
1789280700000,2026-09-13T06:25:00.000Z,2520.76,2521.01,2520.66,2520.84,102.01,
1789281000000,2026-09-13T06:30:00.000Z,2520.84,2520.84,2520.09,2520.16,226.31,
1789281300000,2026-09-13T06:35:00.000Z,2520.16,2520.25,2519.3,2519.31,227.73,
1789281600000,2026-09-13T06:40:00.000Z,2519.31,2519.31,2517.36,2518.66,1192.59,
1789281900000,2026-09-13T06:45:00.000Z,2518.66,2518.66,2513.88,2515.64,4014.3,
1789282200000,2026-09-13T06:50:00.000Z,2515.64,2516.14,2510.32,2510.55,4791.33,
1789282500000,2026-09-13T06:55:00.000Z,2510.55,2512,2508.43,2511.99,4701,
1789282800000,2026-09-13T07:00:00.000Z,2511.99,2513.5,2511,2512.77,1151.24,
1789283100000,2026-09-13T07:05:00.000Z,2512.77,2514.46,2512.66,2514.38,528.04,
1789283400000,2026-09-13T07:10:00.000Z,2514.38,2514.6,2513.59,2513.97,1091.6,
1789283700000,2026-09-13T07:15:00.000Z,2513.97,2514.45,2513.59,2513.76,312.75,
1789284000000,2026-09-13T07:20:00.000Z,2513.76,2514.9,2513.76,2514.27,435.26,
1789284300000,2026-09-13T07:25:00.000Z,2514.27,2514.8,2512.47,2514.71,727.48,
1789284600000,2026-09-13T07:30:00.000Z,2514.71,2515.38,2513.15,2515.38,522.39,
1789284900000,2026-09-13T07:35:00.000Z,2515.38,2517.05,2513.42,2515.57,4097.25,
1789285200000,2026-09-13T07:40:00.000Z,2515.57,2519.48,2515.56,2518.82,1933.7,
1789285500000,2026-09-13T07:45:00.000Z,2518.82,2519.26,2517.5,2519,1617.81,
1789285800000,2026-09-13T07:50:00.000Z,2519,2519.21,2517.5,2517.69,336.11,
1789286100000,2026-09-13T07:55:00.000Z,2517.69,2517.8,2516.15,2517.02,2094.76,
1789286400000,2026-09-13T08:00:00.000Z,2517.02,2518.92,2516.14,2518,3234.32,
1789286700000,2026-09-13T08:05:00.000Z,2518,2518,2516.31,2516.57,583.37,
1789287000000,2026-09-13T08:10:00.000Z,2516.57,2516.57,2511.72,2514.5,2130.53,
1789287300000,2026-09-13T08:15:00.000Z,2514.5,2514.5,2509.48,2510.86,3705.76,
1789287600000,2026-09-13T08:20:00.000Z,2510.86,2511.96,2510.37,2510.48,850.32,
1789287900000,2026-09-13T08:25:00.000Z,2510.48,2510.7,2509.4,2509.56,792.39,
1789288200000,2026-09-13T08:30:00.000Z,2509.56,2509.56,2495.31,2499.67,20738.84,
1789288500000,2026-09-13T08:35:00.000Z,2499.67,2500.71,2486.67,2489.06,18663.03,
1789288800000,2026-09-13T08:40:00.000Z,2489.06,2495.76,2486.9,2492.45,5173.88,
1789289100000,2026-09-13T08:45:00.000Z,2492.45,2496.02,2492,2495.49,2725.52,
1789289400000,2026-09-13T08:50:00.000Z,2495.49,2496.02,2493.52,2494.3,1356.85,
1789289700000,2026-09-13T08:55:00.000Z,2494.3,2494.93,2491.25,2493.72,1480.07,
1789290000000,2026-09-13T09:00:00.000Z,2493.72,2496.09,2493.54,2496.04,870.57,
1789290300000,2026-09-13T09:05:00.000Z,2496.04,2497.41,2494.43,2494.55,1231.42,
1789290600000,2026-09-13T09:10:00.000Z,2494.55,2494.56,2492.16,2492.27,1587.32,
1789290900000,2026-09-13T09:15:00.000Z,2492.27,2493.31,2489,2492,1963.69,
1789291200000,2026-09-13T09:20:00.000Z,2492,2494.47,2472.72,2479.66,21496.63,
1789291500000,2026-09-13T09:25:00.000Z,2479.66,2485.62,2474.21,2480.78,7666.56,
1789291800000,2026-09-13T09:30:00.000Z,2480.78,2483,2469.01,2473.95,15331.03,
1789292100000,2026-09-13T09:35:00.000Z,2473.95,2484.27,2473.2,2479.8,15090.39,
1789292400000,2026-09-13T09:40:00.000Z,2479.8,2481.98,2478.16,2480.05,1811.36,
1789292700000,2026-09-13T09:45:00.000Z,2480.05,2483.85,2479.09,2483.58,2295.71,
1789293000000,2026-09-13T09:50:00.000Z,2483.58,2483.89,2480.57,2483.61,1485.93,
1789293300000,2026-09-13T09:55:00.000Z,2483.61,2485.39,2482.06,2484.48,2191.54,
1789293600000,2026-09-13T10:00:00.000Z,2484.48,2485.73,2483.5,2484,1556.23,
1789293900000,2026-09-13T10:05:00.000Z,2484,2485.86,2483,2484.92,551.35,
1789294200000,2026-09-13T10:10:00.000Z,2484.92,2484.93,2481.57,2482.87,1781.11,
1789294500000,2026-09-13T10:15:00.000Z,2482.87,2483.68,2479.67,2480.07,2580.95,
1789294800000,2026-09-13T10:20:00.000Z,2480.07,2480.87,2479.5,2479.99,1176.62,
1789295100000,2026-09-13T10:25:00.000Z,2479.99,2480.09,2479,2479.35,962.37,
1789295400000,2026-09-13T10:30:00.000Z,2479.35,2483,2479,2482.66,1037.73,
1789295700000,2026-09-13T10:35:00.000Z,2482.66,2482.87,2479.61,2480.3,800.91,
1789296000000,2026-09-13T10:40:00.000Z,2480.3,2480.3,2471.99,2473.91,11760.41,
1789296300000,2026-09-13T10:45:00.000Z,2473.91,2477.93,2473.91,2477.18,1308.91,
1789296600000,2026-09-13T10:50:00.000Z,2477.18,2477.25,2473.9,2474.96,3306.53,
1789296900000,2026-09-13T10:55:00.000Z,2474.96,2475.88,2468.01,2471.51,8285.94,
1789297200000,2026-09-13T11:00:00.000Z,2471.51,2477.12,2466.34,2476.66,6093.72,
1789297500000,2026-09-13T11:05:00.000Z,2476.66,2477.19,2471.32,2471.86,1276.76,
1789297800000,2026-09-13T11:10:00.000Z,2471.86,2473.47,2468.73,2469,1983.2,
1789298100000,2026-09-13T11:15:00.000Z,2469,2473.91,2468.94,2472.38,1746.73,
1789298400000,2026-09-13T11:20:00.000Z,2472.38,2475.59,2471.22,2474.82,906.63,
1789298700000,2026-09-13T11:25:00.000Z,2474.82,2475.22,2473.8,2474.27,745.35,
1789299000000,2026-09-13T11:30:00.000Z,2474.27,2476.06,2472.62,2476.05,745.73,
1789299300000,2026-09-13T11:35:00.000Z,2476.05,2478,2475.81,2477.5,1317.05,
1789299600000,2026-09-13T11:40:00.000Z,2477.5,2479.4,2477.5,2479.4,2574.38,
1789299900000,2026-09-13T11:45:00.000Z,2479.4,2480.98,2478.3,2480.21,1796.98,
1789300200000,2026-09-13T11:50:00.000Z,2480.21,2481.54,2479,2479.41,1151.82,
1789300500000,2026-09-13T11:55:00.000Z,2479.41,2480.24,2479.05,2480.18,698.93,
1789300800000,2026-09-13T12:00:00.000Z,2480.18,2480.64,2478.03,2478.32,669.27,
1789301100000,2026-09-13T12:05:00.000Z,2478.32,2479.9,2478,2478.04,856.97,
1789301400000,2026-09-13T12:10:00.000Z,2478.04,2481.37,2478.04,2481.01,5612.93,
1789301700000,2026-09-13T12:15:00.000Z,2481.01,2482.87,2481,2482.33,1837.28,
1789302000000,2026-09-13T12:20:00.000Z,2482.33,2482.49,2480.8,2480.95,867.34,
1789302300000,2026-09-13T12:25:00.000Z,2480.95,2481.35,2479.73,2479.93,1060.49,
1789302600000,2026-09-13T12:30:00.000Z,2479.93,2481.81,2475.91,2477.74,3458.12,
1789302900000,2026-09-13T12:35:00.000Z,2477.74,2478.39,2474.69,2476.76,1853.47,
1789303200000,2026-09-13T12:40:00.000Z,2476.76,2476.92,2474.29,2475.27,1453.74,
1789303500000,2026-09-13T12:45:00.000Z,2475.27,2476.63,2474.47,2474.9,1785.29,
1789303800000,2026-09-13T12:50:00.000Z,2474.9,2477.77,2474.62,2476.8,736.87,
1789304100000,2026-09-13T12:55:00.000Z,2476.8,2478.15,2476.52,2477.02,1672.98,
1789304400000,2026-09-13T13:00:00.000Z,2477.02,2477.02,2474.16,2474.16,4303.43,
1789304700000,2026-09-13T13:05:00.000Z,2474.16,2476.04,2472.5,2476.03,1853.14,
1789305000000,2026-09-13T13:10:00.000Z,2476.03,2477.48,2475.61,2476.8,897.07,
1789305300000,2026-09-13T13:15:00.000Z,2476.8,2476.8,2472.1,2472.1,1014.41,
1789305600000,2026-09-13T13:20:00.000Z,2472.1,2473,2465.95,2469.68,5145.26,
1789305900000,2026-09-13T13:25:00.000Z,2469.68,2469.79,2460.2,2466.2,16576.03,
1789306200000,2026-09-13T13:30:00.000Z,2466.2,2471.4,2465.93,2470.22,5613.94,
1789306500000,2026-09-13T13:35:00.000Z,2470.22,2473.44,2470.21,2472.92,4020.98,
1789306800000,2026-09-13T13:40:00.000Z,2472.92,2476.09,2472.38,2475.31,2459.79,
1789307100000,2026-09-13T13:45:00.000Z,2475.31,2479.65,2475.3,2479.46,2010.88,
1789307400000,2026-09-13T13:50:00.000Z,2479.46,2483.44,2477.48,2477.79,5952.24,
1789307700000,2026-09-13T13:55:00.000Z,2477.79,2478.73,2477.7,2478.62,609.3,
1789308000000,2026-09-13T14:00:00.000Z,2478.62,2480.2,2478.17,2479.6,431.28,
1789308300000,2026-09-13T14:05:00.000Z,2479.6,2484.3,2479.59,2483.8,6594.76,
1789308600000,2026-09-13T14:10:00.000Z,2483.8,2484.72,2482.5,2484.45,2663.34,
1789308900000,2026-09-13T14:15:00.000Z,2484.45,2489.62,2484.45,2487.01,6438.78,
1789309200000,2026-09-13T14:20:00.000Z,2487.01,2491.78,2487.01,2491.12,2891.05,
1789309500000,2026-09-13T14:25:00.000Z,2491.12,2492,2488.82,2490.02,2736.86,
1789309800000,2026-09-13T14:30:00.000Z,2490.02,2491.29,2488.34,2489.15,2030.51,
1789310100000,2026-09-13T14:35:00.000Z,2489.15,2494.43,2488.86,2490.64,3136.79,
1789310400000,2026-09-13T14:40:00.000Z,2490.64,2492.95,2489,2492,2123.97,
1789310700000,2026-09-13T14:45:00.000Z,2492,2494.98,2491.01,2491.01,3178.98,
1789311000000,2026-09-13T14:50:00.000Z,2491.01,2491.58,2489.02,2491.58,2197.1,
1789311300000,2026-09-13T14:55:00.000Z,2491.58,2492,2489.53,2491.8,363.26,
1789311600000,2026-09-13T15:00:00.000Z,2491.8,2491.99,2485.89,2486.17,3619.28,
1789311900000,2026-09-13T15:05:00.000Z,2486.17,2488.75,2484.21,2487.62,1466.57,
1789312200000,2026-09-13T15:10:00.000Z,2487.62,2487.62,2486,2486.88,371.01,
1789312500000,2026-09-13T15:15:00.000Z,2486.88,2486.88,2481.26,2483.9,1554.07,
1789312800000,2026-09-13T15:20:00.000Z,2483.9,2491.25,2483.9,2489.53,1742.93,
1789313100000,2026-09-13T15:25:00.000Z,2489.53,2489.53,2485.25,2485.75,891.24,
1789313400000,2026-09-13T15:30:00.000Z,2485.75,2489.5,2485.74,2488.99,479.31,
1789313700000,2026-09-13T15:35:00.000Z,2488.99,2488.99,2486.94,2486.95,201.18,
1789314000000,2026-09-13T15:40:00.000Z,2486.95,2490.25,2486.62,2489.58,285.02,
1789314300000,2026-09-13T15:45:00.000Z,2489.58,2489.93,2488.35,2489.73,228.28,
1789314600000,2026-09-13T15:50:00.000Z,2489.73,2490.27,2488.42,2490.27,211.55,
1789314900000,2026-09-13T15:55:00.000Z,2490.27,2490.85,2488.76,2489.85,769.93,
1789315200000,2026-09-13T16:00:00.000Z,2489.85,2495.2,2489.36,2493.26,1432.97,
1789315500000,2026-09-13T16:05:00.000Z,2493.26,2500,2492.41,2497.25,6932.83,
1789315800000,2026-09-13T16:10:00.000Z,2497.25,2504.65,2496.01,2499.99,6013.19,
1789316100000,2026-09-13T16:15:00.000Z,2499.99,2499.99,2497.5,2499.73,1503.09,
1789316400000,2026-09-13T16:20:00.000Z,2499.73,2501.38,2499.04,2501.38,723.13,
1789316700000,2026-09-13T16:25:00.000Z,2501.38,2503,2500.46,2501.84,1522.65,
1789317000000,2026-09-13T16:30:00.000Z,2501.84,2502.83,2499.42,2499.58,1125.25,
1789317300000,2026-09-13T16:35:00.000Z,2499.58,2501.74,2499.05,2501.55,973.48,
1789317600000,2026-09-13T16:40:00.000Z,2501.55,2504.11,2501.4,2503.1,1372.46,
1789317900000,2026-09-13T16:45:00.000Z,2503.1,2504,2501.16,2502.32,816.96,
1789318200000,2026-09-13T16:50:00.000Z,2502.32,2504.6,2502.15,2504.44,780.93,
1789318500000,2026-09-13T16:55:00.000Z,2504.44,2505.3,2503.45,2503.54,840.71,
1789318800000,2026-09-13T17:00:00.000Z,2503.54,2505.96,2503.21,2505.51,922.26,
1789319100000,2026-09-13T17:05:00.000Z,2505.51,2507.95,2505.1,2506.63,1386.69,
1789319400000,2026-09-13T17:10:00.000Z,2506.63,2512.4,2506.63,2508.38,7887.39,
1789319700000,2026-09-13T17:15:00.000Z,2508.38,2510,2507.05,2507.96,2138.84,
1789320000000,2026-09-13T17:20:00.000Z,2507.96,2507.96,2504.68,2504.86,2564.42,
1789320300000,2026-09-13T17:25:00.000Z,2504.86,2505.45,2504.51,2504.92,1902.39,
1789320600000,2026-09-13T17:30:00.000Z,2504.92,2505.3,2502.5,2502.68,2015.61,
1789320900000,2026-09-13T17:35:00.000Z,2502.68,2504.59,2502.5,2504.01,426.97,
1789321200000,2026-09-13T17:40:00.000Z,2504.01,2504.15,2502.8,2503.13,170.66,
1789321500000,2026-09-13T17:45:00.000Z,2503.13,2504.82,2503.13,2504.41,134.99,
1789321800000,2026-09-13T17:50:00.000Z,2504.41,2505.55,2503.61,2504.23,362.12,
1789322100000,2026-09-13T17:55:00.000Z,2504.23,2505.2,2503.65,2504.24,183.57,
1789322400000,2026-09-13T18:00:00.000Z,2504.24,2505.4,2503.68,2504.5,655.32,
1789322700000,2026-09-13T18:05:00.000Z,2504.5,2504.99,2503.67,2504.5,86.69,
1789323000000,2026-09-13T18:10:00.000Z,2504.5,2506.07,2503.9,2505.71,223.92,
1789323300000,2026-09-13T18:15:00.000Z,2505.71,2508.25,2504.86,2506.13,1757.1,
1789323600000,2026-09-13T18:20:00.000Z,2506.13,2507.82,2505.87,2507.3,184.04,
1789323900000,2026-09-13T18:25:00.000Z,2507.3,2507.49,2505.3,2505.47,174.9,
1789324200000,2026-09-13T18:30:00.000Z,2505.47,2507.84,2505.42,2507.84,749.19,
1789324500000,2026-09-13T18:35:00.000Z,2507.84,2508.5,2507.61,2508.24,141.29,
1789324800000,2026-09-13T18:40:00.000Z,2508.24,2508.24,2506.69,2507.71,188.97,
1789325100000,2026-09-13T18:45:00.000Z,2507.71,2508.19,2507.55,2508.18,385.73,
1789325400000,2026-09-13T18:50:00.000Z,2508.18,2509.13,2508.16,2508.86,515.07,
1789325700000,2026-09-13T18:55:00.000Z,2508.86,2508.86,2507.54,2508.68,546.93,
1789326000000,2026-09-13T19:00:00.000Z,2508.68,2511.44,2508.65,2510.34,790.09,
1789326300000,2026-09-13T19:05:00.000Z,2510.34,2515.11,2509.17,2509.3,3965.93,
1789326600000,2026-09-13T19:10:00.000Z,2509.3,2510.5,2507.87,2508.27,1190.41,
1789326900000,2026-09-13T19:15:00.000Z,2508.27,2509.61,2507,2507,1458.42,
1789327200000,2026-09-13T19:20:00.000Z,2507,2507.34,2505.5,2506.53,1441.5,
1789327500000,2026-09-13T19:25:00.000Z,2506.53,2507.33,2506.53,2507.09,192.12,
1789327800000,2026-09-13T19:30:00.000Z,2507.09,2507.09,2503,2503.28,1993.81,
1789328100000,2026-09-13T19:35:00.000Z,2503.28,2504.38,2502.4,2503.96,1299.1,
1789328400000,2026-09-13T19:40:00.000Z,2503.96,2504.87,2503.13,2504.7,204.54,
1789328700000,2026-09-13T19:45:00.000Z,2504.7,2505.35,2504.15,2504.28,450.39,
1789329000000,2026-09-13T19:50:00.000Z,2504.28,2504.8,2503.6,2504.75,146.57,
1789329300000,2026-09-13T19:55:00.000Z,2504.75,2505.42,2503.92,2505.24,511.01,
1789329600000,2026-09-13T20:00:00.000Z,2505.24,2506.92,2505.24,2505.75,619.95,
1789329900000,2026-09-13T20:05:00.000Z,2505.75,2506.55,2505.41,2506.53,95.22,
1789330200000,2026-09-13T20:10:00.000Z,2506.53,2507,2506,2507,440.74,
1789330500000,2026-09-13T20:15:00.000Z,2507,2507.37,2506.66,2507.32,128.53,
1789330800000,2026-09-13T20:20:00.000Z,2507.32,2508.67,2506.92,2508.52,840.58,
1789331100000,2026-09-13T20:25:00.000Z,2508.52,2509.82,2508.27,2509.25,397.24,
1789331400000,2026-09-13T20:30:00.000Z,2509.25,2511.6,2509.25,2511.26,460.45,
1789331700000,2026-09-13T20:35:00.000Z,2511.26,2511.94,2508.14,2508.79,2575.89,
1789332000000,2026-09-13T20:40:00.000Z,2508.79,2510.99,2508.42,2510.98,527.27,
1789332300000,2026-09-13T20:45:00.000Z,2510.98,2514.29,2510.98,2513,767.07,
1789332600000,2026-09-13T20:50:00.000Z,2513,2513.61,2512.62,2513.51,596.96,
1789332900000,2026-09-13T20:55:00.000Z,2513.51,2513.88,2511.5,2512.16,550.77,
1789333200000,2026-09-13T21:00:00.000Z,2512.16,2512.98,2510.89,2510.89,215.25,
1789333500000,2026-09-13T21:05:00.000Z,2510.89,2513.22,2510.64,2513.21,1018.64,
1789333800000,2026-09-13T21:10:00.000Z,2513.21,2515.26,2513.21,2513.83,689.05,
1789334100000,2026-09-13T21:15:00.000Z,2513.83,2515.84,2513.58,2513.99,2929.53,
1789334400000,2026-09-13T21:20:00.000Z,2513.99,2515.23,2513.12,2514.19,340.76,
1789334700000,2026-09-13T21:25:00.000Z,2514.19,2514.2,2512.32,2512.58,300.09,
1789335000000,2026-09-13T21:30:00.000Z,2512.58,2512.79,2510.97,2511.22,1331.3,
1789335300000,2026-09-13T21:35:00.000Z,2511.22,2511.32,2509.4,2510.31,1852.48,
1789335600000,2026-09-13T21:40:00.000Z,2510.31,2512.25,2510.11,2511.25,1307.47,
1789335900000,2026-09-13T21:45:00.000Z,2511.25,2511.25,2508.35,2509.18,785.72,
1789336200000,2026-09-13T21:50:00.000Z,2509.18,2509.91,2507.84,2508.74,915.3,
1789336500000,2026-09-13T21:55:00.000Z,2508.74,2508.92,2507.55,2507.99,360.05,
1789336800000,2026-09-13T22:00:00.000Z,2507.99,2507.99,2491.48,2494.99,17245.19,
1789337100000,2026-09-13T22:05:00.000Z,2494.99,2496.93,2481.83,2489.8,14231.55,
1789337400000,2026-09-13T22:10:00.000Z,2489.8,2492.5,2486.53,2487.15,1136.53,
1789337700000,2026-09-13T22:15:00.000Z,2487.15,2487.21,2475.01,2481.07,10658.43,
1789338000000,2026-09-13T22:20:00.000Z,2481.07,2481.97,2476.59,2477.75,1861.58,
1789338300000,2026-09-13T22:25:00.000Z,2477.75,2481.03,2473.26,2480.39,2269.92,
1789338600000,2026-09-13T22:30:00.000Z,2480.39,2482.55,2474.62,2480.24,1890.36,
1789338900000,2026-09-13T22:35:00.000Z,2480.24,2481.84,2476.47,2477.97,2075.88,
1789339200000,2026-09-13T22:40:00.000Z,2477.97,2477.97,2472.29,2473.66,2037.58,
1789339500000,2026-09-13T22:45:00.000Z,2473.66,2479.09,2473.6,2477.53,1356.7,
1789339800000,2026-09-13T22:50:00.000Z,2477.53,2479.98,2476.03,2477.12,1122.92,
1789340100000,2026-09-13T22:55:00.000Z,2477.12,2477.47,2471.23,2474.32,1922.7,
1789340400000,2026-09-13T23:00:00.000Z,2474.32,2479.34,2474,2477.51,1240.75,
1789340700000,2026-09-13T23:05:00.000Z,2477.51,2478.89,2475.23,2475.65,693.65,
1789341000000,2026-09-13T23:10:00.000Z,2475.65,2477.62,2472.13,2473.74,6256.29,
1789341300000,2026-09-13T23:15:00.000Z,2473.74,2475.21,2469.11,2470.6,2777.63,
1789341600000,2026-09-13T23:20:00.000Z,2470.6,2476.73,2470.22,2476.73,1759.32,
1789341900000,2026-09-13T23:25:00.000Z,2476.73,2477.07,2473.04,2473.77,1106.41,
1789342200000,2026-09-13T23:30:00.000Z,2473.77,2480.46,2473.58,2478.22,3907.53,
1789342500000,2026-09-13T23:35:00.000Z,2478.22,2480.43,2474.29,2474.29,1741.27,
1789342800000,2026-09-13T23:40:00.000Z,2474.29,2477.32,2473.32,2475.09,932.95,
1789343100000,2026-09-13T23:45:00.000Z,2475.09,2477.25,2474.08,2475.5,283.11,
1789343400000,2026-09-13T23:50:00.000Z,2475.5,2476.21,2473.74,2475.76,463.63,
1789343700000,2026-09-13T23:55:00.000Z,2475.76,2477.23,2472.36,2475.9,788.22,
1789344000000,2026-09-14T00:00:00.000Z,2475.9,2478.23,2475.01,2476.63,474.85,
1789344300000,2026-09-14T00:05:00.000Z,2476.63,2491,2476.25,2484.63,10824.9,
1789344600000,2026-09-14T00:10:00.000Z,2484.63,2486.48,2480.46,2484.65,3389.11,
1789344900000,2026-09-14T00:15:00.000Z,2484.65,2486.4,2482.15,2485.27,1293.98,
1789345200000,2026-09-14T00:20:00.000Z,2485.27,2485.27,2475.56,2477.21,3236.33,
1789345500000,2026-09-14T00:25:00.000Z,2477.21,2477.39,2462.5,2468.12,9666.75,
1789345800000,2026-09-14T00:30:00.000Z,2468.12,2484.99,2466.72,2479.21,6732.26,
1789346100000,2026-09-14T00:35:00.000Z,2479.21,2482.78,2478.03,2480.02,1124.68,
1789346400000,2026-09-14T00:40:00.000Z,2480.02,2482.99,2479.84,2481.85,483.24,
1789346700000,2026-09-14T00:45:00.000Z,2481.85,2485.43,2481.23,2481.24,1258.42,
1789347000000,2026-09-14T00:50:00.000Z,2481.24,2484.97,2481.01,2484.61,2078.16,
1789347300000,2026-09-14T00:55:00.000Z,2484.61,2485.46,2483,2483.21,480.77,
1789347600000,2026-09-14T01:00:00.000Z,2483.21,2485.55,2481.42,2482.74,591.79,
1789347900000,2026-09-14T01:05:00.000Z,2482.74,2485.39,2479.01,2484.61,1067.51,
1789348200000,2026-09-14T01:10:00.000Z,2484.61,2487.07,2480.15,2480.58,1308.37,
1789348500000,2026-09-14T01:15:00.000Z,2480.58,2480.58,2475.01,2476.01,2845.09,
1789348800000,2026-09-14T01:20:00.000Z,2476.01,2481.72,2476.01,2480.51,705.03,
1789349100000,2026-09-14T01:25:00.000Z,2480.51,2486.11,2479.5,2482.86,1659.73,
1789349400000,2026-09-14T01:30:00.000Z,2482.86,2483.13,2472.75,2472.75,2001.79,
1789349700000,2026-09-14T01:35:00.000Z,2472.75,2482.25,2472.5,2482.07,1317.97,
1789350000000,2026-09-14T01:40:00.000Z,2482.07,2485.38,2480,2480.35,1609.06,
1789350300000,2026-09-14T01:45:00.000Z,2480.35,2483.99,2478.72,2482.59,463.8,
1789350600000,2026-09-14T01:50:00.000Z,2482.59,2487.88,2480.99,2487.79,2752.77,
1789350900000,2026-09-14T01:55:00.000Z,2487.79,2495.43,2487.13,2492.33,7156.18,
1789351200000,2026-09-14T02:00:00.000Z,2492.33,2493.01,2490,2490.5,1980.39,
1789351500000,2026-09-14T02:05:00.000Z,2490.5,2498.71,2489.79,2498.15,1886.22,
1789351800000,2026-09-14T02:10:00.000Z,2498.15,2505.17,2497.1,2503.5,6841.73,
1789352100000,2026-09-14T02:15:00.000Z,2503.5,2503.51,2497.8,2499.47,2859.46,
1789352400000,2026-09-14T02:20:00.000Z,2499.47,2504.48,2498.64,2504.39,2141.6,
1789352700000,2026-09-14T02:25:00.000Z,2504.39,2509.97,2503.11,2504.17,5880.97,
1789353000000,2026-09-14T02:30:00.000Z,2504.17,2508.87,2503.47,2504.39,3741.74,
1789353300000,2026-09-14T02:35:00.000Z,2504.39,2504.8,2499,2500.34,1988.19,
1789353600000,2026-09-14T02:40:00.000Z,2500.34,2503.52,2499.06,2502.81,839.25,
1789353900000,2026-09-14T02:45:00.000Z,2502.81,2509.98,2502.81,2508.07,2530.05,
1789354200000,2026-09-14T02:50:00.000Z,2508.07,2512.64,2507.39,2511.11,5576.66,
1789354500000,2026-09-14T02:55:00.000Z,2511.11,2511.92,2508.46,2510,1810.85,
1789354800000,2026-09-14T03:00:00.000Z,2510,2513.76,2509.67,2510.5,1979.58,
1789355100000,2026-09-14T03:05:00.000Z,2510.5,2518.71,2510.47,2517.75,6542.01,
1789355400000,2026-09-14T03:10:00.000Z,2517.75,2519.28,2515.32,2517.3,3545.85,
1789355700000,2026-09-14T03:15:00.000Z,2517.3,2518.47,2514.22,2515.12,1308.73,
1789356000000,2026-09-14T03:20:00.000Z,2515.12,2518.66,2515.12,2516.27,5165.22,
1789356300000,2026-09-14T03:25:00.000Z,2516.27,2518.16,2515.09,2515.5,987.98,
1789356600000,2026-09-14T03:30:00.000Z,2515.5,2515.5,2510.6,2510.89,4992.89,
1789356900000,2026-09-14T03:35:00.000Z,2510.89,2513.81,2508.8,2509.38,2869.1,
1789357200000,2026-09-14T03:40:00.000Z,2509.38,2509.38,2505.9,2508.47,8192.98,
1789357500000,2026-09-14T03:45:00.000Z,2508.47,2510.36,2508.29,2509.85,2186.27,
1789357800000,2026-09-14T03:50:00.000Z,2509.85,2511.72,2508.25,2511.71,431,
1789358100000,2026-09-14T03:55:00.000Z,2511.71,2511.99,2510,2511.85,785.65,
1789358400000,2026-09-14T04:00:00.000Z,2511.85,2513.46,2510.65,2511.07,802.27,
1789358700000,2026-09-14T04:05:00.000Z,2511.07,2514.58,2510.66,2513.08,1472.77,
1789359000000,2026-09-14T04:10:00.000Z,2513.08,2513.68,2510.13,2510.95,377.97,
1789359300000,2026-09-14T04:15:00.000Z,2510.95,2512.6,2509.78,2510.88,1408.53,
1789359600000,2026-09-14T04:20:00.000Z,2510.88,2517.38,2510.88,2516,3150.2,
1789359900000,2026-09-14T04:25:00.000Z,2516,2516.14,2513.09,2513.1,1533.83,
1789360200000,2026-09-14T04:30:00.000Z,2513.1,2514.2,2510.35,2513.21,1829.27,
1789360500000,2026-09-14T04:35:00.000Z,2513.21,2514.4,2512.73,2514.4,851.39,
1789360800000,2026-09-14T04:40:00.000Z,2514.4,2516.46,2514.39,2514.81,635.42,
1789361100000,2026-09-14T04:45:00.000Z,2514.81,2517,2513.71,2515.85,2647.69,
1789361400000,2026-09-14T04:50:00.000Z,2515.85,2516.12,2513.34,2513.69,482.12,
1789361700000,2026-09-14T04:55:00.000Z,2513.69,2514.18,2511.88,2513.72,1039.38,
1789362000000,2026-09-14T05:00:00.000Z,2513.72,2514.77,2511.84,2512.59,612.35,
1789362300000,2026-09-14T05:05:00.000Z,2512.59,2514.08,2511.17,2511.17,538.76,
1789362600000,2026-09-14T05:10:00.000Z,2511.17,2514.17,2510.02,2514,565.16,
1789362900000,2026-09-14T05:15:00.000Z,2514,2514.22,2510.36,2511.96,741.87,
1789363200000,2026-09-14T05:20:00.000Z,2511.96,2512.12,2510.06,2510.43,299.33,
1789363500000,2026-09-14T05:25:00.000Z,2510.43,2510.57,2509.65,2510.19,1140.8,
1789363800000,2026-09-14T05:30:00.000Z,2510.19,2510.96,2509.09,2509.59,1122.28,
1789364100000,2026-09-14T05:35:00.000Z,2509.59,2514.52,2509.23,2514.31,1357.31,
1789364400000,2026-09-14T05:40:00.000Z,2514.31,2514.74,2511.16,2513.23,430.41,
1789364700000,2026-09-14T05:45:00.000Z,2513.23,2513.7,2510.68,2510.68,302.68,
1789365000000,2026-09-14T05:50:00.000Z,2510.68,2512.5,2509.6,2512.5,311.12,
1789365300000,2026-09-14T05:55:00.000Z,2512.5,2515.5,2512.5,2515.5,513.29,
1789365600000,2026-09-14T06:00:00.000Z,2515.5,2522.88,2514.06,2521.4,6943.82,
1789365900000,2026-09-14T06:05:00.000Z,2521.4,2526.69,2520.23,2521.83,6645.05,
1789366200000,2026-09-14T06:10:00.000Z,2521.83,2525.91,2520.75,2521.9,3468.72,
1789366500000,2026-09-14T06:15:00.000Z,2521.9,2522.78,2520.01,2520.49,1545.83,
1789366800000,2026-09-14T06:20:00.000Z,2520.49,2520.67,2517,2517.5,1535.68,
1789367100000,2026-09-14T06:25:00.000Z,2517.5,2517.84,2513.4,2513.49,1340.41,
1789367400000,2026-09-14T06:30:00.000Z,2513.49,2514.19,2506.51,2511.21,7939.27,
1789367700000,2026-09-14T06:35:00.000Z,2511.21,2513.56,2511,2513.28,1717.29,
1789368000000,2026-09-14T06:40:00.000Z,2513.28,2521.56,2513.28,2519.84,5871.08,
1789368300000,2026-09-14T06:45:00.000Z,2519.84,2520.25,2516.25,2516.74,1996.44,
1789368600000,2026-09-14T06:50:00.000Z,2516.74,2517.17,2514.52,2515.41,1108.34,
1789368900000,2026-09-14T06:55:00.000Z,2515.41,2516.05,2513.48,2513.87,321.26,
1789369200000,2026-09-14T07:00:00.000Z,2513.87,2516.97,2510.03,2516.97,3007.79,
1789369500000,2026-09-14T07:05:00.000Z,2516.97,2518.31,2515.6,2517.37,877.43,
1789369800000,2026-09-14T07:10:00.000Z,2517.37,2518.98,2516.39,2518.87,1132.96,
1789370100000,2026-09-14T07:15:00.000Z,2518.87,2523.18,2518.21,2521.13,3807.81,
1789370400000,2026-09-14T07:20:00.000Z,2521.13,2521.13,2519.67,2520,563.3,
1789370700000,2026-09-14T07:25:00.000Z,2520,2520.88,2519.04,2519.19,908.04,
1789371000000,2026-09-14T07:30:00.000Z,2519.19,2519.2,2517.14,2517.9,956.08,
1789371300000,2026-09-14T07:35:00.000Z,2517.9,2520.88,2517.9,2520.09,948.38,
1789371600000,2026-09-14T07:40:00.000Z,2520.09,2525.8,2520.09,2524.1,2728.61,
1789371900000,2026-09-14T07:45:00.000Z,2524.1,2524.29,2520.8,2521.68,1460.07,
1789372200000,2026-09-14T07:50:00.000Z,2521.68,2521.99,2519.1,2520,769.99,
1789372500000,2026-09-14T07:55:00.000Z,2520,2522.26,2519.75,2522.2,1068.13,
1789372800000,2026-09-14T08:00:00.000Z,2522.2,2522.82,2515.21,2515.84,1832.78,
1789373100000,2026-09-14T08:05:00.000Z,2515.84,2522.21,2515.22,2521.99,3156.74,
1789373400000,2026-09-14T08:10:00.000Z,2521.99,2529,2520.84,2520.99,8800.12,
1789373700000,2026-09-14T08:15:00.000Z,2520.99,2521.48,2517.8,2520,1774.51,
1789374000000,2026-09-14T08:20:00.000Z,2520,2527.24,2519.6,2527.23,1355.61,
1789374300000,2026-09-14T08:25:00.000Z,2527.23,2532.69,2520.6,2520.6,11236.24,
1789374600000,2026-09-14T08:30:00.000Z,2520.6,2523,2518.68,2519.25,1207.03,
1789374900000,2026-09-14T08:35:00.000Z,2519.25,2521.98,2518.92,2521.98,332.9,
1789375200000,2026-09-14T08:40:00.000Z,2521.98,2523.89,2520.61,2521.21,702,
1789375500000,2026-09-14T08:45:00.000Z,2521.21,2521.38,2516.03,2516.75,1173.97,
1789375800000,2026-09-14T08:50:00.000Z,2516.75,2517.86,2514.55,2515.47,1318.1,
1789376100000,2026-09-14T08:55:00.000Z,2515.47,2517.91,2515.25,2517.53,759.71,
1789376400000,2026-09-14T09:00:00.000Z,2517.53,2519.64,2516.7,2517.75,1408.91,
1789376700000,2026-09-14T09:05:00.000Z,2517.75,2519,2514.31,2517.68,1160.66,
1789377000000,2026-09-14T09:10:00.000Z,2517.68,2518.89,2513,2514.25,1227.08,
1789377300000,2026-09-14T09:15:00.000Z,2514.25,2514.76,2510.38,2513.26,5562.71,
1789377600000,2026-09-14T09:20:00.000Z,2513.26,2515.55,2510.05,2511.46,2686,
1789377900000,2026-09-14T09:25:00.000Z,2511.46,2518.5,2510,2518.49,4874.53,
1789378200000,2026-09-14T09:30:00.000Z,2518.49,2524.14,2518.11,2520.65,3447.63,
1789378500000,2026-09-14T09:35:00.000Z,2520.65,2520.96,2517.66,2518.51,586.77,
1789378800000,2026-09-14T09:40:00.000Z,2518.51,2522.94,2517.83,2520.8,2480.78,
1789379100000,2026-09-14T09:45:00.000Z,2520.8,2525.39,2520.63,2524.3,1805.17,
1789379400000,2026-09-14T09:50:00.000Z,2524.3,2534.5,2524.29,2529.88,7838.96,
1789379700000,2026-09-14T09:55:00.000Z,2529.88,2530.92,2521.32,2522.89,6550.38,
1789380000000,2026-09-14T10:00:00.000Z,2522.89,2524.75,2519.55,2523.17,1647.59,
1789380300000,2026-09-14T10:05:00.000Z,2523.17,2523.75,2519.08,2519.51,1943.98,
1789380600000,2026-09-14T10:10:00.000Z,2519.51,2520.36,2517.57,2519.01,1419.61,
1789380900000,2026-09-14T10:15:00.000Z,2519.01,2519.98,2515.38,2516.86,2484.75,
1789381200000,2026-09-14T10:20:00.000Z,2516.86,2518.48,2516,2516.54,585.87,
1789381500000,2026-09-14T10:25:00.000Z,2516.54,2516.97,2515.25,2516.27,593.13,
1789381800000,2026-09-14T10:30:00.000Z,2516.27,2516.56,2514.9,2514.9,1527.95,
1789382100000,2026-09-14T10:35:00.000Z,2514.9,2517.34,2514.67,2515.05,587.95,
1789382400000,2026-09-14T10:40:00.000Z,2515.05,2517.61,2514.84,2516.28,1322.06,
1789382700000,2026-09-14T10:45:00.000Z,2516.28,2518.52,2516.28,2518.19,276.07,
1789383000000,2026-09-14T10:50:00.000Z,2518.19,2518.55,2512.87,2514.07,3448.76,
1789383300000,2026-09-14T10:55:00.000Z,2514.07,2514.99,2512.03,2512.29,692.06,
1789383600000,2026-09-14T11:00:00.000Z,2512.29,2514.28,2507.59,2511.5,5080.84,
1789383900000,2026-09-14T11:05:00.000Z,2511.5,2511.5,2506.24,2510.7,3636.74,
1789384200000,2026-09-14T11:10:00.000Z,2510.7,2512.95,2510.56,2510.94,2362.09,
1789384500000,2026-09-14T11:15:00.000Z,2510.94,2512.11,2510.56,2511.52,479.47,
1789384800000,2026-09-14T11:20:00.000Z,2511.52,2514,2511.49,2514,1387.25,
1789385100000,2026-09-14T11:25:00.000Z,2514,2515.4,2513.5,2514.82,489.58,
1789385400000,2026-09-14T11:30:00.000Z,2514.82,2515.96,2510.06,2510.86,2872.6,
1789385700000,2026-09-14T11:35:00.000Z,2510.86,2513.82,2509.99,2512.02,1189.76,
1789386000000,2026-09-14T11:40:00.000Z,2512.02,2513.49,2511.51,2511.74,237.22,
1789386300000,2026-09-14T11:45:00.000Z,2511.74,2512.07,2510.85,2511.08,161.64,
1789386600000,2026-09-14T11:50:00.000Z,2511.08,2511.35,2504.4,2506.59,4165.31,
1789386900000,2026-09-14T11:55:00.000Z,2506.59,2508.5,2506.58,2508.5,1134.59,
1789387200000,2026-09-14T12:00:00.000Z,2508.5,2509.98,2505.52,2508.34,685.86,
1789387500000,2026-09-14T12:05:00.000Z,2508.34,2510.99,2508.34,2510.25,466.68,
1789387800000,2026-09-14T12:10:00.000Z,2510.25,2511.6,2509.43,2510.93,1758.05,
1789388100000,2026-09-14T12:15:00.000Z,2510.93,2514.45,2510.07,2513.62,1394.57,
1789388400000,2026-09-14T12:20:00.000Z,2513.62,2514.46,2510.38,2514.39,1521.95,
1789388700000,2026-09-14T12:25:00.000Z,2514.39,2515.25,2510.95,2514.89,1677.48,
1789389000000,2026-09-14T12:30:00.000Z,2514.89,2517.59,2513.55,2515.22,3155.21,
1789389300000,2026-09-14T12:35:00.000Z,2515.22,2515.23,2505.01,2510.8,4618.6,
1789389600000,2026-09-14T12:40:00.000Z,2510.8,2513.28,2505.76,2511.35,1829.14,
1789389900000,2026-09-14T12:45:00.000Z,2511.35,2513.1,2507.35,2508.05,1696.53,
1789390200000,2026-09-14T12:50:00.000Z,2508.05,2508.5,2502.43,2502.94,4078.18,
1789390500000,2026-09-14T12:55:00.000Z,2502.94,2505,2502.14,2504.45,3867.2,
1789390800000,2026-09-14T13:00:00.000Z,2504.45,2504.55,2495.47,2496.86,9590.45,
1789391100000,2026-09-14T13:05:00.000Z,2496.86,2498.78,2486.64,2492.54,9838.6,
1789391400000,2026-09-14T13:10:00.000Z,2492.54,2501.15,2492.54,2497.51,3056.42,
1789391700000,2026-09-14T13:15:00.000Z,2497.51,2504.06,2497.51,2499.59,3763.41,
1789392000000,2026-09-14T13:20:00.000Z,2499.59,2501.65,2499.26,2499.28,703.91,
1789392300000,2026-09-14T13:25:00.000Z,2499.28,2503.32,2498.8,2503.22,982.14,
1789392600000,2026-09-14T13:30:00.000Z,2503.22,2517.11,2502.08,2514.7,20074.76,
1789392900000,2026-09-14T13:35:00.000Z,2514.7,2515.84,2494.81,2504.63,10892.66,
1789393200000,2026-09-14T13:40:00.000Z,2504.63,2508.2,2498.5,2507.75,4990.68,
1789393500000,2026-09-14T13:45:00.000Z,2507.75,2515.14,2506.25,2514.41,4100,
1789393800000,2026-09-14T13:50:00.000Z,2514.41,2515.39,2503.17,2503.56,3942.86,
1789394100000,2026-09-14T13:55:00.000Z,2503.56,2505.04,2495.01,2499.75,4972.42,
1789394400000,2026-09-14T14:00:00.000Z,2499.75,2511.75,2499.07,2510.72,4462.43,
1789394700000,2026-09-14T14:05:00.000Z,2510.72,2510.72,2505.28,2505.38,1790.36,
1789395000000,2026-09-14T14:10:00.000Z,2505.38,2514.54,2505.38,2513.32,3506.29,
1789395300000,2026-09-14T14:15:00.000Z,2513.32,2516,2509,2514.71,6732.69,
1789395600000,2026-09-14T14:20:00.000Z,2514.71,2514.71,2499.21,2499.4,5342.07,
1789395900000,2026-09-14T14:25:00.000Z,2499.4,2506.36,2493.14,2504.11,5800.98,
1789396200000,2026-09-14T14:30:00.000Z,2504.11,2511.99,2503.22,2509.68,5171.98,
1789396500000,2026-09-14T14:35:00.000Z,2509.68,2509.68,2497.57,2498.88,5389.56,
1789396800000,2026-09-14T14:40:00.000Z,2498.88,2500.42,2495.29,2498.86,8661.54,
1789397100000,2026-09-14T14:45:00.000Z,2498.86,2507.89,2498.86,2507.89,4129.61,
1789397400000,2026-09-14T14:50:00.000Z,2507.89,2508.5,2499.53,2505.07,4140.48,
1789397700000,2026-09-14T14:55:00.000Z,2505.07,2505.07,2498.35,2500.45,2564.28,
1789398000000,2026-09-14T15:00:00.000Z,2500.45,2502,2495.02,2497.72,2956.78,
1789398300000,2026-09-14T15:05:00.000Z,2497.72,2508.74,2496.67,2504.25,4014.55,
1789398600000,2026-09-14T15:10:00.000Z,2504.25,2505.77,2501.09,2503.1,713.94,
1789398900000,2026-09-14T15:15:00.000Z,2503.1,2507.19,2501.25,2505.51,675.03,
1789399200000,2026-09-14T15:20:00.000Z,2505.51,2505.51,2500.88,2503.05,1715.3,
1789399500000,2026-09-14T15:25:00.000Z,2503.05,2504.27,2498.42,2499.74,1959.68,
1789399800000,2026-09-14T15:30:00.000Z,2499.74,2507.88,2497.23,2505.66,3816.68,
1789400100000,2026-09-14T15:35:00.000Z,2505.66,2506.43,2499.52,2504.86,2996.79,
1789400400000,2026-09-14T15:40:00.000Z,2504.86,2512,2503.98,2509.25,6159.6,
1789400700000,2026-09-14T15:45:00.000Z,2509.25,2509.62,2502.71,2506.76,2212.07,
1789401000000,2026-09-14T15:50:00.000Z,2506.76,2510.54,2505.02,2507.98,2343.91,
1789401300000,2026-09-14T15:55:00.000Z,2507.98,2509.38,2506.46,2507.65,1231.53,
1789401600000,2026-09-14T16:00:00.000Z,2507.65,2509.18,2503.01,2503.17,2496.4,
1789401900000,2026-09-14T16:05:00.000Z,2503.17,2505.89,2503.16,2505.66,504.29,
1789402200000,2026-09-14T16:10:00.000Z,2505.66,2508.41,2505.66,2506.81,862.76,
1789402500000,2026-09-14T16:15:00.000Z,2506.81,2530,2506.75,2522.49,18446.55,
1789402800000,2026-09-14T16:20:00.000Z,2522.49,2532,2518.67,2526.74,10742.85,
1789403100000,2026-09-14T16:25:00.000Z,2526.74,2527.09,2517.03,2520.54,7013.73,
1789403400000,2026-09-14T16:30:00.000Z,2520.54,2525.68,2520.42,2521.34,4107.2,
1789403700000,2026-09-14T16:35:00.000Z,2521.34,2523.69,2519.49,2522.34,5120.69,
1789404000000,2026-09-14T16:40:00.000Z,2522.34,2522.77,2520.17,2521.41,767.62,
1789404300000,2026-09-14T16:45:00.000Z,2521.41,2531,2521.41,2530.88,6112.32,
1789404600000,2026-09-14T16:50:00.000Z,2530.88,2536.89,2528.68,2532.95,6476.28,
1789404900000,2026-09-14T16:55:00.000Z,2532.95,2533.7,2526.9,2527.98,1932.83,
1789405200000,2026-09-14T17:00:00.000Z,2527.98,2528.25,2525.42,2526.48,762.3,
1789405500000,2026-09-14T17:05:00.000Z,2526.48,2528.58,2524.07,2525.46,1005.76,
1789405800000,2026-09-14T17:10:00.000Z,2525.46,2532.41,2525.46,2531.8,3241.2,
1789406100000,2026-09-14T17:15:00.000Z,2531.8,2533.67,2528,2529.75,1583.99,
1789406400000,2026-09-14T17:20:00.000Z,2529.75,2534.66,2528.89,2532.75,1506.06,
1789406700000,2026-09-14T17:25:00.000Z,2532.75,2533.16,2528.54,2529.29,970.93,
1789407000000,2026-09-14T17:30:00.000Z,2529.29,2529.53,2520.6,2522.81,4805.1,
1789407300000,2026-09-14T17:35:00.000Z,2522.81,2527.56,2522.81,2524.22,3359.11,
1789407600000,2026-09-14T17:40:00.000Z,2524.22,2526.21,2522.86,2525.49,712.88,
1789407900000,2026-09-14T17:45:00.000Z,2525.49,2530.95,2524.88,2529,1361.87,
1789408200000,2026-09-14T17:50:00.000Z,2529,2532.31,2527.1,2532.16,2995.96,
1789408500000,2026-09-14T17:55:00.000Z,2532.16,2534.35,2529.58,2532.11,1465.16,
1789408800000,2026-09-14T18:00:00.000Z,2532.11,2533.99,2530.2,2532.75,1883.89,
1789409100000,2026-09-14T18:05:00.000Z,2532.75,2535.61,2530.51,2534.17,2133.53,
1789409400000,2026-09-14T18:10:00.000Z,2534.17,2534.75,2529.3,2529.75,718.08,
1789409700000,2026-09-14T18:15:00.000Z,2529.75,2535.5,2528.42,2534.9,1458.49,
1789410000000,2026-09-14T18:20:00.000Z,2534.9,2538.71,2533.61,2536.13,2877.28,
1789410300000,2026-09-14T18:25:00.000Z,2536.13,2538.75,2532.33,2538.49,852.05,
1789410600000,2026-09-14T18:30:00.000Z,2538.49,2542,2537,2541.47,3966.82,
1789410900000,2026-09-14T18:35:00.000Z,2541.47,2541.67,2538,2538.95,3647.15,
1789411200000,2026-09-14T18:40:00.000Z,2538.95,2540.89,2533.33,2538.05,1974.02,
1789411500000,2026-09-14T18:45:00.000Z,2538.05,2543.14,2537.88,2540.7,4108.1,
1789411800000,2026-09-14T18:50:00.000Z,2540.7,2541.71,2535.33,2535.99,1346.86,
1789412100000,2026-09-14T18:55:00.000Z,2535.99,2538.25,2535.5,2537.52,1410.56,
1789412400000,2026-09-14T19:00:00.000Z,2537.52,2537.7,2532.7,2533.78,2457.08,
1789412700000,2026-09-14T19:05:00.000Z,2533.78,2537.25,2533.25,2533.9,1262.59,
1789413000000,2026-09-14T19:10:00.000Z,2533.9,2538.89,2533.8,2537.53,581.76,
1789413300000,2026-09-14T19:15:00.000Z,2537.53,2542.75,2536.49,2542.75,1835.66,
1789413600000,2026-09-14T19:20:00.000Z,2542.75,2546.51,2540.28,2544.25,4819.07,
1789413900000,2026-09-14T19:25:00.000Z,2544.25,2547.7,2541.75,2543.63,9657.07,
1789414200000,2026-09-14T19:30:00.000Z,2543.63,2544.41,2539.37,2542.64,3069.82,
1789414500000,2026-09-14T19:35:00.000Z,2542.64,2542.64,2534.51,2535.66,2031.99,
1789414800000,2026-09-14T19:40:00.000Z,2535.66,2543.17,2535.66,2542.75,1966.89,
1789415100000,2026-09-14T19:45:00.000Z,2542.75,2544.49,2541.46,2542.51,825.48,
1789415400000,2026-09-14T19:50:00.000Z,2542.51,2542.81,2539.88,2540.38,1025.71,
1789415700000,2026-09-14T19:55:00.000Z,2540.38,2540.41,2537.6,2538.25,652.6,
1789416000000,2026-09-14T20:00:00.000Z,2538.25,2541.97,2538.25,2541.78,791.75,
1789416300000,2026-09-14T20:05:00.000Z,2541.78,2543.28,2541.48,2542.16,319.33,
1789416600000,2026-09-14T20:10:00.000Z,2542.16,2572.77,2541.9,2564.22,33370.17,
1789416900000,2026-09-14T20:15:00.000Z,2564.22,2593.43,2564.22,2592.17,25401.22,
1789417200000,2026-09-14T20:20:00.000Z,2592.17,2614.7,2590.27,2604.64,20737.24,
1789417500000,2026-09-14T20:25:00.000Z,2604.64,2606.22,2592.46,2598.38,9519.22,
1789417800000,2026-09-14T20:30:00.000Z,2598.38,2601.77,2588.2,2598.84,4652.11,
1789418100000,2026-09-14T20:35:00.000Z,2598.84,2599.03,2590.11,2590.11,3434.02,
1789418400000,2026-09-14T20:40:00.000Z,2590.11,2594.43,2585.19,2586.69,2455.69,
1789418700000,2026-09-14T20:45:00.000Z,2586.69,2591.66,2580.9,2581.71,2416.58,
1789419000000,2026-09-14T20:50:00.000Z,2581.71,2582.48,2575.28,2577.22,6805.25,
1789419300000,2026-09-14T20:55:00.000Z,2577.22,2577.34,2566.14,2569.76,6668.94,
1789419600000,2026-09-14T21:00:00.000Z,2569.76,2570.96,2537.06,2556.01,22125.69,
1789419900000,2026-09-14T21:05:00.000Z,2556.01,2561.75,2554.64,2557.35,3980.22,
1789420200000,2026-09-14T21:10:00.000Z,2557.35,2559.21,2546.87,2550.72,3799.83,
1789420500000,2026-09-14T21:15:00.000Z,2550.72,2558.55,2546.94,2555.9,5250.6,
1789420800000,2026-09-14T21:20:00.000Z,2555.9,2559.36,2554.16,2557.56,2998.8,
1789421100000,2026-09-14T21:25:00.000Z,2557.56,2558.06,2553.7,2554.77,2573.14,
1789421400000,2026-09-14T21:30:00.000Z,2554.77,2558.86,2551.01,2553.25,1548.33,
1789421700000,2026-09-14T21:35:00.000Z,2553.25,2553.44,2542,2545.61,5700.64,
1789422000000,2026-09-14T21:40:00.000Z,2545.61,2549.41,2545.35,2546.47,1099.48,
1789422300000,2026-09-14T21:45:00.000Z,2546.47,2549,2544.2,2548.2,2656.29,
1789422600000,2026-09-14T21:50:00.000Z,2548.2,2549.6,2544.2,2547.24,1025.5,
1789422900000,2026-09-14T21:55:00.000Z,2547.24,2548.65,2545.03,2546,667.32,
1789423200000,2026-09-14T22:00:00.000Z,2546,2547.17,2541.15,2543.73,810.97,
1789423500000,2026-09-14T22:05:00.000Z,2543.73,2552.95,2543.73,2552.73,2885.28,
1789423800000,2026-09-14T22:10:00.000Z,2552.73,2555.99,2549.82,2553.53,2512.49,
1789424100000,2026-09-14T22:15:00.000Z,2553.53,2554.44,2544.91,2544.91,1772.28,
1789424400000,2026-09-14T22:20:00.000Z,2544.91,2545.69,2542.36,2542.37,3187.53,
1789424700000,2026-09-14T22:25:00.000Z,2542.37,2546.09,2540.64,2544.11,3420.83,
1789425000000,2026-09-14T22:30:00.000Z,2544.11,2544.12,2535.33,2538.02,5355.44,
1789425300000,2026-09-14T22:35:00.000Z,2538.02,2540.85,2535.39,2536.31,2379.19,
1789425600000,2026-09-14T22:40:00.000Z,2536.31,2540.65,2536.13,2538.36,1960.4,
1789425900000,2026-09-14T22:45:00.000Z,2538.36,2538.36,2532.15,2534.63,3590.2,
1789426200000,2026-09-14T22:50:00.000Z,2534.63,2535.21,2531.78,2533.3,1220.53,
1789426500000,2026-09-14T22:55:00.000Z,2533.3,2533.3,2531.47,2532.35,863.97,
1789426800000,2026-09-14T23:00:00.000Z,2532.35,2533.97,2526.19,2527.69,3464.19,
1789427100000,2026-09-14T23:05:00.000Z,2527.69,2528.79,2523.83,2526.56,5848.62,
1789427400000,2026-09-14T23:10:00.000Z,2526.56,2526.79,2523,2523.74,2855.51,
1789427700000,2026-09-14T23:15:00.000Z,2523.74,2526.01,2521.64,2522.88,4135.17,
1789428000000,2026-09-14T23:20:00.000Z,2522.88,2524.23,2522.52,2524.23,2198.52,
1789428300000,2026-09-14T23:25:00.000Z,2524.23,2525,2521.62,2523.96,2064.03,
1789428600000,2026-09-14T23:30:00.000Z,2523.96,2524.04,2518,2519.49,4445.62,
1789428900000,2026-09-14T23:35:00.000Z,2519.49,2519.7,2513.36,2517.66,3356.33,
1789429200000,2026-09-14T23:40:00.000Z,2517.66,2520.43,2517.44,2518.51,815.96,
1789429500000,2026-09-14T23:45:00.000Z,2518.51,2518.51,2515.01,2515.52,736.38,
1789429800000,2026-09-14T23:50:00.000Z,2515.52,2516.82,2511.71,2516.01,4464.33,
1789430100000,2026-09-14T23:55:00.000Z,2516.01,2516.01,2512.91,2514.45,739.24,
1789430400000,2026-09-15T00:00:00.000Z,2514.45,2515.22,2511.5,2512.16,1321.22,
1789430700000,2026-09-15T00:05:00.000Z,2512.16,2516.5,2509.51,2516.5,4090.36,
1789431000000,2026-09-15T00:10:00.000Z,2516.5,2516.5,2511.17,2511.61,1155.28,
1789431300000,2026-09-15T00:15:00.000Z,2511.61,2511.86,2506.55,2507.59,3316.1,
1789431600000,2026-09-15T00:20:00.000Z,2507.59,2510.89,2505.18,2506.87,4049.09,
1789431900000,2026-09-15T00:25:00.000Z,2506.87,2510,2506.01,2509.19,1110.27,
1789432200000,2026-09-15T00:30:00.000Z,2509.19,2514.14,2508.64,2513.5,2792.35,
1789432500000,2026-09-15T00:35:00.000Z,2513.5,2515.89,2510.67,2514.37,2319.27,
1789432800000,2026-09-15T00:40:00.000Z,2514.37,2515.47,2509.25,2513,4889.6,
1789433100000,2026-09-15T00:45:00.000Z,2513,2514.76,2511.8,2514.33,1698.87,
1789433400000,2026-09-15T00:50:00.000Z,2514.33,2516.04,2513.39,2513.39,3857,
1789433700000,2026-09-15T00:55:00.000Z,2513.39,2515.79,2513.04,2515.1,2062.09,
1789434000000,2026-09-15T01:00:00.000Z,2515.1,2515.68,2511.24,2511.44,2216.73,
1789434300000,2026-09-15T01:05:00.000Z,2511.44,2512.61,2506.92,2507.65,1946.13,
1789434600000,2026-09-15T01:10:00.000Z,2507.65,2512.83,2507.14,2511.03,960.03,
1789434900000,2026-09-15T01:15:00.000Z,2511.03,2513.71,2509.26,2512.01,1704.94,
1789435200000,2026-09-15T01:20:00.000Z,2512.01,2517.5,2512.01,2517.31,2980.06,
1789435500000,2026-09-15T01:25:00.000Z,2517.31,2517.55,2507.32,2510.26,2161.8,
1789435800000,2026-09-15T01:30:00.000Z,2510.26,2515.93,2509,2512.97,1759.13,
1789436100000,2026-09-15T01:35:00.000Z,2512.97,2514.44,2511.52,2513.86,788.38,
1789436400000,2026-09-15T01:40:00.000Z,2513.86,2516.07,2512.13,2515.75,755.04,
1789436700000,2026-09-15T01:45:00.000Z,2515.75,2518.8,2512.65,2518.4,3886.67,
1789437000000,2026-09-15T01:50:00.000Z,2518.4,2518.56,2515.31,2516.51,988.85,
1789437300000,2026-09-15T01:55:00.000Z,2516.51,2517.36,2513.68,2514.83,820.28,
1789437600000,2026-09-15T02:00:00.000Z,2514.83,2518.23,2513.34,2517.65,3018.1,
1789437900000,2026-09-15T02:05:00.000Z,2517.65,2518.48,2514,2518.27,642.11,
1789438200000,2026-09-15T02:10:00.000Z,2518.27,2519.05,2516.85,2517.05,623.89,
1789438500000,2026-09-15T02:15:00.000Z,2517.05,2518.93,2516.51,2517.98,331.94,
1789438800000,2026-09-15T02:20:00.000Z,2517.98,2517.98,2516,2517,613.4,
1789439100000,2026-09-15T02:25:00.000Z,2517,2518.3,2515,2515.8,446.35,
1789439400000,2026-09-15T02:30:00.000Z,2515.8,2516.92,2514.61,2515.25,1050.99,
1789439700000,2026-09-15T02:35:00.000Z,2515.25,2515.54,2510,2512.64,3089.39,
1789440000000,2026-09-15T02:40:00.000Z,2512.64,2512.94,2510.7,2511.58,1898.07,
1789440300000,2026-09-15T02:45:00.000Z,2511.58,2512.15,2510,2510,425.03,
1789440600000,2026-09-15T02:50:00.000Z,2510,2512.21,2508.32,2511.1,4580.73,
1789440900000,2026-09-15T02:55:00.000Z,2511.1,2512.49,2510.54,2511.34,832.57,
1789441200000,2026-09-15T03:00:00.000Z,2511.34,2511.34,2502,2504.33,8955.63,
1789441500000,2026-09-15T03:05:00.000Z,2504.33,2505,2499.64,2500.25,10946.19,
1789441800000,2026-09-15T03:10:00.000Z,2500.25,2501,2493.98,2497.36,18427.83,
1789442100000,2026-09-15T03:15:00.000Z,2497.36,2500,2495.55,2498.62,2751.01,
1789442400000,2026-09-15T03:20:00.000Z,2498.62,2500.94,2498.62,2499.8,961.22,
1789442700000,2026-09-15T03:25:00.000Z,2499.8,2501.75,2499.51,2501.75,1006.86,
1789443000000,2026-09-15T03:30:00.000Z,2501.75,2503.82,2500.19,2503.72,1108.98,
1789443300000,2026-09-15T03:35:00.000Z,2503.72,2504.75,2502.25,2502.25,1573.62,
1789443600000,2026-09-15T03:40:00.000Z,2502.25,2503.34,2501.82,2503.03,733.65,
1789443900000,2026-09-15T03:45:00.000Z,2503.03,2504.12,2500.7,2500.7,811.03,
1789444200000,2026-09-15T03:50:00.000Z,2500.7,2502,2499.46,2499.46,2811.19,
1789444500000,2026-09-15T03:55:00.000Z,2499.46,2499.84,2495.06,2497.46,9703.17,
1789444800000,2026-09-15T04:00:00.000Z,2497.46,2499,2495.97,2498.69,3976.85,
1789445100000,2026-09-15T04:05:00.000Z,2498.69,2499.18,2494,2498.79,3996.53,
1789445400000,2026-09-15T04:10:00.000Z,2498.79,2498.85,2496.95,2496.96,911.41,
1789445700000,2026-09-15T04:15:00.000Z,2496.96,2498.38,2496.25,2498.38,632.74,
1789446000000,2026-09-15T04:20:00.000Z,2498.38,2498.89,2494,2494,3095.34,
1789446300000,2026-09-15T04:25:00.000Z,2494,2494.01,2491.5,2492.49,4190.42,
1789446600000,2026-09-15T04:30:00.000Z,2492.49,2494,2489.32,2491.98,4958.34,
1789446900000,2026-09-15T04:35:00.000Z,2491.98,2492,2488.02,2490.2,3374.78,
1789447200000,2026-09-15T04:40:00.000Z,2490.2,2493.92,2489.72,2492.88,2007.41,
1789447500000,2026-09-15T04:45:00.000Z,2492.88,2493,2491.04,2492.67,1945.36,
1789447800000,2026-09-15T04:50:00.000Z,2492.67,2492.97,2490.37,2491.77,359.43,
1789448100000,2026-09-15T04:55:00.000Z,2491.77,2491.77,2489.1,2489.16,1664.1,
1789448400000,2026-09-15T05:00:00.000Z,2489.16,2491.76,2489.1,2490.99,1844.5,
1789448700000,2026-09-15T05:05:00.000Z,2490.99,2492.77,2487.6,2488.23,1481.82,
1789449000000,2026-09-15T05:10:00.000Z,2488.23,2488.23,2476.83,2482.45,20245.5,
1789449300000,2026-09-15T05:15:00.000Z,2482.45,2482.99,2477.7,2478.89,5762.3,
1789449600000,2026-09-15T05:20:00.000Z,2478.89,2484.14,2478.89,2482.76,3193.27,
1789449900000,2026-09-15T05:25:00.000Z,2482.76,2488.89,2482.64,2487.06,3396.32,
1789450200000,2026-09-15T05:30:00.000Z,2487.06,2488.5,2486.31,2488.01,1371.34,
1789450500000,2026-09-15T05:35:00.000Z,2488.01,2488.01,2484.37,2486.18,804.08,
1789450800000,2026-09-15T05:40:00.000Z,2486.18,2489.56,2485.58,2489.38,1981.11,
1789451100000,2026-09-15T05:45:00.000Z,2489.38,2491.91,2489.14,2491.38,4287.69,
1789451400000,2026-09-15T05:50:00.000Z,2491.38,2496,2491.1,2495.41,5854.8,
1789451700000,2026-09-15T05:55:00.000Z,2495.41,2496.88,2494.76,2494.99,2026.32,
1789452000000,2026-09-15T06:00:00.000Z,2494.99,2499.86,2494.99,2498.87,5867.66,
1789452300000,2026-09-15T06:05:00.000Z,2498.87,2499.57,2496.77,2496.77,2215.79,
1789452600000,2026-09-15T06:10:00.000Z,2496.77,2496.78,2494.78,2495.14,1488.81,
1789452900000,2026-09-15T06:15:00.000Z,2495.14,2495.14,2492.49,2492.66,3193.01,
1789453200000,2026-09-15T06:20:00.000Z,2492.66,2492.77,2489.22,2489.62,4914.19,
1789453500000,2026-09-15T06:25:00.000Z,2489.62,2489.98,2487.14,2487.81,3457.04,
1789453800000,2026-09-15T06:30:00.000Z,2487.81,2489.96,2486.34,2487.32,1756.03,
1789454100000,2026-09-15T06:35:00.000Z,2487.32,2488.45,2486,2486.98,1543.46,
1789454400000,2026-09-15T06:40:00.000Z,2486.98,2489.13,2486.37,2488.84,1903.31,
1789454700000,2026-09-15T06:45:00.000Z,2488.84,2489.46,2485.52,2485.53,1526.56,
1789455000000,2026-09-15T06:50:00.000Z,2485.53,2486,2480.75,2481.65,4826.39,
1789455300000,2026-09-15T06:55:00.000Z,2481.65,2484.99,2480.04,2484.83,3459.21,
1789455600000,2026-09-15T07:00:00.000Z,2484.83,2484.85,2481.32,2484.62,1795.26,
1789455900000,2026-09-15T07:05:00.000Z,2484.62,2484.88,2479,2481.31,8567.74,
1789456200000,2026-09-15T07:10:00.000Z,2481.31,2481.38,2477.77,2479.74,4854.74,
1789456500000,2026-09-15T07:15:00.000Z,2479.74,2481.86,2475.95,2481.5,8701.72,
1789456800000,2026-09-15T07:20:00.000Z,2481.5,2483.41,2480.02,2482.44,3551.36,
1789457100000,2026-09-15T07:25:00.000Z,2482.44,2482.95,2481.98,2482.41,584.08,
1789457400000,2026-09-15T07:30:00.000Z,2482.41,2482.42,2476,2476,2799.65,
1789457700000,2026-09-15T07:35:00.000Z,2476,2479.29,2473.67,2476.09,11407.48,
1789458000000,2026-09-15T07:40:00.000Z,2476.09,2479.22,2476.04,2476.76,11817.9,
1789458300000,2026-09-15T07:45:00.000Z,2476.76,2481.16,2476.34,2476.66,3495.32,
1789458600000,2026-09-15T07:50:00.000Z,2476.66,2477.01,2468.95,2470.67,7076.49,
1789458900000,2026-09-15T07:55:00.000Z,2470.67,2473.12,2469.32,2472.87,2931.59,
1789459200000,2026-09-15T08:00:00.000Z,2472.87,2473.2,2467.5,2467.54,3186.23,
1789459500000,2026-09-15T08:05:00.000Z,2467.54,2468.82,2463.51,2465.75,7109.05,
1789459800000,2026-09-15T08:10:00.000Z,2465.75,2470.83,2464.16,2470.64,2434.38,
1789460100000,2026-09-15T08:15:00.000Z,2470.64,2472,2465.78,2471.01,2551.96,
1789460400000,2026-09-15T08:20:00.000Z,2471.01,2473.4,2470.55,2472.3,1828.09,
1789460700000,2026-09-15T08:25:00.000Z,2472.3,2473,2470.76,2471.45,1521.25,
1789461000000,2026-09-15T08:30:00.000Z,2471.45,2472.5,2469.18,2472.49,1436.8,
1789461300000,2026-09-15T08:35:00.000Z,2472.49,2472.7,2470.46,2472,889.76,
1789461600000,2026-09-15T08:40:00.000Z,2472,2473.68,2471.42,2472.02,2336,
1789461900000,2026-09-15T08:45:00.000Z,2472.02,2475.65,2472,2472.68,2556.23,
1789462200000,2026-09-15T08:50:00.000Z,2472.68,2474.63,2471.77,2474.59,925.93,
1789462500000,2026-09-15T08:55:00.000Z,2474.59,2477.2,2474.53,2476.07,3432.26,
1789462800000,2026-09-15T09:00:00.000Z,2476.07,2476.2,2472.74,2473.63,850.23,
1789463100000,2026-09-15T09:05:00.000Z,2473.63,2474.05,2472.29,2473.14,563.21,
1789463400000,2026-09-15T09:10:00.000Z,2473.14,2473.31,2472,2472.97,680.5,
1789463700000,2026-09-15T09:15:00.000Z,2472.97,2474.89,2472.25,2472.48,420.37,
1789464000000,2026-09-15T09:20:00.000Z,2472.48,2474.78,2472.27,2472.92,570.71,
1789464300000,2026-09-15T09:25:00.000Z,2472.92,2474.5,2472.37,2474.27,887.92,
1789464600000,2026-09-15T09:30:00.000Z,2474.27,2476.2,2473.07,2475.96,802.99,
1789464900000,2026-09-15T09:35:00.000Z,2475.96,2476.75,2473.8,2474.84,2914.44,
1789465200000,2026-09-15T09:40:00.000Z,2474.84,2475.5,2473.25,2475.27,2359.61,
1789465500000,2026-09-15T09:45:00.000Z,2475.27,2478.26,2474.29,2477.75,1358.58,
1789465800000,2026-09-15T09:50:00.000Z,2477.75,2479.93,2476.3,2479.25,1387.15,
1789466100000,2026-09-15T09:55:00.000Z,2479.25,2479.26,2472.5,2473.38,1863.98,
1789466400000,2026-09-15T10:00:00.000Z,2473.38,2476.51,2470.64,2473.75,5244.73,
1789466700000,2026-09-15T10:05:00.000Z,2473.75,2477.38,2473.07,2477.01,544.76,
1789467000000,2026-09-15T10:10:00.000Z,2477.01,2478.15,2473.8,2474.19,1688.74,
1789467300000,2026-09-15T10:15:00.000Z,2474.19,2476.75,2473.46,2475.39,544.1,
1789467600000,2026-09-15T10:20:00.000Z,2475.39,2476.5,2473.5,2476.49,559.09,
1789467900000,2026-09-15T10:25:00.000Z,2476.49,2476.49,2473.07,2473.15,517.32,
1789468200000,2026-09-15T10:30:00.000Z,2473.15,2475.25,2472.57,2474.55,876.67,
1789468500000,2026-09-15T10:35:00.000Z,2474.55,2475.62,2473.68,2474.49,791.46,
1789468800000,2026-09-15T10:40:00.000Z,2474.49,2478.72,2474.39,2478,1025.42,
1789469100000,2026-09-15T10:45:00.000Z,2478,2482.96,2477.87,2482.61,3492.79,
1789469400000,2026-09-15T10:50:00.000Z,2482.61,2485.49,2481.17,2481.73,4924.1,
1789469700000,2026-09-15T10:55:00.000Z,2481.73,2484.98,2481.73,2482.61,1940.83,
1789470000000,2026-09-15T11:00:00.000Z,2482.61,2485.83,2482.34,2484.09,2347.27,
1789470300000,2026-09-15T11:05:00.000Z,2484.09,2487.43,2483.06,2487.2,2574.18,
1789470600000,2026-09-15T11:10:00.000Z,2487.2,2487.2,2480.67,2481.56,2481.65,
1789470900000,2026-09-15T11:15:00.000Z,2481.56,2484.73,2481.42,2483.01,1636.1,
1789471200000,2026-09-15T11:20:00.000Z,2483.01,2483.01,2478.99,2479.61,1481.87,
1789471500000,2026-09-15T11:25:00.000Z,2479.61,2480.4,2479.02,2479.38,316.86,
1789471800000,2026-09-15T11:30:00.000Z,2479.38,2480.29,2473.88,2474.87,2944.11,
1789472100000,2026-09-15T11:35:00.000Z,2474.87,2476.85,2472.23,2475.3,5971.63,
1789472400000,2026-09-15T11:40:00.000Z,2475.3,2475.88,2472.9,2474.49,1507.79,
1789472700000,2026-09-15T11:45:00.000Z,2474.49,2474.75,2471.63,2471.98,2483.09,
1789473000000,2026-09-15T11:50:00.000Z,2471.98,2475.75,2471.94,2473.91,896.23,
1789473300000,2026-09-15T11:55:00.000Z,2473.91,2476.19,2473.91,2475.22,614.63,
1789473600000,2026-09-15T12:00:00.000Z,2475.22,2478.04,2474.06,2478.04,948.7,
1789473900000,2026-09-15T12:05:00.000Z,2478.04,2478.64,2476.18,2476.3,1258.74,
1789474200000,2026-09-15T12:10:00.000Z,2476.3,2480.7,2475.96,2479.46,2237.74,
1789474500000,2026-09-15T12:15:00.000Z,2479.46,2480.55,2477.38,2478.14,902.37,
1789474800000,2026-09-15T12:20:00.000Z,2478.14,2479.85,2476.42,2477.28,1980.47,
1789475100000,2026-09-15T12:25:00.000Z,2477.28,2480.84,2476.75,2478.29,1252.12,
1789475400000,2026-09-15T12:30:00.000Z,2478.29,2478.8,2474.28,2478.09,5766.24,
1789475700000,2026-09-15T12:35:00.000Z,2478.09,2478.21,2475.56,2476.33,1173.51,
1789476000000,2026-09-15T12:40:00.000Z,2476.33,2476.75,2474.48,2475.37,1038.73,
1789476300000,2026-09-15T12:45:00.000Z,2475.37,2480.88,2474.09,2480.23,1410.14,
1789476600000,2026-09-15T12:50:00.000Z,2480.23,2485.36,2479.96,2484.9,2904.59,
1789476900000,2026-09-15T12:55:00.000Z,2484.9,2485.18,2476.45,2478.2,2880.29,
1789477200000,2026-09-15T13:00:00.000Z,2478.2,2483.79,2478.02,2482.75,959.07,
1789477500000,2026-09-15T13:05:00.000Z,2482.75,2486,2479.46,2480.16,2155.79,
1789477800000,2026-09-15T13:10:00.000Z,2480.16,2480.41,2476,2477.57,1378.87,
1789478100000,2026-09-15T13:15:00.000Z,2477.57,2479,2476.5,2478.1,657.98,
1789478400000,2026-09-15T13:20:00.000Z,2478.1,2479.02,2477.4,2478.6,389.67,
1789478700000,2026-09-15T13:25:00.000Z,2478.6,2478.87,2477.26,2477.71,621.19,
1789479000000,2026-09-15T13:30:00.000Z,2477.71,2477.71,2467.34,2469.7,9110.91,
1789479300000,2026-09-15T13:35:00.000Z,2469.7,2469.83,2430.06,2438.17,79953.86,
1789479600000,2026-09-15T13:40:00.000Z,2438.17,2450.77,2435.55,2448.95,21018.11,
1789479900000,2026-09-15T13:45:00.000Z,2448.95,2452.26,2445,2446.97,8633.59,
1789480200000,2026-09-15T13:50:00.000Z,2446.97,2446.97,2438.07,2443.75,7846.93,
1789480500000,2026-09-15T13:55:00.000Z,2443.75,2452.73,2443.15,2452.64,7333.29,
1789480800000,2026-09-15T14:00:00.000Z,2452.64,2456.81,2447.82,2448.01,8666.7,
1789481100000,2026-09-15T14:05:00.000Z,2448.01,2451.79,2444.17,2450.65,3237.57,
1789481400000,2026-09-15T14:10:00.000Z,2450.65,2452.67,2444.57,2445.28,4124.44,
1789481700000,2026-09-15T14:15:00.000Z,2445.28,2448.58,2440.95,2442.54,4346.66,
1789482000000,2026-09-15T14:20:00.000Z,2442.54,2444.45,2433.49,2440.06,8138.17,
1789482300000,2026-09-15T14:25:00.000Z,2440.06,2442.54,2437.21,2437.72,3985.35,
1789482600000,2026-09-15T14:30:00.000Z,2437.72,2437.72,2430.88,2432.4,8193.84,
1789482900000,2026-09-15T14:35:00.000Z,2432.4,2432.45,2414.4,2416.44,35529.07,
1789483200000,2026-09-15T14:40:00.000Z,2416.44,2418.98,2409.07,2415.16,17078.38,
1789483500000,2026-09-15T14:45:00.000Z,2415.16,2416.74,2403.05,2405.27,16532.92,
1789483800000,2026-09-15T14:50:00.000Z,2405.27,2406.22,2387.03,2400,40856.57,
1789484100000,2026-09-15T14:55:00.000Z,2400,2408.7,2395.65,2406.5,11549.39,
1789484400000,2026-09-15T15:00:00.000Z,2406.5,2410.75,2395.96,2409.3,14019.55,
1789484700000,2026-09-15T15:05:00.000Z,2409.3,2412.75,2407.94,2411.59,7292.23,
1789485000000,2026-09-15T15:10:00.000Z,2411.59,2413.05,2410,2411.5,4072.71,
1789485300000,2026-09-15T15:15:00.000Z,2411.5,2415.49,2409,2412.43,7748.57,
1789485600000,2026-09-15T15:20:00.000Z,2412.43,2424.93,2412.02,2423.07,8102.63,
1789485900000,2026-09-15T15:25:00.000Z,2423.07,2428.72,2422.01,2424,12304.51,
1789486200000,2026-09-15T15:30:00.000Z,2424,2428.55,2421.59,2428.45,5164.61,
1789486500000,2026-09-15T15:35:00.000Z,2428.45,2430.13,2425.2,2427.28,3652.46,
1789486800000,2026-09-15T15:40:00.000Z,2427.28,2427.9,2424.2,2426.01,2761.02,
1789487100000,2026-09-15T15:45:00.000Z,2426.01,2427.99,2424.32,2425.2,2901.98,
1789487400000,2026-09-15T15:50:00.000Z,2425.2,2431.93,2421.11,2422.01,7776.78,
1789487700000,2026-09-15T15:55:00.000Z,2422.01,2428.03,2422.01,2423,3859.12,
1789488000000,2026-09-15T16:00:00.000Z,2423,2424.26,2420.4,2420.85,4466.02,
1789488300000,2026-09-15T16:05:00.000Z,2420.85,2422.05,2413.47,2414.44,10683.11,
1789488600000,2026-09-15T16:10:00.000Z,2414.44,2418.6,2411.17,2412.5,5055.34,
1789488900000,2026-09-15T16:15:00.000Z,2412.5,2420.06,2412.5,2417,1937.99,
1789489200000,2026-09-15T16:20:00.000Z,2417,2424,2416.23,2422.44,1385.32,
1789489500000,2026-09-15T16:25:00.000Z,2422.44,2424.28,2419.73,2423.14,2080.71,
1789489800000,2026-09-15T16:30:00.000Z,2423.14,2424.31,2418.83,2419.43,2121.51,
1789490100000,2026-09-15T16:35:00.000Z,2419.43,2422.18,2418.32,2419.35,821.79,
1789490400000,2026-09-15T16:40:00.000Z,2419.35,2419.35,2416.16,2418.99,1350.94,
1789490700000,2026-09-15T16:45:00.000Z,2418.99,2422,2418.55,2420.9,883.04,
1789491000000,2026-09-15T16:50:00.000Z,2420.9,2424.82,2420.62,2423.65,1104.34,
1789491300000,2026-09-15T16:55:00.000Z,2423.65,2424.41,2420.69,2420.91,1141.52,
1789491600000,2026-09-15T17:00:00.000Z,2420.91,2422.68,2417.51,2417.54,1919.28,
1789491900000,2026-09-15T17:05:00.000Z,2417.54,2418.71,2411.07,2411.95,5981.32,
1789492200000,2026-09-15T17:10:00.000Z,2411.95,2416.76,2411.67,2415.5,1092.26,
1789492500000,2026-09-15T17:15:00.000Z,2415.5,2417.2,2413.82,2415.35,2960.79,
1789492800000,2026-09-15T17:20:00.000Z,2415.35,2418.21,2415.35,2417.3,481.92,
1789493100000,2026-09-15T17:25:00.000Z,2417.3,2424.46,2416.93,2423.75,891.76,
1789493400000,2026-09-15T17:30:00.000Z,2423.75,2437.74,2422.15,2436.75,9538.63,
1789493700000,2026-09-15T17:35:00.000Z,2436.75,2448,2433.34,2434.25,12898.08,
1789494000000,2026-09-15T17:40:00.000Z,2434.25,2434.25,2426.65,2428.37,4813.49,
1789494300000,2026-09-15T17:45:00.000Z,2428.37,2440.86,2428.37,2439.74,4744.82,
1789494600000,2026-09-15T17:50:00.000Z,2439.74,2444.47,2439.47,2441.84,2715.9,
1789494900000,2026-09-15T17:55:00.000Z,2441.84,2441.84,2437,2440.04,2573.26,
1789495200000,2026-09-15T18:00:00.000Z,2440.04,2442,2435.27,2437.75,2666.01,
1789495500000,2026-09-15T18:05:00.000Z,2437.75,2439.75,2432.35,2436.38,2896.03,
1789495800000,2026-09-15T18:10:00.000Z,2436.38,2437.32,2432.78,2434.82,1628.64,
1789496100000,2026-09-15T18:15:00.000Z,2434.82,2435.92,2420.97,2427.05,11202.44,
1789496400000,2026-09-15T18:20:00.000Z,2427.05,2429.19,2424.79,2426.5,1574.02,
1789496700000,2026-09-15T18:25:00.000Z,2426.5,2446.32,2424.07,2434.68,10075.36,
1789497000000,2026-09-15T18:30:00.000Z,2434.68,2435.97,2416.05,2430.09,8958.15,
1789497300000,2026-09-15T18:35:00.000Z,2430.09,2431.23,2370.28,2407.53,53862.4,
1789497600000,2026-09-15T18:40:00.000Z,2407.53,2409.1,2380,2385.92,29451.42,
1789497900000,2026-09-15T18:45:00.000Z,2385.92,2388.58,2356.53,2358.68,43238.61,
1789498200000,2026-09-15T18:50:00.000Z,2358.68,2404.01,2356.87,2402.82,36793.95,
1789498500000,2026-09-15T18:55:00.000Z,2402.82,2416.29,2395.23,2401.59,16788.54,
1789498800000,2026-09-15T19:00:00.000Z,2401.59,2412.63,2396.2,2405.75,8894.55,
1789499100000,2026-09-15T19:05:00.000Z,2405.75,2408.91,2400.51,2403.61,3901.76,
1789499400000,2026-09-15T19:10:00.000Z,2403.61,2407,2401.17,2403.78,2596.76,
1789499700000,2026-09-15T19:15:00.000Z,2403.78,2418.96,2401.5,2410.17,12584.41,
1789500000000,2026-09-15T19:20:00.000Z,2410.17,2414.09,2404,2408.63,5383.95,
1789500300000,2026-09-15T19:25:00.000Z,2408.63,2409.09,2400.49,2403.25,3610.75,
1789500600000,2026-09-15T19:30:00.000Z,2403.25,2406.64,2398,2403.62,4031.7,
1789500900000,2026-09-15T19:35:00.000Z,2403.62,2408.1,2401.74,2407.9,1435.26,
1789501200000,2026-09-15T19:40:00.000Z,2407.9,2408.76,2401.79,2402.75,3121.49,
1789501500000,2026-09-15T19:45:00.000Z,2402.75,2405.75,2401.87,2404.92,736.98,
1789501800000,2026-09-15T19:50:00.000Z,2404.92,2410.37,2403.6,2409.82,2729.3,
1789502100000,2026-09-15T19:55:00.000Z,2409.82,2415.55,2409.12,2415.49,4944.16,
1789502400000,2026-09-15T20:00:00.000Z,2415.49,2417.34,2408,2408.9,3191.84,
1789502700000,2026-09-15T20:05:00.000Z,2408.9,2409.3,2404.41,2406.25,3668.16,
1789503000000,2026-09-15T20:10:00.000Z,2406.25,2411.38,2405.62,2408.75,1157.37,
1789503300000,2026-09-15T20:15:00.000Z,2408.75,2408.87,2401.81,2402.14,2437.49,
1789503600000,2026-09-15T20:20:00.000Z,2402.14,2404.42,2397.16,2404.42,5190.36,
1789503900000,2026-09-15T20:25:00.000Z,2404.42,2405.19,2397.82,2398.16,3036.75,
1789504200000,2026-09-15T20:30:00.000Z,2398.16,2403.97,2393.86,2398.92,8976.59,
1789504500000,2026-09-15T20:35:00.000Z,2398.92,2404.35,2397.95,2401.63,3899.69,
1789504800000,2026-09-15T20:40:00.000Z,2401.63,2405.16,2401.63,2404.77,2090.32,
1789505100000,2026-09-15T20:45:00.000Z,2404.77,2409.65,2404.25,2409.16,3346.31,
1789505400000,2026-09-15T20:50:00.000Z,2409.16,2409.28,2406.36,2409.19,895.35,
1789505700000,2026-09-15T20:55:00.000Z,2409.19,2409.94,2405.5,2406.78,1070.29,
1789506000000,2026-09-15T21:00:00.000Z,2406.78,2406.86,2398.17,2399.42,3288.8,
1789506300000,2026-09-15T21:05:00.000Z,2399.42,2402.08,2398.52,2398.59,801.04,
1789506600000,2026-09-15T21:10:00.000Z,2398.59,2405.23,2398.16,2400.56,3062.87,
1789506900000,2026-09-15T21:15:00.000Z,2400.56,2403.61,2397.8,2403.61,1037.83,
1789507200000,2026-09-15T21:20:00.000Z,2403.61,2403.61,2397.85,2399.05,819.02,
1789507500000,2026-09-15T21:25:00.000Z,2399.05,2399.24,2395,2397.34,3418.97,
1789507800000,2026-09-15T21:30:00.000Z,2397.34,2399.31,2395.5,2395.98,1017.34,
1789508100000,2026-09-15T21:35:00.000Z,2395.98,2400.73,2394.94,2399.4,1343.95,
1789508400000,2026-09-15T21:40:00.000Z,2399.4,2401.57,2399.26,2400.71,440.37,
1789508700000,2026-09-15T21:45:00.000Z,2400.71,2400.72,2395.85,2396.26,676.94,
1789509000000,2026-09-15T21:50:00.000Z,2396.26,2397.49,2391.89,2396.24,2913.68,
1789509300000,2026-09-15T21:55:00.000Z,2396.24,2396.25,2388.17,2389.45,4763.35,
1789509600000,2026-09-15T22:00:00.000Z,2389.45,2396.88,2386.2,2391.34,3179.58,
1789509900000,2026-09-15T22:05:00.000Z,2391.34,2391.34,2386.76,2387.01,1199.41,
1789510200000,2026-09-15T22:10:00.000Z,2387.01,2391,2385.19,2386.82,1646.58,
1789510500000,2026-09-15T22:15:00.000Z,2386.82,2387.86,2380.04,2381.89,3437.85,
1789510800000,2026-09-15T22:20:00.000Z,2381.89,2384.36,2380.18,2382.76,1648.94,
1789511100000,2026-09-15T22:25:00.000Z,2382.76,2397.3,2382.37,2392.71,4893.37,
1789511400000,2026-09-15T22:30:00.000Z,2392.71,2398.98,2392.71,2398.07,1721.69,
1789511700000,2026-09-15T22:35:00.000Z,2398.07,2401.52,2394.23,2398.34,4046.55,
1789512000000,2026-09-15T22:40:00.000Z,2398.34,2398.34,2394.24,2395.28,798.38,
1789512300000,2026-09-15T22:45:00.000Z,2395.28,2398.5,2394.75,2398.1,872.4,
1789512600000,2026-09-15T22:50:00.000Z,2398.1,2400.76,2397.89,2400.07,948.35,
1789512900000,2026-09-15T22:55:00.000Z,2400.07,2400.11,2394.72,2395.98,4641.4,
1789513200000,2026-09-15T23:00:00.000Z,2395.98,2402.34,2395.3,2401.69,1588.3,
1789513500000,2026-09-15T23:05:00.000Z,2401.69,2406,2400.67,2404.55,3892.64,
1789513800000,2026-09-15T23:10:00.000Z,2404.55,2409.35,2404.19,2408.48,1994.95,
1789514100000,2026-09-15T23:15:00.000Z,2408.48,2411.82,2407.28,2411.36,4993.41,
1789514400000,2026-09-15T23:20:00.000Z,2411.36,2411.44,2408.12,2409.25,1503.73,
1789514700000,2026-09-15T23:25:00.000Z,2409.25,2409.46,2404.49,2405,2567.91,
1789515000000,2026-09-15T23:30:00.000Z,2405,2405,2397.07,2401.07,3824.73,
1789515300000,2026-09-15T23:35:00.000Z,2401.07,2401.58,2397.25,2397.52,685.8,
1789515600000,2026-09-15T23:40:00.000Z,2397.52,2401,2396.24,2400.17,3575.08,
1789515900000,2026-09-15T23:45:00.000Z,2400.17,2401.36,2398.65,2399.26,1239.62,
1789516200000,2026-09-15T23:50:00.000Z,2399.26,2401.44,2399,2400.18,626.93,
1789516500000,2026-09-15T23:55:00.000Z,2400.18,2400.26,2396.81,2397.1,1495.51,
1789516800000,2026-09-16T00:00:00.000Z,2397.1,2403.25,2396.24,2403.25,1307.2,
1789517100000,2026-09-16T00:05:00.000Z,2403.25,2404.51,2400,2400.25,1638.14,
1789517400000,2026-09-16T00:10:00.000Z,2400.25,2402.83,2399.87,2400.45,471.73,
1789517700000,2026-09-16T00:15:00.000Z,2400.45,2404.41,2399.66,2404.31,306.22,
1789518000000,2026-09-16T00:20:00.000Z,2404.31,2404.42,2400.38,2402.98,1071.47,
1789518300000,2026-09-16T00:25:00.000Z,2402.98,2404,2401.13,2403.87,551.39,
1789518600000,2026-09-16T00:30:00.000Z,2403.87,2404.33,2401.71,2402.11,696.44,
1789518900000,2026-09-16T00:35:00.000Z,2402.11,2405,2401.01,2404.77,269.7,
1789519200000,2026-09-16T00:40:00.000Z,2404.77,2404.88,2401.01,2402.41,537.51,
1789519500000,2026-09-16T00:45:00.000Z,2402.41,2404.5,2398.92,2402.51,1868.02,
1789519800000,2026-09-16T00:50:00.000Z,2402.51,2403.5,2398.7,2399.13,861.91,
1789520100000,2026-09-16T00:55:00.000Z,2399.13,2400.75,2397.5,2398.05,1250.95,
1789520400000,2026-09-16T01:00:00.000Z,2398.05,2402.5,2394.07,2395.74,2829.62,
1789520700000,2026-09-16T01:05:00.000Z,2395.74,2398.37,2395.3,2396.86,871.62,
1789521000000,2026-09-16T01:10:00.000Z,2396.86,2400,2395.55,2399.22,865.99,
1789521300000,2026-09-16T01:15:00.000Z,2399.22,2401.86,2397.4,2401.41,452.67,
1789521600000,2026-09-16T01:20:00.000Z,2401.41,2405.89,2400.85,2405.89,1552.59,
1789521900000,2026-09-16T01:25:00.000Z,2405.89,2406.6,2402.34,2402.7,1915.5,
1789522200000,2026-09-16T01:30:00.000Z,2402.7,2402.7,2396.77,2396.93,1643.46,
1789522500000,2026-09-16T01:35:00.000Z,2396.93,2398.61,2392.38,2392.65,6519.77,
1789522800000,2026-09-16T01:40:00.000Z,2392.65,2397.64,2392.59,2397,563.29,
1789523100000,2026-09-16T01:45:00.000Z,2397,2399.27,2394.77,2395.5,3694.23,
1789523400000,2026-09-16T01:50:00.000Z,2395.5,2395.5,2390.4,2390.74,2615.62,
1789523700000,2026-09-16T01:55:00.000Z,2390.74,2391.69,2388.8,2389.76,1955.68,
1789524000000,2026-09-16T02:00:00.000Z,2389.76,2395.88,2389,2393.71,907.64,
1789524300000,2026-09-16T02:05:00.000Z,2393.71,2394.73,2391.23,2392,1618.7,
1789524600000,2026-09-16T02:10:00.000Z,2392,2393.52,2387.5,2392.6,2407.19,
1789524900000,2026-09-16T02:15:00.000Z,2392.6,2398,2392.02,2398,5132.53,
1789525200000,2026-09-16T02:20:00.000Z,2398,2399.28,2396.75,2397.9,1023.89,
1789525500000,2026-09-16T02:25:00.000Z,2397.9,2400.99,2397.69,2400.99,1763.23,
1789525800000,2026-09-16T02:30:00.000Z,2400.99,2406.6,2400.8,2405.99,2862.96,
1789526100000,2026-09-16T02:35:00.000Z,2405.99,2410.2,2405.99,2408.75,5978.42,
1789526400000,2026-09-16T02:40:00.000Z,2408.75,2409.45,2404.83,2405.33,986.75,
1789526700000,2026-09-16T02:45:00.000Z,2405.33,2406.65,2403.83,2406.2,715.5,
1789527000000,2026-09-16T02:50:00.000Z,2406.2,2406.49,2403.2,2403.49,405.05,
1789527300000,2026-09-16T02:55:00.000Z,2403.49,2403.7,2398.54,2401.65,2536.29,
1789527600000,2026-09-16T03:00:00.000Z,2401.65,2405.88,2401.18,2403.55,1175.83,
1789527900000,2026-09-16T03:05:00.000Z,2403.55,2404.24,2399.64,2400.84,1476.18,
1789528200000,2026-09-16T03:10:00.000Z,2400.84,2405.88,2400.73,2405.54,538.19,
1789528500000,2026-09-16T03:15:00.000Z,2405.54,2410.42,2405.48,2408.13,3466.71,
1789528800000,2026-09-16T03:20:00.000Z,2408.13,2410.64,2407.53,2409.51,4215.7,
1789529100000,2026-09-16T03:25:00.000Z,2409.51,2409.52,2403.46,2403.46,830.76,
1789529400000,2026-09-16T03:30:00.000Z,2403.46,2405.82,2402.22,2402.65,1820.14,
1789529700000,2026-09-16T03:35:00.000Z,2402.65,2402.87,2399.34,2400.57,643.54,
1789530000000,2026-09-16T03:40:00.000Z,2400.57,2401.97,2399,2400.81,1028.48,
1789530300000,2026-09-16T03:45:00.000Z,2400.81,2402.72,2400.25,2400.96,319.93,
1789530600000,2026-09-16T03:50:00.000Z,2400.96,2401.07,2399.5,2399.5,313.38,
1789530900000,2026-09-16T03:55:00.000Z,2399.5,2401.88,2399.5,2401,282.09,
1789531200000,2026-09-16T04:00:00.000Z,2401,2404.49,2400.82,2404.2,2623.61,
1789531500000,2026-09-16T04:05:00.000Z,2404.2,2404.45,2401.31,2401.6,386.04,
1789531800000,2026-09-16T04:10:00.000Z,2401.6,2403.49,2401.41,2402.78,276.13,
1789532100000,2026-09-16T04:15:00.000Z,2402.78,2402.78,2401,2401,329.54,
1789532400000,2026-09-16T04:20:00.000Z,2401,2408.75,2401,2406.42,3180.35,
1789532700000,2026-09-16T04:25:00.000Z,2406.42,2406.98,2402.97,2403.36,2139.74,
1789533000000,2026-09-16T04:30:00.000Z,2403.36,2404.2,2401.2,2404.2,2369.16,
1789533300000,2026-09-16T04:35:00.000Z,2404.2,2406.7,2403.5,2406.63,443.26,
1789533600000,2026-09-16T04:40:00.000Z,2406.63,2409.39,2404.84,2405.16,2629.14,
1789533900000,2026-09-16T04:45:00.000Z,2405.16,2407.39,2404.52,2404.87,593.44,
1789534200000,2026-09-16T04:50:00.000Z,2404.87,2404.87,2402.3,2402.59,737.36,
1789534500000,2026-09-16T04:55:00.000Z,2402.59,2404.69,2401.69,2402.6,3320.78,
1789534800000,2026-09-16T05:00:00.000Z,2402.6,2403.53,2394.23,2397.37,8060.51,
1789535100000,2026-09-16T05:05:00.000Z,2397.37,2399.98,2392.72,2399.97,2182.34,
1789535400000,2026-09-16T05:10:00.000Z,2399.97,2400.3,2398.17,2399.39,283.8,
1789535700000,2026-09-16T05:15:00.000Z,2399.39,2400.98,2398.75,2400.59,410.81,
1789536000000,2026-09-16T05:20:00.000Z,2400.59,2403.49,2399.73,2402.57,507.87,
1789536300000,2026-09-16T05:25:00.000Z,2402.57,2403.46,2401.65,2403.33,987.59,
1789536600000,2026-09-16T05:30:00.000Z,2403.33,2403.46,2401.46,2402.17,514.41,
1789536900000,2026-09-16T05:35:00.000Z,2402.17,2404.99,2402.17,2404.44,1024.01,
1789537200000,2026-09-16T05:40:00.000Z,2404.44,2405.9,2403.07,2405.72,1374.13,
1789537500000,2026-09-16T05:45:00.000Z,2405.72,2406.28,2403.01,2403.85,2136.71,
1789537800000,2026-09-16T05:50:00.000Z,2403.85,2404.49,2403,2403.2,383.38,
1789538100000,2026-09-16T05:55:00.000Z,2403.2,2406.43,2403.12,2406.15,1970.49,
1789538400000,2026-09-16T06:00:00.000Z,2406.15,2408,2404.35,2404.5,2488.17,
1789538700000,2026-09-16T06:05:00.000Z,2404.5,2405.52,2403.55,2404.44,263.39,
1789539000000,2026-09-16T06:10:00.000Z,2404.44,2404.8,2402.32,2402.88,193.87,
1789539300000,2026-09-16T06:15:00.000Z,2402.88,2403.73,2401.14,2403.38,708.17,
1789539600000,2026-09-16T06:20:00.000Z,2403.38,2403.83,2400.48,2400.54,276.05,
1789539900000,2026-09-16T06:25:00.000Z,2400.54,2400.99,2399.4,2399.87,1255.89,
1789540200000,2026-09-16T06:30:00.000Z,2399.87,2399.87,2397.47,2397.69,872.13,
1789540500000,2026-09-16T06:35:00.000Z,2397.69,2397.71,2392.54,2395.26,2272.66,
1789540800000,2026-09-16T06:40:00.000Z,2395.26,2398.27,2395.13,2397.47,1443.48,
1789541100000,2026-09-16T06:45:00.000Z,2397.47,2400.14,2397.3,2398.47,1075.79,
1789541400000,2026-09-16T06:50:00.000Z,2398.47,2398.78,2397.57,2398.22,647.1,
1789541700000,2026-09-16T06:55:00.000Z,2398.22,2406.59,2398.07,2405.48,3102.9,
1789542000000,2026-09-16T07:00:00.000Z,2405.48,2410,2403.4,2408.1,3820.82,
1789542300000,2026-09-16T07:05:00.000Z,2408.1,2408.49,2403.34,2403.34,1636.19,
1789542600000,2026-09-16T07:10:00.000Z,2403.34,2403.34,2397.72,2401.36,5582.76,
1789542900000,2026-09-16T07:15:00.000Z,2401.36,2403.86,2397.53,2397.74,1434.7,
1789543200000,2026-09-16T07:20:00.000Z,2397.74,2400,2397.49,2399.28,2038.33,
1789543500000,2026-09-16T07:25:00.000Z,2399.28,2401.81,2397.5,2398.44,525.54,
1789543800000,2026-09-16T07:30:00.000Z,2398.44,2399.51,2396.99,2398.62,471.72,
1789544100000,2026-09-16T07:35:00.000Z,2398.62,2400.33,2398.11,2400.33,356.86,
1789544400000,2026-09-16T07:40:00.000Z,2400.33,2400.48,2397.11,2397.71,422.96,
1789544700000,2026-09-16T07:45:00.000Z,2397.71,2399.16,2396.57,2397.84,608.34,
1789545000000,2026-09-16T07:50:00.000Z,2397.84,2397.97,2395.47,2396.38,743.32,
1789545300000,2026-09-16T07:55:00.000Z,2396.38,2397.35,2395.5,2396.13,1572.5,
1789545600000,2026-09-16T08:00:00.000Z,2396.13,2396.14,2389.53,2389.89,3302.08,
1789545900000,2026-09-16T08:05:00.000Z,2389.89,2392.32,2381.37,2386.25,14250.92,
1789546200000,2026-09-16T08:10:00.000Z,2386.25,2388.98,2385.41,2386.77,5466.17,
1789546500000,2026-09-16T08:15:00.000Z,2386.77,2392.29,2386.4,2389.72,4213.59,
1789546800000,2026-09-16T08:20:00.000Z,2389.72,2392.69,2386.97,2387.81,789.27,
1789547100000,2026-09-16T08:25:00.000Z,2387.81,2389.2,2384.3,2387.85,5302.48,
1789547400000,2026-09-16T08:30:00.000Z,2387.85,2390.36,2387.63,2389.59,645.78,
1789547700000,2026-09-16T08:35:00.000Z,2389.59,2391.37,2388.87,2390.87,886.08,
1789548000000,2026-09-16T08:40:00.000Z,2390.87,2393,2390.61,2392.82,500.05,
1789548300000,2026-09-16T08:45:00.000Z,2392.82,2393.94,2392.31,2393.51,1816.69,
1789548600000,2026-09-16T08:50:00.000Z,2393.51,2398.33,2393.41,2397.79,2903.02,
1789548900000,2026-09-16T08:55:00.000Z,2397.79,2402.6,2397.32,2401.79,3278.92,
1789549200000,2026-09-16T09:00:00.000Z,2401.79,2405.47,2401.09,2405.28,2381.93,
1789549500000,2026-09-16T09:05:00.000Z,2405.28,2406.29,2400.03,2402,3275.36,
1789549800000,2026-09-16T09:10:00.000Z,2402,2402.07,2400.24,2400.24,1560.4,
1789550100000,2026-09-16T09:15:00.000Z,2400.24,2401.84,2397.88,2401,1842.31,
1789550400000,2026-09-16T09:20:00.000Z,2401,2404,2401,2403.24,354.38,
1789550700000,2026-09-16T09:25:00.000Z,2403.24,2403.46,2400.78,2401.05,1315.18,
1789551000000,2026-09-16T09:30:00.000Z,2401.05,2402.2,2400.09,2400.65,727.44,
1789551300000,2026-09-16T09:35:00.000Z,2400.65,2403.5,2400.53,2402.44,522.95,
1789551600000,2026-09-16T09:40:00.000Z,2402.44,2403.73,2401.47,2402.35,486.11,
1789551900000,2026-09-16T09:45:00.000Z,2402.35,2403.28,2401,2402.4,3210.82,
1789552200000,2026-09-16T09:50:00.000Z,2402.4,2405.17,2401.91,2404.76,842.33,
1789552500000,2026-09-16T09:55:00.000Z,2404.76,2405.46,2403.88,2404.71,744.93,
1789552800000,2026-09-16T10:00:00.000Z,2404.71,2405.53,2402.22,2402.22,490.32,
1789553100000,2026-09-16T10:05:00.000Z,2402.22,2403,2401,2402.88,1455.29,
1789553400000,2026-09-16T10:10:00.000Z,2402.88,2403.67,2397.33,2398.59,4642.33,
1789553700000,2026-09-16T10:15:00.000Z,2398.59,2402.98,2398.21,2402.94,2958.1,
1789554000000,2026-09-16T10:20:00.000Z,2402.94,2402.94,2399.01,2399.35,498.53,
1789554300000,2026-09-16T10:25:00.000Z,2399.35,2401.64,2399.19,2401.62,346.79,
1789554600000,2026-09-16T10:30:00.000Z,2401.62,2402.42,2400.64,2401.76,329.26,
1789554900000,2026-09-16T10:35:00.000Z,2401.76,2403.6,2401.45,2403.2,228,
1789555200000,2026-09-16T10:40:00.000Z,2403.2,2406,2403.17,2405.12,2500.45,
1789555500000,2026-09-16T10:45:00.000Z,2405.12,2405.73,2403.84,2404.31,1615.58,
1789555800000,2026-09-16T10:50:00.000Z,2404.31,2404.32,2402.02,2402.25,1334.17,
1789556100000,2026-09-16T10:55:00.000Z,2402.25,2405.39,2400.6,2405.28,1577.01,
1789556400000,2026-09-16T11:00:00.000Z,2405.28,2408.6,2403.77,2407.11,2114.28,
1789556700000,2026-09-16T11:05:00.000Z,2407.11,2407.68,2403.49,2404.8,775.93,
1789557000000,2026-09-16T11:10:00.000Z,2404.8,2405.89,2403.36,2403.45,330.26,
1789557300000,2026-09-16T11:15:00.000Z,2403.45,2405.55,2401.69,2405.21,1022.31,
1789557600000,2026-09-16T11:20:00.000Z,2405.21,2406.24,2402.78,2403.22,941.04,
1789557900000,2026-09-16T11:25:00.000Z,2403.22,2406.79,2403.18,2406.21,707.69,
1789558200000,2026-09-16T11:30:00.000Z,2406.21,2413.51,2405.74,2410.4,3833.63,
1789558500000,2026-09-16T11:35:00.000Z,2410.4,2417.22,2410.26,2413.98,5699.45,
1789558800000,2026-09-16T11:40:00.000Z,2413.98,2430.12,2411.84,2425.09,13618.42,
1789559100000,2026-09-16T11:45:00.000Z,2425.09,2426.63,2420.58,2421.69,2499.31,
1789559400000,2026-09-16T11:50:00.000Z,2421.69,2424.3,2418.31,2419.27,2396.82,
1789559700000,2026-09-16T11:55:00.000Z,2419.27,2422.3,2419.03,2421.36,1118.4,
1789560000000,2026-09-16T12:00:00.000Z,2421.36,2422.59,2418.86,2421.61,3294.24,
1789560300000,2026-09-16T12:05:00.000Z,2421.61,2421.61,2415.5,2415.57,1622.68,
1789560600000,2026-09-16T12:10:00.000Z,2415.57,2416.39,2411.19,2412.56,6800.76,
1789560900000,2026-09-16T12:15:00.000Z,2412.56,2417.18,2411.55,2413.34,5927.91,
1789561200000,2026-09-16T12:20:00.000Z,2413.34,2413.35,2408.21,2408.43,4960.06,
1789561500000,2026-09-16T12:25:00.000Z,2408.43,2409.68,2404.71,2406.28,5860.49,
1789561800000,2026-09-16T12:30:00.000Z,2406.28,2409.47,2401.77,2409.47,4523.83,
1789562100000,2026-09-16T12:35:00.000Z,2409.47,2410.44,2404.08,2405.4,2215.62,
1789562400000,2026-09-16T12:40:00.000Z,2405.4,2407.69,2405.38,2405.77,836.38,
1789562700000,2026-09-16T12:45:00.000Z,2405.77,2408.28,2404.56,2408.28,902.85,
1789563000000,2026-09-16T12:50:00.000Z,2408.28,2409.47,2405.54,2405.54,2442.52,
1789563300000,2026-09-16T12:55:00.000Z,2405.54,2407.72,2402.5,2405.83,2121.46,
1789563600000,2026-09-16T13:00:00.000Z,2405.83,2406.02,2395.53,2399.09,8211.33,
1789563900000,2026-09-16T13:05:00.000Z,2399.09,2400.72,2398.05,2398.78,972.43,
1789564200000,2026-09-16T13:10:00.000Z,2398.78,2401.09,2394.01,2400.95,3320.1,
1789564500000,2026-09-16T13:15:00.000Z,2400.95,2404.99,2399.03,2402.22,3098.35,
1789564800000,2026-09-16T13:20:00.000Z,2402.22,2402.29,2398.32,2398.53,1510.58,
1789565100000,2026-09-16T13:25:00.000Z,2398.53,2402.88,2397.09,2399.84,2051.48,
1789565400000,2026-09-16T13:30:00.000Z,2399.84,2401.57,2394.13,2394.97,5858.4,
1789565700000,2026-09-16T13:35:00.000Z,2394.97,2398.29,2388.33,2390.22,5734.76,
1789566000000,2026-09-16T13:40:00.000Z,2390.22,2399,2389.65,2397.84,3620.45,
1789566300000,2026-09-16T13:45:00.000Z,2397.84,2402.41,2391,2399.65,6408.04,
1789566600000,2026-09-16T13:50:00.000Z,2399.65,2403.24,2392.75,2395.38,2962.3,
1789566900000,2026-09-16T13:55:00.000Z,2395.38,2397.98,2391,2393.19,3205.69,
1789567200000,2026-09-16T14:00:00.000Z,2393.19,2393.66,2384.33,2389.91,6274.82,
1789567500000,2026-09-16T14:05:00.000Z,2389.91,2394.09,2386.32,2387.87,2806.83,
1789567800000,2026-09-16T14:10:00.000Z,2387.87,2389.34,2382.1,2389.21,4533.6,
1789568100000,2026-09-16T14:15:00.000Z,2389.21,2396.95,2386.72,2387.29,7779.28,
1789568400000,2026-09-16T14:20:00.000Z,2387.29,2392.06,2386.73,2389.3,1635.33,
1789568700000,2026-09-16T14:25:00.000Z,2389.3,2398.1,2389.03,2397.36,2494.39,
1789569000000,2026-09-16T14:30:00.000Z,2397.36,2397.61,2387.65,2392.42,5284.73,
1789569300000,2026-09-16T14:35:00.000Z,2392.42,2394.05,2384.88,2385.29,4041.13,
1789569600000,2026-09-16T14:40:00.000Z,2385.29,2392.49,2383.55,2390.86,3676.97,
1789569900000,2026-09-16T14:45:00.000Z,2390.86,2390.87,2376.8,2384.53,9443.88,
1789570200000,2026-09-16T14:50:00.000Z,2384.53,2388.65,2379.71,2385.45,3338.35,
1789570500000,2026-09-16T14:55:00.000Z,2385.45,2389.78,2382.7,2389.42,1633.91,
1789570800000,2026-09-16T15:00:00.000Z,2389.42,2394.29,2388.59,2390.86,6589.34,
1789571100000,2026-09-16T15:05:00.000Z,2390.86,2394.6,2385.25,2392.4,6225.9,
1789571400000,2026-09-16T15:10:00.000Z,2392.4,2395,2390.65,2392.65,2251.57,
1789571700000,2026-09-16T15:15:00.000Z,2392.65,2392.91,2387.12,2388.01,3654.89,
1789572000000,2026-09-16T15:20:00.000Z,2388.01,2393.63,2387.52,2389.06,895.28,
1789572300000,2026-09-16T15:25:00.000Z,2389.06,2390.6,2386.1,2386.35,1336.21,
1789572600000,2026-09-16T15:30:00.000Z,2386.35,2387.64,2382.74,2386.95,10175.15,
1789572900000,2026-09-16T15:35:00.000Z,2386.95,2394.4,2386.65,2392.86,6367.33,
1789573200000,2026-09-16T15:40:00.000Z,2392.86,2393.59,2389.69,2389.92,641.95,
1789573500000,2026-09-16T15:45:00.000Z,2389.92,2401.63,2389.47,2396.74,6863.81,
1789573800000,2026-09-16T15:50:00.000Z,2396.74,2399.06,2394.84,2395.96,2195.55,
1789574100000,2026-09-16T15:55:00.000Z,2395.96,2396.14,2389.3,2391.67,2437.15,
1789574400000,2026-09-16T16:00:00.000Z,2391.67,2394.96,2389.81,2393.45,873.13,
1789574700000,2026-09-16T16:05:00.000Z,2393.45,2396.68,2387.57,2392.16,4984.03,
1789575000000,2026-09-16T16:10:00.000Z,2392.16,2396.97,2391.12,2396.1,2156.11,
1789575300000,2026-09-16T16:15:00.000Z,2396.1,2398.71,2392.76,2398.67,2342.52,
1789575600000,2026-09-16T16:20:00.000Z,2398.67,2398.72,2393.9,2394.24,620.81,
1789575900000,2026-09-16T16:25:00.000Z,2394.24,2396.16,2392,2395.44,3053.37,
1789576200000,2026-09-16T16:30:00.000Z,2395.44,2397.31,2390.6,2392.08,1828.15,
1789576500000,2026-09-16T16:35:00.000Z,2392.08,2393.68,2390.02,2390.02,648.99,
1789576800000,2026-09-16T16:40:00.000Z,2390.02,2390.64,2386.11,2387.29,2639.13,
1789577100000,2026-09-16T16:45:00.000Z,2387.29,2394.59,2387.21,2391.34,944.66,
1789577400000,2026-09-16T16:50:00.000Z,2391.34,2394.17,2390.3,2393.12,507.07,
1789577700000,2026-09-16T16:55:00.000Z,2393.12,2394.11,2390.71,2390.71,384.18,
1789578000000,2026-09-16T17:00:00.000Z,2390.71,2392.92,2388.19,2392.88,906.4,
1789578300000,2026-09-16T17:05:00.000Z,2392.88,2393.29,2386.4,2386.61,882.07,
1789578600000,2026-09-16T17:10:00.000Z,2386.61,2390.76,2385.68,2390.13,1380.34,
1789578900000,2026-09-16T17:15:00.000Z,2390.13,2393.19,2389.32,2391.68,1227.11,
1789579200000,2026-09-16T17:20:00.000Z,2391.68,2392.32,2385.55,2388.61,1609.08,
1789579500000,2026-09-16T17:25:00.000Z,2388.61,2390.59,2387.52,2388.06,413.42,
1789579800000,2026-09-16T17:30:00.000Z,2388.06,2388.45,2382.24,2382.88,3549.03,
1789580100000,2026-09-16T17:35:00.000Z,2382.88,2383.4,2373.77,2375.23,12398.02,
1789580400000,2026-09-16T17:40:00.000Z,2375.23,2378.22,2370,2375.05,6505.67,
1789580700000,2026-09-16T17:45:00.000Z,2375.05,2380.67,2370,2371.55,4170.88,
1789581000000,2026-09-16T17:50:00.000Z,2371.55,2382.93,2371,2378.73,4733.11,
1789581300000,2026-09-16T17:55:00.000Z,2378.73,2395.93,2376.99,2389.99,14677.31,
1789581600000,2026-09-16T18:00:00.000Z,2389.99,2404.16,2366.75,2398.34,66250.07,
1789581900000,2026-09-16T18:05:00.000Z,2398.34,2429.75,2398.27,2415.24,47967.91,
1789582200000,2026-09-16T18:10:00.000Z,2415.24,2418.69,2396,2401.44,18079.2,
1789582500000,2026-09-16T18:15:00.000Z,2401.44,2407.22,2398.56,2403.62,5125.75,
1789582800000,2026-09-16T18:20:00.000Z,2403.62,2411.2,2399.47,2404.64,5679.99,
1789583100000,2026-09-16T18:25:00.000Z,2404.64,2412.37,2394.81,2411.28,7431.27,
1789583400000,2026-09-16T18:30:00.000Z,2411.28,2412.78,2397.44,2398.71,5504.46,
1789583700000,2026-09-16T18:35:00.000Z,2398.71,2403.85,2366.85,2398.34,35994.03,
1789584000000,2026-09-16T18:40:00.000Z,2398.34,2421.96,2397.25,2408.31,14809.96,
1789584300000,2026-09-16T18:45:00.000Z,2408.31,2411.73,2401.39,2404.29,5008.89,
1789584600000,2026-09-16T18:50:00.000Z,2404.29,2404.63,2389.65,2390.41,7940.16,
1789584900000,2026-09-16T18:55:00.000Z,2390.41,2399.97,2388.27,2397.12,4317.75,
1789585200000,2026-09-16T19:00:00.000Z,2397.12,2417,2396.87,2411.33,10578.03,
1789585500000,2026-09-16T19:05:00.000Z,2411.33,2414.16,2406.31,2407.47,4992.27,
1789585800000,2026-09-16T19:10:00.000Z,2407.47,2407.68,2397.79,2406.17,4094.27,
1789586100000,2026-09-16T19:15:00.000Z,2406.17,2409.52,2394.36,2398.59,3170.18,
1789586400000,2026-09-16T19:20:00.000Z,2398.59,2400.53,2384.2,2386.16,6176.85,
1789586700000,2026-09-16T19:25:00.000Z,2386.16,2389.64,2375.56,2387.05,7127.02,
1789587000000,2026-09-16T19:30:00.000Z,2387.05,2401.44,2380.48,2400.86,5781.06,
1789587300000,2026-09-16T19:35:00.000Z,2400.86,2403.51,2392.72,2400,4107.96,
1789587600000,2026-09-16T19:40:00.000Z,2400,2406.8,2397.41,2404.93,2665.01,
1789587900000,2026-09-16T19:45:00.000Z,2404.93,2410.62,2404.49,2406.28,2541.68,
1789588200000,2026-09-16T19:50:00.000Z,2406.28,2409.16,2404.38,2407.6,1544.95,
1789588500000,2026-09-16T19:55:00.000Z,2407.6,2408.6,2404.83,2407.23,1675.46,
1789588800000,2026-09-16T20:00:00.000Z,2407.23,2414.64,2403.7,2413.97,5116.24,
1789589100000,2026-09-16T20:05:00.000Z,2413.97,2419.17,2409.68,2411.4,3787.09,
1789589400000,2026-09-16T20:10:00.000Z,2411.4,2413.55,2409.15,2411.52,2172.19,
1789589700000,2026-09-16T20:15:00.000Z,2411.52,2414.89,2408.18,2414.64,1273.76,
1789590000000,2026-09-16T20:20:00.000Z,2414.64,2416.99,2412.79,2413.7,1905.57,
1789590300000,2026-09-16T20:25:00.000Z,2413.7,2413.91,2406.1,2410.56,1547.51,
1789590600000,2026-09-16T20:30:00.000Z,2410.56,2412.63,2407.57,2412.63,827.59,
1789590900000,2026-09-16T20:35:00.000Z,2412.63,2414.29,2406.96,2407.58,1683.51,
1789591200000,2026-09-16T20:40:00.000Z,2407.58,2408.85,2403.51,2407.93,1977.48,
1789591500000,2026-09-16T20:45:00.000Z,2407.93,2411.74,2406,2410.46,2055.93,
1789591800000,2026-09-16T20:50:00.000Z,2410.46,2410.92,2405.77,2408.89,529.48,
1789592100000,2026-09-16T20:55:00.000Z,2408.89,2410.59,2407.97,2409.72,752.23,
1789592400000,2026-09-16T21:00:00.000Z,2409.72,2410.15,2408.4,2408.58,600.93,
1789592700000,2026-09-16T21:05:00.000Z,2408.58,2412.53,2408.36,2410.25,1122.31,
1789593000000,2026-09-16T21:10:00.000Z,2410.25,2411.23,2407.07,2408.64,1085.9,
1789593300000,2026-09-16T21:15:00.000Z,2408.64,2410.61,2407.2,2407.72,627.44,
1789593600000,2026-09-16T21:20:00.000Z,2407.72,2409.7,2406.11,2406.72,479.27,
1789593900000,2026-09-16T21:25:00.000Z,2406.72,2409.65,2404.17,2404.74,665.02,
1789594200000,2026-09-16T21:30:00.000Z,2404.74,2407.1,2403.65,2404.02,685.23,
1789594500000,2026-09-16T21:35:00.000Z,2404.02,2405.3,2400.02,2401.09,3656.25,
1789594800000,2026-09-16T21:40:00.000Z,2401.09,2401.99,2398.73,2401.14,1181.24,
1789595100000,2026-09-16T21:45:00.000Z,2401.14,2403.02,2400.25,2401,352.26,
1789595400000,2026-09-16T21:50:00.000Z,2401,2404.8,2400.44,2404.8,1343.9,
1789595700000,2026-09-16T21:55:00.000Z,2404.8,2405.42,2401.32,2403.55,562.15,
1789596000000,2026-09-16T22:00:00.000Z,2403.55,2404.7,2388.6,2390.16,7004.46,
1789596300000,2026-09-16T22:05:00.000Z,2390.16,2391.6,2387.01,2391.59,3468.89,
1789596600000,2026-09-16T22:10:00.000Z,2391.59,2398.65,2391.13,2397.73,2675.47,
1789596900000,2026-09-16T22:15:00.000Z,2397.73,2401.4,2394.51,2394.51,5148.33,
1789597200000,2026-09-16T22:20:00.000Z,2394.51,2395.89,2391.7,2392.78,1318.56,
1789597500000,2026-09-16T22:25:00.000Z,2392.78,2395.22,2392.48,2393.29,636.2,
1789597800000,2026-09-16T22:30:00.000Z,2393.29,2393.29,2391.01,2391.49,556.21,
1789598100000,2026-09-16T22:35:00.000Z,2391.49,2396.41,2390.56,2396.04,1792.39,
1789598400000,2026-09-16T22:40:00.000Z,2396.04,2397.31,2394.57,2397.31,295.69,
1789598700000,2026-09-16T22:45:00.000Z,2397.31,2397.9,2392.53,2393.09,600.92,
1789599000000,2026-09-16T22:50:00.000Z,2393.09,2393.09,2390.16,2390.5,1041.25,
1789599300000,2026-09-16T22:55:00.000Z,2390.5,2392.09,2390.15,2391.54,892.79,
1789599600000,2026-09-16T23:00:00.000Z,2391.54,2393.63,2388.94,2393.34,754.7,
1789599900000,2026-09-16T23:05:00.000Z,2393.34,2397.35,2393.34,2396.54,787.21,
1789600200000,2026-09-16T23:10:00.000Z,2396.54,2398.11,2396.02,2398.01,398.31,
1789600500000,2026-09-16T23:15:00.000Z,2398.01,2408.3,2398.01,2407.93,4166.07,
1789600800000,2026-09-16T23:20:00.000Z,2407.93,2414.54,2407.93,2412.08,3461.47,
1789601100000,2026-09-16T23:25:00.000Z,2412.08,2414,2410,2412.07,1286.98,
1789601400000,2026-09-16T23:30:00.000Z,2412.07,2415.37,2410.73,2414.56,1815.06,
1789601700000,2026-09-16T23:35:00.000Z,2414.56,2415.86,2411.68,2414.68,1761.07,
1789602000000,2026-09-16T23:40:00.000Z,2414.68,2422,2414.68,2418.53,6178.6,
1789602300000,2026-09-16T23:45:00.000Z,2418.53,2421.07,2413.71,2417.6,10089.36,
1789602600000,2026-09-16T23:50:00.000Z,2417.6,2421.39,2416.63,2419.28,929.42,
1789602900000,2026-09-16T23:55:00.000Z,2419.28,2420.52,2415.85,2417.15,1412.02,
1789603200000,2026-09-17T00:00:00.000Z,2417.15,2417.75,2415.01,2416.48,1189.48,
1789603500000,2026-09-17T00:05:00.000Z,2416.48,2422.44,2414.77,2422.21,677.89,
1789603800000,2026-09-17T00:10:00.000Z,2422.21,2423.77,2418.5,2420.6,1159.65,
1789604100000,2026-09-17T00:15:00.000Z,2420.6,2425.52,2419.44,2424.09,3583.91,
1789604400000,2026-09-17T00:20:00.000Z,2424.09,2425,2421.57,2424.73,867.44,
1789604700000,2026-09-17T00:25:00.000Z,2424.73,2425.12,2420,2421,717.81,
1789605000000,2026-09-17T00:30:00.000Z,2421,2426.67,2420,2423.71,1648.5,
1789605300000,2026-09-17T00:35:00.000Z,2423.71,2426.49,2421.24,2424.63,2005.2,
1789605600000,2026-09-17T00:40:00.000Z,2424.63,2425.13,2422.08,2423.01,1042.33,
1789605900000,2026-09-17T00:45:00.000Z,2423.01,2423.84,2420.11,2421.77,819.38,
1789606200000,2026-09-17T00:50:00.000Z,2421.77,2422.08,2418.92,2419.55,388.07,
1789606500000,2026-09-17T00:55:00.000Z,2419.55,2419.96,2417.33,2417.44,682.34,
1789606800000,2026-09-17T01:00:00.000Z,2417.44,2418.44,2412.25,2414.56,1303.4,
1789607100000,2026-09-17T01:05:00.000Z,2414.56,2420.39,2414.16,2415.49,1009.57,
1789607400000,2026-09-17T01:10:00.000Z,2415.49,2417.27,2414,2417.27,3030.23,
1789607700000,2026-09-17T01:15:00.000Z,2417.27,2421.41,2415.62,2420.01,1068.29,
1789608000000,2026-09-17T01:20:00.000Z,2420.01,2425.95,2420.01,2425.95,1211.96,
1789608300000,2026-09-17T01:25:00.000Z,2425.95,2439.95,2425.75,2437.62,19338.73,
1789608600000,2026-09-17T01:30:00.000Z,2437.62,2444.54,2435,2436.47,7379.43,
1789608900000,2026-09-17T01:35:00.000Z,2436.47,2439.83,2432.18,2432.36,1968.03,
1789609200000,2026-09-17T01:40:00.000Z,2432.36,2436.16,2429.12,2434.03,2606.72,
1789609500000,2026-09-17T01:45:00.000Z,2434.03,2434.26,2430.34,2434.26,1073.81,
1789609800000,2026-09-17T01:50:00.000Z,2434.26,2434.51,2428.8,2429.27,2278.71,
1789610100000,2026-09-17T01:55:00.000Z,2429.27,2429.27,2425.31,2426.52,2492.13,
1789610400000,2026-09-17T02:00:00.000Z,2426.52,2427.94,2425.3,2426.69,959.25,
1789610700000,2026-09-17T02:05:00.000Z,2426.69,2427.35,2418.66,2419.32,2033.69,
1789611000000,2026-09-17T02:10:00.000Z,2419.32,2421.61,2417.01,2421.61,2931,
1789611300000,2026-09-17T02:15:00.000Z,2421.61,2421.61,2417.11,2417.12,694.73,
1789611600000,2026-09-17T02:20:00.000Z,2417.12,2418.23,2415.09,2416.93,2662.38,
1789611900000,2026-09-17T02:25:00.000Z,2416.93,2422.92,2416.51,2421.51,1091.08,
1789612200000,2026-09-17T02:30:00.000Z,2421.51,2424.34,2419.63,2423.29,1687.06,
1789612500000,2026-09-17T02:35:00.000Z,2423.29,2431.52,2422.87,2429.15,4016.37,
1789612800000,2026-09-17T02:40:00.000Z,2429.15,2432.37,2426.8,2429.88,2786.42,
1789613100000,2026-09-17T02:45:00.000Z,2429.88,2430.82,2427.01,2430.2,2083.28,
1789613400000,2026-09-17T02:50:00.000Z,2430.2,2431.66,2426.11,2427.82,1830.98,
1789613700000,2026-09-17T02:55:00.000Z,2427.82,2429.24,2427.38,2428,261.4,
1789614000000,2026-09-17T03:00:00.000Z,2428,2433.04,2428,2432.63,901.23,
1789614300000,2026-09-17T03:05:00.000Z,2432.63,2436,2432.04,2433.11,1091.27,
1789614600000,2026-09-17T03:10:00.000Z,2433.11,2433.29,2431.15,2432.83,6973.67,
1789614900000,2026-09-17T03:15:00.000Z,2432.83,2434,2430.57,2431.71,557.48,
1789615200000,2026-09-17T03:20:00.000Z,2431.71,2434.53,2431.71,2434.44,338.17,
1789615500000,2026-09-17T03:25:00.000Z,2434.44,2437.61,2433.72,2435.38,939.31,
1789615800000,2026-09-17T03:30:00.000Z,2435.38,2437.95,2433.8,2435.97,1226.3,
1789616100000,2026-09-17T03:35:00.000Z,2435.97,2437.95,2435.03,2435.98,616.9,
1789616400000,2026-09-17T03:40:00.000Z,2435.98,2437.24,2435.12,2436.01,843.15,
1789616700000,2026-09-17T03:45:00.000Z,2436.01,2437,2434.11,2435.37,3044.56,
1789617000000,2026-09-17T03:50:00.000Z,2435.37,2436.14,2433,2433.65,2956.48,
1789617300000,2026-09-17T03:55:00.000Z,2433.65,2435.9,2433.1,2434.56,1807.14,
1789617600000,2026-09-17T04:00:00.000Z,2434.56,2435.07,2431.01,2432.16,837.64,
1789617900000,2026-09-17T04:05:00.000Z,2432.16,2433.02,2430.7,2430.7,623.76,
1789618200000,2026-09-17T04:10:00.000Z,2430.7,2431.01,2429.44,2430.35,569.8,
1789618500000,2026-09-17T04:15:00.000Z,2430.35,2430.41,2428.8,2428.81,526.08,
1789618800000,2026-09-17T04:20:00.000Z,2428.81,2428.81,2424.6,2426.15,2021.5,
1789619100000,2026-09-17T04:25:00.000Z,2426.15,2427.02,2424.43,2424.73,928.14,
1789619400000,2026-09-17T04:30:00.000Z,2424.73,2427.67,2423.78,2426.18,1681.76,
1789619700000,2026-09-17T04:35:00.000Z,2426.18,2434.94,2426.18,2434.05,2243.6,
1789620000000,2026-09-17T04:40:00.000Z,2434.05,2436.6,2432.49,2434.7,4995.88,
1789620300000,2026-09-17T04:45:00.000Z,2434.7,2440.56,2433.76,2439.99,3521.53,
1789620600000,2026-09-17T04:50:00.000Z,2439.99,2441.63,2436.5,2436.5,1862.37,
1789620900000,2026-09-17T04:55:00.000Z,2436.5,2443.82,2436.5,2440.92,3439.91,
1789621200000,2026-09-17T05:00:00.000Z,2440.92,2445.95,2440.73,2442.07,4066.11,
1789621500000,2026-09-17T05:05:00.000Z,2442.07,2443.46,2440.22,2442.83,1084.32,
1789621800000,2026-09-17T05:10:00.000Z,2442.83,2443.18,2438.77,2440.26,753.47,
1789622100000,2026-09-17T05:15:00.000Z,2440.26,2440.35,2437.07,2440.19,1999.57,
1789622400000,2026-09-17T05:20:00.000Z,2440.19,2442.24,2439.26,2441.97,1078.55,
1789622700000,2026-09-17T05:25:00.000Z,2441.97,2444.5,2440.82,2442.33,2692.64,
1789623000000,2026-09-17T05:30:00.000Z,2442.33,2442.33,2437.79,2441.52,2220.4,
1789623300000,2026-09-17T05:35:00.000Z,2441.52,2441.59,2438.08,2438.34,369.22,
1789623600000,2026-09-17T05:40:00.000Z,2438.34,2438.9,2436.07,2437.7,1814.37,
1789623900000,2026-09-17T05:45:00.000Z,2437.7,2440,2437.44,2438.97,346.79,
1789624200000,2026-09-17T05:50:00.000Z,2438.97,2440.39,2438.43,2438.49,554.82,
1789624500000,2026-09-17T05:55:00.000Z,2438.49,2438.52,2434.94,2436.05,1310.36,
1789624800000,2026-09-17T06:00:00.000Z,2436.05,2439.25,2435.17,2438.56,599.16,
1789625100000,2026-09-17T06:05:00.000Z,2438.56,2442,2437.75,2441.42,1388.73,
1789625400000,2026-09-17T06:10:00.000Z,2441.42,2441.98,2440.01,2440.51,328.15,
1789625700000,2026-09-17T06:15:00.000Z,2440.51,2440.51,2436.65,2437.66,434.65,
1789626000000,2026-09-17T06:20:00.000Z,2437.66,2437.66,2434.8,2434.92,775.41,
1789626300000,2026-09-17T06:25:00.000Z,2434.92,2439.54,2434.44,2439.54,696.22,
1789626600000,2026-09-17T06:30:00.000Z,2439.54,2442.05,2438.39,2440.33,819.11,
1789626900000,2026-09-17T06:35:00.000Z,2440.33,2443.46,2440.33,2443.29,1045.18,
1789627200000,2026-09-17T06:40:00.000Z,2443.29,2444.42,2442.39,2443.77,1427.78,
1789627500000,2026-09-17T06:45:00.000Z,2443.77,2445.5,2441.41,2441.9,2381.26,
1789627800000,2026-09-17T06:50:00.000Z,2441.9,2442.05,2440.39,2440.39,641.71,
1789628100000,2026-09-17T06:55:00.000Z,2440.39,2440.48,2439.43,2440.1,1560.37,
1789628400000,2026-09-17T07:00:00.000Z,2440.1,2444.01,2439.67,2443.48,939.41,
1789628700000,2026-09-17T07:05:00.000Z,2443.48,2454.99,2443.33,2450.56,19826.67,
1789629000000,2026-09-17T07:10:00.000Z,2450.56,2453.64,2445.15,2447.15,7158.91,
1789629300000,2026-09-17T07:15:00.000Z,2447.15,2451.04,2445.85,2447.12,1638.7,
1789629600000,2026-09-17T07:20:00.000Z,2447.12,2449.19,2446.04,2448.84,3123.79,
1789629900000,2026-09-17T07:25:00.000Z,2448.84,2449.2,2447.15,2447.5,1358.91,
1789630200000,2026-09-17T07:30:00.000Z,2447.5,2448.09,2446.25,2446.63,2714.22,
1789630500000,2026-09-17T07:35:00.000Z,2446.63,2447.68,2445.48,2446.01,2386.55,
1789630800000,2026-09-17T07:40:00.000Z,2446.01,2448,2445.45,2445.45,359.34,
1789631100000,2026-09-17T07:45:00.000Z,2445.45,2447,2444.3,2444.51,3379.13,
1789631400000,2026-09-17T07:50:00.000Z,2444.51,2444.51,2441.49,2442.37,1647,
1789631700000,2026-09-17T07:55:00.000Z,2442.37,2443.53,2442,2443.38,435.96,
1789632000000,2026-09-17T08:00:00.000Z,2443.38,2445.77,2442.27,2445.59,573.7,
1789632300000,2026-09-17T08:05:00.000Z,2445.59,2445.59,2442,2442.17,585.7,
1789632600000,2026-09-17T08:10:00.000Z,2442.17,2443.68,2437.61,2438.12,1431.35,
1789632900000,2026-09-17T08:15:00.000Z,2438.12,2441.4,2436.45,2440.8,2005.21,
1789633200000,2026-09-17T08:20:00.000Z,2440.8,2443.34,2440.21,2440.55,1168.52,
1789633500000,2026-09-17T08:25:00.000Z,2440.55,2441.44,2438.08,2438.34,904.81,
1789633800000,2026-09-17T08:30:00.000Z,2438.34,2441,2436.21,2439.99,1966.23,
1789634100000,2026-09-17T08:35:00.000Z,2439.99,2444.89,2439.36,2444.88,562.82,
1789634400000,2026-09-17T08:40:00.000Z,2444.88,2445,2439.95,2442.01,2081.56,
1789634700000,2026-09-17T08:45:00.000Z,2442.01,2442.89,2441.28,2441.38,361.4,
1789635000000,2026-09-17T08:50:00.000Z,2441.38,2445.51,2441.16,2445.36,786.58,
1789635300000,2026-09-17T08:55:00.000Z,2445.36,2445.69,2444.15,2444.68,427.69,
1789635600000,2026-09-17T09:00:00.000Z,2444.68,2445.8,2444.05,2445.35,2730.01,
1789635900000,2026-09-17T09:05:00.000Z,2445.35,2446.33,2443.8,2444.65,3478.27,
1789636200000,2026-09-17T09:10:00.000Z,2444.65,2448.52,2444.56,2445.55,779.01,
1789636500000,2026-09-17T09:15:00.000Z,2445.55,2447.82,2444.05,2444.34,382.3,
1789636800000,2026-09-17T09:20:00.000Z,2444.34,2447.14,2444.25,2444.65,1369.89,
1789637100000,2026-09-17T09:25:00.000Z,2444.65,2447.52,2444.04,2444.04,1003.73,
1789637400000,2026-09-17T09:30:00.000Z,2444.04,2446.53,2443.83,2446.22,518.83,
1789637700000,2026-09-17T09:35:00.000Z,2446.22,2447.8,2445.29,2445.38,908.51,
1789638000000,2026-09-17T09:40:00.000Z,2445.38,2445.68,2440.93,2441.38,725.74,
1789638300000,2026-09-17T09:45:00.000Z,2441.38,2444.05,2438.9,2439.96,2121.03,
1789638600000,2026-09-17T09:50:00.000Z,2439.96,2439.96,2436.69,2438.64,2874.73,
1789638900000,2026-09-17T09:55:00.000Z,2438.64,2440.39,2437.39,2437.5,1630.57,
1789639200000,2026-09-17T10:00:00.000Z,2437.5,2438.15,2430,2433.72,5941.37,
1789639500000,2026-09-17T10:05:00.000Z,2433.72,2436.92,2433.37,2433.99,2193.97,
1789639800000,2026-09-17T10:10:00.000Z,2433.99,2436.26,2433.42,2434.01,996.68,
1789640100000,2026-09-17T10:15:00.000Z,2434.01,2434.25,2431.35,2431.98,1522.53,
1789640400000,2026-09-17T10:20:00.000Z,2431.98,2432.81,2430.3,2432.03,1357.31,
1789640700000,2026-09-17T10:25:00.000Z,2432.03,2433.56,2431.95,2432.27,500.09,
1789641000000,2026-09-17T10:30:00.000Z,2432.27,2433.69,2430.73,2431.26,872.7,
1789641300000,2026-09-17T10:35:00.000Z,2431.26,2434.93,2431.26,2434,565.56,
1789641600000,2026-09-17T10:40:00.000Z,2434,2434,2431.55,2431.74,419.51,
1789641900000,2026-09-17T10:45:00.000Z,2431.74,2432.35,2428.8,2431.08,2136.15,
1789642200000,2026-09-17T10:50:00.000Z,2431.08,2433.91,2430.09,2433.27,712.68,
1789642500000,2026-09-17T10:55:00.000Z,2433.27,2434.66,2432.16,2434.3,798.04,
1789642800000,2026-09-17T11:00:00.000Z,2434.3,2437.83,2434.26,2436.22,1384.51,
1789643100000,2026-09-17T11:05:00.000Z,2436.22,2436.24,2432.98,2434.78,1675.98,
1789643400000,2026-09-17T11:10:00.000Z,2434.78,2437.48,2434.78,2437.48,249.92,
1789643700000,2026-09-17T11:15:00.000Z,2437.48,2438.4,2433.27,2434.93,1920.08,
1789644000000,2026-09-17T11:20:00.000Z,2434.93,2436.54,2434.73,2434.73,394.24,
1789644300000,2026-09-17T11:25:00.000Z,2434.73,2436.09,2433.51,2435.77,549.77,
1789644600000,2026-09-17T11:30:00.000Z,2435.77,2435.78,2431.9,2432.33,1255.66,
1789644900000,2026-09-17T11:35:00.000Z,2432.33,2432.33,2430.01,2430.05,1027.58,
1789645200000,2026-09-17T11:40:00.000Z,2430.05,2430.05,2426.65,2427.08,1917.55,
1789645500000,2026-09-17T11:45:00.000Z,2427.08,2430.72,2427.08,2428.87,3106.23,
1789645800000,2026-09-17T11:50:00.000Z,2428.87,2431.67,2428.74,2431.26,853.62,
1789646100000,2026-09-17T11:55:00.000Z,2431.26,2442.39,2430.96,2441.28,5657.21,
1789646400000,2026-09-17T12:00:00.000Z,2441.28,2445.48,2438.09,2442.25,11480.65,
1789646700000,2026-09-17T12:05:00.000Z,2442.25,2448.13,2440.16,2447.24,5465.07,
1789647000000,2026-09-17T12:10:00.000Z,2447.24,2456.82,2444.66,2454.42,8220.72,
1789647300000,2026-09-17T12:15:00.000Z,2454.42,2459.6,2453.26,2458.67,6574.33,
1789647600000,2026-09-17T12:20:00.000Z,2458.67,2462.92,2457.31,2461.38,11874.89,
1789647900000,2026-09-17T12:25:00.000Z,2461.38,2471.66,2461.38,2471.35,13360.18,
1789648200000,2026-09-17T12:30:00.000Z,2471.35,2479.22,2463.17,2471.59,30170.56,
1789648500000,2026-09-17T12:35:00.000Z,2471.59,2471.96,2464.48,2465.04,5186.81,
1789648800000,2026-09-17T12:40:00.000Z,2465.04,2466.14,2460.79,2460.85,3915.23,
1789649100000,2026-09-17T12:45:00.000Z,2460.85,2463.95,2458.77,2459.17,4601.79,
1789649400000,2026-09-17T12:50:00.000Z,2459.17,2465.79,2459.17,2459.7,2698.12,
1789649700000,2026-09-17T12:55:00.000Z,2459.7,2463.12,2458,2458.86,2138.99,
1789650000000,2026-09-17T13:00:00.000Z,2458.86,2464.07,2458.22,2461.42,2642.2,
1789650300000,2026-09-17T13:05:00.000Z,2461.42,2461.67,2455.37,2455.87,4697.76,
1789650600000,2026-09-17T13:10:00.000Z,2455.87,2459.63,2453.71,2455.98,3697.94,
1789650900000,2026-09-17T13:15:00.000Z,2455.98,2459.14,2455.17,2455.58,1378.1,
1789651200000,2026-09-17T13:20:00.000Z,2455.58,2457.91,2451.78,2452.65,2832.09,
1789651500000,2026-09-17T13:25:00.000Z,2452.65,2454.12,2450.06,2451.38,3079.23,
1789651800000,2026-09-17T13:30:00.000Z,2451.38,2454.72,2444,2446.31,7751.72,
1789652100000,2026-09-17T13:35:00.000Z,2446.31,2447.1,2431.21,2432.99,10722.01,
1789652400000,2026-09-17T13:40:00.000Z,2432.99,2440.88,2432.93,2438.72,5903.54,
1789652700000,2026-09-17T13:45:00.000Z,2438.72,2451.52,2435.39,2447.37,9135.63,
1789653000000,2026-09-17T13:50:00.000Z,2447.37,2459.94,2447.16,2453.71,8096.08,
1789653300000,2026-09-17T13:55:00.000Z,2453.71,2462.52,2453.71,2461.43,5178.13,
1789653600000,2026-09-17T14:00:00.000Z,2461.43,2464.88,2449.4,2451.34,7632.97,
1789653900000,2026-09-17T14:05:00.000Z,2451.34,2464,2449.68,2462.77,3016.36,
1789654200000,2026-09-17T14:10:00.000Z,2462.77,2479.92,2461.92,2478.99,15549.21,
1789654500000,2026-09-17T14:15:00.000Z,2478.99,2479.94,2466.48,2468.88,7619.22,
1789654800000,2026-09-17T14:20:00.000Z,2468.88,2477,2468.07,2477,5821.21,
1789655100000,2026-09-17T14:25:00.000Z,2477,2482.57,2474.1,2475.85,7709.56,
1789655400000,2026-09-17T14:30:00.000Z,2475.85,2480,2472.17,2475.11,6665.51,
1789655700000,2026-09-17T14:35:00.000Z,2475.11,2476.32,2469.04,2470.26,6429.99,
1789656000000,2026-09-17T14:40:00.000Z,2470.26,2471.55,2462.54,2463.6,3916.94,
1789656300000,2026-09-17T14:45:00.000Z,2463.6,2467.84,2462.08,2464.98,2250.97,
1789656600000,2026-09-17T14:50:00.000Z,2464.98,2465.87,2460.79,2463.98,2407.66,
1789656900000,2026-09-17T14:55:00.000Z,2463.98,2465.15,2460.02,2460.17,1460.2,
1789657200000,2026-09-17T15:00:00.000Z,2460.17,2460.68,2452.56,2453.13,5534.51,
1789657500000,2026-09-17T15:05:00.000Z,2453.13,2453.56,2447.62,2452,8323.6,
1789657800000,2026-09-17T15:10:00.000Z,2452,2452,2446.62,2450.42,3110.57,
1789658100000,2026-09-17T15:15:00.000Z,2450.42,2455.89,2447.72,2451.84,3159.27,
1789658400000,2026-09-17T15:20:00.000Z,2451.84,2453.34,2449.75,2450.66,1470.72,
1789658700000,2026-09-17T15:25:00.000Z,2450.66,2455.24,2450.38,2454.99,816.11,
1789659000000,2026-09-17T15:30:00.000Z,2454.99,2458.32,2453.87,2457.04,4668.6,
1789659300000,2026-09-17T15:35:00.000Z,2457.04,2470.66,2456.52,2470.28,6401.84,
1789659600000,2026-09-17T15:40:00.000Z,2470.28,2477.27,2469.4,2470.66,5946.77,
1789659900000,2026-09-17T15:45:00.000Z,2470.66,2470.86,2466.35,2466.83,3515.87,
1789660200000,2026-09-17T15:50:00.000Z,2466.83,2472.7,2465.4,2469.16,2029.17,
1789660500000,2026-09-17T15:55:00.000Z,2469.16,2469.73,2466.2,2468.98,5078.43,
1789660800000,2026-09-17T16:00:00.000Z,2468.98,2472.55,2467.55,2469.46,2269.9,
1789661100000,2026-09-17T16:05:00.000Z,2469.46,2471.37,2466.67,2470.73,718.4,
1789661400000,2026-09-17T16:10:00.000Z,2470.73,2470.73,2467.15,2469.09,1218.09,
1789661700000,2026-09-17T16:15:00.000Z,2469.09,2470.71,2467.07,2467.24,850.27,
1789662000000,2026-09-17T16:20:00.000Z,2467.24,2470.38,2464.8,2469.32,1118.64,
1789662300000,2026-09-17T16:25:00.000Z,2469.32,2469.58,2465.05,2467.83,698.99,
1789662600000,2026-09-17T16:30:00.000Z,2467.83,2467.94,2453.04,2457.93,5157.62,
1789662900000,2026-09-17T16:35:00.000Z,2457.93,2462.99,2457.48,2462.56,2408.9,
1789663200000,2026-09-17T16:40:00.000Z,2462.56,2463.82,2459,2463.44,2410.01,
1789663500000,2026-09-17T16:45:00.000Z,2463.44,2464.99,2458.75,2460.12,1352.23,
1789663800000,2026-09-17T16:50:00.000Z,2460.12,2466.67,2460.12,2464.11,2653.05,
1789664100000,2026-09-17T16:55:00.000Z,2464.11,2469.46,2460.71,2469.46,1837.75,
1789664400000,2026-09-17T17:00:00.000Z,2469.46,2474.87,2467.37,2474.85,2798.53,
1789664700000,2026-09-17T17:05:00.000Z,2474.85,2475,2471.06,2472.84,2174.87,
1789665000000,2026-09-17T17:10:00.000Z,2472.84,2472.84,2467.81,2467.98,1466.54,
1789665300000,2026-09-17T17:15:00.000Z,2467.98,2470.57,2465.76,2469.6,4354.21,
1789665600000,2026-09-17T17:20:00.000Z,2469.6,2475.96,2469.6,2472.51,2271.81,
1789665900000,2026-09-17T17:25:00.000Z,2472.51,2473.14,2469.97,2472.3,1887.73,
1789666200000,2026-09-17T17:30:00.000Z,2472.3,2472.53,2468.03,2472.24,991.14,
1789666500000,2026-09-17T17:35:00.000Z,2472.24,2472.52,2467.54,2467.6,1400.05,
1789666800000,2026-09-17T17:40:00.000Z,2467.6,2470.38,2463.72,2463.95,1830.08,
1789667100000,2026-09-17T17:45:00.000Z,2463.95,2464.74,2459.1,2461.2,1877.87,
1789667400000,2026-09-17T17:50:00.000Z,2461.2,2462.98,2458.93,2460,1093.58,
1789667700000,2026-09-17T17:55:00.000Z,2460,2462.78,2460,2461.78,565.63,
1789668000000,2026-09-17T18:00:00.000Z,2461.78,2462.16,2459.55,2459.91,334.06,
1789668300000,2026-09-17T18:05:00.000Z,2459.91,2460.41,2458,2458.12,1029.29,
1789668600000,2026-09-17T18:10:00.000Z,2458.12,2461.71,2458.11,2461.07,383.78,
1789668900000,2026-09-17T18:15:00.000Z,2461.07,2462.23,2460.42,2461.46,285.05,
1789669200000,2026-09-17T18:20:00.000Z,2461.46,2462.85,2459.52,2459.77,369.71,
1789669500000,2026-09-17T18:25:00.000Z,2459.77,2461.43,2459.33,2459.76,622.69,
1789669800000,2026-09-17T18:30:00.000Z,2459.76,2460.91,2453.42,2454.89,2942.21,
1789670100000,2026-09-17T18:35:00.000Z,2454.89,2456.29,2448.85,2448.86,3022.89,
1789670400000,2026-09-17T18:40:00.000Z,2448.86,2455.2,2448.86,2454.49,1357.88,
1789670700000,2026-09-17T18:45:00.000Z,2454.49,2457.69,2453.34,2456.83,2525.8,
1789671000000,2026-09-17T18:50:00.000Z,2456.83,2456.83,2453.09,2453.76,1090.65,
1789671300000,2026-09-17T18:55:00.000Z,2453.76,2454.37,2450.69,2450.88,463.62,
1789671600000,2026-09-17T19:00:00.000Z,2450.88,2454.12,2450.4,2453.4,765.29,
1789671900000,2026-09-17T19:05:00.000Z,2453.4,2454.72,2451.19,2452.44,322.75,
1789672200000,2026-09-17T19:10:00.000Z,2452.44,2452.65,2450.06,2450.06,880.15,
1789672500000,2026-09-17T19:15:00.000Z,2450.06,2450.64,2448.66,2450.64,374.56,
1789672800000,2026-09-17T19:20:00.000Z,2450.64,2454.07,2450.43,2451.68,1214.55,
1789673100000,2026-09-17T19:25:00.000Z,2451.68,2452.8,2450.59,2452.14,1023.04,
1789673400000,2026-09-17T19:30:00.000Z,2452.14,2453.87,2449.44,2451.66,477.02,
1789673700000,2026-09-17T19:35:00.000Z,2451.66,2451.72,2447.39,2447.87,1827.04,
1789674000000,2026-09-17T19:40:00.000Z,2447.87,2449.75,2447.39,2449.2,768.01,
1789674300000,2026-09-17T19:45:00.000Z,2449.2,2449.2,2443.92,2445.81,2478.15,
1789674600000,2026-09-17T19:50:00.000Z,2445.81,2454,2445.81,2449.86,2600.38,
1789674900000,2026-09-17T19:55:00.000Z,2449.86,2450.42,2447.52,2448.01,1345.24,
1789675200000,2026-09-17T20:00:00.000Z,2448.01,2451.12,2446.13,2451.04,1516.63,
1789675500000,2026-09-17T20:05:00.000Z,2451.04,2452.25,2450.38,2450.59,500.17,
1789675800000,2026-09-17T20:10:00.000Z,2450.59,2452.6,2450.5,2452.6,351.37,
1789676100000,2026-09-17T20:15:00.000Z,2452.6,2453.34,2451.26,2452.32,1330.98,
1789676400000,2026-09-17T20:20:00.000Z,2452.32,2457.41,2452.11,2457.32,3040.8,
1789676700000,2026-09-17T20:25:00.000Z,2457.32,2457.82,2456.31,2456.5,733.74,
1789677000000,2026-09-17T20:30:00.000Z,2456.5,2456.64,2453.28,2453.62,732.32,
1789677300000,2026-09-17T20:35:00.000Z,2453.62,2454.94,2452,2452,642.68,
1789677600000,2026-09-17T20:40:00.000Z,2452,2452.74,2448.02,2450.09,319.74,
1789677900000,2026-09-17T20:45:00.000Z,2450.09,2450.64,2448.61,2448.82,201.84,
1789678200000,2026-09-17T20:50:00.000Z,2448.82,2451.18,2447.13,2450.53,1217.9,
1789678500000,2026-09-17T20:55:00.000Z,2450.53,2452.39,2450.23,2452.39,253.67,
1789678800000,2026-09-17T21:00:00.000Z,2452.39,2455.08,2449.34,2450.07,1859.46,
1789679100000,2026-09-17T21:05:00.000Z,2450.07,2450.84,2449.53,2449.54,176.77,
1789679400000,2026-09-17T21:10:00.000Z,2449.54,2450.42,2448.87,2449.33,298.57,
1789679700000,2026-09-17T21:15:00.000Z,2449.33,2450.34,2449.33,2449.82,115.75,
1789680000000,2026-09-17T21:20:00.000Z,2449.82,2451.29,2449.58,2450.79,148.35,
1789680300000,2026-09-17T21:25:00.000Z,2450.79,2451.6,2449.93,2451.15,609.87,
1789680600000,2026-09-17T21:30:00.000Z,2451.15,2451.59,2450.56,2450.75,143.5,
1789680900000,2026-09-17T21:35:00.000Z,2450.75,2452.35,2449.06,2452.21,1142.29,
1789681200000,2026-09-17T21:40:00.000Z,2452.21,2452.21,2450.29,2450.49,646.43,
1789681500000,2026-09-17T21:45:00.000Z,2450.49,2450.59,2448.61,2448.71,614.89,
1789681800000,2026-09-17T21:50:00.000Z,2448.71,2449.11,2447.62,2448.73,2139.28,
1789682100000,2026-09-17T21:55:00.000Z,2448.73,2448.96,2446.46,2446.46,1894.41,
1789682400000,2026-09-17T22:00:00.000Z,2446.46,2448.99,2442.66,2445.68,5270.92,
1789682700000,2026-09-17T22:05:00.000Z,2445.68,2447.87,2441.41,2443.38,3125.01,
1789683000000,2026-09-17T22:10:00.000Z,2443.38,2445,2441.32,2442.41,2187.92,
1789683300000,2026-09-17T22:15:00.000Z,2442.41,2442.96,2437.78,2439.86,1755.17,
1789683600000,2026-09-17T22:20:00.000Z,2439.86,2441.2,2437.94,2439.1,2064.54,
1789683900000,2026-09-17T22:25:00.000Z,2439.1,2439.93,2436.5,2437.72,972.1,
1789684200000,2026-09-17T22:30:00.000Z,2437.72,2440.87,2436.23,2440.87,768.32,
1789684500000,2026-09-17T22:35:00.000Z,2440.87,2446.8,2440.79,2446.8,1193.99,
1789684800000,2026-09-17T22:40:00.000Z,2446.8,2447,2445.44,2445.91,908.25,
1789685100000,2026-09-17T22:45:00.000Z,2445.91,2446.61,2444.85,2445.03,1681.21,
1789685400000,2026-09-17T22:50:00.000Z,2445.03,2445.28,2441.36,2442.99,1578.67,
1789685700000,2026-09-17T22:55:00.000Z,2442.99,2445.12,2440.79,2445.12,1186.66,
1789686000000,2026-09-17T23:00:00.000Z,2445.12,2448.65,2443.5,2447.6,1386.51,
1789686300000,2026-09-17T23:05:00.000Z,2447.6,2449.14,2446.56,2446.56,675.95,
1789686600000,2026-09-17T23:10:00.000Z,2446.56,2448.3,2444.5,2446.87,1970.44,
1789686900000,2026-09-17T23:15:00.000Z,2446.87,2447.71,2446.46,2447.16,463.65,
1789687200000,2026-09-17T23:20:00.000Z,2447.16,2448.96,2447.16,2448.72,270.19,
1789687500000,2026-09-17T23:25:00.000Z,2448.72,2448.72,2447.54,2448.48,484.75,
1789687800000,2026-09-17T23:30:00.000Z,2448.48,2448.92,2445.67,2445.74,646.16,
1789688100000,2026-09-17T23:35:00.000Z,2445.74,2447.28,2445.18,2446.34,1391.84,
1789688400000,2026-09-17T23:40:00.000Z,2446.34,2447.2,2445.01,2446.78,1337.46,
1789688700000,2026-09-17T23:45:00.000Z,2446.78,2449.92,2446.39,2447.88,863.01,
1789689000000,2026-09-17T23:50:00.000Z,2447.88,2448.36,2445.5,2447.94,1368.91,
1789689300000,2026-09-17T23:55:00.000Z,2447.94,2449.36,2446.05,2446.47,1024.74,
1789689600000,2026-09-18T00:00:00.000Z,2446.47,2447.21,2445.45,2446.46,266.85,
1789689900000,2026-09-18T00:05:00.000Z,2446.46,2446.46,2443.31,2445.62,1665.19,
1789690200000,2026-09-18T00:10:00.000Z,2445.62,2445.7,2442,2443.31,962.75,
1789690500000,2026-09-18T00:15:00.000Z,2443.31,2443.44,2439.4,2440.14,1737.98,
1789690800000,2026-09-18T00:20:00.000Z,2440.14,2440.56,2437.87,2439.25,1583.09,
1789691100000,2026-09-18T00:25:00.000Z,2439.25,2440.2,2435.75,2439.44,896.59,
1789691400000,2026-09-18T00:30:00.000Z,2439.44,2443.7,2439.26,2443.3,1436.4,
1789691700000,2026-09-18T00:35:00.000Z,2443.3,2443.3,2439.41,2439.74,568.15,
1789692000000,2026-09-18T00:40:00.000Z,2439.74,2442.37,2438.16,2442.37,581.25,
1789692300000,2026-09-18T00:45:00.000Z,2442.37,2442.37,2439.83,2441.12,248.63,
1789692600000,2026-09-18T00:50:00.000Z,2441.12,2446.28,2441.08,2446.28,785.61,
1789692900000,2026-09-18T00:55:00.000Z,2446.28,2447.7,2445.15,2447.37,1292.27,
1789693200000,2026-09-18T01:00:00.000Z,2447.37,2451.55,2444.65,2445.52,1549.1,
1789693500000,2026-09-18T01:05:00.000Z,2445.52,2449.09,2445,2448.47,620.65,
1789693800000,2026-09-18T01:10:00.000Z,2448.47,2451.83,2448.21,2449.65,2630.02,
1789694100000,2026-09-18T01:15:00.000Z,2449.65,2450.38,2447.4,2449.85,683.81,
1789694400000,2026-09-18T01:20:00.000Z,2449.85,2452.79,2449.56,2450.02,1121.95,
1789694700000,2026-09-18T01:25:00.000Z,2450.02,2450.4,2448.77,2449.77,334.92,
1789695000000,2026-09-18T01:30:00.000Z,2449.77,2451.49,2449.53,2450.88,326,
1789695300000,2026-09-18T01:35:00.000Z,2450.88,2454.96,2450.14,2453.35,1565.7,
1789695600000,2026-09-18T01:40:00.000Z,2453.35,2457.84,2453.35,2454.52,1092.17,
1789695900000,2026-09-18T01:45:00.000Z,2454.52,2458.08,2454.02,2457.79,2209.63,
1789696200000,2026-09-18T01:50:00.000Z,2457.79,2458.71,2455.07,2457.36,848.38,
1789696500000,2026-09-18T01:55:00.000Z,2457.36,2459.04,2456,2456.54,2161.47,
1789696800000,2026-09-18T02:00:00.000Z,2456.54,2460.25,2455.42,2455.61,3157.03,
1789697100000,2026-09-18T02:05:00.000Z,2455.61,2455.94,2454,2454,1838.88,
1789697400000,2026-09-18T02:10:00.000Z,2454,2456.5,2451.51,2455.38,2869.75,
1789697700000,2026-09-18T02:15:00.000Z,2455.38,2458.67,2455.21,2455.21,1273.52,
1789698000000,2026-09-18T02:20:00.000Z,2455.21,2459.27,2454.88,2458.8,1170.1,
1789698300000,2026-09-18T02:25:00.000Z,2458.8,2461.95,2457.74,2460.01,4110.3,
1789698600000,2026-09-18T02:30:00.000Z,2460.01,2465.99,2460.01,2464.71,3126.89,
1789698900000,2026-09-18T02:35:00.000Z,2464.71,2466,2463.35,2463.92,2016.51,
1789699200000,2026-09-18T02:40:00.000Z,2463.92,2464.31,2460.48,2461.3,3313.34,
1789699500000,2026-09-18T02:45:00.000Z,2461.3,2461.47,2460.24,2460.65,546.35,
1789699800000,2026-09-18T02:50:00.000Z,2460.65,2463.39,2460.47,2463.11,1215.22,
1789700100000,2026-09-18T02:55:00.000Z,2463.11,2464.33,2461.58,2461.8,1543.27,
1789700400000,2026-09-18T03:00:00.000Z,2461.8,2462.44,2460.43,2462.4,604.37,
1789700700000,2026-09-18T03:05:00.000Z,2462.4,2466.71,2462.4,2465.29,1187.75,
1789701000000,2026-09-18T03:10:00.000Z,2465.29,2473.75,2465.29,2473.42,8353.67,
1789701300000,2026-09-18T03:15:00.000Z,2473.42,2484.72,2471.27,2476.72,11744.41,
1789701600000,2026-09-18T03:20:00.000Z,2476.72,2477.25,2468.07,2469.94,5973.5,
1789701900000,2026-09-18T03:25:00.000Z,2469.94,2476.98,2467,2473.93,4266.91,
1789702200000,2026-09-18T03:30:00.000Z,2473.93,2477.36,2472.73,2473.19,2568.78,
1789702500000,2026-09-18T03:35:00.000Z,2473.19,2473.92,2468.68,2468.87,1119.14,
1789702800000,2026-09-18T03:40:00.000Z,2468.87,2473.29,2468.43,2473,3645.6,
1789703100000,2026-09-18T03:45:00.000Z,2473,2479.44,2472.99,2478.35,2870.5,
1789703400000,2026-09-18T03:50:00.000Z,2478.35,2479.83,2477.2,2478.78,2230.59,
1789703700000,2026-09-18T03:55:00.000Z,2478.78,2478.92,2476.19,2478.28,1084.9,
1789704000000,2026-09-18T04:00:00.000Z,2478.28,2482,2476.8,2478.42,4775.55,
1789704300000,2026-09-18T04:05:00.000Z,2478.42,2478.42,2472.17,2472.22,2980.66,
1789704600000,2026-09-18T04:10:00.000Z,2472.22,2475.53,2472.22,2474.63,1706.66,
1789704900000,2026-09-18T04:15:00.000Z,2474.63,2476.77,2472.88,2475.34,1383.61,
1789705200000,2026-09-18T04:20:00.000Z,2475.34,2476.99,2470.6,2470.65,3358.26,
1789705500000,2026-09-18T04:25:00.000Z,2470.65,2472.21,2469.61,2470.98,2450.07,
1789705800000,2026-09-18T04:30:00.000Z,2470.98,2472.13,2468.68,2470.33,1747.14,
1789706100000,2026-09-18T04:35:00.000Z,2470.33,2473.67,2470.32,2471.57,3240.89,
1789706400000,2026-09-18T04:40:00.000Z,2471.57,2475.95,2468.82,2475.95,2502.63,
1789706700000,2026-09-18T04:45:00.000Z,2475.95,2477.71,2473.71,2474.05,1842.25,
1789707000000,2026-09-18T04:50:00.000Z,2474.05,2476.55,2473.32,2475.89,437.91,
1789707300000,2026-09-18T04:55:00.000Z,2475.89,2481.08,2475.87,2481.08,3259.99,
1789707600000,2026-09-18T05:00:00.000Z,2481.08,2481.55,2475.97,2476.03,2150.36,
1789707900000,2026-09-18T05:05:00.000Z,2476.03,2491.4,2475.81,2481.21,11493.89,
1789708200000,2026-09-18T05:10:00.000Z,2481.21,2492.06,2481,2487.57,6107.75,
1789708500000,2026-09-18T05:15:00.000Z,2487.57,2491.12,2484.68,2485.77,2297.69,
1789708800000,2026-09-18T05:20:00.000Z,2485.77,2486.7,2481.09,2483.31,2663.21,
1789709100000,2026-09-18T05:25:00.000Z,2483.31,2484.85,2480,2484,3582.33,
1789709400000,2026-09-18T05:30:00.000Z,2484,2486.88,2482.58,2486.4,2463.26,
1789709700000,2026-09-18T05:35:00.000Z,2486.4,2489.16,2481.44,2486,2727.64,
1789710000000,2026-09-18T05:40:00.000Z,2486,2486.34,2482.59,2483.51,646.38,
1789710300000,2026-09-18T05:45:00.000Z,2483.51,2484.35,2480.15,2480.58,1568.49,
1789710600000,2026-09-18T05:50:00.000Z,2480.58,2482.3,2478.9,2478.9,2155.6,
1789710900000,2026-09-18T05:55:00.000Z,2478.9,2479.83,2477.19,2479.19,903.98,
1789711200000,2026-09-18T06:00:00.000Z,2479.19,2486.41,2479.19,2485.35,2346.86,
1789711500000,2026-09-18T06:05:00.000Z,2485.35,2486.41,2482.79,2483.37,1020.19,
1789711800000,2026-09-18T06:10:00.000Z,2483.37,2485.25,2481.31,2482.37,1379.44,
1789712100000,2026-09-18T06:15:00.000Z,2482.37,2486,2481.79,2483.75,1427.34,
1789712400000,2026-09-18T06:20:00.000Z,2483.75,2486.99,2482,2484.95,1497.58,
1789712700000,2026-09-18T06:25:00.000Z,2484.95,2486.39,2481.61,2481.9,2039.53,
1789713000000,2026-09-18T06:30:00.000Z,2481.9,2484.11,2481.2,2481.2,870.71,
1789713300000,2026-09-18T06:35:00.000Z,2481.2,2485.8,2481.03,2485.1,2585.32,
1789713600000,2026-09-18T06:40:00.000Z,2485.1,2485.42,2483.06,2484.75,2397.31,
1789713900000,2026-09-18T06:45:00.000Z,2484.75,2485.94,2484.06,2485.16,3134.52,
1789714200000,2026-09-18T06:50:00.000Z,2485.16,2485.29,2484.06,2484.06,800.31,
1789714500000,2026-09-18T06:55:00.000Z,2484.06,2487.34,2481.16,2486.26,2556.49,
1789714800000,2026-09-18T07:00:00.000Z,2486.26,2495.12,2484.74,2489.54,10917.79,
1789715100000,2026-09-18T07:05:00.000Z,2489.54,2496.66,2486.64,2488.18,8023.52,
1789715400000,2026-09-18T07:10:00.000Z,2488.18,2492,2488.01,2488.94,2778.86,
1789715700000,2026-09-18T07:15:00.000Z,2488.94,2492.25,2487.7,2491,1771.03,
1789716000000,2026-09-18T07:20:00.000Z,2491,2497.83,2490.5,2492.75,6783.29,
1789716300000,2026-09-18T07:25:00.000Z,2492.75,2495.42,2491.69,2492.63,2398.13,
1789716600000,2026-09-18T07:30:00.000Z,2492.63,2494.37,2490,2492.41,2055.79,
1789716900000,2026-09-18T07:35:00.000Z,2492.41,2492.84,2490.26,2491,882.44,
1789717200000,2026-09-18T07:40:00.000Z,2491,2491.25,2487.51,2490.58,7293.88,
1789717500000,2026-09-18T07:45:00.000Z,2490.58,2490.58,2487.99,2489,502.55,
1789717800000,2026-09-18T07:50:00.000Z,2489,2492.25,2488.92,2490.48,2065.2,
1789718100000,2026-09-18T07:55:00.000Z,2490.48,2490.48,2486.32,2488.8,1744.81,
1789718400000,2026-09-18T08:00:00.000Z,2488.8,2497.87,2488.44,2492.84,4350.56,
1789718700000,2026-09-18T08:05:00.000Z,2492.84,2493.17,2485.42,2485.61,2821.83,
1789719000000,2026-09-18T08:10:00.000Z,2485.61,2490.21,2484.29,2487.5,1696.3,
1789719300000,2026-09-18T08:15:00.000Z,2487.5,2491.25,2486.47,2490.3,2995.63,
1789719600000,2026-09-18T08:20:00.000Z,2490.3,2506.7,2490.29,2503.41,17514.4,
1789719900000,2026-09-18T08:25:00.000Z,2503.41,2503.54,2495.26,2496.71,3151.59,
1789720200000,2026-09-18T08:30:00.000Z,2496.71,2499.01,2494.27,2497.41,1095.65,
1789720500000,2026-09-18T08:35:00.000Z,2497.41,2498.17,2493.07,2493.85,1942.22,
1789720800000,2026-09-18T08:40:00.000Z,2493.85,2496.44,2493,2495.9,2609.63,
1789721100000,2026-09-18T08:45:00.000Z,2495.9,2497.75,2495.26,2495.9,2190.61,
1789721400000,2026-09-18T08:50:00.000Z,2495.9,2499.47,2494.51,2498.7,1854.55,
1789721700000,2026-09-18T08:55:00.000Z,2498.7,2505.19,2498.5,2504.03,5494.58,
1789722000000,2026-09-18T09:00:00.000Z,2504.03,2511.73,2503.06,2506.45,8881.83,
1789722300000,2026-09-18T09:05:00.000Z,2506.45,2515.66,2505.22,2512.16,8831.12,
1789722600000,2026-09-18T09:10:00.000Z,2512.16,2515,2505.72,2513.76,6722.47,
1789722900000,2026-09-18T09:15:00.000Z,2513.76,2520.53,2511.79,2518.2,14408.55,
1789723200000,2026-09-18T09:20:00.000Z,2518.2,2520,2513.37,2514.34,6457.03,
1789723500000,2026-09-18T09:25:00.000Z,2514.34,2514.39,2505.2,2507.03,5273.85,
1789723800000,2026-09-18T09:30:00.000Z,2507.03,2507.2,2503.75,2504.09,3839.51,
1789724100000,2026-09-18T09:35:00.000Z,2504.09,2504.82,2501,2501.06,3596.79,
1789724400000,2026-09-18T09:40:00.000Z,2501.06,2503.42,2501.04,2502.48,2237.97,
1789724700000,2026-09-18T09:45:00.000Z,2502.48,2507.9,2501.11,2501.7,5116.11,
1789725000000,2026-09-18T09:50:00.000Z,2501.7,2506.99,2501.7,2504.47,691.03,
1789725300000,2026-09-18T09:55:00.000Z,2504.47,2507.92,2504.47,2506.87,1305.43,
1789725600000,2026-09-18T10:00:00.000Z,2506.87,2511.24,2506.61,2510.88,1147.6,
1789725900000,2026-09-18T10:05:00.000Z,2510.88,2515.17,2510.37,2510.94,4716.92,
1789726200000,2026-09-18T10:10:00.000Z,2510.94,2514.7,2510.03,2514.69,2990.31,
1789726500000,2026-09-18T10:15:00.000Z,2514.69,2515,2512.35,2514.37,1462.16,
1789726800000,2026-09-18T10:20:00.000Z,2514.37,2515.62,2510.48,2510.75,1920.67,
1789727100000,2026-09-18T10:25:00.000Z,2510.75,2517.68,2509.94,2516.49,2749.17,
1789727400000,2026-09-18T10:30:00.000Z,2516.49,2517.94,2514.97,2516.3,1454.77,
1789727700000,2026-09-18T10:35:00.000Z,2516.3,2518.29,2514.59,2517.5,1600.04,
1789728000000,2026-09-18T10:40:00.000Z,2517.5,2518.88,2513.68,2515.37,1427.88,
1789728300000,2026-09-18T10:45:00.000Z,2515.37,2520.8,2514.37,2519.52,3041.41,
1789728600000,2026-09-18T10:50:00.000Z,2519.52,2519.66,2513.04,2513.22,2190.03,
1789728900000,2026-09-18T10:55:00.000Z,2513.22,2514.5,2511.78,2512.42,1311.65,
1789729200000,2026-09-18T11:00:00.000Z,2512.42,2516.49,2511.89,2516.29,467.23,
1789729500000,2026-09-18T11:05:00.000Z,2516.29,2517,2498.92,2504.4,7532.35,
1789729800000,2026-09-18T11:10:00.000Z,2504.4,2506.29,2498.04,2501.71,1782.11,
1789730100000,2026-09-18T11:15:00.000Z,2501.71,2504.68,2500.35,2504.01,1993.76,
1789730400000,2026-09-18T11:20:00.000Z,2504.01,2506.27,2502.08,2502.99,1036.5,
1789730700000,2026-09-18T11:25:00.000Z,2502.99,2504.79,2501.13,2502.27,1765.89,
1789731000000,2026-09-18T11:30:00.000Z,2502.27,2509.59,2501.52,2508,2004.32,
1789731300000,2026-09-18T11:35:00.000Z,2508,2512.8,2507.73,2510.56,2589.13,
1789731600000,2026-09-18T11:40:00.000Z,2510.56,2510.57,2504.68,2505,733.22,
1789731900000,2026-09-18T11:45:00.000Z,2505,2508.37,2504.75,2507.12,1135.96,
1789732200000,2026-09-18T11:50:00.000Z,2507.12,2510.67,2506.13,2510.25,529.01,
1789732500000,2026-09-18T11:55:00.000Z,2510.25,2510.34,2506.02,2507.05,1984.77,
1789732800000,2026-09-18T12:00:00.000Z,2507.05,2509.8,2504,2509.04,1492.04,
1789733100000,2026-09-18T12:05:00.000Z,2509.04,2509.28,2502.74,2502.85,887.67,
1789733400000,2026-09-18T12:10:00.000Z,2502.85,2504.68,2499.48,2503.19,1508.39,
1789733700000,2026-09-18T12:15:00.000Z,2503.19,2504.47,2500.77,2500.96,772.15,
1789734000000,2026-09-18T12:20:00.000Z,2500.96,2504.37,2498.85,2502.35,1392.78,
1789734300000,2026-09-18T12:25:00.000Z,2502.35,2504.42,2501.38,2502.76,1550.31,
1789734600000,2026-09-18T12:30:00.000Z,2502.76,2505,2499.29,2504.74,1602.74,
1789734900000,2026-09-18T12:35:00.000Z,2504.74,2507.6,2504.57,2507.47,1833.17,
1789735200000,2026-09-18T12:40:00.000Z,2507.47,2507.79,2502.92,2503.16,742.55,
1789735500000,2026-09-18T12:45:00.000Z,2503.16,2505.21,2501.29,2502.01,1619.12,
1789735800000,2026-09-18T12:50:00.000Z,2502.01,2503,2499.55,2501.26,2658.91,
1789736100000,2026-09-18T12:55:00.000Z,2501.26,2502.16,2500,2501.4,997.7,
1789736400000,2026-09-18T13:00:00.000Z,2501.4,2502.39,2493.07,2497.48,3787.9,
1789736700000,2026-09-18T13:05:00.000Z,2497.48,2499.13,2496.49,2497.36,2527.12,
1789737000000,2026-09-18T13:10:00.000Z,2497.36,2498.56,2496.48,2497.64,619.84,
1789737300000,2026-09-18T13:15:00.000Z,2497.64,2503.09,2496.86,2503.09,1726.89,
1789737600000,2026-09-18T13:20:00.000Z,2503.09,2506,2501.73,2502.29,2142.47,
1789737900000,2026-09-18T13:25:00.000Z,2502.29,2505.4,2500.5,2504.91,1392.85,
1789738200000,2026-09-18T13:30:00.000Z,2504.91,2511.17,2502.7,2510.15,6006.36,
1789738500000,2026-09-18T13:35:00.000Z,2510.15,2531.08,2507.52,2529.88,18139.7,
1789738800000,2026-09-18T13:40:00.000Z,2529.88,2538.64,2522.4,2536.74,19900.45,
1789739100000,2026-09-18T13:45:00.000Z,2536.74,2557.48,2531.59,2556.85,32670.28,
1789739400000,2026-09-18T13:50:00.000Z,2556.85,2578,2552.23,2554.55,37960.49,
1789739700000,2026-09-18T13:55:00.000Z,2554.55,2557.44,2544.59,2553.9,14570.99,
1789740000000,2026-09-18T14:00:00.000Z,2553.9,2565.94,2553.8,2562.25,18493.36,
1789740300000,2026-09-18T14:05:00.000Z,2562.25,2571.6,2553.83,2558.97,13484.67,
1789740600000,2026-09-18T14:10:00.000Z,2558.97,2562.32,2554.45,2560.75,4998.35,
1789740900000,2026-09-18T14:15:00.000Z,2560.75,2567,2559.01,2566,7494.39,
1789741200000,2026-09-18T14:20:00.000Z,2566,2582.92,2564.36,2581.25,14243.79,
1789741500000,2026-09-18T14:25:00.000Z,2581.25,2582.71,2565.89,2568.73,8297.63,
1789741800000,2026-09-18T14:30:00.000Z,2568.73,2571.61,2562.45,2569.33,4276.73,
1789742100000,2026-09-18T14:35:00.000Z,2569.33,2576,2567.79,2571,5284.6,
1789742400000,2026-09-18T14:40:00.000Z,2571,2578.67,2569.25,2577.5,3455.75,
1789742700000,2026-09-18T14:45:00.000Z,2577.5,2580.29,2573.22,2574.24,10487.26,
1789743000000,2026-09-18T14:50:00.000Z,2574.24,2581.41,2572.89,2579.57,8048.49,
1789743300000,2026-09-18T14:55:00.000Z,2579.57,2586.74,2577.69,2581.29,7205.2,
1789743600000,2026-09-18T15:00:00.000Z,2581.29,2587.35,2576.19,2576.84,12068.97,
1789743900000,2026-09-18T15:05:00.000Z,2576.84,2584.68,2570.31,2571.42,6686.45,
1789744200000,2026-09-18T15:10:00.000Z,2571.42,2574.12,2564.48,2574.07,8601.57,
1789744500000,2026-09-18T15:15:00.000Z,2574.07,2588.25,2573.73,2581.18,9094.87,
1789744800000,2026-09-18T15:20:00.000Z,2581.18,2593.92,2578.72,2593.74,7830.25,
1789745100000,2026-09-18T15:25:00.000Z,2593.74,2598.58,2583.6,2586.79,10605.84,
1789745400000,2026-09-18T15:30:00.000Z,2586.79,2587.53,2575.01,2581.43,5879.71,
1789745700000,2026-09-18T15:35:00.000Z,2581.43,2585.3,2578.83,2580.24,2157.19,
1789746000000,2026-09-18T15:40:00.000Z,2580.24,2580.48,2572.21,2572.39,2504.34,
1789746300000,2026-09-18T15:45:00.000Z,2572.39,2579.32,2568.24,2576.87,3684.63,
1789746600000,2026-09-18T15:50:00.000Z,2576.87,2583.46,2576.63,2579.72,1711.55,
1789746900000,2026-09-18T15:55:00.000Z,2579.72,2584.21,2576.73,2582.81,2393.33,
1789747200000,2026-09-18T16:00:00.000Z,2582.81,2585.43,2577.67,2584.67,2162.04,
1789747500000,2026-09-18T16:05:00.000Z,2584.67,2595.89,2582.78,2590.95,8444.4,
1789747800000,2026-09-18T16:10:00.000Z,2590.95,2596.63,2588.75,2595.62,3843.58,
1789748100000,2026-09-18T16:15:00.000Z,2595.62,2601.55,2591.6,2597.28,12339.73,
1789748400000,2026-09-18T16:20:00.000Z,2597.28,2601.67,2590.57,2595.83,5874.29,
1789748700000,2026-09-18T16:25:00.000Z,2595.83,2598.5,2591.14,2598.5,4443.53,
1789749000000,2026-09-18T16:30:00.000Z,2598.5,2609.9,2596.92,2607.14,11290.99,
1789749300000,2026-09-18T16:35:00.000Z,2607.14,2607.39,2598,2601.31,5539.61,
1789749600000,2026-09-18T16:40:00.000Z,2601.31,2602.58,2598.2,2600.72,1608.73,
1789749900000,2026-09-18T16:45:00.000Z,2600.72,2600.77,2590.71,2592.34,6365,
1789750200000,2026-09-18T16:50:00.000Z,2592.34,2599.05,2588.04,2598.4,3561.34,
1789750500000,2026-09-18T16:55:00.000Z,2598.4,2599.22,2594.58,2595.86,1439.03,
1789750800000,2026-09-18T17:00:00.000Z,2595.86,2596.74,2587.01,2592.25,4276.65,
1789751100000,2026-09-18T17:05:00.000Z,2592.25,2594.48,2588.18,2588.78,1971.05,
1789751400000,2026-09-18T17:10:00.000Z,2588.78,2595,2587.56,2594.58,3972.1,
1789751700000,2026-09-18T17:15:00.000Z,2594.58,2597.88,2591.41,2592.03,3235.26,
1789752000000,2026-09-18T17:20:00.000Z,2592.03,2594.79,2583.77,2591.71,4224.48,
1789752300000,2026-09-18T17:25:00.000Z,2591.71,2593.66,2590.14,2591.28,1056.94,
1789752600000,2026-09-18T17:30:00.000Z,2591.28,2591.68,2584.3,2586.46,2773.42,
1789752900000,2026-09-18T17:35:00.000Z,2586.46,2589.99,2584.41,2589.41,3687.81,
1789753200000,2026-09-18T17:40:00.000Z,2589.41,2593.98,2588.45,2593.5,837.6,
1789753500000,2026-09-18T17:45:00.000Z,2593.5,2601.7,2593.25,2600.66,4632.41,
1789753800000,2026-09-18T17:50:00.000Z,2600.66,2607.68,2600.56,2604.58,5596.68,
1789754100000,2026-09-18T17:55:00.000Z,2604.58,2609.17,2602.5,2606,2206.81,
1789754400000,2026-09-18T18:00:00.000Z,2606,2606,2600.6,2602.01,5015.61,
1789754700000,2026-09-18T18:05:00.000Z,2602.01,2608.84,2601.19,2605.69,2207.89,
1789755000000,2026-09-18T18:10:00.000Z,2605.69,2606.58,2599.48,2604.42,3909.33,
1789755300000,2026-09-18T18:15:00.000Z,2604.42,2606.33,2602.07,2605.21,3869.58,
1789755600000,2026-09-18T18:20:00.000Z,2605.21,2608.02,2603.17,2603.34,3947.96,
1789755900000,2026-09-18T18:25:00.000Z,2603.34,2611,2602.9,2609.16,7168.95,
1789756200000,2026-09-18T18:30:00.000Z,2609.16,2622.48,2605.2,2620.87,16448.6,
1789756500000,2026-09-18T18:35:00.000Z,2620.87,2626.83,2614.64,2620.27,12515.58,
1789756800000,2026-09-18T18:40:00.000Z,2620.27,2620.68,2608.37,2609.39,4239.05,
1789757100000,2026-09-18T18:45:00.000Z,2609.39,2613.7,2608.68,2613.42,4130,
1789757400000,2026-09-18T18:50:00.000Z,2613.42,2617.39,2610.18,2614.41,1408.67,
1789757700000,2026-09-18T18:55:00.000Z,2614.41,2615.91,2608.31,2611.6,4029.15,
1789758000000,2026-09-18T19:00:00.000Z,2611.6,2618.6,2610.61,2617.05,1355.12,
1789758300000,2026-09-18T19:05:00.000Z,2617.05,2621.43,2615.6,2621.04,2053.42,
1789758600000,2026-09-18T19:10:00.000Z,2621.04,2625.96,2619.77,2624.43,5629.84,
1789758900000,2026-09-18T19:15:00.000Z,2624.43,2637.17,2623.65,2632.43,17543.8,
1789759200000,2026-09-18T19:20:00.000Z,2632.43,2632.74,2625.49,2627.2,2222.46,
1789759500000,2026-09-18T19:25:00.000Z,2627.2,2639.92,2627.19,2635.48,6523.35,
1789759800000,2026-09-18T19:30:00.000Z,2635.48,2635.48,2629.02,2630.97,4472.23,
1789760100000,2026-09-18T19:35:00.000Z,2630.97,2631.58,2626.2,2628.5,2707.02,
1789760400000,2026-09-18T19:40:00.000Z,2628.5,2642.29,2628.29,2641.87,9706.94,
1789760700000,2026-09-18T19:45:00.000Z,2641.87,2645.75,2635.46,2640.06,4512.14,
1789761000000,2026-09-18T19:50:00.000Z,2640.06,2643.15,2634.31,2634.91,5705.44,
1789761300000,2026-09-18T19:55:00.000Z,2634.91,2639.93,2634.91,2635.56,3373.73,
1789761600000,2026-09-18T20:00:00.000Z,2635.56,2636.93,2628.52,2634.94,4142.94,
1789761900000,2026-09-18T20:05:00.000Z,2634.94,2636.4,2626.88,2628.6,2009.38,
1789762200000,2026-09-18T20:10:00.000Z,2628.6,2634.8,2628.35,2633.34,926.61,
1789762500000,2026-09-18T20:15:00.000Z,2633.34,2638.86,2632.27,2637.12,2028.99,
1789762800000,2026-09-18T20:20:00.000Z,2637.12,2637.8,2629.75,2630.14,3914.45,
1789763100000,2026-09-18T20:25:00.000Z,2630.14,2630.29,2623.76,2626.99,2471.09,
1789763400000,2026-09-18T20:30:00.000Z,2626.99,2629.32,2625.95,2627.75,1467.31,
1789763700000,2026-09-18T20:35:00.000Z,2627.75,2628.63,2623.23,2627.16,2273.42,
1789764000000,2026-09-18T20:40:00.000Z,2627.16,2635.33,2626.5,2633.03,1349.06,
1789764300000,2026-09-18T20:45:00.000Z,2633.03,2636.4,2630.06,2631.67,2942.9,
1789764600000,2026-09-18T20:50:00.000Z,2631.67,2635.16,2630.25,2630.82,578.15,
1789764900000,2026-09-18T20:55:00.000Z,2630.82,2632.73,2628.68,2630.73,1306.51,
1789765200000,2026-09-18T21:00:00.000Z,2630.73,2634.77,2629.26,2634.18,1046.24,
1789765500000,2026-09-18T21:05:00.000Z,2634.18,2635.4,2630.75,2630.75,1065.53,
1789765800000,2026-09-18T21:10:00.000Z,2630.75,2639.1,2630.43,2637.95,3179.64,
1789766100000,2026-09-18T21:15:00.000Z,2637.95,2638.58,2631.08,2632.42,2239.38,
1789766400000,2026-09-18T21:20:00.000Z,2632.42,2634,2630.12,2631.41,1736.01,
1789766700000,2026-09-18T21:25:00.000Z,2631.41,2634.92,2630.59,2631.45,493.03,
1789767000000,2026-09-18T21:30:00.000Z,2631.45,2631.69,2625.48,2628.36,5868.22,
1789767300000,2026-09-18T21:35:00.000Z,2628.36,2632.71,2628,2631.71,472.35,
1789767600000,2026-09-18T21:40:00.000Z,2631.71,2634.65,2627.81,2627.81,478.62,
1789767900000,2026-09-18T21:45:00.000Z,2627.81,2628.45,2624.54,2627.42,2946.25,
1789768200000,2026-09-18T21:50:00.000Z,2627.42,2628.87,2624,2626.09,1791,
1789768500000,2026-09-18T21:55:00.000Z,2626.09,2626.15,2624.17,2625.83,693.43,
1789768800000,2026-09-18T22:00:00.000Z,2625.83,2629.2,2624.42,2627,620.84,
1789769100000,2026-09-18T22:05:00.000Z,2627,2632.23,2627,2631.75,1721.27,
1789769400000,2026-09-18T22:10:00.000Z,2631.75,2632.11,2627.37,2628.72,1152.47,
1789769700000,2026-09-18T22:15:00.000Z,2628.72,2633.31,2628.51,2633.31,474.53,
1789770000000,2026-09-18T22:20:00.000Z,2633.31,2633.39,2629.02,2629.64,969.9,
1789770300000,2026-09-18T22:25:00.000Z,2629.64,2631.25,2629.34,2631.25,325.98,
1789770600000,2026-09-18T22:30:00.000Z,2631.25,2631.42,2623.22,2623.55,4955.38,
1789770900000,2026-09-18T22:35:00.000Z,2623.55,2624.26,2616.17,2621.19,3829.99,
1789771200000,2026-09-18T22:40:00.000Z,2621.19,2622.21,2617.73,2617.96,1315.47,
1789771500000,2026-09-18T22:45:00.000Z,2617.96,2618.78,2616.73,2618.57,857.09,
1789771800000,2026-09-18T22:50:00.000Z,2618.57,2619.99,2616.28,2619.99,1893.15,
1789772100000,2026-09-18T22:55:00.000Z,2619.99,2621.41,2617.76,2619.13,1095.77,
1789772400000,2026-09-18T23:00:00.000Z,2619.13,2620.96,2615.13,2615.3,1427.16,
1789772700000,2026-09-18T23:05:00.000Z,2615.3,2616.74,2610.86,2615.86,2338.78,
1789773000000,2026-09-18T23:10:00.000Z,2615.86,2619.7,2615.86,2618.57,800.1,
1789773300000,2026-09-18T23:15:00.000Z,2618.57,2620.5,2616.72,2616.8,449.97,
1789773600000,2026-09-18T23:20:00.000Z,2616.8,2617.09,2614.38,2614.38,501.24,
1789773900000,2026-09-18T23:25:00.000Z,2614.38,2614.55,2612.14,2613.24,1095.7,
1789774200000,2026-09-18T23:30:00.000Z,2613.24,2613.44,2610.4,2613.43,4671.68,
1789774500000,2026-09-18T23:35:00.000Z,2613.43,2613.44,2608.22,2609.54,2235.15,
1789774800000,2026-09-18T23:40:00.000Z,2609.54,2611.8,2608.71,2610.68,858.19,
1789775100000,2026-09-18T23:45:00.000Z,2610.68,2611.63,2607.14,2609.34,1241.69,
1789775400000,2026-09-18T23:50:00.000Z,2609.34,2612.62,2608.48,2610.56,1833.11,
1789775700000,2026-09-18T23:55:00.000Z,2610.56,2612.67,2609.09,2610.6,985.09,
1789776000000,2026-09-19T00:00:00.000Z,2610.6,2611.99,2605.76,2608.36,1255.65,
1789776300000,2026-09-19T00:05:00.000Z,2608.36,2611.69,2605.87,2607.63,2068.91,
1789776600000,2026-09-19T00:10:00.000Z,2607.63,2612.19,2607.46,2611.35,1901.26,
1789776900000,2026-09-19T00:15:00.000Z,2611.35,2616.34,2611.24,2616.22,1501.25,
1789777200000,2026-09-19T00:20:00.000Z,2616.22,2616.39,2611.33,2612.75,1939.62,
1789777500000,2026-09-19T00:25:00.000Z,2612.75,2614.69,2612.34,2614.69,432.97,
1789777800000,2026-09-19T00:30:00.000Z,2614.69,2620.31,2614.57,2619.65,1848.26,
1789778100000,2026-09-19T00:35:00.000Z,2619.65,2620.65,2618.48,2619.13,869.08,
1789778400000,2026-09-19T00:40:00.000Z,2619.13,2620.82,2618.68,2619.75,517.84,
1789778700000,2026-09-19T00:45:00.000Z,2619.75,2621.02,2618.26,2618.61,530.89,
1789779000000,2026-09-19T00:50:00.000Z,2618.61,2624.26,2617.75,2621.85,2123.4,
1789779300000,2026-09-19T00:55:00.000Z,2621.85,2625.86,2621.32,2625.86,2525.88,
1789779600000,2026-09-19T01:00:00.000Z,2625.86,2626.6,2619.2,2619.43,3111.49,
1789779900000,2026-09-19T01:05:00.000Z,2619.43,2620.46,2616.3,2616.39,2619.54,
1789780200000,2026-09-19T01:10:00.000Z,2616.39,2616.93,2611.73,2612.16,1172.19,
1789780500000,2026-09-19T01:15:00.000Z,2612.16,2613.9,2605.91,2606.55,1533.18,
1789780800000,2026-09-19T01:20:00.000Z,2606.55,2611.91,2601.95,2611.91,4670.34,
1789781100000,2026-09-19T01:25:00.000Z,2611.91,2613.93,2610.57,2611.41,1298.25,
1789781400000,2026-09-19T01:30:00.000Z,2611.41,2612.46,2605.27,2605.5,814.61,
1789781700000,2026-09-19T01:35:00.000Z,2605.5,2609.7,2602.6,2608.77,1619.23,
1789782000000,2026-09-19T01:40:00.000Z,2608.77,2611.56,2607.48,2611.31,338.96,
1789782300000,2026-09-19T01:45:00.000Z,2611.31,2617.25,2611.31,2617.24,820.26,
1789782600000,2026-09-19T01:50:00.000Z,2617.24,2619.51,2612.51,2613.68,3661.46,
1789782900000,2026-09-19T01:55:00.000Z,2613.68,2613.93,2611.5,2611.95,456.41,
1789783200000,2026-09-19T02:00:00.000Z,2611.95,2613.54,2611.28,2612.64,895.05,
1789783500000,2026-09-19T02:05:00.000Z,2612.64,2614.5,2611,2614.01,531.81,
1789783800000,2026-09-19T02:10:00.000Z,2614.01,2617,2613.65,2615.29,1202.12,
1789784100000,2026-09-19T02:15:00.000Z,2615.29,2615.73,2613.25,2615.56,1086.37,
1789784400000,2026-09-19T02:20:00.000Z,2615.56,2621.84,2615.49,2619.44,2458.1,
1789784700000,2026-09-19T02:25:00.000Z,2619.44,2619.62,2616.53,2616.63,654.22,
1789785000000,2026-09-19T02:30:00.000Z,2616.63,2620.5,2616.15,2618.4,1210.84,
1789785300000,2026-09-19T02:35:00.000Z,2618.4,2622.08,2617.58,2619.46,1965.74,
1789785600000,2026-09-19T02:40:00.000Z,2619.46,2619.88,2617.48,2618.75,276.15,
1789785900000,2026-09-19T02:45:00.000Z,2618.75,2620.49,2617.34,2620.21,335.76,
1789786200000,2026-09-19T02:50:00.000Z,2620.21,2620.49,2618.45,2618.76,182.36,
1789786500000,2026-09-19T02:55:00.000Z,2618.76,2622.59,2618.54,2622.52,707.67,
1789786800000,2026-09-19T03:00:00.000Z,2622.52,2631.37,2620.91,2630.35,3853.56,
1789787100000,2026-09-19T03:05:00.000Z,2630.35,2630.9,2624.83,2624.83,1244.48,
1789787400000,2026-09-19T03:10:00.000Z,2624.83,2625.73,2623.2,2625.42,636.38,
1789787700000,2026-09-19T03:15:00.000Z,2625.42,2625.67,2621.01,2621.29,944.48,
1789788000000,2026-09-19T03:20:00.000Z,2621.29,2625.68,2620.61,2622.65,573.15,
1789788300000,2026-09-19T03:25:00.000Z,2622.65,2622.65,2619.73,2619.77,764.63,
1789788600000,2026-09-19T03:30:00.000Z,2619.77,2620.56,2619.26,2619.47,904.5,
1789788900000,2026-09-19T03:35:00.000Z,2619.47,2620,2618.1,2618.43,619.94,
1789789200000,2026-09-19T03:40:00.000Z,2618.43,2622.09,2618.43,2622.08,464.77,
1789789500000,2026-09-19T03:45:00.000Z,2622.08,2622.08,2620.11,2621,288.38,
1789789800000,2026-09-19T03:50:00.000Z,2621,2621,2619.44,2619.97,326.64,
1789790100000,2026-09-19T03:55:00.000Z,2619.97,2620.74,2619,2619,287.61,
1789790400000,2026-09-19T04:00:00.000Z,2619,2621.78,2618.75,2621.74,352.71,
1789790700000,2026-09-19T04:05:00.000Z,2621.74,2624.23,2620.69,2623.01,1264.24,
1789791000000,2026-09-19T04:10:00.000Z,2623.01,2624.98,2622.95,2624.76,461.69,
1789791300000,2026-09-19T04:15:00.000Z,2624.76,2625.59,2621.28,2621.84,483.33,
1789791600000,2026-09-19T04:20:00.000Z,2621.84,2623.99,2620.78,2621.59,269.14,
1789791900000,2026-09-19T04:25:00.000Z,2621.59,2625.83,2620.72,2624,5139.33,
1789792200000,2026-09-19T04:30:00.000Z,2624,2624,2615.6,2615.87,4511.45,
1789792500000,2026-09-19T04:35:00.000Z,2615.87,2618.47,2611.01,2612.39,1755.78,
1789792800000,2026-09-19T04:40:00.000Z,2612.39,2616.11,2611.69,2613.54,2266.22,
1789793100000,2026-09-19T04:45:00.000Z,2613.54,2617.34,2612.05,2616.04,5429.31,
1789793400000,2026-09-19T04:50:00.000Z,2616.04,2617.97,2615.41,2617.82,699.88,
1789793700000,2026-09-19T04:55:00.000Z,2617.82,2618.69,2617.2,2618.69,2585.21,
1789794000000,2026-09-19T05:00:00.000Z,2618.69,2622.11,2618.65,2620.78,830.2,
1789794300000,2026-09-19T05:05:00.000Z,2620.78,2630.48,2620.78,2627.37,3056.43,
1789794600000,2026-09-19T05:10:00.000Z,2627.37,2627.37,2623.33,2623.45,1272.41,
1789794900000,2026-09-19T05:15:00.000Z,2623.45,2627.68,2622.58,2626.72,1054.25,
1789795200000,2026-09-19T05:20:00.000Z,2626.72,2627.49,2623.4,2627.31,2490.69,
1789795500000,2026-09-19T05:25:00.000Z,2627.31,2632.25,2626.63,2626.64,2343.88,
1789795800000,2026-09-19T05:30:00.000Z,2626.64,2631.11,2625.88,2631.11,2037.34,
1789796100000,2026-09-19T05:35:00.000Z,2631.11,2631.82,2628.98,2630.73,2511.1,
1789796400000,2026-09-19T05:40:00.000Z,2630.73,2630.73,2625.29,2625.37,792.12,
1789796700000,2026-09-19T05:45:00.000Z,2625.37,2627.04,2624.43,2626.52,1064.83,
1789797000000,2026-09-19T05:50:00.000Z,2626.52,2631.55,2626.52,2629.87,877.06,
1789797300000,2026-09-19T05:55:00.000Z,2629.87,2631.37,2625.26,2627.55,1711.16,
1789797600000,2026-09-19T06:00:00.000Z,2627.55,2628.58,2624.06,2625.54,626.32,
1789797900000,2026-09-19T06:05:00.000Z,2625.54,2629.15,2625.19,2625.69,295.43,
1789798200000,2026-09-19T06:10:00.000Z,2625.69,2625.99,2624,2624,798.75,
1789798500000,2026-09-19T06:15:00.000Z,2624,2626.49,2623.01,2623.31,428.19,
1789798800000,2026-09-19T06:20:00.000Z,2623.31,2623.92,2620.74,2621.18,1403.07,
1789799100000,2026-09-19T06:25:00.000Z,2621.18,2623.47,2618.68,2623.27,1563.51,
1789799400000,2026-09-19T06:30:00.000Z,2623.27,2626.64,2621.66,2626.63,726.65,
1789799700000,2026-09-19T06:35:00.000Z,2626.63,2628.58,2626.27,2626.64,708.65,
1789800000000,2026-09-19T06:40:00.000Z,2626.64,2628.08,2626.03,2627.28,673.05,
1789800300000,2026-09-19T06:45:00.000Z,2627.28,2628.28,2626.39,2626.45,646.6,
1789800600000,2026-09-19T06:50:00.000Z,2626.45,2627.56,2625.68,2626.18,373.43,
1789800900000,2026-09-19T06:55:00.000Z,2626.18,2626.51,2625.21,2626.07,291.2,
1789801200000,2026-09-19T07:00:00.000Z,2626.07,2626.88,2625.05,2625.71,353.25,
1789801500000,2026-09-19T07:05:00.000Z,2625.71,2627.96,2624.69,2627.9,261.02,
1789801800000,2026-09-19T07:10:00.000Z,2627.9,2629.57,2627.72,2629.37,682.56,
1789802100000,2026-09-19T07:15:00.000Z,2629.37,2635.36,2628.77,2631.35,3264.36,
1789802400000,2026-09-19T07:20:00.000Z,2631.35,2631.36,2625.62,2626.79,1151.16,
1789802700000,2026-09-19T07:25:00.000Z,2626.79,2628.51,2626.08,2627.89,232.35,
1789803000000,2026-09-19T07:30:00.000Z,2627.89,2629.38,2626,2626.85,151.42,
1789803300000,2026-09-19T07:35:00.000Z,2626.85,2626.85,2623.07,2623.29,589.07,
1789803600000,2026-09-19T07:40:00.000Z,2623.29,2624.2,2623.06,2623.82,1075.86,
1789803900000,2026-09-19T07:45:00.000Z,2623.82,2623.82,2622.26,2622.85,846.52,
1789804200000,2026-09-19T07:50:00.000Z,2622.85,2627.46,2621.9,2627.29,785.09,
1789804500000,2026-09-19T07:55:00.000Z,2627.29,2629.1,2625.49,2625.87,932.53,
1789804800000,2026-09-19T08:00:00.000Z,2625.87,2627.19,2622.62,2624.9,905.8,
1789805100000,2026-09-19T08:05:00.000Z,2624.9,2630.8,2624.53,2630.8,383.29,
1789805400000,2026-09-19T08:10:00.000Z,2630.8,2634.8,2629.94,2634.47,2244.97,
1789805700000,2026-09-19T08:15:00.000Z,2634.47,2637,2631.34,2636.68,3318.3,
1789806000000,2026-09-19T08:20:00.000Z,2636.68,2662.47,2636.11,2644.22,34959.71,
1789806300000,2026-09-19T08:25:00.000Z,2644.22,2644.99,2642.11,2644.23,2876.33,
1789806600000,2026-09-19T08:30:00.000Z,2644.23,2648.22,2641.43,2647.49,1584.88,
1789806900000,2026-09-19T08:35:00.000Z,2647.49,2657.55,2647.15,2651.6,9314.99,
1789807200000,2026-09-19T08:40:00.000Z,2651.6,2651.6,2647.59,2648.03,2053.6,
1789807500000,2026-09-19T08:45:00.000Z,2648.03,2650.67,2647.01,2647.13,1277.41,
1789807800000,2026-09-19T08:50:00.000Z,2647.13,2650.9,2645.85,2645.85,763.36,
1789808100000,2026-09-19T08:55:00.000Z,2645.85,2646.83,2641.73,2644.33,5567.62,
1789808400000,2026-09-19T09:00:00.000Z,2644.33,2649.27,2643.58,2648.52,2031.23,
1789808700000,2026-09-19T09:05:00.000Z,2648.52,2659.93,2648.26,2651.18,7874.15,
1789809000000,2026-09-19T09:10:00.000Z,2651.18,2651.59,2647.99,2649.03,2369.68,
1789809300000,2026-09-19T09:15:00.000Z,2649.03,2649.45,2647.1,2648.61,1839.5,
1789809600000,2026-09-19T09:20:00.000Z,2648.61,2652.53,2648.61,2652.01,1253.72,
1789809900000,2026-09-19T09:25:00.000Z,2652.01,2652.11,2644.76,2645.82,4899.34,
1789810200000,2026-09-19T09:30:00.000Z,2645.82,2647.14,2634.02,2635.48,5225.04,
1789810500000,2026-09-19T09:35:00.000Z,2635.48,2636.35,2631.53,2635.24,3854.22,
1789810800000,2026-09-19T09:40:00.000Z,2635.24,2636.12,2633.01,2635.23,4352.54,
1789811100000,2026-09-19T09:45:00.000Z,2635.23,2641.99,2635.23,2640.88,1879.96,
1789811400000,2026-09-19T09:50:00.000Z,2640.88,2643.72,2638.45,2643.02,2973.29,
1789811700000,2026-09-19T09:55:00.000Z,2643.02,2643.22,2639.86,2640.03,998.4,
1789812000000,2026-09-19T10:00:00.000Z,2640.03,2641.49,2637.42,2637.62,484.85,
1789812300000,2026-09-19T10:05:00.000Z,2637.62,2640.22,2637.57,2639.47,1699.83,
1789812600000,2026-09-19T10:10:00.000Z,2639.47,2641.31,2638.54,2640.29,3183.14,
1789812900000,2026-09-19T10:15:00.000Z,2640.29,2641.35,2639.12,2641.35,779.17,
1789813200000,2026-09-19T10:20:00.000Z,2641.35,2643.49,2641.35,2642.39,1855.35,
1789813500000,2026-09-19T10:25:00.000Z,2642.39,2644.4,2641.72,2643.96,1200.03,
1789813800000,2026-09-19T10:30:00.000Z,2643.96,2645.63,2643.28,2644.84,930.23,
1789814100000,2026-09-19T10:35:00.000Z,2644.84,2644.84,2641.67,2642.06,875.99,
1789814400000,2026-09-19T10:40:00.000Z,2642.06,2644.27,2641.59,2642.9,722.38,
1789814700000,2026-09-19T10:45:00.000Z,2642.9,2643.94,2640.39,2641.48,2601.72,
1789815000000,2026-09-19T10:50:00.000Z,2641.48,2642.01,2638.79,2641.77,886.21,
1789815300000,2026-09-19T10:55:00.000Z,2641.77,2642.63,2636.53,2637.36,1560.72,
1789815600000,2026-09-19T11:00:00.000Z,2637.36,2641.83,2636.89,2639.78,1687.1,
1789815900000,2026-09-19T11:05:00.000Z,2639.78,2641.97,2638.69,2641.97,741.43,
1789816200000,2026-09-19T11:10:00.000Z,2641.97,2641.97,2636.8,2637.01,1559.9,
1789816500000,2026-09-19T11:15:00.000Z,2637.01,2639.65,2635.46,2638.22,1960.53,
1789816800000,2026-09-19T11:20:00.000Z,2638.22,2641.84,2638.22,2641.67,567.27,
1789817100000,2026-09-19T11:25:00.000Z,2641.67,2641.67,2637.2,2637.59,999.77,
1789817400000,2026-09-19T11:30:00.000Z,2637.59,2638.68,2634.98,2637.22,2344.24,
1789817700000,2026-09-19T11:35:00.000Z,2637.22,2639.53,2636.6,2638.99,386.75,
1789818000000,2026-09-19T11:40:00.000Z,2638.99,2639.13,2637.31,2638.31,1978.6,
1789818300000,2026-09-19T11:45:00.000Z,2638.31,2639.99,2637.8,2639,370.65,
1789818600000,2026-09-19T11:50:00.000Z,2639,2640.08,2638.48,2639.62,277.93,
1789818900000,2026-09-19T11:55:00.000Z,2639.62,2640.34,2638.15,2638.65,349.59,
1789819200000,2026-09-19T12:00:00.000Z,2638.65,2640.46,2635.6,2639.9,3321.77,
1789819500000,2026-09-19T12:05:00.000Z,2639.9,2641.86,2638.83,2639.81,1464.62,
1789819800000,2026-09-19T12:10:00.000Z,2639.81,2641.46,2639.48,2641.21,698.75,
1789820100000,2026-09-19T12:15:00.000Z,2641.21,2643.18,2640,2640.16,1248.11,
1789820400000,2026-09-19T12:20:00.000Z,2640.16,2640.63,2638.64,2639.18,379.48,
1789820700000,2026-09-19T12:25:00.000Z,2639.18,2642.59,2639.11,2639.78,387.09,
1789821000000,2026-09-19T12:30:00.000Z,2639.78,2641.68,2639.06,2641.68,304.94,
1789821300000,2026-09-19T12:35:00.000Z,2641.68,2642.23,2638.85,2640.04,139.32,
1789821600000,2026-09-19T12:40:00.000Z,2640.04,2640.3,2638.38,2638.87,436.97,
1789821900000,2026-09-19T12:45:00.000Z,2638.87,2639.63,2636.59,2639.27,1054.73,
1789822200000,2026-09-19T12:50:00.000Z,2639.27,2642.35,2638.67,2641.09,1110.47,
1789822500000,2026-09-19T12:55:00.000Z,2641.09,2641.72,2640.02,2640.97,283.81,
1789822800000,2026-09-19T13:00:00.000Z,2640.97,2642.44,2639.19,2642,1202.72,
1789823100000,2026-09-19T13:05:00.000Z,2642,2642.45,2636.4,2637.5,3095.02,
1789823400000,2026-09-19T13:10:00.000Z,2637.5,2638.27,2632.32,2636.47,5210.68,
1789823700000,2026-09-19T13:15:00.000Z,2636.47,2641,2636.46,2637.63,2478.42,
1789824000000,2026-09-19T13:20:00.000Z,2637.63,2637.67,2634.52,2636.02,2957.18,
1789824300000,2026-09-19T13:25:00.000Z,2636.02,2636.02,2632.01,2633.44,1740.45,
1789824600000,2026-09-19T13:30:00.000Z,2633.44,2636.09,2627.89,2636.09,4615.82,
1789824900000,2026-09-19T13:35:00.000Z,2636.09,2636.99,2634.03,2636.45,1415.78,
1789825200000,2026-09-19T13:40:00.000Z,2636.45,2636.53,2633.2,2634.28,3136.32,
1789825500000,2026-09-19T13:45:00.000Z,2634.28,2634.68,2633.2,2633.55,700.81,
1789825800000,2026-09-19T13:50:00.000Z,2633.55,2636.36,2632.29,2635.93,1382.83,
1789826100000,2026-09-19T13:55:00.000Z,2635.93,2638.02,2634.82,2637.41,763.29,
1789826400000,2026-09-19T14:00:00.000Z,2637.41,2639.42,2636.53,2639.2,863.81,
1789826700000,2026-09-19T14:05:00.000Z,2639.2,2641.22,2637.67,2638.02,1723.91,
1789827000000,2026-09-19T14:10:00.000Z,2638.02,2638.86,2635.29,2637.27,771.48,
1789827300000,2026-09-19T14:15:00.000Z,2637.27,2640.38,2637.27,2639.77,611.41,
1789827600000,2026-09-19T14:20:00.000Z,2639.77,2642.58,2639.53,2641.24,1067.38,
1789827900000,2026-09-19T14:25:00.000Z,2641.24,2642.8,2640.88,2642.77,775.37,
1789828200000,2026-09-19T14:30:00.000Z,2642.77,2642.77,2638.55,2640.41,6696.48,
1789828500000,2026-09-19T14:35:00.000Z,2640.41,2640.59,2634.15,2636.37,1257.79,
1789828800000,2026-09-19T14:40:00.000Z,2636.37,2638.45,2635.93,2637.69,461.69,
1789829100000,2026-09-19T14:45:00.000Z,2637.69,2640.64,2636.8,2637.73,389.15,
1789829400000,2026-09-19T14:50:00.000Z,2637.73,2638.09,2636,2636,439.51,
1789829700000,2026-09-19T14:55:00.000Z,2636,2638.13,2635.11,2637.49,1010.37,
1789830000000,2026-09-19T15:00:00.000Z,2637.49,2642.1,2637.26,2641.01,684.25,
1789830300000,2026-09-19T15:05:00.000Z,2641.01,2643.7,2641.01,2643.06,1079.14,
1789830600000,2026-09-19T15:10:00.000Z,2643.06,2643.55,2639.03,2641.23,1881.9,
1789830900000,2026-09-19T15:15:00.000Z,2641.23,2643.81,2639.6,2639.62,847.64,
1789831200000,2026-09-19T15:20:00.000Z,2639.62,2641.34,2639.34,2641,490.2,
1789831500000,2026-09-19T15:25:00.000Z,2641,2641.08,2636.2,2636.47,961.51,
1789831800000,2026-09-19T15:30:00.000Z,2636.47,2639.27,2636.47,2639.05,594.16,
1789832100000,2026-09-19T15:35:00.000Z,2639.05,2641,2638.87,2640.49,324.92,
1789832400000,2026-09-19T15:40:00.000Z,2640.49,2652.52,2640.49,2647.73,11988.76,
1789832700000,2026-09-19T15:45:00.000Z,2647.73,2647.88,2642.12,2643.02,2786.21,
1789833000000,2026-09-19T15:50:00.000Z,2643.02,2646.62,2642.93,2642.93,837.1,
1789833300000,2026-09-19T15:55:00.000Z,2642.93,2642.93,2638.92,2639.93,3646.72,
1789833600000,2026-09-19T16:00:00.000Z,2639.93,2640.56,2634.79,2635.17,2985.52,
1789833900000,2026-09-19T16:05:00.000Z,2635.17,2642.85,2634.79,2640.6,1758.81,
1789834200000,2026-09-19T16:10:00.000Z,2640.6,2645.85,2639.05,2643.79,2689.91,
1789834500000,2026-09-19T16:15:00.000Z,2643.79,2644.97,2641.64,2644.36,475.51,
1789834800000,2026-09-19T16:20:00.000Z,2644.36,2649.49,2643.21,2648.43,2115.36,
1789835100000,2026-09-19T16:25:00.000Z,2648.43,2649.42,2646.29,2646.54,2541.69,
1789835400000,2026-09-19T16:30:00.000Z,2646.54,2650.78,2646.49,2649.53,1364.66,
1789835700000,2026-09-19T16:35:00.000Z,2649.53,2650.14,2645.62,2646.59,1641.22,
1789836000000,2026-09-19T16:40:00.000Z,2646.59,2648.63,2645.45,2646.37,677.99,
1789836300000,2026-09-19T16:45:00.000Z,2646.37,2646.53,2645.03,2646.23,530.13,
1789836600000,2026-09-19T16:50:00.000Z,2646.23,2647.71,2645.29,2647.69,325.06,
1789836900000,2026-09-19T16:55:00.000Z,2647.69,2649.86,2647.69,2648.88,1174.96,
1789837200000,2026-09-19T17:00:00.000Z,2648.88,2649.35,2647.25,2649.34,1954.87,
1789837500000,2026-09-19T17:05:00.000Z,2649.34,2654.6,2649.34,2651.1,2520.61,
1789837800000,2026-09-19T17:10:00.000Z,2651.1,2652.74,2648.2,2648.68,4110.15,
1789838100000,2026-09-19T17:15:00.000Z,2648.68,2669.55,2648.1,2653,20005.62,
1789838400000,2026-09-19T17:20:00.000Z,2653,2657.58,2644,2644.2,4344.54,
1789838700000,2026-09-19T17:25:00.000Z,2644.2,2647.32,2641.12,2645.71,5169.23,
1789839000000,2026-09-19T17:30:00.000Z,2645.71,2649.94,2644.74,2646.89,3678.79,
1789839300000,2026-09-19T17:35:00.000Z,2646.89,2646.9,2641.2,2642.98,2126.5,
1789839600000,2026-09-19T17:40:00.000Z,2642.98,2647.49,2642.93,2645.93,1353.87,
1789839900000,2026-09-19T17:45:00.000Z,2645.93,2648.38,2645.93,2647.04,818.6,
1789840200000,2026-09-19T17:50:00.000Z,2647.04,2647.04,2643.94,2644.95,844.85,
1789840500000,2026-09-19T17:55:00.000Z,2644.95,2646.67,2644.49,2644.49,694.03,
1789840800000,2026-09-19T18:00:00.000Z,2644.49,2646.55,2642.89,2644.56,1593.44,
1789841100000,2026-09-19T18:05:00.000Z,2644.56,2646.58,2640.28,2643.5,987.14,
1789841400000,2026-09-19T18:10:00.000Z,2643.5,2643.5,2635.66,2637.07,2925.04,
1789841700000,2026-09-19T18:15:00.000Z,2637.07,2640.42,2634.14,2639.23,1353.03,
1789842000000,2026-09-19T18:20:00.000Z,2639.23,2642.6,2638.48,2639.95,416.86,
1789842300000,2026-09-19T18:25:00.000Z,2639.95,2640.49,2639.58,2640,1446.88,
1789842600000,2026-09-19T18:30:00.000Z,2640,2640,2634.13,2638.74,4353.83,
1789842900000,2026-09-19T18:35:00.000Z,2638.74,2643.62,2638.19,2642.13,674.77,
1789843200000,2026-09-19T18:40:00.000Z,2642.13,2643,2640.39,2640.4,298.06,
1789843500000,2026-09-19T18:45:00.000Z,2640.4,2641.08,2637,2638.11,978.91,
1789843800000,2026-09-19T18:50:00.000Z,2638.11,2638.48,2635.4,2636.44,675.3,
1789844100000,2026-09-19T18:55:00.000Z,2636.44,2638.18,2635.3,2637.63,1432.93,
1789844400000,2026-09-19T19:00:00.000Z,2637.63,2639.77,2637.63,2639.41,375.31,
1789844700000,2026-09-19T19:05:00.000Z,2639.41,2639.41,2632.56,2635.57,892.82,
1789845000000,2026-09-19T19:10:00.000Z,2635.57,2636.43,2633.01,2633.52,457.1,
1789845300000,2026-09-19T19:15:00.000Z,2633.52,2635.25,2630.73,2633.96,2319.59,
1789845600000,2026-09-19T19:20:00.000Z,2633.96,2637.18,2633.96,2636.01,431.4,
1789845900000,2026-09-19T19:25:00.000Z,2636.01,2637.38,2636,2636.12,767.57,
1789846200000,2026-09-19T19:30:00.000Z,2636.12,2637.54,2635.47,2637.34,528.2,
1789846500000,2026-09-19T19:35:00.000Z,2637.34,2637.34,2634.59,2635.99,343.27,
1789846800000,2026-09-19T19:40:00.000Z,2635.99,2637.5,2633.99,2634.34,172.18,
1789847100000,2026-09-19T19:45:00.000Z,2634.34,2636.92,2634.34,2635.83,945.23,
1789847400000,2026-09-19T19:50:00.000Z,2635.83,2636.02,2635.05,2635.05,105.19,
1789847700000,2026-09-19T19:55:00.000Z,2635.05,2635.59,2632,2633.99,2306.6,
1789848000000,2026-09-19T20:00:00.000Z,2633.99,2635.65,2632.31,2633.69,589.61,
1789848300000,2026-09-19T20:05:00.000Z,2633.69,2635.98,2633.35,2635.06,199.33,
1789848600000,2026-09-19T20:10:00.000Z,2635.06,2635.33,2632.61,2634.37,480.96,
1789848900000,2026-09-19T20:15:00.000Z,2634.37,2634.83,2631.41,2634.71,609.89,
1789849200000,2026-09-19T20:20:00.000Z,2634.71,2639.22,2634.25,2637.6,965.35,
1789849500000,2026-09-19T20:25:00.000Z,2637.6,2638.68,2633.85,2634.08,280.04,
1789849800000,2026-09-19T20:30:00.000Z,2634.08,2636.33,2634.01,2634.81,342.38,
1789850100000,2026-09-19T20:35:00.000Z,2634.81,2638.22,2634.81,2638.22,242.75,
1789850400000,2026-09-19T20:40:00.000Z,2638.22,2639.77,2637.94,2639.71,240.92,
1789850700000,2026-09-19T20:45:00.000Z,2639.71,2639.71,2634.19,2637.37,1778.99,
1789851000000,2026-09-19T20:50:00.000Z,2637.37,2637.44,2632.34,2634.39,518.45,
1789851300000,2026-09-19T20:55:00.000Z,2634.39,2635.35,2631.53,2634.85,861.28,
1789851600000,2026-09-19T21:00:00.000Z,2634.85,2638.07,2634.55,2636.07,788.82,
1789851900000,2026-09-19T21:05:00.000Z,2636.07,2636.79,2631,2631,536.01,
1789852200000,2026-09-19T21:10:00.000Z,2631,2631.08,2621.85,2623.42,5046.7,
1789852500000,2026-09-19T21:15:00.000Z,2623.42,2626.46,2620.77,2622.64,1885.29,
1789852800000,2026-09-19T21:20:00.000Z,2622.64,2625.53,2616.73,2624.61,7965.3,
1789853100000,2026-09-19T21:25:00.000Z,2624.61,2627.78,2624.46,2626.49,2738.79,
1789853400000,2026-09-19T21:30:00.000Z,2626.49,2627.3,2623.52,2623.81,1027.66,
1789853700000,2026-09-19T21:35:00.000Z,2623.81,2624.7,2619.19,2624.61,937.88,
1789854000000,2026-09-19T21:40:00.000Z,2624.61,2624.99,2620.66,2623.14,283.34,
1789854300000,2026-09-19T21:45:00.000Z,2623.14,2626.48,2623,2626.48,449.21,
1789854600000,2026-09-19T21:50:00.000Z,2626.48,2627.82,2625.28,2627.06,1057.83,
1789854900000,2026-09-19T21:55:00.000Z,2627.06,2628.62,2626.32,2626.32,505.23,
1789855200000,2026-09-19T22:00:00.000Z,2626.32,2626.77,2619.4,2620.55,1484.37,
1789855500000,2026-09-19T22:05:00.000Z,2620.55,2624.59,2620.55,2623.97,580.49,
1789855800000,2026-09-19T22:10:00.000Z,2623.97,2624.18,2618.72,2618.72,3548.77,
1789856100000,2026-09-19T22:15:00.000Z,2618.72,2622.83,2618.48,2619.66,499.11,
1789856400000,2026-09-19T22:20:00.000Z,2619.66,2621.93,2618.11,2620.76,560.76,
1789856700000,2026-09-19T22:25:00.000Z,2620.76,2622.26,2619.8,2621.2,367.83,
1789857000000,2026-09-19T22:30:00.000Z,2621.2,2623.24,2620.81,2621.96,298.82,
1789857300000,2026-09-19T22:35:00.000Z,2621.96,2628.35,2621.96,2628.35,1667.64,
1789857600000,2026-09-19T22:40:00.000Z,2628.35,2628.46,2626.29,2628.35,2822.38,
1789857900000,2026-09-19T22:45:00.000Z,2628.35,2629.27,2627.46,2628.3,486.95,
1789858200000,2026-09-19T22:50:00.000Z,2628.3,2630.38,2627.27,2629.95,743.5,
1789858500000,2026-09-19T22:55:00.000Z,2629.95,2630.55,2628.87,2629.73,599.65,
1789858800000,2026-09-19T23:00:00.000Z,2629.73,2631.25,2629.28,2630.17,628.76,
1789859100000,2026-09-19T23:05:00.000Z,2630.17,2631.73,2630.16,2630.52,1012.52,
1789859400000,2026-09-19T23:10:00.000Z,2630.52,2635.26,2630.52,2635.02,1904.57,
1789859700000,2026-09-19T23:15:00.000Z,2635.02,2636.54,2632.47,2633.54,2471.45,
1789860000000,2026-09-19T23:20:00.000Z,2633.54,2633.54,2628.92,2629.4,642.74,
1789860300000,2026-09-19T23:25:00.000Z,2629.4,2631.61,2628.22,2631.34,597.52,
1789860600000,2026-09-19T23:30:00.000Z,2631.34,2634.76,2630.05,2634.06,398.97,
1789860900000,2026-09-19T23:35:00.000Z,2634.06,2636.46,2632.75,2633.94,1403.64,
1789861200000,2026-09-19T23:40:00.000Z,2633.94,2634.05,2632.42,2633.75,186.28,
1789861500000,2026-09-19T23:45:00.000Z,2633.75,2634.8,2632.98,2633.45,406.7,
1789861800000,2026-09-19T23:50:00.000Z,2633.45,2634.18,2632.17,2632.97,275.57,
1789862100000,2026-09-19T23:55:00.000Z,2632.97,2632.97,2631.1,2631.51,750.11,
1789862400000,2026-09-20T00:00:00.000Z,2631.51,2631.8,2626.85,2627.15,1486.77,
1789862700000,2026-09-20T00:05:00.000Z,2627.15,2627.15,2625.44,2626.57,403.66,
1789863000000,2026-09-20T00:10:00.000Z,2626.57,2629.03,2626.57,2629.02,825.87,
1789863300000,2026-09-20T00:15:00.000Z,2629.02,2630.67,2627.27,2628.84,1065.04,
1789863600000,2026-09-20T00:20:00.000Z,2628.84,2629.04,2625.72,2626.41,225.6,
1789863900000,2026-09-20T00:25:00.000Z,2626.41,2628.58,2625.44,2628.1,782.62,
1789864200000,2026-09-20T00:30:00.000Z,2628.1,2630.72,2625.89,2629.65,1178.08,
1789864500000,2026-09-20T00:35:00.000Z,2629.65,2630.32,2626.51,2629.01,567.11,
1789864800000,2026-09-20T00:40:00.000Z,2629.01,2630.31,2628.69,2629.66,1152.55,
1789865100000,2026-09-20T00:45:00.000Z,2629.66,2629.66,2626.81,2627.32,331.28,
1789865400000,2026-09-20T00:50:00.000Z,2627.32,2628.24,2626.96,2627.15,100.71,
1789865700000,2026-09-20T00:55:00.000Z,2627.15,2627.15,2624.8,2626.3,1265.94,
1789866000000,2026-09-20T01:00:00.000Z,2626.3,2626.52,2623.55,2623.7,708.5,
1789866300000,2026-09-20T01:05:00.000Z,2623.7,2625.41,2622.79,2622.79,438.78,
1789866600000,2026-09-20T01:10:00.000Z,2622.79,2622.79,2619.35,2619.93,1478.89,
1789866900000,2026-09-20T01:15:00.000Z,2619.93,2624.1,2619.28,2623.7,1051.41,
1789867200000,2026-09-20T01:20:00.000Z,2623.7,2625.2,2622.9,2623.3,1065.14,
1789867500000,2026-09-20T01:25:00.000Z,2623.3,2623.3,2620.02,2620.3,597.86,
1789867800000,2026-09-20T01:30:00.000Z,2620.3,2620.74,2617.72,2617.73,5298.29,
1789868100000,2026-09-20T01:35:00.000Z,2617.73,2618.28,2612.45,2617.85,4059.85,
1789868400000,2026-09-20T01:40:00.000Z,2617.85,2619.01,2617.04,2618.13,2368.68,
1789868700000,2026-09-20T01:45:00.000Z,2618.13,2619.59,2614.82,2618.2,2637.94,
1789869000000,2026-09-20T01:50:00.000Z,2618.2,2618.9,2617.48,2618.68,300.51,
1789869300000,2026-09-20T01:55:00.000Z,2618.68,2619.47,2617.7,2618.59,559.61,
1789869600000,2026-09-20T02:00:00.000Z,2618.59,2621.82,2617.38,2619.11,854.96,
1789869900000,2026-09-20T02:05:00.000Z,2619.11,2619.97,2617.16,2619.24,468.27,
1789870200000,2026-09-20T02:10:00.000Z,2619.24,2622,2619.18,2621.87,1332.19,
1789870500000,2026-09-20T02:15:00.000Z,2621.87,2623.59,2615.48,2618.72,1863.33,
1789870800000,2026-09-20T02:20:00.000Z,2618.72,2619.21,2614.33,2614.51,513.31,
1789871100000,2026-09-20T02:25:00.000Z,2614.51,2614.9,2612.81,2613.23,2220.22,
1789871400000,2026-09-20T02:30:00.000Z,2613.23,2614.57,2608.42,2608.86,5758.49,
1789871700000,2026-09-20T02:35:00.000Z,2608.86,2610.25,2606,2606.01,4072.57,
1789872000000,2026-09-20T02:40:00.000Z,2606.01,2607.32,2585.95,2588.49,17584.6,
1789872300000,2026-09-20T02:45:00.000Z,2588.49,2599.09,2585.56,2592.58,13398.41,
1789872600000,2026-09-20T02:50:00.000Z,2592.58,2595.54,2583.54,2585.28,5437.08,