timestamp,datetime,open,high,low,close,volume,quoteVolume
1788262740000,2026-09-01T11:39:00.000Z,1.3826,1.3868,1.3825,1.3863,1015972,
1788262920000,2026-09-01T11:42:00.000Z,1.3863,1.3868,1.3827,1.3834,643612,
1788263100000,2026-09-01T11:45:00.000Z,1.3834,1.3843,1.3822,1.3829,87218,
1788263280000,2026-09-01T11:48:00.000Z,1.3829,1.3844,1.381,1.3844,675283,
1788263460000,2026-09-01T11:51:00.000Z,1.3844,1.3865,1.3842,1.3854,2175440,
1788263640000,2026-09-01T11:54:00.000Z,1.3854,1.387,1.3808,1.3811,1705960,
1788263820000,2026-09-01T11:57:00.000Z,1.3811,1.3816,1.3803,1.3816,256401,
1788264000000,2026-09-01T12:00:00.000Z,1.3816,1.3821,1.3766,1.3805,1322545,
1788264180000,2026-09-01T12:03:00.000Z,1.3805,1.3814,1.3798,1.3798,234860,
1788264360000,2026-09-01T12:06:00.000Z,1.3798,1.3826,1.3788,1.3823,333335,
1788264540000,2026-09-01T12:09:00.000Z,1.3823,1.3831,1.3795,1.3807,647520,
1788264720000,2026-09-01T12:12:00.000Z,1.3807,1.3807,1.3781,1.379,365275,
1788264900000,2026-09-01T12:15:00.000Z,1.379,1.3824,1.379,1.3821,119595,
1788265080000,2026-09-01T12:18:00.000Z,1.3821,1.3821,1.3783,1.3793,192952,
1788265260000,2026-09-01T12:21:00.000Z,1.3793,1.3799,1.3782,1.3791,344935,
1788265440000,2026-09-01T12:24:00.000Z,1.3791,1.3801,1.378,1.38,84872,
1788265620000,2026-09-01T12:27:00.000Z,1.38,1.3803,1.3786,1.3786,77673,
1788265800000,2026-09-01T12:30:00.000Z,1.3786,1.3786,1.3748,1.3765,265825,
1788265980000,2026-09-01T12:33:00.000Z,1.3765,1.3767,1.3732,1.3741,137634,
1788266160000,2026-09-01T12:36:00.000Z,1.3741,1.3748,1.3691,1.372,801117,
1788266340000,2026-09-01T12:39:00.000Z,1.372,1.3737,1.3697,1.3734,331013,
1788266520000,2026-09-01T12:42:00.000Z,1.3734,1.375,1.3732,1.375,186635,
1788266700000,2026-09-01T12:45:00.000Z,1.375,1.375,1.3724,1.3739,1972083,
1788266880000,2026-09-01T12:48:00.000Z,1.3739,1.3746,1.3706,1.3708,283400,
1788267060000,2026-09-01T12:51:00.000Z,1.3708,1.3725,1.3702,1.3715,743654,
1788267240000,2026-09-01T12:54:00.000Z,1.3715,1.3738,1.3713,1.3722,673512,
1788267420000,2026-09-01T12:57:00.000Z,1.3722,1.3722,1.3683,1.3688,1417849,
1788267600000,2026-09-01T13:00:00.000Z,1.3688,1.3697,1.3633,1.3636,1249399,
1788267780000,2026-09-01T13:03:00.000Z,1.3636,1.3658,1.362,1.3654,1037725,
1788267960000,2026-09-01T13:06:00.000Z,1.3654,1.3667,1.3558,1.3667,3650900,
1788268140000,2026-09-01T13:09:00.000Z,1.3667,1.3668,1.3598,1.3629,1265302,
1788268320000,2026-09-01T13:12:00.000Z,1.3629,1.3641,1.3616,1.363,308780,
1788268500000,2026-09-01T13:15:00.000Z,1.363,1.3658,1.3623,1.365,115844,
1788268680000,2026-09-01T13:18:00.000Z,1.365,1.3653,1.3627,1.3649,481945,
1788268860000,2026-09-01T13:21:00.000Z,1.3649,1.3659,1.3642,1.3659,317023,
1788269040000,2026-09-01T13:24:00.000Z,1.3659,1.3683,1.3653,1.3671,306500,
1788269220000,2026-09-01T13:27:00.000Z,1.3671,1.3681,1.365,1.367,250863,
1788269400000,2026-09-01T13:30:00.000Z,1.367,1.3718,1.367,1.3706,645859,
1788269580000,2026-09-01T13:33:00.000Z,1.3706,1.3713,1.3692,1.3704,415742,
1788269760000,2026-09-01T13:36:00.000Z,1.3704,1.3704,1.3624,1.363,996522,
1788269940000,2026-09-01T13:39:00.000Z,1.363,1.3655,1.3615,1.3637,572317,
1788270120000,2026-09-01T13:42:00.000Z,1.3637,1.3706,1.3632,1.3691,460715,
1788270300000,2026-09-01T13:45:00.000Z,1.3691,1.3753,1.3679,1.3738,946271,
1788270480000,2026-09-01T13:48:00.000Z,1.3738,1.3769,1.3725,1.3755,693223,
1788270660000,2026-09-01T13:51:00.000Z,1.3755,1.3762,1.3715,1.3738,733890,
1788270840000,2026-09-01T13:54:00.000Z,1.3738,1.3743,1.3725,1.3734,90886,
1788271020000,2026-09-01T13:57:00.000Z,1.3734,1.3753,1.3716,1.3748,414083,
1788271200000,2026-09-01T14:00:00.000Z,1.3748,1.3783,1.3731,1.376,607750,
1788271380000,2026-09-01T14:03:00.000Z,1.376,1.3772,1.3742,1.3756,452316,
1788271560000,2026-09-01T14:06:00.000Z,1.3756,1.3808,1.3756,1.3806,919222,
1788271740000,2026-09-01T14:09:00.000Z,1.3806,1.382,1.3784,1.3788,391970,
1788271920000,2026-09-01T14:12:00.000Z,1.3788,1.3788,1.3765,1.3768,395097,
1788272100000,2026-09-01T14:15:00.000Z,1.3768,1.3806,1.3765,1.3781,378500,
1788272280000,2026-09-01T14:18:00.000Z,1.3781,1.3781,1.3749,1.3774,276828,
1788272460000,2026-09-01T14:21:00.000Z,1.3774,1.3781,1.3759,1.377,675740,
1788272640000,2026-09-01T14:24:00.000Z,1.377,1.381,1.3769,1.3796,212201,
1788272820000,2026-09-01T14:27:00.000Z,1.3796,1.3797,1.3763,1.3763,239204,
1788273000000,2026-09-01T14:30:00.000Z,1.3763,1.3772,1.3746,1.3756,162097,
1788273180000,2026-09-01T14:33:00.000Z,1.3756,1.3796,1.3744,1.3775,299088,
1788273360000,2026-09-01T14:36:00.000Z,1.3775,1.3803,1.3775,1.3784,101469,
1788273540000,2026-09-01T14:39:00.000Z,1.3784,1.3796,1.3774,1.3783,144394,
1788273720000,2026-09-01T14:42:00.000Z,1.3783,1.3814,1.3783,1.3814,310684,
1788273900000,2026-09-01T14:45:00.000Z,1.3814,1.3822,1.3802,1.3815,194779,
1788274080000,2026-09-01T14:48:00.000Z,1.3815,1.3834,1.3792,1.3792,436596,
1788274260000,2026-09-01T14:51:00.000Z,1.3792,1.38,1.377,1.3795,307120,
1788274440000,2026-09-01T14:54:00.000Z,1.3795,1.3795,1.3753,1.3783,336684,
1788274620000,2026-09-01T14:57:00.000Z,1.3783,1.3787,1.3765,1.3777,145481,
1788274800000,2026-09-01T15:00:00.000Z,1.3777,1.3778,1.3685,1.3697,984190,
1788274980000,2026-09-01T15:03:00.000Z,1.3697,1.3723,1.3666,1.3668,937606,
1788275160000,2026-09-01T15:06:00.000Z,1.3668,1.3701,1.3659,1.3677,578569,
1788275340000,2026-09-01T15:09:00.000Z,1.3677,1.3695,1.3669,1.3681,221002,
1788275520000,2026-09-01T15:12:00.000Z,1.3681,1.3704,1.3668,1.3697,156257,
1788275700000,2026-09-01T15:15:00.000Z,1.3697,1.3709,1.368,1.3687,155450,
1788275880000,2026-09-01T15:18:00.000Z,1.3687,1.3717,1.3686,1.3705,170625,
1788276060000,2026-09-01T15:21:00.000Z,1.3705,1.3714,1.3698,1.3699,222381,
1788276240000,2026-09-01T15:24:00.000Z,1.3699,1.3706,1.369,1.3695,83491,
1788276420000,2026-09-01T15:27:00.000Z,1.3695,1.3718,1.3689,1.3714,103895,
1788276600000,2026-09-01T15:30:00.000Z,1.3714,1.3722,1.3696,1.3715,131044,
1788276780000,2026-09-01T15:33:00.000Z,1.3715,1.3755,1.3715,1.3755,252743,
1788276960000,2026-09-01T15:36:00.000Z,1.3755,1.3769,1.3738,1.3762,376122,
1788277140000,2026-09-01T15:39:00.000Z,1.3762,1.3769,1.3753,1.3764,34621,
1788277320000,2026-09-01T15:42:00.000Z,1.3764,1.3792,1.3755,1.3789,478524,
1788277500000,2026-09-01T15:45:00.000Z,1.3789,1.3793,1.3784,1.3789,185932,
1788277680000,2026-09-01T15:48:00.000Z,1.3789,1.3803,1.3786,1.3801,227016,
1788277860000,2026-09-01T15:51:00.000Z,1.3801,1.3814,1.3794,1.3796,156015,
1788278040000,2026-09-01T15:54:00.000Z,1.3796,1.3799,1.3785,1.3787,145945,
1788278220000,2026-09-01T15:57:00.000Z,1.3787,1.3789,1.3768,1.3772,133536,
1788278400000,2026-09-01T16:00:00.000Z,1.3772,1.3781,1.3735,1.3739,842248,
1788278580000,2026-09-01T16:03:00.000Z,1.3739,1.3773,1.3735,1.3765,103934,
1788278760000,2026-09-01T16:06:00.000Z,1.3765,1.3767,1.3734,1.3745,36256,
1788278940000,2026-09-01T16:09:00.000Z,1.3745,1.3749,1.3715,1.3729,113604,
1788279120000,2026-09-01T16:12:00.000Z,1.3729,1.373,1.3692,1.3692,126456,
1788279300000,2026-09-01T16:15:00.000Z,1.3692,1.3726,1.3691,1.3697,105878,
1788279480000,2026-09-01T16:18:00.000Z,1.3697,1.37,1.367,1.3671,400629,
1788279660000,2026-09-01T16:21:00.000Z,1.3671,1.3678,1.3619,1.3633,1139831,
1788279840000,2026-09-01T16:24:00.000Z,1.3633,1.3662,1.3625,1.3645,921068,
1788280020000,2026-09-01T16:27:00.000Z,1.3645,1.3668,1.3645,1.3656,335822,
1788280200000,2026-09-01T16:30:00.000Z,1.3656,1.3656,1.3614,1.3641,229954,
1788280380000,2026-09-01T16:33:00.000Z,1.3641,1.3652,1.3615,1.3621,229184,
1788280560000,2026-09-01T16:36:00.000Z,1.3621,1.3621,1.3567,1.362,1437991,
1788280740000,2026-09-01T16:39:00.000Z,1.362,1.366,1.362,1.3658,587701,
1788280920000,2026-09-01T16:42:00.000Z,1.3658,1.367,1.3613,1.3621,204198,
1788281100000,2026-09-01T16:45:00.000Z,1.3621,1.3656,1.3621,1.3646,179601,
1788281280000,2026-09-01T16:48:00.000Z,1.3646,1.366,1.3637,1.366,412022,
1788281460000,2026-09-01T16:51:00.000Z,1.366,1.367,1.3654,1.3663,133452,
1788281640000,2026-09-01T16:54:00.000Z,1.3663,1.3679,1.3646,1.3651,533312,
1788281820000,2026-09-01T16:57:00.000Z,1.3651,1.3674,1.3648,1.3649,84808,
1788282000000,2026-09-01T17:00:00.000Z,1.3649,1.368,1.3644,1.3669,424564,
1788282180000,2026-09-01T17:03:00.000Z,1.3669,1.3675,1.3649,1.3657,144254,
1788282360000,2026-09-01T17:06:00.000Z,1.3657,1.3657,1.3643,1.3645,229446,
1788282540000,2026-09-01T17:09:00.000Z,1.3645,1.3658,1.3642,1.3649,59286,
1788282720000,2026-09-01T17:12:00.000Z,1.3649,1.3654,1.3641,1.3641,75705,
1788282900000,2026-09-01T17:15:00.000Z,1.3641,1.365,1.3628,1.3639,218928,
1788283080000,2026-09-01T17:18:00.000Z,1.3639,1.3693,1.3638,1.3692,216258,
1788283260000,2026-09-01T17:21:00.000Z,1.3692,1.3702,1.3675,1.3684,513576,
1788283440000,2026-09-01T17:24:00.000Z,1.3684,1.3701,1.3666,1.3666,255305,
1788283620000,2026-09-01T17:27:00.000Z,1.3666,1.3695,1.3666,1.3687,80173,
1788283800000,2026-09-01T17:30:00.000Z,1.3687,1.3711,1.3682,1.3688,83409,
1788283980000,2026-09-01T17:33:00.000Z,1.3688,1.3724,1.3688,1.3713,192357,
1788284160000,2026-09-01T17:36:00.000Z,1.3713,1.3719,1.3694,1.3698,212944,
1788284340000,2026-09-01T17:39:00.000Z,1.3698,1.3729,1.3693,1.3707,437192,
1788284520000,2026-09-01T17:42:00.000Z,1.3707,1.3718,1.369,1.369,36072,
1788284700000,2026-09-01T17:45:00.000Z,1.369,1.37,1.364,1.3654,823562,
1788284880000,2026-09-01T17:48:00.000Z,1.3654,1.3679,1.3644,1.3673,110231,
1788285060000,2026-09-01T17:51:00.000Z,1.3673,1.3675,1.3626,1.3627,762656,
1788285240000,2026-09-01T17:54:00.000Z,1.3627,1.3637,1.3607,1.3618,430577,
1788285420000,2026-09-01T17:57:00.000Z,1.3618,1.3629,1.3602,1.362,393237,
1788285600000,2026-09-01T18:00:00.000Z,1.362,1.3645,1.3615,1.3639,328616,
1788285780000,2026-09-01T18:03:00.000Z,1.3639,1.3639,1.3606,1.361,190282,
1788285960000,2026-09-01T18:06:00.000Z,1.361,1.3611,1.3575,1.358,403122,
1788286140000,2026-09-01T18:09:00.000Z,1.358,1.3593,1.3549,1.3572,1660944,
1788286320000,2026-09-01T18:12:00.000Z,1.3572,1.3596,1.3571,1.3588,266481,
1788286500000,2026-09-01T18:15:00.000Z,1.3588,1.3591,1.3543,1.3545,314380,
1788286680000,2026-09-01T18:18:00.000Z,1.3545,1.3559,1.353,1.3552,469564,
1788286860000,2026-09-01T18:21:00.000Z,1.3552,1.3557,1.3543,1.3543,220413,
1788287040000,2026-09-01T18:24:00.000Z,1.3543,1.3544,1.3502,1.3511,734107,
1788287220000,2026-09-01T18:27:00.000Z,1.3511,1.3515,1.3432,1.3506,3088913,
1788287400000,2026-09-01T18:30:00.000Z,1.3506,1.353,1.3485,1.3495,391615,
1788287580000,2026-09-01T18:33:00.000Z,1.3495,1.3498,1.347,1.3472,927802,
1788287760000,2026-09-01T18:36:00.000Z,1.3472,1.3472,1.3421,1.3431,1982561,
1788287940000,2026-09-01T18:39:00.000Z,1.3431,1.3467,1.3409,1.3448,597886,
1788288120000,2026-09-01T18:42:00.000Z,1.3448,1.3448,1.3398,1.3399,779708,
1788288300000,2026-09-01T18:45:00.000Z,1.3399,1.3428,1.3374,1.3424,655390,
1788288480000,2026-09-01T18:48:00.000Z,1.3424,1.3513,1.3415,1.3507,1562477,
1788288660000,2026-09-01T18:51:00.000Z,1.3507,1.3543,1.35,1.3542,623499,
1788288840000,2026-09-01T18:54:00.000Z,1.3542,1.3548,1.3508,1.3543,361206,
1788289020000,2026-09-01T18:57:00.000Z,1.3543,1.3555,1.3536,1.3553,246131,
1788289200000,2026-09-01T19:00:00.000Z,1.3553,1.3589,1.3545,1.3565,434332,
1788289380000,2026-09-01T19:03:00.000Z,1.3565,1.3604,1.3559,1.3585,427969,
1788289560000,2026-09-01T19:06:00.000Z,1.3585,1.3587,1.3541,1.3544,173070,
1788289740000,2026-09-01T19:09:00.000Z,1.3544,1.3561,1.3539,1.3548,140427,
1788289920000,2026-09-01T19:12:00.000Z,1.3548,1.355,1.3536,1.354,174654,
1788290100000,2026-09-01T19:15:00.000Z,1.354,1.3582,1.3531,1.3559,265322,
1788290280000,2026-09-01T19:18:00.000Z,1.3559,1.3588,1.3554,1.3583,342657,
1788290460000,2026-09-01T19:21:00.000Z,1.3583,1.3631,1.357,1.3619,200343,
1788290640000,2026-09-01T19:24:00.000Z,1.3619,1.362,1.3589,1.3619,426130,
1788290820000,2026-09-01T19:27:00.000Z,1.3619,1.3636,1.3614,1.3627,413590,
1788291000000,2026-09-01T19:30:00.000Z,1.3627,1.3644,1.3618,1.3624,657747,
1788291180000,2026-09-01T19:33:00.000Z,1.3624,1.3626,1.3607,1.3626,214361,
1788291360000,2026-09-01T19:36:00.000Z,1.3626,1.3627,1.3585,1.3585,91066,
1788291540000,2026-09-01T19:39:00.000Z,1.3585,1.3597,1.3574,1.3587,132521,
1788291720000,2026-09-01T19:42:00.000Z,1.3587,1.359,1.3579,1.3586,49738,
1788291900000,2026-09-01T19:45:00.000Z,1.3586,1.3594,1.3567,1.3567,31551,
1788292080000,2026-09-01T19:48:00.000Z,1.3567,1.3576,1.3553,1.3556,721638,
1788292260000,2026-09-01T19:51:00.000Z,1.3556,1.3563,1.3526,1.3535,110094,
1788292440000,2026-09-01T19:54:00.000Z,1.3535,1.355,1.3528,1.3538,72250,
1788292620000,2026-09-01T19:57:00.000Z,1.3538,1.3559,1.3538,1.354,715635,
1788292800000,2026-09-01T20:00:00.000Z,1.354,1.3562,1.3496,1.3496,722440,
1788292980000,2026-09-01T20:03:00.000Z,1.3496,1.3521,1.3464,1.3505,450235,
1788293160000,2026-09-01T20:06:00.000Z,1.3505,1.3518,1.3491,1.3494,171350,
1788293340000,2026-09-01T20:09:00.000Z,1.3494,1.3512,1.3493,1.3505,161799,
1788293520000,2026-09-01T20:12:00.000Z,1.3505,1.3536,1.3501,1.3536,288431,
1788293700000,2026-09-01T20:15:00.000Z,1.3536,1.3547,1.3515,1.3523,108346,
1788293880000,2026-09-01T20:18:00.000Z,1.3523,1.356,1.3523,1.3549,471590,
1788294060000,2026-09-01T20:21:00.000Z,1.3549,1.3549,1.3512,1.3512,99575,
1788294240000,2026-09-01T20:24:00.000Z,1.3512,1.3515,1.3492,1.35,57160,
1788294420000,2026-09-01T20:27:00.000Z,1.35,1.3522,1.3484,1.3513,627180,
1788294600000,2026-09-01T20:30:00.000Z,1.3513,1.3525,1.3511,1.3525,36530,
1788294780000,2026-09-01T20:33:00.000Z,1.3525,1.354,1.3524,1.354,26097,
1788294960000,2026-09-01T20:36:00.000Z,1.354,1.3547,1.3517,1.3527,1586846,
1788295140000,2026-09-01T20:39:00.000Z,1.3527,1.3533,1.3493,1.3496,202662,
1788295320000,2026-09-01T20:42:00.000Z,1.3496,1.3502,1.349,1.349,276831,
1788295500000,2026-09-01T20:45:00.000Z,1.349,1.3496,1.3466,1.3474,489612,
1788295680000,2026-09-01T20:48:00.000Z,1.3474,1.3498,1.347,1.3493,945345,
1788295860000,2026-09-01T20:51:00.000Z,1.3493,1.3499,1.3475,1.3499,41809,
1788296040000,2026-09-01T20:54:00.000Z,1.3499,1.3528,1.3499,1.3528,41233,
1788296220000,2026-09-01T20:57:00.000Z,1.3528,1.3538,1.3522,1.3537,76412,
1788296400000,2026-09-01T21:00:00.000Z,1.3537,1.355,1.3503,1.3524,1233779,
1788296580000,2026-09-01T21:03:00.000Z,1.3524,1.3528,1.3476,1.3483,728234,
1788296760000,2026-09-01T21:06:00.000Z,1.3483,1.3485,1.3462,1.3471,167563,
1788296940000,2026-09-01T21:09:00.000Z,1.3471,1.3473,1.3421,1.3424,757691,
1788297120000,2026-09-01T21:12:00.000Z,1.3424,1.3432,1.3412,1.3426,489106,
1788297300000,2026-09-01T21:15:00.000Z,1.3426,1.3436,1.3377,1.3386,472941,
1788297480000,2026-09-01T21:18:00.000Z,1.3386,1.3452,1.3386,1.3442,1702792,
1788297660000,2026-09-01T21:21:00.000Z,1.3442,1.3472,1.343,1.3472,184138,
1788297840000,2026-09-01T21:24:00.000Z,1.3472,1.3494,1.3454,1.3489,453533,
1788298020000,2026-09-01T21:27:00.000Z,1.3489,1.3489,1.3462,1.3475,118141,
1788298200000,2026-09-01T21:30:00.000Z,1.3475,1.3479,1.3447,1.3451,128220,
1788298380000,2026-09-01T21:33:00.000Z,1.3451,1.3454,1.3433,1.3454,101266,
1788298560000,2026-09-01T21:36:00.000Z,1.3454,1.3457,1.3438,1.3455,179259,
1788298740000,2026-09-01T21:39:00.000Z,1.3455,1.3468,1.3451,1.3468,162487,
1788298920000,2026-09-01T21:42:00.000Z,1.3468,1.3472,1.3446,1.3458,273897,
1788299100000,2026-09-01T21:45:00.000Z,1.3458,1.3483,1.345,1.3481,198278,
1788299280000,2026-09-01T21:48:00.000Z,1.3481,1.3495,1.348,1.3483,441766,
1788299460000,2026-09-01T21:51:00.000Z,1.3483,1.3502,1.3476,1.3488,152497,
1788299640000,2026-09-01T21:54:00.000Z,1.3488,1.3512,1.3483,1.3501,994487,
1788299820000,2026-09-01T21:57:00.000Z,1.3501,1.3501,1.3476,1.349,322452,
1788300000000,2026-09-01T22:00:00.000Z,1.349,1.3506,1.3471,1.3498,423927,
1788300180000,2026-09-01T22:03:00.000Z,1.3498,1.3528,1.3488,1.3489,703340,
1788300360000,2026-09-01T22:06:00.000Z,1.3489,1.3508,1.3483,1.3501,160346,
1788300540000,2026-09-01T22:09:00.000Z,1.3501,1.3515,1.3496,1.3512,278187,
1788300720000,2026-09-01T22:12:00.000Z,1.3512,1.3513,1.35,1.3505,42211,
1788300900000,2026-09-01T22:15:00.000Z,1.3505,1.3505,1.3478,1.3482,149637,
1788301080000,2026-09-01T22:18:00.000Z,1.3482,1.3487,1.3464,1.3475,998784,
1788301260000,2026-09-01T22:21:00.000Z,1.3475,1.3475,1.344,1.3455,380776,
1788301440000,2026-09-01T22:24:00.000Z,1.3455,1.3472,1.3442,1.3444,834691,
1788301620000,2026-09-01T22:27:00.000Z,1.3444,1.3452,1.3412,1.3412,548795,
1788301800000,2026-09-01T22:30:00.000Z,1.3412,1.3444,1.3412,1.3428,600055,
1788301980000,2026-09-01T22:33:00.000Z,1.3428,1.3443,1.3428,1.3441,289274,
1788302160000,2026-09-01T22:36:00.000Z,1.3441,1.3455,1.3435,1.3436,611374,
1788302340000,2026-09-01T22:39:00.000Z,1.3436,1.3438,1.3424,1.3427,62847,
1788302520000,2026-09-01T22:42:00.000Z,1.3427,1.3427,1.3392,1.3418,2817608,
1788302700000,2026-09-01T22:45:00.000Z,1.3418,1.3456,1.3418,1.3454,235070,
1788302880000,2026-09-01T22:48:00.000Z,1.3454,1.3482,1.3453,1.3475,422741,
1788303060000,2026-09-01T22:51:00.000Z,1.3475,1.3484,1.3458,1.3461,1165433,
1788303240000,2026-09-01T22:54:00.000Z,1.3461,1.3462,1.3444,1.3449,52691,
1788303420000,2026-09-01T22:57:00.000Z,1.3449,1.3449,1.3437,1.3444,100132,
1788303600000,2026-09-01T23:00:00.000Z,1.3444,1.3461,1.3431,1.3454,803149,
1788303780000,2026-09-01T23:03:00.000Z,1.3454,1.3465,1.344,1.345,333513,
1788303960000,2026-09-01T23:06:00.000Z,1.345,1.3477,1.345,1.3473,74458,
1788304140000,2026-09-01T23:09:00.000Z,1.3473,1.3477,1.3453,1.3467,197985,
1788304320000,2026-09-01T23:12:00.000Z,1.3467,1.3468,1.3451,1.3455,55069,
1788304500000,2026-09-01T23:15:00.000Z,1.3455,1.3468,1.3454,1.3466,16217,
1788304680000,2026-09-01T23:18:00.000Z,1.3466,1.3473,1.3452,1.3468,30227,
1788304860000,2026-09-01T23:21:00.000Z,1.3468,1.3468,1.3447,1.3454,71048,
1788305040000,2026-09-01T23:24:00.000Z,1.3454,1.3465,1.3445,1.3448,599933,
1788305220000,2026-09-01T23:27:00.000Z,1.3448,1.3473,1.3448,1.3472,258731,
1788305400000,2026-09-01T23:30:00.000Z,1.3472,1.3494,1.3472,1.3493,927087,
1788305580000,2026-09-01T23:33:00.000Z,1.3493,1.352,1.3485,1.3514,4039225,
1788305760000,2026-09-01T23:36:00.000Z,1.3514,1.3547,1.3513,1.3525,648151,
1788305940000,2026-09-01T23:39:00.000Z,1.3525,1.3542,1.3519,1.3533,126270,
1788306120000,2026-09-01T23:42:00.000Z,1.3533,1.3538,1.3527,1.3529,120998,
1788306300000,2026-09-01T23:45:00.000Z,1.3529,1.353,1.3514,1.3519,566021,
1788306480000,2026-09-01T23:48:00.000Z,1.3519,1.3556,1.3519,1.3535,1931578,
1788306660000,2026-09-01T23:51:00.000Z,1.3535,1.3542,1.3514,1.3525,861026,
1788306840000,2026-09-01T23:54:00.000Z,1.3525,1.3525,1.351,1.351,66776,
1788307020000,2026-09-01T23:57:00.000Z,1.351,1.3519,1.3509,1.3514,72046,
1788307200000,2026-09-02T00:00:00.000Z,1.3514,1.3528,1.3512,1.3516,1042948,
1788307380000,2026-09-02T00:03:00.000Z,1.3516,1.352,1.3513,1.3515,172962,
1788307560000,2026-09-02T00:06:00.000Z,1.3515,1.3521,1.3502,1.3516,1451095,
1788307740000,2026-09-02T00:09:00.000Z,1.3516,1.3523,1.3512,1.3512,48261,
1788307920000,2026-09-02T00:12:00.000Z,1.3512,1.3525,1.3505,1.3521,179257,
1788308100000,2026-09-02T00:15:00.000Z,1.3521,1.3526,1.351,1.3523,72123,
1788308280000,2026-09-02T00:18:00.000Z,1.3523,1.3527,1.3487,1.3487,546824,
1788308460000,2026-09-02T00:21:00.000Z,1.3487,1.3517,1.3478,1.3496,302073,
1788308640000,2026-09-02T00:24:00.000Z,1.3496,1.3498,1.3479,1.3482,238395,
1788308820000,2026-09-02T00:27:00.000Z,1.3482,1.3482,1.3447,1.3453,450973,
1788309000000,2026-09-02T00:30:00.000Z,1.3453,1.3471,1.3436,1.3471,251602,
1788309180000,2026-09-02T00:33:00.000Z,1.3471,1.3477,1.3452,1.346,973066,
1788309360000,2026-09-02T00:36:00.000Z,1.346,1.3463,1.3431,1.3432,399970,
1788309540000,2026-09-02T00:39:00.000Z,1.3432,1.3442,1.3407,1.3415,3413700,
1788309720000,2026-09-02T00:42:00.000Z,1.3415,1.3441,1.3415,1.3423,1038781,
1788309900000,2026-09-02T00:45:00.000Z,1.3423,1.3431,1.3416,1.342,227109,
1788310080000,2026-09-02T00:48:00.000Z,1.342,1.3423,1.3403,1.3411,412307,
1788310260000,2026-09-02T00:51:00.000Z,1.3411,1.3425,1.3409,1.3418,361893,
1788310440000,2026-09-02T00:54:00.000Z,1.3418,1.3428,1.3409,1.3425,140007,
1788310620000,2026-09-02T00:57:00.000Z,1.3425,1.3428,1.3406,1.3407,504532,
1788310800000,2026-09-02T01:00:00.000Z,1.3407,1.3414,1.3393,1.34,662948,
1788310980000,2026-09-02T01:03:00.000Z,1.34,1.3409,1.3376,1.3399,1223924,
1788311160000,2026-09-02T01:06:00.000Z,1.3399,1.3408,1.3386,1.3391,212725,
1788311340000,2026-09-02T01:09:00.000Z,1.3391,1.3433,1.3391,1.3428,887125,
1788311520000,2026-09-02T01:12:00.000Z,1.3428,1.3438,1.3413,1.3423,349844,
1788311700000,2026-09-02T01:15:00.000Z,1.3423,1.3423,1.3399,1.3411,355557,
1788311880000,2026-09-02T01:18:00.000Z,1.3411,1.3437,1.3411,1.3415,662066,
1788312060000,2026-09-02T01:21:00.000Z,1.3415,1.3426,1.3412,1.3424,158214,
1788312240000,2026-09-02T01:24:00.000Z,1.3424,1.3444,1.3408,1.3409,1016566,
1788312420000,2026-09-02T01:27:00.000Z,1.3409,1.3409,1.3386,1.339,482834,
1788312600000,2026-09-02T01:30:00.000Z,1.339,1.3423,1.3389,1.3416,818015,
1788312780000,2026-09-02T01:33:00.000Z,1.3416,1.3416,1.338,1.3388,281563,
1788312960000,2026-09-02T01:36:00.000Z,1.3388,1.3392,1.3364,1.3371,1005624,
1788313140000,2026-09-02T01:39:00.000Z,1.3371,1.338,1.3311,1.3359,2214139,
1788313320000,2026-09-02T01:42:00.000Z,1.3359,1.3364,1.3332,1.3343,376120,
1788313500000,2026-09-02T01:45:00.000Z,1.3343,1.3364,1.3329,1.3336,354210,
1788313680000,2026-09-02T01:48:00.000Z,1.3336,1.3348,1.3272,1.328,2381457,
1788313860000,2026-09-02T01:51:00.000Z,1.328,1.3311,1.3265,1.3287,1127930,
1788314040000,2026-09-02T01:54:00.000Z,1.3287,1.3332,1.3287,1.3314,1279978,
1788314220000,2026-09-02T01:57:00.000Z,1.3314,1.3351,1.3307,1.3343,546815,
1788314400000,2026-09-02T02:00:00.000Z,1.3343,1.3351,1.3322,1.3349,518341,
1788314580000,2026-09-02T02:03:00.000Z,1.3349,1.3349,1.3309,1.3317,101353,
1788314760000,2026-09-02T02:06:00.000Z,1.3317,1.3388,1.3316,1.3359,1227909,
1788314940000,2026-09-02T02:09:00.000Z,1.3359,1.336,1.3343,1.3347,290028,
1788315120000,2026-09-02T02:12:00.000Z,1.3347,1.338,1.3347,1.336,896815,
1788315300000,2026-09-02T02:15:00.000Z,1.336,1.3399,1.3353,1.339,147466,
1788315480000,2026-09-02T02:18:00.000Z,1.339,1.3412,1.3371,1.3412,730147,
1788315660000,2026-09-02T02:21:00.000Z,1.3412,1.3421,1.3396,1.3413,911038,
1788315840000,2026-09-02T02:24:00.000Z,1.3413,1.3433,1.3397,1.3407,1272448,
1788316020000,2026-09-02T02:27:00.000Z,1.3407,1.3438,1.3406,1.3429,1208165,
1788316200000,2026-09-02T02:30:00.000Z,1.3429,1.3437,1.3408,1.3427,1317673,
1788316380000,2026-09-02T02:33:00.000Z,1.3427,1.3453,1.342,1.3453,387902,
1788316560000,2026-09-02T02:36:00.000Z,1.3453,1.3461,1.3424,1.3439,1392681,
1788316740000,2026-09-02T02:39:00.000Z,1.3439,1.344,1.3417,1.3419,167996,
1788316920000,2026-09-02T02:42:00.000Z,1.3419,1.3428,1.3399,1.3425,1259160,
1788317100000,2026-09-02T02:45:00.000Z,1.3425,1.3439,1.3417,1.3432,179372,
1788317280000,2026-09-02T02:48:00.000Z,1.3432,1.3436,1.3421,1.3423,211042,
1788317460000,2026-09-02T02:51:00.000Z,1.3423,1.3441,1.342,1.3432,175933,
1788317640000,2026-09-02T02:54:00.000Z,1.3432,1.3435,1.3425,1.3431,208649,
1788317820000,2026-09-02T02:57:00.000Z,1.3431,1.3443,1.3428,1.3443,774021,
1788318000000,2026-09-02T03:00:00.000Z,1.3443,1.3485,1.3429,1.3466,1074298,
1788318180000,2026-09-02T03:03:00.000Z,1.3466,1.3493,1.3466,1.3487,642350,
1788318360000,2026-09-02T03:06:00.000Z,1.3487,1.3498,1.3481,1.3491,1314317,
1788318540000,2026-09-02T03:09:00.000Z,1.3491,1.3538,1.3477,1.3502,417227,
1788318720000,2026-09-02T03:12:00.000Z,1.3502,1.3505,1.349,1.3499,364509,
1788318900000,2026-09-02T03:15:00.000Z,1.3499,1.3528,1.3487,1.3517,523429,
1788319080000,2026-09-02T03:18:00.000Z,1.3517,1.3543,1.3515,1.3528,532522,
1788319260000,2026-09-02T03:21:00.000Z,1.3528,1.3529,1.3514,1.3519,218714,
1788319440000,2026-09-02T03:24:00.000Z,1.3519,1.3575,1.3511,1.3568,1724329,
1788319620000,2026-09-02T03:27:00.000Z,1.3568,1.3568,1.3543,1.3544,201327,
1788319800000,2026-09-02T03:30:00.000Z,1.3544,1.3546,1.3512,1.3521,593467,
1788319980000,2026-09-02T03:33:00.000Z,1.3521,1.3525,1.3506,1.3511,147405,
1788320160000,2026-09-02T03:36:00.000Z,1.3511,1.3522,1.3496,1.3502,839964,
1788320340000,2026-09-02T03:39:00.000Z,1.3502,1.3528,1.3502,1.3512,411802,
1788320520000,2026-09-02T03:42:00.000Z,1.3512,1.3515,1.3492,1.3505,810242,
1788320700000,2026-09-02T03:45:00.000Z,1.3505,1.3523,1.3504,1.3518,110887,
1788320880000,2026-09-02T03:48:00.000Z,1.3518,1.3526,1.3504,1.3504,808974,
1788321060000,2026-09-02T03:51:00.000Z,1.3504,1.3506,1.3493,1.3502,300095,
1788321240000,2026-09-02T03:54:00.000Z,1.3502,1.3503,1.3482,1.3482,79438,
1788321420000,2026-09-02T03:57:00.000Z,1.3482,1.3513,1.3481,1.351,666042,
1788321600000,2026-09-02T04:00:00.000Z,1.351,1.3513,1.3493,1.3499,282071,
1788321780000,2026-09-02T04:03:00.000Z,1.3499,1.3513,1.3476,1.3477,912304,
1788321960000,2026-09-02T04:06:00.000Z,1.3477,1.3484,1.3465,1.347,82093,
1788322140000,2026-09-02T04:09:00.000Z,1.347,1.3471,1.3445,1.3449,570119,
1788322320000,2026-09-02T04:12:00.000Z,1.3449,1.3456,1.3427,1.3446,1786326,
1788322500000,2026-09-02T04:15:00.000Z,1.3446,1.3454,1.3417,1.3425,135966,
1788322680000,2026-09-02T04:18:00.000Z,1.3425,1.3457,1.3425,1.3455,300870,
1788322860000,2026-09-02T04:21:00.000Z,1.3455,1.3474,1.3442,1.3443,1007993,
1788323040000,2026-09-02T04:24:00.000Z,1.3443,1.345,1.3428,1.3443,113073,
1788323220000,2026-09-02T04:27:00.000Z,1.3443,1.3445,1.3436,1.3441,111313,
1788323400000,2026-09-02T04:30:00.000Z,1.3441,1.3468,1.3441,1.3464,422184,
1788323580000,2026-09-02T04:33:00.000Z,1.3464,1.3474,1.3456,1.3462,199391,
1788323760000,2026-09-02T04:36:00.000Z,1.3462,1.3473,1.3459,1.3471,204144,
1788323940000,2026-09-02T04:39:00.000Z,1.3471,1.3482,1.346,1.3469,667660,
1788324120000,2026-09-02T04:42:00.000Z,1.3469,1.3478,1.3469,1.3478,73221,
1788324300000,2026-09-02T04:45:00.000Z,1.3478,1.3493,1.3472,1.3482,180093,
1788324480000,2026-09-02T04:48:00.000Z,1.3482,1.3488,1.3479,1.3481,55120,
1788324660000,2026-09-02T04:51:00.000Z,1.3481,1.349,1.3474,1.3479,87814,
1788324840000,2026-09-02T04:54:00.000Z,1.3479,1.3483,1.3471,1.3474,351092,
1788325020000,2026-09-02T04:57:00.000Z,1.3474,1.3485,1.3465,1.3477,760761,
1788325200000,2026-09-02T05:00:00.000Z,1.3477,1.3477,1.3446,1.3447,365121,
1788325380000,2026-09-02T05:03:00.000Z,1.3447,1.3457,1.343,1.3438,738088,
1788325560000,2026-09-02T05:06:00.000Z,1.3438,1.3443,1.3429,1.3437,181505,
1788325740000,2026-09-02T05:09:00.000Z,1.3437,1.346,1.3436,1.3451,821152,
1788325920000,2026-09-02T05:12:00.000Z,1.3451,1.3491,1.3446,1.3489,373845,
1788326100000,2026-09-02T05:15:00.000Z,1.3489,1.3525,1.348,1.351,1300627,
1788326280000,2026-09-02T05:18:00.000Z,1.351,1.351,1.349,1.3503,118963,
1788326460000,2026-09-02T05:21:00.000Z,1.3503,1.351,1.3491,1.3508,207724,
1788326640000,2026-09-02T05:24:00.000Z,1.3508,1.3524,1.3505,1.3508,369068,
1788326820000,2026-09-02T05:27:00.000Z,1.3508,1.3528,1.3508,1.3523,319766,
1788327000000,2026-09-02T05:30:00.000Z,1.3523,1.3527,1.3504,1.352,116831,
1788327180000,2026-09-02T05:33:00.000Z,1.352,1.3521,1.3496,1.3506,229374,
1788327360000,2026-09-02T05:36:00.000Z,1.3506,1.351,1.3496,1.3501,28167,
1788327540000,2026-09-02T05:39:00.000Z,1.3501,1.3503,1.3496,1.3503,68884,
1788327720000,2026-09-02T05:42:00.000Z,1.3503,1.3508,1.3492,1.35,225899,
1788327900000,2026-09-02T05:45:00.000Z,1.35,1.3531,1.35,1.3524,1782040,
1788328080000,2026-09-02T05:48:00.000Z,1.3524,1.3527,1.3515,1.3516,538262,
1788328260000,2026-09-02T05:51:00.000Z,1.3516,1.3518,1.351,1.3513,249228,
1788328440000,2026-09-02T05:54:00.000Z,1.3513,1.3513,1.3493,1.3497,591788,
1788328620000,2026-09-02T05:57:00.000Z,1.3497,1.3509,1.3488,1.3507,686815,
1788328800000,2026-09-02T06:00:00.000Z,1.3507,1.3517,1.3493,1.3493,1051500,
1788328980000,2026-09-02T06:03:00.000Z,1.3493,1.3497,1.3483,1.3489,123115,
1788329160000,2026-09-02T06:06:00.000Z,1.3489,1.3494,1.3468,1.3483,636580,
1788329340000,2026-09-02T06:09:00.000Z,1.3483,1.3491,1.3479,1.3488,113332,
1788329520000,2026-09-02T06:12:00.000Z,1.3488,1.3492,1.3453,1.3455,1098552,
1788329700000,2026-09-02T06:15:00.000Z,1.3455,1.3466,1.3451,1.3459,464908,
1788329880000,2026-09-02T06:18:00.000Z,1.3459,1.3459,1.3434,1.3455,1255953,
1788330060000,2026-09-02T06:21:00.000Z,1.3455,1.3455,1.3441,1.3447,237477,
1788330240000,2026-09-02T06:24:00.000Z,1.3447,1.3469,1.3447,1.3469,180086,
1788330420000,2026-09-02T06:27:00.000Z,1.3469,1.348,1.3439,1.344,779303,
1788330600000,2026-09-02T06:30:00.000Z,1.344,1.344,1.3415,1.3421,398959,
1788330780000,2026-09-02T06:33:00.000Z,1.3421,1.3442,1.3411,1.3442,1226208,
1788330960000,2026-09-02T06:36:00.000Z,1.3442,1.3446,1.3427,1.3446,575527,
1788331140000,2026-09-02T06:39:00.000Z,1.3446,1.3492,1.3445,1.3487,431521,
1788331320000,2026-09-02T06:42:00.000Z,1.3487,1.3501,1.3471,1.3471,820443,
1788331500000,2026-09-02T06:45:00.000Z,1.3471,1.3472,1.3463,1.3469,137724,
1788331680000,2026-09-02T06:48:00.000Z,1.3469,1.3481,1.3457,1.3461,205350,
1788331860000,2026-09-02T06:51:00.000Z,1.3461,1.3466,1.3445,1.3449,190054,
1788332040000,2026-09-02T06:54:00.000Z,1.3449,1.3459,1.3441,1.3457,47062,
1788332220000,2026-09-02T06:57:00.000Z,1.3457,1.3461,1.3453,1.3461,23650,
1788332400000,2026-09-02T07:00:00.000Z,1.3461,1.347,1.3456,1.3464,79437,
1788332580000,2026-09-02T07:03:00.000Z,1.3464,1.3474,1.3461,1.3472,837971,
1788332760000,2026-09-02T07:06:00.000Z,1.3472,1.3472,1.3461,1.3463,138406,
1788332940000,2026-09-02T07:09:00.000Z,1.3463,1.3514,1.3463,1.3498,660172,
1788333120000,2026-09-02T07:12:00.000Z,1.3498,1.352,1.3494,1.3499,184746,
1788333300000,2026-09-02T07:15:00.000Z,1.3499,1.3499,1.3474,1.3474,288283,
1788333480000,2026-09-02T07:18:00.000Z,1.3474,1.3492,1.3474,1.3485,75407,
1788333660000,2026-09-02T07:21:00.000Z,1.3485,1.3495,1.3463,1.3471,140226,
1788333840000,2026-09-02T07:24:00.000Z,1.3471,1.3481,1.3468,1.3473,67234,
1788334020000,2026-09-02T07:27:00.000Z,1.3473,1.348,1.3467,1.3467,25209,
1788334200000,2026-09-02T07:30:00.000Z,1.3467,1.3489,1.3467,1.3487,63222,
1788334380000,2026-09-02T07:33:00.000Z,1.3487,1.3488,1.3475,1.3486,51735,
1788334560000,2026-09-02T07:36:00.000Z,1.3486,1.3486,1.3478,1.3481,39221,
1788334740000,2026-09-02T07:39:00.000Z,1.3481,1.3494,1.348,1.3492,18288,
1788334920000,2026-09-02T07:42:00.000Z,1.3492,1.3494,1.3471,1.3471,143828,
1788335100000,2026-09-02T07:45:00.000Z,1.3471,1.3498,1.3465,1.3496,532387,
1788335280000,2026-09-02T07:48:00.000Z,1.3496,1.3496,1.3473,1.3478,541277,
1788335460000,2026-09-02T07:51:00.000Z,1.3478,1.3482,1.3463,1.3463,56205,
1788335640000,2026-09-02T07:54:00.000Z,1.3463,1.3473,1.3463,1.3471,287647,
1788335820000,2026-09-02T07:57:00.000Z,1.3471,1.3471,1.3443,1.3447,610717,
1788336000000,2026-09-02T08:00:00.000Z,1.3447,1.345,1.3421,1.3422,435958,
1788336180000,2026-09-02T08:03:00.000Z,1.3422,1.3453,1.3408,1.3453,1964999,
1788336360000,2026-09-02T08:06:00.000Z,1.3453,1.3454,1.3442,1.3448,45295,
1788336540000,2026-09-02T08:09:00.000Z,1.3448,1.3448,1.3429,1.3429,44527,
1788336720000,2026-09-02T08:12:00.000Z,1.3429,1.3444,1.3424,1.3436,132967,
1788336900000,2026-09-02T08:15:00.000Z,1.3436,1.3459,1.3436,1.3449,165545,
1788337080000,2026-09-02T08:18:00.000Z,1.3449,1.3454,1.3429,1.343,96067,
1788337260000,2026-09-02T08:21:00.000Z,1.343,1.343,1.3396,1.3407,2424692,
1788337440000,2026-09-02T08:24:00.000Z,1.3407,1.3421,1.3406,1.3419,215543,
1788337620000,2026-09-02T08:27:00.000Z,1.3419,1.3424,1.34,1.3403,147394,
1788337800000,2026-09-02T08:30:00.000Z,1.3403,1.3403,1.3365,1.3373,2083534,
1788337980000,2026-09-02T08:33:00.000Z,1.3373,1.3375,1.3351,1.3357,580357,
1788338160000,2026-09-02T08:36:00.000Z,1.3357,1.3367,1.3331,1.3335,738589,
1788338340000,2026-09-02T08:39:00.000Z,1.3335,1.3337,1.3303,1.3307,1476979,
1788338520000,2026-09-02T08:42:00.000Z,1.3307,1.331,1.3281,1.3293,1287239,
1788338700000,2026-09-02T08:45:00.000Z,1.3293,1.3318,1.3278,1.3293,518789,
1788338880000,2026-09-02T08:48:00.000Z,1.3293,1.3299,1.328,1.3297,355754,
1788339060000,2026-09-02T08:51:00.000Z,1.3297,1.3298,1.3256,1.328,2001560,
1788339240000,2026-09-02T08:54:00.000Z,1.328,1.3288,1.325,1.3279,952640,
1788339420000,2026-09-02T08:57:00.000Z,1.3279,1.3307,1.3275,1.3304,377483,
1788339600000,2026-09-02T09:00:00.000Z,1.3304,1.3343,1.3299,1.3339,1095265,
1788339780000,2026-09-02T09:03:00.000Z,1.3339,1.3354,1.3324,1.3352,364797,
1788339960000,2026-09-02T09:06:00.000Z,1.3352,1.336,1.3335,1.3347,350200,
1788340140000,2026-09-02T09:09:00.000Z,1.3347,1.3355,1.3337,1.3343,533602,
1788340320000,2026-09-02T09:12:00.000Z,1.3343,1.3344,1.3318,1.3325,1321580,
1788340500000,2026-09-02T09:15:00.000Z,1.3325,1.3327,1.3296,1.3314,333375,
1788340680000,2026-09-02T09:18:00.000Z,1.3314,1.3327,1.3298,1.3313,1224407,
1788340860000,2026-09-02T09:21:00.000Z,1.3313,1.3318,1.3237,1.3277,1703936,
1788341040000,2026-09-02T09:24:00.000Z,1.3277,1.3312,1.3256,1.3297,1230293,
1788341220000,2026-09-02T09:27:00.000Z,1.3297,1.3315,1.3289,1.3315,250651,
1788341400000,2026-09-02T09:30:00.000Z,1.3315,1.3321,1.3249,1.3264,1101042,
1788341580000,2026-09-02T09:33:00.000Z,1.3264,1.3279,1.3249,1.3264,562415,
1788341760000,2026-09-02T09:36:00.000Z,1.3264,1.3264,1.3216,1.323,1779359,
1788341940000,2026-09-02T09:39:00.000Z,1.323,1.3244,1.323,1.3236,292243,
1788342120000,2026-09-02T09:42:00.000Z,1.3236,1.3236,1.3218,1.323,879747,
1788342300000,2026-09-02T09:45:00.000Z,1.323,1.3257,1.3211,1.3249,978444,
1788342480000,2026-09-02T09:48:00.000Z,1.3249,1.3276,1.3244,1.3271,734351,
1788342660000,2026-09-02T09:51:00.000Z,1.3271,1.3274,1.326,1.3269,366850,
1788342840000,2026-09-02T09:54:00.000Z,1.3269,1.3279,1.3257,1.3276,555163,
1788343020000,2026-09-02T09:57:00.000Z,1.3276,1.3279,1.3255,1.327,555476,
1788343200000,2026-09-02T10:00:00.000Z,1.327,1.3272,1.3237,1.3237,188729,
1788343380000,2026-09-02T10:03:00.000Z,1.3237,1.3255,1.323,1.3232,1038518,
1788343560000,2026-09-02T10:06:00.000Z,1.3232,1.3235,1.3205,1.3231,1274823,
1788343740000,2026-09-02T10:09:00.000Z,1.3231,1.3235,1.3182,1.321,1852362,
1788343920000,2026-09-02T10:12:00.000Z,1.321,1.322,1.3189,1.322,653528,
1788344100000,2026-09-02T10:15:00.000Z,1.322,1.3228,1.321,1.3224,215896,
1788344280000,2026-09-02T10:18:00.000Z,1.3224,1.3236,1.3205,1.3213,408427,
1788344460000,2026-09-02T10:21:00.000Z,1.3213,1.3222,1.3199,1.3206,1312401,
1788344640000,2026-09-02T10:24:00.000Z,1.3206,1.3209,1.3195,1.3209,178482,
1788344820000,2026-09-02T10:27:00.000Z,1.3209,1.3213,1.3173,1.3176,769013,
1788345000000,2026-09-02T10:30:00.000Z,1.3176,1.319,1.3159,1.3166,1199055,
1788345180000,2026-09-02T10:33:00.000Z,1.3166,1.3188,1.3134,1.3188,1461451,
1788345360000,2026-09-02T10:36:00.000Z,1.3188,1.3194,1.3179,1.318,244108,
1788345540000,2026-09-02T10:39:00.000Z,1.318,1.318,1.3158,1.3166,381367,
1788345720000,2026-09-02T10:42:00.000Z,1.3166,1.3185,1.3165,1.3183,362780,
1788345900000,2026-09-02T10:45:00.000Z,1.3183,1.3186,1.3156,1.3161,317552,
1788346080000,2026-09-02T10:48:00.000Z,1.3161,1.3161,1.309,1.3128,2905730,
1788346260000,2026-09-02T10:51:00.000Z,1.3128,1.3146,1.3109,1.3146,840543,
1788346440000,2026-09-02T10:54:00.000Z,1.3146,1.3177,1.3145,1.3151,1177327,
1788346620000,2026-09-02T10:57:00.000Z,1.3151,1.3195,1.3151,1.3192,516784,
1788346800000,2026-09-02T11:00:00.000Z,1.3192,1.3201,1.3157,1.3184,995360,
1788346980000,2026-09-02T11:03:00.000Z,1.3184,1.3184,1.3164,1.3169,318113,
1788347160000,2026-09-02T11:06:00.000Z,1.3169,1.3189,1.3157,1.3187,217934,
1788347340000,2026-09-02T11:09:00.000Z,1.3187,1.3205,1.3172,1.3183,752139,
1788347520000,2026-09-02T11:12:00.000Z,1.3183,1.3205,1.3174,1.3203,799771,
1788347700000,2026-09-02T11:15:00.000Z,1.3203,1.3213,1.318,1.318,494502,
1788347880000,2026-09-02T11:18:00.000Z,1.318,1.3183,1.3165,1.3166,146177,
1788348060000,2026-09-02T11:21:00.000Z,1.3166,1.3168,1.3144,1.3146,225667,
1788348240000,2026-09-02T11:24:00.000Z,1.3146,1.3165,1.3146,1.3151,110802,
1788348420000,2026-09-02T11:27:00.000Z,1.3151,1.3181,1.315,1.3181,120773,
1788348600000,2026-09-02T11:30:00.000Z,1.3181,1.3192,1.3167,1.3192,378658,
1788348780000,2026-09-02T11:33:00.000Z,1.3192,1.3219,1.3187,1.3206,708630,
1788348960000,2026-09-02T11:36:00.000Z,1.3206,1.3234,1.3206,1.323,370747,
1788349140000,2026-09-02T11:39:00.000Z,1.323,1.3238,1.3213,1.3215,225502,
1788349320000,2026-09-02T11:42:00.000Z,1.3215,1.3222,1.3204,1.3207,201391,
1788349500000,2026-09-02T11:45:00.000Z,1.3207,1.322,1.32,1.3206,424411,
1788349680000,2026-09-02T11:48:00.000Z,1.3206,1.3221,1.3206,1.3212,86535,
1788349860000,2026-09-02T11:51:00.000Z,1.3212,1.3226,1.3212,1.3221,82396,
1788350040000,2026-09-02T11:54:00.000Z,1.3221,1.3233,1.3216,1.3228,85110,
1788350220000,2026-09-02T11:57:00.000Z,1.3228,1.3251,1.3227,1.3248,635623,
1788350400000,2026-09-02T12:00:00.000Z,1.3248,1.3248,1.323,1.323,146676,
1788350580000,2026-09-02T12:03:00.000Z,1.323,1.3247,1.3223,1.3229,612575,
1788350760000,2026-09-02T12:06:00.000Z,1.3229,1.3246,1.3227,1.3228,314932,
1788350940000,2026-09-02T12:09:00.000Z,1.3228,1.3258,1.322,1.3249,835209,
1788351120000,2026-09-02T12:12:00.000Z,1.3249,1.3267,1.3248,1.3264,464187,
1788351300000,2026-09-02T12:15:00.000Z,1.3264,1.3268,1.3236,1.3265,1772669,
1788351480000,2026-09-02T12:18:00.000Z,1.3265,1.3282,1.3246,1.3281,470283,
1788351660000,2026-09-02T12:21:00.000Z,1.3281,1.3309,1.3276,1.3292,1151777,
1788351840000,2026-09-02T12:24:00.000Z,1.3292,1.3303,1.3289,1.3295,52761,
1788352020000,2026-09-02T12:27:00.000Z,1.3295,1.3305,1.3292,1.3293,123395,
1788352200000,2026-09-02T12:30:00.000Z,1.3293,1.3296,1.3269,1.3272,460182,
1788352380000,2026-09-02T12:33:00.000Z,1.3272,1.3275,1.3259,1.3266,97092,
1788352560000,2026-09-02T12:36:00.000Z,1.3266,1.3266,1.324,1.324,176412,
1788352740000,2026-09-02T12:39:00.000Z,1.324,1.3245,1.3231,1.3242,393593,
1788352920000,2026-09-02T12:42:00.000Z,1.3242,1.3243,1.323,1.3231,232050,
1788353100000,2026-09-02T12:45:00.000Z,1.3231,1.3232,1.3216,1.322,262180,
1788353280000,2026-09-02T12:48:00.000Z,1.322,1.3221,1.3204,1.3209,272277,
1788353460000,2026-09-02T12:51:00.000Z,1.3209,1.3209,1.3189,1.3194,279196,
1788353640000,2026-09-02T12:54:00.000Z,1.3194,1.3196,1.3169,1.3176,338651,
1788353820000,2026-09-02T12:57:00.000Z,1.3176,1.3181,1.3171,1.3171,163923,
1788354000000,2026-09-02T13:00:00.000Z,1.3171,1.3229,1.3171,1.3225,543045,
1788354180000,2026-09-02T13:03:00.000Z,1.3225,1.3247,1.3215,1.3245,1002911,
1788354360000,2026-09-02T13:06:00.000Z,1.3245,1.3261,1.3227,1.3231,311711,
1788354540000,2026-09-02T13:09:00.000Z,1.3231,1.3238,1.3224,1.3233,119904,
1788354720000,2026-09-02T13:12:00.000Z,1.3233,1.3233,1.3213,1.3213,25890,
1788354900000,2026-09-02T13:15:00.000Z,1.3213,1.3235,1.3212,1.3233,58265,
1788355080000,2026-09-02T13:18:00.000Z,1.3233,1.3245,1.3229,1.3229,33008,
1788355260000,2026-09-02T13:21:00.000Z,1.3229,1.3236,1.322,1.3221,128034,
1788355440000,2026-09-02T13:24:00.000Z,1.3221,1.3259,1.3221,1.3259,207701,
1788355620000,2026-09-02T13:27:00.000Z,1.3259,1.3274,1.3253,1.3253,241842,
1788355800000,2026-09-02T13:30:00.000Z,1.3253,1.3263,1.3239,1.3254,517370,
1788355980000,2026-09-02T13:33:00.000Z,1.3254,1.3274,1.3244,1.3257,275848,
1788356160000,2026-09-02T13:36:00.000Z,1.3257,1.3261,1.3243,1.325,264287,
1788356340000,2026-09-02T13:39:00.000Z,1.325,1.3309,1.3248,1.3302,863557,
1788356520000,2026-09-02T13:42:00.000Z,1.3302,1.3453,1.3302,1.3448,2661167,
1788356700000,2026-09-02T13:45:00.000Z,1.3448,1.3458,1.3389,1.3397,2658164,
1788356880000,2026-09-02T13:48:00.000Z,1.3397,1.3409,1.336,1.3378,1126936,
1788357060000,2026-09-02T13:51:00.000Z,1.3378,1.341,1.3364,1.3385,305200,
1788357240000,2026-09-02T13:54:00.000Z,1.3385,1.3387,1.3351,1.3378,753092,
1788357420000,2026-09-02T13:57:00.000Z,1.3378,1.341,1.3351,1.3409,430850,
1788357600000,2026-09-02T14:00:00.000Z,1.3409,1.3411,1.336,1.3404,240707,
1788357780000,2026-09-02T14:03:00.000Z,1.3404,1.3404,1.335,1.3396,650227,
1788357960000,2026-09-02T14:06:00.000Z,1.3396,1.3436,1.3393,1.343,960478,
1788358140000,2026-09-02T14:09:00.000Z,1.343,1.3457,1.3394,1.3425,1492134,
1788358320000,2026-09-02T14:12:00.000Z,1.3425,1.3431,1.3392,1.3429,240435,
1788358500000,2026-09-02T14:15:00.000Z,1.3429,1.3444,1.3406,1.3407,361651,
1788358680000,2026-09-02T14:18:00.000Z,1.3407,1.3429,1.34,1.3413,339733,
1788358860000,2026-09-02T14:21:00.000Z,1.3413,1.346,1.3413,1.3428,1002999,
1788359040000,2026-09-02T14:24:00.000Z,1.3428,1.3428,1.3391,1.341,554348,
1788359220000,2026-09-02T14:27:00.000Z,1.341,1.3428,1.3409,1.3424,215590,
1788359400000,2026-09-02T14:30:00.000Z,1.3424,1.3424,1.3368,1.3381,360113,
1788359580000,2026-09-02T14:33:00.000Z,1.3381,1.3381,1.3357,1.3368,661957,
1788359760000,2026-09-02T14:36:00.000Z,1.3368,1.3374,1.3359,1.3362,88998,
1788359940000,2026-09-02T14:39:00.000Z,1.3362,1.3389,1.3362,1.3377,95715,
1788360120000,2026-09-02T14:42:00.000Z,1.3377,1.3413,1.3367,1.3402,285973,
1788360300000,2026-09-02T14:45:00.000Z,1.3402,1.3411,1.3381,1.3393,640684,
1788360480000,2026-09-02T14:48:00.000Z,1.3393,1.3393,1.3366,1.3374,247821,
1788360660000,2026-09-02T14:51:00.000Z,1.3374,1.3378,1.3338,1.3339,636655,
1788360840000,2026-09-02T14:54:00.000Z,1.3339,1.3368,1.3336,1.3341,701485,
1788361020000,2026-09-02T14:57:00.000Z,1.3341,1.3347,1.3313,1.3317,291217,
1788361200000,2026-09-02T15:00:00.000Z,1.3317,1.3326,1.3269,1.3325,1307568,
1788361380000,2026-09-02T15:03:00.000Z,1.3325,1.3354,1.3318,1.3333,286470,
1788361560000,2026-09-02T15:06:00.000Z,1.3333,1.3343,1.3282,1.3283,1560190,
1788361740000,2026-09-02T15:09:00.000Z,1.3283,1.3293,1.3259,1.3268,439431,
1788361920000,2026-09-02T15:12:00.000Z,1.3268,1.328,1.3251,1.3277,1429888,
1788362100000,2026-09-02T15:15:00.000Z,1.3277,1.3313,1.3277,1.33,357490,
1788362280000,2026-09-02T15:18:00.000Z,1.33,1.3355,1.33,1.3306,705160,
1788362460000,2026-09-02T15:21:00.000Z,1.3306,1.332,1.3284,1.3301,222519,
1788362640000,2026-09-02T15:24:00.000Z,1.3301,1.3312,1.328,1.3304,1405591,
1788362820000,2026-09-02T15:27:00.000Z,1.3304,1.3329,1.3298,1.3307,92417,
1788363000000,2026-09-02T15:30:00.000Z,1.3307,1.3341,1.3296,1.3331,968655,
1788363180000,2026-09-02T15:33:00.000Z,1.3331,1.3395,1.3331,1.3373,838727,
1788363360000,2026-09-02T15:36:00.000Z,1.3373,1.3394,1.3354,1.3357,565490,
1788363540000,2026-09-02T15:39:00.000Z,1.3357,1.3367,1.3336,1.3367,458775,
1788363720000,2026-09-02T15:42:00.000Z,1.3367,1.3395,1.3359,1.339,1157455,
1788363900000,2026-09-02T15:45:00.000Z,1.339,1.3392,1.335,1.3352,285243,
1788364080000,2026-09-02T15:48:00.000Z,1.3352,1.3353,1.3311,1.3319,1017196,
1788364260000,2026-09-02T15:51:00.000Z,1.3319,1.3344,1.3319,1.3344,171555,
1788364440000,2026-09-02T15:54:00.000Z,1.3344,1.3354,1.3336,1.334,146155,
1788364620000,2026-09-02T15:57:00.000Z,1.334,1.3365,1.3339,1.3362,197314,
1788364800000,2026-09-02T16:00:00.000Z,1.3362,1.3364,1.3335,1.3348,516091,
1788364980000,2026-09-02T16:03:00.000Z,1.3348,1.3375,1.3347,1.3355,171354,
1788365160000,2026-09-02T16:06:00.000Z,1.3355,1.3408,1.3348,1.3387,2181865,
1788365340000,2026-09-02T16:09:00.000Z,1.3387,1.3394,1.3372,1.3384,410493,
1788365520000,2026-09-02T16:12:00.000Z,1.3384,1.3405,1.3381,1.3385,730387,
1788365700000,2026-09-02T16:15:00.000Z,1.3385,1.3395,1.3364,1.3384,91158,
1788365880000,2026-09-02T16:18:00.000Z,1.3384,1.3422,1.3382,1.3406,544303,
1788366060000,2026-09-02T16:21:00.000Z,1.3406,1.3418,1.3393,1.34,359856,
1788366240000,2026-09-02T16:24:00.000Z,1.34,1.3421,1.3397,1.3413,562705,
1788366420000,2026-09-02T16:27:00.000Z,1.3413,1.3416,1.3381,1.3394,250570,
1788366600000,2026-09-02T16:30:00.000Z,1.3394,1.3414,1.3391,1.3409,498762,
1788366780000,2026-09-02T16:33:00.000Z,1.3409,1.341,1.3356,1.3359,667609,
1788366960000,2026-09-02T16:36:00.000Z,1.3359,1.3373,1.3352,1.3352,356505,
1788367140000,2026-09-02T16:39:00.000Z,1.3352,1.3359,1.3335,1.3337,294053,
1788367320000,2026-09-02T16:42:00.000Z,1.3337,1.3342,1.3318,1.3319,179256,
1788367500000,2026-09-02T16:45:00.000Z,1.3319,1.3343,1.3319,1.3333,375550,
1788367680000,2026-09-02T16:48:00.000Z,1.3333,1.3351,1.3324,1.3341,144304,
1788367860000,2026-09-02T16:51:00.000Z,1.3341,1.3347,1.3334,1.3347,29466,
1788368040000,2026-09-02T16:54:00.000Z,1.3347,1.3351,1.3321,1.3323,164176,
1788368220000,2026-09-02T16:57:00.000Z,1.3323,1.333,1.3309,1.3317,821196,
1788368400000,2026-09-02T17:00:00.000Z,1.3317,1.3339,1.3309,1.3321,1254880,
1788368580000,2026-09-02T17:03:00.000Z,1.3321,1.3322,1.3293,1.3295,582017,
1788368760000,2026-09-02T17:06:00.000Z,1.3295,1.3297,1.3273,1.328,743580,
1788368940000,2026-09-02T17:09:00.000Z,1.328,1.332,1.328,1.332,66524,
1788369120000,2026-09-02T17:12:00.000Z,1.332,1.3324,1.3302,1.3311,670280,
1788369300000,2026-09-02T17:15:00.000Z,1.3311,1.3322,1.3287,1.3287,158142,
1788369480000,2026-09-02T17:18:00.000Z,1.3287,1.3288,1.3262,1.3268,1740966,
1788369660000,2026-09-02T17:21:00.000Z,1.3268,1.33,1.3263,1.3296,319145,
1788369840000,2026-09-02T17:24:00.000Z,1.3296,1.33,1.3284,1.3291,381330,
1788370020000,2026-09-02T17:27:00.000Z,1.3291,1.3294,1.3277,1.3294,275358,
1788370200000,2026-09-02T17:30:00.000Z,1.3294,1.3315,1.3289,1.3315,617249,
1788370380000,2026-09-02T17:33:00.000Z,1.3315,1.3332,1.331,1.3316,252141,
1788370560000,2026-09-02T17:36:00.000Z,1.3316,1.332,1.3308,1.3313,199050,
1788370740000,2026-09-02T17:39:00.000Z,1.3313,1.3316,1.3302,1.3306,55482,
1788370920000,2026-09-02T17:42:00.000Z,1.3306,1.3348,1.3303,1.3347,639676,
1788371100000,2026-09-02T17:45:00.000Z,1.3347,1.3375,1.3347,1.3361,509609,
1788371280000,2026-09-02T17:48:00.000Z,1.3361,1.3381,1.3361,1.3378,180118,
1788371460000,2026-09-02T17:51:00.000Z,1.3378,1.3378,1.3361,1.3362,173976,
1788371640000,2026-09-02T17:54:00.000Z,1.3362,1.3369,1.3359,1.3362,51688,
1788371820000,2026-09-02T17:57:00.000Z,1.3362,1.3378,1.3362,1.3378,55272,
1788372000000,2026-09-02T18:00:00.000Z,1.3378,1.3389,1.3366,1.3389,107927,
1788372180000,2026-09-02T18:03:00.000Z,1.3389,1.3389,1.3367,1.3373,471992,
1788372360000,2026-09-02T18:06:00.000Z,1.3373,1.3395,1.3367,1.3385,759940,
1788372540000,2026-09-02T18:09:00.000Z,1.3385,1.34,1.3382,1.3382,239489,
1788372720000,2026-09-02T18:12:00.000Z,1.3382,1.3411,1.3382,1.3411,760361,
1788372900000,2026-09-02T18:15:00.000Z,1.3411,1.3422,1.339,1.3397,475401,
1788373080000,2026-09-02T18:18:00.000Z,1.3397,1.3438,1.3393,1.3397,331346,
1788373260000,2026-09-02T18:21:00.000Z,1.3397,1.3421,1.3393,1.3409,642116,
1788373440000,2026-09-02T18:24:00.000Z,1.3409,1.3431,1.3406,1.3431,213564,
1788373620000,2026-09-02T18:27:00.000Z,1.3431,1.3435,1.3409,1.3411,615639,
1788373800000,2026-09-02T18:30:00.000Z,1.3411,1.3414,1.3401,1.3401,52473,
1788373980000,2026-09-02T18:33:00.000Z,1.3401,1.3405,1.3386,1.34,384665,
1788374160000,2026-09-02T18:36:00.000Z,1.34,1.34,1.3379,1.3381,323677,
1788374340000,2026-09-02T18:39:00.000Z,1.3381,1.3397,1.3367,1.3397,614019,
1788374520000,2026-09-02T18:42:00.000Z,1.3397,1.3397,1.3383,1.3384,61523,
1788374700000,2026-09-02T18:45:00.000Z,1.3384,1.3391,1.3381,1.3386,15302,
1788374880000,2026-09-02T18:48:00.000Z,1.3386,1.3416,1.3386,1.3407,84725,
1788375060000,2026-09-02T18:51:00.000Z,1.3407,1.3414,1.3402,1.3412,162458,
1788375240000,2026-09-02T18:54:00.000Z,1.3412,1.3424,1.3406,1.3421,60197,
1788375420000,2026-09-02T18:57:00.000Z,1.3421,1.3421,1.3406,1.3415,56532,
1788375600000,2026-09-02T19:00:00.000Z,1.3415,1.3415,1.3395,1.34,54819,
1788375780000,2026-09-02T19:03:00.000Z,1.34,1.3407,1.3394,1.3406,74787,
1788375960000,2026-09-02T19:06:00.000Z,1.3406,1.3426,1.3405,1.3419,196357,
1788376140000,2026-09-02T19:09:00.000Z,1.3419,1.3436,1.3419,1.3426,111297,
1788376320000,2026-09-02T19:12:00.000Z,1.3426,1.3456,1.3425,1.3455,477425,
1788376500000,2026-09-02T19:15:00.000Z,1.3455,1.3486,1.3454,1.3456,709949,
1788376680000,2026-09-02T19:18:00.000Z,1.3456,1.346,1.3436,1.3439,275525,
1788376860000,2026-09-02T19:21:00.000Z,1.3439,1.3479,1.3439,1.3457,691543,
1788377040000,2026-09-02T19:24:00.000Z,1.3457,1.3463,1.3426,1.343,153375,
1788377220000,2026-09-02T19:27:00.000Z,1.343,1.3435,1.3415,1.3415,597756,
1788377400000,2026-09-02T19:30:00.000Z,1.3415,1.3428,1.3405,1.3428,1006335,
1788377580000,2026-09-02T19:33:00.000Z,1.3428,1.3436,1.3423,1.3429,78268,
1788377760000,2026-09-02T19:36:00.000Z,1.3429,1.343,1.3418,1.3423,349140,
1788377940000,2026-09-02T19:39:00.000Z,1.3423,1.3452,1.3421,1.3444,82919,
1788378120000,2026-09-02T19:42:00.000Z,1.3444,1.3459,1.3441,1.3447,23845,
1788378300000,2026-09-02T19:45:00.000Z,1.3447,1.3454,1.3435,1.3437,107589,
1788378480000,2026-09-02T19:48:00.000Z,1.3437,1.3445,1.3423,1.3441,88873,
1788378660000,2026-09-02T19:51:00.000Z,1.3441,1.3472,1.3441,1.3445,174783,
1788378840000,2026-09-02T19:54:00.000Z,1.3445,1.3447,1.3426,1.3431,153194,
1788379020000,2026-09-02T19:57:00.000Z,1.3431,1.3471,1.3426,1.3436,372875,
1788379200000,2026-09-02T20:00:00.000Z,1.3436,1.3471,1.3428,1.3464,201866,
1788379380000,2026-09-02T20:03:00.000Z,1.3464,1.35,1.3464,1.3473,1341977,
1788379560000,2026-09-02T20:06:00.000Z,1.3473,1.3513,1.347,1.347,1128530,
1788379740000,2026-09-02T20:09:00.000Z,1.347,1.3471,1.3456,1.3459,43457,
1788379920000,2026-09-02T20:12:00.000Z,1.3459,1.3491,1.3459,1.3491,1121007,
1788380100000,2026-09-02T20:15:00.000Z,1.3491,1.3491,1.3474,1.3477,369171,
1788380280000,2026-09-02T20:18:00.000Z,1.3477,1.3505,1.3432,1.3503,1428380,
1788380460000,2026-09-02T20:21:00.000Z,1.3503,1.3547,1.3499,1.3536,1155902,
1788380640000,2026-09-02T20:24:00.000Z,1.3536,1.3558,1.3503,1.3504,1084742,
1788380820000,2026-09-02T20:27:00.000Z,1.3504,1.3504,1.348,1.348,792337,
1788381000000,2026-09-02T20:30:00.000Z,1.348,1.3507,1.3473,1.3506,1513812,
1788381180000,2026-09-02T20:33:00.000Z,1.3506,1.3512,1.3473,1.3504,2339774,
1788381360000,2026-09-02T20:36:00.000Z,1.3504,1.3517,1.3493,1.3517,229869,
1788381540000,2026-09-02T20:39:00.000Z,1.3517,1.3525,1.3472,1.3483,511482,
1788381720000,2026-09-02T20:42:00.000Z,1.3483,1.3487,1.3461,1.3474,300323,
1788381900000,2026-09-02T20:45:00.000Z,1.3474,1.3503,1.3465,1.3502,2544943,
1788382080000,2026-09-02T20:48:00.000Z,1.3502,1.3512,1.3496,1.3506,188980,
1788382260000,2026-09-02T20:51:00.000Z,1.3506,1.3534,1.3505,1.3532,112580,
1788382440000,2026-09-02T20:54:00.000Z,1.3532,1.3544,1.3499,1.3522,2260309,
1788382620000,2026-09-02T20:57:00.000Z,1.3522,1.3525,1.3504,1.351,121303,
1788382800000,2026-09-02T21:00:00.000Z,1.351,1.3511,1.3486,1.3491,182057,
1788382980000,2026-09-02T21:03:00.000Z,1.3491,1.3495,1.3484,1.3495,289098,
1788383160000,2026-09-02T21:06:00.000Z,1.3495,1.351,1.3485,1.3508,308483,
1788383340000,2026-09-02T21:09:00.000Z,1.3508,1.3508,1.3493,1.3505,34968,
1788383520000,2026-09-02T21:12:00.000Z,1.3505,1.3505,1.348,1.3482,80621,
1788383700000,2026-09-02T21:15:00.000Z,1.3482,1.3492,1.3476,1.3476,109915,
1788383880000,2026-09-02T21:18:00.000Z,1.3476,1.3476,1.3457,1.3463,280251,
1788384060000,2026-09-02T21:21:00.000Z,1.3463,1.3481,1.3461,1.3477,236824,
1788384240000,2026-09-02T21:24:00.000Z,1.3477,1.3489,1.3459,1.3463,515753,
1788384420000,2026-09-02T21:27:00.000Z,1.3463,1.3468,1.3461,1.3462,72413,
1788384600000,2026-09-02T21:30:00.000Z,1.3462,1.3473,1.3455,1.3463,396184,
1788384780000,2026-09-02T21:33:00.000Z,1.3463,1.3477,1.3455,1.3477,38265,
1788384960000,2026-09-02T21:36:00.000Z,1.3477,1.35,1.3473,1.35,51234,
1788385140000,2026-09-02T21:39:00.000Z,1.35,1.3508,1.3491,1.3497,137284,
1788385320000,2026-09-02T21:42:00.000Z,1.3497,1.3523,1.3497,1.3521,192223,
1788385500000,2026-09-02T21:45:00.000Z,1.3521,1.3523,1.3492,1.3492,57068,
1788385680000,2026-09-02T21:48:00.000Z,1.3492,1.3496,1.3486,1.349,17278,
1788385860000,2026-09-02T21:51:00.000Z,1.349,1.35,1.3473,1.3497,106003,
1788386040000,2026-09-02T21:54:00.000Z,1.3497,1.3504,1.3491,1.3493,67484,
1788386220000,2026-09-02T21:57:00.000Z,1.3493,1.3493,1.3465,1.3475,147165,
1788386400000,2026-09-02T22:00:00.000Z,1.3475,1.348,1.3458,1.346,314423,
1788386580000,2026-09-02T22:03:00.000Z,1.346,1.3465,1.3442,1.3443,117659,
1788386760000,2026-09-02T22:06:00.000Z,1.3443,1.3446,1.3434,1.3437,142966,
1788386940000,2026-09-02T22:09:00.000Z,1.3437,1.3437,1.3423,1.3434,363551,
1788387120000,2026-09-02T22:12:00.000Z,1.3434,1.345,1.3434,1.344,121915,
1788387300000,2026-09-02T22:15:00.000Z,1.344,1.3454,1.343,1.3451,77580,
1788387480000,2026-09-02T22:18:00.000Z,1.3451,1.3451,1.3427,1.343,161694,
1788387660000,2026-09-02T22:21:00.000Z,1.343,1.3431,1.3422,1.3425,241057,
1788387840000,2026-09-02T22:24:00.000Z,1.3425,1.343,1.3418,1.3426,102990,
1788388020000,2026-09-02T22:27:00.000Z,1.3426,1.3429,1.3414,1.3417,61962,
1788388200000,2026-09-02T22:30:00.000Z,1.3417,1.3429,1.3415,1.3427,202291,
1788388380000,2026-09-02T22:33:00.000Z,1.3427,1.3442,1.3427,1.3442,178081,
1788388560000,2026-09-02T22:36:00.000Z,1.3442,1.3455,1.344,1.3449,299089,
1788388740000,2026-09-02T22:39:00.000Z,1.3449,1.3461,1.3447,1.3458,90914,
1788388920000,2026-09-02T22:42:00.000Z,1.3458,1.3467,1.3455,1.3466,70455,
1788389100000,2026-09-02T22:45:00.000Z,1.3466,1.3467,1.3447,1.3464,699202,
1788389280000,2026-09-02T22:48:00.000Z,1.3464,1.347,1.3457,1.3463,214848,
1788389460000,2026-09-02T22:51:00.000Z,1.3463,1.3473,1.3452,1.3452,544813,
1788389640000,2026-09-02T22:54:00.000Z,1.3452,1.3458,1.3444,1.3444,34325,
1788389820000,2026-09-02T22:57:00.000Z,1.3444,1.3445,1.3437,1.3437,90831,
1788390000000,2026-09-02T23:00:00.000Z,1.3437,1.3441,1.3418,1.3426,72660,
1788390180000,2026-09-02T23:03:00.000Z,1.3426,1.3476,1.3426,1.347,854060,
1788390360000,2026-09-02T23:06:00.000Z,1.347,1.3493,1.347,1.3493,292309,
1788390540000,2026-09-02T23:09:00.000Z,1.3493,1.3499,1.3489,1.3497,91223,
1788390720000,2026-09-02T23:12:00.000Z,1.3497,1.3497,1.3488,1.3495,24658,
1788390900000,2026-09-02T23:15:00.000Z,1.3495,1.3496,1.3451,1.3456,910745,
1788391080000,2026-09-02T23:18:00.000Z,1.3456,1.3461,1.345,1.3457,242905,
1788391260000,2026-09-02T23:21:00.000Z,1.3457,1.3462,1.3446,1.346,89203,
1788391440000,2026-09-02T23:24:00.000Z,1.346,1.3467,1.3453,1.3462,39328,
1788391620000,2026-09-02T23:27:00.000Z,1.3462,1.3465,1.346,1.3463,6788,
1788391800000,2026-09-02T23:30:00.000Z,1.3463,1.3484,1.3454,1.3454,122667,
1788391980000,2026-09-02T23:33:00.000Z,1.3454,1.3465,1.3451,1.3465,32563,
1788392160000,2026-09-02T23:36:00.000Z,1.3465,1.3471,1.3462,1.3466,55037,
1788392340000,2026-09-02T23:39:00.000Z,1.3466,1.347,1.3464,1.3467,20008,
1788392520000,2026-09-02T23:42:00.000Z,1.3467,1.3476,1.3464,1.3471,46697,
1788392700000,2026-09-02T23:45:00.000Z,1.3471,1.349,1.3471,1.349,39040,
1788392880000,2026-09-02T23:48:00.000Z,1.349,1.3498,1.3487,1.3498,115374,
1788393060000,2026-09-02T23:51:00.000Z,1.3498,1.3503,1.3489,1.3493,104768,
1788393240000,2026-09-02T23:54:00.000Z,1.3493,1.3499,1.3486,1.3498,170358,
1788393420000,2026-09-02T23:57:00.000Z,1.3498,1.3517,1.3498,1.3506,480023,
1788393600000,2026-09-03T00:00:00.000Z,1.3506,1.3538,1.3493,1.3538,729405,
1788393780000,2026-09-03T00:03:00.000Z,1.3538,1.3542,1.3519,1.3525,828694,
1788393960000,2026-09-03T00:06:00.000Z,1.3525,1.3525,1.3487,1.3488,312085,
1788394140000,2026-09-03T00:09:00.000Z,1.3488,1.3507,1.3476,1.3501,986542,
1788394320000,2026-09-03T00:12:00.000Z,1.3501,1.3512,1.349,1.3494,314243,
1788394500000,2026-09-03T00:15:00.000Z,1.3494,1.3499,1.3481,1.3493,161370,
1788394680000,2026-09-03T00:18:00.000Z,1.3493,1.3501,1.3455,1.3459,1357202,
1788394860000,2026-09-03T00:21:00.000Z,1.3459,1.3468,1.3453,1.3454,281362,
1788395040000,2026-09-03T00:24:00.000Z,1.3454,1.3459,1.3443,1.3444,790479,
1788395220000,2026-09-03T00:27:00.000Z,1.3444,1.3459,1.3437,1.3448,1332885,
1788395400000,2026-09-03T00:30:00.000Z,1.3448,1.3463,1.343,1.3461,1614578,
1788395580000,2026-09-03T00:33:00.000Z,1.3461,1.3461,1.3438,1.3447,263843,
1788395760000,2026-09-03T00:36:00.000Z,1.3447,1.346,1.3427,1.3452,226989,
1788395940000,2026-09-03T00:39:00.000Z,1.3452,1.3471,1.3452,1.346,245799,
1788396120000,2026-09-03T00:42:00.000Z,1.346,1.346,1.3444,1.3447,546723,
1788396300000,2026-09-03T00:45:00.000Z,1.3447,1.3463,1.3441,1.346,58062,
1788396480000,2026-09-03T00:48:00.000Z,1.346,1.3468,1.3443,1.3455,104819,
1788396660000,2026-09-03T00:51:00.000Z,1.3455,1.3459,1.3439,1.3455,796624,
1788396840000,2026-09-03T00:54:00.000Z,1.3455,1.3455,1.3445,1.3451,594791,
1788397020000,2026-09-03T00:57:00.000Z,1.3451,1.3477,1.3437,1.3437,1705966,
1788397200000,2026-09-03T01:00:00.000Z,1.3437,1.3444,1.3391,1.3423,1451185,
1788397380000,2026-09-03T01:03:00.000Z,1.3423,1.3497,1.3416,1.3486,1350592,
1788397560000,2026-09-03T01:06:00.000Z,1.3486,1.3521,1.3476,1.3521,706626,
1788397740000,2026-09-03T01:09:00.000Z,1.3521,1.3537,1.3508,1.3527,1769528,
1788397920000,2026-09-03T01:12:00.000Z,1.3527,1.3582,1.3523,1.3579,1426591,
1788398100000,2026-09-03T01:15:00.000Z,1.3579,1.3608,1.3543,1.3578,1660572,
1788398280000,2026-09-03T01:18:00.000Z,1.3578,1.358,1.3549,1.3563,917982,
1788398460000,2026-09-03T01:21:00.000Z,1.3563,1.3599,1.3553,1.3594,146082,
1788398640000,2026-09-03T01:24:00.000Z,1.3594,1.362,1.3575,1.3604,1446543,
1788398820000,2026-09-03T01:27:00.000Z,1.3604,1.3638,1.3595,1.3636,436274,
1788399000000,2026-09-03T01:30:00.000Z,1.3636,1.3661,1.3604,1.3617,2024080,
1788399180000,2026-09-03T01:33:00.000Z,1.3617,1.3633,1.3599,1.3599,795916,
1788399360000,2026-09-03T01:36:00.000Z,1.3599,1.362,1.3568,1.3619,2177746,
1788399540000,2026-09-03T01:39:00.000Z,1.3619,1.3639,1.36,1.3631,1480972,
1788399720000,2026-09-03T01:42:00.000Z,1.3631,1.365,1.3583,1.3585,1004134,
1788399900000,2026-09-03T01:45:00.000Z,1.3585,1.3589,1.3563,1.3565,1251057,
1788400080000,2026-09-03T01:48:00.000Z,1.3565,1.3573,1.3554,1.3557,319332,
1788400260000,2026-09-03T01:51:00.000Z,1.3557,1.3624,1.3557,1.3617,2252387,
1788400440000,2026-09-03T01:54:00.000Z,1.3617,1.3618,1.3582,1.3583,562845,
1788400620000,2026-09-03T01:57:00.000Z,1.3583,1.3584,1.3554,1.3555,316248,
1788400800000,2026-09-03T02:00:00.000Z,1.3555,1.3578,1.3546,1.355,405570,
1788400980000,2026-09-03T02:03:00.000Z,1.355,1.3562,1.3529,1.354,264132,
1788401160000,2026-09-03T02:06:00.000Z,1.354,1.3565,1.3533,1.3533,397326,
1788401340000,2026-09-03T02:09:00.000Z,1.3533,1.3572,1.3529,1.3569,232541,
1788401520000,2026-09-03T02:12:00.000Z,1.3569,1.3591,1.3561,1.3587,497700,
1788401700000,2026-09-03T02:15:00.000Z,1.3587,1.359,1.3557,1.358,733536,
1788401880000,2026-09-03T02:18:00.000Z,1.358,1.3604,1.3576,1.3603,372919,
1788402060000,2026-09-03T02:21:00.000Z,1.3603,1.3628,1.36,1.3614,379650,
1788402240000,2026-09-03T02:24:00.000Z,1.3614,1.3631,1.3609,1.3618,195476,
1788402420000,2026-09-03T02:27:00.000Z,1.3618,1.3639,1.3618,1.3629,237318,
1788402600000,2026-09-03T02:30:00.000Z,1.3629,1.3685,1.3613,1.3666,973015,
1788402780000,2026-09-03T02:33:00.000Z,1.3666,1.3729,1.3666,1.3694,1797580,
1788402960000,2026-09-03T02:36:00.000Z,1.3694,1.3709,1.3641,1.3658,1430771,
1788403140000,2026-09-03T02:39:00.000Z,1.3658,1.3681,1.3652,1.3675,220886,
1788403320000,2026-09-03T02:42:00.000Z,1.3675,1.3692,1.3675,1.3688,457412,
1788403500000,2026-09-03T02:45:00.000Z,1.3688,1.3706,1.3673,1.37,2018952,
1788403680000,2026-09-03T02:48:00.000Z,1.37,1.3715,1.3694,1.371,463661,
1788403860000,2026-09-03T02:51:00.000Z,1.371,1.371,1.369,1.3705,307546,
1788404040000,2026-09-03T02:54:00.000Z,1.3705,1.3723,1.369,1.3694,249459,
1788404220000,2026-09-03T02:57:00.000Z,1.3694,1.3699,1.368,1.369,138545,
1788404400000,2026-09-03T03:00:00.000Z,1.369,1.3695,1.3663,1.3668,439887,
1788404580000,2026-09-03T03:03:00.000Z,1.3668,1.3676,1.3664,1.3671,157969,
1788404760000,2026-09-03T03:06:00.000Z,1.3671,1.3691,1.3664,1.3685,218049,
1788404940000,2026-09-03T03:09:00.000Z,1.3685,1.3695,1.368,1.3689,163244,
1788405120000,2026-09-03T03:12:00.000Z,1.3689,1.3745,1.368,1.3713,1713281,
1788405300000,2026-09-03T03:15:00.000Z,1.3713,1.3713,1.3663,1.3682,1383625,
1788405480000,2026-09-03T03:18:00.000Z,1.3682,1.3703,1.3665,1.3667,1924248,
1788405660000,2026-09-03T03:21:00.000Z,1.3667,1.367,1.3646,1.3657,1065681,
1788405840000,2026-09-03T03:24:00.000Z,1.3657,1.3671,1.3645,1.3661,1382195,
1788406020000,2026-09-03T03:27:00.000Z,1.3661,1.3678,1.3651,1.3651,626531,
1788406200000,2026-09-03T03:30:00.000Z,1.3651,1.3681,1.3644,1.3675,1245981,
1788406380000,2026-09-03T03:33:00.000Z,1.3675,1.3683,1.3659,1.3661,142733,
1788406560000,2026-09-03T03:36:00.000Z,1.3661,1.3663,1.3654,1.3654,134185,
1788406740000,2026-09-03T03:39:00.000Z,1.3654,1.3664,1.3633,1.3638,275291,
1788406920000,2026-09-03T03:42:00.000Z,1.3638,1.3651,1.3637,1.3641,112958,
1788407100000,2026-09-03T03:45:00.000Z,1.3641,1.3642,1.3631,1.3635,193329,
1788407280000,2026-09-03T03:48:00.000Z,1.3635,1.3657,1.3635,1.365,52328,
1788407460000,2026-09-03T03:51:00.000Z,1.365,1.3667,1.3648,1.3665,81713,
1788407640000,2026-09-03T03:54:00.000Z,1.3665,1.367,1.3655,1.3663,38219,
1788407820000,2026-09-03T03:57:00.000Z,1.3663,1.367,1.3659,1.3663,90745,
1788408000000,2026-09-03T04:00:00.000Z,1.3663,1.3683,1.3663,1.368,738593,
1788408180000,2026-09-03T04:03:00.000Z,1.368,1.369,1.3673,1.3679,101468,
1788408360000,2026-09-03T04:06:00.000Z,1.3679,1.369,1.3676,1.3685,28411,
1788408540000,2026-09-03T04:09:00.000Z,1.3685,1.3692,1.3662,1.3675,1320502,
1788408720000,2026-09-03T04:12:00.000Z,1.3675,1.3684,1.3655,1.3659,882358,
1788408900000,2026-09-03T04:15:00.000Z,1.3659,1.3661,1.3618,1.3634,1435528,
1788409080000,2026-09-03T04:18:00.000Z,1.3634,1.3634,1.3606,1.3622,3543167,
1788409260000,2026-09-03T04:21:00.000Z,1.3622,1.3643,1.3609,1.3632,1444663,
1788409440000,2026-09-03T04:24:00.000Z,1.3632,1.3633,1.3615,1.3619,594941,
1788409620000,2026-09-03T04:27:00.000Z,1.3619,1.3622,1.3607,1.3612,103816,
1788409800000,2026-09-03T04:30:00.000Z,1.3612,1.3633,1.3612,1.3628,291321,
1788409980000,2026-09-03T04:33:00.000Z,1.3628,1.3634,1.3618,1.3619,208286,
1788410160000,2026-09-03T04:36:00.000Z,1.3619,1.362,1.3612,1.3618,95058,
1788410340000,2026-09-03T04:39:00.000Z,1.3618,1.363,1.3616,1.3623,109720,
1788410520000,2026-09-03T04:42:00.000Z,1.3623,1.3625,1.3611,1.3613,441273,
1788410700000,2026-09-03T04:45:00.000Z,1.3613,1.3627,1.3613,1.3623,458264,
1788410880000,2026-09-03T04:48:00.000Z,1.3623,1.3631,1.3618,1.3621,262770,
1788411060000,2026-09-03T04:51:00.000Z,1.3621,1.3681,1.3621,1.367,2886491,
1788411240000,2026-09-03T04:54:00.000Z,1.367,1.3686,1.3657,1.368,569180,
1788411420000,2026-09-03T04:57:00.000Z,1.368,1.3688,1.3673,1.3688,236540,
1788411600000,2026-09-03T05:00:00.000Z,1.3688,1.3704,1.3676,1.3689,259248,
1788411780000,2026-09-03T05:03:00.000Z,1.3689,1.3689,1.367,1.3671,286032,
1788411960000,2026-09-03T05:06:00.000Z,1.3671,1.3673,1.3662,1.3672,94270,
1788412140000,2026-09-03T05:09:00.000Z,1.3672,1.3672,1.3638,1.3644,1108878,
1788412320000,2026-09-03T05:12:00.000Z,1.3644,1.3646,1.3619,1.3642,1071952,
1788412500000,2026-09-03T05:15:00.000Z,1.3642,1.3646,1.3612,1.3621,533107,
1788412680000,2026-09-03T05:18:00.000Z,1.3621,1.3628,1.3576,1.3579,1558359,
1788412860000,2026-09-03T05:21:00.000Z,1.3579,1.3585,1.3525,1.3546,1622085,
1788413040000,2026-09-03T05:24:00.000Z,1.3546,1.3564,1.3537,1.3538,1676759,
1788413220000,2026-09-03T05:27:00.000Z,1.3538,1.3546,1.3508,1.3538,996439,
1788413400000,2026-09-03T05:30:00.000Z,1.3538,1.3579,1.3531,1.3575,1498311,
1788413580000,2026-09-03T05:33:00.000Z,1.3575,1.3599,1.3572,1.3591,894398,
1788413760000,2026-09-03T05:36:00.000Z,1.3591,1.362,1.3586,1.3619,576509,
1788413940000,2026-09-03T05:39:00.000Z,1.3619,1.3626,1.3601,1.362,517474,
1788414120000,2026-09-03T05:42:00.000Z,1.362,1.3641,1.3609,1.3636,209909,
1788414300000,2026-09-03T05:45:00.000Z,1.3636,1.3637,1.3605,1.3625,836960,
1788414480000,2026-09-03T05:48:00.000Z,1.3625,1.365,1.3625,1.3642,1675603,
1788414660000,2026-09-03T05:51:00.000Z,1.3642,1.3676,1.3641,1.3648,829414,
1788414840000,2026-09-03T05:54:00.000Z,1.3648,1.3686,1.3648,1.368,1600406,
1788415020000,2026-09-03T05:57:00.000Z,1.368,1.3697,1.3672,1.3683,777527,
1788415200000,2026-09-03T06:00:00.000Z,1.3683,1.3691,1.3651,1.3654,432282,
1788415380000,2026-09-03T06:03:00.000Z,1.3654,1.3654,1.3633,1.3641,126862,
1788415560000,2026-09-03T06:06:00.000Z,1.3641,1.3669,1.3635,1.3636,1510361,
1788415740000,2026-09-03T06:09:00.000Z,1.3636,1.3663,1.3634,1.3636,1053496,
1788415920000,2026-09-03T06:12:00.000Z,1.3636,1.3642,1.3626,1.3627,166347,
1788416100000,2026-09-03T06:15:00.000Z,1.3627,1.3641,1.362,1.363,97740,
1788416280000,2026-09-03T06:18:00.000Z,1.363,1.3656,1.363,1.3648,1314183,
1788416460000,2026-09-03T06:21:00.000Z,1.3648,1.3671,1.3648,1.3668,495799,
1788416640000,2026-09-03T06:24:00.000Z,1.3668,1.3674,1.3656,1.3663,101512,
1788416820000,2026-09-03T06:27:00.000Z,1.3663,1.3663,1.365,1.3651,70368,
1788417000000,2026-09-03T06:30:00.000Z,1.3651,1.3651,1.3628,1.363,803516,
1788417180000,2026-09-03T06:33:00.000Z,1.363,1.3652,1.3627,1.3647,64980,
1788417360000,2026-09-03T06:36:00.000Z,1.3647,1.3655,1.364,1.3652,87531,
1788417540000,2026-09-03T06:39:00.000Z,1.3652,1.3652,1.3641,1.3641,42743,
1788417720000,2026-09-03T06:42:00.000Z,1.3641,1.366,1.3641,1.366,158025,
1788417900000,2026-09-03T06:45:00.000Z,1.366,1.3667,1.3648,1.366,56546,
1788418080000,2026-09-03T06:48:00.000Z,1.366,1.3662,1.3642,1.3642,115410,
1788418260000,2026-09-03T06:51:00.000Z,1.3642,1.3655,1.3633,1.3633,26274,
1788418440000,2026-09-03T06:54:00.000Z,1.3633,1.3646,1.3631,1.3636,41397,
1788418620000,2026-09-03T06:57:00.000Z,1.3636,1.3643,1.3632,1.3639,104112,
1788418800000,2026-09-03T07:00:00.000Z,1.3639,1.3655,1.3633,1.3655,38713,
1788418980000,2026-09-03T07:03:00.000Z,1.3655,1.3753,1.3651,1.3746,1740469,
1788419160000,2026-09-03T07:06:00.000Z,1.3746,1.3748,1.3699,1.3711,871248,
1788419340000,2026-09-03T07:09:00.000Z,1.3711,1.3732,1.3693,1.3732,907338,
1788419520000,2026-09-03T07:12:00.000Z,1.3732,1.3753,1.3722,1.3722,353837,
1788419700000,2026-09-03T07:15:00.000Z,1.3722,1.3722,1.368,1.3701,1792313,
1788419880000,2026-09-03T07:18:00.000Z,1.3701,1.3709,1.3695,1.3698,275816,
1788420060000,2026-09-03T07:21:00.000Z,1.3698,1.3709,1.3688,1.3698,800038,
1788420240000,2026-09-03T07:24:00.000Z,1.3698,1.3699,1.3662,1.3688,1724416,
1788420420000,2026-09-03T07:27:00.000Z,1.3688,1.371,1.3668,1.3696,2034164,
1788420600000,2026-09-03T07:30:00.000Z,1.3696,1.3696,1.3674,1.3683,314987,
1788420780000,2026-09-03T07:33:00.000Z,1.3683,1.3709,1.3679,1.3706,2084512,
1788420960000,2026-09-03T07:36:00.000Z,1.3706,1.3731,1.3705,1.3723,510962,
1788421140000,2026-09-03T07:39:00.000Z,1.3723,1.3745,1.3723,1.3737,832645,
1788421320000,2026-09-03T07:42:00.000Z,1.3737,1.3745,1.3699,1.3699,1636904,
1788421500000,2026-09-03T07:45:00.000Z,1.3699,1.3709,1.3663,1.3666,646590,
1788421680000,2026-09-03T07:48:00.000Z,1.3666,1.3666,1.3636,1.3647,903314,
1788421860000,2026-09-03T07:51:00.000Z,1.3647,1.3654,1.364,1.3643,360752,
1788422040000,2026-09-03T07:54:00.000Z,1.3643,1.3649,1.362,1.3628,693609,
1788422220000,2026-09-03T07:57:00.000Z,1.3628,1.3668,1.362,1.3651,1013294,
1788422400000,2026-09-03T08:00:00.000Z,1.3651,1.3685,1.3651,1.3679,642449,
1788422580000,2026-09-03T08:03:00.000Z,1.3679,1.3778,1.3678,1.3764,958896,
1788422760000,2026-09-03T08:06:00.000Z,1.3764,1.3791,1.375,1.3774,1147548,
1788422940000,2026-09-03T08:09:00.000Z,1.3774,1.3774,1.3735,1.3756,723784,
1788423120000,2026-09-03T08:12:00.000Z,1.3756,1.3767,1.3714,1.3736,1997925,
1788423300000,2026-09-03T08:15:00.000Z,1.3736,1.3737,1.3709,1.3715,284759,
1788423480000,2026-09-03T08:18:00.000Z,1.3715,1.3729,1.3704,1.3712,173022,
1788423660000,2026-09-03T08:21:00.000Z,1.3712,1.3713,1.3685,1.3696,192817,
1788423840000,2026-09-03T08:24:00.000Z,1.3696,1.3703,1.3686,1.3693,176189,
1788424020000,2026-09-03T08:27:00.000Z,1.3693,1.3738,1.3693,1.373,228648,
1788424200000,2026-09-03T08:30:00.000Z,1.373,1.3742,1.3715,1.3726,266587,
1788424380000,2026-09-03T08:33:00.000Z,1.3726,1.3735,1.372,1.3723,327902,
1788424560000,2026-09-03T08:36:00.000Z,1.3723,1.3737,1.3723,1.3728,109657,
1788424740000,2026-09-03T08:39:00.000Z,1.3728,1.3733,1.3708,1.3711,89482,
1788424920000,2026-09-03T08:42:00.000Z,1.3711,1.3713,1.3697,1.3702,178544,
1788425100000,2026-09-03T08:45:00.000Z,1.3702,1.3721,1.3702,1.3716,121915,
1788425280000,2026-09-03T08:48:00.000Z,1.3716,1.3717,1.3682,1.3686,898953,
1788425460000,2026-09-03T08:51:00.000Z,1.3686,1.3692,1.367,1.3692,972303,
1788425640000,2026-09-03T08:54:00.000Z,1.3692,1.3702,1.3691,1.3694,223744,
1788425820000,2026-09-03T08:57:00.000Z,1.3694,1.3697,1.3685,1.3686,150787,
1788426000000,2026-09-03T09:00:00.000Z,1.3686,1.3691,1.3668,1.3676,107435,
1788426180000,2026-09-03T09:03:00.000Z,1.3676,1.3676,1.3661,1.3664,127849,
1788426360000,2026-09-03T09:06:00.000Z,1.3664,1.3711,1.3657,1.3709,1007997,
1788426540000,2026-09-03T09:09:00.000Z,1.3709,1.3715,1.37,1.3715,211884,
1788426720000,2026-09-03T09:12:00.000Z,1.3715,1.372,1.3674,1.3678,1183262,
1788426900000,2026-09-03T09:15:00.000Z,1.3678,1.3698,1.3674,1.3681,620255,
1788427080000,2026-09-03T09:18:00.000Z,1.3681,1.369,1.366,1.369,1589303,
1788427260000,2026-09-03T09:21:00.000Z,1.369,1.369,1.3671,1.3679,111083,
1788427440000,2026-09-03T09:24:00.000Z,1.3679,1.3684,1.3673,1.368,77483,
1788427620000,2026-09-03T09:27:00.000Z,1.368,1.368,1.3652,1.3656,915997,
1788427800000,2026-09-03T09:30:00.000Z,1.3656,1.3664,1.364,1.3661,1991019,
1788427980000,2026-09-03T09:33:00.000Z,1.3661,1.3666,1.362,1.3634,1169814,
1788428160000,2026-09-03T09:36:00.000Z,1.3634,1.3645,1.3626,1.3629,579349,
1788428340000,2026-09-03T09:39:00.000Z,1.3629,1.3643,1.3627,1.3632,985645,
1788428520000,2026-09-03T09:42:00.000Z,1.3632,1.3647,1.3626,1.3641,384239,
1788428700000,2026-09-03T09:45:00.000Z,1.3641,1.3659,1.3641,1.3643,231990,
1788428880000,2026-09-03T09:48:00.000Z,1.3643,1.3643,1.3609,1.3614,359279,
1788429060000,2026-09-03T09:51:00.000Z,1.3614,1.3628,1.3612,1.3614,173458,
1788429240000,2026-09-03T09:54:00.000Z,1.3614,1.3621,1.3611,1.3614,76229,
1788429420000,2026-09-03T09:57:00.000Z,1.3614,1.3622,1.361,1.361,93445,
1788429600000,2026-09-03T10:00:00.000Z,1.361,1.3627,1.3594,1.3622,1539182,
1788429780000,2026-09-03T10:03:00.000Z,1.3622,1.3634,1.3618,1.3625,263467,
1788429960000,2026-09-03T10:06:00.000Z,1.3625,1.364,1.3616,1.3616,728512,
1788430140000,2026-09-03T10:09:00.000Z,1.3616,1.3623,1.3602,1.3616,149445,
1788430320000,2026-09-03T10:12:00.000Z,1.3616,1.3617,1.3595,1.3605,389126,
1788430500000,2026-09-03T10:15:00.000Z,1.3605,1.361,1.3598,1.3605,40420,
1788430680000,2026-09-03T10:18:00.000Z,1.3605,1.3651,1.3605,1.3647,680441,
1788430860000,2026-09-03T10:21:00.000Z,1.3647,1.3662,1.3637,1.3644,554282,
1788431040000,2026-09-03T10:24:00.000Z,1.3644,1.3645,1.3624,1.3633,191819,
1788431220000,2026-09-03T10:27:00.000Z,1.3633,1.3634,1.362,1.3624,44401,
1788431400000,2026-09-03T10:30:00.000Z,1.3624,1.3632,1.361,1.362,237906,
1788431580000,2026-09-03T10:33:00.000Z,1.362,1.3627,1.3591,1.3599,787862,
1788431760000,2026-09-03T10:36:00.000Z,1.3599,1.3604,1.358,1.3597,697433,
1788431940000,2026-09-03T10:39:00.000Z,1.3597,1.3607,1.3586,1.3592,145126,
1788432120000,2026-09-03T10:42:00.000Z,1.3592,1.3596,1.3583,1.3589,129104,
1788432300000,2026-09-03T10:45:00.000Z,1.3589,1.3599,1.3587,1.3592,90471,
1788432480000,2026-09-03T10:48:00.000Z,1.3592,1.3613,1.3592,1.3606,310305,
1788432660000,2026-09-03T10:51:00.000Z,1.3606,1.3642,1.3605,1.363,186344,
1788432840000,2026-09-03T10:54:00.000Z,1.363,1.3647,1.3629,1.3643,168517,
1788433020000,2026-09-03T10:57:00.000Z,1.3643,1.3646,1.3633,1.3644,91639,
1788433200000,2026-09-03T11:00:00.000Z,1.3644,1.3659,1.3634,1.3649,1055800,
1788433380000,2026-09-03T11:03:00.000Z,1.3649,1.3657,1.3631,1.3655,542929,
1788433560000,2026-09-03T11:06:00.000Z,1.3655,1.3656,1.3639,1.3652,350214,
1788433740000,2026-09-03T11:09:00.000Z,1.3652,1.3687,1.3652,1.3667,1421328,
1788433920000,2026-09-03T11:12:00.000Z,1.3667,1.3677,1.3664,1.3666,285299,
1788434100000,2026-09-03T11:15:00.000Z,1.3666,1.3687,1.3665,1.3674,169556,
1788434280000,2026-09-03T11:18:00.000Z,1.3674,1.3692,1.3674,1.3681,153626,
1788434460000,2026-09-03T11:21:00.000Z,1.3681,1.3681,1.3666,1.3667,142024,
1788434640000,2026-09-03T11:24:00.000Z,1.3667,1.37,1.3666,1.37,180168,
1788434820000,2026-09-03T11:27:00.000Z,1.37,1.3715,1.3698,1.3707,381577,
1788435000000,2026-09-03T11:30:00.000Z,1.3707,1.3714,1.3676,1.3714,1114402,
1788435180000,2026-09-03T11:33:00.000Z,1.3714,1.3725,1.3694,1.3694,879376,
1788435360000,2026-09-03T11:36:00.000Z,1.3694,1.3704,1.3682,1.3685,102434,
1788435540000,2026-09-03T11:39:00.000Z,1.3685,1.3726,1.368,1.3726,491889,
1788435720000,2026-09-03T11:42:00.000Z,1.3726,1.3739,1.3704,1.3711,1382835,
1788435900000,2026-09-03T11:45:00.000Z,1.3711,1.3733,1.3711,1.3722,169887,
1788436080000,2026-09-03T11:48:00.000Z,1.3722,1.3723,1.3697,1.3705,825398,
1788436260000,2026-09-03T11:51:00.000Z,1.3705,1.3718,1.3704,1.3704,111166,
1788436440000,2026-09-03T11:54:00.000Z,1.3704,1.3734,1.3699,1.3726,1560335,
1788436620000,2026-09-03T11:57:00.000Z,1.3726,1.374,1.3724,1.3728,382044,
1788436800000,2026-09-03T12:00:00.000Z,1.3728,1.3735,1.3714,1.3726,440768,
1788436980000,2026-09-03T12:03:00.000Z,1.3726,1.3726,1.3696,1.3713,337206,
1788437160000,2026-09-03T12:06:00.000Z,1.3713,1.3713,1.3686,1.3699,228848,
1788437340000,2026-09-03T12:09:00.000Z,1.3699,1.3736,1.3692,1.3733,237187,
1788437520000,2026-09-03T12:12:00.000Z,1.3733,1.3734,1.3719,1.3726,255614,
1788437700000,2026-09-03T12:15:00.000Z,1.3726,1.3742,1.3708,1.3708,900695,
1788437880000,2026-09-03T12:18:00.000Z,1.3708,1.371,1.3696,1.3696,82872,
1788438060000,2026-09-03T12:21:00.000Z,1.3696,1.3719,1.3696,1.3719,86362,
1788438240000,2026-09-03T12:24:00.000Z,1.3719,1.3723,1.3706,1.3712,80910,
1788438420000,2026-09-03T12:27:00.000Z,1.3712,1.3716,1.371,1.3713,29339,
1788438600000,2026-09-03T12:30:00.000Z,1.3713,1.3827,1.3713,1.3786,4342433,
1788438780000,2026-09-03T12:33:00.000Z,1.3786,1.3799,1.3736,1.3743,1149661,
1788438960000,2026-09-03T12:36:00.000Z,1.3743,1.3787,1.3739,1.3785,415847,
1788439140000,2026-09-03T12:39:00.000Z,1.3785,1.3789,1.3748,1.3748,1832943,
1788439320000,2026-09-03T12:42:00.000Z,1.3748,1.3762,1.3738,1.375,168698,
1788439500000,2026-09-03T12:45:00.000Z,1.375,1.3784,1.3737,1.378,792473,
1788439680000,2026-09-03T12:48:00.000Z,1.378,1.3812,1.3777,1.3784,2010961,
1788439860000,2026-09-03T12:51:00.000Z,1.3784,1.3824,1.3784,1.3819,3429554,
1788440040000,2026-09-03T12:54:00.000Z,1.3819,1.3873,1.3819,1.3873,2322858,
1788440220000,2026-09-03T12:57:00.000Z,1.3873,1.3914,1.3851,1.3857,4717061,
1788440400000,2026-09-03T13:00:00.000Z,1.3857,1.3869,1.382,1.3834,1299254,
1788440580000,2026-09-03T13:03:00.000Z,1.3834,1.3858,1.3834,1.384,1384256,
1788440760000,2026-09-03T13:06:00.000Z,1.384,1.3858,1.3821,1.3849,2277106,
1788440940000,2026-09-03T13:09:00.000Z,1.3849,1.3915,1.3848,1.3915,558838,
1788441120000,2026-09-03T13:12:00.000Z,1.3915,1.3924,1.3879,1.3888,878108,
1788441300000,2026-09-03T13:15:00.000Z,1.3888,1.3907,1.3872,1.3874,1587348,
1788441480000,2026-09-03T13:18:00.000Z,1.3874,1.3899,1.3859,1.3899,1630976,
1788441660000,2026-09-03T13:21:00.000Z,1.3899,1.3922,1.3877,1.3878,870991,
1788441840000,2026-09-03T13:24:00.000Z,1.3878,1.3887,1.3847,1.3849,607660,
1788442020000,2026-09-03T13:27:00.000Z,1.3849,1.3885,1.3847,1.3873,226528,
1788442200000,2026-09-03T13:30:00.000Z,1.3873,1.3931,1.3863,1.3926,917183,
1788442380000,2026-09-03T13:33:00.000Z,1.3926,1.3969,1.3907,1.3907,2141996,
1788442560000,2026-09-03T13:36:00.000Z,1.3907,1.3958,1.3881,1.3938,714267,
1788442740000,2026-09-03T13:39:00.000Z,1.3938,1.3998,1.3929,1.3987,1966293,
1788442920000,2026-09-03T13:42:00.000Z,1.3987,1.4008,1.3971,1.3987,1622699,
1788443100000,2026-09-03T13:45:00.000Z,1.3987,1.4004,1.3941,1.3946,2359849,
1788443280000,2026-09-03T13:48:00.000Z,1.3946,1.3985,1.3933,1.3978,1585369,
1788443460000,2026-09-03T13:51:00.000Z,1.3978,1.3982,1.3929,1.393,520841,
1788443640000,2026-09-03T13:54:00.000Z,1.393,1.3934,1.3901,1.3904,541442,
1788443820000,2026-09-03T13:57:00.000Z,1.3904,1.395,1.3904,1.3929,2048707,
1788444000000,2026-09-03T14:00:00.000Z,1.3929,1.3932,1.3873,1.3905,2054412,
1788444180000,2026-09-03T14:03:00.000Z,1.3905,1.3924,1.3892,1.391,743628,
1788444360000,2026-09-03T14:06:00.000Z,1.391,1.3918,1.3888,1.3912,2240739,
1788444540000,2026-09-03T14:09:00.000Z,1.3912,1.393,1.3885,1.3927,1510816,
1788444720000,2026-09-03T14:12:00.000Z,1.3927,1.3938,1.3912,1.3931,510155,
1788444900000,2026-09-03T14:15:00.000Z,1.3931,1.398,1.3931,1.3972,680933,
1788445080000,2026-09-03T14:18:00.000Z,1.3972,1.3975,1.3935,1.3967,340798,
1788445260000,2026-09-03T14:21:00.000Z,1.3967,1.4036,1.3964,1.4035,2730623,
1788445440000,2026-09-03T14:24:00.000Z,1.4035,1.4053,1.4021,1.404,822391,
1788445620000,2026-09-03T14:27:00.000Z,1.404,1.4082,1.4037,1.4069,3335262,
1788445800000,2026-09-03T14:30:00.000Z,1.4069,1.4142,1.4034,1.4118,2007366,
1788445980000,2026-09-03T14:33:00.000Z,1.4118,1.4131,1.408,1.4108,720045,
1788446160000,2026-09-03T14:36:00.000Z,1.4108,1.4119,1.4061,1.41,1057436,
1788446340000,2026-09-03T14:39:00.000Z,1.41,1.4121,1.4075,1.4105,875689,
1788446520000,2026-09-03T14:42:00.000Z,1.4105,1.4204,1.4105,1.4152,3170025,
1788446700000,2026-09-03T14:45:00.000Z,1.4152,1.4214,1.4145,1.4199,1908016,
1788446880000,2026-09-03T14:48:00.000Z,1.4199,1.4377,1.4184,1.4348,6228057,
1788447060000,2026-09-03T14:51:00.000Z,1.4348,1.4348,1.4272,1.4328,1647811,
1788447240000,2026-09-03T14:54:00.000Z,1.4328,1.4441,1.432,1.4418,2699813,
1788447420000,2026-09-03T14:57:00.000Z,1.4418,1.4508,1.4417,1.4497,1853798,
1788447600000,2026-09-03T15:00:00.000Z,1.4497,1.4676,1.4477,1.4604,4137863,
1788447780000,2026-09-03T15:03:00.000Z,1.4604,1.462,1.4479,1.4592,3227527,
1788447960000,2026-09-03T15:06:00.000Z,1.4592,1.4611,1.4548,1.4606,2232969,
1788448140000,2026-09-03T15:09:00.000Z,1.4606,1.4614,1.4404,1.4417,3154259,
1788448320000,2026-09-03T15:12:00.000Z,1.4417,1.4546,1.4417,1.4492,2700794,
1788448500000,2026-09-03T15:15:00.000Z,1.4492,1.4519,1.4421,1.4457,1614613,
1788448680000,2026-09-03T15:18:00.000Z,1.4457,1.4475,1.4376,1.4402,2148690,
1788448860000,2026-09-03T15:21:00.000Z,1.4402,1.4486,1.4396,1.4473,944419,
1788449040000,2026-09-03T15:24:00.000Z,1.4473,1.4537,1.4463,1.4469,1585275,
1788449220000,2026-09-03T15:27:00.000Z,1.4469,1.4485,1.442,1.4471,2114560,
1788449400000,2026-09-03T15:30:00.000Z,1.4471,1.4505,1.444,1.4483,1293865,
1788449580000,2026-09-03T15:33:00.000Z,1.4483,1.4534,1.4478,1.4501,1114159,
1788449760000,2026-09-03T15:36:00.000Z,1.4501,1.4527,1.4483,1.4506,332706,
1788449940000,2026-09-03T15:39:00.000Z,1.4506,1.4532,1.4482,1.4525,788292,
1788450120000,2026-09-03T15:42:00.000Z,1.4525,1.4547,1.4476,1.4476,927183,
1788450300000,2026-09-03T15:45:00.000Z,1.4476,1.4486,1.439,1.4409,852349,
1788450480000,2026-09-03T15:48:00.000Z,1.4409,1.4488,1.4395,1.4488,1090110,
1788450660000,2026-09-03T15:51:00.000Z,1.4488,1.4632,1.4488,1.461,2284682,
1788450840000,2026-09-03T15:54:00.000Z,1.461,1.4655,1.4593,1.4637,870792,
1788451020000,2026-09-03T15:57:00.000Z,1.4637,1.4663,1.4621,1.4642,789406,
1788451200000,2026-09-03T16:00:00.000Z,1.4642,1.4657,1.4517,1.4524,1315561,
1788451380000,2026-09-03T16:03:00.000Z,1.4524,1.454,1.4404,1.4458,3115291,
1788451560000,2026-09-03T16:06:00.000Z,1.4458,1.4511,1.4412,1.4489,1310010,
1788451740000,2026-09-03T16:09:00.000Z,1.4489,1.4531,1.4482,1.4523,423515,
1788451920000,2026-09-03T16:12:00.000Z,1.4523,1.4524,1.4468,1.451,671574,
1788452100000,2026-09-03T16:15:00.000Z,1.451,1.4521,1.4476,1.449,410078,
1788452280000,2026-09-03T16:18:00.000Z,1.449,1.4548,1.4462,1.4543,520228,
1788452460000,2026-09-03T16:21:00.000Z,1.4543,1.4616,1.4525,1.4586,2522554,
1788452640000,2026-09-03T16:24:00.000Z,1.4586,1.4622,1.4526,1.4582,1537991,
1788452820000,2026-09-03T16:27:00.000Z,1.4582,1.46,1.4529,1.4582,587812,
1788453000000,2026-09-03T16:30:00.000Z,1.4582,1.4638,1.4558,1.4578,2088950,
1788453180000,2026-09-03T16:33:00.000Z,1.4578,1.4624,1.4572,1.4583,315721,
1788453360000,2026-09-03T16:36:00.000Z,1.4583,1.4607,1.4549,1.46,1680959,
1788453540000,2026-09-03T16:39:00.000Z,1.46,1.4601,1.4574,1.4584,315079,
1788453720000,2026-09-03T16:42:00.000Z,1.4584,1.4599,1.4567,1.4593,364767,
1788453900000,2026-09-03T16:45:00.000Z,1.4593,1.4605,1.4575,1.4605,63545,
1788454080000,2026-09-03T16:48:00.000Z,1.4605,1.4618,1.4571,1.4603,156178,
1788454260000,2026-09-03T16:51:00.000Z,1.4603,1.4612,1.4564,1.4574,717765,
1788454440000,2026-09-03T16:54:00.000Z,1.4574,1.4606,1.4563,1.4563,244762,
1788454620000,2026-09-03T16:57:00.000Z,1.4563,1.4567,1.4515,1.4525,618979,
1788454800000,2026-09-03T17:00:00.000Z,1.4525,1.4559,1.451,1.4518,694586,
1788454980000,2026-09-03T17:03:00.000Z,1.4518,1.4574,1.4518,1.4568,401059,
1788455160000,2026-09-03T17:06:00.000Z,1.4568,1.4568,1.4519,1.4532,341401,
1788455340000,2026-09-03T17:09:00.000Z,1.4532,1.4559,1.452,1.4557,394132,
1788455520000,2026-09-03T17:12:00.000Z,1.4557,1.4589,1.454,1.4576,927796,
1788455700000,2026-09-03T17:15:00.000Z,1.4576,1.4579,1.4551,1.4554,255424,
1788455880000,2026-09-03T17:18:00.000Z,1.4554,1.4556,1.4513,1.4531,996108,
1788456060000,2026-09-03T17:21:00.000Z,1.4531,1.4541,1.4514,1.4517,155936,
1788456240000,2026-09-03T17:24:00.000Z,1.4517,1.4518,1.4476,1.4506,2154467,
1788456420000,2026-09-03T17:27:00.000Z,1.4506,1.4541,1.4497,1.453,1642887,
1788456600000,2026-09-03T17:30:00.000Z,1.453,1.4563,1.4523,1.4563,475856,
1788456780000,2026-09-03T17:33:00.000Z,1.4563,1.4601,1.4561,1.4581,1586228,
1788456960000,2026-09-03T17:36:00.000Z,1.4581,1.4616,1.4581,1.4602,382986,
1788457140000,2026-09-03T17:39:00.000Z,1.4602,1.4617,1.4599,1.4608,477360,
1788457320000,2026-09-03T17:42:00.000Z,1.4608,1.4613,1.457,1.4577,1782163,
1788457500000,2026-09-03T17:45:00.000Z,1.4577,1.463,1.4572,1.4624,1408741,
1788457680000,2026-09-03T17:48:00.000Z,1.4624,1.4637,1.4604,1.4625,368706,
1788457860000,2026-09-03T17:51:00.000Z,1.4625,1.4631,1.4607,1.4619,352119,
1788458040000,2026-09-03T17:54:00.000Z,1.4619,1.462,1.4583,1.4602,2253334,
1788458220000,2026-09-03T17:57:00.000Z,1.4602,1.4622,1.4588,1.4612,1107236,
1788458400000,2026-09-03T18:00:00.000Z,1.4612,1.4632,1.4593,1.4618,2675013,
1788458580000,2026-09-03T18:03:00.000Z,1.4618,1.4661,1.4614,1.4641,925951,
1788458760000,2026-09-03T18:06:00.000Z,1.4641,1.4691,1.4639,1.4655,1644709,
1788458940000,2026-09-03T18:09:00.000Z,1.4655,1.4682,1.4651,1.4651,816788,
1788459120000,2026-09-03T18:12:00.000Z,1.4651,1.4684,1.4628,1.4671,751650,
1788459300000,2026-09-03T18:15:00.000Z,1.4671,1.4678,1.4641,1.4641,634778,
1788459480000,2026-09-03T18:18:00.000Z,1.4641,1.4649,1.4619,1.463,343875,
1788459660000,2026-09-03T18:21:00.000Z,1.463,1.4637,1.4594,1.461,691417,
1788459840000,2026-09-03T18:24:00.000Z,1.461,1.4636,1.4586,1.459,597066,
1788460020000,2026-09-03T18:27:00.000Z,1.459,1.4606,1.459,1.459,113823,
1788460200000,2026-09-03T18:30:00.000Z,1.459,1.4611,1.4543,1.4588,2599586,
1788460380000,2026-09-03T18:33:00.000Z,1.4588,1.4605,1.4582,1.4586,573963,
1788460560000,2026-09-03T18:36:00.000Z,1.4586,1.4586,1.4556,1.4573,234901,
1788460740000,2026-09-03T18:39:00.000Z,1.4573,1.4581,1.4554,1.4574,274908,
1788460920000,2026-09-03T18:42:00.000Z,1.4574,1.4575,1.4547,1.4553,1240934,
1788461100000,2026-09-03T18:45:00.000Z,1.4553,1.4584,1.455,1.4575,247546,
1788461280000,2026-09-03T18:48:00.000Z,1.4575,1.4605,1.4574,1.4603,189642,
1788461460000,2026-09-03T18:51:00.000Z,1.4603,1.4638,1.4596,1.4637,553790,
1788461640000,2026-09-03T18:54:00.000Z,1.4637,1.4644,1.4618,1.4638,128202,
1788461820000,2026-09-03T18:57:00.000Z,1.4638,1.4639,1.462,1.4625,88583,
1788462000000,2026-09-03T19:00:00.000Z,1.4625,1.4644,1.4612,1.4621,381917,
1788462180000,2026-09-03T19:03:00.000Z,1.4621,1.4721,1.461,1.4655,1207901,
1788462360000,2026-09-03T19:06:00.000Z,1.4655,1.4664,1.4617,1.4623,704028,
1788462540000,2026-09-03T19:09:00.000Z,1.4623,1.4654,1.4623,1.4631,897384,
1788462720000,2026-09-03T19:12:00.000Z,1.4631,1.4635,1.4597,1.4607,629194,
1788462900000,2026-09-03T19:15:00.000Z,1.4607,1.4638,1.4601,1.4636,453264,
1788463080000,2026-09-03T19:18:00.000Z,1.4636,1.468,1.4622,1.4678,270984,
1788463260000,2026-09-03T19:21:00.000Z,1.4678,1.4692,1.467,1.4683,237963,
1788463440000,2026-09-03T19:24:00.000Z,1.4683,1.4703,1.4661,1.4696,284054,
1788463620000,2026-09-03T19:27:00.000Z,1.4696,1.4717,1.4687,1.4705,419784,
1788463800000,2026-09-03T19:30:00.000Z,1.4705,1.4709,1.4654,1.4658,1691349,
1788463980000,2026-09-03T19:33:00.000Z,1.4658,1.4684,1.4657,1.4675,1161030,
1788464160000,2026-09-03T19:36:00.000Z,1.4675,1.47,1.4667,1.4699,1592827,
1788464340000,2026-09-03T19:39:00.000Z,1.4699,1.4713,1.4691,1.4706,772497,
1788464520000,2026-09-03T19:42:00.000Z,1.4706,1.4707,1.4676,1.4684,85553,
1788464700000,2026-09-03T19:45:00.000Z,1.4684,1.4691,1.4633,1.4638,312702,
1788464880000,2026-09-03T19:48:00.000Z,1.4638,1.4658,1.4631,1.4654,203397,
1788465060000,2026-09-03T19:51:00.000Z,1.4654,1.4674,1.4647,1.4658,291794,
1788465240000,2026-09-03T19:54:00.000Z,1.4658,1.4674,1.465,1.467,538639,
1788465420000,2026-09-03T19:57:00.000Z,1.467,1.4748,1.4666,1.4709,2614006,
1788465600000,2026-09-03T20:00:00.000Z,1.4709,1.4709,1.4599,1.4629,1724977,
1788465780000,2026-09-03T20:03:00.000Z,1.4629,1.4723,1.4629,1.4699,852800,
1788465960000,2026-09-03T20:06:00.000Z,1.4699,1.4708,1.4676,1.4707,186862,
1788466140000,2026-09-03T20:09:00.000Z,1.4707,1.4716,1.4653,1.4657,1436681,
1788466320000,2026-09-03T20:12:00.000Z,1.4657,1.4693,1.4648,1.467,545052,
1788466500000,2026-09-03T20:15:00.000Z,1.467,1.4733,1.467,1.4725,401177,
1788466680000,2026-09-03T20:18:00.000Z,1.4725,1.4727,1.4701,1.4719,239997,
1788466860000,2026-09-03T20:21:00.000Z,1.4719,1.4723,1.4684,1.4723,248374,
1788467040000,2026-09-03T20:24:00.000Z,1.4723,1.4754,1.4703,1.4751,614981,
1788467220000,2026-09-03T20:27:00.000Z,1.4751,1.483,1.474,1.481,1941553,
1788467400000,2026-09-03T20:30:00.000Z,1.481,1.4811,1.4759,1.4783,529731,
1788467580000,2026-09-03T20:33:00.000Z,1.4783,1.479,1.4735,1.4736,296012,
1788467760000,2026-09-03T20:36:00.000Z,1.4736,1.4772,1.4696,1.4772,1472547,
1788467940000,2026-09-03T20:39:00.000Z,1.4772,1.4792,1.4751,1.4757,159274,
1788468120000,2026-09-03T20:42:00.000Z,1.4757,1.4764,1.4737,1.4737,663222,
1788468300000,2026-09-03T20:45:00.000Z,1.4737,1.4747,1.4718,1.4747,338823,
1788468480000,2026-09-03T20:48:00.000Z,1.4747,1.4763,1.4738,1.474,353546,
1788468660000,2026-09-03T20:51:00.000Z,1.474,1.474,1.4709,1.473,317867,
1788468840000,2026-09-03T20:54:00.000Z,1.473,1.4735,1.4708,1.473,116573,
1788469020000,2026-09-03T20:57:00.000Z,1.473,1.473,1.4705,1.4705,617340,
1788469200000,2026-09-03T21:00:00.000Z,1.4705,1.4723,1.4682,1.4683,180251,
1788469380000,2026-09-03T21:03:00.000Z,1.4683,1.4683,1.4648,1.4676,553898,
1788469560000,2026-09-03T21:06:00.000Z,1.4676,1.4696,1.4657,1.4676,1080292,
1788469740000,2026-09-03T21:09:00.000Z,1.4676,1.4721,1.4666,1.4715,2061453,
1788469920000,2026-09-03T21:12:00.000Z,1.4715,1.4755,1.4714,1.4735,450911,
1788470100000,2026-09-03T21:15:00.000Z,1.4735,1.4735,1.4684,1.4721,1079112,
1788470280000,2026-09-03T21:18:00.000Z,1.4721,1.4724,1.4692,1.4716,513897,
1788470460000,2026-09-03T21:21:00.000Z,1.4716,1.4726,1.4661,1.4662,800052,
1788470640000,2026-09-03T21:24:00.000Z,1.4662,1.4675,1.4644,1.4675,1526677,
1788470820000,2026-09-03T21:27:00.000Z,1.4675,1.4696,1.4644,1.4692,1602591,
1788471000000,2026-09-03T21:30:00.000Z,1.4692,1.4735,1.4692,1.4714,723278,
1788471180000,2026-09-03T21:33:00.000Z,1.4714,1.4776,1.4692,1.4715,1234236,
1788471360000,2026-09-03T21:36:00.000Z,1.4715,1.4719,1.4654,1.4663,1455987,
1788471540000,2026-09-03T21:39:00.000Z,1.4663,1.4679,1.463,1.4678,1725373,
1788471720000,2026-09-03T21:42:00.000Z,1.4678,1.472,1.4662,1.4687,1407914,
1788471900000,2026-09-03T21:45:00.000Z,1.4687,1.4699,1.4641,1.4641,150214,
1788472080000,2026-09-03T21:48:00.000Z,1.4641,1.4694,1.4637,1.4681,311948,
1788472260000,2026-09-03T21:51:00.000Z,1.4681,1.4688,1.4663,1.467,69445,
1788472440000,2026-09-03T21:54:00.000Z,1.467,1.4689,1.4654,1.4666,195645,
1788472620000,2026-09-03T21:57:00.000Z,1.4666,1.4683,1.465,1.4654,319448,
1788472800000,2026-09-03T22:00:00.000Z,1.4654,1.4674,1.4556,1.4601,1150351,
1788472980000,2026-09-03T22:03:00.000Z,1.4601,1.4641,1.4575,1.4615,569596,
1788473160000,2026-09-03T22:06:00.000Z,1.4615,1.4619,1.4569,1.4574,416644,
1788473340000,2026-09-03T22:09:00.000Z,1.4574,1.458,1.455,1.4562,503005,
1788473520000,2026-09-03T22:12:00.000Z,1.4562,1.457,1.4527,1.4561,681331,
1788473700000,2026-09-03T22:15:00.000Z,1.4561,1.4584,1.4557,1.4578,169828,
1788473880000,2026-09-03T22:18:00.000Z,1.4578,1.4578,1.4539,1.4542,1059864,
1788474060000,2026-09-03T22:21:00.000Z,1.4542,1.4569,1.4532,1.4538,712361,
1788474240000,2026-09-03T22:24:00.000Z,1.4538,1.4539,1.4492,1.4499,593350,
1788474420000,2026-09-03T22:27:00.000Z,1.4499,1.4499,1.446,1.446,958227,
1788474600000,2026-09-03T22:30:00.000Z,1.446,1.448,1.443,1.4433,872762,
1788474780000,2026-09-03T22:33:00.000Z,1.4433,1.4466,1.4405,1.4465,1268728,
1788474960000,2026-09-03T22:36:00.000Z,1.4465,1.4524,1.4458,1.4505,456609,
1788475140000,2026-09-03T22:39:00.000Z,1.4505,1.452,1.4483,1.4506,984852,
1788475320000,2026-09-03T22:42:00.000Z,1.4506,1.4509,1.4492,1.4503,123517,
1788475500000,2026-09-03T22:45:00.000Z,1.4503,1.4545,1.4503,1.4533,656279,
1788475680000,2026-09-03T22:48:00.000Z,1.4533,1.4537,1.4518,1.4524,103924,
1788475860000,2026-09-03T22:51:00.000Z,1.4524,1.4542,1.4514,1.4536,294794,
1788476040000,2026-09-03T22:54:00.000Z,1.4536,1.4536,1.4511,1.4526,176867,
1788476220000,2026-09-03T22:57:00.000Z,1.4526,1.4552,1.4519,1.4552,235195,
1788476400000,2026-09-03T23:00:00.000Z,1.4552,1.4565,1.4535,1.4564,257462,
1788476580000,2026-09-03T23:03:00.000Z,1.4564,1.4595,1.4552,1.4593,159665,
1788476760000,2026-09-03T23:06:00.000Z,1.4593,1.4595,1.4548,1.4559,582709,
1788476940000,2026-09-03T23:09:00.000Z,1.4559,1.4561,1.4511,1.4521,402519,
1788477120000,2026-09-03T23:12:00.000Z,1.4521,1.4542,1.4516,1.4537,174323,
1788477300000,2026-09-03T23:15:00.000Z,1.4537,1.4567,1.4531,1.4559,940109,
1788477480000,2026-09-03T23:18:00.000Z,1.4559,1.4559,1.4537,1.455,176679,
1788477660000,2026-09-03T23:21:00.000Z,1.455,1.455,1.4504,1.4513,1451939,
1788477840000,2026-09-03T23:24:00.000Z,1.4513,1.4521,1.4495,1.4517,289403,
1788478020000,2026-09-03T23:27:00.000Z,1.4517,1.4533,1.4503,1.4533,101411,
1788478200000,2026-09-03T23:30:00.000Z,1.4533,1.4534,1.4496,1.4503,63141,
1788478380000,2026-09-03T23:33:00.000Z,1.4503,1.4517,1.4498,1.4499,63554,
1788478560000,2026-09-03T23:36:00.000Z,1.4499,1.4514,1.4491,1.4514,105970,
1788478740000,2026-09-03T23:39:00.000Z,1.4514,1.4522,1.4501,1.4511,248572,
1788478920000,2026-09-03T23:42:00.000Z,1.4511,1.4511,1.4481,1.4484,373769,
1788479100000,2026-09-03T23:45:00.000Z,1.4484,1.4502,1.4474,1.4483,136450,
1788479280000,2026-09-03T23:48:00.000Z,1.4483,1.45,1.4479,1.4481,795384,
1788479460000,2026-09-03T23:51:00.000Z,1.4481,1.4506,1.4481,1.4496,365215,
1788479640000,2026-09-03T23:54:00.000Z,1.4496,1.452,1.4491,1.4519,783500,
1788479820000,2026-09-03T23:57:00.000Z,1.4519,1.4519,1.4504,1.4506,114988,
1788480000000,2026-09-04T00:00:00.000Z,1.4506,1.4519,1.4485,1.4488,1180949,
1788480180000,2026-09-04T00:03:00.000Z,1.4488,1.4491,1.447,1.4481,405912,
1788480360000,2026-09-04T00:06:00.000Z,1.4481,1.4485,1.4456,1.4456,164301,
1788480540000,2026-09-04T00:09:00.000Z,1.4456,1.4496,1.4456,1.4495,869804,
1788480720000,2026-09-04T00:12:00.000Z,1.4495,1.4512,1.4485,1.4507,172898,
1788480900000,2026-09-04T00:15:00.000Z,1.4507,1.4545,1.4505,1.4537,397446,
1788481080000,2026-09-04T00:18:00.000Z,1.4537,1.4538,1.448,1.4502,1886847,
1788481260000,2026-09-04T00:21:00.000Z,1.4502,1.4513,1.4492,1.4496,76477,
1788481440000,2026-09-04T00:24:00.000Z,1.4496,1.4496,1.4458,1.4464,229575,
1788481620000,2026-09-04T00:27:00.000Z,1.4464,1.4464,1.4445,1.4451,181419,
1788481800000,2026-09-04T00:30:00.000Z,1.4451,1.4503,1.4445,1.45,768909,
1788481980000,2026-09-04T00:33:00.000Z,1.45,1.453,1.4494,1.453,147275,
1788482160000,2026-09-04T00:36:00.000Z,1.453,1.4569,1.4529,1.4566,958461,
1788482340000,2026-09-04T00:39:00.000Z,1.4566,1.4587,1.4561,1.4585,393529,
1788482520000,2026-09-04T00:42:00.000Z,1.4585,1.4585,1.4484,1.4515,1974167,
1788482700000,2026-09-04T00:45:00.000Z,1.4515,1.4515,1.4471,1.4475,530791,
1788482880000,2026-09-04T00:48:00.000Z,1.4475,1.4475,1.4439,1.444,1023253,
1788483060000,2026-09-04T00:51:00.000Z,1.444,1.4489,1.443,1.4459,1193575,
1788483240000,2026-09-04T00:54:00.000Z,1.4459,1.4459,1.4425,1.4429,578293,
1788483420000,2026-09-04T00:57:00.000Z,1.4429,1.4434,1.4402,1.4408,724160,
1788483600000,2026-09-04T01:00:00.000Z,1.4408,1.4472,1.4408,1.4441,1717875,
1788483780000,2026-09-04T01:03:00.000Z,1.4441,1.4441,1.4378,1.4416,1477779,
1788483960000,2026-09-04T01:06:00.000Z,1.4416,1.4446,1.4416,1.4434,505413,
1788484140000,2026-09-04T01:09:00.000Z,1.4434,1.446,1.4411,1.4451,568493,
1788484320000,2026-09-04T01:12:00.000Z,1.4451,1.4454,1.4418,1.443,458580,
1788484500000,2026-09-04T01:15:00.000Z,1.443,1.444,1.4414,1.4428,380212,
1788484680000,2026-09-04T01:18:00.000Z,1.4428,1.4435,1.4416,1.4434,435530,
1788484860000,2026-09-04T01:21:00.000Z,1.4434,1.4453,1.4405,1.4409,870980,
1788485040000,2026-09-04T01:24:00.000Z,1.4409,1.4412,1.439,1.4391,305455,
1788485220000,2026-09-04T01:27:00.000Z,1.4391,1.4403,1.4365,1.4391,800332,
1788485400000,2026-09-04T01:30:00.000Z,1.4391,1.4415,1.4371,1.4376,741043,
1788485580000,2026-09-04T01:33:00.000Z,1.4376,1.4381,1.4334,1.4363,1173977,
1788485760000,2026-09-04T01:36:00.000Z,1.4363,1.4384,1.436,1.4379,230118,
1788485940000,2026-09-04T01:39:00.000Z,1.4379,1.4381,1.4352,1.4364,203403,
1788486120000,2026-09-04T01:42:00.000Z,1.4364,1.4366,1.4348,1.4365,238083,
1788486300000,2026-09-04T01:45:00.000Z,1.4365,1.4374,1.4358,1.4366,103147,
1788486480000,2026-09-04T01:48:00.000Z,1.4366,1.44,1.4366,1.4396,517459,
1788486660000,2026-09-04T01:51:00.000Z,1.4396,1.441,1.439,1.4408,250628,
1788486840000,2026-09-04T01:54:00.000Z,1.4408,1.4432,1.4408,1.4423,674991,
1788487020000,2026-09-04T01:57:00.000Z,1.4423,1.4453,1.4423,1.4436,463219,
1788487200000,2026-09-04T02:00:00.000Z,1.4436,1.4437,1.4389,1.4403,1374308,
1788487380000,2026-09-04T02:03:00.000Z,1.4403,1.4416,1.4388,1.4407,660726,
1788487560000,2026-09-04T02:06:00.000Z,1.4407,1.4417,1.4384,1.4384,89407,
1788487740000,2026-09-04T02:09:00.000Z,1.4384,1.4404,1.4379,1.4395,612307,
1788487920000,2026-09-04T02:12:00.000Z,1.4395,1.4399,1.4387,1.4399,103373,
1788488100000,2026-09-04T02:15:00.000Z,1.4399,1.4443,1.4397,1.4419,337963,
1788488280000,2026-09-04T02:18:00.000Z,1.4419,1.4425,1.4402,1.4409,121647,
1788488460000,2026-09-04T02:21:00.000Z,1.4409,1.4413,1.4388,1.44,679298,
1788488640000,2026-09-04T02:24:00.000Z,1.44,1.44,1.4372,1.4378,318867,
1788488820000,2026-09-04T02:27:00.000Z,1.4378,1.4396,1.4375,1.4391,199954,
1788489000000,2026-09-04T02:30:00.000Z,1.4391,1.4423,1.4391,1.4423,137636,
1788489180000,2026-09-04T02:33:00.000Z,1.4423,1.4424,1.4397,1.44,92418,
1788489360000,2026-09-04T02:36:00.000Z,1.44,1.4426,1.4392,1.4422,246201,
1788489540000,2026-09-04T02:39:00.000Z,1.4422,1.4437,1.4422,1.4433,179193,
1788489720000,2026-09-04T02:42:00.000Z,1.4433,1.4434,1.4418,1.4418,52061,
1788489900000,2026-09-04T02:45:00.000Z,1.4418,1.4418,1.4402,1.441,63918,
1788490080000,2026-09-04T02:48:00.000Z,1.441,1.4421,1.4404,1.4419,160991,
1788490260000,2026-09-04T02:51:00.000Z,1.4419,1.4451,1.4419,1.4449,433510,
1788490440000,2026-09-04T02:54:00.000Z,1.4449,1.4468,1.4446,1.4458,258467,
1788490620000,2026-09-04T02:57:00.000Z,1.4458,1.4464,1.4444,1.4461,72563,
1788490800000,2026-09-04T03:00:00.000Z,1.4461,1.4486,1.4455,1.4478,595602,
1788490980000,2026-09-04T03:03:00.000Z,1.4478,1.451,1.4473,1.4505,563253,
1788491160000,2026-09-04T03:06:00.000Z,1.4505,1.453,1.4502,1.4503,368719,
1788491340000,2026-09-04T03:09:00.000Z,1.4503,1.4514,1.4481,1.4481,410084,
1788491520000,2026-09-04T03:12:00.000Z,1.4481,1.4494,1.4478,1.449,504162,
1788491700000,2026-09-04T03:15:00.000Z,1.449,1.449,1.4474,1.4477,153872,
1788491880000,2026-09-04T03:18:00.000Z,1.4477,1.4491,1.4476,1.4487,350140,
1788492060000,2026-09-04T03:21:00.000Z,1.4487,1.4495,1.4482,1.4485,199028,
1788492240000,2026-09-04T03:24:00.000Z,1.4485,1.4488,1.4456,1.446,135396,
1788492420000,2026-09-04T03:27:00.000Z,1.446,1.4475,1.4457,1.4462,47277,
1788492600000,2026-09-04T03:30:00.000Z,1.4462,1.449,1.4462,1.4481,105697,
1788492780000,2026-09-04T03:33:00.000Z,1.4481,1.4481,1.4458,1.448,53879,
1788492960000,2026-09-04T03:36:00.000Z,1.448,1.4484,1.4465,1.4472,65963,
1788493140000,2026-09-04T03:39:00.000Z,1.4472,1.4472,1.4462,1.4462,30929,
1788493320000,2026-09-04T03:42:00.000Z,1.4462,1.4487,1.4459,1.4479,88575,
1788493500000,2026-09-04T03:45:00.000Z,1.4479,1.448,1.4463,1.4463,158457,
1788493680000,2026-09-04T03:48:00.000Z,1.4463,1.4476,1.4462,1.4473,28797,
1788493860000,2026-09-04T03:51:00.000Z,1.4473,1.4481,1.4466,1.4481,113012,
1788494040000,2026-09-04T03:54:00.000Z,1.4481,1.4484,1.4467,1.447,126666,
1788494220000,2026-09-04T03:57:00.000Z,1.447,1.4473,1.4461,1.4462,48774,
1788494400000,2026-09-04T04:00:00.000Z,1.4462,1.4467,1.4449,1.4454,262411,
1788494580000,2026-09-04T04:03:00.000Z,1.4454,1.4454,1.4431,1.445,243518,
1788494760000,2026-09-04T04:06:00.000Z,1.445,1.445,1.4431,1.4441,297227,
1788494940000,2026-09-04T04:09:00.000Z,1.4441,1.4461,1.4437,1.446,326805,
1788495120000,2026-09-04T04:12:00.000Z,1.446,1.4489,1.446,1.4489,174680,
1788495300000,2026-09-04T04:15:00.000Z,1.4489,1.4524,1.4482,1.4485,1195190,
1788495480000,2026-09-04T04:18:00.000Z,1.4485,1.4516,1.4484,1.4514,322243,
1788495660000,2026-09-04T04:21:00.000Z,1.4514,1.4531,1.4507,1.4523,571765,
1788495840000,2026-09-04T04:24:00.000Z,1.4523,1.4541,1.4507,1.4531,451777,
1788496020000,2026-09-04T04:27:00.000Z,1.4531,1.4552,1.4531,1.4551,877925,
1788496200000,2026-09-04T04:30:00.000Z,1.4551,1.4562,1.4532,1.4552,411190,
1788496380000,2026-09-04T04:33:00.000Z,1.4552,1.4566,1.4536,1.4537,254168,
1788496560000,2026-09-04T04:36:00.000Z,1.4537,1.4541,1.452,1.452,205082,
1788496740000,2026-09-04T04:39:00.000Z,1.452,1.4535,1.4502,1.4528,1437574,
1788496920000,2026-09-04T04:42:00.000Z,1.4528,1.4528,1.4492,1.4498,1365087,
1788497100000,2026-09-04T04:45:00.000Z,1.4498,1.4517,1.4495,1.4499,89406,
1788497280000,2026-09-04T04:48:00.000Z,1.4499,1.4504,1.4487,1.4492,100706,
1788497460000,2026-09-04T04:51:00.000Z,1.4492,1.452,1.4484,1.4506,161024,
1788497640000,2026-09-04T04:54:00.000Z,1.4506,1.4523,1.4504,1.4508,146205,
1788497820000,2026-09-04T04:57:00.000Z,1.4508,1.4512,1.45,1.4502,182865,
1788498000000,2026-09-04T05:00:00.000Z,1.4502,1.4503,1.4468,1.4492,215912,
1788498180000,2026-09-04T05:03:00.000Z,1.4492,1.4493,1.4464,1.4486,585779,
1788498360000,2026-09-04T05:06:00.000Z,1.4486,1.4509,1.4486,1.4505,92266,
1788498540000,2026-09-04T05:09:00.000Z,1.4505,1.4524,1.4484,1.4489,1055315,
1788498720000,2026-09-04T05:12:00.000Z,1.4489,1.4493,1.4471,1.4471,204122,
1788498900000,2026-09-04T05:15:00.000Z,1.4471,1.4494,1.446,1.4493,899901,
1788499080000,2026-09-04T05:18:00.000Z,1.4493,1.4513,1.4489,1.4489,235941,
1788499260000,2026-09-04T05:21:00.000Z,1.4489,1.4508,1.4484,1.4507,71116,
1788499440000,2026-09-04T05:24:00.000Z,1.4507,1.4534,1.4493,1.4503,2901037,
1788499620000,2026-09-04T05:27:00.000Z,1.4503,1.4504,1.4478,1.4478,100885,
1788499800000,2026-09-04T05:30:00.000Z,1.4478,1.4478,1.4441,1.447,336407,
1788499980000,2026-09-04T05:33:00.000Z,1.447,1.4483,1.4454,1.4458,362499,
1788500160000,2026-09-04T05:36:00.000Z,1.4458,1.4484,1.4454,1.4461,1166505,
1788500340000,2026-09-04T05:39:00.000Z,1.4461,1.4479,1.4444,1.4477,208465,
1788500520000,2026-09-04T05:42:00.000Z,1.4477,1.4498,1.4475,1.4498,187471,
1788500700000,2026-09-04T05:45:00.000Z,1.4498,1.451,1.4447,1.4447,1416192,
1788500880000,2026-09-04T05:48:00.000Z,1.4447,1.4451,1.4419,1.4422,744244,
1788501060000,2026-09-04T05:51:00.000Z,1.4422,1.4431,1.4413,1.4418,221712,
1788501240000,2026-09-04T05:54:00.000Z,1.4418,1.4465,1.4418,1.4465,210465,
1788501420000,2026-09-04T05:57:00.000Z,1.4465,1.4482,1.4457,1.4462,259569,
1788501600000,2026-09-04T06:00:00.000Z,1.4462,1.4475,1.4454,1.4475,155084,
1788501780000,2026-09-04T06:03:00.000Z,1.4475,1.4475,1.4457,1.4457,45995,
1788501960000,2026-09-04T06:06:00.000Z,1.4457,1.448,1.4457,1.4479,105050,
1788502140000,2026-09-04T06:09:00.000Z,1.4479,1.4502,1.4477,1.4502,329379,
1788502320000,2026-09-04T06:12:00.000Z,1.4502,1.4528,1.4496,1.4503,289297,
1788502500000,2026-09-04T06:15:00.000Z,1.4503,1.4505,1.4482,1.4484,289886,
1788502680000,2026-09-04T06:18:00.000Z,1.4484,1.4488,1.4467,1.4472,108286,
1788502860000,2026-09-04T06:21:00.000Z,1.4472,1.448,1.4463,1.4467,53930,
1788503040000,2026-09-04T06:24:00.000Z,1.4467,1.4467,1.4425,1.4428,180811,
1788503220000,2026-09-04T06:27:00.000Z,1.4428,1.4443,1.441,1.4414,314342,
1788503400000,2026-09-04T06:30:00.000Z,1.4414,1.4433,1.4398,1.4433,385207,
1788503580000,2026-09-04T06:33:00.000Z,1.4433,1.4439,1.4411,1.4433,449542,
1788503760000,2026-09-04T06:36:00.000Z,1.4433,1.4433,1.4379,1.4426,891252,
1788503940000,2026-09-04T06:39:00.000Z,1.4426,1.4462,1.4426,1.4462,333712,
1788504120000,2026-09-04T06:42:00.000Z,1.4462,1.4467,1.4455,1.4458,75698,
1788504300000,2026-09-04T06:45:00.000Z,1.4458,1.4461,1.4444,1.4445,66438,
1788504480000,2026-09-04T06:48:00.000Z,1.4445,1.445,1.4436,1.4439,41546,
1788504660000,2026-09-04T06:51:00.000Z,1.4439,1.4453,1.4427,1.4447,114837,
1788504840000,2026-09-04T06:54:00.000Z,1.4447,1.4456,1.4445,1.4452,123160,
1788505020000,2026-09-04T06:57:00.000Z,1.4452,1.4456,1.4447,1.4456,8329,
1788505200000,2026-09-04T07:00:00.000Z,1.4456,1.4481,1.4456,1.4463,455876,
1788505380000,2026-09-04T07:03:00.000Z,1.4463,1.4495,1.446,1.449,186957,
1788505560000,2026-09-04T07:06:00.000Z,1.449,1.4511,1.4476,1.4495,1322381,
1788505740000,2026-09-04T07:09:00.000Z,1.4495,1.4514,1.4494,1.451,1217035,
1788505920000,2026-09-04T07:12:00.000Z,1.451,1.4529,1.4497,1.451,1312669,
1788506100000,2026-09-04T07:15:00.000Z,1.451,1.4512,1.4471,1.4483,705046,
1788506280000,2026-09-04T07:18:00.000Z,1.4483,1.4498,1.4483,1.4486,84035,
1788506460000,2026-09-04T07:21:00.000Z,1.4486,1.4487,1.4467,1.4472,140611,
1788506640000,2026-09-04T07:24:00.000Z,1.4472,1.4474,1.4459,1.446,49326,
1788506820000,2026-09-04T07:27:00.000Z,1.446,1.448,1.446,1.4469,55677,
1788507000000,2026-09-04T07:30:00.000Z,1.4469,1.4484,1.4466,1.4482,117927,
1788507180000,2026-09-04T07:33:00.000Z,1.4482,1.4493,1.4459,1.4461,82489,
1788507360000,2026-09-04T07:36:00.000Z,1.4461,1.4461,1.4433,1.4439,194763,
1788507540000,2026-09-04T07:39:00.000Z,1.4439,1.4458,1.4427,1.4453,298956,
1788507720000,2026-09-04T07:42:00.000Z,1.4453,1.4479,1.4443,1.4476,1531000,
1788507900000,2026-09-04T07:45:00.000Z,1.4476,1.4477,1.4447,1.447,1080544,
1788508080000,2026-09-04T07:48:00.000Z,1.447,1.4475,1.4452,1.4452,102619,
1788508260000,2026-09-04T07:51:00.000Z,1.4452,1.4475,1.4437,1.4444,994591,
1788508440000,2026-09-04T07:54:00.000Z,1.4444,1.4447,1.4423,1.4425,751685,
1788508620000,2026-09-04T07:57:00.000Z,1.4425,1.4434,1.4419,1.4433,137329,
1788508800000,2026-09-04T08:00:00.000Z,1.4433,1.4444,1.4405,1.4425,342391,
1788508980000,2026-09-04T08:03:00.000Z,1.4425,1.4429,1.4375,1.4425,2051599,
1788509160000,2026-09-04T08:06:00.000Z,1.4425,1.4455,1.4425,1.4431,509055,
1788509340000,2026-09-04T08:09:00.000Z,1.4431,1.445,1.4419,1.4429,746603,
1788509520000,2026-09-04T08:12:00.000Z,1.4429,1.4441,1.4421,1.4441,274232,
1788509700000,2026-09-04T08:15:00.000Z,1.4441,1.4463,1.4425,1.4459,782176,
1788509880000,2026-09-04T08:18:00.000Z,1.4459,1.4469,1.4456,1.4462,193299,
1788510060000,2026-09-04T08:21:00.000Z,1.4462,1.4476,1.4458,1.4471,194494,
1788510240000,2026-09-04T08:24:00.000Z,1.4471,1.4494,1.4469,1.4484,166632,
1788510420000,2026-09-04T08:27:00.000Z,1.4484,1.4491,1.447,1.4485,799262,
1788510600000,2026-09-04T08:30:00.000Z,1.4485,1.4497,1.4467,1.4477,434044,
1788510780000,2026-09-04T08:33:00.000Z,1.4477,1.4508,1.4477,1.4492,750012,
1788510960000,2026-09-04T08:36:00.000Z,1.4492,1.4503,1.4482,1.4483,344610,
1788511140000,2026-09-04T08:39:00.000Z,1.4483,1.4498,1.4473,1.4494,298019,
1788511320000,2026-09-04T08:42:00.000Z,1.4494,1.4505,1.4485,1.4485,775960,
1788511500000,2026-09-04T08:45:00.000Z,1.4485,1.4544,1.4474,1.4502,1638467,
1788511680000,2026-09-04T08:48:00.000Z,1.4502,1.4552,1.4492,1.4525,935220,
1788511860000,2026-09-04T08:51:00.000Z,1.4525,1.455,1.4506,1.4539,628304,
1788512040000,2026-09-04T08:54:00.000Z,1.4539,1.4574,1.4539,1.4541,444026,
1788512220000,2026-09-04T08:57:00.000Z,1.4541,1.4572,1.4538,1.4567,819656,
1788512400000,2026-09-04T09:00:00.000Z,1.4567,1.458,1.4535,1.458,507314,
1788512580000,2026-09-04T09:03:00.000Z,1.458,1.4583,1.4543,1.4561,897077,
1788512760000,2026-09-04T09:06:00.000Z,1.4561,1.4561,1.4541,1.4546,144479,
1788512940000,2026-09-04T09:09:00.000Z,1.4546,1.4578,1.454,1.4573,1065255,
1788513120000,2026-09-04T09:12:00.000Z,1.4573,1.4581,1.4546,1.4548,614283,
1788513300000,2026-09-04T09:15:00.000Z,1.4548,1.4613,1.4547,1.4603,622637,
1788513480000,2026-09-04T09:18:00.000Z,1.4603,1.4619,1.4547,1.4552,1499586,
1788513660000,2026-09-04T09:21:00.000Z,1.4552,1.4552,1.4521,1.4528,565233,
1788513840000,2026-09-04T09:24:00.000Z,1.4528,1.4528,1.4479,1.45,704305,
1788514020000,2026-09-04T09:27:00.000Z,1.45,1.4521,1.4496,1.4509,509195,
1788514200000,2026-09-04T09:30:00.000Z,1.4509,1.4557,1.4495,1.4557,1309043,
1788514380000,2026-09-04T09:33:00.000Z,1.4557,1.4562,1.4525,1.4533,97269,
1788514560000,2026-09-04T09:36:00.000Z,1.4533,1.4582,1.4533,1.4576,280916,
1788514740000,2026-09-04T09:39:00.000Z,1.4576,1.4579,1.4534,1.4538,1775014,
1788514920000,2026-09-04T09:42:00.000Z,1.4538,1.4538,1.4523,1.4524,99700,
1788515100000,2026-09-04T09:45:00.000Z,1.4524,1.4536,1.4515,1.4518,242438,
1788515280000,2026-09-04T09:48:00.000Z,1.4518,1.4518,1.4492,1.4492,333204,
1788515460000,2026-09-04T09:51:00.000Z,1.4492,1.4494,1.4472,1.4487,1522217,
1788515640000,2026-09-04T09:54:00.000Z,1.4487,1.4559,1.4487,1.4546,866173,
1788515820000,2026-09-04T09:57:00.000Z,1.4546,1.4546,1.451,1.4514,1063557,
1788516000000,2026-09-04T10:00:00.000Z,1.4514,1.4524,1.4486,1.452,1793191,
1788516180000,2026-09-04T10:03:00.000Z,1.452,1.4528,1.4489,1.4491,77130,
1788516360000,2026-09-04T10:06:00.000Z,1.4491,1.4494,1.4467,1.447,338562,
1788516540000,2026-09-04T10:09:00.000Z,1.447,1.4472,1.4434,1.4467,841830,
1788516720000,2026-09-04T10:12:00.000Z,1.4467,1.4481,1.4456,1.4465,155177,
1788516900000,2026-09-04T10:15:00.000Z,1.4465,1.4469,1.4438,1.4439,272426,
1788517080000,2026-09-04T10:18:00.000Z,1.4439,1.4457,1.4436,1.445,238173,
1788517260000,2026-09-04T10:21:00.000Z,1.445,1.4458,1.4428,1.4428,158772,
1788517440000,2026-09-04T10:24:00.000Z,1.4428,1.4457,1.4428,1.4435,308145,
1788517620000,2026-09-04T10:27:00.000Z,1.4435,1.446,1.4429,1.445,322319,
1788517800000,2026-09-04T10:30:00.000Z,1.445,1.4475,1.444,1.4466,534325,
1788517980000,2026-09-04T10:33:00.000Z,1.4466,1.4476,1.4447,1.4457,225853,
1788518160000,2026-09-04T10:36:00.000Z,1.4457,1.4483,1.445,1.4476,251853,
1788518340000,2026-09-04T10:39:00.000Z,1.4476,1.4497,1.4445,1.4456,1235948,
1788518520000,2026-09-04T10:42:00.000Z,1.4456,1.4465,1.4439,1.4463,892761,
1788518700000,2026-09-04T10:45:00.000Z,1.4463,1.4475,1.4453,1.447,508164,
1788518880000,2026-09-04T10:48:00.000Z,1.447,1.4475,1.4455,1.4456,96726,
1788519060000,2026-09-04T10:51:00.000Z,1.4456,1.4462,1.4453,1.4457,113481,
1788519240000,2026-09-04T10:54:00.000Z,1.4457,1.4486,1.4457,1.4483,153960,
1788519420000,2026-09-04T10:57:00.000Z,1.4483,1.4493,1.4478,1.4487,190586,
1788519600000,2026-09-04T11:00:00.000Z,1.4487,1.4487,1.4466,1.4466,81940,
1788519780000,2026-09-04T11:03:00.000Z,1.4466,1.4494,1.4457,1.4484,854552,
1788519960000,2026-09-04T11:06:00.000Z,1.4484,1.4499,1.4472,1.4497,448145,
1788520140000,2026-09-04T11:09:00.000Z,1.4497,1.4503,1.4467,1.4472,1103814,
1788520320000,2026-09-04T11:12:00.000Z,1.4472,1.4481,1.4463,1.4466,168626,
1788520500000,2026-09-04T11:15:00.000Z,1.4466,1.4499,1.4461,1.4482,1547512,
1788520680000,2026-09-04T11:18:00.000Z,1.4482,1.4502,1.4472,1.4478,1156744,
1788520860000,2026-09-04T11:21:00.000Z,1.4478,1.4509,1.4469,1.4496,339953,
1788521040000,2026-09-04T11:24:00.000Z,1.4496,1.4517,1.4492,1.4511,1308028,
1788521220000,2026-09-04T11:27:00.000Z,1.4511,1.4534,1.451,1.4522,215984,
1788521400000,2026-09-04T11:30:00.000Z,1.4522,1.4532,1.4503,1.4526,146349,
1788521580000,2026-09-04T11:33:00.000Z,1.4526,1.4542,1.4521,1.4533,57914,
1788521760000,2026-09-04T11:36:00.000Z,1.4533,1.4554,1.4528,1.4542,646009,
1788521940000,2026-09-04T11:39:00.000Z,1.4542,1.4546,1.4527,1.4528,133128,
1788522120000,2026-09-04T11:42:00.000Z,1.4528,1.453,1.4512,1.4519,369488,
1788522300000,2026-09-04T11:45:00.000Z,1.4519,1.4525,1.4503,1.4516,477035,
1788522480000,2026-09-04T11:48:00.000Z,1.4516,1.4521,1.4509,1.4514,116069,
1788522660000,2026-09-04T11:51:00.000Z,1.4514,1.452,1.4497,1.4499,98169,
1788522840000,2026-09-04T11:54:00.000Z,1.4499,1.4517,1.4489,1.4504,139942,
1788523020000,2026-09-04T11:57:00.000Z,1.4504,1.4505,1.4493,1.4503,359553,
1788523200000,2026-09-04T12:00:00.000Z,1.4503,1.4519,1.4472,1.4486,560570,
1788523380000,2026-09-04T12:03:00.000Z,1.4486,1.4501,1.4471,1.4493,698591,
1788523560000,2026-09-04T12:06:00.000Z,1.4493,1.452,1.4475,1.452,1482116,
1788523740000,2026-09-04T12:09:00.000Z,1.452,1.4538,1.4507,1.4517,2164185,
1788523920000,2026-09-04T12:12:00.000Z,1.4517,1.4539,1.4505,1.4535,1414780,
1788524100000,2026-09-04T12:15:00.000Z,1.4535,1.4537,1.4492,1.4517,2974127,
1788524280000,2026-09-04T12:18:00.000Z,1.4517,1.4517,1.4489,1.4492,187099,
1788524460000,2026-09-04T12:21:00.000Z,1.4492,1.4498,1.448,1.4484,119478,
1788524640000,2026-09-04T12:24:00.000Z,1.4484,1.4514,1.4484,1.451,106688,
1788524820000,2026-09-04T12:27:00.000Z,1.451,1.4559,1.451,1.4547,2304904,
1788525000000,2026-09-04T12:30:00.000Z,1.4547,1.4548,1.3892,1.4057,30874006,
1788525180000,2026-09-04T12:33:00.000Z,1.4057,1.4133,1.3993,1.411,4019916,
1788525360000,2026-09-04T12:36:00.000Z,1.411,1.4132,1.4041,1.4107,2255293,
1788525540000,2026-09-04T12:39:00.000Z,1.4107,1.4197,1.4103,1.4182,1702762,
1788525720000,2026-09-04T12:42:00.000Z,1.4182,1.4224,1.4086,1.4105,2708680,
1788525900000,2026-09-04T12:45:00.000Z,1.4105,1.4107,1.3979,1.4055,3711960,
1788526080000,2026-09-04T12:48:00.000Z,1.4055,1.4127,1.4052,1.4112,1693608,
1788526260000,2026-09-04T12:51:00.000Z,1.4112,1.4153,1.4107,1.4143,937025,
1788526440000,2026-09-04T12:54:00.000Z,1.4143,1.4145,1.4057,1.4072,1804540,
1788526620000,2026-09-04T12:57:00.000Z,1.4072,1.4116,1.4059,1.4085,1160475,
1788526800000,2026-09-04T13:00:00.000Z,1.4085,1.4126,1.4046,1.4126,1133748,
1788526980000,2026-09-04T13:03:00.000Z,1.4126,1.414,1.4095,1.4112,443339,
1788527160000,2026-09-04T13:06:00.000Z,1.4112,1.4114,1.4045,1.4091,1887438,
1788527340000,2026-09-04T13:09:00.000Z,1.4091,1.4115,1.4064,1.4076,1230568,
1788527520000,2026-09-04T13:12:00.000Z,1.4076,1.4084,1.404,1.4049,417486,
1788527700000,2026-09-04T13:15:00.000Z,1.4049,1.41,1.4044,1.4091,1025514,
1788527880000,2026-09-04T13:18:00.000Z,1.4091,1.4115,1.4074,1.4115,1507653,
1788528060000,2026-09-04T13:21:00.000Z,1.4115,1.4125,1.409,1.4111,465593,
1788528240000,2026-09-04T13:24:00.000Z,1.4111,1.4118,1.4087,1.4095,431667,
1788528420000,2026-09-04T13:27:00.000Z,1.4095,1.4096,1.4051,1.4071,685440,
1788528600000,2026-09-04T13:30:00.000Z,1.4071,1.4132,1.4068,1.4106,559839,
1788528780000,2026-09-04T13:33:00.000Z,1.4106,1.412,1.4032,1.4038,1377730,
1788528960000,2026-09-04T13:36:00.000Z,1.4038,1.4126,1.4011,1.4101,1933448,
1788529140000,2026-09-04T13:39:00.000Z,1.4101,1.4115,1.4082,1.4099,599759,
1788529320000,2026-09-04T13:42:00.000Z,1.4099,1.4119,1.4066,1.4097,1454625,
1788529500000,2026-09-04T13:45:00.000Z,1.4097,1.4212,1.4086,1.4211,1707866,
1788529680000,2026-09-04T13:48:00.000Z,1.4211,1.4219,1.4158,1.4159,868713,
1788529860000,2026-09-04T13:51:00.000Z,1.4159,1.417,1.41,1.4102,465654,
1788530040000,2026-09-04T13:54:00.000Z,1.4102,1.4136,1.41,1.4124,377092,
1788530220000,2026-09-04T13:57:00.000Z,1.4124,1.4152,1.4115,1.4125,502159,
1788530400000,2026-09-04T14:00:00.000Z,1.4125,1.4148,1.4113,1.4133,306230,
1788530580000,2026-09-04T14:03:00.000Z,1.4133,1.4133,1.4117,1.412,112608,
1788530760000,2026-09-04T14:06:00.000Z,1.412,1.4126,1.4073,1.4083,1515257,
1788530940000,2026-09-04T14:09:00.000Z,1.4083,1.4094,1.4072,1.4093,294920,
1788531120000,2026-09-04T14:12:00.000Z,1.4093,1.4105,1.4063,1.4093,158105,
1788531300000,2026-09-04T14:15:00.000Z,1.4093,1.4108,1.405,1.4062,205477,
1788531480000,2026-09-04T14:18:00.000Z,1.4062,1.4062,1.3981,1.4018,2944498,
1788531660000,2026-09-04T14:21:00.000Z,1.4018,1.4047,1.4014,1.4043,368516,
1788531840000,2026-09-04T14:24:00.000Z,1.4043,1.4061,1.4022,1.4033,468597,
1788532020000,2026-09-04T14:27:00.000Z,1.4033,1.4049,1.4032,1.404,120165,
1788532200000,2026-09-04T14:30:00.000Z,1.404,1.404,1.3995,1.4004,396901,
1788532380000,2026-09-04T14:33:00.000Z,1.4004,1.4032,1.3982,1.4021,719776,
1788532560000,2026-09-04T14:36:00.000Z,1.4021,1.4026,1.3951,1.3955,1184282,
1788532740000,2026-09-04T14:39:00.000Z,1.3955,1.3993,1.3937,1.3961,2117941,
1788532920000,2026-09-04T14:42:00.000Z,1.3961,1.3963,1.3885,1.393,2685538,
1788533100000,2026-09-04T14:45:00.000Z,1.393,1.3964,1.3865,1.3883,1375147,
1788533280000,2026-09-04T14:48:00.000Z,1.3883,1.3883,1.3825,1.3871,1354083,
1788533460000,2026-09-04T14:51:00.000Z,1.3871,1.3906,1.3858,1.3871,2503552,
1788533640000,2026-09-04T14:54:00.000Z,1.3871,1.3918,1.385,1.3908,1459074,
1788533820000,2026-09-04T14:57:00.000Z,1.3908,1.391,1.3883,1.3889,2161490,
1788534000000,2026-09-04T15:00:00.000Z,1.3889,1.391,1.386,1.3901,460904,
1788534180000,2026-09-04T15:03:00.000Z,1.3901,1.3924,1.3901,1.392,376250,
1788534360000,2026-09-04T15:06:00.000Z,1.392,1.3949,1.3918,1.3934,655661,
1788534540000,2026-09-04T15:09:00.000Z,1.3934,1.3947,1.3918,1.3926,242096,
1788534720000,2026-09-04T15:12:00.000Z,1.3926,1.3946,1.3921,1.3946,574591,
1788534900000,2026-09-04T15:15:00.000Z,1.3946,1.3955,1.3937,1.3943,165310,
1788535080000,2026-09-04T15:18:00.000Z,1.3943,1.3972,1.3937,1.3957,581805,
1788535260000,2026-09-04T15:21:00.000Z,1.3957,1.3975,1.395,1.3958,508299,
1788535440000,2026-09-04T15:24:00.000Z,1.3958,1.4009,1.3958,1.3992,432570,
1788535620000,2026-09-04T15:27:00.000Z,1.3992,1.3994,1.3966,1.3985,491208,
1788535800000,2026-09-04T15:30:00.000Z,1.3985,1.399,1.3963,1.3976,171577,
1788535980000,2026-09-04T15:33:00.000Z,1.3976,1.3982,1.395,1.3964,1058244,
1788536160000,2026-09-04T15:36:00.000Z,1.3964,1.3984,1.3951,1.3964,1044029,
1788536340000,2026-09-04T15:39:00.000Z,1.3964,1.4005,1.3963,1.4005,272724,
1788536520000,2026-09-04T15:42:00.000Z,1.4005,1.4011,1.3998,1.4008,207039,
1788536700000,2026-09-04T15:45:00.000Z,1.4008,1.4008,1.3988,1.3997,230881,
1788536880000,2026-09-04T15:48:00.000Z,1.3997,1.4007,1.3964,1.3981,740377,
1788537060000,2026-09-04T15:51:00.000Z,1.3981,1.3999,1.3973,1.3981,316958,
1788537240000,2026-09-04T15:54:00.000Z,1.3981,1.3995,1.3973,1.3979,297542,
1788537420000,2026-09-04T15:57:00.000Z,1.3979,1.3985,1.3973,1.3983,19626,
1788537600000,2026-09-04T16:00:00.000Z,1.3983,1.3996,1.3975,1.399,213362,
1788537780000,2026-09-04T16:03:00.000Z,1.399,1.3993,1.3967,1.3989,32072,
1788537960000,2026-09-04T16:06:00.000Z,1.3989,1.4013,1.3977,1.3999,214019,
1788538140000,2026-09-04T16:09:00.000Z,1.3999,1.4019,1.3992,1.4011,268457,
1788538320000,2026-09-04T16:12:00.000Z,1.4011,1.4013,1.4001,1.4004,214216,
1788538500000,2026-09-04T16:15:00.000Z,1.4004,1.4037,1.4004,1.4035,76021,
1788538680000,2026-09-04T16:18:00.000Z,1.4035,1.4047,1.4026,1.4036,298735,
1788538860000,2026-09-04T16:21:00.000Z,1.4036,1.4042,1.4023,1.4037,274871,
1788539040000,2026-09-04T16:24:00.000Z,1.4037,1.4041,1.4022,1.4023,335641,
1788539220000,2026-09-04T16:27:00.000Z,1.4023,1.4033,1.402,1.4027,615502,
1788539400000,2026-09-04T16:30:00.000Z,1.4027,1.405,1.4026,1.405,2626525,
1788539580000,2026-09-04T16:33:00.000Z,1.405,1.4075,1.405,1.4057,973883,
1788539760000,2026-09-04T16:36:00.000Z,1.4057,1.4058,1.4036,1.4039,67843,
1788539940000,2026-09-04T16:39:00.000Z,1.4039,1.4055,1.4038,1.4052,54047,
1788540120000,2026-09-04T16:42:00.000Z,1.4052,1.4052,1.4033,1.4046,151843,
1788540300000,2026-09-04T16:45:00.000Z,1.4046,1.4054,1.4031,1.4053,254650,
1788540480000,2026-09-04T16:48:00.000Z,1.4053,1.4063,1.4051,1.4054,805135,
1788540660000,2026-09-04T16:51:00.000Z,1.4054,1.4063,1.4042,1.4043,586459,
1788540840000,2026-09-04T16:54:00.000Z,1.4043,1.4049,1.4027,1.4027,201848,
1788541020000,2026-09-04T16:57:00.000Z,1.4027,1.4029,1.4014,1.402,154492,
1788541200000,2026-09-04T17:00:00.000Z,1.402,1.4022,1.4,1.4,316304,
1788541380000,2026-09-04T17:03:00.000Z,1.4,1.4016,1.3983,1.4009,781921,
1788541560000,2026-09-04T17:06:00.000Z,1.4009,1.4009,1.3995,1.4002,26148,
1788541740000,2026-09-04T17:09:00.000Z,1.4002,1.4019,1.3993,1.3994,219434,
1788541920000,2026-09-04T17:12:00.000Z,1.3994,1.4,1.397,1.397,757958,
1788542100000,2026-09-04T17:15:00.000Z,1.397,1.3971,1.3945,1.3954,697365,
1788542280000,2026-09-04T17:18:00.000Z,1.3954,1.3978,1.3954,1.3967,453622,
1788542460000,2026-09-04T17:21:00.000Z,1.3967,1.3975,1.3959,1.3966,358201,
1788542640000,2026-09-04T17:24:00.000Z,1.3966,1.3983,1.3961,1.3983,151687,
1788542820000,2026-09-04T17:27:00.000Z,1.3983,1.3983,1.3956,1.3956,102015,
1788543000000,2026-09-04T17:30:00.000Z,1.3956,1.397,1.3936,1.395,410621,
1788543180000,2026-09-04T17:33:00.000Z,1.395,1.3954,1.3939,1.3949,234610,
1788543360000,2026-09-04T17:36:00.000Z,1.3949,1.3949,1.392,1.394,1364850,
1788543540000,2026-09-04T17:39:00.000Z,1.394,1.395,1.3928,1.3929,189544,
1788543720000,2026-09-04T17:42:00.000Z,1.3929,1.3936,1.3904,1.3931,511288,
1788543900000,2026-09-04T17:45:00.000Z,1.3931,1.3945,1.3919,1.3939,97451,
1788544080000,2026-09-04T17:48:00.000Z,1.3939,1.3939,1.3916,1.3916,154038,
1788544260000,2026-09-04T17:51:00.000Z,1.3916,1.392,1.3901,1.3918,521230,
1788544440000,2026-09-04T17:54:00.000Z,1.3918,1.3933,1.3916,1.3925,188724,
1788544620000,2026-09-04T17:57:00.000Z,1.3925,1.3942,1.3925,1.3934,124978,
1788544800000,2026-09-04T18:00:00.000Z,1.3934,1.3953,1.3934,1.395,100345,
1788544980000,2026-09-04T18:03:00.000Z,1.395,1.3966,1.395,1.3965,88678,
1788545160000,2026-09-04T18:06:00.000Z,1.3965,1.3973,1.3943,1.3954,832961,
1788545340000,2026-09-04T18:09:00.000Z,1.3954,1.397,1.395,1.3959,172006,
1788545520000,2026-09-04T18:12:00.000Z,1.3959,1.3959,1.3935,1.3944,148396,
1788545700000,2026-09-04T18:15:00.000Z,1.3944,1.3961,1.3939,1.3961,60998,
1788545880000,2026-09-04T18:18:00.000Z,1.3961,1.3964,1.3957,1.3964,21494,
1788546060000,2026-09-04T18:21:00.000Z,1.3964,1.3969,1.3958,1.3966,99668,
1788546240000,2026-09-04T18:24:00.000Z,1.3966,1.3966,1.3951,1.3953,22341,
1788546420000,2026-09-04T18:27:00.000Z,1.3953,1.3958,1.3946,1.3952,42610,
1788546600000,2026-09-04T18:30:00.000Z,1.3952,1.3976,1.3952,1.3975,25245,
1788546780000,2026-09-04T18:33:00.000Z,1.3975,1.3991,1.3974,1.3979,784861,
1788546960000,2026-09-04T18:36:00.000Z,1.3979,1.3986,1.3972,1.3982,185531,
1788547140000,2026-09-04T18:39:00.000Z,1.3982,1.3994,1.3981,1.3991,53894,
1788547320000,2026-09-04T18:42:00.000Z,1.3991,1.3999,1.399,1.3999,174490,
1788547500000,2026-09-04T18:45:00.000Z,1.3999,1.3999,1.3989,1.3993,35005,
1788547680000,2026-09-04T18:48:00.000Z,1.3993,1.3996,1.3988,1.3992,74639,
1788547860000,2026-09-04T18:51:00.000Z,1.3992,1.3992,1.3984,1.3987,46391,
1788548040000,2026-09-04T18:54:00.000Z,1.3987,1.3994,1.3986,1.3987,28368,
1788548220000,2026-09-04T18:57:00.000Z,1.3987,1.3994,1.3983,1.3984,50611,
1788548400000,2026-09-04T19:00:00.000Z,1.3984,1.4011,1.3984,1.401,301623,
1788548580000,2026-09-04T19:03:00.000Z,1.401,1.4013,1.3999,1.4007,47079,
1788548760000,2026-09-04T19:06:00.000Z,1.4007,1.4013,1.4001,1.4006,73173,
1788548940000,2026-09-04T19:09:00.000Z,1.4006,1.4006,1.3985,1.3993,644072,
1788549120000,2026-09-04T19:12:00.000Z,1.3993,1.3999,1.399,1.3996,38580,
1788549300000,2026-09-04T19:15:00.000Z,1.3996,1.4011,1.3994,1.4011,41716,
1788549480000,2026-09-04T19:18:00.000Z,1.4011,1.4023,1.401,1.4023,241404,
1788549660000,2026-09-04T19:21:00.000Z,1.4023,1.4027,1.402,1.4026,79549,
1788549840000,2026-09-04T19:24:00.000Z,1.4026,1.4046,1.4025,1.4037,394249,
1788550020000,2026-09-04T19:27:00.000Z,1.4037,1.4038,1.4025,1.4031,475355,
1788550200000,2026-09-04T19:30:00.000Z,1.4031,1.4031,1.4012,1.4015,45213,
1788550380000,2026-09-04T19:33:00.000Z,1.4015,1.4025,1.4001,1.4005,173585,
1788550560000,2026-09-04T19:36:00.000Z,1.4005,1.4013,1.3995,1.3995,135252,
1788550740000,2026-09-04T19:39:00.000Z,1.3995,1.4,1.399,1.3998,217191,
1788550920000,2026-09-04T19:42:00.000Z,1.3998,1.3999,1.3982,1.3996,188352,
1788551100000,2026-09-04T19:45:00.000Z,1.3996,1.4022,1.3994,1.402,790372,
1788551280000,2026-09-04T19:48:00.000Z,1.402,1.403,1.4005,1.4019,1644167,
1788551460000,2026-09-04T19:51:00.000Z,1.4019,1.4026,1.4004,1.4006,369354,
1788551640000,2026-09-04T19:54:00.000Z,1.4006,1.403,1.4005,1.4023,131935,
1788551820000,2026-09-04T19:57:00.000Z,1.4023,1.4037,1.3986,1.3986,1243541,
1788552000000,2026-09-04T20:00:00.000Z,1.3986,1.4007,1.3986,1.3997,206610,
1788552180000,2026-09-04T20:03:00.000Z,1.3997,1.401,1.3976,1.3976,202980,
1788552360000,2026-09-04T20:06:00.000Z,1.3976,1.3985,1.3968,1.3982,64665,
1788552540000,2026-09-04T20:09:00.000Z,1.3982,1.3982,1.3958,1.3975,256679,
1788552720000,2026-09-04T20:12:00.000Z,1.3975,1.3975,1.396,1.3962,110657,
1788552900000,2026-09-04T20:15:00.000Z,1.3962,1.398,1.3957,1.3967,81423,
1788553080000,2026-09-04T20:18:00.000Z,1.3967,1.3982,1.3967,1.3982,67485,
1788553260000,2026-09-04T20:21:00.000Z,1.3982,1.3982,1.397,1.397,19297,
1788553440000,2026-09-04T20:24:00.000Z,1.397,1.3976,1.3965,1.3965,60448,
1788553620000,2026-09-04T20:27:00.000Z,1.3965,1.3974,1.3964,1.3968,37612,
1788553800000,2026-09-04T20:30:00.000Z,1.3968,1.3976,1.3958,1.3974,88311,
1788553980000,2026-09-04T20:33:00.000Z,1.3974,1.3976,1.3966,1.3976,41538,
1788554160000,2026-09-04T20:36:00.000Z,1.3976,1.3992,1.3964,1.3965,574114,
1788554340000,2026-09-04T20:39:00.000Z,1.3965,1.3974,1.3964,1.3964,32931,
1788554520000,2026-09-04T20:42:00.000Z,1.3964,1.3982,1.3954,1.3979,277937,
1788554700000,2026-09-04T20:45:00.000Z,1.3979,1.3993,1.3971,1.3992,46353,
1788554880000,2026-09-04T20:48:00.000Z,1.3992,1.3993,1.398,1.398,56904,
1788555060000,2026-09-04T20:51:00.000Z,1.398,1.3991,1.3976,1.3991,254805,
1788555240000,2026-09-04T20:54:00.000Z,1.3991,1.3994,1.3987,1.3991,77378,
1788555420000,2026-09-04T20:57:00.000Z,1.3991,1.3996,1.3986,1.3994,61777,
1788555600000,2026-09-04T21:00:00.000Z,1.3994,1.3995,1.3972,1.399,986092,
1788555780000,2026-09-04T21:03:00.000Z,1.399,1.3991,1.3972,1.3979,130482,
1788555960000,2026-09-04T21:06:00.000Z,1.3979,1.3989,1.3974,1.3988,32216,
1788556140000,2026-09-04T21:09:00.000Z,1.3988,1.3989,1.3973,1.3982,95141,
1788556320000,2026-09-04T21:12:00.000Z,1.3982,1.3998,1.3981,1.3985,99531,
1788556500000,2026-09-04T21:15:00.000Z,1.3985,1.3994,1.3982,1.3993,21416,
1788556680000,2026-09-04T21:18:00.000Z,1.3993,1.4002,1.3993,1.3998,85407,
1788556860000,2026-09-04T21:21:00.000Z,1.3998,1.4006,1.3998,1.4002,96875,
1788557040000,2026-09-04T21:24:00.000Z,1.4002,1.4002,1.3991,1.3994,104129,
1788557220000,2026-09-04T21:27:00.000Z,1.3994,1.4002,1.3983,1.3998,288047,
1788557400000,2026-09-04T21:30:00.000Z,1.3998,1.4017,1.3995,1.401,491635,
1788557580000,2026-09-04T21:33:00.000Z,1.401,1.4017,1.3998,1.4014,192124,
1788557760000,2026-09-04T21:36:00.000Z,1.4014,1.4017,1.4,1.4001,86594,
1788557940000,2026-09-04T21:39:00.000Z,1.4001,1.4014,1.3997,1.4013,223749,
1788558120000,2026-09-04T21:42:00.000Z,1.4013,1.4018,1.4002,1.4009,73434,
1788558300000,2026-09-04T21:45:00.000Z,1.4009,1.4012,1.4005,1.4012,13916,
1788558480000,2026-09-04T21:48:00.000Z,1.4012,1.4012,1.3989,1.3993,245854,
1788558660000,2026-09-04T21:51:00.000Z,1.3993,1.3996,1.3938,1.395,574241,
1788558840000,2026-09-04T21:54:00.000Z,1.395,1.3957,1.393,1.395,460026,
1788559020000,2026-09-04T21:57:00.000Z,1.395,1.3963,1.3945,1.3953,551332,
1788559200000,2026-09-04T22:00:00.000Z,1.3953,1.3967,1.3952,1.3962,409183,
1788559380000,2026-09-04T22:03:00.000Z,1.3962,1.3979,1.396,1.3965,33032,
1788559560000,2026-09-04T22:06:00.000Z,1.3965,1.3969,1.3964,1.3965,23527,
1788559740000,2026-09-04T22:09:00.000Z,1.3965,1.3966,1.3949,1.3952,109153,
1788559920000,2026-09-04T22:12:00.000Z,1.3952,1.3962,1.3946,1.396,90855,
1788560100000,2026-09-04T22:15:00.000Z,1.396,1.3963,1.3949,1.3962,4866,
1788560280000,2026-09-04T22:18:00.000Z,1.3962,1.3966,1.3957,1.3962,20431,
1788560460000,2026-09-04T22:21:00.000Z,1.3962,1.3967,1.3962,1.3966,13938,
1788560640000,2026-09-04T22:24:00.000Z,1.3966,1.3967,1.3958,1.3962,48959,
1788560820000,2026-09-04T22:27:00.000Z,1.3962,1.397,1.3952,1.3968,534191,
1788561000000,2026-09-04T22:30:00.000Z,1.3968,1.3968,1.3961,1.3962,8068,
1788561180000,2026-09-04T22:33:00.000Z,1.3962,1.3963,1.3949,1.3953,42856,
1788561360000,2026-09-04T22:36:00.000Z,1.3953,1.3957,1.3947,1.3951,21722,
1788561540000,2026-09-04T22:39:00.000Z,1.3951,1.3951,1.3951,1.3951,534,
1788561720000,2026-09-04T22:42:00.000Z,1.3951,1.3951,1.3939,1.3939,98205,
1788561900000,2026-09-04T22:45:00.000Z,1.3939,1.3941,1.3935,1.3936,77882,
1788562080000,2026-09-04T22:48:00.000Z,1.3936,1.3942,1.393,1.3935,177776,
1788562260000,2026-09-04T22:51:00.000Z,1.3935,1.3948,1.3933,1.3941,129556,
1788562440000,2026-09-04T22:54:00.000Z,1.3941,1.3941,1.3934,1.3941,5948,
1788562620000,2026-09-04T22:57:00.000Z,1.3941,1.395,1.3941,1.3949,134723,
1788562800000,2026-09-04T23:00:00.000Z,1.3949,1.3949,1.3936,1.3943,58757,
1788562980000,2026-09-04T23:03:00.000Z,1.3943,1.3953,1.3943,1.3951,48108,
1788563160000,2026-09-04T23:06:00.000Z,1.3951,1.396,1.3951,1.3959,15969,
1788563340000,2026-09-04T23:09:00.000Z,1.3959,1.3961,1.3956,1.3958,24806,
1788563520000,2026-09-04T23:12:00.000Z,1.3958,1.3968,1.3953,1.3956,602171,
1788563700000,2026-09-04T23:15:00.000Z,1.3956,1.3961,1.3956,1.3957,13616,
1788563880000,2026-09-04T23:18:00.000Z,1.3957,1.3964,1.3948,1.396,94275,
1788564060000,2026-09-04T23:21:00.000Z,1.396,1.3966,1.3957,1.3966,91619,
1788564240000,2026-09-04T23:24:00.000Z,1.3966,1.3977,1.3966,1.3975,59176,
1788564420000,2026-09-04T23:27:00.000Z,1.3975,1.3986,1.3975,1.3979,72483,
1788564600000,2026-09-04T23:30:00.000Z,1.3979,1.3982,1.397,1.3975,67522,
1788564780000,2026-09-04T23:33:00.000Z,1.3975,1.3977,1.3973,1.3977,17794,
1788564960000,2026-09-04T23:36:00.000Z,1.3977,1.3984,1.3977,1.3983,17205,
1788565140000,2026-09-04T23:39:00.000Z,1.3983,1.3985,1.3979,1.3983,52957,
1788565320000,2026-09-04T23:42:00.000Z,1.3983,1.3986,1.3976,1.3984,79170,
1788565500000,2026-09-04T23:45:00.000Z,1.3984,1.3989,1.3981,1.3987,57673,
1788565680000,2026-09-04T23:48:00.000Z,1.3987,1.3987,1.3977,1.3986,70134,
1788565860000,2026-09-04T23:51:00.000Z,1.3986,1.3989,1.3972,1.3974,81696,
1788566040000,2026-09-04T23:54:00.000Z,1.3974,1.3979,1.3974,1.3979,13187,
1788566220000,2026-09-04T23:57:00.000Z,1.3979,1.398,1.3976,1.3979,43363,
1788566400000,2026-09-05T00:00:00.000Z,1.3979,1.398,1.3968,1.397,82400,
1788566580000,2026-09-05T00:03:00.000Z,1.397,1.3971,1.3965,1.3968,82301,
1788566760000,2026-09-05T00:06:00.000Z,1.3968,1.3969,1.3963,1.3965,56261,
1788566940000,2026-09-05T00:09:00.000Z,1.3965,1.3994,1.3965,1.3991,46618,
1788567120000,2026-09-05T00:12:00.000Z,1.3991,1.3992,1.3979,1.398,91464,
1788567300000,2026-09-05T00:15:00.000Z,1.398,1.3985,1.3966,1.3968,127488,
1788567480000,2026-09-05T00:18:00.000Z,1.3968,1.3974,1.3965,1.3968,25527,
1788567660000,2026-09-05T00:21:00.000Z,1.3968,1.3977,1.3968,1.3968,107877,
1788567840000,2026-09-05T00:24:00.000Z,1.3968,1.3969,1.3957,1.3962,76061,
1788568020000,2026-09-05T00:27:00.000Z,1.3962,1.3964,1.3958,1.3964,28756,
1788568200000,2026-09-05T00:30:00.000Z,1.3964,1.397,1.3956,1.3956,27619,
1788568380000,2026-09-05T00:33:00.000Z,1.3956,1.3961,1.3946,1.3953,195193,
1788568560000,2026-09-05T00:36:00.000Z,1.3953,1.3958,1.3953,1.3957,30723,
1788568740000,2026-09-05T00:39:00.000Z,1.3957,1.3978,1.3956,1.3964,788272,
1788568920000,2026-09-05T00:42:00.000Z,1.3964,1.398,1.3961,1.3967,83479,
1788569100000,2026-09-05T00:45:00.000Z,1.3967,1.3967,1.3945,1.3959,558574,
1788569280000,2026-09-05T00:48:00.000Z,1.3959,1.3973,1.3957,1.3972,52846,
1788569460000,2026-09-05T00:51:00.000Z,1.3972,1.3987,1.3971,1.3977,177705,
1788569640000,2026-09-05T00:54:00.000Z,1.3977,1.3987,1.3956,1.3961,1114975,
1788569820000,2026-09-05T00:57:00.000Z,1.3961,1.3962,1.394,1.3947,128860,
1788570000000,2026-09-05T01:00:00.000Z,1.3947,1.395,1.394,1.3942,265829,
1788570180000,2026-09-05T01:03:00.000Z,1.3942,1.3977,1.3937,1.3976,1040040,
1788570360000,2026-09-05T01:06:00.000Z,1.3976,1.3989,1.3968,1.3987,179602,
1788570540000,2026-09-05T01:09:00.000Z,1.3987,1.4009,1.3987,1.3999,670960,
1788570720000,2026-09-05T01:12:00.000Z,1.3999,1.3999,1.3972,1.3978,1116997,
1788570900000,2026-09-05T01:15:00.000Z,1.3978,1.3992,1.3978,1.3992,11025,
1788571080000,2026-09-05T01:18:00.000Z,1.3992,1.3992,1.3985,1.3985,34178,
1788571260000,2026-09-05T01:21:00.000Z,1.3985,1.3985,1.3981,1.3981,72622,
1788571440000,2026-09-05T01:24:00.000Z,1.3981,1.3986,1.3974,1.3974,74119,
1788571620000,2026-09-05T01:27:00.000Z,1.3974,1.4007,1.3967,1.4007,1320193,
1788571800000,2026-09-05T01:30:00.000Z,1.4007,1.4019,1.4002,1.4008,96462,
1788571980000,2026-09-05T01:33:00.000Z,1.4008,1.4015,1.4001,1.4003,109608,
1788572160000,2026-09-05T01:36:00.000Z,1.4003,1.4011,1.3996,1.4004,85327,
1788572340000,2026-09-05T01:39:00.000Z,1.4004,1.401,1.3998,1.401,21467,
1788572520000,2026-09-05T01:42:00.000Z,1.401,1.401,1.3996,1.3998,40428,
1788572700000,2026-09-05T01:45:00.000Z,1.3998,1.3998,1.3984,1.3992,73380,
1788572880000,2026-09-05T01:48:00.000Z,1.3992,1.3995,1.3962,1.3964,1219726,
1788573060000,2026-09-05T01:51:00.000Z,1.3964,1.3975,1.3963,1.3963,202970,
1788573240000,2026-09-05T01:54:00.000Z,1.3963,1.3966,1.396,1.3963,100333,
1788573420000,2026-09-05T01:57:00.000Z,1.3963,1.3963,1.3956,1.3958,79100,
1788573600000,2026-09-05T02:00:00.000Z,1.3958,1.3962,1.3949,1.3955,161911,
1788573780000,2026-09-05T02:03:00.000Z,1.3955,1.3955,1.3941,1.3945,251147,
1788573960000,2026-09-05T02:06:00.000Z,1.3945,1.3952,1.3942,1.3952,105144,
1788574140000,2026-09-05T02:09:00.000Z,1.3952,1.3964,1.3952,1.396,133540,
1788574320000,2026-09-05T02:12:00.000Z,1.396,1.3966,1.3955,1.396,64352,
1788574500000,2026-09-05T02:15:00.000Z,1.396,1.3962,1.3948,1.3956,88904,
1788574680000,2026-09-05T02:18:00.000Z,1.3956,1.3959,1.395,1.3951,8657,
1788574860000,2026-09-05T02:21:00.000Z,1.3951,1.3978,1.3946,1.3969,1721266,
1788575040000,2026-09-05T02:24:00.000Z,1.3969,1.3981,1.3969,1.398,64110,
1788575220000,2026-09-05T02:27:00.000Z,1.398,1.3983,1.3945,1.3947,987378,
1788575400000,2026-09-05T02:30:00.000Z,1.3947,1.3958,1.3946,1.3952,282875,
1788575580000,2026-09-05T02:33:00.000Z,1.3952,1.3961,1.3933,1.3954,1256025,
1788575760000,2026-09-05T02:36:00.000Z,1.3954,1.3971,1.3954,1.3967,34376,
1788575940000,2026-09-05T02:39:00.000Z,1.3967,1.3972,1.396,1.3971,39340,
1788576120000,2026-09-05T02:42:00.000Z,1.3971,1.3977,1.3968,1.3973,36126,
1788576300000,2026-09-05T02:45:00.000Z,1.3973,1.3974,1.3961,1.3965,78068,
1788576480000,2026-09-05T02:48:00.000Z,1.3965,1.3973,1.3949,1.3953,853846,
1788576660000,2026-09-05T02:51:00.000Z,1.3953,1.3969,1.395,1.3968,75799,
1788576840000,2026-09-05T02:54:00.000Z,1.3968,1.398,1.3967,1.398,85289,
1788577020000,2026-09-05T02:57:00.000Z,1.398,1.398,1.3977,1.3978,7146,
1788577200000,2026-09-05T03:00:00.000Z,1.3978,1.3983,1.3977,1.3978,30047,
1788577380000,2026-09-05T03:03:00.000Z,1.3978,1.398,1.3978,1.398,16926,
1788577560000,2026-09-05T03:06:00.000Z,1.398,1.3986,1.3971,1.3971,61743,
1788577740000,2026-09-05T03:09:00.000Z,1.3971,1.3988,1.3968,1.3982,950266,
1788577920000,2026-09-05T03:12:00.000Z,1.3982,1.3991,1.3982,1.399,21933,
1788578100000,2026-09-05T03:15:00.000Z,1.399,1.3999,1.3981,1.3982,741769,
1788578280000,2026-09-05T03:18:00.000Z,1.3982,1.3986,1.3971,1.3984,56814,
1788578460000,2026-09-05T03:21:00.000Z,1.3984,1.3995,1.3975,1.3993,754751,
1788578640000,2026-09-05T03:24:00.000Z,1.3993,1.3999,1.3987,1.3998,46201,
1788578820000,2026-09-05T03:27:00.000Z,1.3998,1.4007,1.3991,1.3997,474321,
1788579000000,2026-09-05T03:30:00.000Z,1.3997,1.4003,1.3993,1.3993,245234,
1788579180000,2026-09-05T03:33:00.000Z,1.3993,1.3994,1.399,1.399,3449,
1788579360000,2026-09-05T03:36:00.000Z,1.399,1.3996,1.3989,1.3993,51781,
1788579540000,2026-09-05T03:39:00.000Z,1.3993,1.3993,1.3989,1.3991,43485,
1788579720000,2026-09-05T03:42:00.000Z,1.3991,1.4001,1.399,1.3999,99358,
1788579900000,2026-09-05T03:45:00.000Z,1.3999,1.3999,1.3991,1.3991,83399,
1788580080000,2026-09-05T03:48:00.000Z,1.3991,1.3995,1.3989,1.3994,33935,
1788580260000,2026-09-05T03:51:00.000Z,1.3994,1.3994,1.3977,1.398,143117,
1788580440000,2026-09-05T03:54:00.000Z,1.398,1.3981,1.3972,1.3972,30309,
1788580620000,2026-09-05T03:57:00.000Z,1.3972,1.3975,1.3961,1.3968,410287,
1788580800000,2026-09-05T04:00:00.000Z,1.3968,1.3968,1.3955,1.3956,125017,
1788580980000,2026-09-05T04:03:00.000Z,1.3956,1.3972,1.3948,1.3971,827072,
1788581160000,2026-09-05T04:06:00.000Z,1.3971,1.3974,1.3965,1.3971,63842,
1788581340000,2026-09-05T04:09:00.000Z,1.3971,1.3971,1.3945,1.3951,1074475,
1788581520000,2026-09-05T04:12:00.000Z,1.3951,1.3956,1.3949,1.3951,25593,
1788581700000,2026-09-05T04:15:00.000Z,1.3951,1.3971,1.395,1.3969,686293,
1788581880000,2026-09-05T04:18:00.000Z,1.3969,1.3972,1.3968,1.3971,35891,
1788582060000,2026-09-05T04:21:00.000Z,1.3971,1.3973,1.3966,1.397,53271,
1788582240000,2026-09-05T04:24:00.000Z,1.397,1.3973,1.3966,1.3973,50290,
1788582420000,2026-09-05T04:27:00.000Z,1.3973,1.3973,1.3967,1.3968,11403,
1788582600000,2026-09-05T04:30:00.000Z,1.3968,1.397,1.3966,1.397,18358,
1788582780000,2026-09-05T04:33:00.000Z,1.397,1.3976,1.3968,1.3968,129690,
1788582960000,2026-09-05T04:36:00.000Z,1.3968,1.3969,1.3966,1.3966,9587,
1788583140000,2026-09-05T04:39:00.000Z,1.3966,1.3975,1.3958,1.3973,403072,
1788583320000,2026-09-05T04:42:00.000Z,1.3973,1.3979,1.3973,1.3976,49930,
1788583500000,2026-09-05T04:45:00.000Z,1.3976,1.3978,1.3953,1.3956,813172,
1788583680000,2026-09-05T04:48:00.000Z,1.3956,1.3969,1.3952,1.396,410498,
1788583860000,2026-09-05T04:51:00.000Z,1.396,1.3974,1.3957,1.3973,824576,
1788584040000,2026-09-05T04:54:00.000Z,1.3973,1.3982,1.3973,1.3982,79796,
1788584220000,2026-09-05T04:57:00.000Z,1.3982,1.3988,1.3964,1.3972,1235299,
1788584400000,2026-09-05T05:00:00.000Z,1.3972,1.3974,1.395,1.3953,404561,
1788584580000,2026-09-05T05:03:00.000Z,1.3953,1.3959,1.3947,1.3959,210158,
1788584760000,2026-09-05T05:06:00.000Z,1.3959,1.3968,1.3945,1.3967,991534,
1788584940000,2026-09-05T05:09:00.000Z,1.3967,1.397,1.3956,1.3968,588230,
1788585120000,2026-09-05T05:12:00.000Z,1.3968,1.3976,1.3968,1.3971,30288,
1788585300000,2026-09-05T05:15:00.000Z,1.3971,1.3983,1.3967,1.3982,26239,
1788585480000,2026-09-05T05:18:00.000Z,1.3982,1.3983,1.3963,1.3972,833561,
1788585660000,2026-09-05T05:21:00.000Z,1.3972,1.3972,1.3957,1.3958,41806,
1788585840000,2026-09-05T05:24:00.000Z,1.3958,1.3964,1.3958,1.3963,26254,
1788586020000,2026-09-05T05:27:00.000Z,1.3963,1.398,1.3962,1.3977,55428,
1788586200000,2026-09-05T05:30:00.000Z,1.3977,1.3979,1.3974,1.3975,65466,
1788586380000,2026-09-05T05:33:00.000Z,1.3975,1.3978,1.3975,1.3976,54389,
1788586560000,2026-09-05T05:36:00.000Z,1.3976,1.3978,1.3976,1.3976,28756,
1788586740000,2026-09-05T05:39:00.000Z,1.3976,1.3985,1.3975,1.3985,65073,
1788586920000,2026-09-05T05:42:00.000Z,1.3985,1.3991,1.3973,1.3973,742758,
1788587100000,2026-09-05T05:45:00.000Z,1.3973,1.3973,1.3958,1.3958,60587,
1788587280000,2026-09-05T05:48:00.000Z,1.3958,1.3975,1.3956,1.3974,1130957,
1788587460000,2026-09-05T05:51:00.000Z,1.3974,1.3986,1.397,1.3986,149525,
1788587640000,2026-09-05T05:54:00.000Z,1.3986,1.3993,1.3985,1.3992,105289,
1788587820000,2026-09-05T05:57:00.000Z,1.3992,1.3996,1.3977,1.3984,1281166,
1788588000000,2026-09-05T06:00:00.000Z,1.3984,1.399,1.3983,1.3988,10873,
1788588180000,2026-09-05T06:03:00.000Z,1.3988,1.3991,1.3986,1.3988,10508,
1788588360000,2026-09-05T06:06:00.000Z,1.3988,1.3991,1.3983,1.3983,47311,
1788588540000,2026-09-05T06:09:00.000Z,1.3983,1.4005,1.3983,1.4001,977631,
1788588720000,2026-09-05T06:12:00.000Z,1.4001,1.4005,1.4,1.4001,27101,
1788588900000,2026-09-05T06:15:00.000Z,1.4001,1.4006,1.3994,1.4001,94240,
1788589080000,2026-09-05T06:18:00.000Z,1.4001,1.4004,1.3993,1.3998,12882,
1788589260000,2026-09-05T06:21:00.000Z,1.3998,1.4004,1.3992,1.4004,71430,
1788589440000,2026-09-05T06:24:00.000Z,1.4004,1.4007,1.4,1.4007,32767,
1788589620000,2026-09-05T06:27:00.000Z,1.4007,1.4011,1.4003,1.4005,217215,
1788589800000,2026-09-05T06:30:00.000Z,1.4005,1.4013,1.4002,1.4009,80810,
1788589980000,2026-09-05T06:33:00.000Z,1.4009,1.4028,1.4009,1.4017,312855,
1788590160000,2026-09-05T06:36:00.000Z,1.4017,1.4021,1.4011,1.4015,58090,
1788590340000,2026-09-05T06:39:00.000Z,1.4015,1.4031,1.4011,1.4012,653124,
1788590520000,2026-09-05T06:42:00.000Z,1.4012,1.4016,1.4012,1.4015,62009,
1788590700000,2026-09-05T06:45:00.000Z,1.4015,1.4028,1.4012,1.4021,396692,
1788590880000,2026-09-05T06:48:00.000Z,1.4021,1.4026,1.4019,1.4021,118304,
1788591060000,2026-09-05T06:51:00.000Z,1.4021,1.4026,1.4018,1.4024,28386,
1788591240000,2026-09-05T06:54:00.000Z,1.4024,1.4028,1.4023,1.4027,79121,
1788591420000,2026-09-05T06:57:00.000Z,1.4027,1.4034,1.4023,1.4026,292660,
1788591600000,2026-09-05T07:00:00.000Z,1.4026,1.4033,1.402,1.4024,127262,
1788591780000,2026-09-05T07:03:00.000Z,1.4024,1.4034,1.4019,1.4031,424679,
1788591960000,2026-09-05T07:06:00.000Z,1.4031,1.4038,1.4028,1.4032,540906,
1788592140000,2026-09-05T07:09:00.000Z,1.4032,1.4032,1.4022,1.4022,22488,
1788592320000,2026-09-05T07:12:00.000Z,1.4022,1.4034,1.4017,1.4032,222174,
1788592500000,2026-09-05T07:15:00.000Z,1.4032,1.4036,1.4026,1.4028,74542,
1788592680000,2026-09-05T07:18:00.000Z,1.4028,1.4028,1.4014,1.402,107117,
1788592860000,2026-09-05T07:21:00.000Z,1.402,1.4026,1.402,1.4022,61103,
1788593040000,2026-09-05T07:24:00.000Z,1.4022,1.4033,1.4019,1.4032,78023,
1788593220000,2026-09-05T07:27:00.000Z,1.4032,1.4048,1.4026,1.4043,524232,
1788593400000,2026-09-05T07:30:00.000Z,1.4043,1.4045,1.4032,1.4041,76229,
1788593580000,2026-09-05T07:33:00.000Z,1.4041,1.4048,1.4033,1.4033,1367434,
1788593760000,2026-09-05T07:36:00.000Z,1.4033,1.4041,1.4033,1.4035,72450,
1788593940000,2026-09-05T07:39:00.000Z,1.4035,1.4035,1.4024,1.4025,132777,
1788594120000,2026-09-05T07:42:00.000Z,1.4025,1.4049,1.4019,1.4048,1250978,
1788594300000,2026-09-05T07:45:00.000Z,1.4048,1.4051,1.4038,1.4038,121835,
1788594480000,2026-09-05T07:48:00.000Z,1.4038,1.404,1.4024,1.4025,130906,
1788594660000,2026-09-05T07:51:00.000Z,1.4025,1.4035,1.4022,1.4024,220673,
1788594840000,2026-09-05T07:54:00.000Z,1.4024,1.4032,1.4024,1.4032,127414,
1788595020000,2026-09-05T07:57:00.000Z,1.4032,1.4042,1.4021,1.4038,342465,
1788595200000,2026-09-05T08:00:00.000Z,1.4038,1.4039,1.4025,1.4031,388941,
1788595380000,2026-09-05T08:03:00.000Z,1.4031,1.4031,1.401,1.4016,1393583,
1788595560000,2026-09-05T08:06:00.000Z,1.4016,1.4029,1.4009,1.4011,213018,
1788595740000,2026-09-05T08:09:00.000Z,1.4011,1.4033,1.401,1.4032,853774,
1788595920000,2026-09-05T08:12:00.000Z,1.4032,1.4034,1.4022,1.4024,165499,
1788596100000,2026-09-05T08:15:00.000Z,1.4024,1.4055,1.4024,1.4055,105947,
1788596280000,2026-09-05T08:18:00.000Z,1.4055,1.4059,1.4018,1.402,1130278,
1788596460000,2026-09-05T08:21:00.000Z,1.402,1.4023,1.4009,1.4011,411086,
1788596640000,2026-09-05T08:24:00.000Z,1.4011,1.4011,1.3991,1.4,762144,
1788596820000,2026-09-05T08:27:00.000Z,1.4,1.4022,1.4,1.4018,618360,
1788597000000,2026-09-05T08:30:00.000Z,1.4018,1.4021,1.4004,1.4008,96643,
1788597180000,2026-09-05T08:33:00.000Z,1.4008,1.4014,1.4001,1.4005,143764,
1788597360000,2026-09-05T08:36:00.000Z,1.4005,1.4023,1.4005,1.402,33951,
1788597540000,2026-09-05T08:39:00.000Z,1.402,1.404,1.4015,1.4039,295523,
1788597720000,2026-09-05T08:42:00.000Z,1.4039,1.4047,1.4037,1.4046,160382,
1788597900000,2026-09-05T08:45:00.000Z,1.4046,1.4054,1.4043,1.4043,181335,
1788598080000,2026-09-05T08:48:00.000Z,1.4043,1.4049,1.4032,1.4043,289146,
1788598260000,2026-09-05T08:51:00.000Z,1.4043,1.4048,1.4038,1.4045,93861,
1788598440000,2026-09-05T08:54:00.000Z,1.4045,1.4056,1.4044,1.4056,88592,
1788598620000,2026-09-05T08:57:00.000Z,1.4056,1.4065,1.4053,1.4055,113650,
1788598800000,2026-09-05T09:00:00.000Z,1.4055,1.4079,1.4055,1.4075,847443,
1788598980000,2026-09-05T09:03:00.000Z,1.4075,1.4078,1.4068,1.407,294011,
1788599160000,2026-09-05T09:06:00.000Z,1.407,1.4085,1.4068,1.4082,93636,
1788599340000,2026-09-05T09:09:00.000Z,1.4082,1.4092,1.4079,1.4091,504269,
1788599520000,2026-09-05T09:12:00.000Z,1.4091,1.4105,1.4091,1.41,199832,
1788599700000,2026-09-05T09:15:00.000Z,1.41,1.41,1.4073,1.4073,167050,
1788599880000,2026-09-05T09:18:00.000Z,1.4073,1.4084,1.4072,1.408,83410,
1788600060000,2026-09-05T09:21:00.000Z,1.408,1.408,1.4066,1.4072,608102,
1788600240000,2026-09-05T09:24:00.000Z,1.4072,1.4072,1.4064,1.4067,43567,
1788600420000,2026-09-05T09:27:00.000Z,1.4067,1.4069,1.4064,1.4066,44061,
1788600600000,2026-09-05T09:30:00.000Z,1.4066,1.4075,1.4061,1.4075,474674,
1788600780000,2026-09-05T09:33:00.000Z,1.4075,1.4075,1.4065,1.4065,79588,
1788600960000,2026-09-05T09:36:00.000Z,1.4065,1.4073,1.4058,1.4058,106896,
1788601140000,2026-09-05T09:39:00.000Z,1.4058,1.4064,1.4048,1.4062,401962,
1788601320000,2026-09-05T09:42:00.000Z,1.4062,1.4065,1.4046,1.4052,218436,
1788601500000,2026-09-05T09:45:00.000Z,1.4052,1.4052,1.4043,1.4051,150083,
1788601680000,2026-09-05T09:48:00.000Z,1.4051,1.4051,1.4044,1.4048,140621,
1788601860000,2026-09-05T09:51:00.000Z,1.4048,1.4057,1.4047,1.4047,46970,
1788602040000,2026-09-05T09:54:00.000Z,1.4047,1.406,1.4047,1.4053,41039,
1788602220000,2026-09-05T09:57:00.000Z,1.4053,1.4072,1.405,1.4065,350043,
1788602400000,2026-09-05T10:00:00.000Z,1.4065,1.4066,1.4057,1.4058,170641,
1788602580000,2026-09-05T10:03:00.000Z,1.4058,1.4063,1.4047,1.4057,1084424,
1788602760000,2026-09-05T10:06:00.000Z,1.4057,1.4062,1.4048,1.406,868343,
1788602940000,2026-09-05T10:09:00.000Z,1.406,1.4067,1.4054,1.4056,214812,
1788603120000,2026-09-05T10:12:00.000Z,1.4056,1.4056,1.4039,1.4041,146710,
1788603300000,2026-09-05T10:15:00.000Z,1.4041,1.4051,1.404,1.4048,22989,
1788603480000,2026-09-05T10:18:00.000Z,1.4048,1.4048,1.4035,1.4038,15615,
1788603660000,2026-09-05T10:21:00.000Z,1.4038,1.4051,1.4022,1.405,618177,
1788603840000,2026-09-05T10:24:00.000Z,1.405,1.4057,1.4048,1.4054,42089,
1788604020000,2026-09-05T10:27:00.000Z,1.4054,1.4056,1.4048,1.4053,20249,
1788604200000,2026-09-05T10:30:00.000Z,1.4053,1.4065,1.4053,1.4062,69964,
1788604380000,2026-09-05T10:33:00.000Z,1.4062,1.4068,1.4029,1.403,982044,
1788604560000,2026-09-05T10:36:00.000Z,1.403,1.404,1.403,1.4039,50166,
1788604740000,2026-09-05T10:39:00.000Z,1.4039,1.4046,1.4039,1.4043,215452,
1788604920000,2026-09-05T10:42:00.000Z,1.4043,1.4043,1.4039,1.4043,21320,
1788605100000,2026-09-05T10:45:00.000Z,1.4043,1.405,1.4042,1.4047,25595,
1788605280000,2026-09-05T10:48:00.000Z,1.4047,1.4047,1.4041,1.4041,12956,
1788605460000,2026-09-05T10:51:00.000Z,1.4041,1.4054,1.4032,1.4052,660052,
1788605640000,2026-09-05T10:54:00.000Z,1.4052,1.4059,1.405,1.4059,32013,
1788605820000,2026-09-05T10:57:00.000Z,1.4059,1.4062,1.4039,1.4045,504274,
1788606000000,2026-09-05T11:00:00.000Z,1.4045,1.4045,1.4037,1.4042,71701,
1788606180000,2026-09-05T11:03:00.000Z,1.4042,1.4043,1.4035,1.4035,34427,
1788606360000,2026-09-05T11:06:00.000Z,1.4035,1.4056,1.4034,1.4051,726058,
1788606540000,2026-09-05T11:09:00.000Z,1.4051,1.4057,1.4039,1.4048,979692,
1788606720000,2026-09-05T11:12:00.000Z,1.4048,1.4059,1.4043,1.4046,53517,
1788606900000,2026-09-05T11:15:00.000Z,1.4046,1.4046,1.403,1.403,698004,
1788607080000,2026-09-05T11:18:00.000Z,1.403,1.4031,1.402,1.4027,177045,
1788607260000,2026-09-05T11:21:00.000Z,1.4027,1.403,1.4022,1.4022,78581,
1788607440000,2026-09-05T11:24:00.000Z,1.4022,1.4023,1.4017,1.4022,38560,
1788607620000,2026-09-05T11:27:00.000Z,1.4022,1.4027,1.4018,1.4023,80410,
1788607800000,2026-09-05T11:30:00.000Z,1.4023,1.4024,1.4016,1.4021,159081,
1788607980000,2026-09-05T11:33:00.000Z,1.4021,1.4022,1.4014,1.4018,413377,
1788608160000,2026-09-05T11:36:00.000Z,1.4018,1.4029,1.4018,1.4027,95660,
1788608340000,2026-09-05T11:39:00.000Z,1.4027,1.403,1.4025,1.4025,13839,
1788608520000,2026-09-05T11:42:00.000Z,1.4025,1.4029,1.4016,1.4022,347222,
1788608700000,2026-09-05T11:45:00.000Z,1.4022,1.4029,1.4021,1.4028,42689,
1788608880000,2026-09-05T11:48:00.000Z,1.4028,1.4052,1.4026,1.4047,1174020,
1788609060000,2026-09-05T11:51:00.000Z,1.4047,1.4059,1.4046,1.4059,201872,
1788609240000,2026-09-05T11:54:00.000Z,1.4059,1.4066,1.404,1.404,779123,
1788609420000,2026-09-05T11:57:00.000Z,1.404,1.4043,1.4029,1.4034,243366,
1788609600000,2026-09-05T12:00:00.000Z,1.4034,1.4043,1.4031,1.404,146505,
1788609780000,2026-09-05T12:03:00.000Z,1.404,1.4048,1.4039,1.4045,245694,
1788609960000,2026-09-05T12:06:00.000Z,1.4045,1.4051,1.404,1.405,339021,
1788610140000,2026-09-05T12:09:00.000Z,1.405,1.4052,1.4038,1.4044,125135,
1788610320000,2026-09-05T12:12:00.000Z,1.4044,1.405,1.4043,1.4046,31603,
1788610500000,2026-09-05T12:15:00.000Z,1.4046,1.4046,1.4039,1.4041,19763,
1788610680000,2026-09-05T12:18:00.000Z,1.4041,1.4041,1.4038,1.4041,8987,
1788610860000,2026-09-05T12:21:00.000Z,1.4041,1.4047,1.4041,1.4047,15923,
1788611040000,2026-09-05T12:24:00.000Z,1.4047,1.4055,1.4036,1.4045,1032726,
1788611220000,2026-09-05T12:27:00.000Z,1.4045,1.4046,1.4039,1.4039,197386,
1788611400000,2026-09-05T12:30:00.000Z,1.4039,1.407,1.4028,1.4068,2160913,
1788611580000,2026-09-05T12:33:00.000Z,1.4068,1.411,1.4066,1.4106,695626,
1788611760000,2026-09-05T12:36:00.000Z,1.4106,1.4126,1.4094,1.4117,2274617,
1788611940000,2026-09-05T12:39:00.000Z,1.4117,1.4145,1.4117,1.4137,2072738,
1788612120000,2026-09-05T12:42:00.000Z,1.4137,1.414,1.4127,1.413,393769,
1788612300000,2026-09-05T12:45:00.000Z,1.413,1.4163,1.4118,1.4146,885953,
1788612480000,2026-09-05T12:48:00.000Z,1.4146,1.4147,1.4126,1.4132,1503282,
1788612660000,2026-09-05T12:51:00.000Z,1.4132,1.4145,1.413,1.4142,97979,
1788612840000,2026-09-05T12:54:00.000Z,1.4142,1.4158,1.4142,1.415,226827,
1788613020000,2026-09-05T12:57:00.000Z,1.415,1.4153,1.4134,1.4138,740401,
1788613200000,2026-09-05T13:00:00.000Z,1.4138,1.4148,1.4121,1.4127,144902,
1788613380000,2026-09-05T13:03:00.000Z,1.4127,1.4153,1.4124,1.4144,336681,
1788613560000,2026-09-05T13:06:00.000Z,1.4144,1.4146,1.4134,1.4145,50281,
1788613740000,2026-09-05T13:09:00.000Z,1.4145,1.4148,1.4137,1.4141,126597,
1788613920000,2026-09-05T13:12:00.000Z,1.4141,1.4179,1.4137,1.416,1685537,
1788614100000,2026-09-05T13:15:00.000Z,1.416,1.4172,1.4131,1.4136,1362632,
1788614280000,2026-09-05T13:18:00.000Z,1.4136,1.415,1.4129,1.415,233065,
1788614460000,2026-09-05T13:21:00.000Z,1.415,1.4182,1.415,1.4175,1014901,
1788614640000,2026-09-05T13:24:00.000Z,1.4175,1.4176,1.4152,1.4164,155060,
1788614820000,2026-09-05T13:27:00.000Z,1.4164,1.4166,1.4143,1.4145,348707,
1788615000000,2026-09-05T13:30:00.000Z,1.4145,1.4157,1.414,1.4157,118412,
1788615180000,2026-09-05T13:33:00.000Z,1.4157,1.4159,1.4132,1.4132,983882,
1788615360000,2026-09-05T13:36:00.000Z,1.4132,1.4139,1.4112,1.4118,207191,
1788615540000,2026-09-05T13:39:00.000Z,1.4118,1.4157,1.4108,1.4128,2585041,
1788615720000,2026-09-05T13:42:00.000Z,1.4128,1.4142,1.4096,1.4124,906981,
1788615900000,2026-09-05T13:45:00.000Z,1.4124,1.414,1.4122,1.4133,1618777,
1788616080000,2026-09-05T13:48:00.000Z,1.4133,1.4138,1.4082,1.4093,1620160,
1788616260000,2026-09-05T13:51:00.000Z,1.4093,1.411,1.4087,1.4109,360310,
1788616440000,2026-09-05T13:54:00.000Z,1.4109,1.4122,1.4109,1.4118,56371,
1788616620000,2026-09-05T13:57:00.000Z,1.4118,1.4119,1.4113,1.4115,27384,
1788616800000,2026-09-05T14:00:00.000Z,1.4115,1.414,1.4111,1.4131,776321,
1788616980000,2026-09-05T14:03:00.000Z,1.4131,1.4131,1.4119,1.4122,94376,
1788617160000,2026-09-05T14:06:00.000Z,1.4122,1.414,1.412,1.4131,2283944,
1788617340000,2026-09-05T14:09:00.000Z,1.4131,1.4138,1.4117,1.4126,438119,
1788617520000,2026-09-05T14:12:00.000Z,1.4126,1.4128,1.4119,1.4127,11376,
1788617700000,2026-09-05T14:15:00.000Z,1.4127,1.4138,1.4125,1.4129,1558921,
1788617880000,2026-09-05T14:18:00.000Z,1.4129,1.4134,1.4126,1.4133,27261,
1788618060000,2026-09-05T14:21:00.000Z,1.4133,1.4133,1.4123,1.4131,51379,
1788618240000,2026-09-05T14:24:00.000Z,1.4131,1.4143,1.4131,1.4142,21235,
1788618420000,2026-09-05T14:27:00.000Z,1.4142,1.4155,1.414,1.4148,1512504,
1788618600000,2026-09-05T14:30:00.000Z,1.4148,1.4162,1.4144,1.4151,887344,
1788618780000,2026-09-05T14:33:00.000Z,1.4151,1.4169,1.4145,1.4164,495799,
1788618960000,2026-09-05T14:36:00.000Z,1.4164,1.4189,1.4159,1.4184,1677604,
1788619140000,2026-09-05T14:39:00.000Z,1.4184,1.4198,1.4184,1.4186,274420,
1788619320000,2026-09-05T14:42:00.000Z,1.4186,1.4187,1.4156,1.4163,786090,
1788619500000,2026-09-05T14:45:00.000Z,1.4163,1.4171,1.4149,1.4149,330708,
1788619680000,2026-09-05T14:48:00.000Z,1.4149,1.4161,1.4144,1.4154,619370,
1788619860000,2026-09-05T14:51:00.000Z,1.4154,1.4158,1.414,1.4146,845748,
1788620040000,2026-09-05T14:54:00.000Z,1.4146,1.4161,1.4141,1.4147,1745313,
1788620220000,2026-09-05T14:57:00.000Z,1.4147,1.4166,1.4136,1.4136,1392035,
1788620400000,2026-09-05T15:00:00.000Z,1.4136,1.4136,1.4123,1.4126,184801,
1788620580000,2026-09-05T15:03:00.000Z,1.4126,1.414,1.4114,1.414,1767196,
1788620760000,2026-09-05T15:06:00.000Z,1.414,1.4146,1.413,1.413,533024,
1788620940000,2026-09-05T15:09:00.000Z,1.413,1.4136,1.4116,1.4118,1624341,
1788621120000,2026-09-05T15:12:00.000Z,1.4118,1.4122,1.4115,1.4121,156457,
1788621300000,2026-09-05T15:15:00.000Z,1.4121,1.4126,1.4097,1.4098,185368,
1788621480000,2026-09-05T15:18:00.000Z,1.4098,1.4127,1.4097,1.4126,1429767,
1788621660000,2026-09-05T15:21:00.000Z,1.4126,1.4133,1.4116,1.4125,249248,
1788621840000,2026-09-05T15:24:00.000Z,1.4125,1.4153,1.4122,1.4147,647802,
1788622020000,2026-09-05T15:27:00.000Z,1.4147,1.4148,1.4115,1.4119,1358832,
1788622200000,2026-09-05T15:30:00.000Z,1.4119,1.4127,1.4114,1.4114,140422,
1788622380000,2026-09-05T15:33:00.000Z,1.4114,1.4117,1.4104,1.4117,75223,
1788622560000,2026-09-05T15:36:00.000Z,1.4117,1.4129,1.4115,1.4129,223609,
1788622740000,2026-09-05T15:39:00.000Z,1.4129,1.4129,1.4113,1.4117,43100,
1788622920000,2026-09-05T15:42:00.000Z,1.4117,1.4135,1.4109,1.4111,1584960,
1788623100000,2026-09-05T15:45:00.000Z,1.4111,1.4127,1.4111,1.4117,144151,
1788623280000,2026-09-05T15:48:00.000Z,1.4117,1.412,1.4108,1.412,114500,
1788623460000,2026-09-05T15:51:00.000Z,1.412,1.4121,1.4104,1.4117,1551236,
1788623640000,2026-09-05T15:54:00.000Z,1.4117,1.4123,1.4111,1.4115,567168,
1788623820000,2026-09-05T15:57:00.000Z,1.4115,1.4119,1.4114,1.4116,93310,
1788624000000,2026-09-05T16:00:00.000Z,1.4116,1.4126,1.4113,1.4124,804130,
1788624180000,2026-09-05T16:03:00.000Z,1.4124,1.4136,1.4121,1.413,124760,
1788624360000,2026-09-05T16:06:00.000Z,1.413,1.413,1.4115,1.412,134571,
1788624540000,2026-09-05T16:09:00.000Z,1.412,1.4125,1.4117,1.4122,21206,
1788624720000,2026-09-05T16:12:00.000Z,1.4122,1.4124,1.4103,1.4112,245309,
1788624900000,2026-09-05T16:15:00.000Z,1.4112,1.4123,1.411,1.4115,36269,
1788625080000,2026-09-05T16:18:00.000Z,1.4115,1.4124,1.4111,1.4124,28773,
1788625260000,2026-09-05T16:21:00.000Z,1.4124,1.4129,1.4121,1.4128,51920,
1788625440000,2026-09-05T16:24:00.000Z,1.4128,1.4134,1.4123,1.4131,406651,
1788625620000,2026-09-05T16:27:00.000Z,1.4131,1.4134,1.4113,1.4125,200886,
1788625800000,2026-09-05T16:30:00.000Z,1.4125,1.4153,1.4124,1.4149,1188646,
1788625980000,2026-09-05T16:33:00.000Z,1.4149,1.4149,1.4127,1.4127,556903,
1788626160000,2026-09-05T16:36:00.000Z,1.4127,1.4132,1.4116,1.4118,254546,
1788626340000,2026-09-05T16:39:00.000Z,1.4118,1.4132,1.4115,1.4123,1163285,
1788626520000,2026-09-05T16:42:00.000Z,1.4123,1.4124,1.4116,1.412,36409,
1788626700000,2026-09-05T16:45:00.000Z,1.412,1.4134,1.4103,1.4115,3438381,
1788626880000,2026-09-05T16:48:00.000Z,1.4115,1.4141,1.4112,1.4129,860521,
1788627060000,2026-09-05T16:51:00.000Z,1.4129,1.4154,1.4122,1.4151,762314,
1788627240000,2026-09-05T16:54:00.000Z,1.4151,1.4178,1.4145,1.4176,780999,
1788627420000,2026-09-05T16:57:00.000Z,1.4176,1.4182,1.4138,1.4144,1978666,
1788627600000,2026-09-05T17:00:00.000Z,1.4144,1.4174,1.414,1.416,2533357,
1788627780000,2026-09-05T17:03:00.000Z,1.416,1.4171,1.4158,1.4169,117905,
1788627960000,2026-09-05T17:06:00.000Z,1.4169,1.421,1.4169,1.4198,2010080,
1788628140000,2026-09-05T17:09:00.000Z,1.4198,1.422,1.4197,1.4211,1739040,
1788628320000,2026-09-05T17:12:00.000Z,1.4211,1.4214,1.4193,1.4212,636017,
1788628500000,2026-09-05T17:15:00.000Z,1.4212,1.4214,1.4176,1.4176,1545628,
1788628680000,2026-09-05T17:18:00.000Z,1.4176,1.4199,1.4174,1.418,1982845,
1788628860000,2026-09-05T17:21:00.000Z,1.418,1.4199,1.417,1.4191,1494516,
1788629040000,2026-09-05T17:24:00.000Z,1.4191,1.4196,1.4185,1.4192,139839,
1788629220000,2026-09-05T17:27:00.000Z,1.4192,1.4192,1.4176,1.4185,224378,
1788629400000,2026-09-05T17:30:00.000Z,1.4185,1.4209,1.4185,1.4209,118742,
1788629580000,2026-09-05T17:33:00.000Z,1.4209,1.4222,1.42,1.4208,452289,
1788629760000,2026-09-05T17:36:00.000Z,1.4208,1.4212,1.4192,1.4197,96075,
1788629940000,2026-09-05T17:39:00.000Z,1.4197,1.42,1.4185,1.419,473760,
1788630120000,2026-09-05T17:42:00.000Z,1.419,1.4202,1.4186,1.4199,96029,
1788630300000,2026-09-05T17:45:00.000Z,1.4199,1.4204,1.4191,1.4197,153691,
1788630480000,2026-09-05T17:48:00.000Z,1.4197,1.4205,1.4189,1.4203,150691,
1788630660000,2026-09-05T17:51:00.000Z,1.4203,1.422,1.4198,1.4216,1250024,
1788630840000,2026-09-05T17:54:00.000Z,1.4216,1.4247,1.4205,1.4239,1368767,
1788631020000,2026-09-05T17:57:00.000Z,1.4239,1.4274,1.4231,1.4256,2933150,
1788631200000,2026-09-05T18:00:00.000Z,1.4256,1.4271,1.4226,1.4234,2588557,
1788631380000,2026-09-05T18:03:00.000Z,1.4234,1.4237,1.4216,1.4233,339186,
1788631560000,2026-09-05T18:06:00.000Z,1.4233,1.424,1.4216,1.4216,130154,
1788631740000,2026-09-05T18:09:00.000Z,1.4216,1.422,1.4199,1.4217,1742536,
1788631920000,2026-09-05T18:12:00.000Z,1.4217,1.4219,1.4212,1.4215,19251,
1788632100000,2026-09-05T18:15:00.000Z,1.4215,1.4217,1.4199,1.4203,757259,
1788632280000,2026-09-05T18:18:00.000Z,1.4203,1.4222,1.42,1.4214,1389825,
1788632460000,2026-09-05T18:21:00.000Z,1.4214,1.4223,1.4207,1.4211,871439,
1788632640000,2026-09-05T18:24:00.000Z,1.4211,1.4216,1.4195,1.4199,761363,
1788632820000,2026-09-05T18:27:00.000Z,1.4199,1.4205,1.4186,1.4186,115744,
1788633000000,2026-09-05T18:30:00.000Z,1.4186,1.4223,1.4186,1.4198,1089517,
1788633180000,2026-09-05T18:33:00.000Z,1.4198,1.42,1.4193,1.4197,98133,
1788633360000,2026-09-05T18:36:00.000Z,1.4197,1.4204,1.4194,1.4196,184935,
1788633540000,2026-09-05T18:39:00.000Z,1.4196,1.4196,1.4177,1.4186,363869,
1788633720000,2026-09-05T18:42:00.000Z,1.4186,1.4186,1.4165,1.418,774035,
1788633900000,2026-09-05T18:45:00.000Z,1.418,1.4193,1.4177,1.4184,1272886,
1788634080000,2026-09-05T18:48:00.000Z,1.4184,1.4184,1.4165,1.4169,96961,
1788634260000,2026-09-05T18:51:00.000Z,1.4169,1.4189,1.4169,1.4177,941830,
1788634440000,2026-09-05T18:54:00.000Z,1.4177,1.418,1.4168,1.4178,63243,
1788634620000,2026-09-05T18:57:00.000Z,1.4178,1.4182,1.4165,1.4171,920792,
1788634800000,2026-09-05T19:00:00.000Z,1.4171,1.4171,1.4144,1.415,894125,
1788634980000,2026-09-05T19:03:00.000Z,1.415,1.4163,1.4145,1.4162,26582,
1788635160000,2026-09-05T19:06:00.000Z,1.4162,1.4177,1.4161,1.4173,169249,
1788635340000,2026-09-05T19:09:00.000Z,1.4173,1.42,1.4173,1.4195,1124745,
1788635520000,2026-09-05T19:12:00.000Z,1.4195,1.4195,1.4182,1.4189,241849,
1788635700000,2026-09-05T19:15:00.000Z,1.4189,1.4193,1.4184,1.4185,14658,
1788635880000,2026-09-05T19:18:00.000Z,1.4185,1.4193,1.4182,1.4183,18525,
1788636060000,2026-09-05T19:21:00.000Z,1.4183,1.4184,1.4164,1.4181,1604402,
1788636240000,2026-09-05T19:24:00.000Z,1.4181,1.4187,1.4175,1.4181,105765,
1788636420000,2026-09-05T19:27:00.000Z,1.4181,1.4197,1.418,1.4185,1483789,
1788636600000,2026-09-05T19:30:00.000Z,1.4185,1.4202,1.4185,1.4191,30538,
1788636780000,2026-09-05T19:33:00.000Z,1.4191,1.4201,1.4158,1.4167,803680,
1788636960000,2026-09-05T19:36:00.000Z,1.4167,1.4169,1.4134,1.4144,680507,
1788637140000,2026-09-05T19:39:00.000Z,1.4144,1.4173,1.4139,1.4167,988232,
1788637320000,2026-09-05T19:42:00.000Z,1.4167,1.4179,1.4165,1.4179,297043,
1788637500000,2026-09-05T19:45:00.000Z,1.4179,1.4182,1.414,1.4148,810319,
1788637680000,2026-09-05T19:48:00.000Z,1.4148,1.4148,1.4127,1.4139,890810,
1788637860000,2026-09-05T19:51:00.000Z,1.4139,1.4163,1.4138,1.4155,1233432,
1788638040000,2026-09-05T19:54:00.000Z,1.4155,1.4166,1.4155,1.4165,110482,
1788638220000,2026-09-05T19:57:00.000Z,1.4165,1.4169,1.4139,1.4151,1570177,
1788638400000,2026-09-05T20:00:00.000Z,1.4151,1.4174,1.4146,1.4147,362444,
1788638580000,2026-09-05T20:03:00.000Z,1.4147,1.4177,1.4136,1.4174,1171931,
1788638760000,2026-09-05T20:06:00.000Z,1.4174,1.4177,1.416,1.4165,316329,
1788638940000,2026-09-05T20:09:00.000Z,1.4165,1.4177,1.4158,1.4177,217716,
1788639120000,2026-09-05T20:12:00.000Z,1.4177,1.4183,1.4138,1.4149,1531401,
1788639300000,2026-09-05T20:15:00.000Z,1.4149,1.4151,1.414,1.4142,58056,
1788639480000,2026-09-05T20:18:00.000Z,1.4142,1.4151,1.4118,1.4151,1392278,
1788639660000,2026-09-05T20:21:00.000Z,1.4151,1.4151,1.4141,1.4142,198655,
1788639840000,2026-09-05T20:24:00.000Z,1.4142,1.4164,1.4142,1.4162,702520,
1788640020000,2026-09-05T20:27:00.000Z,1.4162,1.4162,1.4125,1.4126,1171227,
1788640200000,2026-09-05T20:30:00.000Z,1.4126,1.4132,1.4122,1.4122,507773,
1788640380000,2026-09-05T20:33:00.000Z,1.4122,1.4137,1.4118,1.4124,825543,
1788640560000,2026-09-05T20:36:00.000Z,1.4124,1.4156,1.4124,1.4144,1669797,
1788640740000,2026-09-05T20:39:00.000Z,1.4144,1.416,1.4143,1.4151,951749,
1788640920000,2026-09-05T20:42:00.000Z,1.4151,1.4164,1.4144,1.4163,364223,
1788641100000,2026-09-05T20:45:00.000Z,1.4163,1.4165,1.4154,1.4156,97081,
1788641280000,2026-09-05T20:48:00.000Z,1.4156,1.416,1.4155,1.4155,52518,
1788641460000,2026-09-05T20:51:00.000Z,1.4155,1.4172,1.4135,1.4136,2146656,
1788641640000,2026-09-05T20:54:00.000Z,1.4136,1.4149,1.4136,1.4148,38161,
1788641820000,2026-09-05T20:57:00.000Z,1.4148,1.4149,1.4135,1.414,398629,
1788642000000,2026-09-05T21:00:00.000Z,1.414,1.4149,1.414,1.4145,34804,
1788642180000,2026-09-05T21:03:00.000Z,1.4145,1.4147,1.4136,1.4143,10195,
1788642360000,2026-09-05T21:06:00.000Z,1.4143,1.4157,1.4143,1.4156,37065,
1788642540000,2026-09-05T21:09:00.000Z,1.4156,1.4167,1.4156,1.4165,17721,
1788642720000,2026-09-05T21:12:00.000Z,1.4165,1.4168,1.416,1.4166,74594,
1788642900000,2026-09-05T21:15:00.000Z,1.4166,1.4166,1.4158,1.4161,63988,
1788643080000,2026-09-05T21:18:00.000Z,1.4161,1.4169,1.4153,1.4169,195346,
1788643260000,2026-09-05T21:21:00.000Z,1.4169,1.4185,1.4169,1.4185,91051,
1788643440000,2026-09-05T21:24:00.000Z,1.4185,1.4211,1.4183,1.4203,255151,
1788643620000,2026-09-05T21:27:00.000Z,1.4203,1.421,1.4192,1.4193,1217550,
1788643800000,2026-09-05T21:30:00.000Z,1.4193,1.4213,1.4193,1.4203,87632,
1788643980000,2026-09-05T21:33:00.000Z,1.4203,1.4204,1.4189,1.4192,57923,
1788644160000,2026-09-05T21:36:00.000Z,1.4192,1.4202,1.4187,1.4202,31079,
1788644340000,2026-09-05T21:39:00.000Z,1.4202,1.4211,1.4195,1.4211,838343,
1788644520000,2026-09-05T21:42:00.000Z,1.4211,1.422,1.4199,1.4215,72190,
1788644700000,2026-09-05T21:45:00.000Z,1.4215,1.4219,1.4201,1.4203,40919,
1788644880000,2026-09-05T21:48:00.000Z,1.4203,1.4208,1.4181,1.4206,542769,
1788645060000,2026-09-05T21:51:00.000Z,1.4206,1.4206,1.4191,1.4193,97865,
1788645240000,2026-09-05T21:54:00.000Z,1.4193,1.4193,1.4181,1.4188,34115,
1788645420000,2026-09-05T21:57:00.000Z,1.4188,1.4198,1.4178,1.4196,90432,
1788645600000,2026-09-05T22:00:00.000Z,1.4196,1.4224,1.419,1.4205,525010,
1788645780000,2026-09-05T22:03:00.000Z,1.4205,1.4212,1.4187,1.4197,96180,
1788645960000,2026-09-05T22:06:00.000Z,1.4197,1.4198,1.417,1.4171,525180,
1788646140000,2026-09-05T22:09:00.000Z,1.4171,1.4187,1.4155,1.4179,2290665,
1788646320000,2026-09-05T22:12:00.000Z,1.4179,1.4193,1.4178,1.4185,30967,
1788646500000,2026-09-05T22:15:00.000Z,1.4185,1.4194,1.415,1.4164,1188703,
1788646680000,2026-09-05T22:18:00.000Z,1.4164,1.4174,1.4161,1.4163,101954,
1788646860000,2026-09-05T22:21:00.000Z,1.4163,1.4163,1.4138,1.4148,726788,
1788647040000,2026-09-05T22:24:00.000Z,1.4148,1.4158,1.4141,1.4141,617517,
1788647220000,2026-09-05T22:27:00.000Z,1.4141,1.4141,1.4119,1.414,883723,
1788647400000,2026-09-05T22:30:00.000Z,1.414,1.4159,1.4135,1.4147,706257,
1788647580000,2026-09-05T22:33:00.000Z,1.4147,1.4151,1.4142,1.4147,96350,
1788647760000,2026-09-05T22:36:00.000Z,1.4147,1.415,1.4139,1.4142,56259,
1788647940000,2026-09-05T22:39:00.000Z,1.4142,1.4149,1.4133,1.4143,139950,
1788648120000,2026-09-05T22:42:00.000Z,1.4143,1.4152,1.4139,1.4147,314055,
1788648300000,2026-09-05T22:45:00.000Z,1.4147,1.4147,1.4134,1.4142,18054,
1788648480000,2026-09-05T22:48:00.000Z,1.4142,1.4145,1.413,1.4145,155090,
1788648660000,2026-09-05T22:51:00.000Z,1.4145,1.415,1.4142,1.4146,14803,
1788648840000,2026-09-05T22:54:00.000Z,1.4146,1.4147,1.4128,1.4133,247397,
1788649020000,2026-09-05T22:57:00.000Z,1.4133,1.4146,1.4131,1.4135,317169,
1788649200000,2026-09-05T23:00:00.000Z,1.4135,1.4137,1.4128,1.4135,25385,
1788649380000,2026-09-05T23:03:00.000Z,1.4135,1.4139,1.4129,1.4139,66165,
1788649560000,2026-09-05T23:06:00.000Z,1.4139,1.4146,1.4122,1.4136,47284,
1788649740000,2026-09-05T23:09:00.000Z,1.4136,1.4139,1.4133,1.4139,39227,
1788649920000,2026-09-05T23:12:00.000Z,1.4139,1.4142,1.4132,1.4135,633136,
1788650100000,2026-09-05T23:15:00.000Z,1.4135,1.4144,1.4119,1.4144,1061113,
1788650280000,2026-09-05T23:18:00.000Z,1.4144,1.4159,1.414,1.4157,67985,
1788650460000,2026-09-05T23:21:00.000Z,1.4157,1.4157,1.4126,1.4126,934755,
1788650640000,2026-09-05T23:24:00.000Z,1.4126,1.413,1.4119,1.4123,115301,
1788650820000,2026-09-05T23:27:00.000Z,1.4123,1.4141,1.412,1.4127,1370640,
1788651000000,2026-09-05T23:30:00.000Z,1.4127,1.4152,1.4127,1.4141,141248,
1788651180000,2026-09-05T23:33:00.000Z,1.4141,1.415,1.4139,1.4148,12268,
1788651360000,2026-09-05T23:36:00.000Z,1.4148,1.4148,1.3977,1.4086,8559103,
1788651540000,2026-09-05T23:39:00.000Z,1.4086,1.4105,1.408,1.4105,843125,
1788651720000,2026-09-05T23:42:00.000Z,1.4105,1.4116,1.4099,1.4109,1351856,
1788651900000,2026-09-05T23:45:00.000Z,1.4109,1.415,1.4109,1.4134,1113965,
1788652080000,2026-09-05T23:48:00.000Z,1.4134,1.4141,1.4115,1.4125,804420,
1788652260000,2026-09-05T23:51:00.000Z,1.4125,1.414,1.4125,1.4138,207569,
1788652440000,2026-09-05T23:54:00.000Z,1.4138,1.4154,1.4099,1.4103,1096538,
1788652620000,2026-09-05T23:57:00.000Z,1.4103,1.412,1.4099,1.4116,106731,
1788652800000,2026-09-06T00:00:00.000Z,1.4116,1.4116,1.4103,1.411,121730,
1788652980000,2026-09-06T00:03:00.000Z,1.411,1.4115,1.4107,1.411,133996,
1788653160000,2026-09-06T00:06:00.000Z,1.411,1.4118,1.4105,1.4117,39997,
1788653340000,2026-09-06T00:09:00.000Z,1.4117,1.4124,1.4115,1.4118,28862,
1788653520000,2026-09-06T00:12:00.000Z,1.4118,1.4121,1.4109,1.4112,188748,
1788653700000,2026-09-06T00:15:00.000Z,1.4112,1.4117,1.4108,1.4117,71471,
1788653880000,2026-09-06T00:18:00.000Z,1.4117,1.4117,1.4108,1.4113,72303,
1788654060000,2026-09-06T00:21:00.000Z,1.4113,1.412,1.4108,1.412,36917,
1788654240000,2026-09-06T00:24:00.000Z,1.412,1.4133,1.4119,1.4133,97440,
1788654420000,2026-09-06T00:27:00.000Z,1.4133,1.4143,1.4129,1.4141,434258,
1788654600000,2026-09-06T00:30:00.000Z,1.4141,1.4159,1.414,1.4157,518944,
1788654780000,2026-09-06T00:33:00.000Z,1.4157,1.4171,1.4145,1.4151,744166,
1788654960000,2026-09-06T00:36:00.000Z,1.4151,1.4165,1.4148,1.4151,923682,
1788655140000,2026-09-06T00:39:00.000Z,1.4151,1.4163,1.4137,1.4156,621425,
1788655320000,2026-09-06T00:42:00.000Z,1.4156,1.4167,1.4141,1.4146,1081482,
1788655500000,2026-09-06T00:45:00.000Z,1.4146,1.4149,1.4133,1.4137,141764,
1788655680000,2026-09-06T00:48:00.000Z,1.4137,1.4147,1.4133,1.4135,17447,
1788655860000,2026-09-06T00:51:00.000Z,1.4135,1.4161,1.4132,1.4148,2737529,
1788656040000,2026-09-06T00:54:00.000Z,1.4148,1.4153,1.4143,1.4152,121516,
1788656220000,2026-09-06T00:57:00.000Z,1.4152,1.4162,1.4134,1.4135,1311409,
1788656400000,2026-09-06T01:00:00.000Z,1.4135,1.4141,1.4123,1.4126,234655,
1788656580000,2026-09-06T01:03:00.000Z,1.4126,1.418,1.4126,1.4163,2124086,
1788656760000,2026-09-06T01:06:00.000Z,1.4163,1.4174,1.4161,1.4171,689658,
1788656940000,2026-09-06T01:09:00.000Z,1.4171,1.4171,1.4152,1.417,65094,
1788657120000,2026-09-06T01:12:00.000Z,1.417,1.4185,1.4158,1.4165,1302067,
1788657300000,2026-09-06T01:15:00.000Z,1.4165,1.4172,1.4155,1.4165,493996,
1788657480000,2026-09-06T01:18:00.000Z,1.4165,1.4182,1.416,1.4165,1392432,
1788657660000,2026-09-06T01:21:00.000Z,1.4165,1.4179,1.4148,1.4168,1193194,
1788657840000,2026-09-06T01:24:00.000Z,1.4168,1.4179,1.4167,1.4172,40918,
1788658020000,2026-09-06T01:27:00.000Z,1.4172,1.4183,1.4167,1.4169,54534,
1788658200000,2026-09-06T01:30:00.000Z,1.4169,1.4169,1.4161,1.4168,278015,
1788658380000,2026-09-06T01:33:00.000Z,1.4168,1.4193,1.4168,1.4188,165022,
1788658560000,2026-09-06T01:36:00.000Z,1.4188,1.4201,1.4167,1.4176,817019,
1788658740000,2026-09-06T01:39:00.000Z,1.4176,1.4204,1.4176,1.4177,913564,
1788658920000,2026-09-06T01:42:00.000Z,1.4177,1.4179,1.4163,1.4166,99768,
1788659100000,2026-09-06T01:45:00.000Z,1.4166,1.4188,1.4153,1.4169,1132110,
1788659280000,2026-09-06T01:48:00.000Z,1.4169,1.417,1.4144,1.4169,1728331,
1788659460000,2026-09-06T01:51:00.000Z,1.4169,1.4191,1.4169,1.419,121687,
1788659640000,2026-09-06T01:54:00.000Z,1.419,1.4195,1.4177,1.4192,991180,
1788659820000,2026-09-06T01:57:00.000Z,1.4192,1.4192,1.4162,1.4169,1427728,
1788660000000,2026-09-06T02:00:00.000Z,1.4169,1.419,1.4167,1.4169,294625,
1788660180000,2026-09-06T02:03:00.000Z,1.4169,1.4171,1.4152,1.416,208023,
1788660360000,2026-09-06T02:06:00.000Z,1.416,1.4193,1.416,1.4191,726347,
1788660540000,2026-09-06T02:09:00.000Z,1.4191,1.4196,1.4184,1.4191,124589,
1788660720000,2026-09-06T02:12:00.000Z,1.4191,1.42,1.4175,1.4181,703764,
1788660900000,2026-09-06T02:15:00.000Z,1.4181,1.4187,1.4169,1.4169,471414,
1788661080000,2026-09-06T02:18:00.000Z,1.4169,1.4173,1.4153,1.4155,131089,
1788661260000,2026-09-06T02:21:00.000Z,1.4155,1.4159,1.4151,1.4153,37790,
1788661440000,2026-09-06T02:24:00.000Z,1.4153,1.4158,1.415,1.4151,32912,
1788661620000,2026-09-06T02:27:00.000Z,1.4151,1.4161,1.415,1.4155,61624,
1788661800000,2026-09-06T02:30:00.000Z,1.4155,1.4161,1.4155,1.4159,57502,
1788661980000,2026-09-06T02:33:00.000Z,1.4159,1.4176,1.4159,1.4165,113791,
1788662160000,2026-09-06T02:36:00.000Z,1.4165,1.417,1.4158,1.4169,117195,
1788662340000,2026-09-06T02:39:00.000Z,1.4169,1.4182,1.4166,1.4176,62362,
1788662520000,2026-09-06T02:42:00.000Z,1.4176,1.4177,1.4161,1.4164,49408,
1788662700000,2026-09-06T02:45:00.000Z,1.4164,1.417,1.4154,1.4157,123215,
1788662880000,2026-09-06T02:48:00.000Z,1.4157,1.4161,1.4156,1.416,20718,
1788663060000,2026-09-06T02:51:00.000Z,1.416,1.4175,1.4159,1.4175,17492,
1788663240000,2026-09-06T02:54:00.000Z,1.4175,1.4178,1.4172,1.4174,49410,
1788663420000,2026-09-06T02:57:00.000Z,1.4174,1.4178,1.4172,1.4176,23958,
1788663600000,2026-09-06T03:00:00.000Z,1.4176,1.4179,1.4172,1.4176,86632,
1788663780000,2026-09-06T03:03:00.000Z,1.4176,1.4182,1.4176,1.4179,14405,
1788663960000,2026-09-06T03:06:00.000Z,1.4179,1.4191,1.4175,1.4175,1233467,
1788664140000,2026-09-06T03:09:00.000Z,1.4175,1.4181,1.4171,1.4178,167811,
1788664320000,2026-09-06T03:12:00.000Z,1.4178,1.4189,1.4178,1.4189,3800,
1788664500000,2026-09-06T03:15:00.000Z,1.4189,1.4198,1.4181,1.4183,166121,
1788664680000,2026-09-06T03:18:00.000Z,1.4183,1.4193,1.4183,1.4183,58422,
1788664860000,2026-09-06T03:21:00.000Z,1.4183,1.4185,1.4177,1.4184,11767,
1788665040000,2026-09-06T03:24:00.000Z,1.4184,1.4191,1.4171,1.4173,125048,
1788665220000,2026-09-06T03:27:00.000Z,1.4173,1.4187,1.4173,1.4186,21342,
1788665400000,2026-09-06T03:30:00.000Z,1.4186,1.424,1.4186,1.4218,1033574,
1788665580000,2026-09-06T03:33:00.000Z,1.4218,1.4232,1.4214,1.4231,105097,
1788665760000,2026-09-06T03:36:00.000Z,1.4231,1.4267,1.4224,1.4261,1000224,
1788665940000,2026-09-06T03:39:00.000Z,1.4261,1.432,1.4261,1.4307,981140,
1788666120000,2026-09-06T03:42:00.000Z,1.4307,1.4309,1.4273,1.4278,471138,
1788666300000,2026-09-06T03:45:00.000Z,1.4278,1.4283,1.4261,1.4262,753835,
1788666480000,2026-09-06T03:48:00.000Z,1.4262,1.4264,1.4247,1.4251,322264,
1788666660000,2026-09-06T03:51:00.000Z,1.4251,1.4269,1.4249,1.4256,146922,
1788666840000,2026-09-06T03:54:00.000Z,1.4256,1.4259,1.4242,1.4247,173823,
1788667020000,2026-09-06T03:57:00.000Z,1.4247,1.425,1.4234,1.4235,185252,
1788667200000,2026-09-06T04:00:00.000Z,1.4235,1.4238,1.4208,1.4216,818343,
1788667380000,2026-09-06T04:03:00.000Z,1.4216,1.4227,1.4214,1.4219,95523,
1788667560000,2026-09-06T04:06:00.000Z,1.4219,1.4222,1.4191,1.4199,1710717,
1788667740000,2026-09-06T04:09:00.000Z,1.4199,1.4232,1.4198,1.4232,597448,
1788667920000,2026-09-06T04:12:00.000Z,1.4232,1.4235,1.4212,1.4219,119626,
1788668100000,2026-09-06T04:15:00.000Z,1.4219,1.4228,1.421,1.4217,164294,
1788668280000,2026-09-06T04:18:00.000Z,1.4217,1.4217,1.4172,1.4185,312656,
1788668460000,2026-09-06T04:21:00.000Z,1.4185,1.4189,1.4179,1.418,243608,
1788668640000,2026-09-06T04:24:00.000Z,1.418,1.4199,1.4168,1.4191,1321072,
1788668820000,2026-09-06T04:27:00.000Z,1.4191,1.4193,1.4186,1.419,147519,
1788669000000,2026-09-06T04:30:00.000Z,1.419,1.419,1.4163,1.4171,637137,
1788669180000,2026-09-06T04:33:00.000Z,1.4171,1.418,1.417,1.418,128762,
1788669360000,2026-09-06T04:36:00.000Z,1.418,1.4188,1.4179,1.4181,78147,
1788669540000,2026-09-06T04:39:00.000Z,1.4181,1.419,1.4173,1.4189,65367,
1788669720000,2026-09-06T04:42:00.000Z,1.4189,1.4215,1.4187,1.4207,480908,
1788669900000,2026-09-06T04:45:00.000Z,1.4207,1.4233,1.4206,1.4216,284944,
1788670080000,2026-09-06T04:48:00.000Z,1.4216,1.4226,1.4197,1.4198,33302,
1788670260000,2026-09-06T04:51:00.000Z,1.4198,1.4203,1.4192,1.4194,172117,
1788670440000,2026-09-06T04:54:00.000Z,1.4194,1.4205,1.4187,1.4197,714504,
1788670620000,2026-09-06T04:57:00.000Z,1.4197,1.4202,1.4191,1.4194,93353,
1788670800000,2026-09-06T05:00:00.000Z,1.4194,1.4205,1.4185,1.4201,192369,
1788670980000,2026-09-06T05:03:00.000Z,1.4201,1.4213,1.4192,1.4202,371035,
1788671160000,2026-09-06T05:06:00.000Z,1.4202,1.4208,1.4193,1.4201,157006,
1788671340000,2026-09-06T05:09:00.000Z,1.4201,1.4202,1.417,1.4171,109938,
1788671520000,2026-09-06T05:12:00.000Z,1.4171,1.4178,1.4171,1.4175,87066,
1788671700000,2026-09-06T05:15:00.000Z,1.4175,1.4181,1.4172,1.4178,46883,
1788671880000,2026-09-06T05:18:00.000Z,1.4178,1.4199,1.4176,1.4197,547115,
1788672060000,2026-09-06T05:21:00.000Z,1.4197,1.4204,1.4197,1.4201,73153,
1788672240000,2026-09-06T05:24:00.000Z,1.4201,1.4216,1.4192,1.4196,601337,
1788672420000,2026-09-06T05:27:00.000Z,1.4196,1.4198,1.4191,1.4194,40912,
1788672600000,2026-09-06T05:30:00.000Z,1.4194,1.4196,1.419,1.4194,47460,
1788672780000,2026-09-06T05:33:00.000Z,1.4194,1.4249,1.4185,1.4244,1432517,
1788672960000,2026-09-06T05:36:00.000Z,1.4244,1.4261,1.4244,1.4259,222656,
1788673140000,2026-09-06T05:39:00.000Z,1.4259,1.4283,1.4259,1.4279,299678,
1788673320000,2026-09-06T05:42:00.000Z,1.4279,1.428,1.4244,1.4254,751801,
1788673500000,2026-09-06T05:45:00.000Z,1.4254,1.4274,1.4231,1.4237,1058848,
1788673680000,2026-09-06T05:48:00.000Z,1.4237,1.4249,1.4237,1.4247,97568,
1788673860000,2026-09-06T05:51:00.000Z,1.4247,1.4255,1.4242,1.4247,237606,
1788674040000,2026-09-06T05:54:00.000Z,1.4247,1.4247,1.4224,1.4229,94801,
1788674220000,2026-09-06T05:57:00.000Z,1.4229,1.424,1.4226,1.424,49580,
1788674400000,2026-09-06T06:00:00.000Z,1.424,1.4242,1.4227,1.4242,116244,
1788674580000,2026-09-06T06:03:00.000Z,1.4242,1.4249,1.4238,1.4245,48851,
1788674760000,2026-09-06T06:06:00.000Z,1.4245,1.4245,1.4232,1.4232,16355,
1788674940000,2026-09-06T06:09:00.000Z,1.4232,1.4247,1.4225,1.4245,165009,
1788675120000,2026-09-06T06:12:00.000Z,1.4245,1.4257,1.424,1.424,236424,
1788675300000,2026-09-06T06:15:00.000Z,1.424,1.4242,1.4216,1.4222,158037,
1788675480000,2026-09-06T06:18:00.000Z,1.4222,1.4222,1.4199,1.4211,856913,
1788675660000,2026-09-06T06:21:00.000Z,1.4211,1.4211,1.4191,1.4197,254235,
1788675840000,2026-09-06T06:24:00.000Z,1.4197,1.4198,1.4184,1.4197,235661,
1788676020000,2026-09-06T06:27:00.000Z,1.4197,1.4202,1.4192,1.4192,58319,
1788676200000,2026-09-06T06:30:00.000Z,1.4192,1.4198,1.4181,1.4192,159585,
1788676380000,2026-09-06T06:33:00.000Z,1.4192,1.4195,1.4181,1.4181,58937,
1788676560000,2026-09-06T06:36:00.000Z,1.4181,1.4189,1.4175,1.4186,176035,
1788676740000,2026-09-06T06:39:00.000Z,1.4186,1.4198,1.4178,1.4182,719755,
1788676920000,2026-09-06T06:42:00.000Z,1.4182,1.4192,1.4181,1.4192,129757,
1788677100000,2026-09-06T06:45:00.000Z,1.4192,1.4192,1.4176,1.4178,50898,
1788677280000,2026-09-06T06:48:00.000Z,1.4178,1.4192,1.4158,1.4192,579476,
1788677460000,2026-09-06T06:51:00.000Z,1.4192,1.4194,1.4186,1.4191,33987,
1788677640000,2026-09-06T06:54:00.000Z,1.4191,1.4195,1.4176,1.4176,521259,
1788677820000,2026-09-06T06:57:00.000Z,1.4176,1.4179,1.4171,1.4175,38152,
1788678000000,2026-09-06T07:00:00.000Z,1.4175,1.4193,1.4171,1.4188,827462,
1788678180000,2026-09-06T07:03:00.000Z,1.4188,1.4189,1.4184,1.4189,29002,
1788678360000,2026-09-06T07:06:00.000Z,1.4189,1.4195,1.4164,1.4167,826082,
1788678540000,2026-09-06T07:09:00.000Z,1.4167,1.4171,1.4152,1.4159,495485,
1788678720000,2026-09-06T07:12:00.000Z,1.4159,1.4159,1.405,1.4101,2920731,
1788678900000,2026-09-06T07:15:00.000Z,1.4101,1.4153,1.4101,1.4142,892797,
1788679080000,2026-09-06T07:18:00.000Z,1.4142,1.4161,1.4138,1.4159,152409,
1788679260000,2026-09-06T07:21:00.000Z,1.4159,1.4183,1.4153,1.4183,168797,
1788679440000,2026-09-06T07:24:00.000Z,1.4183,1.4187,1.4139,1.4155,924321,
1788679620000,2026-09-06T07:27:00.000Z,1.4155,1.4162,1.4147,1.4147,33055,
1788679800000,2026-09-06T07:30:00.000Z,1.4147,1.4157,1.4136,1.4147,146594,
1788679980000,2026-09-06T07:33:00.000Z,1.4147,1.4154,1.4145,1.415,63829,
1788680160000,2026-09-06T07:36:00.000Z,1.415,1.4153,1.4138,1.4151,198120,
1788680340000,2026-09-06T07:39:00.000Z,1.4151,1.4162,1.4149,1.4158,54003,
1788680520000,2026-09-06T07:42:00.000Z,1.4158,1.4172,1.4158,1.4165,98771,
1788680700000,2026-09-06T07:45:00.000Z,1.4165,1.4168,1.4159,1.4166,46113,
1788680880000,2026-09-06T07:48:00.000Z,1.4166,1.4168,1.4161,1.4161,97943,
1788681060000,2026-09-06T07:51:00.000Z,1.4161,1.4167,1.416,1.416,68978,
1788681240000,2026-09-06T07:54:00.000Z,1.416,1.4176,1.416,1.4174,102259,
1788681420000,2026-09-06T07:57:00.000Z,1.4174,1.4176,1.416,1.416,41338,
1788681600000,2026-09-06T08:00:00.000Z,1.416,1.4164,1.4157,1.4158,60044,
1788681780000,2026-09-06T08:03:00.000Z,1.4158,1.4173,1.4158,1.4161,72304,
1788681960000,2026-09-06T08:06:00.000Z,1.4161,1.4168,1.4158,1.4165,44618,
1788682140000,2026-09-06T08:09:00.000Z,1.4165,1.4178,1.4162,1.4173,453063,
1788682320000,2026-09-06T08:12:00.000Z,1.4173,1.418,1.4163,1.4173,34290,
1788682500000,2026-09-06T08:15:00.000Z,1.4173,1.4181,1.4163,1.4166,115390,
1788682680000,2026-09-06T08:18:00.000Z,1.4166,1.4168,1.4163,1.4163,110238,
1788682860000,2026-09-06T08:21:00.000Z,1.4163,1.4173,1.4158,1.4167,235806,
1788683040000,2026-09-06T08:24:00.000Z,1.4167,1.4169,1.4155,1.4155,23399,
1788683220000,2026-09-06T08:27:00.000Z,1.4155,1.416,1.4149,1.4149,53033,
1788683400000,2026-09-06T08:30:00.000Z,1.4149,1.4149,1.4131,1.4144,543599,
1788683580000,2026-09-06T08:33:00.000Z,1.4144,1.4149,1.4139,1.4144,35713,
1788683760000,2026-09-06T08:36:00.000Z,1.4144,1.415,1.4138,1.4148,217660,
1788683940000,2026-09-06T08:39:00.000Z,1.4148,1.4154,1.4139,1.4139,51828,
1788684120000,2026-09-06T08:42:00.000Z,1.4139,1.4144,1.4125,1.4141,205397,
1788684300000,2026-09-06T08:45:00.000Z,1.4141,1.4143,1.4131,1.4136,80705,
1788684480000,2026-09-06T08:48:00.000Z,1.4136,1.4147,1.4136,1.4146,549409,
1788684660000,2026-09-06T08:51:00.000Z,1.4146,1.4156,1.4143,1.4154,44509,
1788684840000,2026-09-06T08:54:00.000Z,1.4154,1.4166,1.4147,1.4148,603721,
1788685020000,2026-09-06T08:57:00.000Z,1.4148,1.4156,1.414,1.4147,339513,
1788685200000,2026-09-06T09:00:00.000Z,1.4147,1.4152,1.4134,1.4152,446145,
1788685380000,2026-09-06T09:03:00.000Z,1.4152,1.4168,1.4152,1.4166,85701,
1788685560000,2026-09-06T09:06:00.000Z,1.4166,1.4166,1.4156,1.4164,42477,
1788685740000,2026-09-06T09:09:00.000Z,1.4164,1.4172,1.4153,1.417,849784,
1788685920000,2026-09-06T09:12:00.000Z,1.417,1.4174,1.4166,1.4171,56354,
1788686100000,2026-09-06T09:15:00.000Z,1.4171,1.4198,1.4161,1.4192,570948,
1788686280000,2026-09-06T09:18:00.000Z,1.4192,1.4216,1.419,1.4214,227399,
1788686460000,2026-09-06T09:21:00.000Z,1.4214,1.4226,1.4196,1.4202,1087693,
1788686640000,2026-09-06T09:24:00.000Z,1.4202,1.4213,1.4197,1.4207,189659,
1788686820000,2026-09-06T09:27:00.000Z,1.4207,1.4222,1.4204,1.4215,317676,
1788687000000,2026-09-06T09:30:00.000Z,1.4215,1.4243,1.4214,1.4226,422295,
1788687180000,2026-09-06T09:33:00.000Z,1.4226,1.4226,1.4209,1.421,79929,
1788687360000,2026-09-06T09:36:00.000Z,1.421,1.421,1.4192,1.4195,199387,
1788687540000,2026-09-06T09:39:00.000Z,1.4195,1.4208,1.419,1.4203,207328,
1788687720000,2026-09-06T09:42:00.000Z,1.4203,1.4204,1.4168,1.4182,627914,
1788687900000,2026-09-06T09:45:00.000Z,1.4182,1.419,1.4177,1.4186,275083,
1788688080000,2026-09-06T09:48:00.000Z,1.4186,1.419,1.418,1.4181,69920,
1788688260000,2026-09-06T09:51:00.000Z,1.4181,1.4186,1.4176,1.4182,91924,
1788688440000,2026-09-06T09:54:00.000Z,1.4182,1.4189,1.417,1.4181,101213,
1788688620000,2026-09-06T09:57:00.000Z,1.4181,1.419,1.4177,1.4182,310267,
1788688800000,2026-09-06T10:00:00.000Z,1.4182,1.4192,1.4179,1.4185,193764,
1788688980000,2026-09-06T10:03:00.000Z,1.4185,1.4198,1.4179,1.4194,165158,
1788689160000,2026-09-06T10:06:00.000Z,1.4194,1.4194,1.4178,1.4181,59701,
1788689340000,2026-09-06T10:09:00.000Z,1.4181,1.4188,1.4172,1.4177,194160,
1788689520000,2026-09-06T10:12:00.000Z,1.4177,1.4177,1.417,1.417,24835,
1788689700000,2026-09-06T10:15:00.000Z,1.417,1.4186,1.4168,1.4168,257173,
1788689880000,2026-09-06T10:18:00.000Z,1.4168,1.4183,1.4165,1.4183,373195,
1788690060000,2026-09-06T10:21:00.000Z,1.4183,1.4187,1.4175,1.4187,139267,
1788690240000,2026-09-06T10:24:00.000Z,1.4187,1.4188,1.4173,1.4183,26208,
1788690420000,2026-09-06T10:27:00.000Z,1.4183,1.4189,1.4182,1.4183,30009,
1788690600000,2026-09-06T10:30:00.000Z,1.4183,1.4183,1.4169,1.4173,228669,
1788690780000,2026-09-06T10:33:00.000Z,1.4173,1.4186,1.417,1.4184,100556,
1788690960000,2026-09-06T10:36:00.000Z,1.4184,1.4187,1.4172,1.4173,14064,
1788691140000,2026-09-06T10:39:00.000Z,1.4173,1.4192,1.4173,1.4191,141935,
1788691320000,2026-09-06T10:42:00.000Z,1.4191,1.4202,1.419,1.42,94160,
1788691500000,2026-09-06T10:45:00.000Z,1.42,1.4201,1.4194,1.4195,62579,
1788691680000,2026-09-06T10:48:00.000Z,1.4195,1.4203,1.4192,1.4201,56275,
1788691860000,2026-09-06T10:51:00.000Z,1.4201,1.4214,1.4193,1.4214,260023,
1788692040000,2026-09-06T10:54:00.000Z,1.4214,1.4221,1.4204,1.4208,433560,
1788692220000,2026-09-06T10:57:00.000Z,1.4208,1.4215,1.4206,1.4208,121592,
1788692400000,2026-09-06T11:00:00.000Z,1.4208,1.4211,1.4194,1.421,412716,
1788692580000,2026-09-06T11:03:00.000Z,1.421,1.4212,1.4202,1.4203,36793,
1788692760000,2026-09-06T11:06:00.000Z,1.4203,1.4221,1.4194,1.4201,624699,
1788692940000,2026-09-06T11:09:00.000Z,1.4201,1.4201,1.4192,1.4193,30202,
1788693120000,2026-09-06T11:12:00.000Z,1.4193,1.422,1.4178,1.4214,807009,
1788693300000,2026-09-06T11:15:00.000Z,1.4214,1.4214,1.4204,1.4208,42102,
1788693480000,2026-09-06T11:18:00.000Z,1.4208,1.4212,1.4187,1.419,623294,
1788693660000,2026-09-06T11:21:00.000Z,1.419,1.4201,1.4187,1.4197,95356,
1788693840000,2026-09-06T11:24:00.000Z,1.4197,1.4198,1.4174,1.4176,170329,
1788694020000,2026-09-06T11:27:00.000Z,1.4176,1.4207,1.4176,1.4189,828840,
1788694200000,2026-09-06T11:30:00.000Z,1.4189,1.4201,1.4182,1.4199,16815,
1788694380000,2026-09-06T11:33:00.000Z,1.4199,1.4216,1.4189,1.4195,809677,
1788694560000,2026-09-06T11:36:00.000Z,1.4195,1.4195,1.4181,1.4183,26649,
1788694740000,2026-09-06T11:39:00.000Z,1.4183,1.4195,1.4171,1.4189,537531,
1788694920000,2026-09-06T11:42:00.000Z,1.4189,1.4201,1.4175,1.4199,522916,
1788695100000,2026-09-06T11:45:00.000Z,1.4199,1.4214,1.4186,1.4193,1096505,
1788695280000,2026-09-06T11:48:00.000Z,1.4193,1.4203,1.4193,1.4195,184711,
1788695460000,2026-09-06T11:51:00.000Z,1.4195,1.4196,1.4187,1.4188,37396,
1788695640000,2026-09-06T11:54:00.000Z,1.4188,1.4199,1.4188,1.4192,487446,
1788695820000,2026-09-06T11:57:00.000Z,1.4192,1.4202,1.4191,1.42,61356,
1788696000000,2026-09-06T12:00:00.000Z,1.42,1.4207,1.4195,1.4195,48191,
1788696180000,2026-09-06T12:03:00.000Z,1.4195,1.4202,1.4191,1.4191,28913,
1788696360000,2026-09-06T12:06:00.000Z,1.4191,1.4197,1.419,1.4196,9585,
1788696540000,2026-09-06T12:09:00.000Z,1.4196,1.4209,1.4195,1.42,147784,
1788696720000,2026-09-06T12:12:00.000Z,1.42,1.4217,1.4199,1.4215,66998,
1788696900000,2026-09-06T12:15:00.000Z,1.4215,1.4223,1.4212,1.4215,126207,
1788697080000,2026-09-06T12:18:00.000Z,1.4215,1.4217,1.4202,1.4209,180180,
1788697260000,2026-09-06T12:21:00.000Z,1.4209,1.4226,1.4209,1.4212,347224,
1788697440000,2026-09-06T12:24:00.000Z,1.4212,1.4216,1.4204,1.4204,101655,
1788697620000,2026-09-06T12:27:00.000Z,1.4204,1.4238,1.4204,1.4237,542368,
1788697800000,2026-09-06T12:30:00.000Z,1.4237,1.4263,1.4234,1.4241,1731229,
1788697980000,2026-09-06T12:33:00.000Z,1.4241,1.4242,1.423,1.4231,240706,
1788698160000,2026-09-06T12:36:00.000Z,1.4231,1.4245,1.422,1.424,684092,
1788698340000,2026-09-06T12:39:00.000Z,1.424,1.4248,1.4227,1.423,246755,
1788698520000,2026-09-06T12:42:00.000Z,1.423,1.4237,1.4195,1.4202,771246,
1788698700000,2026-09-06T12:45:00.000Z,1.4202,1.421,1.4193,1.4196,365092,
1788698880000,2026-09-06T12:48:00.000Z,1.4196,1.4196,1.4171,1.4192,753810,
1788699060000,2026-09-06T12:51:00.000Z,1.4192,1.4204,1.4189,1.4198,61952,
1788699240000,2026-09-06T12:54:00.000Z,1.4198,1.4212,1.4174,1.418,1031839,
1788699420000,2026-09-06T12:57:00.000Z,1.418,1.4182,1.4175,1.4176,96690,
1788699600000,2026-09-06T13:00:00.000Z,1.4176,1.4193,1.4153,1.419,1398305,
1788699780000,2026-09-06T13:03:00.000Z,1.419,1.4192,1.4178,1.4187,495215,
1788699960000,2026-09-06T13:06:00.000Z,1.4187,1.4212,1.4187,1.4211,131594,
1788700140000,2026-09-06T13:09:00.000Z,1.4211,1.4216,1.4182,1.4186,997736,
1788700320000,2026-09-06T13:12:00.000Z,1.4186,1.4186,1.4169,1.4174,122568,
1788700500000,2026-09-06T13:15:00.000Z,1.4174,1.4174,1.4141,1.4152,561582,
1788700680000,2026-09-06T13:18:00.000Z,1.4152,1.4154,1.4134,1.414,492101,
1788700860000,2026-09-06T13:21:00.000Z,1.414,1.4146,1.4131,1.4145,300018,
1788701040000,2026-09-06T13:24:00.000Z,1.4145,1.4154,1.413,1.4143,540085,
1788701220000,2026-09-06T13:27:00.000Z,1.4143,1.4144,1.413,1.4132,122789,
1788701400000,2026-09-06T13:30:00.000Z,1.4132,1.4143,1.4114,1.4143,387360,
1788701580000,2026-09-06T13:33:00.000Z,1.4143,1.4143,1.4121,1.4142,1277215,
1788701760000,2026-09-06T13:36:00.000Z,1.4142,1.4157,1.414,1.4157,144646,
1788701940000,2026-09-06T13:39:00.000Z,1.4157,1.4159,1.4137,1.415,134989,
1788702120000,2026-09-06T13:42:00.000Z,1.415,1.4156,1.415,1.4152,90906,
1788702300000,2026-09-06T13:45:00.000Z,1.4152,1.4162,1.4143,1.4162,297130,
1788702480000,2026-09-06T13:48:00.000Z,1.4162,1.4162,1.4148,1.4154,40900,
1788702660000,2026-09-06T13:51:00.000Z,1.4154,1.4164,1.415,1.4162,385285,
1788702840000,2026-09-06T13:54:00.000Z,1.4162,1.4169,1.4156,1.4162,229458,
1788703020000,2026-09-06T13:57:00.000Z,1.4162,1.4168,1.4149,1.4159,408803,
1788703200000,2026-09-06T14:00:00.000Z,1.4159,1.4162,1.4142,1.4144,53290,
1788703380000,2026-09-06T14:03:00.000Z,1.4144,1.4165,1.4144,1.4157,483356,
1788703560000,2026-09-06T14:06:00.000Z,1.4157,1.4163,1.4143,1.4149,162244,
1788703740000,2026-09-06T14:09:00.000Z,1.4149,1.415,1.4131,1.4138,102135,
1788703920000,2026-09-06T14:12:00.000Z,1.4138,1.4139,1.4117,1.4118,504460,
1788704100000,2026-09-06T14:15:00.000Z,1.4118,1.4143,1.4061,1.4113,2345167,
1788704280000,2026-09-06T14:18:00.000Z,1.4113,1.4126,1.4074,1.4077,639409,
1788704460000,2026-09-06T14:21:00.000Z,1.4077,1.4091,1.4058,1.4086,573980,
1788704640000,2026-09-06T14:24:00.000Z,1.4086,1.409,1.4073,1.4089,439176,
1788704820000,2026-09-06T14:27:00.000Z,1.4089,1.4092,1.4074,1.4077,232517,
1788705000000,2026-09-06T14:30:00.000Z,1.4077,1.4078,1.3959,1.4032,5749098,
1788705180000,2026-09-06T14:33:00.000Z,1.4032,1.4077,1.4017,1.4071,744129,
1788705360000,2026-09-06T14:36:00.000Z,1.4071,1.4084,1.4062,1.4082,565925,
1788705540000,2026-09-06T14:39:00.000Z,1.4082,1.411,1.4078,1.4094,268750,
1788705720000,2026-09-06T14:42:00.000Z,1.4094,1.411,1.409,1.4108,223916,
1788705900000,2026-09-06T14:45:00.000Z,1.4108,1.4108,1.4078,1.4087,913344,
1788706080000,2026-09-06T14:48:00.000Z,1.4087,1.4114,1.4087,1.4113,220578,
1788706260000,2026-09-06T14:51:00.000Z,1.4113,1.4126,1.4104,1.412,643826,
1788706440000,2026-09-06T14:54:00.000Z,1.412,1.412,1.4094,1.4094,795244,
1788706620000,2026-09-06T14:57:00.000Z,1.4094,1.4108,1.4094,1.4096,408863,
1788706800000,2026-09-06T15:00:00.000Z,1.4096,1.4097,1.4005,1.404,892700,
1788706980000,2026-09-06T15:03:00.000Z,1.404,1.4074,1.4029,1.4072,246371,
1788707160000,2026-09-06T15:06:00.000Z,1.4072,1.4072,1.4043,1.405,503697,
1788707340000,2026-09-06T15:09:00.000Z,1.405,1.4071,1.4043,1.4058,504008,
1788707520000,2026-09-06T15:12:00.000Z,1.4058,1.4065,1.405,1.4064,205467,
1788707700000,2026-09-06T15:15:00.000Z,1.4064,1.4082,1.4061,1.4071,119203,
1788707880000,2026-09-06T15:18:00.000Z,1.4071,1.4084,1.406,1.408,58958,
1788708060000,2026-09-06T15:21:00.000Z,1.408,1.4089,1.4068,1.4073,122410,
1788708240000,2026-09-06T15:24:00.000Z,1.4073,1.4086,1.4073,1.4081,40626,
1788708420000,2026-09-06T15:27:00.000Z,1.4081,1.4088,1.4078,1.4083,57641,
1788708600000,2026-09-06T15:30:00.000Z,1.4083,1.4089,1.4074,1.4074,39681,
1788708780000,2026-09-06T15:33:00.000Z,1.4074,1.4078,1.4059,1.4065,137296,
1788708960000,2026-09-06T15:36:00.000Z,1.4065,1.4103,1.4065,1.4096,181077,
1788709140000,2026-09-06T15:39:00.000Z,1.4096,1.41,1.409,1.4093,104739,
1788709320000,2026-09-06T15:42:00.000Z,1.4093,1.4097,1.4091,1.4094,53620,
1788709500000,2026-09-06T15:45:00.000Z,1.4094,1.4095,1.4085,1.4086,30516,
1788709680000,2026-09-06T15:48:00.000Z,1.4086,1.41,1.4086,1.4094,281215,
1788709860000,2026-09-06T15:51:00.000Z,1.4094,1.4115,1.4094,1.4115,127216,
1788710040000,2026-09-06T15:54:00.000Z,1.4115,1.4115,1.4083,1.4094,644753,
1788710220000,2026-09-06T15:57:00.000Z,1.4094,1.4108,1.4094,1.4104,245109,
1788710400000,2026-09-06T16:00:00.000Z,1.4104,1.4104,1.4087,1.4095,17568,
1788710580000,2026-09-06T16:03:00.000Z,1.4095,1.4106,1.4078,1.4106,569018,
1788710760000,2026-09-06T16:06:00.000Z,1.4106,1.411,1.4098,1.4101,19865,
1788710940000,2026-09-06T16:09:00.000Z,1.4101,1.4115,1.4096,1.4115,158458,
1788711120000,2026-09-06T16:12:00.000Z,1.4115,1.4115,1.4105,1.411,574607,
1788711300000,2026-09-06T16:15:00.000Z,1.411,1.4115,1.4102,1.4112,151675,
1788711480000,2026-09-06T16:18:00.000Z,1.4112,1.4115,1.4107,1.4107,48458,
1788711660000,2026-09-06T16:21:00.000Z,1.4107,1.4109,1.4103,1.4106,68638,
1788711840000,2026-09-06T16:24:00.000Z,1.4106,1.4113,1.4096,1.4112,60691,
1788712020000,2026-09-06T16:27:00.000Z,1.4112,1.4115,1.4108,1.4115,976340,
1788712200000,2026-09-06T16:30:00.000Z,1.4115,1.4115,1.4105,1.4115,246488,
1788712380000,2026-09-06T16:33:00.000Z,1.4115,1.4138,1.4114,1.413,1019950,
1788712560000,2026-09-06T16:36:00.000Z,1.413,1.4132,1.4122,1.4127,121175,
1788712740000,2026-09-06T16:39:00.000Z,1.4127,1.414,1.4127,1.4136,60889,
1788712920000,2026-09-06T16:42:00.000Z,1.4136,1.4136,1.4118,1.4124,120185,
1788713100000,2026-09-06T16:45:00.000Z,1.4124,1.4124,1.411,1.4112,42575,
1788713280000,2026-09-06T16:48:00.000Z,1.4112,1.4122,1.4112,1.4117,13678,
1788713460000,2026-09-06T16:51:00.000Z,1.4117,1.4122,1.4116,1.4122,6111,
1788713640000,2026-09-06T16:54:00.000Z,1.4122,1.4124,1.4106,1.4108,88300,
1788713820000,2026-09-06T16:57:00.000Z,1.4108,1.4118,1.4101,1.4118,21687,
1788714000000,2026-09-06T17:00:00.000Z,1.4118,1.4119,1.4107,1.4108,376202,
1788714180000,2026-09-06T17:03:00.000Z,1.4108,1.4108,1.4094,1.4097,70098,
1788714360000,2026-09-06T17:06:00.000Z,1.4097,1.4103,1.4078,1.4084,546267,
1788714540000,2026-09-06T17:09:00.000Z,1.4084,1.4094,1.4059,1.4094,1351222,
1788714720000,2026-09-06T17:12:00.000Z,1.4094,1.4101,1.4085,1.4099,79399,
1788714900000,2026-09-06T17:15:00.000Z,1.4099,1.411,1.4099,1.4109,99138,
1788715080000,2026-09-06T17:18:00.000Z,1.4109,1.4134,1.4101,1.4101,880500,
1788715260000,2026-09-06T17:21:00.000Z,1.4101,1.4111,1.4096,1.4108,194897,
1788715440000,2026-09-06T17:24:00.000Z,1.4108,1.4121,1.4106,1.4106,55963,
1788715620000,2026-09-06T17:27:00.000Z,1.4106,1.4106,1.4085,1.4091,89954,
1788715800000,2026-09-06T17:30:00.000Z,1.4091,1.4091,1.4073,1.4089,322734,
1788715980000,2026-09-06T17:33:00.000Z,1.4089,1.4103,1.4078,1.4081,279512,
1788716160000,2026-09-06T17:36:00.000Z,1.4081,1.4102,1.408,1.409,144406,
1788716340000,2026-09-06T17:39:00.000Z,1.409,1.4097,1.4085,1.4097,10474,
1788716520000,2026-09-06T17:42:00.000Z,1.4097,1.4099,1.4091,1.4097,28895,
1788716700000,2026-09-06T17:45:00.000Z,1.4097,1.41,1.4092,1.4095,37559,
1788716880000,2026-09-06T17:48:00.000Z,1.4095,1.4096,1.4081,1.409,512738,
1788717060000,2026-09-06T17:51:00.000Z,1.409,1.4095,1.4085,1.4089,68696,
1788717240000,2026-09-06T17:54:00.000Z,1.4089,1.4092,1.408,1.4092,68054,
1788717420000,2026-09-06T17:57:00.000Z,1.4092,1.4095,1.408,1.4083,28385,
1788717600000,2026-09-06T18:00:00.000Z,1.4083,1.4092,1.4083,1.409,33098,
1788717780000,2026-09-06T18:03:00.000Z,1.409,1.4099,1.409,1.4099,187070,
1788717960000,2026-09-06T18:06:00.000Z,1.4099,1.4104,1.4097,1.4104,419611,
1788718140000,2026-09-06T18:09:00.000Z,1.4104,1.4113,1.4104,1.4113,188614,
1788718320000,2026-09-06T18:12:00.000Z,1.4113,1.4125,1.4113,1.4114,58828,
1788718500000,2026-09-06T18:15:00.000Z,1.4114,1.4121,1.4109,1.4121,29417,
1788718680000,2026-09-06T18:18:00.000Z,1.4121,1.4127,1.4115,1.4127,73258,
1788718860000,2026-09-06T18:21:00.000Z,1.4127,1.4129,1.4124,1.4124,20525,
1788719040000,2026-09-06T18:24:00.000Z,1.4124,1.4144,1.4114,1.4115,472117,
1788719220000,2026-09-06T18:27:00.000Z,1.4115,1.4126,1.4113,1.4125,11927,
1788719400000,2026-09-06T18:30:00.000Z,1.4125,1.4144,1.4125,1.4144,95305,
1788719580000,2026-09-06T18:33:00.000Z,1.4144,1.4149,1.4134,1.4144,133648,
1788719760000,2026-09-06T18:36:00.000Z,1.4144,1.4144,1.4137,1.4138,51384,
1788719940000,2026-09-06T18:39:00.000Z,1.4138,1.4142,1.4134,1.4135,37269,
1788720120000,2026-09-06T18:42:00.000Z,1.4135,1.4135,1.4119,1.4127,2419559,
1788720300000,2026-09-06T18:45:00.000Z,1.4127,1.4127,1.4106,1.4111,86824,
1788720480000,2026-09-06T18:48:00.000Z,1.4111,1.4116,1.4108,1.411,71826,
1788720660000,2026-09-06T18:51:00.000Z,1.411,1.4118,1.4109,1.4114,117675,
1788720840000,2026-09-06T18:54:00.000Z,1.4114,1.4118,1.4108,1.4118,21475,
1788721020000,2026-09-06T18:57:00.000Z,1.4118,1.4124,1.4115,1.4121,94884,
1788721200000,2026-09-06T19:00:00.000Z,1.4121,1.4122,1.4111,1.4113,10068,
1788721380000,2026-09-06T19:03:00.000Z,1.4113,1.4119,1.4112,1.4118,4723,
1788721560000,2026-09-06T19:06:00.000Z,1.4118,1.4118,1.411,1.4111,54970,
1788721740000,2026-09-06T19:09:00.000Z,1.4111,1.4111,1.4103,1.4109,25172,
1788721920000,2026-09-06T19:12:00.000Z,1.4109,1.4114,1.4109,1.4111,13952,
1788722100000,2026-09-06T19:15:00.000Z,1.4111,1.4118,1.4111,1.4112,12167,
1788722280000,2026-09-06T19:18:00.000Z,1.4112,1.4112,1.4105,1.4109,4176,
1788722460000,2026-09-06T19:21:00.000Z,1.4109,1.4111,1.4096,1.4109,35340,
1788722640000,2026-09-06T19:24:00.000Z,1.4109,1.4113,1.4108,1.4111,5579,
1788722820000,2026-09-06T19:27:00.000Z,1.4111,1.4115,1.4106,1.4115,21243,
1788723000000,2026-09-06T19:30:00.000Z,1.4115,1.4115,1.41,1.4101,49755,
1788723180000,2026-09-06T19:33:00.000Z,1.4101,1.4101,1.4091,1.4095,89760,
1788723360000,2026-09-06T19:36:00.000Z,1.4095,1.4099,1.4087,1.4095,105201,
1788723540000,2026-09-06T19:39:00.000Z,1.4095,1.4096,1.4091,1.4093,6432,
1788723720000,2026-09-06T19:42:00.000Z,1.4093,1.4098,1.4088,1.4089,75629,
1788723900000,2026-09-06T19:45:00.000Z,1.4089,1.4097,1.4089,1.4092,9872,
1788724080000,2026-09-06T19:48:00.000Z,1.4092,1.4094,1.4084,1.409,23219,
1788724260000,2026-09-06T19:51:00.000Z,1.409,1.4092,1.4089,1.409,322,
1788724440000,2026-09-06T19:54:00.000Z,1.409,1.4091,1.4085,1.4086,49606,
1788724620000,2026-09-06T19:57:00.000Z,1.4086,1.4093,1.4086,1.4093,15063,
1788724800000,2026-09-06T20:00:00.000Z,1.4093,1.4102,1.4092,1.4095,73351,
1788724980000,2026-09-06T20:03:00.000Z,1.4095,1.4099,1.4094,1.4096,25218,
1788725160000,2026-09-06T20:06:00.000Z,1.4096,1.4098,1.4086,1.4087,9950,
1788725340000,2026-09-06T20:09:00.000Z,1.4087,1.4102,1.4087,1.4102,64749,
1788725520000,2026-09-06T20:12:00.000Z,1.4102,1.411,1.4101,1.4108,114367,
1788725700000,2026-09-06T20:15:00.000Z,1.4108,1.411,1.4105,1.4108,11561,
1788725880000,2026-09-06T20:18:00.000Z,1.4108,1.4127,1.4108,1.4125,88258,
1788726060000,2026-09-06T20:21:00.000Z,1.4125,1.4133,1.412,1.4131,156330,
1788726240000,2026-09-06T20:24:00.000Z,1.4131,1.4148,1.413,1.4147,452215,
1788726420000,2026-09-06T20:27:00.000Z,1.4147,1.4148,1.4138,1.4139,52567,
1788726600000,2026-09-06T20:30:00.000Z,1.4139,1.4169,1.4139,1.4169,1230539,
1788726780000,2026-09-06T20:33:00.000Z,1.4169,1.4179,1.4166,1.4166,325853,
1788726960000,2026-09-06T20:36:00.000Z,1.4166,1.4175,1.4157,1.416,218704,
1788727140000,2026-09-06T20:39:00.000Z,1.416,1.418,1.416,1.4165,146382,
1788727320000,2026-09-06T20:42:00.000Z,1.4165,1.4167,1.416,1.4167,747903,
1788727500000,2026-09-06T20:45:00.000Z,1.4167,1.4193,1.4167,1.4183,357552,
1788727680000,2026-09-06T20:48:00.000Z,1.4183,1.4207,1.418,1.4206,181545,
1788727860000,2026-09-06T20:51:00.000Z,1.4206,1.4232,1.4205,1.4213,1447830,
1788728040000,2026-09-06T20:54:00.000Z,1.4213,1.4218,1.4203,1.4207,163242,
1788728220000,2026-09-06T20:57:00.000Z,1.4207,1.4225,1.4201,1.4215,136838,
1788728400000,2026-09-06T21:00:00.000Z,1.4215,1.422,1.4207,1.4214,130275,
1788728580000,2026-09-06T21:03:00.000Z,1.4214,1.4227,1.4214,1.4223,87194,
1788728760000,2026-09-06T21:06:00.000Z,1.4223,1.4235,1.4191,1.4223,639222,
1788728940000,2026-09-06T21:09:00.000Z,1.4223,1.4234,1.4217,1.4224,76081,
1788729120000,2026-09-06T21:12:00.000Z,1.4224,1.4235,1.422,1.4228,95621,
1788729300000,2026-09-06T21:15:00.000Z,1.4228,1.4259,1.4223,1.4249,282538,
1788729480000,2026-09-06T21:18:00.000Z,1.4249,1.4265,1.4243,1.4244,365555,
1788729660000,2026-09-06T21:21:00.000Z,1.4244,1.4247,1.4228,1.4236,225117,
1788729840000,2026-09-06T21:24:00.000Z,1.4236,1.4251,1.4236,1.424,102483,
1788730020000,2026-09-06T21:27:00.000Z,1.424,1.424,1.421,1.4213,266570,
1788730200000,2026-09-06T21:30:00.000Z,1.4213,1.425,1.4212,1.4249,85717,
1788730380000,2026-09-06T21:33:00.000Z,1.4249,1.4254,1.4239,1.4248,108048,
1788730560000,2026-09-06T21:36:00.000Z,1.4248,1.4252,1.4232,1.4234,107472,
1788730740000,2026-09-06T21:39:00.000Z,1.4234,1.4242,1.4228,1.4235,33565,
1788730920000,2026-09-06T21:42:00.000Z,1.4235,1.4251,1.4234,1.4241,181303,
1788731100000,2026-09-06T21:45:00.000Z,1.4241,1.4256,1.4241,1.425,58151,
1788731280000,2026-09-06T21:48:00.000Z,1.425,1.4253,1.4235,1.424,136348,
1788731460000,2026-09-06T21:51:00.000Z,1.424,1.4246,1.4236,1.4236,106979,
1788731640000,2026-09-06T21:54:00.000Z,1.4236,1.4243,1.4223,1.4227,36479,
1788731820000,2026-09-06T21:57:00.000Z,1.4227,1.4246,1.4227,1.4244,139958,
1788732000000,2026-09-06T22:00:00.000Z,1.4244,1.4244,1.419,1.4192,302102,
1788732180000,2026-09-06T22:03:00.000Z,1.4192,1.4199,1.418,1.4199,116516,
1788732360000,2026-09-06T22:06:00.000Z,1.4199,1.4199,1.4153,1.4166,461341,
1788732540000,2026-09-06T22:09:00.000Z,1.4166,1.4169,1.4133,1.4141,743729,
1788732720000,2026-09-06T22:12:00.000Z,1.4141,1.4147,1.4117,1.4126,650653,
1788732900000,2026-09-06T22:15:00.000Z,1.4126,1.4144,1.4121,1.4127,146692,
1788733080000,2026-09-06T22:18:00.000Z,1.4127,1.4127,1.4072,1.4109,1075474,
1788733260000,2026-09-06T22:21:00.000Z,1.4109,1.4123,1.4104,1.4116,337695,
1788733440000,2026-09-06T22:24:00.000Z,1.4116,1.4145,1.4116,1.4143,141892,
1788733620000,2026-09-06T22:27:00.000Z,1.4143,1.4158,1.4143,1.4152,173541,
1788733800000,2026-09-06T22:30:00.000Z,1.4152,1.4177,1.4152,1.4174,685007,
1788733980000,2026-09-06T22:33:00.000Z,1.4174,1.4207,1.4166,1.4189,1440305,
1788734160000,2026-09-06T22:36:00.000Z,1.4189,1.4201,1.4179,1.4193,206667,
1788734340000,2026-09-06T22:39:00.000Z,1.4193,1.4207,1.4181,1.42,1499124,
1788734520000,2026-09-06T22:42:00.000Z,1.42,1.4209,1.419,1.4197,312000,
1788734700000,2026-09-06T22:45:00.000Z,1.4197,1.4201,1.4166,1.4174,626185,
1788734880000,2026-09-06T22:48:00.000Z,1.4174,1.4182,1.4174,1.4178,168654,
1788735060000,2026-09-06T22:51:00.000Z,1.4178,1.42,1.4177,1.4185,863369,
1788735240000,2026-09-06T22:54:00.000Z,1.4185,1.4202,1.4185,1.42,39043,
1788735420000,2026-09-06T22:57:00.000Z,1.42,1.4204,1.4175,1.418,941660,
1788735600000,2026-09-06T23:00:00.000Z,1.418,1.4208,1.4176,1.4202,459286,
1788735780000,2026-09-06T23:03:00.000Z,1.4202,1.4259,1.4201,1.4224,938096,
1788735960000,2026-09-06T23:06:00.000Z,1.4224,1.423,1.4211,1.422,474747,
1788736140000,2026-09-06T23:09:00.000Z,1.422,1.4229,1.4216,1.4227,181827,
1788736320000,2026-09-06T23:12:00.000Z,1.4227,1.4238,1.4211,1.4211,146542,
1788736500000,2026-09-06T23:15:00.000Z,1.4211,1.4211,1.4185,1.4204,1057216,
1788736680000,2026-09-06T23:18:00.000Z,1.4204,1.423,1.4204,1.4219,260702,
1788736860000,2026-09-06T23:21:00.000Z,1.4219,1.4221,1.4209,1.421,61823,
1788737040000,2026-09-06T23:24:00.000Z,1.421,1.4213,1.4194,1.4201,173760,
1788737220000,2026-09-06T23:27:00.000Z,1.4201,1.4206,1.4191,1.4191,44945,
1788737400000,2026-09-06T23:30:00.000Z,1.4191,1.4197,1.4189,1.4197,16843,
1788737580000,2026-09-06T23:33:00.000Z,1.4197,1.4218,1.4197,1.421,155828,
1788737760000,2026-09-06T23:36:00.000Z,1.421,1.4236,1.421,1.4234,92452,
1788737940000,2026-09-06T23:39:00.000Z,1.4234,1.424,1.4217,1.4224,190597,
1788738120000,2026-09-06T23:42:00.000Z,1.4224,1.424,1.4216,1.4222,151061,
1788738300000,2026-09-06T23:45:00.000Z,1.4222,1.4253,1.4221,1.4236,211397,
1788738480000,2026-09-06T23:48:00.000Z,1.4236,1.4251,1.4223,1.4231,1333275,
1788738660000,2026-09-06T23:51:00.000Z,1.4231,1.4233,1.4222,1.4227,102471,
1788738840000,2026-09-06T23:54:00.000Z,1.4227,1.4242,1.4209,1.4213,1406648,
1788739020000,2026-09-06T23:57:00.000Z,1.4213,1.4231,1.4213,1.4229,176242,
1788739200000,2026-09-07T00:00:00.000Z,1.4229,1.423,1.42,1.4216,182325,
1788739380000,2026-09-07T00:03:00.000Z,1.4216,1.4225,1.42,1.4225,1137309,
1788739560000,2026-09-07T00:06:00.000Z,1.4225,1.4239,1.4223,1.4238,140829,
1788739740000,2026-09-07T00:09:00.000Z,1.4238,1.4249,1.4235,1.4245,155559,
1788739920000,2026-09-07T00:12:00.000Z,1.4245,1.425,1.4231,1.4236,442983,
1788740100000,2026-09-07T00:15:00.000Z,1.4236,1.4241,1.4213,1.4216,977174,
1788740280000,2026-09-07T00:18:00.000Z,1.4216,1.4216,1.418,1.4188,283683,
1788740460000,2026-09-07T00:21:00.000Z,1.4188,1.4209,1.4186,1.4186,150803,
1788740640000,2026-09-07T00:24:00.000Z,1.4186,1.4201,1.4183,1.4199,92103,
1788740820000,2026-09-07T00:27:00.000Z,1.4199,1.4214,1.4198,1.4207,71283,
1788741000000,2026-09-07T00:30:00.000Z,1.4207,1.4243,1.4207,1.4226,131502,
1788741180000,2026-09-07T00:33:00.000Z,1.4226,1.4234,1.4198,1.4205,142754,
1788741360000,2026-09-07T00:36:00.000Z,1.4205,1.4212,1.4191,1.4191,779173,
1788741540000,2026-09-07T00:39:00.000Z,1.4191,1.4208,1.4185,1.4198,879194,
1788741720000,2026-09-07T00:42:00.000Z,1.4198,1.4226,1.4192,1.4213,704210,
1788741900000,2026-09-07T00:45:00.000Z,1.4213,1.4225,1.418,1.4201,610248,
1788742080000,2026-09-07T00:48:00.000Z,1.4201,1.4204,1.4178,1.4188,1203233,
1788742260000,2026-09-07T00:51:00.000Z,1.4188,1.42,1.4176,1.4177,628883,
1788742440000,2026-09-07T00:54:00.000Z,1.4177,1.4185,1.4163,1.4168,428685,
1788742620000,2026-09-07T00:57:00.000Z,1.4168,1.4179,1.4149,1.4176,1231875,
1788742800000,2026-09-07T01:00:00.000Z,1.4176,1.4181,1.4151,1.4175,388393,
1788742980000,2026-09-07T01:03:00.000Z,1.4175,1.4194,1.4149,1.4158,1040199,
1788743160000,2026-09-07T01:06:00.000Z,1.4158,1.4158,1.4123,1.413,770919,
1788743340000,2026-09-07T01:09:00.000Z,1.413,1.4138,1.4092,1.413,1188767,
1788743520000,2026-09-07T01:12:00.000Z,1.413,1.413,1.4093,1.4097,1585709,
1788743700000,2026-09-07T01:15:00.000Z,1.4097,1.4106,1.4063,1.4091,1027371,
1788743880000,2026-09-07T01:18:00.000Z,1.4091,1.4103,1.4053,1.4053,1631388,
1788744060000,2026-09-07T01:21:00.000Z,1.4053,1.4077,1.4047,1.406,2041027,
1788744240000,2026-09-07T01:24:00.000Z,1.406,1.4067,1.4045,1.4049,335977,
1788744420000,2026-09-07T01:27:00.000Z,1.4049,1.4079,1.4049,1.4077,1222140,
1788744600000,2026-09-07T01:30:00.000Z,1.4077,1.408,1.4063,1.4079,399171,
1788744780000,2026-09-07T01:33:00.000Z,1.4079,1.4093,1.4073,1.4076,238426,
1788744960000,2026-09-07T01:36:00.000Z,1.4076,1.4079,1.4055,1.4055,720615,
1788745140000,2026-09-07T01:39:00.000Z,1.4055,1.406,1.4037,1.4037,631929,
1788745320000,2026-09-07T01:42:00.000Z,1.4037,1.4051,1.4027,1.4034,243267,
1788745500000,2026-09-07T01:45:00.000Z,1.4034,1.4045,1.4028,1.4043,413104,
1788745680000,2026-09-07T01:48:00.000Z,1.4043,1.4045,1.4027,1.4039,218986,
1788745860000,2026-09-07T01:51:00.000Z,1.4039,1.4062,1.4037,1.4062,158682,
1788746040000,2026-09-07T01:54:00.000Z,1.4062,1.407,1.4057,1.4057,78321,
1788746220000,2026-09-07T01:57:00.000Z,1.4057,1.4066,1.4057,1.4061,85580,
1788746400000,2026-09-07T02:00:00.000Z,1.4061,1.4069,1.406,1.406,99194,
1788746580000,2026-09-07T02:03:00.000Z,1.406,1.406,1.4029,1.4036,416854,
1788746760000,2026-09-07T02:06:00.000Z,1.4036,1.4039,1.4018,1.4038,457154,
1788746940000,2026-09-07T02:09:00.000Z,1.4038,1.4039,1.4001,1.4023,1334694,
1788747120000,2026-09-07T02:12:00.000Z,1.4023,1.4035,1.4011,1.4035,643825,
1788747300000,2026-09-07T02:15:00.000Z,1.4035,1.4055,1.4035,1.4048,88211,
1788747480000,2026-09-07T02:18:00.000Z,1.4048,1.4081,1.4048,1.4081,1178488,
1788747660000,2026-09-07T02:21:00.000Z,1.4081,1.4083,1.4056,1.4056,122039,
1788747840000,2026-09-07T02:24:00.000Z,1.4056,1.4084,1.4055,1.4077,855078,
1788748020000,2026-09-07T02:27:00.000Z,1.4077,1.4101,1.4077,1.4088,1498320,
1788748200000,2026-09-07T02:30:00.000Z,1.4088,1.4099,1.4078,1.4092,163709,
1788748380000,2026-09-07T02:33:00.000Z,1.4092,1.4117,1.409,1.4115,242617,
1788748560000,2026-09-07T02:36:00.000Z,1.4115,1.4235,1.4115,1.423,1142051,
1788748740000,2026-09-07T02:39:00.000Z,1.423,1.4312,1.4226,1.4259,1794981,
1788748920000,2026-09-07T02:42:00.000Z,1.4259,1.4266,1.4224,1.4231,732578,
1788749100000,2026-09-07T02:45:00.000Z,1.4231,1.4259,1.4225,1.4237,1531609,
1788749280000,2026-09-07T02:48:00.000Z,1.4237,1.4246,1.4211,1.4211,336982,
1788749460000,2026-09-07T02:51:00.000Z,1.4211,1.4222,1.4188,1.4191,471737,
1788749640000,2026-09-07T02:54:00.000Z,1.4191,1.4194,1.4156,1.4164,858653,
1788749820000,2026-09-07T02:57:00.000Z,1.4164,1.4165,1.4123,1.4133,642030,
1788750000000,2026-09-07T03:00:00.000Z,1.4133,1.4165,1.4102,1.4164,726832,
1788750180000,2026-09-07T03:03:00.000Z,1.4164,1.4164,1.4144,1.4149,211705,
1788750360000,2026-09-07T03:06:00.000Z,1.4149,1.4153,1.4094,1.41,188996,
1788750540000,2026-09-07T03:09:00.000Z,1.41,1.4107,1.4094,1.4097,290252,
1788750720000,2026-09-07T03:12:00.000Z,1.4097,1.4098,1.4085,1.4091,136603,
1788750900000,2026-09-07T03:15:00.000Z,1.4091,1.4098,1.4082,1.4083,228032,
1788751080000,2026-09-07T03:18:00.000Z,1.4083,1.411,1.4079,1.4107,164191,
1788751260000,2026-09-07T03:21:00.000Z,1.4107,1.4111,1.4091,1.4093,97903,
1788751440000,2026-09-07T03:24:00.000Z,1.4093,1.4094,1.4051,1.4067,796145,
1788751620000,2026-09-07T03:27:00.000Z,1.4067,1.4068,1.4058,1.4062,35716,
1788751800000,2026-09-07T03:30:00.000Z,1.4062,1.4076,1.4043,1.4047,705511,
1788751980000,2026-09-07T03:33:00.000Z,1.4047,1.4064,1.4047,1.4048,264421,
1788752160000,2026-09-07T03:36:00.000Z,1.4048,1.4065,1.4032,1.4038,756670,
1788752340000,2026-09-07T03:39:00.000Z,1.4038,1.405,1.4025,1.4035,200367,
1788752520000,2026-09-07T03:42:00.000Z,1.4035,1.4051,1.4025,1.4033,547562,
1788752700000,2026-09-07T03:45:00.000Z,1.4033,1.4065,1.4033,1.4064,212591,
1788752880000,2026-09-07T03:48:00.000Z,1.4064,1.4066,1.4045,1.4061,87739,
1788753060000,2026-09-07T03:51:00.000Z,1.4061,1.4061,1.4047,1.4055,172638,
1788753240000,2026-09-07T03:54:00.000Z,1.4055,1.4067,1.4053,1.4059,119280,
1788753420000,2026-09-07T03:57:00.000Z,1.4059,1.4063,1.4053,1.4057,130428,
1788753600000,2026-09-07T04:00:00.000Z,1.4057,1.4073,1.4055,1.4068,950090,
1788753780000,2026-09-07T04:03:00.000Z,1.4068,1.4069,1.4056,1.406,346195,
1788753960000,2026-09-07T04:06:00.000Z,1.406,1.4066,1.4057,1.4066,58333,
1788754140000,2026-09-07T04:09:00.000Z,1.4066,1.4067,1.4061,1.4062,84337,
1788754320000,2026-09-07T04:12:00.000Z,1.4062,1.4068,1.405,1.4067,179736,
1788754500000,2026-09-07T04:15:00.000Z,1.4067,1.4081,1.4067,1.4071,92040,
1788754680000,2026-09-07T04:18:00.000Z,1.4071,1.4088,1.4068,1.4082,520698,
1788754860000,2026-09-07T04:21:00.000Z,1.4082,1.4096,1.4079,1.4096,154628,
1788755040000,2026-09-07T04:24:00.000Z,1.4096,1.4096,1.4066,1.4071,564731,
1788755220000,2026-09-07T04:27:00.000Z,1.4071,1.408,1.4054,1.4061,517199,
1788755400000,2026-09-07T04:30:00.000Z,1.4061,1.4075,1.4059,1.4059,78542,
1788755580000,2026-09-07T04:33:00.000Z,1.4059,1.4066,1.4028,1.4031,763554,
1788755760000,2026-09-07T04:36:00.000Z,1.4031,1.4061,1.4029,1.4057,508897,
1788755940000,2026-09-07T04:39:00.000Z,1.4057,1.4064,1.4045,1.4053,590689,
1788756120000,2026-09-07T04:42:00.000Z,1.4053,1.4069,1.4048,1.4065,654366,
1788756300000,2026-09-07T04:45:00.000Z,1.4065,1.4083,1.406,1.406,640707,
1788756480000,2026-09-07T04:48:00.000Z,1.406,1.4062,1.4054,1.4059,104456,
1788756660000,2026-09-07T04:51:00.000Z,1.4059,1.4059,1.4037,1.4038,39797,
1788756840000,2026-09-07T04:54:00.000Z,1.4038,1.4059,1.4035,1.4053,929344,
1788757020000,2026-09-07T04:57:00.000Z,1.4053,1.4062,1.4052,1.4059,30270,
1788757200000,2026-09-07T05:00:00.000Z,1.4059,1.4073,1.4053,1.4064,33570,
1788757380000,2026-09-07T05:03:00.000Z,1.4064,1.4104,1.4062,1.4097,395796,
1788757560000,2026-09-07T05:06:00.000Z,1.4097,1.4103,1.4077,1.4077,494897,
1788757740000,2026-09-07T05:09:00.000Z,1.4077,1.4089,1.4066,1.4072,79031,
1788757920000,2026-09-07T05:12:00.000Z,1.4072,1.4083,1.4062,1.4079,165301,
1788758100000,2026-09-07T05:15:00.000Z,1.4079,1.4117,1.4079,1.4116,539424,
1788758280000,2026-09-07T05:18:00.000Z,1.4116,1.4122,1.411,1.4114,198672,
1788758460000,2026-09-07T05:21:00.000Z,1.4114,1.4127,1.4109,1.4127,79059,
1788758640000,2026-09-07T05:24:00.000Z,1.4127,1.4162,1.4127,1.4147,1168814,
1788758820000,2026-09-07T05:27:00.000Z,1.4147,1.4152,1.4117,1.4143,975119,
1788759000000,2026-09-07T05:30:00.000Z,1.4143,1.415,1.413,1.4134,99597,
1788759180000,2026-09-07T05:33:00.000Z,1.4134,1.4137,1.4123,1.4133,100762,
1788759360000,2026-09-07T05:36:00.000Z,1.4133,1.4151,1.4133,1.4144,342825,
1788759540000,2026-09-07T05:39:00.000Z,1.4144,1.4144,1.413,1.4139,50975,
1788759720000,2026-09-07T05:42:00.000Z,1.4139,1.414,1.4124,1.4127,315156,
1788759900000,2026-09-07T05:45:00.000Z,1.4127,1.4129,1.412,1.4125,92288,
1788760080000,2026-09-07T05:48:00.000Z,1.4125,1.4125,1.409,1.409,123419,
1788760260000,2026-09-07T05:51:00.000Z,1.409,1.4104,1.4081,1.4094,53798,
1788760440000,2026-09-07T05:54:00.000Z,1.4094,1.4094,1.4073,1.4073,262532,
1788760620000,2026-09-07T05:57:00.000Z,1.4073,1.4079,1.4072,1.4073,139049,
1788760800000,2026-09-07T06:00:00.000Z,1.4073,1.4085,1.4072,1.4081,92284,
1788760980000,2026-09-07T06:03:00.000Z,1.4081,1.4098,1.4081,1.4095,84575,
1788761160000,2026-09-07T06:06:00.000Z,1.4095,1.4102,1.409,1.4102,712726,
1788761340000,2026-09-07T06:09:00.000Z,1.4102,1.4112,1.4101,1.4111,57579,
1788761520000,2026-09-07T06:12:00.000Z,1.4111,1.4123,1.4111,1.412,146001,
1788761700000,2026-09-07T06:15:00.000Z,1.412,1.412,1.4102,1.4102,76069,
1788761880000,2026-09-07T06:18:00.000Z,1.4102,1.4104,1.4082,1.4084,37058,
1788762060000,2026-09-07T06:21:00.000Z,1.4084,1.4101,1.4079,1.4101,460719,
1788762240000,2026-09-07T06:24:00.000Z,1.4101,1.4108,1.4085,1.4085,224576,
1788762420000,2026-09-07T06:27:00.000Z,1.4085,1.4088,1.4078,1.4081,90041,
1788762600000,2026-09-07T06:30:00.000Z,1.4081,1.41,1.4079,1.4089,421478,
1788762780000,2026-09-07T06:33:00.000Z,1.4089,1.4091,1.4081,1.409,42490,
1788762960000,2026-09-07T06:36:00.000Z,1.409,1.4097,1.4058,1.4059,450389,
1788763140000,2026-09-07T06:39:00.000Z,1.4059,1.4073,1.4056,1.4066,86988,
1788763320000,2026-09-07T06:42:00.000Z,1.4066,1.4066,1.4053,1.4054,64123,
1788763500000,2026-09-07T06:45:00.000Z,1.4054,1.4068,1.4052,1.4066,98105,
1788763680000,2026-09-07T06:48:00.000Z,1.4066,1.408,1.4066,1.408,54659,
1788763860000,2026-09-07T06:51:00.000Z,1.408,1.4084,1.4077,1.4084,80575,
1788764040000,2026-09-07T06:54:00.000Z,1.4084,1.4087,1.4078,1.4083,23566,
1788764220000,2026-09-07T06:57:00.000Z,1.4083,1.4087,1.408,1.4084,65928,
1788764400000,2026-09-07T07:00:00.000Z,1.4084,1.4085,1.4063,1.4071,212956,
1788764580000,2026-09-07T07:03:00.000Z,1.4071,1.4087,1.4067,1.408,533526,
1788764760000,2026-09-07T07:06:00.000Z,1.408,1.4095,1.4072,1.4093,62569,
1788764940000,2026-09-07T07:09:00.000Z,1.4093,1.4111,1.4093,1.4104,363248,
1788765120000,2026-09-07T07:12:00.000Z,1.4104,1.4126,1.4099,1.4115,279674,
1788765300000,2026-09-07T07:15:00.000Z,1.4115,1.4118,1.4106,1.4107,155811,
1788765480000,2026-09-07T07:18:00.000Z,1.4107,1.4111,1.4095,1.4099,252461,
1788765660000,2026-09-07T07:21:00.000Z,1.4099,1.4099,1.405,1.4051,288295,
1788765840000,2026-09-07T07:24:00.000Z,1.4051,1.4086,1.405,1.407,875269,
1788766020000,2026-09-07T07:27:00.000Z,1.407,1.407,1.4025,1.4028,781395,
1788766200000,2026-09-07T07:30:00.000Z,1.4028,1.406,1.4019,1.4055,364244,
1788766380000,2026-09-07T07:33:00.000Z,1.4055,1.4055,1.3973,1.3992,2002169,
1788766560000,2026-09-07T07:36:00.000Z,1.3992,1.4002,1.3962,1.3963,630674,
1788766740000,2026-09-07T07:39:00.000Z,1.3963,1.3969,1.3869,1.3896,4675003,
1788766920000,2026-09-07T07:42:00.000Z,1.3896,1.3973,1.3895,1.3969,1154633,
1788767100000,2026-09-07T07:45:00.000Z,1.3969,1.3988,1.3969,1.3979,369945,
1788767280000,2026-09-07T07:48:00.000Z,1.3979,1.3992,1.3963,1.3963,402193,
1788767460000,2026-09-07T07:51:00.000Z,1.3963,1.3988,1.3962,1.3978,224612,
1788767640000,2026-09-07T07:54:00.000Z,1.3978,1.399,1.3955,1.3984,346015,
1788767820000,2026-09-07T07:57:00.000Z,1.3984,1.3989,1.3977,1.3986,142938,
1788768000000,2026-09-07T08:00:00.000Z,1.3986,1.3992,1.3976,1.3985,223806,
1788768180000,2026-09-07T08:03:00.000Z,1.3985,1.3999,1.3985,1.3991,160463,
1788768360000,2026-09-07T08:06:00.000Z,1.3991,1.4007,1.3989,1.3999,136418,
1788768540000,2026-09-07T08:09:00.000Z,1.3999,1.4017,1.3999,1.401,291926,
1788768720000,2026-09-07T08:12:00.000Z,1.401,1.4011,1.3994,1.3994,167599,
1788768900000,2026-09-07T08:15:00.000Z,1.3994,1.402,1.3994,1.4018,97887,
1788769080000,2026-09-07T08:18:00.000Z,1.4018,1.4034,1.4008,1.4012,615659,
1788769260000,2026-09-07T08:21:00.000Z,1.4012,1.4016,1.4007,1.4011,156980,
1788769440000,2026-09-07T08:24:00.000Z,1.4011,1.4044,1.4009,1.4041,1963730,
1788769620000,2026-09-07T08:27:00.000Z,1.4041,1.4046,1.4026,1.4034,282078,
1788769800000,2026-09-07T08:30:00.000Z,1.4034,1.4077,1.4031,1.4046,3815465,
1788769980000,2026-09-07T08:33:00.000Z,1.4046,1.4062,1.4028,1.4029,538830,
1788770160000,2026-09-07T08:36:00.000Z,1.4029,1.4033,1.4011,1.4021,389535,
1788770340000,2026-09-07T08:39:00.000Z,1.4021,1.4047,1.4018,1.404,578730,
1788770520000,2026-09-07T08:42:00.000Z,1.404,1.4044,1.4033,1.4043,162893,
1788770700000,2026-09-07T08:45:00.000Z,1.4043,1.4051,1.404,1.4051,52555,
1788770880000,2026-09-07T08:48:00.000Z,1.4051,1.4051,1.402,1.4034,522255,
1788771060000,2026-09-07T08:51:00.000Z,1.4034,1.4037,1.4016,1.4027,41026,
1788771240000,2026-09-07T08:54:00.000Z,1.4027,1.4028,1.4024,1.4027,7294,
1788771420000,2026-09-07T08:57:00.000Z,1.4027,1.4035,1.4024,1.4029,33590,
1788771600000,2026-09-07T09:00:00.000Z,1.4029,1.4036,1.4022,1.4024,30272,
1788771780000,2026-09-07T09:03:00.000Z,1.4024,1.403,1.4015,1.402,79415,
1788771960000,2026-09-07T09:06:00.000Z,1.402,1.4036,1.4018,1.4034,119047,
1788772140000,2026-09-07T09:09:00.000Z,1.4034,1.4065,1.4033,1.4057,1062452,
1788772320000,2026-09-07T09:12:00.000Z,1.4057,1.4069,1.4046,1.4061,215159,
1788772500000,2026-09-07T09:15:00.000Z,1.4061,1.4063,1.4045,1.4046,110697,
1788772680000,2026-09-07T09:18:00.000Z,1.4046,1.4055,1.4042,1.405,260109,
1788772860000,2026-09-07T09:21:00.000Z,1.405,1.4059,1.4044,1.4053,109993,
1788773040000,2026-09-07T09:24:00.000Z,1.4053,1.4055,1.4035,1.4047,486253,
1788773220000,2026-09-07T09:27:00.000Z,1.4047,1.4062,1.4038,1.4039,114710,
1788773400000,2026-09-07T09:30:00.000Z,1.4039,1.4043,1.4032,1.4043,126077,
1788773580000,2026-09-07T09:33:00.000Z,1.4043,1.4044,1.4026,1.4029,423349,
1788773760000,2026-09-07T09:36:00.000Z,1.4029,1.4029,1.4001,1.4016,321682,
1788773940000,2026-09-07T09:39:00.000Z,1.4016,1.4018,1.4002,1.401,436659,
1788774120000,2026-09-07T09:42:00.000Z,1.401,1.401,1.4005,1.4006,109047,
1788774300000,2026-09-07T09:45:00.000Z,1.4006,1.402,1.4001,1.4015,433772,
1788774480000,2026-09-07T09:48:00.000Z,1.4015,1.4019,1.4005,1.4018,123384,
1788774660000,2026-09-07T09:51:00.000Z,1.4018,1.402,1.3974,1.3979,1206501,
1788774840000,2026-09-07T09:54:00.000Z,1.3979,1.3979,1.3961,1.3966,364692,
1788775020000,2026-09-07T09:57:00.000Z,1.3966,1.3983,1.3961,1.3963,585941,
1788775200000,2026-09-07T10:00:00.000Z,1.3963,1.3997,1.3942,1.3955,2470083,
1788775380000,2026-09-07T10:03:00.000Z,1.3955,1.3985,1.3954,1.398,221098,
1788775560000,2026-09-07T10:06:00.000Z,1.398,1.3992,1.396,1.3961,596238,
1788775740000,2026-09-07T10:09:00.000Z,1.3961,1.3984,1.3956,1.3978,154101,
1788775920000,2026-09-07T10:12:00.000Z,1.3978,1.3986,1.397,1.3983,588680,
1788776100000,2026-09-07T10:15:00.000Z,1.3983,1.3995,1.3983,1.399,38125,
1788776280000,2026-09-07T10:18:00.000Z,1.399,1.3999,1.399,1.3998,21013,
1788776460000,2026-09-07T10:21:00.000Z,1.3998,1.4,1.399,1.3998,58411,
1788776640000,2026-09-07T10:24:00.000Z,1.3998,1.4001,1.3989,1.3998,73750,
1788776820000,2026-09-07T10:27:00.000Z,1.3998,1.4004,1.3995,1.3999,48886,
1788777000000,2026-09-07T10:30:00.000Z,1.3999,1.4002,1.3987,1.399,201344,
1788777180000,2026-09-07T10:33:00.000Z,1.399,1.3991,1.3984,1.3991,16854,
1788777360000,2026-09-07T10:36:00.000Z,1.3991,1.4,1.3982,1.3999,79678,
1788777540000,2026-09-07T10:39:00.000Z,1.3999,1.4009,1.3995,1.4004,20110,
1788777720000,2026-09-07T10:42:00.000Z,1.4004,1.4011,1.4004,1.4007,66680,
1788777900000,2026-09-07T10:45:00.000Z,1.4007,1.401,1.4002,1.4005,38504,
1788778080000,2026-09-07T10:48:00.000Z,1.4005,1.4016,1.4001,1.4009,25313,
1788778260000,2026-09-07T10:51:00.000Z,1.4009,1.402,1.4006,1.4016,514294,
1788778440000,2026-09-07T10:54:00.000Z,1.4016,1.4016,1.3975,1.3977,737890,
1788778620000,2026-09-07T10:57:00.000Z,1.3977,1.3987,1.3977,1.3982,38917,
1788778800000,2026-09-07T11:00:00.000Z,1.3982,1.4009,1.3979,1.3992,1116652,
1788778980000,2026-09-07T11:03:00.000Z,1.3992,1.3992,1.3985,1.3986,34258,
1788779160000,2026-09-07T11:06:00.000Z,1.3986,1.3988,1.3977,1.3977,30917,
1788779340000,2026-09-07T11:09:00.000Z,1.3977,1.3985,1.3975,1.3981,226921,
1788779520000,2026-09-07T11:12:00.000Z,1.3981,1.3985,1.3975,1.3977,130353,
1788779700000,2026-09-07T11:15:00.000Z,1.3977,1.3985,1.3974,1.3983,59103,
1788779880000,2026-09-07T11:18:00.000Z,1.3983,1.3998,1.3983,1.3992,71710,
1788780060000,2026-09-07T11:21:00.000Z,1.3992,1.4007,1.3992,1.3992,91423,
1788780240000,2026-09-07T11:24:00.000Z,1.3992,1.3992,1.3983,1.3986,64333,
1788780420000,2026-09-07T11:27:00.000Z,1.3986,1.3988,1.3983,1.3987,19123,
1788780600000,2026-09-07T11:30:00.000Z,1.3987,1.3991,1.3976,1.3991,66646,
1788780780000,2026-09-07T11:33:00.000Z,1.3991,1.3991,1.3979,1.3984,13464,
1788780960000,2026-09-07T11:36:00.000Z,1.3984,1.3984,1.3978,1.3979,20346,
1788781140000,2026-09-07T11:39:00.000Z,1.3979,1.3985,1.3979,1.3983,22382,
1788781320000,2026-09-07T11:42:00.000Z,1.3983,1.3987,1.3976,1.3979,56598,
1788781500000,2026-09-07T11:45:00.000Z,1.3979,1.3992,1.3973,1.3988,457365,
1788781680000,2026-09-07T11:48:00.000Z,1.3988,1.3988,1.3976,1.3979,430781,
1788781860000,2026-09-07T11:51:00.000Z,1.3979,1.3987,1.396,1.3984,688289,
1788782040000,2026-09-07T11:54:00.000Z,1.3984,1.3989,1.3973,1.3973,118898,
1788782220000,2026-09-07T11:57:00.000Z,1.3973,1.3986,1.3968,1.3985,429628,
1788782400000,2026-09-07T12:00:00.000Z,1.3985,1.3995,1.398,1.3989,116792,
1788782580000,2026-09-07T12:03:00.000Z,1.3989,1.3995,1.3985,1.3995,149232,
1788782760000,2026-09-07T12:06:00.000Z,1.3995,1.4032,1.3995,1.4029,1080161,
1788782940000,2026-09-07T12:09:00.000Z,1.4029,1.4034,1.4022,1.4022,168214,
1788783120000,2026-09-07T12:12:00.000Z,1.4022,1.4036,1.402,1.4022,231353,
1788783300000,2026-09-07T12:15:00.000Z,1.4022,1.4022,1.4015,1.4019,50891,
1788783480000,2026-09-07T12:18:00.000Z,1.4019,1.404,1.4016,1.4038,132056,
1788783660000,2026-09-07T12:21:00.000Z,1.4038,1.4045,1.4022,1.4032,1816152,
1788783840000,2026-09-07T12:24:00.000Z,1.4032,1.4045,1.4032,1.404,200391,
1788784020000,2026-09-07T12:27:00.000Z,1.404,1.4045,1.4038,1.4038,834912,
1788784200000,2026-09-07T12:30:00.000Z,1.4038,1.405,1.4038,1.4047,234754,
1788784380000,2026-09-07T12:33:00.000Z,1.4047,1.4059,1.4041,1.4044,485237,
1788784560000,2026-09-07T12:36:00.000Z,1.4044,1.4057,1.4041,1.4041,105691,
1788784740000,2026-09-07T12:39:00.000Z,1.4041,1.4044,1.4035,1.4041,82802,
1788784920000,2026-09-07T12:42:00.000Z,1.4041,1.4057,1.4037,1.4055,102638,
1788785100000,2026-09-07T12:45:00.000Z,1.4055,1.4084,1.4051,1.408,625265,
1788785280000,2026-09-07T12:48:00.000Z,1.408,1.4084,1.4072,1.4081,286244,
1788785460000,2026-09-07T12:51:00.000Z,1.4081,1.4109,1.4079,1.4106,559572,
1788785640000,2026-09-07T12:54:00.000Z,1.4106,1.4122,1.4101,1.4117,925820,
1788785820000,2026-09-07T12:57:00.000Z,1.4117,1.4126,1.4109,1.4113,234127,
1788786000000,2026-09-07T13:00:00.000Z,1.4113,1.4124,1.4085,1.409,713951,
1788786180000,2026-09-07T13:03:00.000Z,1.409,1.413,1.4088,1.41,973481,
1788786360000,2026-09-07T13:06:00.000Z,1.41,1.4101,1.4078,1.4085,533913,
1788786540000,2026-09-07T13:09:00.000Z,1.4085,1.4108,1.4084,1.4095,810287,
1788786720000,2026-09-07T13:12:00.000Z,1.4095,1.41,1.4082,1.4097,325676,
1788786900000,2026-09-07T13:15:00.000Z,1.4097,1.4111,1.4097,1.41,60333,
1788787080000,2026-09-07T13:18:00.000Z,1.41,1.412,1.41,1.412,217935,
1788787260000,2026-09-07T13:21:00.000Z,1.412,1.4137,1.4108,1.4118,607604,
1788787440000,2026-09-07T13:24:00.000Z,1.4118,1.4124,1.411,1.412,133579,
1788787620000,2026-09-07T13:27:00.000Z,1.412,1.412,1.4103,1.4112,124341,
1788787800000,2026-09-07T13:30:00.000Z,1.4112,1.4114,1.4096,1.4098,765531,
1788787980000,2026-09-07T13:33:00.000Z,1.4098,1.4098,1.4043,1.4049,741882,
1788788160000,2026-09-07T13:36:00.000Z,1.4049,1.4055,1.402,1.4055,1219522,
1788788340000,2026-09-07T13:39:00.000Z,1.4055,1.4061,1.4038,1.404,152799,
1788788520000,2026-09-07T13:42:00.000Z,1.404,1.4047,1.4033,1.4033,127440,
1788788700000,2026-09-07T13:45:00.000Z,1.4033,1.4041,1.4017,1.4025,511605,
1788788880000,2026-09-07T13:48:00.000Z,1.4025,1.4031,1.4013,1.4013,227431,
1788789060000,2026-09-07T13:51:00.000Z,1.4013,1.4029,1.4011,1.4027,358202,
1788789240000,2026-09-07T13:54:00.000Z,1.4027,1.4039,1.4026,1.4032,189663,
1788789420000,2026-09-07T13:57:00.000Z,1.4032,1.4034,1.4018,1.4024,259539,
1788789600000,2026-09-07T14:00:00.000Z,1.4024,1.4037,1.402,1.4033,86533,
1788789780000,2026-09-07T14:03:00.000Z,1.4033,1.4038,1.3994,1.4005,932933,
1788789960000,2026-09-07T14:06:00.000Z,1.4005,1.4009,1.3955,1.3972,857427,
1788790140000,2026-09-07T14:09:00.000Z,1.3972,1.3988,1.3955,1.3983,1170537,
1788790320000,2026-09-07T14:12:00.000Z,1.3983,1.3983,1.395,1.3962,967385,
1788790500000,2026-09-07T14:15:00.000Z,1.3962,1.3996,1.3958,1.3969,476135,
1788790680000,2026-09-07T14:18:00.000Z,1.3969,1.3975,1.395,1.3964,1031673,
1788790860000,2026-09-07T14:21:00.000Z,1.3964,1.3976,1.3941,1.3964,690803,
1788791040000,2026-09-07T14:24:00.000Z,1.3964,1.3989,1.3956,1.3987,187039,
1788791220000,2026-09-07T14:27:00.000Z,1.3987,1.3987,1.3957,1.3958,477885,
1788791400000,2026-09-07T14:30:00.000Z,1.3958,1.3962,1.3931,1.3946,1793321,
1788791580000,2026-09-07T14:33:00.000Z,1.3946,1.3958,1.3925,1.3948,1041476,
1788791760000,2026-09-07T14:36:00.000Z,1.3948,1.3951,1.392,1.394,279966,
1788791940000,2026-09-07T14:39:00.000Z,1.394,1.3947,1.3914,1.3921,947063,
1788792120000,2026-09-07T14:42:00.000Z,1.3921,1.3944,1.39,1.3942,1057703,
1788792300000,2026-09-07T14:45:00.000Z,1.3942,1.3957,1.3932,1.3946,556029,
1788792480000,2026-09-07T14:48:00.000Z,1.3946,1.3958,1.3946,1.3958,223956,
1788792660000,2026-09-07T14:51:00.000Z,1.3958,1.3992,1.3955,1.3991,352995,
1788792840000,2026-09-07T14:54:00.000Z,1.3991,1.4004,1.3986,1.3992,476605,
1788793020000,2026-09-07T14:57:00.000Z,1.3992,1.3994,1.3979,1.398,82603,
1788793200000,2026-09-07T15:00:00.000Z,1.398,1.3986,1.396,1.3964,243275,
1788793380000,2026-09-07T15:03:00.000Z,1.3964,1.3965,1.394,1.3942,261894,
1788793560000,2026-09-07T15:06:00.000Z,1.3942,1.3942,1.389,1.3919,2815401,
1788793740000,2026-09-07T15:09:00.000Z,1.3919,1.3943,1.3919,1.3936,157164,
1788793920000,2026-09-07T15:12:00.000Z,1.3936,1.3936,1.3914,1.3914,213064,
1788794100000,2026-09-07T15:15:00.000Z,1.3914,1.3926,1.3882,1.3887,799399,
1788794280000,2026-09-07T15:18:00.000Z,1.3887,1.3947,1.385,1.3922,1340327,
1788794460000,2026-09-07T15:21:00.000Z,1.3922,1.3944,1.3922,1.3933,155353,
1788794640000,2026-09-07T15:24:00.000Z,1.3933,1.3936,1.3919,1.3926,176970,
1788794820000,2026-09-07T15:27:00.000Z,1.3926,1.3928,1.3905,1.3907,236513,
1788795000000,2026-09-07T15:30:00.000Z,1.3907,1.3909,1.384,1.3852,1698121,
1788795180000,2026-09-07T15:33:00.000Z,1.3852,1.3876,1.383,1.3872,758364,
1788795360000,2026-09-07T15:36:00.000Z,1.3872,1.3877,1.3835,1.3838,302434,
1788795540000,2026-09-07T15:39:00.000Z,1.3838,1.385,1.3749,1.3789,3587736,
1788795720000,2026-09-07T15:42:00.000Z,1.3789,1.3816,1.3775,1.381,796109,
1788795900000,2026-09-07T15:45:00.000Z,1.381,1.3816,1.3795,1.3809,336934,
1788796080000,2026-09-07T15:48:00.000Z,1.3809,1.3839,1.3809,1.3831,1000616,
1788796260000,2026-09-07T15:51:00.000Z,1.3831,1.3835,1.3818,1.3822,211615,
1788796440000,2026-09-07T15:54:00.000Z,1.3822,1.3839,1.3794,1.3794,453505,
1788796620000,2026-09-07T15:57:00.000Z,1.3794,1.3835,1.3792,1.3831,268427,
1788796800000,2026-09-07T16:00:00.000Z,1.3831,1.3873,1.3828,1.3873,833136,
1788796980000,2026-09-07T16:03:00.000Z,1.3873,1.3877,1.3859,1.3871,131730,
1788797160000,2026-09-07T16:06:00.000Z,1.3871,1.3888,1.387,1.3887,205874,
1788797340000,2026-09-07T16:09:00.000Z,1.3887,1.3892,1.3872,1.3876,238703,
1788797520000,2026-09-07T16:12:00.000Z,1.3876,1.39,1.3876,1.3894,176543,
1788797700000,2026-09-07T16:15:00.000Z,1.3894,1.3895,1.3874,1.3884,96317,
1788797880000,2026-09-07T16:18:00.000Z,1.3884,1.3888,1.3883,1.3888,84564,
1788798060000,2026-09-07T16:21:00.000Z,1.3888,1.3893,1.3879,1.3882,364291,
1788798240000,2026-09-07T16:24:00.000Z,1.3882,1.3888,1.3866,1.3879,447029,
1788798420000,2026-09-07T16:27:00.000Z,1.3879,1.3895,1.3879,1.3892,65263,
1788798600000,2026-09-07T16:30:00.000Z,1.3892,1.3917,1.388,1.3907,124738,
1788798780000,2026-09-07T16:33:00.000Z,1.3907,1.3923,1.3902,1.3921,115601,
1788798960000,2026-09-07T16:36:00.000Z,1.3921,1.394,1.3915,1.3938,536734,
1788799140000,2026-09-07T16:39:00.000Z,1.3938,1.3952,1.3934,1.3947,592574,
1788799320000,2026-09-07T16:42:00.000Z,1.3947,1.3952,1.3938,1.3941,320852,
1788799500000,2026-09-07T16:45:00.000Z,1.3941,1.3949,1.3932,1.3933,136689,
1788799680000,2026-09-07T16:48:00.000Z,1.3933,1.3939,1.3932,1.3937,63643,
1788799860000,2026-09-07T16:51:00.000Z,1.3937,1.3945,1.3934,1.3945,163044,
1788800040000,2026-09-07T16:54:00.000Z,1.3945,1.3946,1.3938,1.3943,72564,
1788800220000,2026-09-07T16:57:00.000Z,1.3943,1.3952,1.3941,1.395,175883,
1788800400000,2026-09-07T17:00:00.000Z,1.395,1.3957,1.3941,1.3949,536652,
1788800580000,2026-09-07T17:03:00.000Z,1.3949,1.397,1.3946,1.396,101953,
1788800760000,2026-09-07T17:06:00.000Z,1.396,1.3977,1.396,1.3974,723613,
1788800940000,2026-09-07T17:09:00.000Z,1.3974,1.3975,1.3969,1.3971,128683,
1788801120000,2026-09-07T17:12:00.000Z,1.3971,1.3975,1.3971,1.3975,1963509,
1788801300000,2026-09-07T17:15:00.000Z,1.3975,1.3975,1.3967,1.3973,665305,
1788801480000,2026-09-07T17:18:00.000Z,1.3973,1.398,1.397,1.398,774988,
1788801660000,2026-09-07T17:21:00.000Z,1.398,1.398,1.3968,1.397,90370,
1788801840000,2026-09-07T17:24:00.000Z,1.397,1.3976,1.3959,1.3967,259586,
1788802020000,2026-09-07T17:27:00.000Z,1.3967,1.3984,1.396,1.398,122390,
1788802200000,2026-09-07T17:30:00.000Z,1.398,1.3983,1.3967,1.3967,199123,
1788802380000,2026-09-07T17:33:00.000Z,1.3967,1.3972,1.3952,1.3955,212469,
1788802560000,2026-09-07T17:36:00.000Z,1.3955,1.3968,1.3954,1.3961,77969,
1788802740000,2026-09-07T17:39:00.000Z,1.3961,1.3973,1.3958,1.3972,36972,
1788802920000,2026-09-07T17:42:00.000Z,1.3972,1.3979,1.3965,1.3974,37882,
1788803100000,2026-09-07T17:45:00.000Z,1.3974,1.3983,1.3972,1.3977,100508,
1788803280000,2026-09-07T17:48:00.000Z,1.3977,1.3998,1.3976,1.3985,422333,
1788803460000,2026-09-07T17:51:00.000Z,1.3985,1.3992,1.3983,1.3983,42662,
1788803640000,2026-09-07T17:54:00.000Z,1.3983,1.3986,1.3977,1.3977,58544,
1788803820000,2026-09-07T17:57:00.000Z,1.3977,1.3979,1.397,1.3976,143356,
1788804000000,2026-09-07T18:00:00.000Z,1.3976,1.3982,1.3964,1.3965,62247,
1788804180000,2026-09-07T18:03:00.000Z,1.3965,1.3979,1.3964,1.3978,64901,
1788804360000,2026-09-07T18:06:00.000Z,1.3978,1.3989,1.3964,1.3965,80155,
1788804540000,2026-09-07T18:09:00.000Z,1.3965,1.3975,1.3957,1.3975,104228,
1788804720000,2026-09-07T18:12:00.000Z,1.3975,1.3975,1.3962,1.3964,115603,
1788804900000,2026-09-07T18:15:00.000Z,1.3964,1.3964,1.3937,1.3945,241402,
1788805080000,2026-09-07T18:18:00.000Z,1.3945,1.3964,1.3945,1.3964,34410,
1788805260000,2026-09-07T18:21:00.000Z,1.3964,1.3976,1.3943,1.3944,58876,
1788805440000,2026-09-07T18:24:00.000Z,1.3944,1.3964,1.3943,1.3948,57204,
1788805620000,2026-09-07T18:27:00.000Z,1.3948,1.3949,1.3936,1.3944,139594,
1788805800000,2026-09-07T18:30:00.000Z,1.3944,1.3946,1.3925,1.3927,97847,
1788805980000,2026-09-07T18:33:00.000Z,1.3927,1.394,1.3921,1.394,39175,
1788806160000,2026-09-07T18:36:00.000Z,1.394,1.3949,1.393,1.3943,67056,
1788806340000,2026-09-07T18:39:00.000Z,1.3943,1.3946,1.3937,1.3942,56343,
1788806520000,2026-09-07T18:42:00.000Z,1.3942,1.396,1.3942,1.3956,176927,
1788806700000,2026-09-07T18:45:00.000Z,1.3956,1.3967,1.3956,1.3961,111617,
1788806880000,2026-09-07T18:48:00.000Z,1.3961,1.3967,1.3956,1.3965,147597,
1788807060000,2026-09-07T18:51:00.000Z,1.3965,1.3975,1.396,1.3965,52244,
1788807240000,2026-09-07T18:54:00.000Z,1.3965,1.3966,1.394,1.394,54480,
1788807420000,2026-09-07T18:57:00.000Z,1.394,1.3944,1.394,1.394,104177,
1788807600000,2026-09-07T19:00:00.000Z,1.394,1.3941,1.3926,1.3935,181494,
1788807780000,2026-09-07T19:03:00.000Z,1.3935,1.3948,1.3928,1.3944,209297,
1788807960000,2026-09-07T19:06:00.000Z,1.3944,1.3951,1.3938,1.394,61904,
1788808140000,2026-09-07T19:09:00.000Z,1.394,1.394,1.393,1.3932,120310,
1788808320000,2026-09-07T19:12:00.000Z,1.3932,1.3936,1.3927,1.3936,28346,
1788808500000,2026-09-07T19:15:00.000Z,1.3936,1.3943,1.3935,1.3943,16713,
1788808680000,2026-09-07T19:18:00.000Z,1.3943,1.3948,1.3941,1.3948,161170,
1788808860000,2026-09-07T19:21:00.000Z,1.3948,1.3968,1.3948,1.3967,83130,
1788809040000,2026-09-07T19:24:00.000Z,1.3967,1.3973,1.3959,1.3961,35516,
1788809220000,2026-09-07T19:27:00.000Z,1.3961,1.3966,1.3959,1.3963,58802,
1788809400000,2026-09-07T19:30:00.000Z,1.3963,1.401,1.3963,1.3998,431406,
1788809580000,2026-09-07T19:33:00.000Z,1.3998,1.4009,1.3987,1.4009,139470,
1788809760000,2026-09-07T19:36:00.000Z,1.4009,1.4012,1.4001,1.4004,189069,
1788809940000,2026-09-07T19:39:00.000Z,1.4004,1.4007,1.3999,1.3999,19004,
1788810120000,2026-09-07T19:42:00.000Z,1.3999,1.4001,1.3996,1.3996,33124,
1788810300000,2026-09-07T19:45:00.000Z,1.3996,1.4003,1.3993,1.4,63937,
1788810480000,2026-09-07T19:48:00.000Z,1.4,1.4025,1.3997,1.4021,426338,
1788810660000,2026-09-07T19:51:00.000Z,1.4021,1.4023,1.4012,1.4012,169778,
1788810840000,2026-09-07T19:54:00.000Z,1.4012,1.4013,1.4002,1.4005,82628,
1788811020000,2026-09-07T19:57:00.000Z,1.4005,1.4016,1.4,1.4012,250814,
1788811200000,2026-09-07T20:00:00.000Z,1.4012,1.4022,1.4003,1.4008,289025,
1788811380000,2026-09-07T20:03:00.000Z,1.4008,1.401,1.3974,1.3974,553340,
1788811560000,2026-09-07T20:06:00.000Z,1.3974,1.3978,1.3949,1.3976,603231,
1788811740000,2026-09-07T20:09:00.000Z,1.3976,1.3979,1.3968,1.3978,36443,
1788811920000,2026-09-07T20:12:00.000Z,1.3978,1.3978,1.3956,1.3957,485609,
1788812100000,2026-09-07T20:15:00.000Z,1.3957,1.3976,1.3954,1.3976,93239,
1788812280000,2026-09-07T20:18:00.000Z,1.3976,1.3979,1.3969,1.3973,29369,
1788812460000,2026-09-07T20:21:00.000Z,1.3973,1.3973,1.3961,1.3966,28979,
1788812640000,2026-09-07T20:24:00.000Z,1.3966,1.3975,1.3966,1.397,38841,
1788812820000,2026-09-07T20:27:00.000Z,1.397,1.3985,1.3967,1.3981,296689,
1788813000000,2026-09-07T20:30:00.000Z,1.3981,1.3983,1.3973,1.3983,27331,
1788813180000,2026-09-07T20:33:00.000Z,1.3983,1.3994,1.3983,1.3991,107372,
1788813360000,2026-09-07T20:36:00.000Z,1.3991,1.3993,1.398,1.3984,39712,
1788813540000,2026-09-07T20:39:00.000Z,1.3984,1.3989,1.3974,1.3988,280132,
1788813720000,2026-09-07T20:42:00.000Z,1.3988,1.3988,1.3978,1.3987,9603,
1788813900000,2026-09-07T20:45:00.000Z,1.3987,1.3993,1.3972,1.3976,1026768,
1788814080000,2026-09-07T20:48:00.000Z,1.3976,1.399,1.3971,1.3986,380969,
1788814260000,2026-09-07T20:51:00.000Z,1.3986,1.3997,1.3978,1.3978,473993,
1788814440000,2026-09-07T20:54:00.000Z,1.3978,1.3991,1.3976,1.399,4385,
1788814620000,2026-09-07T20:57:00.000Z,1.399,1.399,1.3977,1.3979,48095,
1788814800000,2026-09-07T21:00:00.000Z,1.3979,1.3997,1.3979,1.399,77828,
1788814980000,2026-09-07T21:03:00.000Z,1.399,1.3994,1.3989,1.3989,5706,
1788815160000,2026-09-07T21:06:00.000Z,1.3989,1.3991,1.3979,1.3979,37111,
1788815340000,2026-09-07T21:09:00.000Z,1.3979,1.3983,1.3967,1.3982,526839,
1788815520000,2026-09-07T21:12:00.000Z,1.3982,1.3999,1.3977,1.3999,46663,
1788815700000,2026-09-07T21:15:00.000Z,1.3999,1.4,1.3974,1.3986,410841,
1788815880000,2026-09-07T21:18:00.000Z,1.3986,1.3999,1.3976,1.3991,662431,
1788816060000,2026-09-07T21:21:00.000Z,1.3991,1.3993,1.3988,1.3992,41287,
1788816240000,2026-09-07T21:24:00.000Z,1.3992,1.3996,1.3984,1.3986,59886,
1788816420000,2026-09-07T21:27:00.000Z,1.3986,1.3995,1.3982,1.3986,96958,
1788816600000,2026-09-07T21:30:00.000Z,1.3986,1.3993,1.398,1.3981,92486,
1788816780000,2026-09-07T21:33:00.000Z,1.3981,1.3984,1.3964,1.3967,64806,
1788816960000,2026-09-07T21:36:00.000Z,1.3967,1.397,1.3964,1.3968,22020,
1788817140000,2026-09-07T21:39:00.000Z,1.3968,1.3972,1.3957,1.3969,74797,
1788817320000,2026-09-07T21:42:00.000Z,1.3969,1.3973,1.3966,1.3967,80180,
1788817500000,2026-09-07T21:45:00.000Z,1.3967,1.3967,1.3957,1.3961,101091,
1788817680000,2026-09-07T21:48:00.000Z,1.3961,1.3962,1.3949,1.3953,44741,
1788817860000,2026-09-07T21:51:00.000Z,1.3953,1.3959,1.3944,1.3956,56162,
1788818040000,2026-09-07T21:54:00.000Z,1.3956,1.3968,1.3953,1.3968,29141,
1788818220000,2026-09-07T21:57:00.000Z,1.3968,1.3975,1.3962,1.3962,88753,
1788818400000,2026-09-07T22:00:00.000Z,1.3962,1.3965,1.3916,1.3929,478848,
1788818580000,2026-09-07T22:03:00.000Z,1.3929,1.3945,1.3924,1.3928,224462,
1788818760000,2026-09-07T22:06:00.000Z,1.3928,1.3958,1.3924,1.3947,640898,
1788818940000,2026-09-07T22:09:00.000Z,1.3947,1.3975,1.3937,1.3947,1182928,
1788819120000,2026-09-07T22:12:00.000Z,1.3947,1.3955,1.3937,1.3937,57163,
1788819300000,2026-09-07T22:15:00.000Z,1.3937,1.3938,1.3891,1.3918,2275765,
1788819480000,2026-09-07T22:18:00.000Z,1.3918,1.392,1.3901,1.3914,651101,
1788819660000,2026-09-07T22:21:00.000Z,1.3914,1.3935,1.3908,1.3935,90477,
1788819840000,2026-09-07T22:24:00.000Z,1.3935,1.3946,1.393,1.3943,800883,
1788820020000,2026-09-07T22:27:00.000Z,1.3943,1.3948,1.3912,1.3912,596217,
1788820200000,2026-09-07T22:30:00.000Z,1.3912,1.3912,1.3876,1.3896,1196879,
1788820380000,2026-09-07T22:33:00.000Z,1.3896,1.39,1.3879,1.3884,264881,
1788820560000,2026-09-07T22:36:00.000Z,1.3884,1.3884,1.3851,1.3856,534002,
1788820740000,2026-09-07T22:39:00.000Z,1.3856,1.3857,1.3821,1.3851,1548294,
1788820920000,2026-09-07T22:42:00.000Z,1.3851,1.3861,1.3844,1.3854,207498,
1788821100000,2026-09-07T22:45:00.000Z,1.3854,1.3881,1.3854,1.3875,231477,
1788821280000,2026-09-07T22:48:00.000Z,1.3875,1.3885,1.3873,1.3885,87109,
1788821460000,2026-09-07T22:51:00.000Z,1.3885,1.389,1.388,1.3884,82779,
1788821640000,2026-09-07T22:54:00.000Z,1.3884,1.3893,1.3883,1.3884,72026,
1788821820000,2026-09-07T22:57:00.000Z,1.3884,1.3891,1.3871,1.3879,402458,
1788822000000,2026-09-07T23:00:00.000Z,1.3879,1.3901,1.3873,1.3897,99406,
1788822180000,2026-09-07T23:03:00.000Z,1.3897,1.3921,1.3896,1.3919,497979,
1788822360000,2026-09-07T23:06:00.000Z,1.3919,1.3945,1.3901,1.3938,1059211,
1788822540000,2026-09-07T23:09:00.000Z,1.3938,1.3948,1.3924,1.3947,759405,
1788822720000,2026-09-07T23:12:00.000Z,1.3947,1.396,1.3947,1.3956,278105,
1788822900000,2026-09-07T23:15:00.000Z,1.3956,1.3962,1.3918,1.3923,1146172,
1788823080000,2026-09-07T23:18:00.000Z,1.3923,1.3935,1.3915,1.3925,258433,
1788823260000,2026-09-07T23:21:00.000Z,1.3925,1.3934,1.3912,1.3912,201714,
1788823440000,2026-09-07T23:24:00.000Z,1.3912,1.3932,1.391,1.3932,77053,
1788823620000,2026-09-07T23:27:00.000Z,1.3932,1.3933,1.3926,1.3928,6269,
1788823800000,2026-09-07T23:30:00.000Z,1.3928,1.3932,1.3926,1.3932,27116,
1788823980000,2026-09-07T23:33:00.000Z,1.3932,1.3942,1.3929,1.3941,78425,
1788824160000,2026-09-07T23:36:00.000Z,1.3941,1.3944,1.3933,1.3935,400441,
1788824340000,2026-09-07T23:39:00.000Z,1.3935,1.3954,1.3934,1.395,297538,
1788824520000,2026-09-07T23:42:00.000Z,1.395,1.3963,1.3946,1.396,471566,
1788824700000,2026-09-07T23:45:00.000Z,1.396,1.3969,1.3958,1.3967,93221,
1788824880000,2026-09-07T23:48:00.000Z,1.3967,1.3984,1.3965,1.3972,204801,
1788825060000,2026-09-07T23:51:00.000Z,1.3972,1.3978,1.3971,1.3974,46065,
1788825240000,2026-09-07T23:54:00.000Z,1.3974,1.398,1.3961,1.3972,869693,
1788825420000,2026-09-07T23:57:00.000Z,1.3972,1.3979,1.3957,1.3961,1011528,
1788825600000,2026-09-08T00:00:00.000Z,1.3961,1.3967,1.3953,1.3954,234969,
1788825780000,2026-09-08T00:03:00.000Z,1.3954,1.3972,1.3937,1.3971,1046842,
1788825960000,2026-09-08T00:06:00.000Z,1.3971,1.399,1.3954,1.3963,1268054,
1788826140000,2026-09-08T00:09:00.000Z,1.3963,1.3966,1.3946,1.3946,43783,
1788826320000,2026-09-08T00:12:00.000Z,1.3946,1.3978,1.3941,1.3973,1044900,
1788826500000,2026-09-08T00:15:00.000Z,1.3973,1.3977,1.3958,1.3977,1107057,
1788826680000,2026-09-08T00:18:00.000Z,1.3977,1.3984,1.3951,1.3953,878822,
1788826860000,2026-09-08T00:21:00.000Z,1.3953,1.3957,1.3922,1.393,153947,
1788827040000,2026-09-08T00:24:00.000Z,1.393,1.3952,1.3923,1.3943,1528592,
1788827220000,2026-09-08T00:27:00.000Z,1.3943,1.395,1.3926,1.3929,519966,
1788827400000,2026-09-08T00:30:00.000Z,1.3929,1.3943,1.3922,1.3943,89314,
1788827580000,2026-09-08T00:33:00.000Z,1.3943,1.3974,1.3943,1.3973,141162,
1788827760000,2026-09-08T00:36:00.000Z,1.3973,1.398,1.3965,1.397,360230,
1788827940000,2026-09-08T00:39:00.000Z,1.397,1.3999,1.397,1.3999,153608,
1788828120000,2026-09-08T00:42:00.000Z,1.3999,1.4001,1.3973,1.3982,253331,
1788828300000,2026-09-08T00:45:00.000Z,1.3982,1.3993,1.3978,1.3991,132758,
1788828480000,2026-09-08T00:48:00.000Z,1.3991,1.4003,1.3987,1.3992,376827,
1788828660000,2026-09-08T00:51:00.000Z,1.3992,1.4012,1.3992,1.3998,847939,
1788828840000,2026-09-08T00:54:00.000Z,1.3998,1.4014,1.3995,1.4007,260078,
1788829020000,2026-09-08T00:57:00.000Z,1.4007,1.4011,1.4004,1.4011,66136,
1788829200000,2026-09-08T01:00:00.000Z,1.4011,1.4016,1.3996,1.4005,695031,
1788829380000,2026-09-08T01:03:00.000Z,1.4005,1.4012,1.3993,1.4006,91802,
1788829560000,2026-09-08T01:06:00.000Z,1.4006,1.401,1.3978,1.4007,911488,
1788829740000,2026-09-08T01:09:00.000Z,1.4007,1.4036,1.4002,1.4031,1168716,
1788829920000,2026-09-08T01:12:00.000Z,1.4031,1.4034,1.401,1.4011,149826,
1788830100000,2026-09-08T01:15:00.000Z,1.4011,1.4026,1.3994,1.4007,654644,
1788830280000,2026-09-08T01:18:00.000Z,1.4007,1.4019,1.4006,1.4011,75166,
1788830460000,2026-09-08T01:21:00.000Z,1.4011,1.4059,1.4006,1.4046,1210293,
1788830640000,2026-09-08T01:24:00.000Z,1.4046,1.4057,1.4035,1.4052,553507,
1788830820000,2026-09-08T01:27:00.000Z,1.4052,1.4056,1.4046,1.4049,362473,
1788831000000,2026-09-08T01:30:00.000Z,1.4049,1.4049,1.4024,1.4031,736429,
1788831180000,2026-09-08T01:33:00.000Z,1.4031,1.4034,1.4022,1.4028,85780,
1788831360000,2026-09-08T01:36:00.000Z,1.4028,1.4034,1.4022,1.4023,28130,
1788831540000,2026-09-08T01:39:00.000Z,1.4023,1.4023,1.4013,1.4019,60300,
1788831720000,2026-09-08T01:42:00.000Z,1.4019,1.4019,1.4013,1.4015,91006,
1788831900000,2026-09-08T01:45:00.000Z,1.4015,1.4019,1.4011,1.4019,32416,
1788832080000,2026-09-08T01:48:00.000Z,1.4019,1.4022,1.4008,1.4009,810503,
1788832260000,2026-09-08T01:51:00.000Z,1.4009,1.4017,1.4008,1.4014,144007,
1788832440000,2026-09-08T01:54:00.000Z,1.4014,1.4029,1.4014,1.4029,614111,
1788832620000,2026-09-08T01:57:00.000Z,1.4029,1.4037,1.4023,1.4034,49023,
1788832800000,2026-09-08T02:00:00.000Z,1.4034,1.4036,1.4022,1.4024,89339,
1788832980000,2026-09-08T02:03:00.000Z,1.4024,1.4025,1.4004,1.4011,866803,
1788833160000,2026-09-08T02:06:00.000Z,1.4011,1.4017,1.4005,1.4009,540678,
1788833340000,2026-09-08T02:09:00.000Z,1.4009,1.4012,1.3994,1.3994,152873,
1788833520000,2026-09-08T02:12:00.000Z,1.3994,1.403,1.3991,1.4021,1594019,
1788833700000,2026-09-08T02:15:00.000Z,1.4021,1.4034,1.4021,1.4025,364534,
1788833880000,2026-09-08T02:18:00.000Z,1.4025,1.4034,1.4021,1.4034,423158,
1788834060000,2026-09-08T02:21:00.000Z,1.4034,1.4055,1.4033,1.4055,407669,
1788834240000,2026-09-08T02:24:00.000Z,1.4055,1.4063,1.4034,1.4034,1205366,
1788834420000,2026-09-08T02:27:00.000Z,1.4034,1.4034,1.4004,1.4008,281801,
1788834600000,2026-09-08T02:30:00.000Z,1.4008,1.4011,1.3995,1.3996,190279,
1788834780000,2026-09-08T02:33:00.000Z,1.3996,1.3997,1.3982,1.3989,477906,
1788834960000,2026-09-08T02:36:00.000Z,1.3989,1.3992,1.3967,1.3985,1383731,
1788835140000,2026-09-08T02:39:00.000Z,1.3985,1.3985,1.3965,1.3967,242981,
1788835320000,2026-09-08T02:42:00.000Z,1.3967,1.3975,1.3956,1.3973,463862,
1788835500000,2026-09-08T02:45:00.000Z,1.3973,1.3982,1.3962,1.3972,180072,
1788835680000,2026-09-08T02:48:00.000Z,1.3972,1.3974,1.3961,1.3965,148329,
1788835860000,2026-09-08T02:51:00.000Z,1.3965,1.3965,1.3933,1.3935,1036723,
1788836040000,2026-09-08T02:54:00.000Z,1.3935,1.3935,1.3925,1.3929,362833,
1788836220000,2026-09-08T02:57:00.000Z,1.3929,1.3931,1.3907,1.3909,317417,
1788836400000,2026-09-08T03:00:00.000Z,1.3909,1.3935,1.3908,1.3919,1378654,
1788836580000,2026-09-08T03:03:00.000Z,1.3919,1.3919,1.39,1.3915,627915,
1788836760000,2026-09-08T03:06:00.000Z,1.3915,1.3921,1.3905,1.3916,171386,
1788836940000,2026-09-08T03:09:00.000Z,1.3916,1.3933,1.3916,1.3921,206084,
1788837120000,2026-09-08T03:12:00.000Z,1.3921,1.3924,1.3916,1.3919,158580,
1788837300000,2026-09-08T03:15:00.000Z,1.3919,1.3923,1.3908,1.3915,315856,
1788837480000,2026-09-08T03:18:00.000Z,1.3915,1.3918,1.3901,1.3904,107871,
1788837660000,2026-09-08T03:21:00.000Z,1.3904,1.3918,1.3883,1.3907,1264550,
1788837840000,2026-09-08T03:24:00.000Z,1.3907,1.3917,1.3894,1.3905,129110,
1788838020000,2026-09-08T03:27:00.000Z,1.3905,1.3908,1.3889,1.3902,745459,
1788838200000,2026-09-08T03:30:00.000Z,1.3902,1.3945,1.39,1.3941,1384532,
1788838380000,2026-09-08T03:33:00.000Z,1.3941,1.3957,1.3938,1.394,840990,
1788838560000,2026-09-08T03:36:00.000Z,1.394,1.3948,1.3932,1.3942,687584,
1788838740000,2026-09-08T03:39:00.000Z,1.3942,1.3959,1.3934,1.3949,919695,
1788838920000,2026-09-08T03:42:00.000Z,1.3949,1.3976,1.3949,1.3955,1019062,
1788839100000,2026-09-08T03:45:00.000Z,1.3955,1.3962,1.3939,1.3942,371256,
1788839280000,2026-09-08T03:48:00.000Z,1.3942,1.3953,1.3937,1.3951,241279,
1788839460000,2026-09-08T03:51:00.000Z,1.3951,1.3953,1.3933,1.3933,558305,
1788839640000,2026-09-08T03:54:00.000Z,1.3933,1.3939,1.3926,1.3933,118452,
1788839820000,2026-09-08T03:57:00.000Z,1.3933,1.3947,1.3933,1.3942,42447,
1788840000000,2026-09-08T04:00:00.000Z,1.3942,1.3952,1.3938,1.3938,120197,
1788840180000,2026-09-08T04:03:00.000Z,1.3938,1.3941,1.3934,1.394,27042,
1788840360000,2026-09-08T04:06:00.000Z,1.394,1.395,1.3928,1.3946,745690,
1788840540000,2026-09-08T04:09:00.000Z,1.3946,1.3949,1.394,1.3947,164151,
1788840720000,2026-09-08T04:12:00.000Z,1.3947,1.3959,1.3927,1.3934,1024003,
1788840900000,2026-09-08T04:15:00.000Z,1.3934,1.396,1.3923,1.396,792476,
1788841080000,2026-09-08T04:18:00.000Z,1.396,1.3964,1.3935,1.3943,686922,
1788841260000,2026-09-08T04:21:00.000Z,1.3943,1.3944,1.3924,1.3929,124990,
1788841440000,2026-09-08T04:24:00.000Z,1.3929,1.3953,1.3918,1.3945,1044038,
1788841620000,2026-09-08T04:27:00.000Z,1.3945,1.3955,1.3934,1.3937,124205,
1788841800000,2026-09-08T04:30:00.000Z,1.3937,1.3947,1.3931,1.3942,305597,
1788841980000,2026-09-08T04:33:00.000Z,1.3942,1.3951,1.3935,1.3935,40426,
1788842160000,2026-09-08T04:36:00.000Z,1.3935,1.3943,1.3929,1.3943,36307,
1788842340000,2026-09-08T04:39:00.000Z,1.3943,1.3952,1.3939,1.394,89616,
1788842520000,2026-09-08T04:42:00.000Z,1.394,1.3946,1.393,1.3941,556699,
1788842700000,2026-09-08T04:45:00.000Z,1.3941,1.3944,1.3931,1.3938,77544,
1788842880000,2026-09-08T04:48:00.000Z,1.3938,1.3938,1.3931,1.3934,8439,
1788843060000,2026-09-08T04:51:00.000Z,1.3934,1.3934,1.3914,1.3917,246827,
1788843240000,2026-09-08T04:54:00.000Z,1.3917,1.392,1.3902,1.3904,342660,
1788843420000,2026-09-08T04:57:00.000Z,1.3904,1.3911,1.3902,1.3903,219667,
1788843600000,2026-09-08T05:00:00.000Z,1.3903,1.3941,1.3873,1.3938,1081029,
1788843780000,2026-09-08T05:03:00.000Z,1.3938,1.3943,1.3899,1.3902,169195,
1788843960000,2026-09-08T05:06:00.000Z,1.3902,1.3933,1.3897,1.391,744065,
1788844140000,2026-09-08T05:09:00.000Z,1.391,1.3926,1.3892,1.3906,1437675,
1788844320000,2026-09-08T05:12:00.000Z,1.3906,1.3922,1.3898,1.39,290916,
1788844500000,2026-09-08T05:15:00.000Z,1.39,1.3929,1.389,1.3927,1330681,
1788844680000,2026-09-08T05:18:00.000Z,1.3927,1.3943,1.3916,1.3939,1545208,
1788844860000,2026-09-08T05:21:00.000Z,1.3939,1.3951,1.3917,1.3939,1432274,
1788845040000,2026-09-08T05:24:00.000Z,1.3939,1.3954,1.3937,1.3953,77324,
1788845220000,2026-09-08T05:27:00.000Z,1.3953,1.3965,1.393,1.3935,1104201,
1788845400000,2026-09-08T05:30:00.000Z,1.3935,1.395,1.3918,1.3939,1800661,
1788845580000,2026-09-08T05:33:00.000Z,1.3939,1.3939,1.3906,1.392,334052,
1788845760000,2026-09-08T05:36:00.000Z,1.392,1.3925,1.3892,1.3922,1214509,
1788845940000,2026-09-08T05:39:00.000Z,1.3922,1.3925,1.3895,1.3923,946031,
1788846120000,2026-09-08T05:42:00.000Z,1.3923,1.3929,1.39,1.39,407521,
1788846300000,2026-09-08T05:45:00.000Z,1.39,1.3909,1.3895,1.3909,75960,
1788846480000,2026-09-08T05:48:00.000Z,1.3909,1.3918,1.3905,1.3911,194281,
1788846660000,2026-09-08T05:51:00.000Z,1.3911,1.3912,1.3893,1.3896,115421,
1788846840000,2026-09-08T05:54:00.000Z,1.3896,1.3898,1.3869,1.3875,1468878,
1788847020000,2026-09-08T05:57:00.000Z,1.3875,1.3879,1.3863,1.3863,747942,
1788847200000,2026-09-08T06:00:00.000Z,1.3863,1.3881,1.3852,1.3864,921971,
1788847380000,2026-09-08T06:03:00.000Z,1.3864,1.3886,1.3852,1.3859,487460,
1788847560000,2026-09-08T06:06:00.000Z,1.3859,1.3881,1.3853,1.3876,753684,
1788847740000,2026-09-08T06:09:00.000Z,1.3876,1.3882,1.3855,1.3861,1343261,
1788847920000,2026-09-08T06:12:00.000Z,1.3861,1.3887,1.3859,1.3882,129996,
1788848100000,2026-09-08T06:15:00.000Z,1.3882,1.389,1.3852,1.3855,1675366,
1788848280000,2026-09-08T06:18:00.000Z,1.3855,1.3855,1.3822,1.3834,970164,
1788848460000,2026-09-08T06:21:00.000Z,1.3834,1.3856,1.3804,1.385,1495342,
1788848640000,2026-09-08T06:24:00.000Z,1.385,1.3863,1.3843,1.3851,191485,
1788848820000,2026-09-08T06:27:00.000Z,1.3851,1.3857,1.3833,1.3838,686711,
1788849000000,2026-09-08T06:30:00.000Z,1.3838,1.3844,1.3816,1.3825,469156,
1788849180000,2026-09-08T06:33:00.000Z,1.3825,1.3828,1.3809,1.3812,450096,
1788849360000,2026-09-08T06:36:00.000Z,1.3812,1.3831,1.381,1.3819,472114,
1788849540000,2026-09-08T06:39:00.000Z,1.3819,1.3834,1.3816,1.3829,434008,
1788849720000,2026-09-08T06:42:00.000Z,1.3829,1.3831,1.3819,1.3827,629938,
1788849900000,2026-09-08T06:45:00.000Z,1.3827,1.3843,1.3826,1.3839,150754,
1788850080000,2026-09-08T06:48:00.000Z,1.3839,1.3839,1.3814,1.3831,424264,
1788850260000,2026-09-08T06:51:00.000Z,1.3831,1.3837,1.3806,1.3811,1121504,
1788850440000,2026-09-08T06:54:00.000Z,1.3811,1.3839,1.3806,1.3834,1734556,
1788850620000,2026-09-08T06:57:00.000Z,1.3834,1.3844,1.3823,1.3827,717530,
1788850800000,2026-09-08T07:00:00.000Z,1.3827,1.3842,1.3822,1.3831,203706,
1788850980000,2026-09-08T07:03:00.000Z,1.3831,1.3844,1.383,1.3844,153794,
1788851160000,2026-09-08T07:06:00.000Z,1.3844,1.3864,1.3844,1.3853,294235,
1788851340000,2026-09-08T07:09:00.000Z,1.3853,1.3859,1.3851,1.3857,53759,
1788851520000,2026-09-08T07:12:00.000Z,1.3857,1.3859,1.385,1.385,58745,
1788851700000,2026-09-08T07:15:00.000Z,1.385,1.3858,1.3847,1.3856,59131,
1788851880000,2026-09-08T07:18:00.000Z,1.3856,1.386,1.3853,1.386,50395,
1788852060000,2026-09-08T07:21:00.000Z,1.386,1.3867,1.3857,1.386,89367,
1788852240000,2026-09-08T07:24:00.000Z,1.386,1.3896,1.386,1.3885,2164778,
1788852420000,2026-09-08T07:27:00.000Z,1.3885,1.3888,1.3869,1.3877,2167241,
1788852600000,2026-09-08T07:30:00.000Z,1.3877,1.3878,1.3869,1.3869,320837,
1788852780000,2026-09-08T07:33:00.000Z,1.3869,1.3897,1.3863,1.3895,1265244,
1788852960000,2026-09-08T07:36:00.000Z,1.3895,1.3914,1.3893,1.3908,342783,
1788853140000,2026-09-08T07:39:00.000Z,1.3908,1.3935,1.3888,1.389,1602246,
1788853320000,2026-09-08T07:42:00.000Z,1.389,1.3893,1.3881,1.3887,236315,
1788853500000,2026-09-08T07:45:00.000Z,1.3887,1.3888,1.3868,1.387,106871,
1788853680000,2026-09-08T07:48:00.000Z,1.387,1.3873,1.3849,1.3852,1144134,
1788853860000,2026-09-08T07:51:00.000Z,1.3852,1.3869,1.3848,1.3868,524136,
1788854040000,2026-09-08T07:54:00.000Z,1.3868,1.3886,1.3866,1.3875,163845,
1788854220000,2026-09-08T07:57:00.000Z,1.3875,1.3881,1.3861,1.3875,281899,
1788854400000,2026-09-08T08:00:00.000Z,1.3875,1.3875,1.3841,1.3849,246242,
1788854580000,2026-09-08T08:03:00.000Z,1.3849,1.3861,1.384,1.3855,302824,
1788854760000,2026-09-08T08:06:00.000Z,1.3855,1.3875,1.3849,1.3853,215738,
1788854940000,2026-09-08T08:09:00.000Z,1.3853,1.3853,1.3832,1.384,70628,
1788855120000,2026-09-08T08:12:00.000Z,1.384,1.3854,1.3839,1.385,69774,
1788855300000,2026-09-08T08:15:00.000Z,1.385,1.3861,1.3829,1.3855,867809,
1788855480000,2026-09-08T08:18:00.000Z,1.3855,1.3862,1.3849,1.3852,415908,
1788855660000,2026-09-08T08:21:00.000Z,1.3852,1.3854,1.3834,1.3853,689270,
1788855840000,2026-09-08T08:24:00.000Z,1.3853,1.3865,1.3845,1.3855,2401173,
1788856020000,2026-09-08T08:27:00.000Z,1.3855,1.3875,1.3855,1.387,1072168,
1788856200000,2026-09-08T08:30:00.000Z,1.387,1.3888,1.3864,1.3879,268924,
1788856380000,2026-09-08T08:33:00.000Z,1.3879,1.3909,1.3876,1.3903,127116,
1788856560000,2026-09-08T08:36:00.000Z,1.3903,1.391,1.3897,1.3906,88172,
1788856740000,2026-09-08T08:39:00.000Z,1.3906,1.3911,1.39,1.3909,101902,
1788856920000,2026-09-08T08:42:00.000Z,1.3909,1.3918,1.3902,1.3911,454174,
1788857100000,2026-09-08T08:45:00.000Z,1.3911,1.3923,1.3907,1.3912,61927,
1788857280000,2026-09-08T08:48:00.000Z,1.3912,1.3912,1.3899,1.3902,61260,
1788857460000,2026-09-08T08:51:00.000Z,1.3902,1.3903,1.3886,1.389,145203,
1788857640000,2026-09-08T08:54:00.000Z,1.389,1.3902,1.3887,1.3899,75949,
1788857820000,2026-09-08T08:57:00.000Z,1.3899,1.3902,1.3883,1.3894,412030,
1788858000000,2026-09-08T09:00:00.000Z,1.3894,1.3898,1.3886,1.3895,59839,
1788858180000,2026-09-08T09:03:00.000Z,1.3895,1.3902,1.3892,1.3894,63002,
1788858360000,2026-09-08T09:06:00.000Z,1.3894,1.3907,1.3888,1.3888,101003,
1788858540000,2026-09-08T09:09:00.000Z,1.3888,1.3902,1.3887,1.389,910112,
1788858720000,2026-09-08T09:12:00.000Z,1.389,1.3922,1.389,1.3912,1670243,
1788858900000,2026-09-08T09:15:00.000Z,1.3912,1.3916,1.3911,1.3916,202382,
1788859080000,2026-09-08T09:18:00.000Z,1.3916,1.3924,1.3895,1.39,1727355,
1788859260000,2026-09-08T09:21:00.000Z,1.39,1.3905,1.3891,1.3905,171892,
1788859440000,2026-09-08T09:24:00.000Z,1.3905,1.3917,1.3905,1.3916,105515,
1788859620000,2026-09-08T09:27:00.000Z,1.3916,1.3919,1.3912,1.3912,229359,
1788859800000,2026-09-08T09:30:00.000Z,1.3912,1.3942,1.391,1.3937,393988,
1788859980000,2026-09-08T09:33:00.000Z,1.3937,1.3988,1.3937,1.3984,1090892,
1788860160000,2026-09-08T09:36:00.000Z,1.3984,1.3995,1.3977,1.3988,625058,
1788860340000,2026-09-08T09:39:00.000Z,1.3988,1.3996,1.3979,1.3996,761962,
1788860520000,2026-09-08T09:42:00.000Z,1.3996,1.4009,1.3987,1.3993,1425696,
1788860700000,2026-09-08T09:45:00.000Z,1.3993,1.4007,1.399,1.4,714141,
1788860880000,2026-09-08T09:48:00.000Z,1.4,1.4008,1.3982,1.3991,1491952,
1788861060000,2026-09-08T09:51:00.000Z,1.3991,1.3999,1.3976,1.3988,1945696,
1788861240000,2026-09-08T09:54:00.000Z,1.3988,1.3997,1.3982,1.3985,734033,
1788861420000,2026-09-08T09:57:00.000Z,1.3985,1.3995,1.3979,1.3984,908277,
1788861600000,2026-09-08T10:00:00.000Z,1.3984,1.3992,1.3965,1.3989,2273493,
1788861780000,2026-09-08T10:03:00.000Z,1.3989,1.3995,1.3967,1.3978,1272406,
1788861960000,2026-09-08T10:06:00.000Z,1.3978,1.3995,1.3966,1.3967,1437634,
1788862140000,2026-09-08T10:09:00.000Z,1.3967,1.3974,1.3967,1.397,776615,
1788862320000,2026-09-08T10:12:00.000Z,1.397,1.3976,1.397,1.3976,27041,
1788862500000,2026-09-08T10:15:00.000Z,1.3976,1.3983,1.3974,1.3981,278460,
1788862680000,2026-09-08T10:18:00.000Z,1.3981,1.4032,1.3972,1.4023,1846884,
1788862860000,2026-09-08T10:21:00.000Z,1.4023,1.4023,1.3995,1.3995,510232,
1788863040000,2026-09-08T10:24:00.000Z,1.3995,1.4004,1.3987,1.3991,470978,
1788863220000,2026-09-08T10:27:00.000Z,1.3991,1.4009,1.399,1.4001,951795,
1788863400000,2026-09-08T10:30:00.000Z,1.4001,1.4014,1.3987,1.3992,2150898,
1788863580000,2026-09-08T10:33:00.000Z,1.3992,1.4001,1.3982,1.3983,268555,
1788863760000,2026-09-08T10:36:00.000Z,1.3983,1.4002,1.3978,1.3999,1630496,
1788863940000,2026-09-08T10:39:00.000Z,1.3999,1.3999,1.399,1.3995,493196,
1788864120000,2026-09-08T10:42:00.000Z,1.3995,1.4,1.3975,1.3983,1052008,
1788864300000,2026-09-08T10:45:00.000Z,1.3983,1.3986,1.3979,1.3984,103720,
1788864480000,2026-09-08T10:48:00.000Z,1.3984,1.399,1.3982,1.3987,225954,
1788864660000,2026-09-08T10:51:00.000Z,1.3987,1.3989,1.3976,1.3978,29190,
1788864840000,2026-09-08T10:54:00.000Z,1.3978,1.3985,1.3976,1.3977,300555,
1788865020000,2026-09-08T10:57:00.000Z,1.3977,1.3977,1.397,1.3972,91275,
1788865200000,2026-09-08T11:00:00.000Z,1.3972,1.3985,1.3964,1.398,126788,
1788865380000,2026-09-08T11:03:00.000Z,1.398,1.398,1.3955,1.3956,132299,
1788865560000,2026-09-08T11:06:00.000Z,1.3956,1.3957,1.3933,1.3936,417831,
1788865740000,2026-09-08T11:09:00.000Z,1.3936,1.3955,1.3906,1.3908,833087,
1788865920000,2026-09-08T11:12:00.000Z,1.3908,1.3908,1.3897,1.3906,233440,
1788866100000,2026-09-08T11:15:00.000Z,1.3906,1.3927,1.3905,1.3925,1770357,
1788866280000,2026-09-08T11:18:00.000Z,1.3925,1.3943,1.3917,1.3943,179260,
1788866460000,2026-09-08T11:21:00.000Z,1.3943,1.3952,1.3931,1.3949,193034,
1788866640000,2026-09-08T11:24:00.000Z,1.3949,1.3952,1.393,1.393,422013,
1788866820000,2026-09-08T11:27:00.000Z,1.393,1.394,1.393,1.3934,53057,
1788867000000,2026-09-08T11:30:00.000Z,1.3934,1.3955,1.3927,1.3952,1142889,
1788867180000,2026-09-08T11:33:00.000Z,1.3952,1.3956,1.395,1.3951,36758,
1788867360000,2026-09-08T11:36:00.000Z,1.3951,1.3955,1.3949,1.3949,103772,
1788867540000,2026-09-08T11:39:00.000Z,1.3949,1.395,1.3925,1.3936,520641,
1788867720000,2026-09-08T11:42:00.000Z,1.3936,1.3959,1.3936,1.3948,257058,
1788867900000,2026-09-08T11:45:00.000Z,1.3948,1.3949,1.3917,1.3925,1477163,
1788868080000,2026-09-08T11:48:00.000Z,1.3925,1.3933,1.3908,1.3926,1328678,
1788868260000,2026-09-08T11:51:00.000Z,1.3926,1.3933,1.3916,1.3928,168332,
1788868440000,2026-09-08T11:54:00.000Z,1.3928,1.3933,1.3905,1.3932,1114861,
1788868620000,2026-09-08T11:57:00.000Z,1.3932,1.3947,1.3922,1.3942,944710,
1788868800000,2026-09-08T12:00:00.000Z,1.3942,1.3942,1.3901,1.3906,143392,
1788868980000,2026-09-08T12:03:00.000Z,1.3906,1.391,1.3872,1.3891,1839760,
1788869160000,2026-09-08T12:06:00.000Z,1.3891,1.3905,1.3883,1.3901,195192,
1788869340000,2026-09-08T12:09:00.000Z,1.3901,1.3913,1.3891,1.3892,129425,
1788869520000,2026-09-08T12:12:00.000Z,1.3892,1.3893,1.3875,1.3876,140046,
1788869700000,2026-09-08T12:15:00.000Z,1.3876,1.3893,1.3876,1.3888,148148,
1788869880000,2026-09-08T12:18:00.000Z,1.3888,1.3908,1.3885,1.3908,54436,
1788870060000,2026-09-08T12:21:00.000Z,1.3908,1.3914,1.3907,1.3914,45579,
1788870240000,2026-09-08T12:24:00.000Z,1.3914,1.3929,1.3913,1.3927,30720,
1788870420000,2026-09-08T12:27:00.000Z,1.3927,1.3938,1.3924,1.3936,85742,
1788870600000,2026-09-08T12:30:00.000Z,1.3936,1.3969,1.3925,1.3967,415466,
1788870780000,2026-09-08T12:33:00.000Z,1.3967,1.397,1.3956,1.3956,175938,
1788870960000,2026-09-08T12:36:00.000Z,1.3956,1.3964,1.3952,1.3963,278588,
1788871140000,2026-09-08T12:39:00.000Z,1.3963,1.397,1.3948,1.3956,237714,
1788871320000,2026-09-08T12:42:00.000Z,1.3956,1.3963,1.3952,1.3953,656093,
1788871500000,2026-09-08T12:45:00.000Z,1.3953,1.3966,1.3943,1.3958,763749,
1788871680000,2026-09-08T12:48:00.000Z,1.3958,1.3981,1.3955,1.3972,156018,
1788871860000,2026-09-08T12:51:00.000Z,1.3972,1.3981,1.3963,1.3978,236398,
1788872040000,2026-09-08T12:54:00.000Z,1.3978,1.4,1.3969,1.3973,1178732,
1788872220000,2026-09-08T12:57:00.000Z,1.3973,1.3983,1.3972,1.3981,35537,
1788872400000,2026-09-08T13:00:00.000Z,1.3981,1.4002,1.3974,1.4001,566720,
1788872580000,2026-09-08T13:03:00.000Z,1.4001,1.4016,1.3996,1.4016,658331,
1788872760000,2026-09-08T13:06:00.000Z,1.4016,1.4026,1.4002,1.4002,434813,
1788872940000,2026-09-08T13:09:00.000Z,1.4002,1.4013,1.3989,1.4013,237603,
1788873120000,2026-09-08T13:12:00.000Z,1.4013,1.4017,1.4008,1.4013,184808,
1788873300000,2026-09-08T13:15:00.000Z,1.4013,1.4026,1.4012,1.4014,219244,
1788873480000,2026-09-08T13:18:00.000Z,1.4014,1.4018,1.3997,1.4,416490,
1788873660000,2026-09-08T13:21:00.000Z,1.4,1.4,1.3974,1.3996,694046,
1788873840000,2026-09-08T13:24:00.000Z,1.3996,1.4006,1.3983,1.4003,245499,
1788874020000,2026-09-08T13:27:00.000Z,1.4003,1.4003,1.3986,1.3991,218990,
1788874200000,2026-09-08T13:30:00.000Z,1.3991,1.4003,1.3935,1.3944,973408,
1788874380000,2026-09-08T13:33:00.000Z,1.3944,1.3947,1.3916,1.3927,888255,
1788874560000,2026-09-08T13:36:00.000Z,1.3927,1.393,1.3879,1.3893,1562449,
1788874740000,2026-09-08T13:39:00.000Z,1.3893,1.3893,1.3838,1.3865,1468573,
1788874920000,2026-09-08T13:42:00.000Z,1.3865,1.3888,1.383,1.3886,1797163,
1788875100000,2026-09-08T13:45:00.000Z,1.3886,1.3943,1.388,1.3943,875503,
1788875280000,2026-09-08T13:48:00.000Z,1.3943,1.3979,1.3936,1.3951,1188189,
1788875460000,2026-09-08T13:51:00.000Z,1.3951,1.3964,1.3927,1.3944,623310,
1788875640000,2026-09-08T13:54:00.000Z,1.3944,1.4081,1.3943,1.4064,2719927,
1788875820000,2026-09-08T13:57:00.000Z,1.4064,1.4065,1.3992,1.403,1097473,
1788876000000,2026-09-08T14:00:00.000Z,1.403,1.4058,1.399,1.4028,619506,
1788876180000,2026-09-08T14:03:00.000Z,1.4028,1.4059,1.4002,1.4052,651355,
1788876360000,2026-09-08T14:06:00.000Z,1.4052,1.406,1.4018,1.4042,287485,
1788876540000,2026-09-08T14:09:00.000Z,1.4042,1.4075,1.402,1.4056,927287,
1788876720000,2026-09-08T14:12:00.000Z,1.4056,1.4084,1.4048,1.4072,944374,
1788876900000,2026-09-08T14:15:00.000Z,1.4072,1.4093,1.4057,1.406,658214,
1788877080000,2026-09-08T14:18:00.000Z,1.406,1.4093,1.4057,1.4092,221330,
1788877260000,2026-09-08T14:21:00.000Z,1.4092,1.4095,1.4069,1.4081,322413,
1788877440000,2026-09-08T14:24:00.000Z,1.4081,1.4081,1.405,1.405,411665,
1788877620000,2026-09-08T14:27:00.000Z,1.405,1.4081,1.4043,1.4075,449727,
1788877800000,2026-09-08T14:30:00.000Z,1.4075,1.4083,1.4052,1.4055,118757,
1788877980000,2026-09-08T14:33:00.000Z,1.4055,1.4118,1.4047,1.4081,596107,
1788878160000,2026-09-08T14:36:00.000Z,1.4081,1.4097,1.4058,1.4093,1234262,
1788878340000,2026-09-08T14:39:00.000Z,1.4093,1.4106,1.4064,1.4106,449861,
1788878520000,2026-09-08T14:42:00.000Z,1.4106,1.414,1.4102,1.411,2129783,
1788878700000,2026-09-08T14:45:00.000Z,1.411,1.415,1.4099,1.4134,2166472,
1788878880000,2026-09-08T14:48:00.000Z,1.4134,1.4177,1.4134,1.4171,1572263,
1788879060000,2026-09-08T14:51:00.000Z,1.4171,1.4172,1.4127,1.4161,933248,
1788879240000,2026-09-08T14:54:00.000Z,1.4161,1.417,1.4143,1.417,747702,
1788879420000,2026-09-08T14:57:00.000Z,1.417,1.4184,1.416,1.4167,598943,
1788879600000,2026-09-08T15:00:00.000Z,1.4167,1.4173,1.4133,1.4144,621800,
1788879780000,2026-09-08T15:03:00.000Z,1.4144,1.4163,1.4114,1.4119,257331,
1788879960000,2026-09-08T15:06:00.000Z,1.4119,1.4146,1.4115,1.4145,370598,
1788880140000,2026-09-08T15:09:00.000Z,1.4145,1.4172,1.4142,1.4146,549134,
1788880320000,2026-09-08T15:12:00.000Z,1.4146,1.4163,1.4141,1.4158,125756,
1788880500000,2026-09-08T15:15:00.000Z,1.4158,1.4184,1.4155,1.4175,385066,
1788880680000,2026-09-08T15:18:00.000Z,1.4175,1.4183,1.4151,1.4152,612537,
1788880860000,2026-09-08T15:21:00.000Z,1.4152,1.4158,1.411,1.4127,1220794,
1788881040000,2026-09-08T15:24:00.000Z,1.4127,1.4146,1.4126,1.4126,276881,
1788881220000,2026-09-08T15:27:00.000Z,1.4126,1.4142,1.4115,1.4136,300201,
1788881400000,2026-09-08T15:30:00.000Z,1.4136,1.4152,1.413,1.4132,768326,
1788881580000,2026-09-08T15:33:00.000Z,1.4132,1.4153,1.413,1.4143,63644,
1788881760000,2026-09-08T15:36:00.000Z,1.4143,1.4198,1.4143,1.419,1081964,
1788881940000,2026-09-08T15:39:00.000Z,1.419,1.421,1.4171,1.4189,1368073,
1788882120000,2026-09-08T15:42:00.000Z,1.4189,1.4219,1.4182,1.4201,1144841,
1788882300000,2026-09-08T15:45:00.000Z,1.4201,1.4215,1.4192,1.4202,466297,
1788882480000,2026-09-08T15:48:00.000Z,1.4202,1.4234,1.42,1.422,1737378,
1788882660000,2026-09-08T15:51:00.000Z,1.422,1.4259,1.422,1.4254,1440386,
1788882840000,2026-09-08T15:54:00.000Z,1.4254,1.4331,1.4254,1.4312,3295124,
1788883020000,2026-09-08T15:57:00.000Z,1.4312,1.434,1.43,1.4338,1270046,
1788883200000,2026-09-08T16:00:00.000Z,1.4338,1.4498,1.4311,1.4476,2512079,
1788883380000,2026-09-08T16:03:00.000Z,1.4476,1.4514,1.438,1.4381,1590331,
1788883560000,2026-09-08T16:06:00.000Z,1.4381,1.4445,1.435,1.4364,1290650,
1788883740000,2026-09-08T16:09:00.000Z,1.4364,1.437,1.4327,1.4338,665376,
1788883920000,2026-09-08T16:12:00.000Z,1.4338,1.434,1.4288,1.4304,825858,
1788884100000,2026-09-08T16:15:00.000Z,1.4304,1.4308,1.426,1.4268,962809,
1788884280000,2026-09-08T16:18:00.000Z,1.4268,1.4329,1.4264,1.4271,1189500,
1788884460000,2026-09-08T16:21:00.000Z,1.4271,1.4298,1.4261,1.4271,381190,
1788884640000,2026-09-08T16:24:00.000Z,1.4271,1.4305,1.4261,1.4292,338302,
1788884820000,2026-09-08T16:27:00.000Z,1.4292,1.4296,1.426,1.4268,210156,
1788885000000,2026-09-08T16:30:00.000Z,1.4268,1.4293,1.425,1.4286,820961,
1788885180000,2026-09-08T16:33:00.000Z,1.4286,1.4301,1.4262,1.4288,254940,
1788885360000,2026-09-08T16:36:00.000Z,1.4288,1.4328,1.4276,1.4327,563144,
1788885540000,2026-09-08T16:39:00.000Z,1.4327,1.4405,1.4315,1.4401,1405092,
1788885720000,2026-09-08T16:42:00.000Z,1.4401,1.4414,1.4329,1.4335,1187993,
1788885900000,2026-09-08T16:45:00.000Z,1.4335,1.4372,1.4311,1.4323,1046560,
1788886080000,2026-09-08T16:48:00.000Z,1.4323,1.4359,1.4322,1.4349,169660,
1788886260000,2026-09-08T16:51:00.000Z,1.4349,1.4373,1.4335,1.4347,934225,
1788886440000,2026-09-08T16:54:00.000Z,1.4347,1.4376,1.4305,1.433,1789777,
1788886620000,2026-09-08T16:57:00.000Z,1.433,1.4361,1.433,1.435,278155,
1788886800000,2026-09-08T17:00:00.000Z,1.435,1.4386,1.4339,1.4373,1431705,
1788886980000,2026-09-08T17:03:00.000Z,1.4373,1.4377,1.4321,1.4321,259740,
1788887160000,2026-09-08T17:06:00.000Z,1.4321,1.4359,1.4308,1.4314,1189389,
1788887340000,2026-09-08T17:09:00.000Z,1.4314,1.4317,1.43,1.4312,251978,
1788887520000,2026-09-08T17:12:00.000Z,1.4312,1.433,1.4312,1.4326,142715,
1788887700000,2026-09-08T17:15:00.000Z,1.4326,1.4333,1.4313,1.4324,293001,
1788887880000,2026-09-08T17:18:00.000Z,1.4324,1.4324,1.428,1.4284,351505,
1788888060000,2026-09-08T17:21:00.000Z,1.4284,1.4285,1.4268,1.4275,417235,
1788888240000,2026-09-08T17:24:00.000Z,1.4275,1.4279,1.4248,1.426,507790,
1788888420000,2026-09-08T17:27:00.000Z,1.426,1.427,1.4244,1.4261,465055,
1788888600000,2026-09-08T17:30:00.000Z,1.4261,1.4281,1.4258,1.4259,138552,
1788888780000,2026-09-08T17:33:00.000Z,1.4259,1.4302,1.4259,1.4292,146255,
1788888960000,2026-09-08T17:36:00.000Z,1.4292,1.432,1.4291,1.4311,167781,
1788889140000,2026-09-08T17:39:00.000Z,1.4311,1.4312,1.4271,1.4292,428480,
1788889320000,2026-09-08T17:42:00.000Z,1.4292,1.4295,1.427,1.4275,727600,
1788889500000,2026-09-08T17:45:00.000Z,1.4275,1.4299,1.4275,1.4295,273417,
1788889680000,2026-09-08T17:48:00.000Z,1.4295,1.4301,1.4275,1.4296,1070403,
1788889860000,2026-09-08T17:51:00.000Z,1.4296,1.4336,1.4296,1.4327,529803,
1788890040000,2026-09-08T17:54:00.000Z,1.4327,1.4335,1.4288,1.429,931865,
1788890220000,2026-09-08T17:57:00.000Z,1.429,1.429,1.4262,1.4265,289902,
1788890400000,2026-09-08T18:00:00.000Z,1.4265,1.4298,1.4259,1.4298,1296354,
1788890580000,2026-09-08T18:03:00.000Z,1.4298,1.4298,1.4264,1.4289,134543,
1788890760000,2026-09-08T18:06:00.000Z,1.4289,1.4337,1.4289,1.4333,1336535,
1788890940000,2026-09-08T18:09:00.000Z,1.4333,1.4352,1.432,1.4334,300006,
1788891120000,2026-09-08T18:12:00.000Z,1.4334,1.4357,1.4334,1.4354,306866,
1788891300000,2026-09-08T18:15:00.000Z,1.4354,1.4377,1.4345,1.437,177725,
1788891480000,2026-09-08T18:18:00.000Z,1.437,1.4423,1.4369,1.4422,402734,
1788891660000,2026-09-08T18:21:00.000Z,1.4422,1.4457,1.4409,1.443,518891,
1788891840000,2026-09-08T18:24:00.000Z,1.443,1.4455,1.4394,1.4399,666752,
1788892020000,2026-09-08T18:27:00.000Z,1.4399,1.441,1.4382,1.4393,316807,
1788892200000,2026-09-08T18:30:00.000Z,1.4393,1.4407,1.438,1.4399,230993,
1788892380000,2026-09-08T18:33:00.000Z,1.4399,1.4399,1.4358,1.436,310457,
1788892560000,2026-09-08T18:36:00.000Z,1.436,1.4367,1.4335,1.434,281722,
1788892740000,2026-09-08T18:39:00.000Z,1.434,1.4342,1.432,1.4326,451958,
1788892920000,2026-09-08T18:42:00.000Z,1.4326,1.4362,1.4326,1.4358,185768,
1788893100000,2026-09-08T18:45:00.000Z,1.4358,1.4398,1.4351,1.4355,505761,
1788893280000,2026-09-08T18:48:00.000Z,1.4355,1.4355,1.427,1.4315,820313,
1788893460000,2026-09-08T18:51:00.000Z,1.4315,1.4327,1.4221,1.4279,1283169,
1788893640000,2026-09-08T18:54:00.000Z,1.4279,1.4291,1.4265,1.4278,445932,
1788893820000,2026-09-08T18:57:00.000Z,1.4278,1.4307,1.4278,1.43,726923,
1788894000000,2026-09-08T19:00:00.000Z,1.43,1.4324,1.4276,1.4324,219427,
1788894180000,2026-09-08T19:03:00.000Z,1.4324,1.4338,1.4314,1.4326,197825,
1788894360000,2026-09-08T19:06:00.000Z,1.4326,1.4332,1.4309,1.4319,117794,
1788894540000,2026-09-08T19:09:00.000Z,1.4319,1.4319,1.4292,1.4304,171406,
1788894720000,2026-09-08T19:12:00.000Z,1.4304,1.4308,1.427,1.4279,1058781,
1788894900000,2026-09-08T19:15:00.000Z,1.4279,1.4314,1.4272,1.4279,887653,
1788895080000,2026-09-08T19:18:00.000Z,1.4279,1.4293,1.4274,1.429,727674,
1788895260000,2026-09-08T19:21:00.000Z,1.429,1.4295,1.425,1.4295,901342,
1788895440000,2026-09-08T19:24:00.000Z,1.4295,1.43,1.4241,1.4263,846330,
1788895620000,2026-09-08T19:27:00.000Z,1.4263,1.428,1.425,1.4272,1757670,
1788895800000,2026-09-08T19:30:00.000Z,1.4272,1.4278,1.4257,1.4257,207538,
1788895980000,2026-09-08T19:33:00.000Z,1.4257,1.4264,1.4221,1.4241,1148511,
1788896160000,2026-09-08T19:36:00.000Z,1.4241,1.4281,1.4226,1.4277,1529169,
1788896340000,2026-09-08T19:39:00.000Z,1.4277,1.4283,1.4242,1.4243,1198270,
1788896520000,2026-09-08T19:42:00.000Z,1.4243,1.4243,1.4227,1.4235,290991,
1788896700000,2026-09-08T19:45:00.000Z,1.4235,1.4235,1.4158,1.4191,1832667,
1788896880000,2026-09-08T19:48:00.000Z,1.4191,1.4199,1.4158,1.4179,1617838,
1788897060000,2026-09-08T19:51:00.000Z,1.4179,1.4189,1.416,1.4181,312443,
1788897240000,2026-09-08T19:54:00.000Z,1.4181,1.4186,1.4161,1.4172,289634,
1788897420000,2026-09-08T19:57:00.000Z,1.4172,1.423,1.4171,1.4226,700704,
1788897600000,2026-09-08T20:00:00.000Z,1.4226,1.4236,1.4204,1.421,390127,
1788897780000,2026-09-08T20:03:00.000Z,1.421,1.4218,1.4169,1.418,1312012,
1788897960000,2026-09-08T20:06:00.000Z,1.418,1.4209,1.4177,1.4205,975241,
1788898140000,2026-09-08T20:09:00.000Z,1.4205,1.4265,1.4205,1.4253,1278714,
1788898320000,2026-09-08T20:12:00.000Z,1.4253,1.4262,1.4226,1.4256,2440106,
1788898500000,2026-09-08T20:15:00.000Z,1.4256,1.4257,1.4213,1.4223,200168,
1788898680000,2026-09-08T20:18:00.000Z,1.4223,1.4226,1.4178,1.4178,1071835,
1788898860000,2026-09-08T20:21:00.000Z,1.4178,1.4178,1.4157,1.4157,303053,
1788899040000,2026-09-08T20:24:00.000Z,1.4157,1.419,1.4153,1.4184,1186900,
1788899220000,2026-09-08T20:27:00.000Z,1.4184,1.4196,1.4173,1.419,1165242,
1788899400000,2026-09-08T20:30:00.000Z,1.419,1.419,1.4156,1.4158,319960,
1788899580000,2026-09-08T20:33:00.000Z,1.4158,1.4158,1.4127,1.413,1121452,
1788899760000,2026-09-08T20:36:00.000Z,1.413,1.4168,1.413,1.4168,102389,
1788899940000,2026-09-08T20:39:00.000Z,1.4168,1.4169,1.4134,1.4141,224246,
1788900120000,2026-09-08T20:42:00.000Z,1.4141,1.4171,1.4136,1.4162,797269,
1788900300000,2026-09-08T20:45:00.000Z,1.4162,1.417,1.4157,1.4159,133434,
1788900480000,2026-09-08T20:48:00.000Z,1.4159,1.416,1.4141,1.415,1056660,
1788900660000,2026-09-08T20:51:00.000Z,1.415,1.4153,1.414,1.4147,100463,
1788900840000,2026-09-08T20:54:00.000Z,1.4147,1.4147,1.4126,1.4144,313233,
1788901020000,2026-09-08T20:57:00.000Z,1.4144,1.4153,1.413,1.4139,967044,
1788901200000,2026-09-08T21:00:00.000Z,1.4139,1.418,1.4137,1.418,630760,
1788901380000,2026-09-08T21:03:00.000Z,1.418,1.4185,1.4163,1.4172,123737,
1788901560000,2026-09-08T21:06:00.000Z,1.4172,1.4209,1.4171,1.4193,293600,
1788901740000,2026-09-08T21:09:00.000Z,1.4193,1.4204,1.4188,1.4198,221978,
1788901920000,2026-09-08T21:12:00.000Z,1.4198,1.4201,1.4188,1.4195,96937,
1788902100000,2026-09-08T21:15:00.000Z,1.4195,1.421,1.4191,1.4204,92017,
1788902280000,2026-09-08T21:18:00.000Z,1.4204,1.4214,1.4191,1.4197,351078,
1788902460000,2026-09-08T21:21:00.000Z,1.4197,1.4197,1.4165,1.4188,1151639,
1788902640000,2026-09-08T21:24:00.000Z,1.4188,1.4203,1.4179,1.4202,455395,
1788902820000,2026-09-08T21:27:00.000Z,1.4202,1.4234,1.4185,1.4191,1461779,
1788903000000,2026-09-08T21:30:00.000Z,1.4191,1.4207,1.4175,1.4176,536384,
1788903180000,2026-09-08T21:33:00.000Z,1.4176,1.4192,1.4163,1.4177,2313707,
1788903360000,2026-09-08T21:36:00.000Z,1.4177,1.4202,1.4176,1.4202,38855,
1788903540000,2026-09-08T21:39:00.000Z,1.4202,1.4205,1.4166,1.4193,1448062,
1788903720000,2026-09-08T21:42:00.000Z,1.4193,1.4202,1.4193,1.4198,99387,
1788903900000,2026-09-08T21:45:00.000Z,1.4198,1.4198,1.4179,1.4194,54780,
1788904080000,2026-09-08T21:48:00.000Z,1.4194,1.4194,1.4161,1.4165,87190,
1788904260000,2026-09-08T21:51:00.000Z,1.4165,1.4165,1.4133,1.4141,176784,
1788904440000,2026-09-08T21:54:00.000Z,1.4141,1.4155,1.4136,1.4155,50588,
1788904620000,2026-09-08T21:57:00.000Z,1.4155,1.4169,1.4151,1.4164,103392,
1788904800000,2026-09-08T22:00:00.000Z,1.4164,1.4215,1.416,1.4215,260778,
1788904980000,2026-09-08T22:03:00.000Z,1.4215,1.4229,1.4207,1.4213,367110,
1788905160000,2026-09-08T22:06:00.000Z,1.4213,1.4213,1.4184,1.4184,115514,
1788905340000,2026-09-08T22:09:00.000Z,1.4184,1.4201,1.4172,1.4195,538512,
1788905520000,2026-09-08T22:12:00.000Z,1.4195,1.4201,1.4185,1.4195,231172,
1788905700000,2026-09-08T22:15:00.000Z,1.4195,1.422,1.4183,1.4185,846748,
1788905880000,2026-09-08T22:18:00.000Z,1.4185,1.4195,1.4174,1.4191,876671,
1788906060000,2026-09-08T22:21:00.000Z,1.4191,1.4218,1.4181,1.4193,902684,
1788906240000,2026-09-08T22:24:00.000Z,1.4193,1.4195,1.4183,1.4185,125601,
1788906420000,2026-09-08T22:27:00.000Z,1.4185,1.4187,1.4182,1.4185,36542,
1788906600000,2026-09-08T22:30:00.000Z,1.4185,1.4192,1.4177,1.4186,86149,
1788906780000,2026-09-08T22:33:00.000Z,1.4186,1.4186,1.4171,1.4173,67302,
1788906960000,2026-09-08T22:36:00.000Z,1.4173,1.4182,1.4171,1.4173,116460,
1788907140000,2026-09-08T22:39:00.000Z,1.4173,1.4183,1.4173,1.4183,52327,
1788907320000,2026-09-08T22:42:00.000Z,1.4183,1.4193,1.4166,1.4169,880191,
1788907500000,2026-09-08T22:45:00.000Z,1.4169,1.418,1.4169,1.4179,149877,
1788907680000,2026-09-08T22:48:00.000Z,1.4179,1.4181,1.4173,1.4173,43265,
1788907860000,2026-09-08T22:51:00.000Z,1.4173,1.4184,1.417,1.4173,65361,
1788908040000,2026-09-08T22:54:00.000Z,1.4173,1.4183,1.4167,1.4177,949020,
1788908220000,2026-09-08T22:57:00.000Z,1.4177,1.419,1.4176,1.418,217486,
1788908400000,2026-09-08T23:00:00.000Z,1.418,1.4207,1.4179,1.4206,505936,
1788908580000,2026-09-08T23:03:00.000Z,1.4206,1.4207,1.4172,1.4176,1367595,
1788908760000,2026-09-08T23:06:00.000Z,1.4176,1.4176,1.4169,1.4172,32428,
1788908940000,2026-09-08T23:09:00.000Z,1.4172,1.4182,1.4154,1.4158,949952,
1788909120000,2026-09-08T23:12:00.000Z,1.4158,1.4193,1.4157,1.418,1635723,
1788909300000,2026-09-08T23:15:00.000Z,1.418,1.418,1.4169,1.4172,80103,
1788909480000,2026-09-08T23:18:00.000Z,1.4172,1.4172,1.4148,1.4149,961242,
1788909660000,2026-09-08T23:21:00.000Z,1.4149,1.4176,1.4147,1.4165,949792,
1788909840000,2026-09-08T23:24:00.000Z,1.4165,1.4174,1.4151,1.4158,811264,
1788910020000,2026-09-08T23:27:00.000Z,1.4158,1.4176,1.4157,1.417,113703,
1788910200000,2026-09-08T23:30:00.000Z,1.417,1.4175,1.4167,1.4167,29417,
1788910380000,2026-09-08T23:33:00.000Z,1.4167,1.4167,1.4158,1.4158,7246,
1788910560000,2026-09-08T23:36:00.000Z,1.4158,1.4162,1.4154,1.4159,99944,
1788910740000,2026-09-08T23:39:00.000Z,1.4159,1.4171,1.4159,1.4166,912310,
1788910920000,2026-09-08T23:42:00.000Z,1.4166,1.4166,1.4161,1.4161,53199,
1788911100000,2026-09-08T23:45:00.000Z,1.4161,1.4166,1.4151,1.4155,147425,
1788911280000,2026-09-08T23:48:00.000Z,1.4155,1.4156,1.4151,1.4154,57791,
1788911460000,2026-09-08T23:51:00.000Z,1.4154,1.4167,1.4153,1.4155,476744,
1788911640000,2026-09-08T23:54:00.000Z,1.4155,1.4155,1.4149,1.4149,42296,
1788911820000,2026-09-08T23:57:00.000Z,1.4149,1.4168,1.4149,1.4166,537224,
1788912000000,2026-09-09T00:00:00.000Z,1.4166,1.4193,1.4166,1.4191,111551,
1788912180000,2026-09-09T00:03:00.000Z,1.4191,1.4201,1.4183,1.4195,893383,
1788912360000,2026-09-09T00:06:00.000Z,1.4195,1.4209,1.4193,1.4203,141504,
1788912540000,2026-09-09T00:09:00.000Z,1.4203,1.4228,1.4203,1.4228,849708,
1788912720000,2026-09-09T00:12:00.000Z,1.4228,1.4244,1.4224,1.4241,297312,
1788912900000,2026-09-09T00:15:00.000Z,1.4241,1.4242,1.4211,1.4217,112927,
1788913080000,2026-09-09T00:18:00.000Z,1.4217,1.423,1.4209,1.4229,23015,
1788913260000,2026-09-09T00:21:00.000Z,1.4229,1.4229,1.4198,1.4209,57314,
1788913440000,2026-09-09T00:24:00.000Z,1.4209,1.4209,1.419,1.419,45068,
1788913620000,2026-09-09T00:27:00.000Z,1.419,1.4198,1.4183,1.4198,430550,
1788913800000,2026-09-09T00:30:00.000Z,1.4198,1.4212,1.4177,1.4179,592606,
1788913980000,2026-09-09T00:33:00.000Z,1.4179,1.4194,1.4177,1.4182,28839,
1788914160000,2026-09-09T00:36:00.000Z,1.4182,1.419,1.4169,1.419,127405,
1788914340000,2026-09-09T00:39:00.000Z,1.419,1.4207,1.4175,1.4177,215790,
1788914520000,2026-09-09T00:42:00.000Z,1.4177,1.4195,1.4177,1.4192,297637,
1788914700000,2026-09-09T00:45:00.000Z,1.4192,1.4206,1.4191,1.4206,51409,
1788914880000,2026-09-09T00:48:00.000Z,1.4206,1.4211,1.4188,1.4199,492853,
1788915060000,2026-09-09T00:51:00.000Z,1.4199,1.421,1.4185,1.4201,593209,
1788915240000,2026-09-09T00:54:00.000Z,1.4201,1.4203,1.4195,1.4199,20310,
1788915420000,2026-09-09T00:57:00.000Z,1.4199,1.422,1.4196,1.42,545152,
1788915600000,2026-09-09T01:00:00.000Z,1.42,1.42,1.4179,1.4181,52218,
1788915780000,2026-09-09T01:03:00.000Z,1.4181,1.4191,1.4138,1.4185,1428785,
1788915960000,2026-09-09T01:06:00.000Z,1.4185,1.4192,1.4177,1.4179,52773,
1788916140000,2026-09-09T01:09:00.000Z,1.4179,1.4213,1.4176,1.4213,405649,
1788916320000,2026-09-09T01:12:00.000Z,1.4213,1.4219,1.4165,1.4174,1327400,
1788916500000,2026-09-09T01:15:00.000Z,1.4174,1.4181,1.4137,1.4138,898752,
1788916680000,2026-09-09T01:18:00.000Z,1.4138,1.4141,1.4103,1.4127,847667,
1788916860000,2026-09-09T01:21:00.000Z,1.4127,1.4133,1.4096,1.4108,336583,
1788917040000,2026-09-09T01:24:00.000Z,1.4108,1.4127,1.4108,1.4113,144855,
1788917220000,2026-09-09T01:27:00.000Z,1.4113,1.4139,1.4113,1.4132,119045,
1788917400000,2026-09-09T01:30:00.000Z,1.4132,1.4133,1.4111,1.4133,68089,
1788917580000,2026-09-09T01:33:00.000Z,1.4133,1.4142,1.4123,1.414,58389,
1788917760000,2026-09-09T01:36:00.000Z,1.414,1.4183,1.4136,1.4162,494457,
1788917940000,2026-09-09T01:39:00.000Z,1.4162,1.4185,1.4155,1.4155,106407,
1788918120000,2026-09-09T01:42:00.000Z,1.4155,1.418,1.4152,1.4173,838794,
1788918300000,2026-09-09T01:45:00.000Z,1.4173,1.4191,1.4165,1.4169,2190451,
1788918480000,2026-09-09T01:48:00.000Z,1.4169,1.4184,1.416,1.4179,1138805,
1788918660000,2026-09-09T01:51:00.000Z,1.4179,1.4186,1.4147,1.4185,835040,
1788918840000,2026-09-09T01:54:00.000Z,1.4185,1.4186,1.4163,1.4171,103999,
1788919020000,2026-09-09T01:57:00.000Z,1.4171,1.4187,1.4151,1.417,1877139,
1788919200000,2026-09-09T02:00:00.000Z,1.417,1.4173,1.4152,1.4153,77496,
1788919380000,2026-09-09T02:03:00.000Z,1.4153,1.4171,1.4139,1.4146,1088845,
1788919560000,2026-09-09T02:06:00.000Z,1.4146,1.417,1.4146,1.4168,76540,
1788919740000,2026-09-09T02:09:00.000Z,1.4168,1.4198,1.4153,1.4156,1220963,
1788919920000,2026-09-09T02:12:00.000Z,1.4156,1.4169,1.4147,1.4161,1146455,
1788920100000,2026-09-09T02:15:00.000Z,1.4161,1.4161,1.412,1.4122,805062,
1788920280000,2026-09-09T02:18:00.000Z,1.4122,1.4162,1.4109,1.4127,1249333,
1788920460000,2026-09-09T02:21:00.000Z,1.4127,1.4164,1.4122,1.4159,959216,
1788920640000,2026-09-09T02:24:00.000Z,1.4159,1.4173,1.4129,1.4136,1489383,
1788920820000,2026-09-09T02:27:00.000Z,1.4136,1.416,1.4136,1.416,452536,
1788921000000,2026-09-09T02:30:00.000Z,1.416,1.4188,1.4145,1.4188,1074338,
1788921180000,2026-09-09T02:33:00.000Z,1.4188,1.4194,1.4168,1.418,125361,
1788921360000,2026-09-09T02:36:00.000Z,1.418,1.4183,1.417,1.4182,35173,
1788921540000,2026-09-09T02:39:00.000Z,1.4182,1.419,1.4178,1.4189,53033,
1788921720000,2026-09-09T02:42:00.000Z,1.4189,1.4201,1.4189,1.4193,64344,
1788921900000,2026-09-09T02:45:00.000Z,1.4193,1.4205,1.4172,1.4197,1394707,
1788922080000,2026-09-09T02:48:00.000Z,1.4197,1.4206,1.419,1.4197,41592,
1788922260000,2026-09-09T02:51:00.000Z,1.4197,1.4199,1.4184,1.4189,422446,
1788922440000,2026-09-09T02:54:00.000Z,1.4189,1.4192,1.4174,1.4175,97617,
1788922620000,2026-09-09T02:57:00.000Z,1.4175,1.4176,1.4153,1.4156,583534,
1788922800000,2026-09-09T03:00:00.000Z,1.4156,1.4164,1.4137,1.4138,262509,
1788922980000,2026-09-09T03:03:00.000Z,1.4138,1.4156,1.4135,1.4154,1228093,
1788923160000,2026-09-09T03:06:00.000Z,1.4154,1.416,1.413,1.414,378055,
1788923340000,2026-09-09T03:09:00.000Z,1.414,1.414,1.4116,1.4138,488224,
1788923520000,2026-09-09T03:12:00.000Z,1.4138,1.4143,1.411,1.4119,679338,
1788923700000,2026-09-09T03:15:00.000Z,1.4119,1.4125,1.4111,1.4118,233535,
1788923880000,2026-09-09T03:18:00.000Z,1.4118,1.4119,1.4101,1.4111,367503,
1788924060000,2026-09-09T03:21:00.000Z,1.4111,1.4111,1.41,1.4102,154944,
1788924240000,2026-09-09T03:24:00.000Z,1.4102,1.4113,1.4102,1.4105,553278,
1788924420000,2026-09-09T03:27:00.000Z,1.4105,1.4114,1.4105,1.4108,82749,
1788924600000,2026-09-09T03:30:00.000Z,1.4108,1.4119,1.4104,1.4113,420317,
1788924780000,2026-09-09T03:33:00.000Z,1.4113,1.4129,1.4109,1.4129,237028,
1788924960000,2026-09-09T03:36:00.000Z,1.4129,1.4134,1.4118,1.4129,735026,
1788925140000,2026-09-09T03:39:00.000Z,1.4129,1.4155,1.4129,1.4153,60355,
1788925320000,2026-09-09T03:42:00.000Z,1.4153,1.4154,1.4126,1.4146,1109594,
1788925500000,2026-09-09T03:45:00.000Z,1.4146,1.4166,1.414,1.4149,1566519,
1788925680000,2026-09-09T03:48:00.000Z,1.4149,1.4149,1.4131,1.4131,42501,
1788925860000,2026-09-09T03:51:00.000Z,1.4131,1.4154,1.4128,1.4153,1363232,
1788926040000,2026-09-09T03:54:00.000Z,1.4153,1.416,1.415,1.415,92993,
1788926220000,2026-09-09T03:57:00.000Z,1.415,1.4177,1.4148,1.4162,1545468,
1788926400000,2026-09-09T04:00:00.000Z,1.4162,1.4243,1.4162,1.4207,2582795,
1788926580000,2026-09-09T04:03:00.000Z,1.4207,1.4247,1.4207,1.4232,447356,
1788926760000,2026-09-09T04:06:00.000Z,1.4232,1.426,1.4214,1.422,2172173,
1788926940000,2026-09-09T04:09:00.000Z,1.422,1.4235,1.4204,1.4235,585099,
1788927120000,2026-09-09T04:12:00.000Z,1.4235,1.4241,1.4205,1.4228,2202493,
1788927300000,2026-09-09T04:15:00.000Z,1.4228,1.4244,1.4224,1.4224,295944,
1788927480000,2026-09-09T04:18:00.000Z,1.4224,1.4252,1.4214,1.4252,1772634,
1788927660000,2026-09-09T04:21:00.000Z,1.4252,1.431,1.4241,1.4301,2841195,
1788927840000,2026-09-09T04:24:00.000Z,1.4301,1.4318,1.4291,1.4297,574321,
1788928020000,2026-09-09T04:27:00.000Z,1.4297,1.4299,1.427,1.4274,1047175,
1788928200000,2026-09-09T04:30:00.000Z,1.4274,1.4288,1.4264,1.4288,1191853,
1788928380000,2026-09-09T04:33:00.000Z,1.4288,1.4291,1.428,1.429,131903,
1788928560000,2026-09-09T04:36:00.000Z,1.429,1.4292,1.4283,1.4288,67739,
1788928740000,2026-09-09T04:39:00.000Z,1.4288,1.4305,1.4279,1.4305,1076195,
1788928920000,2026-09-09T04:42:00.000Z,1.4305,1.4348,1.4285,1.4343,2466465,
1788929100000,2026-09-09T04:45:00.000Z,1.4343,1.4352,1.43,1.4325,349620,
1788929280000,2026-09-09T04:48:00.000Z,1.4325,1.4356,1.4319,1.4351,249802,
1788929460000,2026-09-09T04:51:00.000Z,1.4351,1.4369,1.4349,1.4364,240776,
1788929640000,2026-09-09T04:54:00.000Z,1.4364,1.4369,1.4342,1.4358,980654,
1788929820000,2026-09-09T04:57:00.000Z,1.4358,1.4358,1.4343,1.4357,121847,
1788930000000,2026-09-09T05:00:00.000Z,1.4357,1.4362,1.4305,1.4306,254655,
1788930180000,2026-09-09T05:03:00.000Z,1.4306,1.4324,1.4302,1.4304,1053030,
1788930360000,2026-09-09T05:06:00.000Z,1.4304,1.4309,1.429,1.4303,117973,
1788930540000,2026-09-09T05:09:00.000Z,1.4303,1.4322,1.4301,1.4321,175531,
1788930720000,2026-09-09T05:12:00.000Z,1.4321,1.4352,1.4317,1.434,268473,
1788930900000,2026-09-09T05:15:00.000Z,1.434,1.4359,1.4319,1.434,1467776,
1788931080000,2026-09-09T05:18:00.000Z,1.434,1.4341,1.4326,1.4327,200046,
1788931260000,2026-09-09T05:21:00.000Z,1.4327,1.4327,1.4296,1.4301,514630,
1788931440000,2026-09-09T05:24:00.000Z,1.4301,1.4314,1.4296,1.4311,575661,
1788931620000,2026-09-09T05:27:00.000Z,1.4311,1.4324,1.4304,1.4308,159497,
1788931800000,2026-09-09T05:30:00.000Z,1.4308,1.4314,1.4262,1.4272,1940565,
1788931980000,2026-09-09T05:33:00.000Z,1.4272,1.4276,1.4253,1.426,668469,
1788932160000,2026-09-09T05:36:00.000Z,1.426,1.4288,1.426,1.427,2206155,
1788932340000,2026-09-09T05:39:00.000Z,1.427,1.427,1.4232,1.4244,1538849,
1788932520000,2026-09-09T05:42:00.000Z,1.4244,1.4256,1.4237,1.4253,335111,
1788932700000,2026-09-09T05:45:00.000Z,1.4253,1.4253,1.4221,1.4223,125567,
1788932880000,2026-09-09T05:48:00.000Z,1.4223,1.4258,1.4221,1.4258,1881612,
1788933060000,2026-09-09T05:51:00.000Z,1.4258,1.4259,1.4252,1.4252,190336,
1788933240000,2026-09-09T05:54:00.000Z,1.4252,1.4266,1.4249,1.4263,93518,
1788933420000,2026-09-09T05:57:00.000Z,1.4263,1.4271,1.4253,1.4271,690945,
1788933600000,2026-09-09T06:00:00.000Z,1.4271,1.4285,1.4271,1.428,632996,
1788933780000,2026-09-09T06:03:00.000Z,1.428,1.4285,1.4263,1.4278,1178236,
1788933960000,2026-09-09T06:06:00.000Z,1.4278,1.4289,1.4269,1.4289,394719,
1788934140000,2026-09-09T06:09:00.000Z,1.4289,1.4312,1.4283,1.4308,107706,
1788934320000,2026-09-09T06:12:00.000Z,1.4308,1.4336,1.4308,1.4334,544239,
1788934500000,2026-09-09T06:15:00.000Z,1.4334,1.4365,1.4324,1.4361,246459,
1788934680000,2026-09-09T06:18:00.000Z,1.4361,1.4382,1.4361,1.4374,502041,
1788934860000,2026-09-09T06:21:00.000Z,1.4374,1.4397,1.4369,1.439,222612,
1788935040000,2026-09-09T06:24:00.000Z,1.439,1.4401,1.4382,1.4382,247058,
1788935220000,2026-09-09T06:27:00.000Z,1.4382,1.4382,1.4355,1.4367,506164,
1788935400000,2026-09-09T06:30:00.000Z,1.4367,1.4376,1.4343,1.4347,371755,
1788935580000,2026-09-09T06:33:00.000Z,1.4347,1.4367,1.4344,1.4364,41915,
1788935760000,2026-09-09T06:36:00.000Z,1.4364,1.4369,1.4354,1.4355,38541,
1788935940000,2026-09-09T06:39:00.000Z,1.4355,1.4356,1.4337,1.4345,1093657,
1788936120000,2026-09-09T06:42:00.000Z,1.4345,1.4352,1.4341,1.4342,81209,
1788936300000,2026-09-09T06:45:00.000Z,1.4342,1.4349,1.4332,1.4338,71563,
1788936480000,2026-09-09T06:48:00.000Z,1.4338,1.435,1.4333,1.4345,106982,
1788936660000,2026-09-09T06:51:00.000Z,1.4345,1.4348,1.4334,1.4335,1294730,
1788936840000,2026-09-09T06:54:00.000Z,1.4335,1.4337,1.4331,1.4331,196344,
1788937020000,2026-09-09T06:57:00.000Z,1.4331,1.4345,1.4331,1.4333,55298,
1788937200000,2026-09-09T07:00:00.000Z,1.4333,1.435,1.4327,1.435,339848,
1788937380000,2026-09-09T07:03:00.000Z,1.435,1.4383,1.4345,1.4381,618883,
1788937560000,2026-09-09T07:06:00.000Z,1.4381,1.4423,1.4378,1.4381,414590,
1788937740000,2026-09-09T07:09:00.000Z,1.4381,1.4389,1.4364,1.4375,941046,
1788937920000,2026-09-09T07:12:00.000Z,1.4375,1.4385,1.4357,1.4374,1423564,
1788938100000,2026-09-09T07:15:00.000Z,1.4374,1.4391,1.4366,1.4388,234040,
1788938280000,2026-09-09T07:18:00.000Z,1.4388,1.4403,1.4362,1.4378,2297202,
1788938460000,2026-09-09T07:21:00.000Z,1.4378,1.4405,1.4363,1.4398,1385295,
1788938640000,2026-09-09T07:24:00.000Z,1.4398,1.4404,1.4384,1.4396,714908,
1788938820000,2026-09-09T07:27:00.000Z,1.4396,1.4416,1.4391,1.4403,2642206,
1788939000000,2026-09-09T07:30:00.000Z,1.4403,1.4411,1.4375,1.4383,229355,
1788939180000,2026-09-09T07:33:00.000Z,1.4383,1.44,1.4381,1.4396,1468112,
1788939360000,2026-09-09T07:36:00.000Z,1.4396,1.44,1.4387,1.4399,278516,
1788939540000,2026-09-09T07:39:00.000Z,1.4399,1.44,1.4389,1.4393,121576,
1788939720000,2026-09-09T07:42:00.000Z,1.4393,1.4403,1.4385,1.4393,352782,
1788939900000,2026-09-09T07:45:00.000Z,1.4393,1.4402,1.4383,1.4384,110148,
1788940080000,2026-09-09T07:48:00.000Z,1.4384,1.4391,1.438,1.4388,90210,
1788940260000,2026-09-09T07:51:00.000Z,1.4388,1.4395,1.4385,1.4391,97058,
1788940440000,2026-09-09T07:54:00.000Z,1.4391,1.4392,1.4384,1.4385,40902,
1788940620000,2026-09-09T07:57:00.000Z,1.4385,1.441,1.4384,1.4403,2044823,
1788940800000,2026-09-09T08:00:00.000Z,1.4403,1.4421,1.4397,1.4415,256798,
1788940980000,2026-09-09T08:03:00.000Z,1.4415,1.4442,1.4394,1.4441,2151488,
1788941160000,2026-09-09T08:06:00.000Z,1.4441,1.4441,1.4425,1.4435,312869,
1788941340000,2026-09-09T08:09:00.000Z,1.4435,1.445,1.4406,1.4418,2699124,
1788941520000,2026-09-09T08:12:00.000Z,1.4418,1.4418,1.4393,1.4394,224415,
1788941700000,2026-09-09T08:15:00.000Z,1.4394,1.4419,1.4388,1.4408,1868348,
1788941880000,2026-09-09T08:18:00.000Z,1.4408,1.4408,1.4398,1.4399,272213,
1788942060000,2026-09-09T08:21:00.000Z,1.4399,1.4422,1.4397,1.4412,551874,
1788942240000,2026-09-09T08:24:00.000Z,1.4412,1.4412,1.439,1.4394,501373,
1788942420000,2026-09-09T08:27:00.000Z,1.4394,1.4409,1.4392,1.4406,126086,
1788942600000,2026-09-09T08:30:00.000Z,1.4406,1.4406,1.4386,1.4398,796310,
1788942780000,2026-09-09T08:33:00.000Z,1.4398,1.4419,1.4398,1.4412,1032535,
1788942960000,2026-09-09T08:36:00.000Z,1.4412,1.4417,1.4377,1.4391,1036422,
1788943140000,2026-09-09T08:39:00.000Z,1.4391,1.4406,1.4387,1.44,211171,
1788943320000,2026-09-09T08:42:00.000Z,1.44,1.4409,1.4382,1.4385,685135,
1788943500000,2026-09-09T08:45:00.000Z,1.4385,1.4386,1.4365,1.4377,1395031,
1788943680000,2026-09-09T08:48:00.000Z,1.4377,1.4377,1.435,1.4355,659270,
1788943860000,2026-09-09T08:51:00.000Z,1.4355,1.4375,1.435,1.4371,196599,
1788944040000,2026-09-09T08:54:00.000Z,1.4371,1.4376,1.4369,1.4373,229488,
1788944220000,2026-09-09T08:57:00.000Z,1.4373,1.4379,1.4371,1.4376,47973,
1788944400000,2026-09-09T09:00:00.000Z,1.4376,1.4377,1.4353,1.4355,101008,
1788944580000,2026-09-09T09:03:00.000Z,1.4355,1.4362,1.4345,1.435,292267,
1788944760000,2026-09-09T09:06:00.000Z,1.435,1.4354,1.4328,1.4332,551510,
1788944940000,2026-09-09T09:09:00.000Z,1.4332,1.4332,1.4314,1.4324,243965,
1788945120000,2026-09-09T09:12:00.000Z,1.4324,1.4337,1.4319,1.4321,1613030,
1788945300000,2026-09-09T09:15:00.000Z,1.4321,1.4328,1.4305,1.4307,380222,
1788945480000,2026-09-09T09:18:00.000Z,1.4307,1.4307,1.4282,1.4287,1284774,
1788945660000,2026-09-09T09:21:00.000Z,1.4287,1.4292,1.4287,1.429,287008,
1788945840000,2026-09-09T09:24:00.000Z,1.429,1.4292,1.4285,1.4291,363147,
1788946020000,2026-09-09T09:27:00.000Z,1.4291,1.4296,1.4282,1.4285,283246,
1788946200000,2026-09-09T09:30:00.000Z,1.4285,1.4287,1.4269,1.4277,825454,
1788946380000,2026-09-09T09:33:00.000Z,1.4277,1.4288,1.4264,1.4269,486146,
1788946560000,2026-09-09T09:36:00.000Z,1.4269,1.4278,1.4264,1.4264,247120,
1788946740000,2026-09-09T09:39:00.000Z,1.4264,1.4276,1.4231,1.4237,942995,
1788946920000,2026-09-09T09:42:00.000Z,1.4237,1.4249,1.4215,1.4221,661344,
1788947100000,2026-09-09T09:45:00.000Z,1.4221,1.4238,1.4204,1.4208,1323411,
1788947280000,2026-09-09T09:48:00.000Z,1.4208,1.4223,1.4192,1.4213,1332725,
1788947460000,2026-09-09T09:51:00.000Z,1.4213,1.4227,1.4207,1.4215,449189,
1788947640000,2026-09-09T09:54:00.000Z,1.4215,1.4218,1.4189,1.4207,766277,
1788947820000,2026-09-09T09:57:00.000Z,1.4207,1.4207,1.4192,1.4196,114561,
1788948000000,2026-09-09T10:00:00.000Z,1.4196,1.4223,1.4196,1.4215,261257,
1788948180000,2026-09-09T10:03:00.000Z,1.4215,1.423,1.4215,1.4223,192261,
1788948360000,2026-09-09T10:06:00.000Z,1.4223,1.4228,1.4206,1.4207,173120,
1788948540000,2026-09-09T10:09:00.000Z,1.4207,1.4213,1.4182,1.4211,1352553,
1788948720000,2026-09-09T10:12:00.000Z,1.4211,1.4217,1.4199,1.4207,253033,
1788948900000,2026-09-09T10:15:00.000Z,1.4207,1.421,1.4187,1.4207,165988,
1788949080000,2026-09-09T10:18:00.000Z,1.4207,1.4225,1.4204,1.4222,68429,
1788949260000,2026-09-09T10:21:00.000Z,1.4222,1.424,1.4218,1.422,1255326,
1788949440000,2026-09-09T10:24:00.000Z,1.422,1.4231,1.4213,1.4224,658358,
1788949620000,2026-09-09T10:27:00.000Z,1.4224,1.423,1.421,1.4215,1581529,
1788949800000,2026-09-09T10:30:00.000Z,1.4215,1.4226,1.4209,1.4221,526602,
1788949980000,2026-09-09T10:33:00.000Z,1.4221,1.4245,1.4217,1.4241,2030945,
1788950160000,2026-09-09T10:36:00.000Z,1.4241,1.4248,1.4223,1.4236,1941958,
1788950340000,2026-09-09T10:39:00.000Z,1.4236,1.4248,1.4208,1.4208,1006269,
1788950520000,2026-09-09T10:42:00.000Z,1.4208,1.423,1.4208,1.4221,2055939,
1788950700000,2026-09-09T10:45:00.000Z,1.4221,1.4222,1.4204,1.4209,129966,
1788950880000,2026-09-09T10:48:00.000Z,1.4209,1.4218,1.4207,1.4208,61224,
1788951060000,2026-09-09T10:51:00.000Z,1.4208,1.4208,1.4187,1.4197,195500,
1788951240000,2026-09-09T10:54:00.000Z,1.4197,1.4213,1.4197,1.421,100826,
1788951420000,2026-09-09T10:57:00.000Z,1.421,1.4225,1.4207,1.4221,593068,
1788951600000,2026-09-09T11:00:00.000Z,1.4221,1.4233,1.4189,1.4189,100144,
1788951780000,2026-09-09T11:03:00.000Z,1.4189,1.42,1.4174,1.4181,447772,
1788951960000,2026-09-09T11:06:00.000Z,1.4181,1.4194,1.4179,1.4194,114682,
1788952140000,2026-09-09T11:09:00.000Z,1.4194,1.4206,1.419,1.4201,70406,
1788952320000,2026-09-09T11:12:00.000Z,1.4201,1.4202,1.4182,1.4189,407915,
1788952500000,2026-09-09T11:15:00.000Z,1.4189,1.419,1.4162,1.417,418989,
1788952680000,2026-09-09T11:18:00.000Z,1.417,1.4187,1.4165,1.4178,1480845,
1788952860000,2026-09-09T11:21:00.000Z,1.4178,1.4207,1.4175,1.4204,164781,
1788953040000,2026-09-09T11:24:00.000Z,1.4204,1.4219,1.4202,1.4204,101579,
1788953220000,2026-09-09T11:27:00.000Z,1.4204,1.4209,1.4203,1.4207,79131,
1788953400000,2026-09-09T11:30:00.000Z,1.4207,1.4233,1.42,1.423,1489679,
1788953580000,2026-09-09T11:33:00.000Z,1.423,1.4243,1.4217,1.4217,1570169,
1788953760000,2026-09-09T11:36:00.000Z,1.4217,1.4219,1.4208,1.4211,151597,
1788953940000,2026-09-09T11:39:00.000Z,1.4211,1.4233,1.4206,1.4224,838524,
1788954120000,2026-09-09T11:42:00.000Z,1.4224,1.4243,1.4213,1.4214,1243655,
1788954300000,2026-09-09T11:45:00.000Z,1.4214,1.4229,1.4212,1.4224,678847,
1788954480000,2026-09-09T11:48:00.000Z,1.4224,1.4267,1.4223,1.4264,720970,
1788954660000,2026-09-09T11:51:00.000Z,1.4264,1.4283,1.426,1.4277,566408,
1788954840000,2026-09-09T11:54:00.000Z,1.4277,1.4283,1.4258,1.427,542170,
1788955020000,2026-09-09T11:57:00.000Z,1.427,1.4274,1.4264,1.4267,127762,
1788955200000,2026-09-09T12:00:00.000Z,1.4267,1.428,1.4264,1.4269,79468,
1788955380000,2026-09-09T12:03:00.000Z,1.4269,1.4269,1.4251,1.4257,129418,
1788955560000,2026-09-09T12:06:00.000Z,1.4257,1.4287,1.4257,1.4286,597360,
1788955740000,2026-09-09T12:09:00.000Z,1.4286,1.4287,1.4279,1.4287,301515,
1788955920000,2026-09-09T12:12:00.000Z,1.4287,1.4287,1.4274,1.4283,369861,
1788956100000,2026-09-09T12:15:00.000Z,1.4283,1.43,1.4283,1.4297,483868,
1788956280000,2026-09-09T12:18:00.000Z,1.4297,1.43,1.4283,1.4297,59824,
1788956460000,2026-09-09T12:21:00.000Z,1.4297,1.4308,1.4292,1.4307,372863,
1788956640000,2026-09-09T12:24:00.000Z,1.4307,1.431,1.4294,1.4302,370103,
1788956820000,2026-09-09T12:27:00.000Z,1.4302,1.4309,1.4295,1.4309,97061,
1788957000000,2026-09-09T12:30:00.000Z,1.4309,1.4338,1.4302,1.4336,774698,
1788957180000,2026-09-09T12:33:00.000Z,1.4336,1.4354,1.4331,1.435,467862,
1788957360000,2026-09-09T12:36:00.000Z,1.435,1.4353,1.4315,1.4328,1275986,
1788957540000,2026-09-09T12:39:00.000Z,1.4328,1.4362,1.4323,1.4357,1529313,
1788957720000,2026-09-09T12:42:00.000Z,1.4357,1.4366,1.4355,1.4361,315869,
1788957900000,2026-09-09T12:45:00.000Z,1.4361,1.4384,1.4354,1.4362,1483857,
1788958080000,2026-09-09T12:48:00.000Z,1.4362,1.4362,1.435,1.4351,213714,
1788958260000,2026-09-09T12:51:00.000Z,1.4351,1.4387,1.4349,1.4382,3511033,
1788958440000,2026-09-09T12:54:00.000Z,1.4382,1.4388,1.4363,1.4379,3825152,
1788958620000,2026-09-09T12:57:00.000Z,1.4379,1.4388,1.4343,1.436,1142537,
1788958800000,2026-09-09T13:00:00.000Z,1.436,1.4364,1.4332,1.4341,878915,
1788958980000,2026-09-09T13:03:00.000Z,1.4341,1.4373,1.4333,1.4363,982072,
1788959160000,2026-09-09T13:06:00.000Z,1.4363,1.4384,1.436,1.4379,294649,
1788959340000,2026-09-09T13:09:00.000Z,1.4379,1.4379,1.4352,1.4352,115917,
1788959520000,2026-09-09T13:12:00.000Z,1.4352,1.4368,1.435,1.4359,166537,
1788959700000,2026-09-09T13:15:00.000Z,1.4359,1.4362,1.4344,1.4353,58300,
1788959880000,2026-09-09T13:18:00.000Z,1.4353,1.4356,1.4343,1.4353,121389,
1788960060000,2026-09-09T13:21:00.000Z,1.4353,1.4359,1.4342,1.4345,414278,
1788960240000,2026-09-09T13:24:00.000Z,1.4345,1.4346,1.4336,1.4339,118599,
1788960420000,2026-09-09T13:27:00.000Z,1.4339,1.4362,1.4339,1.4345,563524,
1788960600000,2026-09-09T13:30:00.000Z,1.4345,1.4359,1.432,1.4356,516923,
1788960780000,2026-09-09T13:33:00.000Z,1.4356,1.4365,1.4318,1.4319,217884,
1788960960000,2026-09-09T13:36:00.000Z,1.4319,1.432,1.4278,1.43,1118815,
1788961140000,2026-09-09T13:39:00.000Z,1.43,1.4327,1.4291,1.4306,1378039,
1788961320000,2026-09-09T13:42:00.000Z,1.4306,1.4306,1.4209,1.4267,3185590,
1788961500000,2026-09-09T13:45:00.000Z,1.4267,1.4303,1.426,1.4286,768898,
1788961680000,2026-09-09T13:48:00.000Z,1.4286,1.4306,1.4268,1.4305,1598680,
1788961860000,2026-09-09T13:51:00.000Z,1.4305,1.4324,1.4301,1.4308,1981042,
1788962040000,2026-09-09T13:54:00.000Z,1.4308,1.4308,1.4292,1.4299,357599,
1788962220000,2026-09-09T13:57:00.000Z,1.4299,1.4311,1.4274,1.4281,324971,
1788962400000,2026-09-09T14:00:00.000Z,1.4281,1.4292,1.4227,1.4253,1543920,
1788962580000,2026-09-09T14:03:00.000Z,1.4253,1.4321,1.4251,1.4294,450863,
1788962760000,2026-09-09T14:06:00.000Z,1.4294,1.4302,1.4252,1.426,249548,
1788962940000,2026-09-09T14:09:00.000Z,1.426,1.4263,1.4228,1.424,1349823,
1788963120000,2026-09-09T14:12:00.000Z,1.424,1.4276,1.4221,1.4274,1299299,
1788963300000,2026-09-09T14:15:00.000Z,1.4274,1.4274,1.4244,1.425,178573,
1788963480000,2026-09-09T14:18:00.000Z,1.425,1.425,1.421,1.4215,1240270,
1788963660000,2026-09-09T14:21:00.000Z,1.4215,1.4234,1.4204,1.4228,820097,
1788963840000,2026-09-09T14:24:00.000Z,1.4228,1.4275,1.422,1.4272,776062,
1788964020000,2026-09-09T14:27:00.000Z,1.4272,1.4313,1.4272,1.4313,1429323,
1788964200000,2026-09-09T14:30:00.000Z,1.4313,1.4318,1.4276,1.4289,2218397,
1788964380000,2026-09-09T14:33:00.000Z,1.4289,1.4315,1.4281,1.4307,1158010,
1788964560000,2026-09-09T14:36:00.000Z,1.4307,1.4319,1.4272,1.4272,1487790,
1788964740000,2026-09-09T14:39:00.000Z,1.4272,1.4307,1.4272,1.4284,1681269,
1788964920000,2026-09-09T14:42:00.000Z,1.4284,1.4288,1.4235,1.4241,2918462,
1788965100000,2026-09-09T14:45:00.000Z,1.4241,1.4277,1.4232,1.4263,1811016,
1788965280000,2026-09-09T14:48:00.000Z,1.4263,1.4292,1.4251,1.4283,967646,
1788965460000,2026-09-09T14:51:00.000Z,1.4283,1.4284,1.4248,1.4258,347009,
1788965640000,2026-09-09T14:54:00.000Z,1.4258,1.426,1.4228,1.4233,641549,
1788965820000,2026-09-09T14:57:00.000Z,1.4233,1.4248,1.4226,1.4245,404061,
1788966000000,2026-09-09T15:00:00.000Z,1.4245,1.4329,1.4171,1.4196,2138351,
1788966180000,2026-09-09T15:03:00.000Z,1.4196,1.423,1.4179,1.4188,1462750,
1788966360000,2026-09-09T15:06:00.000Z,1.4188,1.4188,1.4121,1.4183,2206857,
1788966540000,2026-09-09T15:09:00.000Z,1.4183,1.4198,1.412,1.4122,4199955,
1788966720000,2026-09-09T15:12:00.000Z,1.4122,1.4171,1.4115,1.4158,631900,
1788966900000,2026-09-09T15:15:00.000Z,1.4158,1.4185,1.414,1.4175,853168,
1788967080000,2026-09-09T15:18:00.000Z,1.4175,1.4179,1.4151,1.4151,221497,
1788967260000,2026-09-09T15:21:00.000Z,1.4151,1.4151,1.4052,1.4074,3276123,
1788967440000,2026-09-09T15:24:00.000Z,1.4074,1.41,1.4042,1.4098,856087,
1788967620000,2026-09-09T15:27:00.000Z,1.4098,1.4123,1.4092,1.4117,1035657,
1788967800000,2026-09-09T15:30:00.000Z,1.4117,1.4153,1.4105,1.4127,1986495,
1788967980000,2026-09-09T15:33:00.000Z,1.4127,1.418,1.4121,1.4176,451376,
1788968160000,2026-09-09T15:36:00.000Z,1.4176,1.42,1.4165,1.4177,547785,
1788968340000,2026-09-09T15:39:00.000Z,1.4177,1.4221,1.4171,1.4188,603264,
1788968520000,2026-09-09T15:42:00.000Z,1.4188,1.4193,1.4173,1.4177,133251,
1788968700000,2026-09-09T15:45:00.000Z,1.4177,1.4195,1.4167,1.4182,92905,
1788968880000,2026-09-09T15:48:00.000Z,1.4182,1.4193,1.4176,1.4181,191401,
1788969060000,2026-09-09T15:51:00.000Z,1.4181,1.4181,1.4166,1.4171,62438,
1788969240000,2026-09-09T15:54:00.000Z,1.4171,1.4195,1.417,1.4182,185072,
1788969420000,2026-09-09T15:57:00.000Z,1.4182,1.4193,1.4159,1.4165,1740391,
1788969600000,2026-09-09T16:00:00.000Z,1.4165,1.4204,1.416,1.4204,1600190,
1788969780000,2026-09-09T16:03:00.000Z,1.4204,1.4216,1.4199,1.4213,589923,
1788969960000,2026-09-09T16:06:00.000Z,1.4213,1.4213,1.4154,1.4157,1120097,
1788970140000,2026-09-09T16:09:00.000Z,1.4157,1.416,1.4134,1.4142,181128,
1788970320000,2026-09-09T16:12:00.000Z,1.4142,1.4183,1.4139,1.4182,1813977,
1788970500000,2026-09-09T16:15:00.000Z,1.4182,1.4182,1.4111,1.4116,2005847,
1788970680000,2026-09-09T16:18:00.000Z,1.4116,1.4147,1.411,1.4147,470100,
1788970860000,2026-09-09T16:21:00.000Z,1.4147,1.4159,1.4104,1.4113,433928,
1788971040000,2026-09-09T16:24:00.000Z,1.4113,1.416,1.4105,1.4143,1948414,
1788971220000,2026-09-09T16:27:00.000Z,1.4143,1.4158,1.414,1.4151,96772,
1788971400000,2026-09-09T16:30:00.000Z,1.4151,1.4194,1.4151,1.4192,345494,
1788971580000,2026-09-09T16:33:00.000Z,1.4192,1.4224,1.419,1.4216,1446962,
1788971760000,2026-09-09T16:36:00.000Z,1.4216,1.4222,1.42,1.4202,780753,
1788971940000,2026-09-09T16:39:00.000Z,1.4202,1.4211,1.4195,1.4209,58269,
1788972120000,2026-09-09T16:42:00.000Z,1.4209,1.4212,1.4196,1.4212,248643,
1788972300000,2026-09-09T16:45:00.000Z,1.4212,1.4215,1.4206,1.4214,33954,
1788972480000,2026-09-09T16:48:00.000Z,1.4214,1.422,1.4206,1.4211,9718,
1788972660000,2026-09-09T16:51:00.000Z,1.4211,1.4213,1.4203,1.4205,28748,
1788972840000,2026-09-09T16:54:00.000Z,1.4205,1.4205,1.4198,1.4205,139569,
1788973020000,2026-09-09T16:57:00.000Z,1.4205,1.4225,1.4204,1.4219,819282,
1788973200000,2026-09-09T17:00:00.000Z,1.4219,1.4228,1.4208,1.4226,553298,
1788973380000,2026-09-09T17:03:00.000Z,1.4226,1.4232,1.4177,1.4206,1226528,
1788973560000,2026-09-09T17:06:00.000Z,1.4206,1.4216,1.4183,1.4208,1142926,
1788973740000,2026-09-09T17:09:00.000Z,1.4208,1.4224,1.4204,1.4223,114608,
1788973920000,2026-09-09T17:12:00.000Z,1.4223,1.424,1.4202,1.4211,1883076,
1788974100000,2026-09-09T17:15:00.000Z,1.4211,1.422,1.4205,1.4205,237978,
1788974280000,2026-09-09T17:18:00.000Z,1.4205,1.4227,1.4201,1.4209,1907216,
1788974460000,2026-09-09T17:21:00.000Z,1.4209,1.422,1.4208,1.4213,105017,
1788974640000,2026-09-09T17:24:00.000Z,1.4213,1.4239,1.4211,1.4236,243898,
1788974820000,2026-09-09T17:27:00.000Z,1.4236,1.4236,1.4226,1.423,31297,
1788975000000,2026-09-09T17:30:00.000Z,1.423,1.423,1.4207,1.4211,62404,
1788975180000,2026-09-09T17:33:00.000Z,1.4211,1.4224,1.4206,1.4214,66565,
1788975360000,2026-09-09T17:36:00.000Z,1.4214,1.4227,1.4205,1.4205,56174,
1788975540000,2026-09-09T17:39:00.000Z,1.4205,1.4206,1.4182,1.419,412634,
1788975720000,2026-09-09T17:42:00.000Z,1.419,1.4204,1.419,1.4204,99094,
1788975900000,2026-09-09T17:45:00.000Z,1.4204,1.4214,1.4202,1.4213,94638,
1788976080000,2026-09-09T17:48:00.000Z,1.4213,1.4223,1.4209,1.4217,13557,
1788976260000,2026-09-09T17:51:00.000Z,1.4217,1.4217,1.4196,1.4216,130423,
1788976440000,2026-09-09T17:54:00.000Z,1.4216,1.4223,1.4215,1.4216,10898,
1788976620000,2026-09-09T17:57:00.000Z,1.4216,1.4225,1.4215,1.4216,18483,
1788976800000,2026-09-09T18:00:00.000Z,1.4216,1.4222,1.4207,1.4214,212670,
1788976980000,2026-09-09T18:03:00.000Z,1.4214,1.4216,1.4205,1.4213,132787,
1788977160000,2026-09-09T18:06:00.000Z,1.4213,1.4213,1.418,1.4181,106167,
1788977340000,2026-09-09T18:09:00.000Z,1.4181,1.4187,1.4176,1.4178,56292,
1788977520000,2026-09-09T18:12:00.000Z,1.4178,1.4187,1.4177,1.4183,34912,
1788977700000,2026-09-09T18:15:00.000Z,1.4183,1.4187,1.4176,1.4187,66661,
1788977880000,2026-09-09T18:18:00.000Z,1.4187,1.4188,1.4172,1.4181,17251,
1788978060000,2026-09-09T18:21:00.000Z,1.4181,1.4196,1.4181,1.4184,40883,
1788978240000,2026-09-09T18:24:00.000Z,1.4184,1.42,1.4184,1.4196,40809,
1788978420000,2026-09-09T18:27:00.000Z,1.4196,1.4203,1.4196,1.42,26123,
1788978600000,2026-09-09T18:30:00.000Z,1.42,1.4206,1.4193,1.4199,73604,
1788978780000,2026-09-09T18:33:00.000Z,1.4199,1.4223,1.4199,1.4207,1184413,
1788978960000,2026-09-09T18:36:00.000Z,1.4207,1.4218,1.4207,1.4218,9707,
1788979140000,2026-09-09T18:39:00.000Z,1.4218,1.4225,1.4209,1.4213,1072241,
1788979320000,2026-09-09T18:42:00.000Z,1.4213,1.4222,1.4206,1.4222,729397,
1788979500000,2026-09-09T18:45:00.000Z,1.4222,1.4223,1.4192,1.4196,2236282,
1788979680000,2026-09-09T18:48:00.000Z,1.4196,1.4213,1.4186,1.4209,1726052,
1788979860000,2026-09-09T18:51:00.000Z,1.4209,1.4209,1.4182,1.4185,554688,
1788980040000,2026-09-09T18:54:00.000Z,1.4185,1.4188,1.4156,1.4174,1756241,
1788980220000,2026-09-09T18:57:00.000Z,1.4174,1.418,1.4167,1.4167,366917,
1788980400000,2026-09-09T19:00:00.000Z,1.4167,1.4189,1.4154,1.4169,1514129,
1788980580000,2026-09-09T19:03:00.000Z,1.4169,1.4176,1.4146,1.4154,1090111,
1788980760000,2026-09-09T19:06:00.000Z,1.4154,1.4168,1.415,1.4162,157331,
1788980940000,2026-09-09T19:09:00.000Z,1.4162,1.4168,1.4158,1.4159,11377,
1788981120000,2026-09-09T19:12:00.000Z,1.4159,1.417,1.4159,1.4167,36362,
1788981300000,2026-09-09T19:15:00.000Z,1.4167,1.4176,1.4162,1.417,48804,
1788981480000,2026-09-09T19:18:00.000Z,1.417,1.417,1.4156,1.4157,52347,
1788981660000,2026-09-09T19:21:00.000Z,1.4157,1.4158,1.4149,1.4155,44414,
1788981840000,2026-09-09T19:24:00.000Z,1.4155,1.416,1.4146,1.4149,119715,
1788982020000,2026-09-09T19:27:00.000Z,1.4149,1.4149,1.4133,1.4136,130792,
1788982200000,2026-09-09T19:30:00.000Z,1.4136,1.4138,1.4117,1.4127,938328,
1788982380000,2026-09-09T19:33:00.000Z,1.4127,1.4127,1.4102,1.4105,328705,
1788982560000,2026-09-09T19:36:00.000Z,1.4105,1.4105,1.4073,1.4073,1733479,
1788982740000,2026-09-09T19:39:00.000Z,1.4073,1.4098,1.407,1.4088,848171,
1788982920000,2026-09-09T19:42:00.000Z,1.4088,1.4095,1.4055,1.4059,699239,
1788983100000,2026-09-09T19:45:00.000Z,1.4059,1.4071,1.4056,1.4059,361869,
1788983280000,2026-09-09T19:48:00.000Z,1.4059,1.4062,1.4013,1.4032,966561,
1788983460000,2026-09-09T19:51:00.000Z,1.4032,1.4054,1.3995,1.4004,2116167,
1788983640000,2026-09-09T19:54:00.000Z,1.4004,1.401,1.3979,1.3991,893335,
1788983820000,2026-09-09T19:57:00.000Z,1.3991,1.4015,1.3987,1.401,1061837,
1788984000000,2026-09-09T20:00:00.000Z,1.401,1.4023,1.4002,1.4017,504655,
1788984180000,2026-09-09T20:03:00.000Z,1.4017,1.4017,1.3979,1.4007,446699,
1788984360000,2026-09-09T20:06:00.000Z,1.4007,1.4022,1.3994,1.4015,1519965,
1788984540000,2026-09-09T20:09:00.000Z,1.4015,1.4024,1.4009,1.4017,137213,
1788984720000,2026-09-09T20:12:00.000Z,1.4017,1.4021,1.3992,1.4008,1436564,
1788984900000,2026-09-09T20:15:00.000Z,1.4008,1.4037,1.4008,1.4035,225632,
1788985080000,2026-09-09T20:18:00.000Z,1.4035,1.4047,1.4005,1.4008,1920765,
1788985260000,2026-09-09T20:21:00.000Z,1.4008,1.402,1.4002,1.4002,2190422,
1788985440000,2026-09-09T20:24:00.000Z,1.4002,1.401,1.3965,1.3994,2975444,
1788985620000,2026-09-09T20:27:00.000Z,1.3994,1.4012,1.3938,1.3976,1959570,
1788985800000,2026-09-09T20:30:00.000Z,1.3976,1.4016,1.3972,1.4015,459154,
1788985980000,2026-09-09T20:33:00.000Z,1.4015,1.404,1.4007,1.403,1663788,
1788986160000,2026-09-09T20:36:00.000Z,1.403,1.4044,1.4026,1.403,604095,
1788986340000,2026-09-09T20:39:00.000Z,1.403,1.403,1.4023,1.4027,43084,
1788986520000,2026-09-09T20:42:00.000Z,1.4027,1.4033,1.3995,1.4004,1495227,
1788986700000,2026-09-09T20:45:00.000Z,1.4004,1.401,1.399,1.399,267056,
1788986880000,2026-09-09T20:48:00.000Z,1.399,1.4004,1.3966,1.4002,1870578,
1788987060000,2026-09-09T20:51:00.000Z,1.4002,1.4016,1.3996,1.3997,1346764,
1788987240000,2026-09-09T20:54:00.000Z,1.3997,1.4024,1.3991,1.4019,948044,
1788987420000,2026-09-09T20:57:00.000Z,1.4019,1.4032,1.4015,1.4031,359437,
1788987600000,2026-09-09T21:00:00.000Z,1.4031,1.4031,1.3989,1.4011,2199761,
1788987780000,2026-09-09T21:03:00.000Z,1.4011,1.4015,1.3998,1.4012,221005,
1788987960000,2026-09-09T21:06:00.000Z,1.4012,1.4017,1.4,1.4001,249802,
1788988140000,2026-09-09T21:09:00.000Z,1.4001,1.4004,1.3982,1.3985,237687,
1788988320000,2026-09-09T21:12:00.000Z,1.3985,1.3996,1.3983,1.3994,336262,
1788988500000,2026-09-09T21:15:00.000Z,1.3994,1.4003,1.3975,1.3977,328477,
1788988680000,2026-09-09T21:18:00.000Z,1.3977,1.3984,1.3959,1.3965,403730,
1788988860000,2026-09-09T21:21:00.000Z,1.3965,1.4002,1.3965,1.4,706591,
1788989040000,2026-09-09T21:24:00.000Z,1.4,1.4024,1.3998,1.4019,526661,
1788989220000,2026-09-09T21:27:00.000Z,1.4019,1.402,1.401,1.4013,67756,
1788989400000,2026-09-09T21:30:00.000Z,1.4013,1.4013,1.3997,1.3999,70749,
1788989580000,2026-09-09T21:33:00.000Z,1.3999,1.3999,1.3967,1.3971,578557,
1788989760000,2026-09-09T21:36:00.000Z,1.3971,1.3985,1.3953,1.3967,668992,
1788989940000,2026-09-09T21:39:00.000Z,1.3967,1.3985,1.3967,1.3982,287321,
1788990120000,2026-09-09T21:42:00.000Z,1.3982,1.3985,1.3964,1.3966,387081,
1788990300000,2026-09-09T21:45:00.000Z,1.3966,1.3972,1.3959,1.3964,124445,
1788990480000,2026-09-09T21:48:00.000Z,1.3964,1.3964,1.3908,1.3921,2177623,
1788990660000,2026-09-09T21:51:00.000Z,1.3921,1.3942,1.3921,1.3941,101463,
1788990840000,2026-09-09T21:54:00.000Z,1.3941,1.395,1.3936,1.3947,86012,
1788991020000,2026-09-09T21:57:00.000Z,1.3947,1.3956,1.3926,1.3956,709400,
1788991200000,2026-09-09T22:00:00.000Z,1.3956,1.3969,1.3941,1.3941,201416,
1788991380000,2026-09-09T22:03:00.000Z,1.3941,1.3944,1.3917,1.392,287882,
1788991560000,2026-09-09T22:06:00.000Z,1.392,1.3923,1.3825,1.3833,2011094,
1788991740000,2026-09-09T22:09:00.000Z,1.3833,1.3907,1.375,1.3895,4265332,
1788991920000,2026-09-09T22:12:00.000Z,1.3895,1.3914,1.3874,1.3875,1460448,
1788992100000,2026-09-09T22:15:00.000Z,1.3875,1.3887,1.3847,1.3872,1548183,
1788992280000,2026-09-09T22:18:00.000Z,1.3872,1.3919,1.3872,1.3919,297650,
1788992460000,2026-09-09T22:21:00.000Z,1.3919,1.3923,1.3912,1.3919,390218,
1788992640000,2026-09-09T22:24:00.000Z,1.3919,1.3936,1.3919,1.3934,145503,
1788992820000,2026-09-09T22:27:00.000Z,1.3934,1.3934,1.392,1.3925,136813,
1788993000000,2026-09-09T22:30:00.000Z,1.3925,1.3926,1.3913,1.3913,200738,
1788993180000,2026-09-09T22:33:00.000Z,1.3913,1.3924,1.3901,1.391,1361295,
1788993360000,2026-09-09T22:36:00.000Z,1.391,1.3915,1.3901,1.3911,215650,
1788993540000,2026-09-09T22:39:00.000Z,1.3911,1.3919,1.3902,1.3903,274608,
1788993720000,2026-09-09T22:42:00.000Z,1.3903,1.391,1.3883,1.3895,573386,
1788993900000,2026-09-09T22:45:00.000Z,1.3895,1.3895,1.3872,1.3877,97845,
1788994080000,2026-09-09T22:48:00.000Z,1.3877,1.3883,1.3852,1.3857,219168,
1788994260000,2026-09-09T22:51:00.000Z,1.3857,1.3858,1.384,1.3841,154870,
1788994440000,2026-09-09T22:54:00.000Z,1.3841,1.3841,1.3802,1.3816,438676,
1788994620000,2026-09-09T22:57:00.000Z,1.3816,1.384,1.3811,1.3835,504094,
1788994800000,2026-09-09T23:00:00.000Z,1.3835,1.3867,1.3834,1.3867,231725,
1788994980000,2026-09-09T23:03:00.000Z,1.3867,1.3898,1.3866,1.3887,370184,
1788995160000,2026-09-09T23:06:00.000Z,1.3887,1.3896,1.3873,1.3883,113883,
1788995340000,2026-09-09T23:09:00.000Z,1.3883,1.3895,1.3879,1.3881,164917,
1788995520000,2026-09-09T23:12:00.000Z,1.3881,1.3886,1.3875,1.3883,222218,
1788995700000,2026-09-09T23:15:00.000Z,1.3883,1.389,1.387,1.3884,126839,
1788995880000,2026-09-09T23:18:00.000Z,1.3884,1.3904,1.3884,1.3897,101301,
1788996060000,2026-09-09T23:21:00.000Z,1.3897,1.391,1.389,1.3901,145165,
1788996240000,2026-09-09T23:24:00.000Z,1.3901,1.3912,1.3901,1.391,32767,
1788996420000,2026-09-09T23:27:00.000Z,1.391,1.3918,1.39,1.3918,66814,
1788996600000,2026-09-09T23:30:00.000Z,1.3918,1.3925,1.3913,1.3924,26808,
1788996780000,2026-09-09T23:33:00.000Z,1.3924,1.394,1.3924,1.3928,146448,
1788996960000,2026-09-09T23:36:00.000Z,1.3928,1.3932,1.3921,1.3922,240888,
1788997140000,2026-09-09T23:39:00.000Z,1.3922,1.3934,1.3922,1.3929,107944,
1788997320000,2026-09-09T23:42:00.000Z,1.3929,1.394,1.3928,1.3937,44835,
1788997500000,2026-09-09T23:45:00.000Z,1.3937,1.3946,1.3931,1.3942,71685,
1788997680000,2026-09-09T23:48:00.000Z,1.3942,1.3943,1.3935,1.3939,52258,
1788997860000,2026-09-09T23:51:00.000Z,1.3939,1.3947,1.3938,1.3946,96312,
1788998040000,2026-09-09T23:54:00.000Z,1.3946,1.3947,1.393,1.3941,446235,
1788998220000,2026-09-09T23:57:00.000Z,1.3941,1.3945,1.3928,1.3941,211751,
1788998400000,2026-09-10T00:00:00.000Z,1.3941,1.3949,1.3933,1.394,328970,
1788998580000,2026-09-10T00:03:00.000Z,1.394,1.3953,1.3934,1.3946,218540,
1788998760000,2026-09-10T00:06:00.000Z,1.3946,1.3946,1.3934,1.3941,76966,
1788998940000,2026-09-10T00:09:00.000Z,1.3941,1.3959,1.3935,1.3952,366110,
1788999120000,2026-09-10T00:12:00.000Z,1.3952,1.3952,1.3926,1.3927,247248,
1788999300000,2026-09-10T00:15:00.000Z,1.3927,1.3933,1.392,1.3928,464896,
1788999480000,2026-09-10T00:18:00.000Z,1.3928,1.3933,1.3911,1.3911,267518,
1788999660000,2026-09-10T00:21:00.000Z,1.3911,1.3939,1.3906,1.3935,585654,
1788999840000,2026-09-10T00:24:00.000Z,1.3935,1.3944,1.3923,1.3928,60171,
1789000020000,2026-09-10T00:27:00.000Z,1.3928,1.394,1.3921,1.3925,330393,
1789000200000,2026-09-10T00:30:00.000Z,1.3925,1.3925,1.3898,1.3899,87115,
1789000380000,2026-09-10T00:33:00.000Z,1.3899,1.393,1.3888,1.392,439660,
1789000560000,2026-09-10T00:36:00.000Z,1.392,1.3937,1.392,1.3928,96993,
1789000740000,2026-09-10T00:39:00.000Z,1.3928,1.3938,1.3886,1.3888,740565,
1789000920000,2026-09-10T00:42:00.000Z,1.3888,1.389,1.3862,1.3873,823661,
1789001100000,2026-09-10T00:45:00.000Z,1.3873,1.3906,1.3858,1.3895,1444066,
1789001280000,2026-09-10T00:48:00.000Z,1.3895,1.3895,1.3864,1.3868,182400,
1789001460000,2026-09-10T00:51:00.000Z,1.3868,1.3894,1.3862,1.3868,1296636,
1789001640000,2026-09-10T00:54:00.000Z,1.3868,1.387,1.3861,1.3864,140384,
1789001820000,2026-09-10T00:57:00.000Z,1.3864,1.3871,1.3853,1.3869,809357,
1789002000000,2026-09-10T01:00:00.000Z,1.3869,1.3909,1.3864,1.3893,794070,
1789002180000,2026-09-10T01:03:00.000Z,1.3893,1.3935,1.3893,1.393,158359,
1789002360000,2026-09-10T01:06:00.000Z,1.393,1.3949,1.3919,1.3948,885806,
1789002540000,2026-09-10T01:09:00.000Z,1.3948,1.3949,1.3909,1.3911,1185296,
1789002720000,2026-09-10T01:12:00.000Z,1.3911,1.3911,1.3893,1.3895,209154,
1789002900000,2026-09-10T01:15:00.000Z,1.3895,1.3898,1.3869,1.3869,471549,
1789003080000,2026-09-10T01:18:00.000Z,1.3869,1.3902,1.3853,1.3864,1815832,
1789003260000,2026-09-10T01:21:00.000Z,1.3864,1.3878,1.3845,1.3875,405582,
1789003440000,2026-09-10T01:24:00.000Z,1.3875,1.388,1.3862,1.3862,219887,
1789003620000,2026-09-10T01:27:00.000Z,1.3862,1.3865,1.3844,1.3844,207803,
1789003800000,2026-09-10T01:30:00.000Z,1.3844,1.3852,1.3837,1.3837,188692,
1789003980000,2026-09-10T01:33:00.000Z,1.3837,1.3837,1.379,1.3797,874591,
1789004160000,2026-09-10T01:36:00.000Z,1.3797,1.3809,1.377,1.377,481907,
1789004340000,2026-09-10T01:39:00.000Z,1.377,1.3837,1.3759,1.3834,822376,
1789004520000,2026-09-10T01:42:00.000Z,1.3834,1.3839,1.3809,1.3818,512736,
1789004700000,2026-09-10T01:45:00.000Z,1.3818,1.3823,1.3796,1.3821,530433,
1789004880000,2026-09-10T01:48:00.000Z,1.3821,1.383,1.3805,1.381,198117,
1789005060000,2026-09-10T01:51:00.000Z,1.381,1.381,1.378,1.3784,177165,
1789005240000,2026-09-10T01:54:00.000Z,1.3784,1.3827,1.3778,1.3816,184697,
1789005420000,2026-09-10T01:57:00.000Z,1.3816,1.3835,1.3815,1.3826,153739,
1789005600000,2026-09-10T02:00:00.000Z,1.3826,1.3832,1.3818,1.3823,173904,
1789005780000,2026-09-10T02:03:00.000Z,1.3823,1.3839,1.3814,1.3833,135449,
1789005960000,2026-09-10T02:06:00.000Z,1.3833,1.3848,1.3823,1.3823,105251,
1789006140000,2026-09-10T02:09:00.000Z,1.3823,1.3829,1.3815,1.3829,73222,
1789006320000,2026-09-10T02:12:00.000Z,1.3829,1.3829,1.3814,1.3826,55570,
1789006500000,2026-09-10T02:15:00.000Z,1.3826,1.3832,1.3796,1.3807,132336,
1789006680000,2026-09-10T02:18:00.000Z,1.3807,1.3824,1.3796,1.3813,263006,
1789006860000,2026-09-10T02:21:00.000Z,1.3813,1.3817,1.3801,1.3811,77632,
1789007040000,2026-09-10T02:24:00.000Z,1.3811,1.3814,1.38,1.3805,88433,
1789007220000,2026-09-10T02:27:00.000Z,1.3805,1.382,1.3804,1.3817,113774,
1789007400000,2026-09-10T02:30:00.000Z,1.3817,1.3856,1.3815,1.3856,262580,
1789007580000,2026-09-10T02:33:00.000Z,1.3856,1.3877,1.3854,1.3871,113771,
1789007760000,2026-09-10T02:36:00.000Z,1.3871,1.3891,1.3865,1.389,681405,
1789007940000,2026-09-10T02:39:00.000Z,1.389,1.3892,1.3865,1.3872,266530,
1789008120000,2026-09-10T02:42:00.000Z,1.3872,1.3886,1.3861,1.388,262856,
1789008300000,2026-09-10T02:45:00.000Z,1.388,1.3893,1.3877,1.3893,241922,
1789008480000,2026-09-10T02:48:00.000Z,1.3893,1.3913,1.389,1.3906,201363,
1789008660000,2026-09-10T02:51:00.000Z,1.3906,1.3917,1.3903,1.3913,41017,
1789008840000,2026-09-10T02:54:00.000Z,1.3913,1.3917,1.3904,1.3911,137699,
1789009020000,2026-09-10T02:57:00.000Z,1.3911,1.3915,1.3904,1.3913,177225,
1789009200000,2026-09-10T03:00:00.000Z,1.3913,1.393,1.3913,1.3929,137859,
1789009380000,2026-09-10T03:03:00.000Z,1.3929,1.3938,1.3921,1.3931,270103,
1789009560000,2026-09-10T03:06:00.000Z,1.3931,1.3937,1.3923,1.3931,275264,
1789009740000,2026-09-10T03:09:00.000Z,1.3931,1.3935,1.3928,1.3928,157927,
1789009920000,2026-09-10T03:12:00.000Z,1.3928,1.3931,1.3919,1.3923,187412,
1789010100000,2026-09-10T03:15:00.000Z,1.3923,1.3923,1.3908,1.3917,155125,
1789010280000,2026-09-10T03:18:00.000Z,1.3917,1.3917,1.3913,1.3917,165648,
1789010460000,2026-09-10T03:21:00.000Z,1.3917,1.3922,1.39,1.3901,599221,
1789010640000,2026-09-10T03:24:00.000Z,1.3901,1.3906,1.3895,1.3896,176275,
1789010820000,2026-09-10T03:27:00.000Z,1.3896,1.3929,1.3894,1.3926,385583,
1789011000000,2026-09-10T03:30:00.000Z,1.3926,1.3926,1.3911,1.3919,56153,
1789011180000,2026-09-10T03:33:00.000Z,1.3919,1.3925,1.3893,1.3896,383112,
1789011360000,2026-09-10T03:36:00.000Z,1.3896,1.3896,1.3881,1.3889,115735,
1789011540000,2026-09-10T03:39:00.000Z,1.3889,1.3893,1.3884,1.3885,114053,
1789011720000,2026-09-10T03:42:00.000Z,1.3885,1.3908,1.3885,1.3902,423022,
1789011900000,2026-09-10T03:45:00.000Z,1.3902,1.3925,1.3902,1.3925,36123,
1789012080000,2026-09-10T03:48:00.000Z,1.3925,1.3931,1.3899,1.3901,540945,
1789012260000,2026-09-10T03:51:00.000Z,1.3901,1.3904,1.3888,1.3903,69604,
1789012440000,2026-09-10T03:54:00.000Z,1.3903,1.3905,1.3894,1.3894,6712,
1789012620000,2026-09-10T03:57:00.000Z,1.3894,1.3908,1.3884,1.3901,527201,
1789012800000,2026-09-10T04:00:00.000Z,1.3901,1.3904,1.3897,1.39,64853,
1789012980000,2026-09-10T04:03:00.000Z,1.39,1.3907,1.3896,1.3906,11234,
1789013160000,2026-09-10T04:06:00.000Z,1.3906,1.3907,1.3902,1.3903,47853,
1789013340000,2026-09-10T04:09:00.000Z,1.3903,1.3907,1.3899,1.3899,32692,
1789013520000,2026-09-10T04:12:00.000Z,1.3899,1.3899,1.3892,1.3896,63862,
1789013700000,2026-09-10T04:15:00.000Z,1.3896,1.3898,1.3888,1.3893,58690,
1789013880000,2026-09-10T04:18:00.000Z,1.3893,1.3912,1.3893,1.3908,43974,
1789014060000,2026-09-10T04:21:00.000Z,1.3908,1.3908,1.3895,1.3897,19373,
1789014240000,2026-09-10T04:24:00.000Z,1.3897,1.3904,1.3895,1.39,37874,
1789014420000,2026-09-10T04:27:00.000Z,1.39,1.392,1.39,1.3911,138389,
1789014600000,2026-09-10T04:30:00.000Z,1.3911,1.3926,1.3908,1.3926,127422,
1789014780000,2026-09-10T04:33:00.000Z,1.3926,1.3929,1.3911,1.3912,279099,
1789014960000,2026-09-10T04:36:00.000Z,1.3912,1.3912,1.39,1.3905,66906,
1789015140000,2026-09-10T04:39:00.000Z,1.3905,1.3905,1.3892,1.3892,160762,
1789015320000,2026-09-10T04:42:00.000Z,1.3892,1.3904,1.3889,1.3893,245443,
1789015500000,2026-09-10T04:45:00.000Z,1.3893,1.3901,1.3878,1.3881,549742,
1789015680000,2026-09-10T04:48:00.000Z,1.3881,1.3886,1.3877,1.3878,24900,
1789015860000,2026-09-10T04:51:00.000Z,1.3878,1.3889,1.3864,1.3883,575263,
1789016040000,2026-09-10T04:54:00.000Z,1.3883,1.3889,1.3876,1.3885,256730,
1789016220000,2026-09-10T04:57:00.000Z,1.3885,1.3905,1.3878,1.3878,719284,
1789016400000,2026-09-10T05:00:00.000Z,1.3878,1.3888,1.3874,1.3874,172670,
1789016580000,2026-09-10T05:03:00.000Z,1.3874,1.3875,1.3848,1.3866,840488,
1789016760000,2026-09-10T05:06:00.000Z,1.3866,1.387,1.3858,1.3869,36875,
1789016940000,2026-09-10T05:09:00.000Z,1.3869,1.3898,1.3868,1.3892,181229,
1789017120000,2026-09-10T05:12:00.000Z,1.3892,1.3916,1.3885,1.3915,963412,
1789017300000,2026-09-10T05:15:00.000Z,1.3915,1.3924,1.3885,1.3888,1227955,
1789017480000,2026-09-10T05:18:00.000Z,1.3888,1.3888,1.3881,1.3881,27733,
1789017660000,2026-09-10T05:21:00.000Z,1.3881,1.3889,1.3881,1.3887,87685,
1789017840000,2026-09-10T05:24:00.000Z,1.3887,1.3889,1.3879,1.3879,26257,
1789018020000,2026-09-10T05:27:00.000Z,1.3879,1.3912,1.3878,1.3907,649948,
1789018200000,2026-09-10T05:30:00.000Z,1.3907,1.3915,1.3894,1.391,163688,
1789018380000,2026-09-10T05:33:00.000Z,1.391,1.3922,1.3906,1.392,629376,
1789018560000,2026-09-10T05:36:00.000Z,1.392,1.3924,1.3903,1.3908,450513,
1789018740000,2026-09-10T05:39:00.000Z,1.3908,1.3908,1.3892,1.39,225639,
1789018920000,2026-09-10T05:42:00.000Z,1.39,1.3906,1.3898,1.3901,55427,
1789019100000,2026-09-10T05:45:00.000Z,1.3901,1.391,1.3899,1.3907,56861,
1789019280000,2026-09-10T05:48:00.000Z,1.3907,1.3907,1.3897,1.3898,30621,
1789019460000,2026-09-10T05:51:00.000Z,1.3898,1.3904,1.3894,1.3904,332114,
1789019640000,2026-09-10T05:54:00.000Z,1.3904,1.3908,1.3898,1.3901,127217,
1789019820000,2026-09-10T05:57:00.000Z,1.3901,1.3916,1.3901,1.3914,643217,
1789020000000,2026-09-10T06:00:00.000Z,1.3914,1.3914,1.3902,1.3902,115334,
1789020180000,2026-09-10T06:03:00.000Z,1.3902,1.3903,1.3885,1.3885,79484,
1789020360000,2026-09-10T06:06:00.000Z,1.3885,1.3886,1.388,1.3883,43032,
1789020540000,2026-09-10T06:09:00.000Z,1.3883,1.3884,1.3855,1.3858,399956,
1789020720000,2026-09-10T06:12:00.000Z,1.3858,1.3862,1.3843,1.3848,396512,
1789020900000,2026-09-10T06:15:00.000Z,1.3848,1.3848,1.3821,1.3822,708025,
1789021080000,2026-09-10T06:18:00.000Z,1.3822,1.3834,1.3814,1.3826,515787,
1789021260000,2026-09-10T06:21:00.000Z,1.3826,1.383,1.3817,1.3823,456764,
1789021440000,2026-09-10T06:24:00.000Z,1.3823,1.3837,1.3822,1.3837,77073,
1789021620000,2026-09-10T06:27:00.000Z,1.3837,1.3845,1.3837,1.3844,149788,
1789021800000,2026-09-10T06:30:00.000Z,1.3844,1.3857,1.3839,1.3839,350570,
1789021980000,2026-09-10T06:33:00.000Z,1.3839,1.3851,1.3836,1.3851,33883,
1789022160000,2026-09-10T06:36:00.000Z,1.3851,1.3854,1.3845,1.3854,37595,
1789022340000,2026-09-10T06:39:00.000Z,1.3854,1.3869,1.3854,1.3862,238387,
1789022520000,2026-09-10T06:42:00.000Z,1.3862,1.3866,1.3848,1.3851,132327,
1789022700000,2026-09-10T06:45:00.000Z,1.3851,1.3882,1.3851,1.3879,242862,
1789022880000,2026-09-10T06:48:00.000Z,1.3879,1.3903,1.3876,1.3902,496030,
1789023060000,2026-09-10T06:51:00.000Z,1.3902,1.3905,1.3884,1.3886,372400,
1789023240000,2026-09-10T06:54:00.000Z,1.3886,1.3887,1.3879,1.3881,73110,
1789023420000,2026-09-10T06:57:00.000Z,1.3881,1.3885,1.3881,1.3884,35831,
1789023600000,2026-09-10T07:00:00.000Z,1.3884,1.3884,1.385,1.3852,220910,
1789023780000,2026-09-10T07:03:00.000Z,1.3852,1.3852,1.3829,1.3833,1160412,
1789023960000,2026-09-10T07:06:00.000Z,1.3833,1.3839,1.3823,1.383,620333,
1789024140000,2026-09-10T07:09:00.000Z,1.383,1.385,1.3828,1.3846,91511,
1789024320000,2026-09-10T07:12:00.000Z,1.3846,1.3847,1.384,1.3844,29671,
1789024500000,2026-09-10T07:15:00.000Z,1.3844,1.385,1.384,1.3846,205415,
1789024680000,2026-09-10T07:18:00.000Z,1.3846,1.3848,1.3838,1.3839,81481,
1789024860000,2026-09-10T07:21:00.000Z,1.3839,1.3839,1.3818,1.3822,68443,
1789025040000,2026-09-10T07:24:00.000Z,1.3822,1.3822,1.3806,1.3813,484645,
1789025220000,2026-09-10T07:27:00.000Z,1.3813,1.3815,1.3806,1.3806,101377,
1789025400000,2026-09-10T07:30:00.000Z,1.3806,1.3812,1.3781,1.3784,756319,
1789025580000,2026-09-10T07:33:00.000Z,1.3784,1.379,1.376,1.3789,951704,
1789025760000,2026-09-10T07:36:00.000Z,1.3789,1.3789,1.3777,1.378,217951,
1789025940000,2026-09-10T07:39:00.000Z,1.378,1.379,1.3765,1.379,675232,
1789026120000,2026-09-10T07:42:00.000Z,1.379,1.3793,1.3781,1.3793,59695,
1789026300000,2026-09-10T07:45:00.000Z,1.3793,1.3806,1.3789,1.3804,240998,
1789026480000,2026-09-10T07:48:00.000Z,1.3804,1.3811,1.379,1.3804,421538,
1789026660000,2026-09-10T07:51:00.000Z,1.3804,1.3826,1.3804,1.3816,119605,
1789026840000,2026-09-10T07:54:00.000Z,1.3816,1.3824,1.3811,1.3813,21652,
1789027020000,2026-09-10T07:57:00.000Z,1.3813,1.3824,1.3806,1.3821,363822,
1789027200000,2026-09-10T08:00:00.000Z,1.3821,1.3829,1.3804,1.3812,466017,
1789027380000,2026-09-10T08:03:00.000Z,1.3812,1.3813,1.38,1.381,155800,
1789027560000,2026-09-10T08:06:00.000Z,1.381,1.3841,1.3806,1.3836,1115042,
1789027740000,2026-09-10T08:09:00.000Z,1.3836,1.3837,1.382,1.3824,159144,
1789027920000,2026-09-10T08:12:00.000Z,1.3824,1.3826,1.3802,1.3807,1182617,
1789028100000,2026-09-10T08:15:00.000Z,1.3807,1.3814,1.3796,1.381,225617,
1789028280000,2026-09-10T08:18:00.000Z,1.381,1.3821,1.3799,1.3821,672710,
1789028460000,2026-09-10T08:21:00.000Z,1.3821,1.3836,1.3821,1.3836,528079,
1789028640000,2026-09-10T08:24:00.000Z,1.3836,1.384,1.3807,1.3818,976309,
1789028820000,2026-09-10T08:27:00.000Z,1.3818,1.3824,1.3806,1.3823,75794,
1789029000000,2026-09-10T08:30:00.000Z,1.3823,1.3823,1.3804,1.3804,1061193,
1789029180000,2026-09-10T08:33:00.000Z,1.3804,1.3829,1.3794,1.3816,604994,
1789029360000,2026-09-10T08:36:00.000Z,1.3816,1.3825,1.3812,1.3814,101846,
1789029540000,2026-09-10T08:39:00.000Z,1.3814,1.3816,1.3796,1.3797,422124,
1789029720000,2026-09-10T08:42:00.000Z,1.3797,1.3804,1.3794,1.3804,77983,
1789029900000,2026-09-10T08:45:00.000Z,1.3804,1.3817,1.3798,1.3814,79383,
1789030080000,2026-09-10T08:48:00.000Z,1.3814,1.3821,1.3808,1.3815,896464,
1789030260000,2026-09-10T08:51:00.000Z,1.3815,1.3827,1.3814,1.3822,35434,
1789030440000,2026-09-10T08:54:00.000Z,1.3822,1.3832,1.3811,1.3814,579156,
1789030620000,2026-09-10T08:57:00.000Z,1.3814,1.3815,1.3811,1.3813,39804,
1789030800000,2026-09-10T09:00:00.000Z,1.3813,1.3824,1.3813,1.3823,116515,
1789030980000,2026-09-10T09:03:00.000Z,1.3823,1.3837,1.3822,1.383,405274,
1789031160000,2026-09-10T09:06:00.000Z,1.383,1.3837,1.3821,1.383,332895,
1789031340000,2026-09-10T09:09:00.000Z,1.383,1.3831,1.3818,1.3824,86751,
1789031520000,2026-09-10T09:12:00.000Z,1.3824,1.3831,1.3823,1.3829,89396,
1789031700000,2026-09-10T09:15:00.000Z,1.3829,1.3832,1.3823,1.3828,58604,
1789031880000,2026-09-10T09:18:00.000Z,1.3828,1.3836,1.3827,1.383,104946,
1789032060000,2026-09-10T09:21:00.000Z,1.383,1.3839,1.3821,1.3836,180071,
1789032240000,2026-09-10T09:24:00.000Z,1.3836,1.3839,1.3827,1.3829,56525,
1789032420000,2026-09-10T09:27:00.000Z,1.3829,1.3836,1.3829,1.383,675946,
1789032600000,2026-09-10T09:30:00.000Z,1.383,1.3831,1.3796,1.38,327259,
1789032780000,2026-09-10T09:33:00.000Z,1.38,1.3801,1.3783,1.3784,228887,
1789032960000,2026-09-10T09:36:00.000Z,1.3784,1.3792,1.3768,1.3771,643259,
1789033140000,2026-09-10T09:39:00.000Z,1.3771,1.3772,1.3756,1.3756,348371,
1789033320000,2026-09-10T09:42:00.000Z,1.3756,1.3765,1.3729,1.3761,1273356,
1789033500000,2026-09-10T09:45:00.000Z,1.3761,1.377,1.3754,1.3765,233098,
1789033680000,2026-09-10T09:48:00.000Z,1.3765,1.3777,1.376,1.377,306037,
1789033860000,2026-09-10T09:51:00.000Z,1.377,1.3784,1.3761,1.3784,599140,
1789034040000,2026-09-10T09:54:00.000Z,1.3784,1.3786,1.3775,1.3783,123718,
1789034220000,2026-09-10T09:57:00.000Z,1.3783,1.3783,1.3761,1.3776,1013077,
1789034400000,2026-09-10T10:00:00.000Z,1.3776,1.3792,1.3769,1.3783,746638,
1789034580000,2026-09-10T10:03:00.000Z,1.3783,1.3791,1.3782,1.3785,180437,
1789034760000,2026-09-10T10:06:00.000Z,1.3785,1.3794,1.3769,1.3769,797777,
1789034940000,2026-09-10T10:09:00.000Z,1.3769,1.3771,1.3762,1.3768,194316,
1789035120000,2026-09-10T10:12:00.000Z,1.3768,1.3783,1.3759,1.378,579319,
1789035300000,2026-09-10T10:15:00.000Z,1.378,1.3786,1.3769,1.3772,154943,
1789035480000,2026-09-10T10:18:00.000Z,1.3772,1.378,1.3772,1.3776,91884,
1789035660000,2026-09-10T10:21:00.000Z,1.3776,1.3781,1.3765,1.3765,53335,
1789035840000,2026-09-10T10:24:00.000Z,1.3765,1.3774,1.3754,1.3763,344963,
1789036020000,2026-09-10T10:27:00.000Z,1.3763,1.3767,1.376,1.3764,40681,
1789036200000,2026-09-10T10:30:00.000Z,1.3764,1.3764,1.374,1.3747,254873,
1789036380000,2026-09-10T10:33:00.000Z,1.3747,1.3749,1.3685,1.3738,2256190,
1789036560000,2026-09-10T10:36:00.000Z,1.3738,1.3775,1.3738,1.3772,503770,
1789036740000,2026-09-10T10:39:00.000Z,1.3772,1.3783,1.3772,1.3783,1921062,
1789036920000,2026-09-10T10:42:00.000Z,1.3783,1.3783,1.3769,1.377,282885,
1789037100000,2026-09-10T10:45:00.000Z,1.377,1.3775,1.376,1.3763,126496,
1789037280000,2026-09-10T10:48:00.000Z,1.3763,1.3766,1.3761,1.3762,55142,
1789037460000,2026-09-10T10:51:00.000Z,1.3762,1.3766,1.3751,1.3755,575175,
1789037640000,2026-09-10T10:54:00.000Z,1.3755,1.3805,1.3747,1.3785,1209680,
1789037820000,2026-09-10T10:57:00.000Z,1.3785,1.379,1.3746,1.3746,147037,
1789038000000,2026-09-10T11:00:00.000Z,1.3746,1.3746,1.372,1.3742,1160098,
1789038180000,2026-09-10T11:03:00.000Z,1.3742,1.3756,1.3717,1.3732,435342,
1789038360000,2026-09-10T11:06:00.000Z,1.3732,1.376,1.3723,1.3746,1066936,
1789038540000,2026-09-10T11:09:00.000Z,1.3746,1.3753,1.374,1.3741,547324,
1789038720000,2026-09-10T11:12:00.000Z,1.3741,1.3758,1.373,1.3758,432072,
1789038900000,2026-09-10T11:15:00.000Z,1.3758,1.3786,1.3758,1.3768,862675,
1789039080000,2026-09-10T11:18:00.000Z,1.3768,1.3786,1.3766,1.3785,154533,
1789039260000,2026-09-10T11:21:00.000Z,1.3785,1.3787,1.3771,1.378,138683,
1789039440000,2026-09-10T11:24:00.000Z,1.378,1.3788,1.377,1.3776,474657,
1789039620000,2026-09-10T11:27:00.000Z,1.3776,1.3791,1.3771,1.3791,568682,
1789039800000,2026-09-10T11:30:00.000Z,1.3791,1.3817,1.379,1.3814,1131273,
1789039980000,2026-09-10T11:33:00.000Z,1.3814,1.3821,1.3793,1.3801,1082392,
1789040160000,2026-09-10T11:36:00.000Z,1.3801,1.3811,1.379,1.3807,1588160,
1789040340000,2026-09-10T11:39:00.000Z,1.3807,1.3812,1.3798,1.3803,215347,
1789040520000,2026-09-10T11:42:00.000Z,1.3803,1.3812,1.3781,1.3794,1292723,
1789040700000,2026-09-10T11:45:00.000Z,1.3794,1.3801,1.3754,1.3759,1091641,
1789040880000,2026-09-10T11:48:00.000Z,1.3759,1.3792,1.3759,1.3769,1895443,
1789041060000,2026-09-10T11:51:00.000Z,1.3769,1.3798,1.3767,1.3798,493333,
1789041240000,2026-09-10T11:54:00.000Z,1.3798,1.3798,1.3752,1.3752,925236,
1789041420000,2026-09-10T11:57:00.000Z,1.3752,1.3768,1.3734,1.3757,1261056,
1789041600000,2026-09-10T12:00:00.000Z,1.3757,1.3783,1.3754,1.3773,115357,
1789041780000,2026-09-10T12:03:00.000Z,1.3773,1.3777,1.375,1.3767,273058,
1789041960000,2026-09-10T12:06:00.000Z,1.3767,1.377,1.3742,1.3743,162844,
1789042140000,2026-09-10T12:09:00.000Z,1.3743,1.3749,1.3735,1.3738,194827,
1789042320000,2026-09-10T12:12:00.000Z,1.3738,1.3764,1.3736,1.376,283582,
1789042500000,2026-09-10T12:15:00.000Z,1.376,1.3764,1.3737,1.3742,110960,
1789042680000,2026-09-10T12:18:00.000Z,1.3742,1.3765,1.3741,1.3747,400132,
1789042860000,2026-09-10T12:21:00.000Z,1.3747,1.3759,1.3745,1.3755,65495,
1789043040000,2026-09-10T12:24:00.000Z,1.3755,1.3757,1.3743,1.3743,38479,
1789043220000,2026-09-10T12:27:00.000Z,1.3743,1.3774,1.3738,1.3767,566944,
1789043400000,2026-09-10T12:30:00.000Z,1.3767,1.381,1.3662,1.3725,3929878,
1789043580000,2026-09-10T12:33:00.000Z,1.3725,1.3732,1.3619,1.3707,3969065,
1789043760000,2026-09-10T12:36:00.000Z,1.3707,1.3729,1.3628,1.363,1318144,
1789043940000,2026-09-10T12:39:00.000Z,1.363,1.3707,1.3607,1.367,1386740,
1789044120000,2026-09-10T12:42:00.000Z,1.367,1.3702,1.366,1.3683,317858,
1789044300000,2026-09-10T12:45:00.000Z,1.3683,1.3691,1.3365,1.3569,8747397,
1789044480000,2026-09-10T12:48:00.000Z,1.3569,1.3626,1.3557,1.3626,1125293,
1789044660000,2026-09-10T12:51:00.000Z,1.3626,1.3626,1.3559,1.3565,935814,
1789044840000,2026-09-10T12:54:00.000Z,1.3565,1.3572,1.3525,1.3567,1874737,
1789045020000,2026-09-10T12:57:00.000Z,1.3567,1.359,1.3551,1.3577,610957,
1789045200000,2026-09-10T13:00:00.000Z,1.3577,1.364,1.3571,1.3627,645049,
1789045380000,2026-09-10T13:03:00.000Z,1.3627,1.3639,1.3595,1.36,829523,
1789045560000,2026-09-10T13:06:00.000Z,1.36,1.3607,1.3568,1.3577,247051,
1789045740000,2026-09-10T13:09:00.000Z,1.3577,1.36,1.3567,1.3573,309928,
1789045920000,2026-09-10T13:12:00.000Z,1.3573,1.3579,1.3508,1.3525,1246972,
1789046100000,2026-09-10T13:15:00.000Z,1.3525,1.3536,1.3503,1.3519,1172260,
1789046280000,2026-09-10T13:18:00.000Z,1.3519,1.3521,1.349,1.3515,1029064,
1789046460000,2026-09-10T13:21:00.000Z,1.3515,1.3569,1.3515,1.3557,756485,
1789046640000,2026-09-10T13:24:00.000Z,1.3557,1.3567,1.3545,1.3558,715656,
1789046820000,2026-09-10T13:27:00.000Z,1.3558,1.357,1.3554,1.3558,1046440,
1789047000000,2026-09-10T13:30:00.000Z,1.3558,1.357,1.3536,1.3552,1159392,
1789047180000,2026-09-10T13:33:00.000Z,1.3552,1.3581,1.3548,1.3578,426610,
1789047360000,2026-09-10T13:36:00.000Z,1.3578,1.3624,1.3575,1.3609,757983,
1789047540000,2026-09-10T13:39:00.000Z,1.3609,1.3647,1.3604,1.3618,848076,
1789047720000,2026-09-10T13:42:00.000Z,1.3618,1.3635,1.3608,1.3608,451082,
1789047900000,2026-09-10T13:45:00.000Z,1.3608,1.3646,1.3606,1.3645,380662,
1789048080000,2026-09-10T13:48:00.000Z,1.3645,1.3654,1.3616,1.3617,639694,
1789048260000,2026-09-10T13:51:00.000Z,1.3617,1.366,1.3606,1.3642,1096772,
1789048440000,2026-09-10T13:54:00.000Z,1.3642,1.3654,1.3624,1.3643,266832,
1789048620000,2026-09-10T13:57:00.000Z,1.3643,1.3648,1.3634,1.3635,149063,
1789048800000,2026-09-10T14:00:00.000Z,1.3635,1.3681,1.3635,1.3674,572617,
1789048980000,2026-09-10T14:03:00.000Z,1.3674,1.3675,1.3644,1.3648,591381,
1789049160000,2026-09-10T14:06:00.000Z,1.3648,1.3652,1.3612,1.3626,432287,
1789049340000,2026-09-10T14:09:00.000Z,1.3626,1.3647,1.3618,1.364,352422,
1789049520000,2026-09-10T14:12:00.000Z,1.364,1.3649,1.3622,1.3622,574076,
1789049700000,2026-09-10T14:15:00.000Z,1.3622,1.3622,1.3579,1.3579,418875,
1789049880000,2026-09-10T14:18:00.000Z,1.3579,1.3624,1.3569,1.3614,916298,
1789050060000,2026-09-10T14:21:00.000Z,1.3614,1.3638,1.3598,1.3638,284562,
1789050240000,2026-09-10T14:24:00.000Z,1.3638,1.368,1.3631,1.3653,827929,
1789050420000,2026-09-10T14:27:00.000Z,1.3653,1.3675,1.3636,1.3638,297565,
1789050600000,2026-09-10T14:30:00.000Z,1.3638,1.3645,1.3626,1.364,108101,
1789050780000,2026-09-10T14:33:00.000Z,1.364,1.3657,1.3639,1.3644,653491,
1789050960000,2026-09-10T14:36:00.000Z,1.3644,1.3649,1.3617,1.3623,232224,
1789051140000,2026-09-10T14:39:00.000Z,1.3623,1.3646,1.3621,1.3634,293434,
1789051320000,2026-09-10T14:42:00.000Z,1.3634,1.3635,1.3617,1.3619,105763,
1789051500000,2026-09-10T14:45:00.000Z,1.3619,1.3641,1.3614,1.3615,383205,
1789051680000,2026-09-10T14:48:00.000Z,1.3615,1.3615,1.3578,1.358,190613,
1789051860000,2026-09-10T14:51:00.000Z,1.358,1.361,1.3579,1.3592,335446,
1789052040000,2026-09-10T14:54:00.000Z,1.3592,1.3604,1.3587,1.3598,154116,
1789052220000,2026-09-10T14:57:00.000Z,1.3598,1.36,1.3588,1.3596,58535,
1789052400000,2026-09-10T15:00:00.000Z,1.3596,1.3597,1.3546,1.3555,753449,
1789052580000,2026-09-10T15:03:00.000Z,1.3555,1.3582,1.3546,1.3582,844639,
1789052760000,2026-09-10T15:06:00.000Z,1.3582,1.3592,1.3572,1.359,224641,
1789052940000,2026-09-10T15:09:00.000Z,1.359,1.3602,1.3582,1.3582,112259,
1789053120000,2026-09-10T15:12:00.000Z,1.3582,1.3589,1.3574,1.3582,189201,
1789053300000,2026-09-10T15:15:00.000Z,1.3582,1.359,1.3568,1.3573,272254,
1789053480000,2026-09-10T15:18:00.000Z,1.3573,1.3573,1.3543,1.3543,614062,
1789053660000,2026-09-10T15:21:00.000Z,1.3543,1.3565,1.3535,1.3549,275571,
1789053840000,2026-09-10T15:24:00.000Z,1.3549,1.3553,1.3528,1.3536,133227,
1789054020000,2026-09-10T15:27:00.000Z,1.3536,1.3548,1.3527,1.3527,74801,
1789054200000,2026-09-10T15:30:00.000Z,1.3527,1.3552,1.3526,1.3546,61738,
1789054380000,2026-09-10T15:33:00.000Z,1.3546,1.3574,1.3545,1.3556,1053997,
1789054560000,2026-09-10T15:36:00.000Z,1.3556,1.36,1.3553,1.3593,201977,
1789054740000,2026-09-10T15:39:00.000Z,1.3593,1.3594,1.3543,1.355,437222,
1789054920000,2026-09-10T15:42:00.000Z,1.355,1.356,1.3543,1.3549,580271,
1789055100000,2026-09-10T15:45:00.000Z,1.3549,1.3579,1.353,1.353,886500,
1789055280000,2026-09-10T15:48:00.000Z,1.353,1.356,1.3527,1.3536,835097,
1789055460000,2026-09-10T15:51:00.000Z,1.3536,1.3551,1.3524,1.3535,728676,
1789055640000,2026-09-10T15:54:00.000Z,1.3535,1.3541,1.3511,1.3538,984472,
1789055820000,2026-09-10T15:57:00.000Z,1.3538,1.356,1.3533,1.3559,154220,
1789056000000,2026-09-10T16:00:00.000Z,1.3559,1.3583,1.3542,1.3542,1033625,
1789056180000,2026-09-10T16:03:00.000Z,1.3542,1.3544,1.3526,1.3543,138021,
1789056360000,2026-09-10T16:06:00.000Z,1.3543,1.3544,1.3494,1.3497,354816,
1789056540000,2026-09-10T16:09:00.000Z,1.3497,1.3507,1.3474,1.3493,1827428,
1789056720000,2026-09-10T16:12:00.000Z,1.3493,1.3519,1.3487,1.351,227531,
1789056900000,2026-09-10T16:15:00.000Z,1.351,1.3511,1.3464,1.3464,534205,
1789057080000,2026-09-10T16:18:00.000Z,1.3464,1.349,1.3439,1.3486,1899315,
1789057260000,2026-09-10T16:21:00.000Z,1.3486,1.3505,1.3477,1.3491,427407,
1789057440000,2026-09-10T16:24:00.000Z,1.3491,1.3496,1.3462,1.3463,278420,
1789057620000,2026-09-10T16:27:00.000Z,1.3463,1.3473,1.3455,1.3457,124745,
1789057800000,2026-09-10T16:30:00.000Z,1.3457,1.3468,1.3445,1.3448,74717,
1789057980000,2026-09-10T16:33:00.000Z,1.3448,1.3451,1.3417,1.3426,779062,
1789058160000,2026-09-10T16:36:00.000Z,1.3426,1.3462,1.3426,1.3435,204918,
1789058340000,2026-09-10T16:39:00.000Z,1.3435,1.3458,1.343,1.3455,39556,
1789058520000,2026-09-10T16:42:00.000Z,1.3455,1.347,1.3436,1.3469,255672,
1789058700000,2026-09-10T16:45:00.000Z,1.3469,1.3536,1.3469,1.3512,628479,
1789058880000,2026-09-10T16:48:00.000Z,1.3512,1.352,1.3506,1.3514,477559,
1789059060000,2026-09-10T16:51:00.000Z,1.3514,1.3516,1.3502,1.3511,56183,
1789059240000,2026-09-10T16:54:00.000Z,1.3511,1.3529,1.3502,1.3522,159708,
1789059420000,2026-09-10T16:57:00.000Z,1.3522,1.3538,1.3517,1.3537,126913,
1789059600000,2026-09-10T17:00:00.000Z,1.3537,1.3544,1.3517,1.3531,332951,
1789059780000,2026-09-10T17:03:00.000Z,1.3531,1.3541,1.3512,1.3535,193308,
1789059960000,2026-09-10T17:06:00.000Z,1.3535,1.3543,1.3528,1.3543,35844,
1789060140000,2026-09-10T17:09:00.000Z,1.3543,1.3559,1.3537,1.3557,230206,
1789060320000,2026-09-10T17:12:00.000Z,1.3557,1.3572,1.3548,1.3554,334094,
1789060500000,2026-09-10T17:15:00.000Z,1.3554,1.3566,1.3551,1.356,194277,
1789060680000,2026-09-10T17:18:00.000Z,1.356,1.3576,1.3548,1.3576,719606,
1789060860000,2026-09-10T17:21:00.000Z,1.3576,1.358,1.3562,1.358,146382,
1789061040000,2026-09-10T17:24:00.000Z,1.358,1.3598,1.3559,1.3568,636772,
1789061220000,2026-09-10T17:27:00.000Z,1.3568,1.3601,1.3568,1.3589,440276,
1789061400000,2026-09-10T17:30:00.000Z,1.3589,1.3631,1.3587,1.3614,889490,
1789061580000,2026-09-10T17:33:00.000Z,1.3614,1.3643,1.3603,1.3641,774381,
1789061760000,2026-09-10T17:36:00.000Z,1.3641,1.3642,1.3603,1.3606,305315,
1789061940000,2026-09-10T17:39:00.000Z,1.3606,1.361,1.3582,1.3606,893347,
1789062120000,2026-09-10T17:42:00.000Z,1.3606,1.3613,1.3593,1.3613,310620,
1789062300000,2026-09-10T17:45:00.000Z,1.3613,1.3618,1.3589,1.3592,639548,
1789062480000,2026-09-10T17:48:00.000Z,1.3592,1.3618,1.3592,1.3607,745325,
1789062660000,2026-09-10T17:51:00.000Z,1.3607,1.3616,1.3603,1.361,363387,
1789062840000,2026-09-10T17:54:00.000Z,1.361,1.3618,1.3603,1.3608,34341,
1789063020000,2026-09-10T17:57:00.000Z,1.3608,1.3612,1.3599,1.3599,96218,
1789063200000,2026-09-10T18:00:00.000Z,1.3599,1.3601,1.3564,1.3565,200867,
1789063380000,2026-09-10T18:03:00.000Z,1.3565,1.3567,1.3537,1.3547,714161,
1789063560000,2026-09-10T18:06:00.000Z,1.3547,1.3555,1.3523,1.3524,1253109,
1789063740000,2026-09-10T18:09:00.000Z,1.3524,1.3524,1.3496,1.3499,245482,
1789063920000,2026-09-10T18:12:00.000Z,1.3499,1.3507,1.3494,1.3501,220792,
1789064100000,2026-09-10T18:15:00.000Z,1.3501,1.3512,1.348,1.3483,190792,
1789064280000,2026-09-10T18:18:00.000Z,1.3483,1.349,1.3474,1.3487,221703,
1789064460000,2026-09-10T18:21:00.000Z,1.3487,1.3515,1.3484,1.3503,445745,
1789064640000,2026-09-10T18:24:00.000Z,1.3503,1.3505,1.3497,1.3498,124440,
1789064820000,2026-09-10T18:27:00.000Z,1.3498,1.3517,1.3498,1.3503,32461,
1789065000000,2026-09-10T18:30:00.000Z,1.3503,1.3503,1.3489,1.3493,909139,
1789065180000,2026-09-10T18:33:00.000Z,1.3493,1.3493,1.3469,1.3484,38482,
1789065360000,2026-09-10T18:36:00.000Z,1.3484,1.3494,1.3479,1.3486,566846,
1789065540000,2026-09-10T18:39:00.000Z,1.3486,1.3491,1.3479,1.349,98151,
1789065720000,2026-09-10T18:42:00.000Z,1.349,1.3506,1.3489,1.3505,118738,
1789065900000,2026-09-10T18:45:00.000Z,1.3505,1.3505,1.3481,1.3493,112138,
1789066080000,2026-09-10T18:48:00.000Z,1.3493,1.3509,1.348,1.349,44543,
1789066260000,2026-09-10T18:51:00.000Z,1.349,1.3532,1.3488,1.3524,323979,
1789066440000,2026-09-10T18:54:00.000Z,1.3524,1.3551,1.3524,1.355,342817,
1789066620000,2026-09-10T18:57:00.000Z,1.355,1.3554,1.3533,1.3554,569525,
1789066800000,2026-09-10T19:00:00.000Z,1.3554,1.3554,1.3534,1.354,83334,
1789066980000,2026-09-10T19:03:00.000Z,1.354,1.3548,1.3522,1.3523,62430,
1789067160000,2026-09-10T19:06:00.000Z,1.3523,1.3531,1.3515,1.3519,122622,
1789067340000,2026-09-10T19:09:00.000Z,1.3519,1.3543,1.3516,1.3518,146733,
1789067520000,2026-09-10T19:12:00.000Z,1.3518,1.3534,1.3518,1.3532,10287,
1789067700000,2026-09-10T19:15:00.000Z,1.3532,1.3541,1.353,1.353,70324,
1789067880000,2026-09-10T19:18:00.000Z,1.353,1.3533,1.3521,1.3521,71062,
1789068060000,2026-09-10T19:21:00.000Z,1.3521,1.3551,1.3519,1.3531,1110367,
1789068240000,2026-09-10T19:24:00.000Z,1.3531,1.3573,1.3528,1.3559,353077,
1789068420000,2026-09-10T19:27:00.000Z,1.3559,1.3575,1.3545,1.3553,1664020,
1789068600000,2026-09-10T19:30:00.000Z,1.3553,1.3553,1.3525,1.3533,50535,
1789068780000,2026-09-10T19:33:00.000Z,1.3533,1.3563,1.3521,1.3557,1002770,
1789068960000,2026-09-10T19:36:00.000Z,1.3557,1.3557,1.3528,1.3538,389826,
1789069140000,2026-09-10T19:39:00.000Z,1.3538,1.3557,1.3538,1.3557,69965,
1789069320000,2026-09-10T19:42:00.000Z,1.3557,1.3585,1.3543,1.3556,1271081,
1789069500000,2026-09-10T19:45:00.000Z,1.3556,1.3556,1.3526,1.3532,303451,
1789069680000,2026-09-10T19:48:00.000Z,1.3532,1.3532,1.3497,1.35,710514,
1789069860000,2026-09-10T19:51:00.000Z,1.35,1.3537,1.3494,1.3511,929087,
1789070040000,2026-09-10T19:54:00.000Z,1.3511,1.3522,1.3503,1.3514,211879,
1789070220000,2026-09-10T19:57:00.000Z,1.3514,1.3534,1.3492,1.3502,1122982,
1789070400000,2026-09-10T20:00:00.000Z,1.3502,1.3523,1.3502,1.3508,122470,
1789070580000,2026-09-10T20:03:00.000Z,1.3508,1.351,1.3496,1.3509,160423,
1789070760000,2026-09-10T20:06:00.000Z,1.3509,1.3534,1.3505,1.3532,117206,
1789070940000,2026-09-10T20:09:00.000Z,1.3532,1.3546,1.353,1.3532,107805,
1789071120000,2026-09-10T20:12:00.000Z,1.3532,1.3554,1.3532,1.3552,747307,
1789071300000,2026-09-10T20:15:00.000Z,1.3552,1.3554,1.3541,1.3549,58379,
1789071480000,2026-09-10T20:18:00.000Z,1.3549,1.3566,1.3549,1.3565,91434,
1789071660000,2026-09-10T20:21:00.000Z,1.3565,1.357,1.3563,1.3565,72748,
1789071840000,2026-09-10T20:24:00.000Z,1.3565,1.3565,1.3555,1.3561,113004,
1789072020000,2026-09-10T20:27:00.000Z,1.3561,1.3567,1.3557,1.3558,144217,
1789072200000,2026-09-10T20:30:00.000Z,1.3558,1.3563,1.3539,1.3546,299601,
1789072380000,2026-09-10T20:33:00.000Z,1.3546,1.3553,1.3537,1.3537,45818,
1789072560000,2026-09-10T20:36:00.000Z,1.3537,1.3547,1.3527,1.3534,400304,
1789072740000,2026-09-10T20:39:00.000Z,1.3534,1.3543,1.3533,1.3535,67700,
1789072920000,2026-09-10T20:42:00.000Z,1.3535,1.3545,1.3535,1.3545,31334,
1789073100000,2026-09-10T20:45:00.000Z,1.3545,1.3545,1.3526,1.3526,39094,
1789073280000,2026-09-10T20:48:00.000Z,1.3526,1.3537,1.3524,1.3536,32649,
1789073460000,2026-09-10T20:51:00.000Z,1.3536,1.3539,1.3531,1.3533,30950,
1789073640000,2026-09-10T20:54:00.000Z,1.3533,1.3541,1.3533,1.3539,20503,
1789073820000,2026-09-10T20:57:00.000Z,1.3539,1.3539,1.3531,1.3534,28488,
1789074000000,2026-09-10T21:00:00.000Z,1.3534,1.3546,1.3524,1.3533,190151,
1789074180000,2026-09-10T21:03:00.000Z,1.3533,1.3539,1.3532,1.3539,44953,
1789074360000,2026-09-10T21:06:00.000Z,1.3539,1.3543,1.3527,1.3543,128117,
1789074540000,2026-09-10T21:09:00.000Z,1.3543,1.3565,1.3543,1.3557,122346,
1789074720000,2026-09-10T21:12:00.000Z,1.3557,1.3561,1.355,1.3551,86273,
1789074900000,2026-09-10T21:15:00.000Z,1.3551,1.3551,1.3544,1.3544,53486,
1789075080000,2026-09-10T21:18:00.000Z,1.3544,1.3544,1.3531,1.3534,26526,
1789075260000,2026-09-10T21:21:00.000Z,1.3534,1.3538,1.3527,1.3533,180801,
1789075440000,2026-09-10T21:24:00.000Z,1.3533,1.3541,1.3527,1.3536,71961,
1789075620000,2026-09-10T21:27:00.000Z,1.3536,1.3538,1.3533,1.3536,30357,
1789075800000,2026-09-10T21:30:00.000Z,1.3536,1.3542,1.3525,1.3526,13761,
1789075980000,2026-09-10T21:33:00.000Z,1.3526,1.3529,1.3519,1.3524,66544,
1789076160000,2026-09-10T21:36:00.000Z,1.3524,1.3524,1.3513,1.3518,70177,
1789076340000,2026-09-10T21:39:00.000Z,1.3518,1.353,1.3518,1.3524,180474,
1789076520000,2026-09-10T21:42:00.000Z,1.3524,1.353,1.3516,1.3527,231572,
1789076700000,2026-09-10T21:45:00.000Z,1.3527,1.3538,1.3526,1.3538,25325,
1789076880000,2026-09-10T21:48:00.000Z,1.3538,1.3542,1.3534,1.3539,19923,
1789077060000,2026-09-10T21:51:00.000Z,1.3539,1.354,1.3529,1.3537,13700,
1789077240000,2026-09-10T21:54:00.000Z,1.3537,1.3537,1.3506,1.3506,120040,
1789077420000,2026-09-10T21:57:00.000Z,1.3506,1.3511,1.3492,1.3511,244224,
1789077600000,2026-09-10T22:00:00.000Z,1.3511,1.3515,1.3489,1.349,140386,
1789077780000,2026-09-10T22:03:00.000Z,1.349,1.3524,1.349,1.3515,543974,
1789077960000,2026-09-10T22:06:00.000Z,1.3515,1.3522,1.3509,1.3522,36666,
1789078140000,2026-09-10T22:09:00.000Z,1.3522,1.3536,1.3522,1.3533,26825,
1789078320000,2026-09-10T22:12:00.000Z,1.3533,1.3533,1.3507,1.3525,587214,
1789078500000,2026-09-10T22:15:00.000Z,1.3525,1.3538,1.3522,1.3534,133168,
1789078680000,2026-09-10T22:18:00.000Z,1.3534,1.3544,1.353,1.3542,148659,
1789078860000,2026-09-10T22:21:00.000Z,1.3542,1.3543,1.3527,1.3528,219609,
1789079040000,2026-09-10T22:24:00.000Z,1.3528,1.3532,1.3525,1.3526,89572,
1789079220000,2026-09-10T22:27:00.000Z,1.3526,1.3526,1.3515,1.3515,188104,
1789079400000,2026-09-10T22:30:00.000Z,1.3515,1.3522,1.349,1.3493,323329,
1789079580000,2026-09-10T22:33:00.000Z,1.3493,1.3493,1.3479,1.3486,226612,
1789079760000,2026-09-10T22:36:00.000Z,1.3486,1.3486,1.345,1.3456,402309,
1789079940000,2026-09-10T22:39:00.000Z,1.3456,1.3465,1.3448,1.3454,593949,
1789080120000,2026-09-10T22:42:00.000Z,1.3454,1.3457,1.3445,1.3456,905559,
1789080300000,2026-09-10T22:45:00.000Z,1.3456,1.3481,1.3452,1.3481,624057,
1789080480000,2026-09-10T22:48:00.000Z,1.3481,1.3485,1.3475,1.3476,347859,
1789080660000,2026-09-10T22:51:00.000Z,1.3476,1.3476,1.3452,1.3452,137488,
1789080840000,2026-09-10T22:54:00.000Z,1.3452,1.3457,1.3434,1.3438,591341,
1789081020000,2026-09-10T22:57:00.000Z,1.3438,1.3441,1.3418,1.3423,283330,
1789081200000,2026-09-10T23:00:00.000Z,1.3423,1.3438,1.3406,1.3414,510133,
1789081380000,2026-09-10T23:03:00.000Z,1.3414,1.3421,1.3374,1.3419,1280135,
1789081560000,2026-09-10T23:06:00.000Z,1.3419,1.3419,1.3328,1.3354,1855423,
1789081740000,2026-09-10T23:09:00.000Z,1.3354,1.3391,1.3344,1.3369,1088314,
1789081920000,2026-09-10T23:12:00.000Z,1.3369,1.3386,1.3293,1.3303,1422198,
1789082100000,2026-09-10T23:15:00.000Z,1.3303,1.3353,1.3282,1.3353,1230815,
1789082280000,2026-09-10T23:18:00.000Z,1.3353,1.3378,1.3333,1.3378,234607,
1789082460000,2026-09-10T23:21:00.000Z,1.3378,1.3382,1.3359,1.3363,182205,
1789082640000,2026-09-10T23:24:00.000Z,1.3363,1.3364,1.3348,1.336,63893,
1789082820000,2026-09-10T23:27:00.000Z,1.336,1.3382,1.336,1.336,174675,
1789083000000,2026-09-10T23:30:00.000Z,1.336,1.3388,1.3359,1.3377,671986,
1789083180000,2026-09-10T23:33:00.000Z,1.3377,1.3389,1.3377,1.3384,87971,
1789083360000,2026-09-10T23:36:00.000Z,1.3384,1.3392,1.3373,1.339,1013780,
1789083540000,2026-09-10T23:39:00.000Z,1.339,1.3391,1.3373,1.3373,103737,
1789083720000,2026-09-10T23:42:00.000Z,1.3373,1.3387,1.3373,1.3385,80550,
1789083900000,2026-09-10T23:45:00.000Z,1.3385,1.3385,1.3371,1.3371,28362,
1789084080000,2026-09-10T23:48:00.000Z,1.3371,1.3376,1.3365,1.3374,90684,
1789084260000,2026-09-10T23:51:00.000Z,1.3374,1.3376,1.3355,1.3355,197300,
1789084440000,2026-09-10T23:54:00.000Z,1.3355,1.3362,1.3336,1.335,453636,
1789084620000,2026-09-10T23:57:00.000Z,1.335,1.3352,1.3327,1.3338,353784,
1789084800000,2026-09-11T00:00:00.000Z,1.3338,1.3363,1.3332,1.3352,186231,
1789084980000,2026-09-11T00:03:00.000Z,1.3352,1.3365,1.3348,1.3362,263160,
1789085160000,2026-09-11T00:06:00.000Z,1.3362,1.3419,1.336,1.3412,439023,
1789085340000,2026-09-11T00:09:00.000Z,1.3412,1.3435,1.3412,1.3427,434551,
1789085520000,2026-09-11T00:12:00.000Z,1.3427,1.3434,1.3419,1.3421,110569,
1789085700000,2026-09-11T00:15:00.000Z,1.3421,1.3425,1.3408,1.3415,158881,
1789085880000,2026-09-11T00:18:00.000Z,1.3415,1.3415,1.3393,1.3397,490890,
1789086060000,2026-09-11T00:21:00.000Z,1.3397,1.3435,1.3397,1.3421,668149,
1789086240000,2026-09-11T00:24:00.000Z,1.3421,1.3421,1.3407,1.3414,124445,
1789086420000,2026-09-11T00:27:00.000Z,1.3414,1.3418,1.3405,1.3414,225657,
1789086600000,2026-09-11T00:30:00.000Z,1.3414,1.3417,1.3375,1.3378,123932,
1789086780000,2026-09-11T00:33:00.000Z,1.3378,1.3399,1.3363,1.3391,839182,
1789086960000,2026-09-11T00:36:00.000Z,1.3391,1.3403,1.3381,1.3395,38230,
1789087140000,2026-09-11T00:39:00.000Z,1.3395,1.3397,1.3346,1.3347,219318,
1789087320000,2026-09-11T00:42:00.000Z,1.3347,1.3366,1.3347,1.3354,207349,
1789087500000,2026-09-11T00:45:00.000Z,1.3354,1.3363,1.3348,1.3351,102927,
1789087680000,2026-09-11T00:48:00.000Z,1.3351,1.3371,1.3351,1.3371,106010,
1789087860000,2026-09-11T00:51:00.000Z,1.3371,1.3389,1.3369,1.3382,216793,
1789088040000,2026-09-11T00:54:00.000Z,1.3382,1.341,1.3382,1.3407,277889,
1789088220000,2026-09-11T00:57:00.000Z,1.3407,1.3411,1.3401,1.3411,58034,
1789088400000,2026-09-11T01:00:00.000Z,1.3411,1.343,1.3402,1.343,167096,
1789088580000,2026-09-11T01:03:00.000Z,1.343,1.3437,1.342,1.342,187275,
1789088760000,2026-09-11T01:06:00.000Z,1.342,1.343,1.3417,1.342,134577,
1789088940000,2026-09-11T01:09:00.000Z,1.342,1.3428,1.3419,1.3427,85206,
1789089120000,2026-09-11T01:12:00.000Z,1.3427,1.3441,1.3422,1.3424,511714,
1789089300000,2026-09-11T01:15:00.000Z,1.3424,1.344,1.342,1.3436,148243,
1789089480000,2026-09-11T01:18:00.000Z,1.3436,1.3443,1.3422,1.344,144875,
1789089660000,2026-09-11T01:21:00.000Z,1.344,1.344,1.3389,1.3407,584372,
1789089840000,2026-09-11T01:24:00.000Z,1.3407,1.3427,1.3407,1.3418,44440,
1789090020000,2026-09-11T01:27:00.000Z,1.3418,1.3418,1.3394,1.3396,96627,
1789090200000,2026-09-11T01:30:00.000Z,1.3396,1.34,1.3377,1.3379,191667,
1789090380000,2026-09-11T01:33:00.000Z,1.3379,1.3427,1.3368,1.3427,860322,
1789090560000,2026-09-11T01:36:00.000Z,1.3427,1.3436,1.3389,1.3389,414788,
1789090740000,2026-09-11T01:39:00.000Z,1.3389,1.339,1.3361,1.3362,364514,
1789090920000,2026-09-11T01:42:00.000Z,1.3362,1.3415,1.3362,1.3415,982689,
1789091100000,2026-09-11T01:45:00.000Z,1.3415,1.3417,1.3396,1.3408,526468,
1789091280000,2026-09-11T01:48:00.000Z,1.3408,1.3437,1.3408,1.3432,889944,
1789091460000,2026-09-11T01:51:00.000Z,1.3432,1.3446,1.3432,1.3437,421842,
1789091640000,2026-09-11T01:54:00.000Z,1.3437,1.3454,1.3437,1.3454,184552,
1789091820000,2026-09-11T01:57:00.000Z,1.3454,1.3457,1.3443,1.3455,375564,
1789092000000,2026-09-11T02:00:00.000Z,1.3455,1.3457,1.3435,1.3435,578783,
1789092180000,2026-09-11T02:03:00.000Z,1.3435,1.3454,1.3427,1.3449,178955,
1789092360000,2026-09-11T02:06:00.000Z,1.3449,1.3449,1.3428,1.3444,296426,
1789092540000,2026-09-11T02:09:00.000Z,1.3444,1.3447,1.3428,1.3438,240583,
1789092720000,2026-09-11T02:12:00.000Z,1.3438,1.3452,1.3437,1.3449,208578,
1789092900000,2026-09-11T02:15:00.000Z,1.3449,1.3449,1.3429,1.3429,88597,
1789093080000,2026-09-11T02:18:00.000Z,1.3429,1.3429,1.342,1.342,321048,
1789093260000,2026-09-11T02:21:00.000Z,1.342,1.3429,1.3408,1.3409,172425,
1789093440000,2026-09-11T02:24:00.000Z,1.3409,1.3409,1.3378,1.3382,809661,
1789093620000,2026-09-11T02:27:00.000Z,1.3382,1.34,1.3377,1.3391,84709,
1789093800000,2026-09-11T02:30:00.000Z,1.3391,1.3392,1.3382,1.3385,141193,
1789093980000,2026-09-11T02:33:00.000Z,1.3385,1.339,1.3378,1.3388,119491,
1789094160000,2026-09-11T02:36:00.000Z,1.3388,1.3427,1.3388,1.3427,87690,
1789094340000,2026-09-11T02:39:00.000Z,1.3427,1.3432,1.342,1.3423,96453,
1789094520000,2026-09-11T02:42:00.000Z,1.3423,1.3426,1.3406,1.3406,150189,
1789094700000,2026-09-11T02:45:00.000Z,1.3406,1.3428,1.3406,1.3428,67976,
1789094880000,2026-09-11T02:48:00.000Z,1.3428,1.3439,1.3425,1.3431,97521,
1789095060000,2026-09-11T02:51:00.000Z,1.3431,1.3432,1.3406,1.3408,67013,
1789095240000,2026-09-11T02:54:00.000Z,1.3408,1.3426,1.34,1.3421,73354,
1789095420000,2026-09-11T02:57:00.000Z,1.3421,1.3421,1.341,1.3418,45279,
1789095600000,2026-09-11T03:00:00.000Z,1.3418,1.3421,1.3413,1.3418,23288,
1789095780000,2026-09-11T03:03:00.000Z,1.3418,1.3419,1.3386,1.3386,212412,
1789095960000,2026-09-11T03:06:00.000Z,1.3386,1.3388,1.3375,1.3382,169146,
1789096140000,2026-09-11T03:09:00.000Z,1.3382,1.3392,1.3375,1.3375,65988,
1789096320000,2026-09-11T03:12:00.000Z,1.3375,1.3421,1.3367,1.3419,655472,
1789096500000,2026-09-11T03:15:00.000Z,1.3419,1.3422,1.3378,1.3384,524299,
1789096680000,2026-09-11T03:18:00.000Z,1.3384,1.3405,1.3384,1.3399,285069,
1789096860000,2026-09-11T03:21:00.000Z,1.3399,1.3399,1.3376,1.3386,504647,
1789097040000,2026-09-11T03:24:00.000Z,1.3386,1.3391,1.3377,1.339,67151,
1789097220000,2026-09-11T03:27:00.000Z,1.339,1.3404,1.3388,1.3401,35023,
1789097400000,2026-09-11T03:30:00.000Z,1.3401,1.3401,1.3384,1.3394,70947,
1789097580000,2026-09-11T03:33:00.000Z,1.3394,1.3401,1.3383,1.3398,107710,
1789097760000,2026-09-11T03:36:00.000Z,1.3398,1.343,1.3398,1.3427,115772,
1789097940000,2026-09-11T03:39:00.000Z,1.3427,1.343,1.3417,1.3427,317415,
1789098120000,2026-09-11T03:42:00.000Z,1.3427,1.3428,1.3414,1.3422,252881,
1789098300000,2026-09-11T03:45:00.000Z,1.3422,1.3422,1.341,1.341,43143,
1789098480000,2026-09-11T03:48:00.000Z,1.341,1.3414,1.34,1.3407,276453,
1789098660000,2026-09-11T03:51:00.000Z,1.3407,1.3409,1.3401,1.3409,122150,
1789098840000,2026-09-11T03:54:00.000Z,1.3409,1.3426,1.3408,1.3426,155664,
1789099020000,2026-09-11T03:57:00.000Z,1.3426,1.3427,1.3418,1.3422,24940,
1789099200000,2026-09-11T04:00:00.000Z,1.3422,1.343,1.341,1.341,259431,
1789099380000,2026-09-11T04:03:00.000Z,1.341,1.3433,1.3409,1.343,137546,
1789099560000,2026-09-11T04:06:00.000Z,1.343,1.3442,1.3429,1.3438,151587,
1789099740000,2026-09-11T04:09:00.000Z,1.3438,1.3446,1.342,1.3436,531045,
1789099920000,2026-09-11T04:12:00.000Z,1.3436,1.3447,1.342,1.3445,830828,
1789100100000,2026-09-11T04:15:00.000Z,1.3445,1.3452,1.3421,1.3426,590956,
1789100280000,2026-09-11T04:18:00.000Z,1.3426,1.3447,1.3426,1.3446,66561,
1789100460000,2026-09-11T04:21:00.000Z,1.3446,1.3469,1.3441,1.3458,367827,
1789100640000,2026-09-11T04:24:00.000Z,1.3458,1.3482,1.3458,1.3476,542760,
1789100820000,2026-09-11T04:27:00.000Z,1.3476,1.3494,1.3476,1.3487,224565,
1789101000000,2026-09-11T04:30:00.000Z,1.3487,1.3494,1.3471,1.3472,446226,
1789101180000,2026-09-11T04:33:00.000Z,1.3472,1.3473,1.3463,1.3466,127349,
1789101360000,2026-09-11T04:36:00.000Z,1.3466,1.3471,1.3457,1.346,169302,
1789101540000,2026-09-11T04:39:00.000Z,1.346,1.347,1.346,1.3467,59724,
1789101720000,2026-09-11T04:42:00.000Z,1.3467,1.3475,1.3458,1.3464,109761,
1789101900000,2026-09-11T04:45:00.000Z,1.3464,1.3469,1.346,1.3465,150994,
1789102080000,2026-09-11T04:48:00.000Z,1.3465,1.3478,1.3463,1.3476,17150,
1789102260000,2026-09-11T04:51:00.000Z,1.3476,1.3479,1.3473,1.3477,22118,
1789102440000,2026-09-11T04:54:00.000Z,1.3477,1.3484,1.3474,1.348,51951,
1789102620000,2026-09-11T04:57:00.000Z,1.348,1.3481,1.3473,1.3473,21744,
1789102800000,2026-09-11T05:00:00.000Z,1.3473,1.3478,1.3467,1.3469,21044,
1789102980000,2026-09-11T05:03:00.000Z,1.3469,1.3473,1.3465,1.347,32727,
1789103160000,2026-09-11T05:06:00.000Z,1.347,1.3477,1.3466,1.3467,67853,
1789103340000,2026-09-11T05:09:00.000Z,1.3467,1.3493,1.3467,1.3493,59740,
1789103520000,2026-09-11T05:12:00.000Z,1.3493,1.3496,1.3466,1.3484,1106356,
1789103700000,2026-09-11T05:15:00.000Z,1.3484,1.3494,1.3476,1.3481,732037,
1789103880000,2026-09-11T05:18:00.000Z,1.3481,1.3487,1.3478,1.3479,62815,
1789104060000,2026-09-11T05:21:00.000Z,1.3479,1.3479,1.3458,1.3469,497472,
1789104240000,2026-09-11T05:24:00.000Z,1.3469,1.3472,1.3461,1.3462,89523,
1789104420000,2026-09-11T05:27:00.000Z,1.3462,1.3482,1.346,1.347,892968,
1789104600000,2026-09-11T05:30:00.000Z,1.347,1.3489,1.3462,1.3464,1211596,
1789104780000,2026-09-11T05:33:00.000Z,1.3464,1.3471,1.346,1.3471,32110,
1789104960000,2026-09-11T05:36:00.000Z,1.3471,1.3476,1.3469,1.3469,107476,
1789105140000,2026-09-11T05:39:00.000Z,1.3469,1.3488,1.3468,1.3478,1124249,
1789105320000,2026-09-11T05:42:00.000Z,1.3478,1.3489,1.3478,1.3486,159387,
1789105500000,2026-09-11T05:45:00.000Z,1.3486,1.3491,1.3483,1.3491,84894,
1789105680000,2026-09-11T05:48:00.000Z,1.3491,1.3491,1.3484,1.3487,148550,
1789105860000,2026-09-11T05:51:00.000Z,1.3487,1.349,1.3486,1.3489,61744,
1789106040000,2026-09-11T05:54:00.000Z,1.3489,1.3494,1.3488,1.3488,386533,
1789106220000,2026-09-11T05:57:00.000Z,1.3488,1.349,1.3484,1.3488,325323,
1789106400000,2026-09-11T06:00:00.000Z,1.3488,1.3496,1.3483,1.3496,82765,
1789106580000,2026-09-11T06:03:00.000Z,1.3496,1.3499,1.3488,1.3488,151090,
1789106760000,2026-09-11T06:06:00.000Z,1.3488,1.3509,1.3487,1.3503,310648,
1789106940000,2026-09-11T06:09:00.000Z,1.3503,1.3508,1.3497,1.3508,75061,
1789107120000,2026-09-11T06:12:00.000Z,1.3508,1.352,1.3496,1.3517,1077232,
1789107300000,2026-09-11T06:15:00.000Z,1.3517,1.3522,1.3507,1.3515,547572,
1789107480000,2026-09-11T06:18:00.000Z,1.3515,1.3516,1.3502,1.3511,371919,
1789107660000,2026-09-11T06:21:00.000Z,1.3511,1.3514,1.349,1.3492,902905,
1789107840000,2026-09-11T06:24:00.000Z,1.3492,1.3499,1.3489,1.349,258841,
1789108020000,2026-09-11T06:27:00.000Z,1.349,1.3508,1.3489,1.3503,907931,
1789108200000,2026-09-11T06:30:00.000Z,1.3503,1.3511,1.349,1.3493,894765,
1789108380000,2026-09-11T06:33:00.000Z,1.3493,1.3496,1.3482,1.3496,409515,
1789108560000,2026-09-11T06:36:00.000Z,1.3496,1.3512,1.3496,1.3511,180783,
1789108740000,2026-09-11T06:39:00.000Z,1.3511,1.3511,1.3502,1.3502,65210,
1789108920000,2026-09-11T06:42:00.000Z,1.3502,1.351,1.3502,1.3509,55264,
1789109100000,2026-09-11T06:45:00.000Z,1.3509,1.3518,1.3505,1.3517,88537,
1789109280000,2026-09-11T06:48:00.000Z,1.3517,1.3524,1.3517,1.3524,109604,
1789109460000,2026-09-11T06:51:00.000Z,1.3524,1.3525,1.3518,1.3518,255915,
1789109640000,2026-09-11T06:54:00.000Z,1.3518,1.3523,1.3518,1.3522,39531,
1789109820000,2026-09-11T06:57:00.000Z,1.3522,1.3528,1.3521,1.3526,89249,
1789110000000,2026-09-11T07:00:00.000Z,1.3526,1.354,1.3525,1.3539,137912,
1789110180000,2026-09-11T07:03:00.000Z,1.3539,1.3548,1.3539,1.3548,256911,
1789110360000,2026-09-11T07:06:00.000Z,1.3548,1.3568,1.3547,1.3568,541592,
1789110540000,2026-09-11T07:09:00.000Z,1.3568,1.3586,1.3567,1.3577,465293,
1789110720000,2026-09-11T07:12:00.000Z,1.3577,1.358,1.3559,1.3567,724214,
1789110900000,2026-09-11T07:15:00.000Z,1.3567,1.3568,1.356,1.3564,65203,
1789111080000,2026-09-11T07:18:00.000Z,1.3564,1.3571,1.3561,1.3567,486890,
1789111260000,2026-09-11T07:21:00.000Z,1.3567,1.3576,1.3567,1.3576,112746,
1789111440000,2026-09-11T07:24:00.000Z,1.3576,1.3592,1.3562,1.3565,702306,
1789111620000,2026-09-11T07:27:00.000Z,1.3565,1.3565,1.3557,1.3557,38641,
1789111800000,2026-09-11T07:30:00.000Z,1.3557,1.3559,1.3535,1.354,527330,
1789111980000,2026-09-11T07:33:00.000Z,1.354,1.3557,1.3534,1.3541,967889,
1789112160000,2026-09-11T07:36:00.000Z,1.3541,1.3546,1.3539,1.3541,79238,
1789112340000,2026-09-11T07:39:00.000Z,1.3541,1.3546,1.3537,1.3544,56265,
1789112520000,2026-09-11T07:42:00.000Z,1.3544,1.3544,1.3526,1.3526,112529,
1789112700000,2026-09-11T07:45:00.000Z,1.3526,1.3531,1.3518,1.3518,567533,
1789112880000,2026-09-11T07:48:00.000Z,1.3518,1.3522,1.3516,1.3522,358071,
1789113060000,2026-09-11T07:51:00.000Z,1.3522,1.3523,1.3507,1.3509,366998,
1789113240000,2026-09-11T07:54:00.000Z,1.3509,1.3523,1.3502,1.3517,542677,
1789113420000,2026-09-11T07:57:00.000Z,1.3517,1.3517,1.3507,1.3509,385209,
1789113600000,2026-09-11T08:00:00.000Z,1.3509,1.3512,1.3504,1.3504,50853,
1789113780000,2026-09-11T08:03:00.000Z,1.3504,1.3505,1.349,1.349,300127,
1789113960000,2026-09-11T08:06:00.000Z,1.349,1.3496,1.3485,1.3487,121602,
1789114140000,2026-09-11T08:09:00.000Z,1.3487,1.349,1.3472,1.3479,538848,
1789114320000,2026-09-11T08:12:00.000Z,1.3479,1.3493,1.3479,1.3488,284171,
1789114500000,2026-09-11T08:15:00.000Z,1.3488,1.3505,1.3487,1.3503,105349,
1789114680000,2026-09-11T08:18:00.000Z,1.3503,1.3508,1.35,1.3508,76401,
1789114860000,2026-09-11T08:21:00.000Z,1.3508,1.3514,1.3508,1.351,116608,
1789115040000,2026-09-11T08:24:00.000Z,1.351,1.3546,1.351,1.3513,545957,
1789115220000,2026-09-11T08:27:00.000Z,1.3513,1.3518,1.3506,1.3517,34967,
1789115400000,2026-09-11T08:30:00.000Z,1.3517,1.3565,1.3516,1.3555,381037,
1789115580000,2026-09-11T08:33:00.000Z,1.3555,1.3555,1.3532,1.3538,213064,
1789115760000,2026-09-11T08:36:00.000Z,1.3538,1.3542,1.3531,1.3542,166977,
1789115940000,2026-09-11T08:39:00.000Z,1.3542,1.355,1.354,1.3549,200429,
1789116120000,2026-09-11T08:42:00.000Z,1.3549,1.3549,1.3543,1.3546,32817,
1789116300000,2026-09-11T08:45:00.000Z,1.3546,1.3554,1.3542,1.3547,154494,
1789116480000,2026-09-11T08:48:00.000Z,1.3547,1.3547,1.3528,1.3533,261204,
1789116660000,2026-09-11T08:51:00.000Z,1.3533,1.3537,1.353,1.3532,51086,
1789116840000,2026-09-11T08:54:00.000Z,1.3532,1.3532,1.3523,1.3528,105376,
1789117020000,2026-09-11T08:57:00.000Z,1.3528,1.3532,1.3527,1.3529,49517,
1789117200000,2026-09-11T09:00:00.000Z,1.3529,1.3538,1.3529,1.353,22082,
1789117380000,2026-09-11T09:03:00.000Z,1.353,1.3538,1.352,1.352,463776,
1789117560000,2026-09-11T09:06:00.000Z,1.352,1.3523,1.3506,1.3508,418947,
1789117740000,2026-09-11T09:09:00.000Z,1.3508,1.351,1.3505,1.3507,64333,
1789117920000,2026-09-11T09:12:00.000Z,1.3507,1.3515,1.3502,1.3507,644511,
1789118100000,2026-09-11T09:15:00.000Z,1.3507,1.3508,1.3501,1.3507,211751,
1789118280000,2026-09-11T09:18:00.000Z,1.3507,1.3507,1.3502,1.3506,56297,
1789118460000,2026-09-11T09:21:00.000Z,1.3506,1.3507,1.3492,1.3494,174757,
1789118640000,2026-09-11T09:24:00.000Z,1.3494,1.3494,1.3483,1.3488,87613,
1789118820000,2026-09-11T09:27:00.000Z,1.3488,1.3489,1.3479,1.3481,145750,
1789119000000,2026-09-11T09:30:00.000Z,1.3481,1.3481,1.3473,1.3479,154216,
1789119180000,2026-09-11T09:33:00.000Z,1.3479,1.3479,1.3441,1.3447,1052728,
1789119360000,2026-09-11T09:36:00.000Z,1.3447,1.3449,1.3416,1.3417,1126282,
1789119540000,2026-09-11T09:39:00.000Z,1.3417,1.3422,1.3365,1.3368,1048737,
1789119720000,2026-09-11T09:42:00.000Z,1.3368,1.339,1.3368,1.3389,755926,
1789119900000,2026-09-11T09:45:00.000Z,1.3389,1.3403,1.3383,1.3402,421689,
1789120080000,2026-09-11T09:48:00.000Z,1.3402,1.341,1.3398,1.34,206341,
1789120260000,2026-09-11T09:51:00.000Z,1.34,1.342,1.34,1.3414,315620,
1789120440000,2026-09-11T09:54:00.000Z,1.3414,1.3419,1.3406,1.341,64596,
1789120620000,2026-09-11T09:57:00.000Z,1.341,1.3417,1.3408,1.3409,39477,
1789120800000,2026-09-11T10:00:00.000Z,1.3409,1.3422,1.3383,1.3419,260598,
1789120980000,2026-09-11T10:03:00.000Z,1.3419,1.3443,1.341,1.3429,485383,
1789121160000,2026-09-11T10:06:00.000Z,1.3429,1.3434,1.3427,1.3432,78120,
1789121340000,2026-09-11T10:09:00.000Z,1.3432,1.3435,1.3407,1.3411,584155,
1789121520000,2026-09-11T10:12:00.000Z,1.3411,1.3418,1.3398,1.3417,443499,
1789121700000,2026-09-11T10:15:00.000Z,1.3417,1.3421,1.3409,1.3419,72683,
1789121880000,2026-09-11T10:18:00.000Z,1.3419,1.343,1.3403,1.3411,560809,
1789122060000,2026-09-11T10:21:00.000Z,1.3411,1.3411,1.34,1.3402,164049,
1789122240000,2026-09-11T10:24:00.000Z,1.3402,1.3403,1.3381,1.3384,179780,
1789122420000,2026-09-11T10:27:00.000Z,1.3384,1.3391,1.3376,1.3387,266416,
1789122600000,2026-09-11T10:30:00.000Z,1.3387,1.339,1.3356,1.3371,870591,
1789122780000,2026-09-11T10:33:00.000Z,1.3371,1.3394,1.3371,1.3393,190582,
1789122960000,2026-09-11T10:36:00.000Z,1.3393,1.3393,1.3369,1.3372,118905,
1789123140000,2026-09-11T10:39:00.000Z,1.3372,1.3375,1.3344,1.3358,533086,
1789123320000,2026-09-11T10:42:00.000Z,1.3358,1.3364,1.335,1.3352,197306,
1789123500000,2026-09-11T10:45:00.000Z,1.3352,1.3358,1.3349,1.3349,37769,
1789123680000,2026-09-11T10:48:00.000Z,1.3349,1.3353,1.3343,1.3345,346222,
1789123860000,2026-09-11T10:51:00.000Z,1.3345,1.3356,1.3345,1.3348,344671,
1789124040000,2026-09-11T10:54:00.000Z,1.3348,1.3349,1.3337,1.3339,185752,
1789124220000,2026-09-11T10:57:00.000Z,1.3339,1.3341,1.3319,1.332,846160,
1789124400000,2026-09-11T11:00:00.000Z,1.332,1.3325,1.3239,1.3243,3210352,
1789124580000,2026-09-11T11:03:00.000Z,1.3243,1.326,1.323,1.3256,1868991,
1789124760000,2026-09-11T11:06:00.000Z,1.3256,1.3264,1.3202,1.3211,1441204,
1789124940000,2026-09-11T11:09:00.000Z,1.3211,1.3239,1.3201,1.3231,1164699,
1789125120000,2026-09-11T11:12:00.000Z,1.3231,1.324,1.3226,1.323,516719,
1789125300000,2026-09-11T11:15:00.000Z,1.323,1.3253,1.3224,1.3251,749483,
1789125480000,2026-09-11T11:18:00.000Z,1.3251,1.3258,1.3243,1.3243,345625,
1789125660000,2026-09-11T11:21:00.000Z,1.3243,1.3249,1.323,1.3243,170302,
1789125840000,2026-09-11T11:24:00.000Z,1.3243,1.3258,1.3233,1.3252,117706,
1789126020000,2026-09-11T11:27:00.000Z,1.3252,1.3252,1.3232,1.3234,235682,
1789126200000,2026-09-11T11:30:00.000Z,1.3234,1.3235,1.3223,1.3226,191159,
1789126380000,2026-09-11T11:33:00.000Z,1.3226,1.324,1.322,1.3224,135438,
1789126560000,2026-09-11T11:36:00.000Z,1.3224,1.3249,1.3224,1.3248,87199,
1789126740000,2026-09-11T11:39:00.000Z,1.3248,1.3272,1.324,1.3269,344780,
1789126920000,2026-09-11T11:42:00.000Z,1.3269,1.3273,1.3263,1.3272,117331,
1789127100000,2026-09-11T11:45:00.000Z,1.3272,1.3286,1.3264,1.3268,406793,
1789127280000,2026-09-11T11:48:00.000Z,1.3268,1.3279,1.3265,1.3268,197682,
1789127460000,2026-09-11T11:51:00.000Z,1.3268,1.3285,1.3267,1.3281,121102,
1789127640000,2026-09-11T11:54:00.000Z,1.3281,1.3287,1.3272,1.3279,288689,
1789127820000,2026-09-11T11:57:00.000Z,1.3279,1.3287,1.3277,1.3284,270688,
1789128000000,2026-09-11T12:00:00.000Z,1.3284,1.3316,1.3279,1.3316,702081,
1789128180000,2026-09-11T12:03:00.000Z,1.3316,1.3325,1.3288,1.3296,625255,
1789128360000,2026-09-11T12:06:00.000Z,1.3296,1.3296,1.3254,1.3255,202244,
1789128540000,2026-09-11T12:09:00.000Z,1.3255,1.3279,1.3243,1.327,924540,
1789128720000,2026-09-11T12:12:00.000Z,1.327,1.3275,1.3244,1.3265,236892,
1789128900000,2026-09-11T12:15:00.000Z,1.3265,1.3276,1.3243,1.3271,717603,
1789129080000,2026-09-11T12:18:00.000Z,1.3271,1.3291,1.3251,1.3266,239227,
1789129260000,2026-09-11T12:21:00.000Z,1.3266,1.3283,1.3256,1.326,460720,
1789129440000,2026-09-11T12:24:00.000Z,1.326,1.326,1.3233,1.3244,458940,
1789129620000,2026-09-11T12:27:00.000Z,1.3244,1.339,1.323,1.3292,2943010,
1789129800000,2026-09-11T12:30:00.000Z,1.3292,1.333,1.315,1.3308,4955997,
1789129980000,2026-09-11T12:33:00.000Z,1.3308,1.3504,1.33,1.3481,3499777,
1789130160000,2026-09-11T12:36:00.000Z,1.3481,1.3591,1.3458,1.354,3939643,
1789130340000,2026-09-11T12:39:00.000Z,1.354,1.3639,1.3529,1.3575,2294625,
1789130520000,2026-09-11T12:42:00.000Z,1.3575,1.3597,1.3541,1.3584,546637,
1789130700000,2026-09-11T12:45:00.000Z,1.3584,1.3651,1.356,1.3643,2299784,
1789130880000,2026-09-11T12:48:00.000Z,1.3643,1.368,1.3625,1.3676,1136415,
1789131060000,2026-09-11T12:51:00.000Z,1.3676,1.3717,1.3671,1.3689,1182321,
1789131240000,2026-09-11T12:54:00.000Z,1.3689,1.3703,1.3622,1.3631,1180480,
1789131420000,2026-09-11T12:57:00.000Z,1.3631,1.3662,1.3609,1.3661,901975,
1789131600000,2026-09-11T13:00:00.000Z,1.3661,1.3666,1.3601,1.3618,459511,
1789131780000,2026-09-11T13:03:00.000Z,1.3618,1.3644,1.3595,1.3643,725436,
1789131960000,2026-09-11T13:06:00.000Z,1.3643,1.3653,1.3561,1.3565,1018264,
1789132140000,2026-09-11T13:09:00.000Z,1.3565,1.3599,1.3547,1.3571,931174,
1789132320000,2026-09-11T13:12:00.000Z,1.3571,1.3616,1.3553,1.3616,813977,
1789132500000,2026-09-11T13:15:00.000Z,1.3616,1.3623,1.3576,1.3578,380991,
1789132680000,2026-09-11T13:18:00.000Z,1.3578,1.3643,1.3578,1.3607,526502,
1789132860000,2026-09-11T13:21:00.000Z,1.3607,1.3658,1.3603,1.3628,771453,
1789133040000,2026-09-11T13:24:00.000Z,1.3628,1.3632,1.3593,1.3622,502299,
1789133220000,2026-09-11T13:27:00.000Z,1.3622,1.3624,1.3565,1.3573,498165,
1789133400000,2026-09-11T13:30:00.000Z,1.3573,1.3638,1.3558,1.356,567647,
1789133580000,2026-09-11T13:33:00.000Z,1.356,1.3619,1.3545,1.3592,416148,
1789133760000,2026-09-11T13:36:00.000Z,1.3592,1.3596,1.3529,1.3596,603048,
1789133940000,2026-09-11T13:39:00.000Z,1.3596,1.3657,1.3591,1.3654,923607,
1789134120000,2026-09-11T13:42:00.000Z,1.3654,1.3719,1.3641,1.3681,962388,
1789134300000,2026-09-11T13:45:00.000Z,1.3681,1.375,1.3652,1.3735,1690620,
1789134480000,2026-09-11T13:48:00.000Z,1.3735,1.3898,1.3735,1.3889,3743517,
1789134660000,2026-09-11T13:51:00.000Z,1.3889,1.3992,1.3879,1.3984,3073338,
1789134840000,2026-09-11T13:54:00.000Z,1.3984,1.4007,1.3952,1.3993,1931245,
1789135020000,2026-09-11T13:57:00.000Z,1.3993,1.4168,1.3982,1.4154,3117777,
1789135200000,2026-09-11T14:00:00.000Z,1.4154,1.4309,1.4126,1.4297,3303410,
1789135380000,2026-09-11T14:03:00.000Z,1.4297,1.4325,1.4147,1.4176,3958151,
1789135560000,2026-09-11T14:06:00.000Z,1.4176,1.4187,1.4022,1.4022,3214656,
1789135740000,2026-09-11T14:09:00.000Z,1.4022,1.409,1.3968,1.3987,2700998,
1789135920000,2026-09-11T14:12:00.000Z,1.3987,1.4049,1.3969,1.4018,969723,
1789136100000,2026-09-11T14:15:00.000Z,1.4018,1.4053,1.3929,1.3955,1725810,
1789136280000,2026-09-11T14:18:00.000Z,1.3955,1.4003,1.3947,1.3986,1094230,
1789136460000,2026-09-11T14:21:00.000Z,1.3986,1.4,1.3955,1.3982,648272,
1789136640000,2026-09-11T14:24:00.000Z,1.3982,1.4007,1.395,1.3966,852423,
1789136820000,2026-09-11T14:27:00.000Z,1.3966,1.4005,1.3963,1.3993,729980,
1789137000000,2026-09-11T14:30:00.000Z,1.3993,1.4007,1.3918,1.3979,1104860,
1789137180000,2026-09-11T14:33:00.000Z,1.3979,1.3984,1.3886,1.3887,1180518,
1789137360000,2026-09-11T14:36:00.000Z,1.3887,1.3934,1.3861,1.3904,1000378,
1789137540000,2026-09-11T14:39:00.000Z,1.3904,1.3937,1.3884,1.3925,434651,
1789137720000,2026-09-11T14:42:00.000Z,1.3925,1.3925,1.3875,1.392,310553,
1789137900000,2026-09-11T14:45:00.000Z,1.392,1.3954,1.3911,1.3911,375659,
1789138080000,2026-09-11T14:48:00.000Z,1.3911,1.3924,1.3847,1.3873,1123908,
1789138260000,2026-09-11T14:51:00.000Z,1.3873,1.3957,1.3873,1.3952,262256,
1789138440000,2026-09-11T14:54:00.000Z,1.3952,1.3964,1.3934,1.394,311190,
1789138620000,2026-09-11T14:57:00.000Z,1.394,1.3951,1.3921,1.3943,376409,
1789138800000,2026-09-11T15:00:00.000Z,1.3943,1.3953,1.3882,1.3936,476847,
1789138980000,2026-09-11T15:03:00.000Z,1.3936,1.3936,1.3899,1.3922,278700,
1789139160000,2026-09-11T15:06:00.000Z,1.3922,1.3941,1.3889,1.391,293969,
1789139340000,2026-09-11T15:09:00.000Z,1.391,1.3913,1.3863,1.3874,812701,
1789139520000,2026-09-11T15:12:00.000Z,1.3874,1.388,1.3836,1.3841,857915,
1789139700000,2026-09-11T15:15:00.000Z,1.3841,1.3881,1.3828,1.3877,680901,
1789139880000,2026-09-11T15:18:00.000Z,1.3877,1.391,1.3872,1.3909,369739,
1789140060000,2026-09-11T15:21:00.000Z,1.3909,1.3945,1.3906,1.3943,438538,
1789140240000,2026-09-11T15:24:00.000Z,1.3943,1.395,1.3933,1.3948,176165,
1789140420000,2026-09-11T15:27:00.000Z,1.3948,1.4001,1.394,1.3973,665734,
1789140600000,2026-09-11T15:30:00.000Z,1.3973,1.3997,1.3956,1.3988,899631,
1789140780000,2026-09-11T15:33:00.000Z,1.3988,1.4013,1.3986,1.3996,706147,
1789140960000,2026-09-11T15:36:00.000Z,1.3996,1.4009,1.3981,1.3999,760574,
1789141140000,2026-09-11T15:39:00.000Z,1.3999,1.4054,1.3996,1.4024,783772,
1789141320000,2026-09-11T15:42:00.000Z,1.4024,1.4024,1.3964,1.398,598523,
1789141500000,2026-09-11T15:45:00.000Z,1.398,1.4016,1.3971,1.3995,925536,
1789141680000,2026-09-11T15:48:00.000Z,1.3995,1.3995,1.3956,1.3957,254835,
1789141860000,2026-09-11T15:51:00.000Z,1.3957,1.3968,1.3765,1.3766,3903172,
1789142040000,2026-09-11T15:54:00.000Z,1.3766,1.3787,1.3642,1.371,4748292,
1789142220000,2026-09-11T15:57:00.000Z,1.371,1.3768,1.3708,1.3737,869510,
1789142400000,2026-09-11T16:00:00.000Z,1.3737,1.38,1.3715,1.3791,1374021,
1789142580000,2026-09-11T16:03:00.000Z,1.3791,1.3827,1.3744,1.3821,697756,
1789142760000,2026-09-11T16:06:00.000Z,1.3821,1.3839,1.379,1.3813,327942,
1789142940000,2026-09-11T16:09:00.000Z,1.3813,1.3835,1.3787,1.379,382160,
1789143120000,2026-09-11T16:12:00.000Z,1.379,1.3791,1.3757,1.3761,207559,
1789143300000,2026-09-11T16:15:00.000Z,1.3761,1.3797,1.3751,1.3754,510650,
1789143480000,2026-09-11T16:18:00.000Z,1.3754,1.376,1.3691,1.3691,1002020,
1789143660000,2026-09-11T16:21:00.000Z,1.3691,1.3725,1.3688,1.3705,438772,
1789143840000,2026-09-11T16:24:00.000Z,1.3705,1.375,1.3688,1.3742,637164,
1789144020000,2026-09-11T16:27:00.000Z,1.3742,1.3774,1.3736,1.3748,320561,
1789144200000,2026-09-11T16:30:00.000Z,1.3748,1.3763,1.3697,1.3704,367016,
1789144380000,2026-09-11T16:33:00.000Z,1.3704,1.377,1.3704,1.3749,398539,
1789144560000,2026-09-11T16:36:00.000Z,1.3749,1.3758,1.3691,1.3693,327146,
1789144740000,2026-09-11T16:39:00.000Z,1.3693,1.3711,1.3675,1.3702,302229,
1789144920000,2026-09-11T16:42:00.000Z,1.3702,1.3728,1.37,1.3728,529525,
1789145100000,2026-09-11T16:45:00.000Z,1.3728,1.3775,1.3725,1.3756,696776,
1789145280000,2026-09-11T16:48:00.000Z,1.3756,1.3779,1.3746,1.3757,206081,
1789145460000,2026-09-11T16:51:00.000Z,1.3757,1.3777,1.3753,1.3765,130095,
1789145640000,2026-09-11T16:54:00.000Z,1.3765,1.3776,1.3754,1.3755,70814,
1789145820000,2026-09-11T16:57:00.000Z,1.3755,1.3769,1.3742,1.3759,268549,
1789146000000,2026-09-11T17:00:00.000Z,1.3759,1.3775,1.3733,1.3761,852330,
1789146180000,2026-09-11T17:03:00.000Z,1.3761,1.3761,1.373,1.3731,132924,
1789146360000,2026-09-11T17:06:00.000Z,1.3731,1.3756,1.372,1.3722,317383,
1789146540000,2026-09-11T17:09:00.000Z,1.3722,1.3722,1.3683,1.369,547267,
1789146720000,2026-09-11T17:12:00.000Z,1.369,1.3703,1.3668,1.3669,324886,
1789146900000,2026-09-11T17:15:00.000Z,1.3669,1.3715,1.3669,1.3698,316686,
1789147080000,2026-09-11T17:18:00.000Z,1.3698,1.3717,1.3686,1.3691,88418,
1789147260000,2026-09-11T17:21:00.000Z,1.3691,1.3713,1.3647,1.3712,335699,
1789147440000,2026-09-11T17:24:00.000Z,1.3712,1.3734,1.3706,1.3728,169001,
1789147620000,2026-09-11T17:27:00.000Z,1.3728,1.3752,1.3722,1.3724,319723,
1789147800000,2026-09-11T17:30:00.000Z,1.3724,1.3744,1.3716,1.3726,151356,
1789147980000,2026-09-11T17:33:00.000Z,1.3726,1.3745,1.3721,1.3722,83216,
1789148160000,2026-09-11T17:36:00.000Z,1.3722,1.3722,1.3683,1.3683,181134,
1789148340000,2026-09-11T17:39:00.000Z,1.3683,1.3683,1.366,1.3667,500583,
1789148520000,2026-09-11T17:42:00.000Z,1.3667,1.3705,1.3661,1.3685,68176,
1789148700000,2026-09-11T17:45:00.000Z,1.3685,1.3699,1.3681,1.3693,88729,
1789148880000,2026-09-11T17:48:00.000Z,1.3693,1.3706,1.3689,1.3693,53844,
1789149060000,2026-09-11T17:51:00.000Z,1.3693,1.3699,1.3673,1.3675,60186,
1789149240000,2026-09-11T17:54:00.000Z,1.3675,1.3681,1.365,1.368,139468,
1789149420000,2026-09-11T17:57:00.000Z,1.368,1.37,1.3669,1.367,550382,
1789149600000,2026-09-11T18:00:00.000Z,1.367,1.3684,1.3613,1.362,620178,
1789149780000,2026-09-11T18:03:00.000Z,1.362,1.3624,1.3493,1.3505,2529827,
1789149960000,2026-09-11T18:06:00.000Z,1.3505,1.3558,1.3461,1.3538,1719767,
1789150140000,2026-09-11T18:09:00.000Z,1.3538,1.3547,1.349,1.3542,384957,
1789150320000,2026-09-11T18:12:00.000Z,1.3542,1.3544,1.3506,1.3543,1066020,
1789150500000,2026-09-11T18:15:00.000Z,1.3543,1.3582,1.3535,1.3582,366556,
1789150680000,2026-09-11T18:18:00.000Z,1.3582,1.3617,1.3557,1.3601,685530,
1789150860000,2026-09-11T18:21:00.000Z,1.3601,1.3619,1.3588,1.3591,237100,
1789151040000,2026-09-11T18:24:00.000Z,1.3591,1.3598,1.3563,1.3588,589669,
1789151220000,2026-09-11T18:27:00.000Z,1.3588,1.3598,1.3565,1.3594,237270,
1789151400000,2026-09-11T18:30:00.000Z,1.3594,1.3597,1.3567,1.3577,178294,
1789151580000,2026-09-11T18:33:00.000Z,1.3577,1.3602,1.3573,1.3581,117883,
1789151760000,2026-09-11T18:36:00.000Z,1.3581,1.3614,1.357,1.3572,104664,
1789151940000,2026-09-11T18:39:00.000Z,1.3572,1.3592,1.3547,1.3557,162289,
1789152120000,2026-09-11T18:42:00.000Z,1.3557,1.3569,1.3546,1.3558,131239,
1789152300000,2026-09-11T18:45:00.000Z,1.3558,1.36,1.3535,1.354,667382,
1789152480000,2026-09-11T18:48:00.000Z,1.354,1.3553,1.3523,1.3523,206769,
1789152660000,2026-09-11T18:51:00.000Z,1.3523,1.353,1.3488,1.3497,349512,
1789152840000,2026-09-11T18:54:00.000Z,1.3497,1.3505,1.3475,1.3505,375233,
1789153020000,2026-09-11T18:57:00.000Z,1.3505,1.3519,1.3503,1.3514,688304,
1789153200000,2026-09-11T19:00:00.000Z,1.3514,1.3519,1.3453,1.3493,360884,
1789153380000,2026-09-11T19:03:00.000Z,1.3493,1.3534,1.3477,1.3532,276459,
1789153560000,2026-09-11T19:06:00.000Z,1.3532,1.3547,1.3515,1.3539,348991,
1789153740000,2026-09-11T19:09:00.000Z,1.3539,1.3551,1.3489,1.3513,332042,
1789153920000,2026-09-11T19:12:00.000Z,1.3513,1.3527,1.3502,1.3508,109613,
1789154100000,2026-09-11T19:15:00.000Z,1.3508,1.352,1.3462,1.3506,922039,
1789154280000,2026-09-11T19:18:00.000Z,1.3506,1.3518,1.3489,1.3499,184256,
1789154460000,2026-09-11T19:21:00.000Z,1.3499,1.3541,1.3499,1.3541,99283,
1789154640000,2026-09-11T19:24:00.000Z,1.3541,1.3569,1.3541,1.3569,292145,
1789154820000,2026-09-11T19:27:00.000Z,1.3569,1.3573,1.3551,1.3555,117959,
1789155000000,2026-09-11T19:30:00.000Z,1.3555,1.3564,1.3547,1.3561,752490,
1789155180000,2026-09-11T19:33:00.000Z,1.3561,1.3578,1.3552,1.3574,78099,
1789155360000,2026-09-11T19:36:00.000Z,1.3574,1.3587,1.3545,1.3545,519038,
1789155540000,2026-09-11T19:39:00.000Z,1.3545,1.3583,1.3545,1.3571,163857,
1789155720000,2026-09-11T19:42:00.000Z,1.3571,1.3578,1.3567,1.3578,58442,
1789155900000,2026-09-11T19:45:00.000Z,1.3578,1.358,1.3562,1.3573,88673,
1789156080000,2026-09-11T19:48:00.000Z,1.3573,1.3603,1.3571,1.3594,669068,
1789156260000,2026-09-11T19:51:00.000Z,1.3594,1.3618,1.3592,1.3595,353780,
1789156440000,2026-09-11T19:54:00.000Z,1.3595,1.3618,1.3595,1.3616,169070,
1789156620000,2026-09-11T19:57:00.000Z,1.3616,1.3621,1.3603,1.3607,299568,
1789156800000,2026-09-11T20:00:00.000Z,1.3607,1.3648,1.3604,1.3639,470605,
1789156980000,2026-09-11T20:03:00.000Z,1.3639,1.365,1.3636,1.3645,158513,
1789157160000,2026-09-11T20:06:00.000Z,1.3645,1.3658,1.3643,1.3643,177839,
1789157340000,2026-09-11T20:09:00.000Z,1.3643,1.3675,1.3643,1.3672,174311,
1789157520000,2026-09-11T20:12:00.000Z,1.3672,1.3674,1.3663,1.3664,133805,
1789157700000,2026-09-11T20:15:00.000Z,1.3664,1.3664,1.3642,1.3642,167282,
1789157880000,2026-09-11T20:18:00.000Z,1.3642,1.3642,1.3622,1.3627,133839,
1789158060000,2026-09-11T20:21:00.000Z,1.3627,1.364,1.3626,1.3633,148268,
1789158240000,2026-09-11T20:24:00.000Z,1.3633,1.3649,1.3618,1.3628,578280,
1789158420000,2026-09-11T20:27:00.000Z,1.3628,1.3631,1.3616,1.3621,35437,
1789158600000,2026-09-11T20:30:00.000Z,1.3621,1.3622,1.3581,1.3612,1411011,
1789158780000,2026-09-11T20:33:00.000Z,1.3612,1.3643,1.3611,1.3643,73325,
1789158960000,2026-09-11T20:36:00.000Z,1.3643,1.3666,1.3634,1.3665,117702,
1789159140000,2026-09-11T20:39:00.000Z,1.3665,1.3674,1.3634,1.3638,1045841,
1789159320000,2026-09-11T20:42:00.000Z,1.3638,1.3641,1.3623,1.3637,190507,
1789159500000,2026-09-11T20:45:00.000Z,1.3637,1.3648,1.362,1.362,24089,
1789159680000,2026-09-11T20:48:00.000Z,1.362,1.362,1.3587,1.359,841134,
1789159860000,2026-09-11T20:51:00.000Z,1.359,1.3624,1.3565,1.3604,849366,
1789160040000,2026-09-11T20:54:00.000Z,1.3604,1.3613,1.3588,1.3601,290541,
1789160220000,2026-09-11T20:57:00.000Z,1.3601,1.3626,1.3601,1.3614,473662,
1789160400000,2026-09-11T21:00:00.000Z,1.3614,1.3621,1.3612,1.3613,51371,
1789160580000,2026-09-11T21:03:00.000Z,1.3613,1.3615,1.3602,1.3606,43878,
1789160760000,2026-09-11T21:06:00.000Z,1.3606,1.3647,1.3606,1.3637,138402,
1789160940000,2026-09-11T21:09:00.000Z,1.3637,1.3656,1.3636,1.3647,142423,
1789161120000,2026-09-11T21:12:00.000Z,1.3647,1.3649,1.3634,1.3641,55521,
1789161300000,2026-09-11T21:15:00.000Z,1.3641,1.3654,1.3637,1.3649,134929,
1789161480000,2026-09-11T21:18:00.000Z,1.3649,1.3658,1.3645,1.3651,669700,
1789161660000,2026-09-11T21:21:00.000Z,1.3651,1.3663,1.365,1.3658,32549,
1789161840000,2026-09-11T21:24:00.000Z,1.3658,1.3659,1.3642,1.3642,49954,
1789162020000,2026-09-11T21:27:00.000Z,1.3642,1.3649,1.3628,1.363,57036,
1789162200000,2026-09-11T21:30:00.000Z,1.363,1.3643,1.3629,1.3635,113838,
1789162380000,2026-09-11T21:33:00.000Z,1.3635,1.3637,1.3614,1.3614,190859,
1789162560000,2026-09-11T21:36:00.000Z,1.3614,1.3627,1.361,1.3625,40943,
1789162740000,2026-09-11T21:39:00.000Z,1.3625,1.3625,1.3595,1.3601,67546,
1789162920000,2026-09-11T21:42:00.000Z,1.3601,1.3604,1.359,1.36,160560,
1789163100000,2026-09-11T21:45:00.000Z,1.36,1.3603,1.3578,1.3579,92755,
1789163280000,2026-09-11T21:48:00.000Z,1.3579,1.3583,1.3544,1.3552,468049,
1789163460000,2026-09-11T21:51:00.000Z,1.3552,1.3567,1.3533,1.3541,210172,
1789163640000,2026-09-11T21:54:00.000Z,1.3541,1.3549,1.3513,1.352,201458,
1789163820000,2026-09-11T21:57:00.000Z,1.352,1.3531,1.3512,1.3522,62582,
1789164000000,2026-09-11T22:00:00.000Z,1.3522,1.354,1.3486,1.3504,783213,
1789164180000,2026-09-11T22:03:00.000Z,1.3504,1.3575,1.3504,1.3542,636129,
1789164360000,2026-09-11T22:06:00.000Z,1.3542,1.3545,1.3529,1.3532,127905,
1789164540000,2026-09-11T22:09:00.000Z,1.3532,1.3557,1.3514,1.3556,514130,
1789164720000,2026-09-11T22:12:00.000Z,1.3556,1.3558,1.355,1.3558,78093,
1789164900000,2026-09-11T22:15:00.000Z,1.3558,1.3559,1.3527,1.3538,473157,
1789165080000,2026-09-11T22:18:00.000Z,1.3538,1.3549,1.3536,1.3537,261825,
1789165260000,2026-09-11T22:21:00.000Z,1.3537,1.3561,1.3532,1.3543,759163,
1789165440000,2026-09-11T22:24:00.000Z,1.3543,1.3553,1.3538,1.3553,173390,
1789165620000,2026-09-11T22:27:00.000Z,1.3553,1.3553,1.3512,1.3517,760190,
1789165800000,2026-09-11T22:30:00.000Z,1.3517,1.352,1.3504,1.3506,182913,
1789165980000,2026-09-11T22:33:00.000Z,1.3506,1.3506,1.346,1.3497,1091639,
1789166160000,2026-09-11T22:36:00.000Z,1.3497,1.3516,1.3494,1.351,94723,
1789166340000,2026-09-11T22:39:00.000Z,1.351,1.3527,1.351,1.3527,79350,
1789166520000,2026-09-11T22:42:00.000Z,1.3527,1.3535,1.3498,1.3507,795286,
1789166700000,2026-09-11T22:45:00.000Z,1.3507,1.3509,1.3502,1.3505,60169,
1789166880000,2026-09-11T22:48:00.000Z,1.3505,1.3506,1.3482,1.3489,295593,
1789167060000,2026-09-11T22:51:00.000Z,1.3489,1.3493,1.3451,1.3489,959318,
1789167240000,2026-09-11T22:54:00.000Z,1.3489,1.3507,1.3485,1.3491,112858,
1789167420000,2026-09-11T22:57:00.000Z,1.3491,1.3495,1.3467,1.3493,702043,
1789167600000,2026-09-11T23:00:00.000Z,1.3493,1.3508,1.3482,1.3506,298731,
1789167780000,2026-09-11T23:03:00.000Z,1.3506,1.3529,1.3505,1.3525,259532,
1789167960000,2026-09-11T23:06:00.000Z,1.3525,1.3525,1.351,1.3522,71502,
1789168140000,2026-09-11T23:09:00.000Z,1.3522,1.3535,1.3519,1.3532,160192,
1789168320000,2026-09-11T23:12:00.000Z,1.3532,1.3546,1.3525,1.3529,251994,
1789168500000,2026-09-11T23:15:00.000Z,1.3529,1.3542,1.3523,1.3541,19045,
1789168680000,2026-09-11T23:18:00.000Z,1.3541,1.3547,1.3536,1.3542,114546,
1789168860000,2026-09-11T23:21:00.000Z,1.3542,1.3546,1.3531,1.3531,60508,
1789169040000,2026-09-11T23:24:00.000Z,1.3531,1.3535,1.3522,1.3535,59045,
1789169220000,2026-09-11T23:27:00.000Z,1.3535,1.3545,1.3533,1.3533,12746,
1789169400000,2026-09-11T23:30:00.000Z,1.3533,1.3549,1.3533,1.3549,33037,
1789169580000,2026-09-11T23:33:00.000Z,1.3549,1.355,1.3542,1.3549,55129,
1789169760000,2026-09-11T23:36:00.000Z,1.3549,1.3552,1.3548,1.3551,16450,
1789169940000,2026-09-11T23:39:00.000Z,1.3551,1.3557,1.3546,1.3547,127858,
1789170120000,2026-09-11T23:42:00.000Z,1.3547,1.3555,1.3538,1.3547,73310,
1789170300000,2026-09-11T23:45:00.000Z,1.3547,1.3564,1.3547,1.3555,132363,
1789170480000,2026-09-11T23:48:00.000Z,1.3555,1.3561,1.3555,1.3557,22048,
1789170660000,2026-09-11T23:51:00.000Z,1.3557,1.356,1.3553,1.356,89903,
1789170840000,2026-09-11T23:54:00.000Z,1.356,1.3562,1.3558,1.356,39096,
1789171020000,2026-09-11T23:57:00.000Z,1.356,1.356,1.3555,1.3559,48367,
1789171200000,2026-09-12T00:00:00.000Z,1.3559,1.3563,1.3544,1.356,225419,
1789171380000,2026-09-12T00:03:00.000Z,1.356,1.3563,1.354,1.354,63949,
1789171560000,2026-09-12T00:06:00.000Z,1.354,1.3545,1.3539,1.3541,96874,
1789171740000,2026-09-12T00:09:00.000Z,1.3541,1.3548,1.3539,1.3548,32050,
1789171920000,2026-09-12T00:12:00.000Z,1.3548,1.3557,1.3548,1.3556,46036,
1789172100000,2026-09-12T00:15:00.000Z,1.3556,1.3565,1.3556,1.3565,46577,
1789172280000,2026-09-12T00:18:00.000Z,1.3565,1.3579,1.3565,1.3572,181121,
1789172460000,2026-09-12T00:21:00.000Z,1.3572,1.3578,1.3572,1.3575,49576,
1789172640000,2026-09-12T00:24:00.000Z,1.3575,1.3579,1.3565,1.3568,127274,
1789172820000,2026-09-12T00:27:00.000Z,1.3568,1.3577,1.3568,1.3574,21829,
1789173000000,2026-09-12T00:30:00.000Z,1.3574,1.3574,1.3564,1.3564,37162,
1789173180000,2026-09-12T00:33:00.000Z,1.3564,1.3579,1.3561,1.3575,79975,
1789173360000,2026-09-12T00:36:00.000Z,1.3575,1.3587,1.3571,1.3571,11429,
1789173540000,2026-09-12T00:39:00.000Z,1.3571,1.3585,1.357,1.3575,11629,
1789173720000,2026-09-12T00:42:00.000Z,1.3575,1.3577,1.3571,1.3574,69527,
1789173900000,2026-09-12T00:45:00.000Z,1.3574,1.3574,1.3565,1.3568,46554,
1789174080000,2026-09-12T00:48:00.000Z,1.3568,1.3577,1.3568,1.3571,65611,
1789174260000,2026-09-12T00:51:00.000Z,1.3571,1.3574,1.3563,1.3572,51497,
1789174440000,2026-09-12T00:54:00.000Z,1.3572,1.3578,1.3567,1.3569,11487,
1789174620000,2026-09-12T00:57:00.000Z,1.3569,1.3575,1.3564,1.3564,29830,
1789174800000,2026-09-12T01:00:00.000Z,1.3564,1.3564,1.3554,1.3557,112239,
1789174980000,2026-09-12T01:03:00.000Z,1.3557,1.358,1.3557,1.358,44889,
1789175160000,2026-09-12T01:06:00.000Z,1.358,1.3592,1.3579,1.3591,90652,
1789175340000,2026-09-12T01:09:00.000Z,1.3591,1.3597,1.3591,1.3594,19494,
1789175520000,2026-09-12T01:12:00.000Z,1.3594,1.3607,1.359,1.36,138756,
1789175700000,2026-09-12T01:15:00.000Z,1.36,1.3605,1.3598,1.3602,86795,
1789175880000,2026-09-12T01:18:00.000Z,1.3602,1.3604,1.3593,1.3601,107309,
1789176060000,2026-09-12T01:21:00.000Z,1.3601,1.3614,1.3599,1.3609,56697,
1789176240000,2026-09-12T01:24:00.000Z,1.3609,1.3612,1.3598,1.3599,156983,
1789176420000,2026-09-12T01:27:00.000Z,1.3599,1.3613,1.3594,1.3607,96011,
1789176600000,2026-09-12T01:30:00.000Z,1.3607,1.3611,1.3601,1.3608,68812,
1789176780000,2026-09-12T01:33:00.000Z,1.3608,1.3613,1.3608,1.361,4825,
1789176960000,2026-09-12T01:36:00.000Z,1.361,1.3613,1.3594,1.3594,64997,
1789177140000,2026-09-12T01:39:00.000Z,1.3594,1.3613,1.3584,1.361,654304,
1789177320000,2026-09-12T01:42:00.000Z,1.361,1.3622,1.3609,1.362,202387,
1789177500000,2026-09-12T01:45:00.000Z,1.362,1.3625,1.3614,1.3622,99882,
1789177680000,2026-09-12T01:48:00.000Z,1.3622,1.3632,1.3616,1.363,106547,
1789177860000,2026-09-12T01:51:00.000Z,1.363,1.3632,1.3597,1.3606,589974,
1789178040000,2026-09-12T01:54:00.000Z,1.3606,1.3613,1.3601,1.3603,58303,
1789178220000,2026-09-12T01:57:00.000Z,1.3603,1.3606,1.3596,1.3602,94703,
1789178400000,2026-09-12T02:00:00.000Z,1.3602,1.3616,1.36,1.3603,56309,
1789178580000,2026-09-12T02:03:00.000Z,1.3603,1.3603,1.359,1.3594,170698,
1789178760000,2026-09-12T02:06:00.000Z,1.3594,1.3606,1.3593,1.3605,64658,
1789178940000,2026-09-12T02:09:00.000Z,1.3605,1.3609,1.3603,1.3608,13505,
1789179120000,2026-09-12T02:12:00.000Z,1.3608,1.3609,1.3599,1.3601,18180,
1789179300000,2026-09-12T02:15:00.000Z,1.3601,1.3613,1.3598,1.3612,74094,
1789179480000,2026-09-12T02:18:00.000Z,1.3612,1.3619,1.3609,1.3616,166736,
1789179660000,2026-09-12T02:21:00.000Z,1.3616,1.362,1.3615,1.362,74396,
1789179840000,2026-09-12T02:24:00.000Z,1.362,1.3624,1.3616,1.3621,56784,
1789180020000,2026-09-12T02:27:00.000Z,1.3621,1.3625,1.3614,1.3616,33137,
1789180200000,2026-09-12T02:30:00.000Z,1.3616,1.362,1.3615,1.362,21664,
1789180380000,2026-09-12T02:33:00.000Z,1.362,1.3627,1.3608,1.3617,427711,
1789180560000,2026-09-12T02:36:00.000Z,1.3617,1.3623,1.3614,1.3614,61329,
1789180740000,2026-09-12T02:39:00.000Z,1.3614,1.3628,1.3607,1.3608,768940,
1789180920000,2026-09-12T02:42:00.000Z,1.3608,1.3611,1.3605,1.3606,18706,
1789181100000,2026-09-12T02:45:00.000Z,1.3606,1.3627,1.3604,1.3619,976448,
1789181280000,2026-09-12T02:48:00.000Z,1.3619,1.3629,1.3618,1.3629,40320,
1789181460000,2026-09-12T02:51:00.000Z,1.3629,1.3633,1.3606,1.3614,1003173,
1789181640000,2026-09-12T02:54:00.000Z,1.3614,1.3618,1.3608,1.3609,33185,
1789181820000,2026-09-12T02:57:00.000Z,1.3609,1.3635,1.3608,1.3631,655832,
1789182000000,2026-09-12T03:00:00.000Z,1.3631,1.3631,1.3617,1.3627,119406,
1789182180000,2026-09-12T03:03:00.000Z,1.3627,1.3652,1.3627,1.3652,377903,
1789182360000,2026-09-12T03:06:00.000Z,1.3652,1.3653,1.3629,1.3633,692457,
1789182540000,2026-09-12T03:09:00.000Z,1.3633,1.3644,1.363,1.3642,195466,
1789182720000,2026-09-12T03:12:00.000Z,1.3642,1.3642,1.3622,1.3624,142207,
1789182900000,2026-09-12T03:15:00.000Z,1.3624,1.3647,1.3616,1.364,971593,
1789183080000,2026-09-12T03:18:00.000Z,1.364,1.3641,1.3627,1.3631,235220,
1789183260000,2026-09-12T03:21:00.000Z,1.3631,1.3631,1.3617,1.3621,261942,
1789183440000,2026-09-12T03:24:00.000Z,1.3621,1.3621,1.3616,1.3617,121947,
1789183620000,2026-09-12T03:27:00.000Z,1.3617,1.3631,1.3617,1.3631,112184,
1789183800000,2026-09-12T03:30:00.000Z,1.3631,1.3635,1.363,1.3633,77941,
1789183980000,2026-09-12T03:33:00.000Z,1.3633,1.3638,1.3627,1.3628,72114,
1789184160000,2026-09-12T03:36:00.000Z,1.3628,1.3629,1.3625,1.3627,104122,
1789184340000,2026-09-12T03:39:00.000Z,1.3627,1.3632,1.3625,1.363,38230,
1789184520000,2026-09-12T03:42:00.000Z,1.363,1.3632,1.3624,1.3627,139296,
1789184700000,2026-09-12T03:45:00.000Z,1.3627,1.3627,1.3621,1.3622,62236,
1789184880000,2026-09-12T03:48:00.000Z,1.3622,1.3625,1.3617,1.3622,55438,
1789185060000,2026-09-12T03:51:00.000Z,1.3622,1.3629,1.3622,1.3629,55018,
1789185240000,2026-09-12T03:54:00.000Z,1.3629,1.3632,1.3627,1.3629,29201,
1789185420000,2026-09-12T03:57:00.000Z,1.3629,1.3633,1.3625,1.3633,26108,
1789185600000,2026-09-12T04:00:00.000Z,1.3633,1.3643,1.3629,1.3643,128108,
1789185780000,2026-09-12T04:03:00.000Z,1.3643,1.3643,1.363,1.3635,16722,
1789185960000,2026-09-12T04:06:00.000Z,1.3635,1.3635,1.3626,1.3631,19811,
1789186140000,2026-09-12T04:09:00.000Z,1.3631,1.3631,1.3626,1.363,16456,
1789186320000,2026-09-12T04:12:00.000Z,1.363,1.3633,1.3629,1.3632,12525,
1789186500000,2026-09-12T04:15:00.000Z,1.3632,1.3637,1.3615,1.3615,619563,
1789186680000,2026-09-12T04:18:00.000Z,1.3615,1.3632,1.3609,1.3624,591504,
1789186860000,2026-09-12T04:21:00.000Z,1.3624,1.3627,1.3623,1.3627,56765,
1789187040000,2026-09-12T04:24:00.000Z,1.3627,1.3629,1.3625,1.3629,58353,
1789187220000,2026-09-12T04:27:00.000Z,1.3629,1.3636,1.3627,1.3635,51689,
1789187400000,2026-09-12T04:30:00.000Z,1.3635,1.3639,1.3635,1.3636,14918,
1789187580000,2026-09-12T04:33:00.000Z,1.3636,1.3639,1.3634,1.3635,18534,
1789187760000,2026-09-12T04:36:00.000Z,1.3635,1.3648,1.3635,1.3648,387452,
1789187940000,2026-09-12T04:39:00.000Z,1.3648,1.3649,1.3641,1.3641,21051,
1789188120000,2026-09-12T04:42:00.000Z,1.3641,1.3654,1.3635,1.3639,504284,
1789188300000,2026-09-12T04:45:00.000Z,1.3639,1.3639,1.363,1.363,30727,
1789188480000,2026-09-12T04:48:00.000Z,1.363,1.3637,1.3627,1.3636,14183,
1789188660000,2026-09-12T04:51:00.000Z,1.3636,1.3638,1.3629,1.3629,6829,
1789188840000,2026-09-12T04:54:00.000Z,1.3629,1.3632,1.3627,1.3628,78392,
1789189020000,2026-09-12T04:57:00.000Z,1.3628,1.3628,1.3625,1.3625,10197,
1789189200000,2026-09-12T05:00:00.000Z,1.3625,1.3632,1.3624,1.3624,46515,
1789189380000,2026-09-12T05:03:00.000Z,1.3624,1.3628,1.362,1.362,173445,
1789189560000,2026-09-12T05:06:00.000Z,1.362,1.3621,1.3611,1.3617,106592,
1789189740000,2026-09-12T05:09:00.000Z,1.3617,1.3621,1.3613,1.3619,70126,
1789189920000,2026-09-12T05:12:00.000Z,1.3619,1.3619,1.3611,1.3613,47237,
1789190100000,2026-09-12T05:15:00.000Z,1.3613,1.3628,1.3603,1.3627,523116,
1789190280000,2026-09-12T05:18:00.000Z,1.3627,1.3629,1.3624,1.3629,34174,
1789190460000,2026-09-12T05:21:00.000Z,1.3629,1.3631,1.3609,1.3616,970118,
1789190640000,2026-09-12T05:24:00.000Z,1.3616,1.3622,1.3614,1.362,163748,
1789190820000,2026-09-12T05:27:00.000Z,1.362,1.3625,1.3615,1.3615,323832,
1789191000000,2026-09-12T05:30:00.000Z,1.3615,1.363,1.3611,1.3623,1014388,
1789191180000,2026-09-12T05:33:00.000Z,1.3623,1.3642,1.3623,1.3642,65016,
1789191360000,2026-09-12T05:36:00.000Z,1.3642,1.3647,1.3623,1.3637,1350283,
1789191540000,2026-09-12T05:39:00.000Z,1.3637,1.364,1.3633,1.3633,69965,
1789191720000,2026-09-12T05:42:00.000Z,1.3633,1.3633,1.363,1.3633,21937,
1789191900000,2026-09-12T05:45:00.000Z,1.3633,1.3637,1.3632,1.3637,45711,
1789192080000,2026-09-12T05:48:00.000Z,1.3637,1.3646,1.3636,1.3644,342696,
1789192260000,2026-09-12T05:51:00.000Z,1.3644,1.3645,1.3638,1.3638,19640,
1789192440000,2026-09-12T05:54:00.000Z,1.3638,1.3638,1.3633,1.3634,73233,
1789192620000,2026-09-12T05:57:00.000Z,1.3634,1.3642,1.363,1.3633,98736,
1789192800000,2026-09-12T06:00:00.000Z,1.3633,1.3633,1.3626,1.3627,111395,
1789192980000,2026-09-12T06:03:00.000Z,1.3627,1.3627,1.362,1.362,28315,
1789193160000,2026-09-12T06:06:00.000Z,1.362,1.362,1.3613,1.3617,45299,
1789193340000,2026-09-12T06:09:00.000Z,1.3617,1.3617,1.3616,1.3617,6833,
1789193520000,2026-09-12T06:12:00.000Z,1.3617,1.3622,1.3612,1.3619,73219,
1789193700000,2026-09-12T06:15:00.000Z,1.3619,1.3627,1.3617,1.3627,102951,
1789193880000,2026-09-12T06:18:00.000Z,1.3627,1.3637,1.3627,1.3633,67681,
1789194060000,2026-09-12T06:21:00.000Z,1.3633,1.3634,1.363,1.3632,132082,
1789194240000,2026-09-12T06:24:00.000Z,1.3632,1.3632,1.3628,1.3629,66777,
1789194420000,2026-09-12T06:27:00.000Z,1.3629,1.3629,1.3622,1.3622,40008,
1789194600000,2026-09-12T06:30:00.000Z,1.3622,1.3645,1.3622,1.3633,752180,
1789194780000,2026-09-12T06:33:00.000Z,1.3633,1.3648,1.3626,1.3631,665654,
1789194960000,2026-09-12T06:36:00.000Z,1.3631,1.3633,1.363,1.363,14840,
1789195140000,2026-09-12T06:39:00.000Z,1.363,1.3638,1.3629,1.363,19096,
1789195320000,2026-09-12T06:42:00.000Z,1.363,1.3648,1.3629,1.3642,627991,
1789195500000,2026-09-12T06:45:00.000Z,1.3642,1.3647,1.3629,1.3645,481031,
1789195680000,2026-09-12T06:48:00.000Z,1.3645,1.3647,1.3626,1.3627,756965,
1789195860000,2026-09-12T06:51:00.000Z,1.3627,1.3629,1.3626,1.3628,16689,
1789196040000,2026-09-12T06:54:00.000Z,1.3628,1.3628,1.3622,1.3622,254548,
1789196220000,2026-09-12T06:57:00.000Z,1.3622,1.3625,1.3622,1.3625,8929,
1789196400000,2026-09-12T07:00:00.000Z,1.3625,1.3627,1.3624,1.3626,9376,
1789196580000,2026-09-12T07:03:00.000Z,1.3626,1.3631,1.3625,1.3631,26187,
1789196760000,2026-09-12T07:06:00.000Z,1.3631,1.364,1.3628,1.364,158720,
1789196940000,2026-09-12T07:09:00.000Z,1.364,1.3641,1.3637,1.3638,200216,
1789197120000,2026-09-12T07:12:00.000Z,1.3638,1.3645,1.3638,1.3645,37103,
1789197300000,2026-09-12T07:15:00.000Z,1.3645,1.365,1.364,1.365,252605,
1789197480000,2026-09-12T07:18:00.000Z,1.365,1.366,1.365,1.3657,100908,
1789197660000,2026-09-12T07:21:00.000Z,1.3657,1.3676,1.3657,1.366,791242,
1789197840000,2026-09-12T07:24:00.000Z,1.366,1.3663,1.3659,1.3661,58450,
1789198020000,2026-09-12T07:27:00.000Z,1.3661,1.3662,1.3659,1.3661,57371,
1789198200000,2026-09-12T07:30:00.000Z,1.3661,1.3662,1.3656,1.3656,55526,
1789198380000,2026-09-12T07:33:00.000Z,1.3656,1.3658,1.3655,1.3658,40324,
1789198560000,2026-09-12T07:36:00.000Z,1.3658,1.366,1.3656,1.3657,48731,
1789198740000,2026-09-12T07:39:00.000Z,1.3657,1.3667,1.3657,1.3663,141605,
1789198920000,2026-09-12T07:42:00.000Z,1.3663,1.3669,1.3663,1.3664,83768,
1789199100000,2026-09-12T07:45:00.000Z,1.3664,1.3668,1.3653,1.3667,1008691,
1789199280000,2026-09-12T07:48:00.000Z,1.3667,1.367,1.3666,1.3668,92046,
1789199460000,2026-09-12T07:51:00.000Z,1.3668,1.3681,1.3666,1.3679,229387,
1789199640000,2026-09-12T07:54:00.000Z,1.3679,1.3682,1.3679,1.3681,55615,
1789199820000,2026-09-12T07:57:00.000Z,1.3681,1.3694,1.3681,1.3685,183070,
1789200000000,2026-09-12T08:00:00.000Z,1.3685,1.3688,1.3669,1.3671,126913,
1789200180000,2026-09-12T08:03:00.000Z,1.3671,1.3686,1.3657,1.3682,947674,
1789200360000,2026-09-12T08:06:00.000Z,1.3682,1.3683,1.3674,1.3677,115006,
1789200540000,2026-09-12T08:09:00.000Z,1.3677,1.3698,1.3671,1.3673,1734018,
1789200720000,2026-09-12T08:12:00.000Z,1.3673,1.3684,1.3652,1.3662,611985,
1789200900000,2026-09-12T08:15:00.000Z,1.3662,1.3688,1.3662,1.368,794674,
1789201080000,2026-09-12T08:18:00.000Z,1.368,1.368,1.3675,1.3679,274570,
1789201260000,2026-09-12T08:21:00.000Z,1.3679,1.3679,1.3653,1.3665,900926,
1789201440000,2026-09-12T08:24:00.000Z,1.3665,1.3665,1.3655,1.3655,17261,
1789201620000,2026-09-12T08:27:00.000Z,1.3655,1.3658,1.3652,1.3652,48851,
1789201800000,2026-09-12T08:30:00.000Z,1.3652,1.3656,1.3648,1.3649,33478,
1789201980000,2026-09-12T08:33:00.000Z,1.3649,1.365,1.3642,1.3643,52683,
1789202160000,2026-09-12T08:36:00.000Z,1.3643,1.3659,1.3638,1.3654,234355,
1789202340000,2026-09-12T08:39:00.000Z,1.3654,1.3657,1.3652,1.3654,19805,
1789202520000,2026-09-12T08:42:00.000Z,1.3654,1.3663,1.3653,1.3661,73272,
1789202700000,2026-09-12T08:45:00.000Z,1.3661,1.3668,1.3661,1.3668,99534,
1789202880000,2026-09-12T08:48:00.000Z,1.3668,1.3668,1.3658,1.366,53264,
1789203060000,2026-09-12T08:51:00.000Z,1.366,1.3667,1.3658,1.3666,47184,
1789203240000,2026-09-12T08:54:00.000Z,1.3666,1.3666,1.3655,1.3658,74829,
1789203420000,2026-09-12T08:57:00.000Z,1.3658,1.3662,1.3654,1.3662,48766,
1789203600000,2026-09-12T09:00:00.000Z,1.3662,1.3665,1.3656,1.3659,19123,
1789203780000,2026-09-12T09:03:00.000Z,1.3659,1.3671,1.3659,1.367,135669,
1789203960000,2026-09-12T09:06:00.000Z,1.367,1.3672,1.3663,1.3666,53661,
1789204140000,2026-09-12T09:09:00.000Z,1.3666,1.3685,1.3664,1.3679,672561,
1789204320000,2026-09-12T09:12:00.000Z,1.3679,1.3684,1.3677,1.3684,223831,
1789204500000,2026-09-12T09:15:00.000Z,1.3684,1.3701,1.3671,1.3674,936912,
1789204680000,2026-09-12T09:18:00.000Z,1.3674,1.3683,1.3674,1.3679,64834,
1789204860000,2026-09-12T09:21:00.000Z,1.3679,1.3679,1.3667,1.3676,194004,
1789205040000,2026-09-12T09:24:00.000Z,1.3676,1.3695,1.3674,1.3692,1070991,
1789205220000,2026-09-12T09:27:00.000Z,1.3692,1.3697,1.3674,1.3682,1156871,
1789205400000,2026-09-12T09:30:00.000Z,1.3682,1.3689,1.3681,1.3681,154296,
1789205580000,2026-09-12T09:33:00.000Z,1.3681,1.3681,1.3673,1.3673,45807,
1789205760000,2026-09-12T09:36:00.000Z,1.3673,1.3693,1.3671,1.3689,1055130,
1789205940000,2026-09-12T09:39:00.000Z,1.3689,1.3691,1.3688,1.3689,40671,
1789206120000,2026-09-12T09:42:00.000Z,1.3689,1.3696,1.3666,1.3677,1272255,
1789206300000,2026-09-12T09:45:00.000Z,1.3677,1.3678,1.3674,1.3675,24119,
1789206480000,2026-09-12T09:48:00.000Z,1.3675,1.3695,1.3672,1.3689,1084624,
1789206660000,2026-09-12T09:51:00.000Z,1.3689,1.3692,1.368,1.3687,440115,
1789206840000,2026-09-12T09:54:00.000Z,1.3687,1.3693,1.3687,1.3692,59541,
1789207020000,2026-09-12T09:57:00.000Z,1.3692,1.3692,1.3687,1.3691,112167,
1789207200000,2026-09-12T10:00:00.000Z,1.3691,1.3701,1.369,1.3701,29556,
1789207380000,2026-09-12T10:03:00.000Z,1.3701,1.371,1.3699,1.3703,471688,
1789207560000,2026-09-12T10:06:00.000Z,1.3703,1.3706,1.3695,1.3701,128893,
1789207740000,2026-09-12T10:09:00.000Z,1.3701,1.3701,1.3695,1.3696,28066,
1789207920000,2026-09-12T10:12:00.000Z,1.3696,1.3699,1.3696,1.3699,4497,
1789208100000,2026-09-12T10:15:00.000Z,1.3699,1.3701,1.3697,1.3698,21512,
1789208280000,2026-09-12T10:18:00.000Z,1.3698,1.3707,1.3698,1.3707,27810,
1789208460000,2026-09-12T10:21:00.000Z,1.3707,1.3712,1.3703,1.371,75281,
1789208640000,2026-09-12T10:24:00.000Z,1.371,1.3713,1.371,1.3711,20653,
1789208820000,2026-09-12T10:27:00.000Z,1.3711,1.3714,1.3711,1.3711,37939,
1789209000000,2026-09-12T10:30:00.000Z,1.3711,1.3711,1.3696,1.3702,608682,
1789209180000,2026-09-12T10:33:00.000Z,1.3702,1.3704,1.3691,1.3704,655763,
1789209360000,2026-09-12T10:36:00.000Z,1.3704,1.3709,1.3701,1.3708,89609,
1789209540000,2026-09-12T10:39:00.000Z,1.3708,1.3726,1.3708,1.372,1042262,
1789209720000,2026-09-12T10:42:00.000Z,1.372,1.3724,1.372,1.372,31560,
1789209900000,2026-09-12T10:45:00.000Z,1.372,1.374,1.372,1.3721,1160786,
1789210080000,2026-09-12T10:48:00.000Z,1.3721,1.3723,1.3718,1.3719,180336,
1789210260000,2026-09-12T10:51:00.000Z,1.3719,1.3719,1.3707,1.371,78875,
1789210440000,2026-09-12T10:54:00.000Z,1.371,1.3731,1.3704,1.3721,1043670,
1789210620000,2026-09-12T10:57:00.000Z,1.3721,1.3728,1.3719,1.3727,35332,
1789210800000,2026-09-12T11:00:00.000Z,1.3727,1.3736,1.3715,1.3717,995657,
1789210980000,2026-09-12T11:03:00.000Z,1.3717,1.3725,1.3715,1.3723,27595,
1789211160000,2026-09-12T11:06:00.000Z,1.3723,1.3728,1.372,1.3722,41121,
1789211340000,2026-09-12T11:09:00.000Z,1.3722,1.3723,1.3711,1.3718,205157,
1789211520000,2026-09-12T11:12:00.000Z,1.3718,1.372,1.3714,1.3716,45732,
1789211700000,2026-09-12T11:15:00.000Z,1.3716,1.3719,1.3707,1.3707,240079,
1789211880000,2026-09-12T11:18:00.000Z,1.3707,1.3709,1.3701,1.3701,122876,
1789212060000,2026-09-12T11:21:00.000Z,1.3701,1.3709,1.3701,1.3709,38415,
1789212240000,2026-09-12T11:24:00.000Z,1.3709,1.3711,1.3708,1.3708,22492,
1789212420000,2026-09-12T11:27:00.000Z,1.3708,1.371,1.3708,1.371,12825,
1789212600000,2026-09-12T11:30:00.000Z,1.371,1.371,1.3702,1.3708,42103,
1789212780000,2026-09-12T11:33:00.000Z,1.3708,1.371,1.3705,1.3707,10042,
1789212960000,2026-09-12T11:36:00.000Z,1.3707,1.3713,1.3706,1.3712,42152,
1789213140000,2026-09-12T11:39:00.000Z,1.3712,1.3712,1.371,1.3711,34073,
1789213320000,2026-09-12T11:42:00.000Z,1.3711,1.3724,1.3711,1.3724,51315,
1789213500000,2026-09-12T11:45:00.000Z,1.3724,1.3726,1.372,1.372,72982,
1789213680000,2026-09-12T11:48:00.000Z,1.372,1.372,1.3719,1.372,6035,
1789213860000,2026-09-12T11:51:00.000Z,1.372,1.3722,1.3718,1.3719,43608,
1789214040000,2026-09-12T11:54:00.000Z,1.3719,1.3722,1.3711,1.3719,117300,
1789214220000,2026-09-12T11:57:00.000Z,1.3719,1.3719,1.3715,1.3717,43347,
1789214400000,2026-09-12T12:00:00.000Z,1.3717,1.3718,1.3714,1.3715,5672,
1789214580000,2026-09-12T12:03:00.000Z,1.3715,1.3728,1.3707,1.3718,870747,
1789214760000,2026-09-12T12:06:00.000Z,1.3718,1.372,1.3717,1.3719,11652,
1789214940000,2026-09-12T12:09:00.000Z,1.3719,1.3721,1.3703,1.3705,762888,
1789215120000,2026-09-12T12:12:00.000Z,1.3705,1.3708,1.3704,1.3706,23113,
1789215300000,2026-09-12T12:15:00.000Z,1.3706,1.372,1.3703,1.3712,667514,
1789215480000,2026-09-12T12:18:00.000Z,1.3712,1.3712,1.3704,1.3705,132552,
1789215660000,2026-09-12T12:21:00.000Z,1.3705,1.3707,1.3704,1.3706,150190,
1789215840000,2026-09-12T12:24:00.000Z,1.3706,1.3706,1.3702,1.3702,54243,
1789216020000,2026-09-12T12:27:00.000Z,1.3702,1.3707,1.3702,1.3706,55914,
1789216200000,2026-09-12T12:30:00.000Z,1.3706,1.3706,1.3703,1.3705,144136,
1789216380000,2026-09-12T12:33:00.000Z,1.3705,1.3713,1.3701,1.371,201585,
1789216560000,2026-09-12T12:36:00.000Z,1.371,1.3712,1.3706,1.3712,64712,
1789216740000,2026-09-12T12:39:00.000Z,1.3712,1.3712,1.3706,1.3708,131555,
1789216920000,2026-09-12T12:42:00.000Z,1.3708,1.3709,1.3695,1.3696,130318,
1789217100000,2026-09-12T12:45:00.000Z,1.3696,1.3703,1.3694,1.3703,108516,
1789217280000,2026-09-12T12:48:00.000Z,1.3703,1.3703,1.369,1.3691,103389,
1789217460000,2026-09-12T12:51:00.000Z,1.3691,1.3691,1.3677,1.3681,1423476,
1789217640000,2026-09-12T12:54:00.000Z,1.3681,1.3686,1.3679,1.3682,111961,
1789217820000,2026-09-12T12:57:00.000Z,1.3682,1.3698,1.368,1.3696,596833,
1789218000000,2026-09-12T13:00:00.000Z,1.3696,1.37,1.3681,1.3689,457885,
1789218180000,2026-09-12T13:03:00.000Z,1.3689,1.3689,1.3682,1.3683,35492,
1789218360000,2026-09-12T13:06:00.000Z,1.3683,1.3706,1.368,1.3703,1176733,
1789218540000,2026-09-12T13:09:00.000Z,1.3703,1.3705,1.3686,1.3686,517360,
1789218720000,2026-09-12T13:12:00.000Z,1.3686,1.3692,1.367,1.3674,1171709,
1789218900000,2026-09-12T13:15:00.000Z,1.3674,1.3684,1.3664,1.3669,404471,
1789219080000,2026-09-12T13:18:00.000Z,1.3669,1.3686,1.3658,1.3676,868028,
1789219260000,2026-09-12T13:21:00.000Z,1.3676,1.3678,1.3675,1.3678,38919,
1789219440000,2026-09-12T13:24:00.000Z,1.3678,1.3685,1.3666,1.3667,637244,
1789219620000,2026-09-12T13:27:00.000Z,1.3667,1.3682,1.3667,1.3678,427100,
1789219800000,2026-09-12T13:30:00.000Z,1.3678,1.3678,1.3671,1.3671,149883,
1789219980000,2026-09-12T13:33:00.000Z,1.3671,1.3691,1.367,1.3678,483386,
1789220160000,2026-09-12T13:36:00.000Z,1.3678,1.3678,1.3671,1.3671,10637,
1789220340000,2026-09-12T13:39:00.000Z,1.3671,1.3671,1.3665,1.3669,82250,
1789220520000,2026-09-12T13:42:00.000Z,1.3669,1.3672,1.3662,1.3665,211305,
1789220700000,2026-09-12T13:45:00.000Z,1.3665,1.3666,1.3655,1.3655,109571,
1789220880000,2026-09-12T13:48:00.000Z,1.3655,1.3661,1.3653,1.366,80295,
1789221060000,2026-09-12T13:51:00.000Z,1.366,1.3666,1.3659,1.3666,30923,
1789221240000,2026-09-12T13:54:00.000Z,1.3666,1.3673,1.3665,1.367,50426,
1789221420000,2026-09-12T13:57:00.000Z,1.367,1.368,1.3669,1.3675,157596,
1789221600000,2026-09-12T14:00:00.000Z,1.3675,1.3676,1.3673,1.3674,16068,
1789221780000,2026-09-12T14:03:00.000Z,1.3674,1.3682,1.3673,1.3678,202862,
1789221960000,2026-09-12T14:06:00.000Z,1.3678,1.3687,1.3678,1.3683,147998,
1789222140000,2026-09-12T14:09:00.000Z,1.3683,1.3683,1.3671,1.3676,98621,
1789222320000,2026-09-12T14:12:00.000Z,1.3676,1.3676,1.3673,1.3673,7879,
1789222500000,2026-09-12T14:15:00.000Z,1.3673,1.3687,1.3673,1.3682,77572,
1789222680000,2026-09-12T14:18:00.000Z,1.3682,1.3685,1.3681,1.3685,12724,
1789222860000,2026-09-12T14:21:00.000Z,1.3685,1.3697,1.3679,1.3682,327004,
1789223040000,2026-09-12T14:24:00.000Z,1.3682,1.3697,1.3679,1.3689,712651,
1789223220000,2026-09-12T14:27:00.000Z,1.3689,1.3699,1.3687,1.3696,361595,
1789223400000,2026-09-12T14:30:00.000Z,1.3696,1.3706,1.3696,1.3705,177719,
1789223580000,2026-09-12T14:33:00.000Z,1.3705,1.3708,1.3696,1.3697,85707,
1789223760000,2026-09-12T14:36:00.000Z,1.3697,1.3704,1.3697,1.3702,67473,
1789223940000,2026-09-12T14:39:00.000Z,1.3702,1.3703,1.37,1.3701,52179,
1789224120000,2026-09-12T14:42:00.000Z,1.3701,1.3701,1.369,1.369,72664,
1789224300000,2026-09-12T14:45:00.000Z,1.369,1.3693,1.369,1.3693,24622,
1789224480000,2026-09-12T14:48:00.000Z,1.3693,1.3695,1.369,1.3691,182311,
1789224660000,2026-09-12T14:51:00.000Z,1.3691,1.3698,1.369,1.369,137356,
1789224840000,2026-09-12T14:54:00.000Z,1.369,1.3692,1.3683,1.3688,225999,
1789225020000,2026-09-12T14:57:00.000Z,1.3688,1.3692,1.3687,1.3692,39161,
1789225200000,2026-09-12T15:00:00.000Z,1.3692,1.3698,1.3692,1.3698,2636,
1789225380000,2026-09-12T15:03:00.000Z,1.3698,1.37,1.3697,1.3697,27059,
1789225560000,2026-09-12T15:06:00.000Z,1.3697,1.3702,1.3686,1.3691,649117,
1789225740000,2026-09-12T15:09:00.000Z,1.3691,1.3695,1.3691,1.3694,73109,
1789225920000,2026-09-12T15:12:00.000Z,1.3694,1.3716,1.3693,1.3707,896394,
1789226100000,2026-09-12T15:15:00.000Z,1.3707,1.3707,1.3702,1.3704,112646,
1789226280000,2026-09-12T15:18:00.000Z,1.3704,1.371,1.3693,1.3696,498116,
1789226460000,2026-09-12T15:21:00.000Z,1.3696,1.3696,1.3693,1.3693,34981,
1789226640000,2026-09-12T15:24:00.000Z,1.3693,1.371,1.3689,1.3704,944885,
1789226820000,2026-09-12T15:27:00.000Z,1.3704,1.3708,1.3702,1.3702,118824,
1789227000000,2026-09-12T15:30:00.000Z,1.3702,1.3709,1.3702,1.3708,47689,
1789227180000,2026-09-12T15:33:00.000Z,1.3708,1.3708,1.3685,1.369,1182104,
1789227360000,2026-09-12T15:36:00.000Z,1.369,1.3692,1.3672,1.3681,255357,
1789227540000,2026-09-12T15:39:00.000Z,1.3681,1.3702,1.3681,1.37,883537,
1789227720000,2026-09-12T15:42:00.000Z,1.37,1.3711,1.3694,1.3707,356499,
1789227900000,2026-09-12T15:45:00.000Z,1.3707,1.3722,1.3697,1.3704,787036,
1789228080000,2026-09-12T15:48:00.000Z,1.3704,1.3721,1.3704,1.3718,396631,
1789228260000,2026-09-12T15:51:00.000Z,1.3718,1.3719,1.3714,1.3716,37815,
1789228440000,2026-09-12T15:54:00.000Z,1.3716,1.374,1.3716,1.3735,741851,
1789228620000,2026-09-12T15:57:00.000Z,1.3735,1.3735,1.3717,1.3717,105344,
1789228800000,2026-09-12T16:00:00.000Z,1.3717,1.3724,1.3717,1.3723,52277,
1789228980000,2026-09-12T16:03:00.000Z,1.3723,1.3725,1.3703,1.3704,623985,
1789229160000,2026-09-12T16:06:00.000Z,1.3704,1.3707,1.3701,1.3707,50981,
1789229340000,2026-09-12T16:09:00.000Z,1.3707,1.3707,1.3706,1.3706,15019,
1789229520000,2026-09-12T16:12:00.000Z,1.3706,1.3708,1.3704,1.3706,41134,
1789229700000,2026-09-12T16:15:00.000Z,1.3706,1.3706,1.37,1.37,56973,
1789229880000,2026-09-12T16:18:00.000Z,1.37,1.3704,1.3699,1.3704,8041,
1789230060000,2026-09-12T16:21:00.000Z,1.3704,1.3706,1.3698,1.3699,62249,
1789230240000,2026-09-12T16:24:00.000Z,1.3699,1.37,1.3697,1.3698,14635,
1789230420000,2026-09-12T16:27:00.000Z,1.3698,1.37,1.3697,1.37,16338,
1789230600000,2026-09-12T16:30:00.000Z,1.37,1.37,1.3692,1.3695,92969,
1789230780000,2026-09-12T16:33:00.000Z,1.3695,1.3697,1.3694,1.3694,21713,
1789230960000,2026-09-12T16:36:00.000Z,1.3694,1.3694,1.3691,1.3694,32590,
1789231140000,2026-09-12T16:39:00.000Z,1.3694,1.3694,1.3689,1.3693,16996,
1789231320000,2026-09-12T16:42:00.000Z,1.3693,1.3693,1.3689,1.3691,4959,
1789231500000,2026-09-12T16:45:00.000Z,1.3691,1.3694,1.3689,1.3694,70214,
1789231680000,2026-09-12T16:48:00.000Z,1.3694,1.3704,1.369,1.3696,934395,
1789231860000,2026-09-12T16:51:00.000Z,1.3696,1.3697,1.3695,1.3695,40396,
1789232040000,2026-09-12T16:54:00.000Z,1.3695,1.3699,1.3695,1.3699,11050,
1789232220000,2026-09-12T16:57:00.000Z,1.3699,1.3699,1.3684,1.3693,647561,
1789232400000,2026-09-12T17:00:00.000Z,1.3693,1.3693,1.3687,1.3687,45764,
1789232580000,2026-09-12T17:03:00.000Z,1.3687,1.3699,1.3682,1.3693,598969,
1789232760000,2026-09-12T17:06:00.000Z,1.3693,1.3693,1.3687,1.3688,69157,
1789232940000,2026-09-12T17:09:00.000Z,1.3688,1.3693,1.3675,1.3675,827855,
1789233120000,2026-09-12T17:12:00.000Z,1.3675,1.3682,1.3675,1.3682,32178,
1789233300000,2026-09-12T17:15:00.000Z,1.3682,1.3683,1.3673,1.3677,133627,
1789233480000,2026-09-12T17:18:00.000Z,1.3677,1.3685,1.3677,1.3685,264400,
1789233660000,2026-09-12T17:21:00.000Z,1.3685,1.3686,1.3664,1.3673,537333,
1789233840000,2026-09-12T17:24:00.000Z,1.3673,1.3673,1.3659,1.3669,154747,
1789234020000,2026-09-12T17:27:00.000Z,1.3669,1.3671,1.3669,1.3669,10644,
1789234200000,2026-09-12T17:30:00.000Z,1.3669,1.367,1.3661,1.3665,44707,
1789234380000,2026-09-12T17:33:00.000Z,1.3665,1.3673,1.3663,1.3673,61976,
1789234560000,2026-09-12T17:36:00.000Z,1.3673,1.3673,1.3669,1.3669,31656,
1789234740000,2026-09-12T17:39:00.000Z,1.3669,1.3669,1.3664,1.3668,57180,
1789234920000,2026-09-12T17:42:00.000Z,1.3668,1.3678,1.3668,1.3678,106102,
1789235100000,2026-09-12T17:45:00.000Z,1.3678,1.3678,1.3666,1.3666,47650,
1789235280000,2026-09-12T17:48:00.000Z,1.3666,1.3669,1.3663,1.3665,165935,
1789235460000,2026-09-12T17:51:00.000Z,1.3665,1.3666,1.3658,1.3659,62707,
1789235640000,2026-09-12T17:54:00.000Z,1.3659,1.3668,1.3659,1.3664,12162,
1789235820000,2026-09-12T17:57:00.000Z,1.3664,1.3665,1.3663,1.3663,9747,
1789236000000,2026-09-12T18:00:00.000Z,1.3663,1.3663,1.3652,1.3652,45273,
1789236180000,2026-09-12T18:03:00.000Z,1.3652,1.3656,1.3639,1.3656,181720,
1789236360000,2026-09-12T18:06:00.000Z,1.3656,1.3656,1.3623,1.3644,1207843,
1789236540000,2026-09-12T18:09:00.000Z,1.3644,1.3659,1.3639,1.3651,539621,
1789236720000,2026-09-12T18:12:00.000Z,1.3651,1.3654,1.3646,1.3649,184392,
1789236900000,2026-09-12T18:15:00.000Z,1.3649,1.3657,1.3635,1.3635,1145204,
1789237080000,2026-09-12T18:18:00.000Z,1.3635,1.3643,1.3633,1.3643,62737,
1789237260000,2026-09-12T18:21:00.000Z,1.3643,1.3655,1.3635,1.3651,909712,
1789237440000,2026-09-12T18:24:00.000Z,1.3651,1.3653,1.3644,1.3644,88766,
1789237620000,2026-09-12T18:27:00.000Z,1.3644,1.3652,1.3644,1.3652,18884,
1789237800000,2026-09-12T18:30:00.000Z,1.3652,1.3654,1.3635,1.364,1070810,
1789237980000,2026-09-12T18:33:00.000Z,1.364,1.3641,1.3634,1.3635,13186,
1789238160000,2026-09-12T18:36:00.000Z,1.3635,1.3647,1.3625,1.364,970880,
1789238340000,2026-09-12T18:39:00.000Z,1.364,1.3641,1.3635,1.3635,63291,
1789238520000,2026-09-12T18:42:00.000Z,1.3635,1.3637,1.3635,1.3635,7804,
1789238700000,2026-09-12T18:45:00.000Z,1.3635,1.3644,1.3635,1.3642,34227,
1789238880000,2026-09-12T18:48:00.000Z,1.3642,1.3642,1.3638,1.3638,8754,
1789239060000,2026-09-12T18:51:00.000Z,1.3638,1.3638,1.3622,1.3625,134714,
1789239240000,2026-09-12T18:54:00.000Z,1.3625,1.363,1.3625,1.363,46646,
1789239420000,2026-09-12T18:57:00.000Z,1.363,1.363,1.3627,1.3627,54145,
1789239600000,2026-09-12T19:00:00.000Z,1.3627,1.3631,1.3626,1.3627,14603,
1789239780000,2026-09-12T19:03:00.000Z,1.3627,1.3635,1.3623,1.3632,327891,
1789239960000,2026-09-12T19:06:00.000Z,1.3632,1.364,1.362,1.3622,584533,
1789240140000,2026-09-12T19:09:00.000Z,1.3622,1.363,1.3617,1.3629,287086,
1789240320000,2026-09-12T19:12:00.000Z,1.3629,1.3642,1.3622,1.364,689095,
1789240500000,2026-09-12T19:15:00.000Z,1.364,1.364,1.363,1.3632,39379,
1789240680000,2026-09-12T19:18:00.000Z,1.3632,1.364,1.3621,1.3626,600463,
1789240860000,2026-09-12T19:21:00.000Z,1.3626,1.3627,1.3625,1.3627,5344,
1789241040000,2026-09-12T19:24:00.000Z,1.3627,1.3632,1.3623,1.3623,72213,
1789241220000,2026-09-12T19:27:00.000Z,1.3623,1.3641,1.3623,1.3635,905497,
1789241400000,2026-09-12T19:30:00.000Z,1.3635,1.3635,1.3631,1.3631,20093,
1789241580000,2026-09-12T19:33:00.000Z,1.3631,1.3631,1.3613,1.3621,951203,
1789241760000,2026-09-12T19:36:00.000Z,1.3621,1.3621,1.3606,1.3608,239391,
1789241940000,2026-09-12T19:39:00.000Z,1.3608,1.3625,1.3606,1.3617,749869,
1789242120000,2026-09-12T19:42:00.000Z,1.3617,1.3617,1.3612,1.3615,156525,
1789242300000,2026-09-12T19:45:00.000Z,1.3615,1.3618,1.3615,1.3616,16925,
1789242480000,2026-09-12T19:48:00.000Z,1.3616,1.3625,1.3616,1.3623,179331,
1789242660000,2026-09-12T19:51:00.000Z,1.3623,1.3628,1.3618,1.3619,58233,
1789242840000,2026-09-12T19:54:00.000Z,1.3619,1.3624,1.3615,1.3622,47103,
1789243020000,2026-09-12T19:57:00.000Z,1.3622,1.3626,1.362,1.362,49447,
1789243200000,2026-09-12T20:00:00.000Z,1.362,1.3632,1.3619,1.3632,60704,
1789243380000,2026-09-12T20:03:00.000Z,1.3632,1.364,1.3621,1.3635,296021,
1789243560000,2026-09-12T20:06:00.000Z,1.3635,1.364,1.3632,1.3639,107210,
1789243740000,2026-09-12T20:09:00.000Z,1.3639,1.3643,1.3638,1.3642,26053,
1789243920000,2026-09-12T20:12:00.000Z,1.3642,1.3654,1.3642,1.3646,313950,
1789244100000,2026-09-12T20:15:00.000Z,1.3646,1.3656,1.3645,1.3645,119158,
1789244280000,2026-09-12T20:18:00.000Z,1.3645,1.3645,1.364,1.3641,133204,
1789244460000,2026-09-12T20:21:00.000Z,1.3641,1.3648,1.3641,1.3647,94245,
1789244640000,2026-09-12T20:24:00.000Z,1.3647,1.3651,1.3647,1.3651,9396,
1789244820000,2026-09-12T20:27:00.000Z,1.3651,1.3654,1.3649,1.365,39167,
1789245000000,2026-09-12T20:30:00.000Z,1.365,1.3655,1.365,1.3655,25845,
1789245180000,2026-09-12T20:33:00.000Z,1.3655,1.3655,1.3642,1.3646,302430,
1789245360000,2026-09-12T20:36:00.000Z,1.3646,1.3649,1.3644,1.3645,16629,
1789245540000,2026-09-12T20:39:00.000Z,1.3645,1.3647,1.3644,1.3645,27752,
1789245720000,2026-09-12T20:42:00.000Z,1.3645,1.3662,1.3645,1.3653,819909,
1789245900000,2026-09-12T20:45:00.000Z,1.3653,1.3656,1.3652,1.3655,5914,
1789246080000,2026-09-12T20:48:00.000Z,1.3655,1.3659,1.3655,1.3658,26985,
1789246260000,2026-09-12T20:51:00.000Z,1.3658,1.3662,1.3639,1.3639,534096,
1789246440000,2026-09-12T20:54:00.000Z,1.3639,1.364,1.3637,1.3639,64014,
1789246620000,2026-09-12T20:57:00.000Z,1.3639,1.364,1.3639,1.3639,5205,
1789246800000,2026-09-12T21:00:00.000Z,1.3639,1.3657,1.3636,1.3647,647815,
1789246980000,2026-09-12T21:03:00.000Z,1.3647,1.3649,1.3647,1.3649,13003,
1789247160000,2026-09-12T21:06:00.000Z,1.3649,1.3655,1.3649,1.3654,7272,
1789247340000,2026-09-12T21:09:00.000Z,1.3654,1.3659,1.3652,1.3659,11325,
1789247520000,2026-09-12T21:12:00.000Z,1.3659,1.3659,1.3638,1.3649,708686,
1789247700000,2026-09-12T21:15:00.000Z,1.3649,1.3649,1.3644,1.3644,8669,
1789247880000,2026-09-12T21:18:00.000Z,1.3644,1.3644,1.3635,1.3636,8689,
1789248060000,2026-09-12T21:21:00.000Z,1.3636,1.3643,1.3636,1.3643,47491,
1789248240000,2026-09-12T21:24:00.000Z,1.3643,1.3644,1.3642,1.3643,5189,
1789248420000,2026-09-12T21:27:00.000Z,1.3643,1.3647,1.3643,1.3647,12745,
1789248600000,2026-09-12T21:30:00.000Z,1.3647,1.3648,1.364,1.364,12314,
1789248780000,2026-09-12T21:33:00.000Z,1.364,1.3641,1.3639,1.3641,10925,
1789248960000,2026-09-12T21:36:00.000Z,1.3641,1.3641,1.3639,1.3639,9786,
1789249140000,2026-09-12T21:39:00.000Z,1.3639,1.364,1.3637,1.3638,22069,
1789249320000,2026-09-12T21:42:00.000Z,1.3638,1.3641,1.3635,1.3636,75497,
1789249500000,2026-09-12T21:45:00.000Z,1.3636,1.3636,1.3626,1.363,15197,
1789249680000,2026-09-12T21:48:00.000Z,1.363,1.3631,1.3625,1.3625,7822,
1789249860000,2026-09-12T21:51:00.000Z,1.3625,1.3628,1.3624,1.3628,6626,
1789250040000,2026-09-12T21:54:00.000Z,1.3628,1.3628,1.3622,1.3626,23767,
1789250220000,2026-09-12T21:57:00.000Z,1.3626,1.3627,1.3619,1.3624,32210,
1789250400000,2026-09-12T22:00:00.000Z,1.3624,1.3631,1.3614,1.3626,713462,
1789250580000,2026-09-12T22:03:00.000Z,1.3626,1.363,1.362,1.362,75147,
1789250760000,2026-09-12T22:06:00.000Z,1.362,1.3628,1.3607,1.3613,396636,
1789250940000,2026-09-12T22:09:00.000Z,1.3613,1.3629,1.3613,1.3629,60851,
1789251120000,2026-09-12T22:12:00.000Z,1.3629,1.3639,1.3621,1.3638,635226,
1789251300000,2026-09-12T22:15:00.000Z,1.3638,1.3638,1.3631,1.3632,31063,
1789251480000,2026-09-12T22:18:00.000Z,1.3632,1.3645,1.3632,1.3645,38209,
1789251660000,2026-09-12T22:21:00.000Z,1.3645,1.3652,1.3642,1.3651,38331,
1789251840000,2026-09-12T22:24:00.000Z,1.3651,1.3651,1.3629,1.3635,824479,
1789252020000,2026-09-12T22:27:00.000Z,1.3635,1.3636,1.3616,1.3616,29241,
1789252200000,2026-09-12T22:30:00.000Z,1.3616,1.363,1.3609,1.362,834577,
1789252380000,2026-09-12T22:33:00.000Z,1.362,1.362,1.3613,1.362,27826,
1789252560000,2026-09-12T22:36:00.000Z,1.362,1.3621,1.3616,1.3621,11037,
1789252740000,2026-09-12T22:39:00.000Z,1.3621,1.3621,1.3618,1.3618,24393,
1789252920000,2026-09-12T22:42:00.000Z,1.3618,1.3618,1.361,1.3615,550131,
1789253100000,2026-09-12T22:45:00.000Z,1.3615,1.3624,1.3614,1.3624,25976,
1789253280000,2026-09-12T22:48:00.000Z,1.3624,1.3629,1.3622,1.3628,19222,
1789253460000,2026-09-12T22:51:00.000Z,1.3628,1.3631,1.3626,1.3631,20152,
1789253640000,2026-09-12T22:54:00.000Z,1.3631,1.3631,1.3627,1.3628,2144,
1789253820000,2026-09-12T22:57:00.000Z,1.3628,1.3628,1.3622,1.3625,5222,
1789254000000,2026-09-12T23:00:00.000Z,1.3625,1.363,1.3625,1.363,3389,
1789254180000,2026-09-12T23:03:00.000Z,1.363,1.3636,1.3623,1.3629,214026,
1789254360000,2026-09-12T23:06:00.000Z,1.3629,1.3635,1.3629,1.363,73717,
1789254540000,2026-09-12T23:09:00.000Z,1.363,1.3633,1.3627,1.3633,41751,
1789254720000,2026-09-12T23:12:00.000Z,1.3633,1.3638,1.3633,1.3638,25725,
1789254900000,2026-09-12T23:15:00.000Z,1.3638,1.3645,1.3638,1.3641,18486,
1789255080000,2026-09-12T23:18:00.000Z,1.3641,1.3646,1.3641,1.3642,7949,
1789255260000,2026-09-12T23:21:00.000Z,1.3642,1.3644,1.3641,1.3641,10877,
1789255440000,2026-09-12T23:24:00.000Z,1.3641,1.3645,1.3641,1.3644,37076,
1789255620000,2026-09-12T23:27:00.000Z,1.3644,1.3651,1.3644,1.365,232477,
1789255800000,2026-09-12T23:30:00.000Z,1.365,1.3651,1.3646,1.365,17831,
1789255980000,2026-09-12T23:33:00.000Z,1.365,1.3652,1.3649,1.365,4439,
1789256160000,2026-09-12T23:36:00.000Z,1.365,1.3653,1.3646,1.3651,57441,
1789256340000,2026-09-12T23:39:00.000Z,1.3651,1.3653,1.3648,1.3653,50728,
1789256520000,2026-09-12T23:42:00.000Z,1.3653,1.3668,1.3653,1.3663,161499,
1789256700000,2026-09-12T23:45:00.000Z,1.3663,1.3664,1.3661,1.3663,49496,
1789256880000,2026-09-12T23:48:00.000Z,1.3663,1.3664,1.3661,1.3663,33475,
1789257060000,2026-09-12T23:51:00.000Z,1.3663,1.3663,1.3662,1.3663,5301,
1789257240000,2026-09-12T23:54:00.000Z,1.3663,1.3663,1.3659,1.3659,10008,
1789257420000,2026-09-12T23:57:00.000Z,1.3659,1.3662,1.3656,1.3656,45429,
1789257600000,2026-09-13T00:00:00.000Z,1.3656,1.3657,1.3644,1.365,157055,
1789257780000,2026-09-13T00:03:00.000Z,1.365,1.3653,1.3644,1.365,133450,
1789257960000,2026-09-13T00:06:00.000Z,1.365,1.3655,1.3648,1.3655,7172,
1789258140000,2026-09-13T00:09:00.000Z,1.3655,1.3661,1.3651,1.3651,64493,
1789258320000,2026-09-13T00:12:00.000Z,1.3651,1.3651,1.365,1.3651,4252,
1789258500000,2026-09-13T00:15:00.000Z,1.3651,1.3651,1.364,1.3647,149395,
1789258680000,2026-09-13T00:18:00.000Z,1.3647,1.3648,1.3646,1.3647,53112,
1789258860000,2026-09-13T00:21:00.000Z,1.3647,1.3659,1.3647,1.3654,127149,
1789259040000,2026-09-13T00:24:00.000Z,1.3654,1.3665,1.3654,1.3664,18796,
1789259220000,2026-09-13T00:27:00.000Z,1.3664,1.3664,1.366,1.366,7460,
1789259400000,2026-09-13T00:30:00.000Z,1.366,1.366,1.3655,1.3655,8125,
1789259580000,2026-09-13T00:33:00.000Z,1.3655,1.3656,1.3653,1.3656,12854,
1789259760000,2026-09-13T00:36:00.000Z,1.3656,1.3662,1.3655,1.3661,34111,
1789259940000,2026-09-13T00:39:00.000Z,1.3661,1.3663,1.3657,1.3663,13082,
1789260120000,2026-09-13T00:42:00.000Z,1.3663,1.3664,1.366,1.366,8716,
1789260300000,2026-09-13T00:45:00.000Z,1.366,1.3667,1.366,1.3665,24903,
1789260480000,2026-09-13T00:48:00.000Z,1.3665,1.3668,1.3665,1.3668,13789,
1789260660000,2026-09-13T00:51:00.000Z,1.3668,1.3673,1.3668,1.3673,69855,
1789260840000,2026-09-13T00:54:00.000Z,1.3673,1.3673,1.3667,1.367,23491,
1789261020000,2026-09-13T00:57:00.000Z,1.367,1.367,1.3667,1.3667,15675,
1789261200000,2026-09-13T01:00:00.000Z,1.3667,1.3669,1.3665,1.3667,30315,
1789261380000,2026-09-13T01:03:00.000Z,1.3667,1.3667,1.3662,1.3662,16726,
1789261560000,2026-09-13T01:06:00.000Z,1.3662,1.3676,1.3661,1.3671,418039,
1789261740000,2026-09-13T01:09:00.000Z,1.3671,1.3677,1.3655,1.3665,762835,
1789261920000,2026-09-13T01:12:00.000Z,1.3665,1.3666,1.3648,1.3657,473133,
1789262100000,2026-09-13T01:15:00.000Z,1.3657,1.3657,1.3641,1.3641,19137,
1789262280000,2026-09-13T01:18:00.000Z,1.3641,1.3656,1.3637,1.3653,513609,
1789262460000,2026-09-13T01:21:00.000Z,1.3653,1.367,1.3653,1.3669,152977,
1789262640000,2026-09-13T01:24:00.000Z,1.3669,1.367,1.3668,1.3668,36266,
1789262820000,2026-09-13T01:27:00.000Z,1.3668,1.3668,1.3648,1.3651,608957,
1789263000000,2026-09-13T01:30:00.000Z,1.3651,1.3652,1.3634,1.364,177772,
1789263180000,2026-09-13T01:33:00.000Z,1.364,1.3642,1.3636,1.3636,43180,
1789263360000,2026-09-13T01:36:00.000Z,1.3636,1.3636,1.3634,1.3634,19231,
1789263540000,2026-09-13T01:39:00.000Z,1.3634,1.3659,1.3633,1.3658,553593,
1789263720000,2026-09-13T01:42:00.000Z,1.3658,1.3659,1.3654,1.3657,100636,
1789263900000,2026-09-13T01:45:00.000Z,1.3657,1.3669,1.3653,1.3665,195533,
1789264080000,2026-09-13T01:48:00.000Z,1.3665,1.3665,1.3655,1.3659,125819,
1789264260000,2026-09-13T01:51:00.000Z,1.3659,1.3674,1.3659,1.3669,39527,
1789264440000,2026-09-13T01:54:00.000Z,1.3669,1.3672,1.3667,1.3672,45502,
1789264620000,2026-09-13T01:57:00.000Z,1.3672,1.3674,1.3669,1.367,26361,
1789264800000,2026-09-13T02:00:00.000Z,1.367,1.3671,1.3665,1.3665,41590,
1789264980000,2026-09-13T02:03:00.000Z,1.3665,1.3666,1.3662,1.3662,41844,
1789265160000,2026-09-13T02:06:00.000Z,1.3662,1.3662,1.3658,1.3662,35573,
1789265340000,2026-09-13T02:09:00.000Z,1.3662,1.3663,1.3658,1.366,12508,
1789265520000,2026-09-13T02:12:00.000Z,1.366,1.3661,1.366,1.366,6824,
1789265700000,2026-09-13T02:15:00.000Z,1.366,1.3661,1.3657,1.3657,24637,
1789265880000,2026-09-13T02:18:00.000Z,1.3657,1.3661,1.3655,1.3655,84341,
1789266060000,2026-09-13T02:21:00.000Z,1.3655,1.366,1.3654,1.366,16701,
1789266240000,2026-09-13T02:24:00.000Z,1.366,1.3662,1.3647,1.3653,203137,
1789266420000,2026-09-13T02:27:00.000Z,1.3653,1.366,1.3653,1.3653,100774,
1789266600000,2026-09-13T02:30:00.000Z,1.3653,1.3668,1.3652,1.3661,383478,
1789266780000,2026-09-13T02:33:00.000Z,1.3661,1.3666,1.3661,1.3666,1298,
1789266960000,2026-09-13T02:36:00.000Z,1.3666,1.3672,1.3657,1.3663,362107,
1789267140000,2026-09-13T02:39:00.000Z,1.3663,1.3663,1.3658,1.3658,33556,
1789267320000,2026-09-13T02:42:00.000Z,1.3658,1.3682,1.3658,1.3681,607713,
1789267500000,2026-09-13T02:45:00.000Z,1.3681,1.3684,1.3677,1.3677,9355,
1789267680000,2026-09-13T02:48:00.000Z,1.3677,1.3687,1.3675,1.3687,75358,
1789267860000,2026-09-13T02:51:00.000Z,1.3687,1.3696,1.3674,1.3674,894970,
1789268040000,2026-09-13T02:54:00.000Z,1.3674,1.3682,1.3674,1.3676,20758,
1789268220000,2026-09-13T02:57:00.000Z,1.3676,1.3676,1.3673,1.3675,21736,
1789268400000,2026-09-13T03:00:00.000Z,1.3675,1.3675,1.3669,1.3672,102065,
1789268580000,2026-09-13T03:03:00.000Z,1.3672,1.3688,1.3671,1.3677,582519,
1789268760000,2026-09-13T03:06:00.000Z,1.3677,1.3678,1.367,1.3671,64688,
1789268940000,2026-09-13T03:09:00.000Z,1.3671,1.3675,1.3671,1.3675,82087,
1789269120000,2026-09-13T03:12:00.000Z,1.3675,1.3675,1.3659,1.366,93516,
1789269300000,2026-09-13T03:15:00.000Z,1.366,1.366,1.3655,1.3655,49006,
1789269480000,2026-09-13T03:18:00.000Z,1.3655,1.3658,1.3655,1.3656,56308,
1789269660000,2026-09-13T03:21:00.000Z,1.3656,1.3666,1.3656,1.3659,30809,
1789269840000,2026-09-13T03:24:00.000Z,1.3659,1.3671,1.3652,1.3668,70590,
1789270020000,2026-09-13T03:27:00.000Z,1.3668,1.3668,1.3652,1.3652,177386,
1789270200000,2026-09-13T03:30:00.000Z,1.3652,1.3652,1.3634,1.3634,94806,
1789270380000,2026-09-13T03:33:00.000Z,1.3634,1.3643,1.3631,1.3632,90970,
1789270560000,2026-09-13T03:36:00.000Z,1.3632,1.3633,1.3623,1.3625,168394,
1789270740000,2026-09-13T03:39:00.000Z,1.3625,1.3626,1.3623,1.3626,56444,
1789270920000,2026-09-13T03:42:00.000Z,1.3626,1.3635,1.3625,1.3634,42766,
1789271100000,2026-09-13T03:45:00.000Z,1.3634,1.3635,1.3616,1.3623,487210,
1789271280000,2026-09-13T03:48:00.000Z,1.3623,1.363,1.3623,1.3626,73590,
1789271460000,2026-09-13T03:51:00.000Z,1.3626,1.3635,1.3621,1.3634,384870,
1789271640000,2026-09-13T03:54:00.000Z,1.3634,1.3634,1.3631,1.3632,58574,
1789271820000,2026-09-13T03:57:00.000Z,1.3632,1.3642,1.3619,1.363,489765,
1789272000000,2026-09-13T04:00:00.000Z,1.363,1.363,1.3627,1.3628,25191,
1789272180000,2026-09-13T04:03:00.000Z,1.3628,1.3647,1.3628,1.3638,505670,
1789272360000,2026-09-13T04:06:00.000Z,1.3638,1.3639,1.3634,1.3637,20599,
1789272540000,2026-09-13T04:09:00.000Z,1.3637,1.3647,1.3636,1.3647,28248,
1789272720000,2026-09-13T04:12:00.000Z,1.3647,1.3649,1.3627,1.3632,413675,
1789272900000,2026-09-13T04:15:00.000Z,1.3632,1.3642,1.3632,1.3642,13611,
1789273080000,2026-09-13T04:18:00.000Z,1.3642,1.3645,1.3641,1.3643,28139,
1789273260000,2026-09-13T04:21:00.000Z,1.3643,1.3643,1.3632,1.3637,104338,
1789273440000,2026-09-13T04:24:00.000Z,1.3637,1.3645,1.3637,1.3643,48866,
1789273620000,2026-09-13T04:27:00.000Z,1.3643,1.3644,1.3642,1.3642,11909,
1789273800000,2026-09-13T04:30:00.000Z,1.3642,1.3642,1.3637,1.3638,6727,
1789273980000,2026-09-13T04:33:00.000Z,1.3638,1.3639,1.3636,1.3639,16612,
1789274160000,2026-09-13T04:36:00.000Z,1.3639,1.3639,1.3635,1.3635,12836,
1789274340000,2026-09-13T04:39:00.000Z,1.3635,1.3635,1.3626,1.3631,68041,
1789274520000,2026-09-13T04:42:00.000Z,1.3631,1.3633,1.3631,1.3633,15877,
1789274700000,2026-09-13T04:45:00.000Z,1.3633,1.3634,1.363,1.3632,22489,
1789274880000,2026-09-13T04:48:00.000Z,1.3632,1.3632,1.363,1.3631,1004,
1789275060000,2026-09-13T04:51:00.000Z,1.3631,1.3634,1.3631,1.3634,3947,
1789275240000,2026-09-13T04:54:00.000Z,1.3634,1.3636,1.3633,1.3636,9602,
1789275420000,2026-09-13T04:57:00.000Z,1.3636,1.3637,1.3632,1.3636,101357,
1789275600000,2026-09-13T05:00:00.000Z,1.3636,1.3641,1.3632,1.3641,14000,
1789275780000,2026-09-13T05:03:00.000Z,1.3641,1.3642,1.364,1.3642,3743,
1789275960000,2026-09-13T05:06:00.000Z,1.3642,1.3644,1.3642,1.3644,13438,
1789276140000,2026-09-13T05:09:00.000Z,1.3644,1.3646,1.3644,1.3646,26738,
1789276320000,2026-09-13T05:12:00.000Z,1.3646,1.3655,1.3646,1.3654,101254,
1789276500000,2026-09-13T05:15:00.000Z,1.3654,1.3656,1.3652,1.3656,11517,
1789276680000,2026-09-13T05:18:00.000Z,1.3656,1.3663,1.3656,1.3662,9981,
1789276860000,2026-09-13T05:21:00.000Z,1.3662,1.3664,1.3662,1.3663,19026,
1789277040000,2026-09-13T05:24:00.000Z,1.3663,1.3665,1.3659,1.3659,39228,
1789277220000,2026-09-13T05:27:00.000Z,1.3659,1.3661,1.3654,1.3657,159623,
1789277400000,2026-09-13T05:30:00.000Z,1.3657,1.3669,1.3657,1.3668,73992,
1789277580000,2026-09-13T05:33:00.000Z,1.3668,1.3669,1.3667,1.3669,16501,
1789277760000,2026-09-13T05:36:00.000Z,1.3669,1.3669,1.3666,1.3666,26114,
1789277940000,2026-09-13T05:39:00.000Z,1.3666,1.3666,1.3665,1.3665,1974,
1789278120000,2026-09-13T05:42:00.000Z,1.3665,1.3669,1.3664,1.3666,42155,
1789278300000,2026-09-13T05:45:00.000Z,1.3666,1.3669,1.3666,1.3668,6138,
1789278480000,2026-09-13T05:48:00.000Z,1.3668,1.3677,1.3668,1.3675,159645,
1789278660000,2026-09-13T05:51:00.000Z,1.3675,1.3677,1.3671,1.3675,139112,
1789278840000,2026-09-13T05:54:00.000Z,1.3675,1.3675,1.3673,1.3673,17709,
1789279020000,2026-09-13T05:57:00.000Z,1.3673,1.3673,1.3671,1.3671,14405,
1789279200000,2026-09-13T06:00:00.000Z,1.3671,1.3672,1.3668,1.3669,25053,
1789279380000,2026-09-13T06:03:00.000Z,1.3669,1.3669,1.3665,1.3665,7694,
1789279560000,2026-09-13T06:06:00.000Z,1.3665,1.3666,1.3663,1.3664,10425,
1789279740000,2026-09-13T06:09:00.000Z,1.3664,1.3664,1.3662,1.3662,8233,
1789279920000,2026-09-13T06:12:00.000Z,1.3662,1.3664,1.3661,1.3661,31302,
1789280100000,2026-09-13T06:15:00.000Z,1.3661,1.3661,1.3657,1.366,76062,
1789280280000,2026-09-13T06:18:00.000Z,1.366,1.366,1.3658,1.3659,3902,
1789280460000,2026-09-13T06:21:00.000Z,1.3659,1.3659,1.3646,1.3648,50706,
1789280640000,2026-09-13T06:24:00.000Z,1.3648,1.3649,1.3646,1.3647,15097,
1789280820000,2026-09-13T06:27:00.000Z,1.3647,1.365,1.3646,1.365,8865,
1789281000000,2026-09-13T06:30:00.000Z,1.365,1.3651,1.3649,1.3651,31014,
1789281180000,2026-09-13T06:33:00.000Z,1.3651,1.3651,1.3647,1.3647,18565,
1789281360000,2026-09-13T06:36:00.000Z,1.3647,1.3647,1.3645,1.3647,5931,
1789281540000,2026-09-13T06:39:00.000Z,1.3647,1.3647,1.3639,1.3639,10591,
1789281720000,2026-09-13T06:42:00.000Z,1.3639,1.3647,1.3639,1.3643,40093,
1789281900000,2026-09-13T06:45:00.000Z,1.3643,1.3643,1.3637,1.3638,62544,
1789282080000,2026-09-13T06:48:00.000Z,1.3638,1.364,1.3634,1.3635,128163,
1789282260000,2026-09-13T06:51:00.000Z,1.3635,1.3635,1.3615,1.3618,346223,
1789282440000,2026-09-13T06:54:00.000Z,1.3618,1.3618,1.3569,1.3586,1547165,
1789282620000,2026-09-13T06:57:00.000Z,1.3586,1.3603,1.3578,1.3599,784626,
1789282800000,2026-09-13T07:00:00.000Z,1.3599,1.3606,1.3594,1.3596,169231,
1789282980000,2026-09-13T07:03:00.000Z,1.3596,1.3602,1.3595,1.3599,110452,
1789283160000,2026-09-13T07:06:00.000Z,1.3599,1.3611,1.3599,1.361,79072,
1789283340000,2026-09-13T07:09:00.000Z,1.361,1.3612,1.3609,1.361,30998,
1789283520000,2026-09-13T07:12:00.000Z,1.361,1.361,1.3606,1.3607,136576,
1789283700000,2026-09-13T07:15:00.000Z,1.3607,1.3612,1.3606,1.3612,13282,
1789283880000,2026-09-13T07:18:00.000Z,1.3612,1.3614,1.3604,1.3607,78294,
1789284060000,2026-09-13T07:21:00.000Z,1.3607,1.3619,1.3607,1.3615,138945,
1789284240000,2026-09-13T07:24:00.000Z,1.3615,1.3615,1.3609,1.3609,19175,
1789284420000,2026-09-13T07:27:00.000Z,1.3609,1.3613,1.3601,1.3607,228431,
1789284600000,2026-09-13T07:30:00.000Z,1.3607,1.3607,1.3594,1.3599,437987,
1789284780000,2026-09-13T07:33:00.000Z,1.3599,1.36,1.3591,1.3591,97916,
1789284960000,2026-09-13T07:36:00.000Z,1.3591,1.3592,1.3574,1.359,620310,
1789285140000,2026-09-13T07:39:00.000Z,1.359,1.3607,1.3583,1.36,300355,
1789285320000,2026-09-13T07:42:00.000Z,1.36,1.3607,1.3594,1.3598,242832,
1789285500000,2026-09-13T07:45:00.000Z,1.3598,1.3598,1.358,1.3585,512067,
1789285680000,2026-09-13T07:48:00.000Z,1.3585,1.3594,1.3577,1.3591,406626,
1789285860000,2026-09-13T07:51:00.000Z,1.3591,1.3591,1.3578,1.3581,114960,
1789286040000,2026-09-13T07:54:00.000Z,1.3581,1.3586,1.3552,1.3571,640923,
1789286220000,2026-09-13T07:57:00.000Z,1.3571,1.3577,1.357,1.3571,52384,
1789286400000,2026-09-13T08:00:00.000Z,1.3571,1.3591,1.357,1.3588,378975,
1789286580000,2026-09-13T08:03:00.000Z,1.3588,1.3591,1.3574,1.3576,316065,
1789286760000,2026-09-13T08:06:00.000Z,1.3576,1.3577,1.3571,1.3575,41744,
1789286940000,2026-09-13T08:09:00.000Z,1.3575,1.3579,1.3552,1.3559,185734,
1789287120000,2026-09-13T08:12:00.000Z,1.3559,1.3559,1.3543,1.3553,297500,
1789287300000,2026-09-13T08:15:00.000Z,1.3553,1.3556,1.3525,1.3532,256188,
1789287480000,2026-09-13T08:18:00.000Z,1.3532,1.3534,1.3518,1.3526,209385,
1789287660000,2026-09-13T08:21:00.000Z,1.3526,1.3534,1.3516,1.3532,135350,
1789287840000,2026-09-13T08:24:00.000Z,1.3532,1.3532,1.3524,1.3528,69399,
1789288020000,2026-09-13T08:27:00.000Z,1.3528,1.3528,1.3509,1.3512,121274,
1789288200000,2026-09-13T08:30:00.000Z,1.3512,1.3516,1.349,1.3505,298368,
1789288380000,2026-09-13T08:33:00.000Z,1.3505,1.3505,1.3466,1.3496,569022,
1789288560000,2026-09-13T08:36:00.000Z,1.3496,1.3498,1.3477,1.3478,127914,
1789288740000,2026-09-13T08:39:00.000Z,1.3478,1.3489,1.346,1.3488,373430,
1789288920000,2026-09-13T08:42:00.000Z,1.3488,1.3488,1.3443,1.3456,564758,
1789289100000,2026-09-13T08:45:00.000Z,1.3456,1.3475,1.3454,1.3471,89958,
1789289280000,2026-09-13T08:48:00.000Z,1.3471,1.3488,1.3471,1.3482,138614,
1789289460000,2026-09-13T08:51:00.000Z,1.3482,1.3489,1.3471,1.3473,141026,
1789289640000,2026-09-13T08:54:00.000Z,1.3473,1.3476,1.3463,1.3465,172337,
1789289820000,2026-09-13T08:57:00.000Z,1.3465,1.3479,1.3464,1.3475,113389,
1789290000000,2026-09-13T09:00:00.000Z,1.3475,1.3489,1.3475,1.3486,137213,
1789290180000,2026-09-13T09:03:00.000Z,1.3486,1.3505,1.3485,1.3497,386537,
1789290360000,2026-09-13T09:06:00.000Z,1.3497,1.3502,1.3496,1.35,28532,
1789290540000,2026-09-13T09:09:00.000Z,1.35,1.3501,1.3487,1.3491,111038,
1789290720000,2026-09-13T09:12:00.000Z,1.3491,1.3492,1.3482,1.3487,92066,
1789290900000,2026-09-13T09:15:00.000Z,1.3487,1.3491,1.347,1.3477,144115,
1789291080000,2026-09-13T09:18:00.000Z,1.3477,1.3487,1.3462,1.3472,119779,
1789291260000,2026-09-13T09:21:00.000Z,1.3472,1.348,1.3459,1.3465,120283,
1789291440000,2026-09-13T09:24:00.000Z,1.3465,1.3465,1.3403,1.3449,1045699,
1789291620000,2026-09-13T09:27:00.000Z,1.3449,1.3452,1.3432,1.3433,63859,
1789291800000,2026-09-13T09:30:00.000Z,1.3433,1.345,1.341,1.3414,348724,
1789291980000,2026-09-13T09:33:00.000Z,1.3414,1.3415,1.3362,1.3413,1306675,
1789292160000,2026-09-13T09:36:00.000Z,1.3413,1.3438,1.3411,1.342,378069,
1789292340000,2026-09-13T09:39:00.000Z,1.342,1.3433,1.342,1.3423,96676,
1789292520000,2026-09-13T09:42:00.000Z,1.3423,1.3431,1.3423,1.3423,91219,
1789292700000,2026-09-13T09:45:00.000Z,1.3423,1.3434,1.3419,1.3434,615065,
1789292880000,2026-09-13T09:48:00.000Z,1.3434,1.3442,1.3431,1.3437,53926,
1789293060000,2026-09-13T09:51:00.000Z,1.3437,1.344,1.3427,1.3433,116074,
1789293240000,2026-09-13T09:54:00.000Z,1.3433,1.3444,1.3431,1.3434,155625,
1789293420000,2026-09-13T09:57:00.000Z,1.3434,1.3445,1.3434,1.3438,251062,
1789293600000,2026-09-13T10:00:00.000Z,1.3438,1.3444,1.3431,1.3431,113136,
1789293780000,2026-09-13T10:03:00.000Z,1.3431,1.344,1.3431,1.3435,72982,
1789293960000,2026-09-13T10:06:00.000Z,1.3435,1.3443,1.3429,1.3441,180265,
1789294140000,2026-09-13T10:09:00.000Z,1.3441,1.3443,1.3428,1.3428,231971,
1789294320000,2026-09-13T10:12:00.000Z,1.3428,1.3438,1.3427,1.3438,108367,
1789294500000,2026-09-13T10:15:00.000Z,1.3438,1.344,1.3435,1.3438,131079,
1789294680000,2026-09-13T10:18:00.000Z,1.3438,1.344,1.3425,1.3425,143285,
1789294860000,2026-09-13T10:21:00.000Z,1.3425,1.3432,1.3424,1.3426,150273,
1789295040000,2026-09-13T10:24:00.000Z,1.3426,1.3432,1.3426,1.3431,37112,
1789295220000,2026-09-13T10:27:00.000Z,1.3431,1.3438,1.343,1.3437,48640,
1789295400000,2026-09-13T10:30:00.000Z,1.3437,1.3437,1.3431,1.3434,24930,
1789295580000,2026-09-13T10:33:00.000Z,1.3434,1.3439,1.3434,1.3436,48048,
1789295760000,2026-09-13T10:36:00.000Z,1.3436,1.3437,1.3419,1.342,83601,
1789295940000,2026-09-13T10:39:00.000Z,1.342,1.343,1.3417,1.342,720725,
1789296120000,2026-09-13T10:42:00.000Z,1.342,1.342,1.339,1.3395,1211379,
1789296300000,2026-09-13T10:45:00.000Z,1.3395,1.3411,1.3392,1.3404,374239,
1789296480000,2026-09-13T10:48:00.000Z,1.3404,1.3404,1.3392,1.3392,63730,
1789296660000,2026-09-13T10:51:00.000Z,1.3392,1.3398,1.3378,1.3381,382989,
1789296840000,2026-09-13T10:54:00.000Z,1.3381,1.3404,1.3379,1.3397,363689,
1789297020000,2026-09-13T10:57:00.000Z,1.3397,1.34,1.3373,1.34,324235,
1789297200000,2026-09-13T11:00:00.000Z,1.34,1.3416,1.338,1.3405,205484,
1789297380000,2026-09-13T11:03:00.000Z,1.3405,1.3424,1.3404,1.3416,143846,
1789297560000,2026-09-13T11:06:00.000Z,1.3416,1.3416,1.3403,1.3404,122288,
1789297740000,2026-09-13T11:09:00.000Z,1.3404,1.3405,1.3392,1.3398,129816,
1789297920000,2026-09-13T11:12:00.000Z,1.3398,1.34,1.3389,1.3389,34201,
1789298100000,2026-09-13T11:15:00.000Z,1.3389,1.3402,1.3386,1.3402,86511,
1789298280000,2026-09-13T11:18:00.000Z,1.3402,1.3403,1.3394,1.3397,44929,
1789298460000,2026-09-13T11:21:00.000Z,1.3397,1.3408,1.3397,1.3406,39711,
1789298640000,2026-09-13T11:24:00.000Z,1.3406,1.342,1.3406,1.3419,187317,
1789298820000,2026-09-13T11:27:00.000Z,1.3419,1.342,1.3411,1.3411,51032,
1789299000000,2026-09-13T11:30:00.000Z,1.3411,1.3415,1.341,1.3412,49489,
1789299180000,2026-09-13T11:33:00.000Z,1.3412,1.3424,1.3412,1.3423,122990,
1789299360000,2026-09-13T11:36:00.000Z,1.3423,1.3424,1.3422,1.3424,400334,
1789299540000,2026-09-13T11:39:00.000Z,1.3424,1.3424,1.342,1.3421,692490,
1789299720000,2026-09-13T11:42:00.000Z,1.3421,1.3424,1.3421,1.3424,37486,
1789299900000,2026-09-13T11:45:00.000Z,1.3424,1.3425,1.3421,1.3421,112011,
1789300080000,2026-09-13T11:48:00.000Z,1.3421,1.3433,1.3421,1.3428,362096,
1789300260000,2026-09-13T11:51:00.000Z,1.3428,1.3433,1.3428,1.343,64554,
1789300440000,2026-09-13T11:54:00.000Z,1.343,1.343,1.3427,1.3428,21114,
1789300620000,2026-09-13T11:57:00.000Z,1.3428,1.343,1.3421,1.3427,63779,
1789300800000,2026-09-13T12:00:00.000Z,1.3427,1.3427,1.3416,1.3416,19325,
1789300980000,2026-09-13T12:03:00.000Z,1.3416,1.3417,1.341,1.3415,86209,
1789301160000,2026-09-13T12:06:00.000Z,1.3415,1.3415,1.3406,1.3408,69742,
1789301340000,2026-09-13T12:09:00.000Z,1.3408,1.3415,1.3407,1.3415,35841,
1789301520000,2026-09-13T12:12:00.000Z,1.3415,1.3419,1.3412,1.3415,52025,
1789301700000,2026-09-13T12:15:00.000Z,1.3415,1.3422,1.3415,1.3422,38597,
1789301880000,2026-09-13T12:18:00.000Z,1.3422,1.3423,1.3419,1.3419,59862,
1789302060000,2026-09-13T12:21:00.000Z,1.3419,1.3426,1.3414,1.3426,75288,
1789302240000,2026-09-13T12:24:00.000Z,1.3426,1.3427,1.3421,1.3426,28892,
1789302420000,2026-09-13T12:27:00.000Z,1.3426,1.3428,1.3417,1.3417,23751,
1789302600000,2026-09-13T12:30:00.000Z,1.3417,1.3431,1.3417,1.3424,166793,
1789302780000,2026-09-13T12:33:00.000Z,1.3424,1.3424,1.3409,1.3412,264932,
1789302960000,2026-09-13T12:36:00.000Z,1.3412,1.3412,1.3388,1.3389,303984,
1789303140000,2026-09-13T12:39:00.000Z,1.3389,1.3398,1.3366,1.3375,226531,
1789303320000,2026-09-13T12:42:00.000Z,1.3375,1.3385,1.3367,1.3373,324527,
1789303500000,2026-09-13T12:45:00.000Z,1.3373,1.3376,1.3356,1.3373,564437,
1789303680000,2026-09-13T12:48:00.000Z,1.3373,1.3378,1.3369,1.3377,98330,
1789303860000,2026-09-13T12:51:00.000Z,1.3377,1.3393,1.3376,1.3389,304814,
1789304040000,2026-09-13T12:54:00.000Z,1.3389,1.3394,1.3388,1.3393,34180,
1789304220000,2026-09-13T12:57:00.000Z,1.3393,1.3401,1.3389,1.3395,416498,
1789304400000,2026-09-13T13:00:00.000Z,1.3395,1.3396,1.3389,1.3389,86018,
1789304580000,2026-09-13T13:03:00.000Z,1.3389,1.3389,1.3382,1.3388,11419,
1789304760000,2026-09-13T13:06:00.000Z,1.3388,1.3396,1.3379,1.3391,32681,
1789304940000,2026-09-13T13:09:00.000Z,1.3391,1.3398,1.3391,1.3397,14444,
1789305120000,2026-09-13T13:12:00.000Z,1.3397,1.3405,1.3397,1.3402,30418,
1789305300000,2026-09-13T13:15:00.000Z,1.3402,1.3405,1.338,1.3386,69296,
1789305480000,2026-09-13T13:18:00.000Z,1.3386,1.3386,1.337,1.337,80605,
1789305660000,2026-09-13T13:21:00.000Z,1.337,1.3371,1.3352,1.3364,261349,
1789305840000,2026-09-13T13:24:00.000Z,1.3364,1.3365,1.3314,1.3326,1355604,
1789306020000,2026-09-13T13:27:00.000Z,1.3326,1.3334,1.3322,1.3332,209685,
1789306200000,2026-09-13T13:30:00.000Z,1.3332,1.3349,1.3328,1.3344,118005,
1789306380000,2026-09-13T13:33:00.000Z,1.3344,1.3355,1.334,1.335,134079,
1789306560000,2026-09-13T13:36:00.000Z,1.335,1.3366,1.335,1.3366,42054,
1789306740000,2026-09-13T13:39:00.000Z,1.3366,1.3369,1.3358,1.3358,34879,
1789306920000,2026-09-13T13:42:00.000Z,1.3358,1.3384,1.3358,1.3381,363271,
1789307100000,2026-09-13T13:45:00.000Z,1.3381,1.3399,1.3381,1.3398,170526,
1789307280000,2026-09-13T13:48:00.000Z,1.3398,1.3413,1.3397,1.3406,222856,
1789307460000,2026-09-13T13:51:00.000Z,1.3406,1.3425,1.3405,1.3419,147943,
1789307640000,2026-09-13T13:54:00.000Z,1.3419,1.342,1.3406,1.3407,398001,
1789307820000,2026-09-13T13:57:00.000Z,1.3407,1.3415,1.3407,1.3415,69509,
1789308000000,2026-09-13T14:00:00.000Z,1.3415,1.3433,1.3414,1.3429,222401,
1789308180000,2026-09-13T14:03:00.000Z,1.3429,1.3429,1.3417,1.3427,192367,
1789308360000,2026-09-13T14:06:00.000Z,1.3427,1.3441,1.3427,1.344,184672,
1789308540000,2026-09-13T14:09:00.000Z,1.344,1.345,1.3439,1.3441,112534,
1789308720000,2026-09-13T14:12:00.000Z,1.3441,1.3453,1.344,1.3452,215926,
1789308900000,2026-09-13T14:15:00.000Z,1.3452,1.3488,1.345,1.3475,493114,
1789309080000,2026-09-13T14:18:00.000Z,1.3475,1.3476,1.3463,1.3476,193225,
1789309260000,2026-09-13T14:21:00.000Z,1.3476,1.3476,1.3466,1.3474,218339,
1789309440000,2026-09-13T14:24:00.000Z,1.3474,1.3481,1.3468,1.3475,166999,
1789309620000,2026-09-13T14:27:00.000Z,1.3475,1.3488,1.3475,1.3481,219137,
1789309800000,2026-09-13T14:30:00.000Z,1.3481,1.3486,1.3475,1.348,246544,
1789309980000,2026-09-13T14:33:00.000Z,1.348,1.3485,1.3472,1.3485,89098,
1789310160000,2026-09-13T14:36:00.000Z,1.3485,1.3512,1.3472,1.351,410351,
1789310340000,2026-09-13T14:39:00.000Z,1.351,1.3517,1.3488,1.3512,583235,
1789310520000,2026-09-13T14:42:00.000Z,1.3512,1.353,1.3509,1.3529,239701,
1789310700000,2026-09-13T14:45:00.000Z,1.3529,1.3537,1.3512,1.3516,379542,
1789310880000,2026-09-13T14:48:00.000Z,1.3516,1.3518,1.35,1.35,73195,
1789311060000,2026-09-13T14:51:00.000Z,1.35,1.3516,1.3499,1.3513,243025,
1789311240000,2026-09-13T14:54:00.000Z,1.3513,1.3515,1.3498,1.3501,190681,
1789311420000,2026-09-13T14:57:00.000Z,1.3501,1.3504,1.3494,1.3498,603078,
1789311600000,2026-09-13T15:00:00.000Z,1.3498,1.3501,1.3479,1.3479,266816,
1789311780000,2026-09-13T15:03:00.000Z,1.3479,1.348,1.3463,1.3463,190429,
1789311960000,2026-09-13T15:06:00.000Z,1.3463,1.3477,1.3462,1.3474,74010,
1789312140000,2026-09-13T15:09:00.000Z,1.3474,1.3477,1.3466,1.3468,56023,
1789312320000,2026-09-13T15:12:00.000Z,1.3468,1.3469,1.3463,1.3465,68584,
1789312500000,2026-09-13T15:15:00.000Z,1.3465,1.3466,1.3442,1.3447,231721,
1789312680000,2026-09-13T15:18:00.000Z,1.3447,1.3448,1.3438,1.3442,196803,
1789312860000,2026-09-13T15:21:00.000Z,1.3442,1.3453,1.3442,1.345,40021,
1789313040000,2026-09-13T15:24:00.000Z,1.345,1.3473,1.345,1.3461,132736,
1789313220000,2026-09-13T15:27:00.000Z,1.3461,1.3461,1.3428,1.3432,79255,
1789313400000,2026-09-13T15:30:00.000Z,1.3432,1.3437,1.3431,1.3436,65791,
1789313580000,2026-09-13T15:33:00.000Z,1.3436,1.345,1.3434,1.3445,60077,
1789313760000,2026-09-13T15:36:00.000Z,1.3445,1.3446,1.3433,1.3441,46523,
1789313940000,2026-09-13T15:39:00.000Z,1.3441,1.3442,1.3433,1.3439,50012,
1789314120000,2026-09-13T15:42:00.000Z,1.3439,1.345,1.3427,1.3445,112921,
1789314300000,2026-09-13T15:45:00.000Z,1.3445,1.3446,1.3435,1.3435,36104,
1789314480000,2026-09-13T15:48:00.000Z,1.3435,1.3451,1.3431,1.3449,49948,
1789314660000,2026-09-13T15:51:00.000Z,1.3449,1.3449,1.3431,1.3437,19018,
1789314840000,2026-09-13T15:54:00.000Z,1.3437,1.344,1.3429,1.3431,21685,
1789315020000,2026-09-13T15:57:00.000Z,1.3431,1.3433,1.3427,1.3428,58235,
1789315200000,2026-09-13T16:00:00.000Z,1.3428,1.3449,1.3426,1.3449,39706,
1789315380000,2026-09-13T16:03:00.000Z,1.3449,1.3455,1.3442,1.3442,67990,
1789315560000,2026-09-13T16:06:00.000Z,1.3442,1.3467,1.3442,1.3451,221611,
1789315740000,2026-09-13T16:09:00.000Z,1.3451,1.3485,1.3451,1.3482,352879,
1789315920000,2026-09-13T16:12:00.000Z,1.3482,1.349,1.3464,1.3464,261662,
1789316100000,2026-09-13T16:15:00.000Z,1.3464,1.3467,1.346,1.3464,47928,
1789316280000,2026-09-13T16:18:00.000Z,1.3464,1.348,1.3463,1.3477,20083,
1789316460000,2026-09-13T16:21:00.000Z,1.3477,1.3479,1.3473,1.3477,19118,
1789316640000,2026-09-13T16:24:00.000Z,1.3477,1.3485,1.3474,1.3478,18540,
1789316820000,2026-09-13T16:27:00.000Z,1.3478,1.3478,1.3471,1.3473,21779,
1789317000000,2026-09-13T16:30:00.000Z,1.3473,1.3482,1.3473,1.3473,39655,
1789317180000,2026-09-13T16:33:00.000Z,1.3473,1.3473,1.3467,1.3467,6960,
1789317360000,2026-09-13T16:36:00.000Z,1.3467,1.347,1.3463,1.347,25621,
1789317540000,2026-09-13T16:39:00.000Z,1.347,1.3486,1.3468,1.3485,19394,
1789317720000,2026-09-13T16:42:00.000Z,1.3485,1.3497,1.3481,1.3496,96174,
1789317900000,2026-09-13T16:45:00.000Z,1.3496,1.3497,1.3483,1.3489,14416,
1789318080000,2026-09-13T16:48:00.000Z,1.3489,1.3489,1.3481,1.3481,42570,
1789318260000,2026-09-13T16:51:00.000Z,1.3481,1.3503,1.3481,1.35,535250,
1789318440000,2026-09-13T16:54:00.000Z,1.35,1.351,1.3497,1.3507,300288,
1789318620000,2026-09-13T16:57:00.000Z,1.3507,1.351,1.3504,1.3507,47813,
1789318800000,2026-09-13T17:00:00.000Z,1.3507,1.3517,1.3506,1.3514,84234,
1789318980000,2026-09-13T17:03:00.000Z,1.3514,1.3527,1.3506,1.3527,78117,
1789319160000,2026-09-13T17:06:00.000Z,1.3527,1.353,1.3525,1.353,151964,
1789319340000,2026-09-13T17:09:00.000Z,1.353,1.3553,1.3528,1.3545,299679,
1789319520000,2026-09-13T17:12:00.000Z,1.3545,1.3567,1.3538,1.3539,385600,
1789319700000,2026-09-13T17:15:00.000Z,1.3539,1.3552,1.3534,1.3534,463216,
1789319880000,2026-09-13T17:18:00.000Z,1.3534,1.3552,1.3534,1.3548,45633,
1789320060000,2026-09-13T17:21:00.000Z,1.3548,1.3548,1.3532,1.3544,80180,
1789320240000,2026-09-13T17:24:00.000Z,1.3544,1.3544,1.3535,1.3544,24315,
1789320420000,2026-09-13T17:27:00.000Z,1.3544,1.355,1.3539,1.3544,30125,
1789320600000,2026-09-13T17:30:00.000Z,1.3544,1.3544,1.3527,1.3535,135352,
1789320780000,2026-09-13T17:33:00.000Z,1.3535,1.3535,1.352,1.3521,83975,
1789320960000,2026-09-13T17:36:00.000Z,1.3521,1.3536,1.3516,1.3527,43249,
1789321140000,2026-09-13T17:39:00.000Z,1.3527,1.3534,1.3527,1.3534,24713,
1789321320000,2026-09-13T17:42:00.000Z,1.3534,1.3536,1.3531,1.3531,14388,
1789321500000,2026-09-13T17:45:00.000Z,1.3531,1.355,1.3531,1.3548,88890,
1789321680000,2026-09-13T17:48:00.000Z,1.3548,1.3552,1.3545,1.3552,23681,
1789321860000,2026-09-13T17:51:00.000Z,1.3552,1.3558,1.3546,1.3546,31550,
1789322040000,2026-09-13T17:54:00.000Z,1.3546,1.3554,1.3546,1.3554,25550,
1789322220000,2026-09-13T17:57:00.000Z,1.3554,1.3554,1.3548,1.3549,15389,
1789322400000,2026-09-13T18:00:00.000Z,1.3549,1.3552,1.3543,1.3543,87626,
1789322580000,2026-09-13T18:03:00.000Z,1.3543,1.3546,1.354,1.3541,48535,
1789322760000,2026-09-13T18:06:00.000Z,1.3541,1.3544,1.3538,1.3544,14931,
1789322940000,2026-09-13T18:09:00.000Z,1.3544,1.3544,1.3538,1.3539,25493,
1789323120000,2026-09-13T18:12:00.000Z,1.3539,1.355,1.3533,1.355,18039,
1789323300000,2026-09-13T18:15:00.000Z,1.355,1.3572,1.355,1.3561,80140,
1789323480000,2026-09-13T18:18:00.000Z,1.3561,1.3565,1.3558,1.3563,60096,
1789323660000,2026-09-13T18:21:00.000Z,1.3563,1.3577,1.3563,1.3567,154840,
1789323840000,2026-09-13T18:24:00.000Z,1.3567,1.3574,1.3564,1.3569,94399,
1789324020000,2026-09-13T18:27:00.000Z,1.3569,1.357,1.3561,1.3561,20986,
1789324200000,2026-09-13T18:30:00.000Z,1.3561,1.3574,1.356,1.356,211358,
1789324380000,2026-09-13T18:33:00.000Z,1.356,1.3565,1.3552,1.3561,45933,
1789324560000,2026-09-13T18:36:00.000Z,1.3561,1.3567,1.3561,1.3567,16324,
1789324740000,2026-09-13T18:39:00.000Z,1.3567,1.357,1.3565,1.3567,39517,
1789324920000,2026-09-13T18:42:00.000Z,1.3567,1.3569,1.3563,1.3563,22078,
1789325100000,2026-09-13T18:45:00.000Z,1.3563,1.3587,1.3563,1.3585,460620,
1789325280000,2026-09-13T18:48:00.000Z,1.3585,1.359,1.3578,1.3588,274941,
1789325460000,2026-09-13T18:51:00.000Z,1.3588,1.3599,1.3585,1.3589,199301,
1789325640000,2026-09-13T18:54:00.000Z,1.3589,1.3593,1.3582,1.3583,78919,
1789325820000,2026-09-13T18:57:00.000Z,1.3583,1.3589,1.3574,1.3576,55010,
1789326000000,2026-09-13T19:00:00.000Z,1.3576,1.3587,1.3573,1.3581,36840,
1789326180000,2026-09-13T19:03:00.000Z,1.3581,1.3587,1.3575,1.358,37051,
1789326360000,2026-09-13T19:06:00.000Z,1.358,1.3594,1.3567,1.3569,62017,
1789326540000,2026-09-13T19:09:00.000Z,1.3569,1.3571,1.3554,1.3559,81329,
1789326720000,2026-09-13T19:12:00.000Z,1.3559,1.356,1.3541,1.3546,99319,
1789326900000,2026-09-13T19:15:00.000Z,1.3546,1.3548,1.3539,1.354,112676,
1789327080000,2026-09-13T19:18:00.000Z,1.354,1.3541,1.353,1.353,161245,
1789327260000,2026-09-13T19:21:00.000Z,1.353,1.3539,1.3526,1.3539,55262,
1789327440000,2026-09-13T19:24:00.000Z,1.3539,1.3548,1.3536,1.3543,25609,
1789327620000,2026-09-13T19:27:00.000Z,1.3543,1.3543,1.3539,1.3539,50752,
1789327800000,2026-09-13T19:30:00.000Z,1.3539,1.3546,1.3533,1.3539,33723,
1789327980000,2026-09-13T19:33:00.000Z,1.3539,1.3539,1.3528,1.3535,246524,
1789328160000,2026-09-13T19:36:00.000Z,1.3535,1.3543,1.3528,1.3536,60372,
1789328340000,2026-09-13T19:39:00.000Z,1.3536,1.3536,1.3533,1.3536,161,
1789328520000,2026-09-13T19:42:00.000Z,1.3536,1.3537,1.3535,1.3536,62436,
1789328700000,2026-09-13T19:45:00.000Z,1.3536,1.3541,1.3534,1.3541,21164,
1789328880000,2026-09-13T19:48:00.000Z,1.3541,1.3542,1.353,1.3536,84389,
1789329060000,2026-09-13T19:51:00.000Z,1.3536,1.3536,1.3532,1.3536,68683,
1789329240000,2026-09-13T19:54:00.000Z,1.3536,1.3542,1.3536,1.3542,2474,
1789329420000,2026-09-13T19:57:00.000Z,1.3542,1.3546,1.3541,1.3545,30960,
1789329600000,2026-09-13T20:00:00.000Z,1.3545,1.3552,1.3545,1.3548,52901,
1789329780000,2026-09-13T20:03:00.000Z,1.3548,1.3557,1.3546,1.3557,12782,
1789329960000,2026-09-13T20:06:00.000Z,1.3557,1.3563,1.3552,1.3562,27792,
1789330140000,2026-09-13T20:09:00.000Z,1.3562,1.3573,1.3556,1.3562,19164,
1789330320000,2026-09-13T20:12:00.000Z,1.3562,1.3568,1.3562,1.3565,3966,
1789330500000,2026-09-13T20:15:00.000Z,1.3565,1.3567,1.3562,1.3563,7780,
1789330680000,2026-09-13T20:18:00.000Z,1.3563,1.3574,1.3563,1.3574,21606,
1789330860000,2026-09-13T20:21:00.000Z,1.3574,1.3579,1.3568,1.3576,77887,
1789331040000,2026-09-13T20:24:00.000Z,1.3576,1.3577,1.3573,1.3577,3927,
1789331220000,2026-09-13T20:27:00.000Z,1.3577,1.3585,1.3577,1.3582,89583,
1789331400000,2026-09-13T20:30:00.000Z,1.3582,1.3596,1.3579,1.3593,67026,
1789331580000,2026-09-13T20:33:00.000Z,1.3593,1.3594,1.3579,1.3579,104810,
1789331760000,2026-09-13T20:36:00.000Z,1.3579,1.3581,1.3574,1.3574,23805,
1789331940000,2026-09-13T20:39:00.000Z,1.3574,1.3578,1.3569,1.3571,83333,
1789332120000,2026-09-13T20:42:00.000Z,1.3571,1.3581,1.3571,1.3581,46318,
1789332300000,2026-09-13T20:45:00.000Z,1.3581,1.3596,1.3581,1.3594,126139,
1789332480000,2026-09-13T20:48:00.000Z,1.3594,1.3606,1.3588,1.3589,379494,
1789332660000,2026-09-13T20:51:00.000Z,1.3589,1.3595,1.3588,1.3595,10919,
1789332840000,2026-09-13T20:54:00.000Z,1.3595,1.3614,1.3595,1.3611,219374,
1789333020000,2026-09-13T20:57:00.000Z,1.3611,1.3611,1.3598,1.3603,65470,
1789333200000,2026-09-13T21:00:00.000Z,1.3603,1.3612,1.36,1.3605,74488,
1789333380000,2026-09-13T21:03:00.000Z,1.3605,1.3605,1.3596,1.3599,57713,
1789333560000,2026-09-13T21:06:00.000Z,1.3599,1.3606,1.3594,1.3603,187068,
1789333740000,2026-09-13T21:09:00.000Z,1.3603,1.3609,1.36,1.3605,285091,
1789333920000,2026-09-13T21:12:00.000Z,1.3605,1.3622,1.3598,1.3602,405032,
1789334100000,2026-09-13T21:15:00.000Z,1.3602,1.3609,1.3597,1.3601,89108,
1789334280000,2026-09-13T21:18:00.000Z,1.3601,1.3602,1.3585,1.3585,64670,
1789334460000,2026-09-13T21:21:00.000Z,1.3585,1.3593,1.3585,1.3588,130983,
1789334640000,2026-09-13T21:24:00.000Z,1.3588,1.3591,1.358,1.358,66004,
1789334820000,2026-09-13T21:27:00.000Z,1.358,1.358,1.3576,1.3579,77300,
1789335000000,2026-09-13T21:30:00.000Z,1.3579,1.3584,1.3568,1.358,148353,
1789335180000,2026-09-13T21:33:00.000Z,1.358,1.358,1.3574,1.3574,20181,
1789335360000,2026-09-13T21:36:00.000Z,1.3574,1.3577,1.3571,1.3573,46496,
1789335540000,2026-09-13T21:39:00.000Z,1.3573,1.3578,1.3562,1.3578,237091,
1789335720000,2026-09-13T21:42:00.000Z,1.3578,1.3584,1.3571,1.3574,251918,
1789335900000,2026-09-13T21:45:00.000Z,1.3574,1.3581,1.3571,1.3576,19991,
1789336080000,2026-09-13T21:48:00.000Z,1.3576,1.3576,1.3572,1.3573,40197,
1789336260000,2026-09-13T21:51:00.000Z,1.3573,1.3574,1.3562,1.3565,64628,
1789336440000,2026-09-13T21:54:00.000Z,1.3565,1.357,1.3565,1.357,33985,
1789336620000,2026-09-13T21:57:00.000Z,1.357,1.358,1.3564,1.3566,152698,
1789336800000,2026-09-13T22:00:00.000Z,1.3566,1.3566,1.346,1.3488,1454788,
1789336980000,2026-09-13T22:03:00.000Z,1.3488,1.3488,1.3458,1.3468,417503,
1789337160000,2026-09-13T22:06:00.000Z,1.3468,1.3481,1.3385,1.3429,1910717,
1789337340000,2026-09-13T22:09:00.000Z,1.3429,1.3444,1.3421,1.3434,146136,
1789337520000,2026-09-13T22:12:00.000Z,1.3434,1.3446,1.3415,1.3419,194370,
1789337700000,2026-09-13T22:15:00.000Z,1.3419,1.3421,1.3358,1.3367,802373,
1789337880000,2026-09-13T22:18:00.000Z,1.3367,1.3383,1.3343,1.3359,392379,
1789338060000,2026-09-13T22:21:00.000Z,1.3359,1.3364,1.3345,1.3348,280015,
1789338240000,2026-09-13T22:24:00.000Z,1.3348,1.3379,1.3347,1.3369,214900,
1789338420000,2026-09-13T22:27:00.000Z,1.3369,1.3384,1.3331,1.3376,295960,
1789338600000,2026-09-13T22:30:00.000Z,1.3376,1.3382,1.3352,1.3354,136183,
1789338780000,2026-09-13T22:33:00.000Z,1.3354,1.3426,1.3354,1.3415,1749180,
1789338960000,2026-09-13T22:36:00.000Z,1.3415,1.3432,1.341,1.3418,485430,
1789339140000,2026-09-13T22:39:00.000Z,1.3418,1.3418,1.3387,1.3389,232357,
1789339320000,2026-09-13T22:42:00.000Z,1.3389,1.34,1.3373,1.3377,230715,
1789339500000,2026-09-13T22:45:00.000Z,1.3377,1.34,1.3371,1.3377,200418,
1789339680000,2026-09-13T22:48:00.000Z,1.3377,1.3397,1.3373,1.3386,134452,
1789339860000,2026-09-13T22:51:00.000Z,1.3386,1.3402,1.3381,1.3396,143402,
1789340040000,2026-09-13T22:54:00.000Z,1.3396,1.3396,1.3352,1.3356,720328,
1789340220000,2026-09-13T22:57:00.000Z,1.3356,1.3378,1.3356,1.3369,263675,
1789340400000,2026-09-13T23:00:00.000Z,1.3369,1.3403,1.3366,1.3402,116007,
1789340580000,2026-09-13T23:03:00.000Z,1.3402,1.3414,1.3389,1.3389,190096,
1789340760000,2026-09-13T23:06:00.000Z,1.3389,1.3406,1.3383,1.339,477311,
1789340940000,2026-09-13T23:09:00.000Z,1.339,1.3404,1.3385,1.3399,256185,
1789341120000,2026-09-13T23:12:00.000Z,1.3399,1.3403,1.3381,1.3387,480734,
1789341300000,2026-09-13T23:15:00.000Z,1.3387,1.3397,1.3378,1.3388,438446,
1789341480000,2026-09-13T23:18:00.000Z,1.3388,1.3395,1.3371,1.3389,540843,
1789341660000,2026-09-13T23:21:00.000Z,1.3389,1.3404,1.3389,1.34,260235,
1789341840000,2026-09-13T23:24:00.000Z,1.34,1.3431,1.34,1.3415,147916,
1789342020000,2026-09-13T23:27:00.000Z,1.3415,1.3422,1.3399,1.3406,34511,
1789342200000,2026-09-13T23:30:00.000Z,1.3406,1.344,1.3402,1.3424,971242,
1789342380000,2026-09-13T23:33:00.000Z,1.3424,1.3431,1.3409,1.3418,393950,
1789342560000,2026-09-13T23:36:00.000Z,1.3418,1.343,1.3405,1.3424,264483,
1789342740000,2026-09-13T23:39:00.000Z,1.3424,1.3424,1.3408,1.3415,78612,
1789342920000,2026-09-13T23:42:00.000Z,1.3415,1.3435,1.3413,1.3425,1248207,
1789343100000,2026-09-13T23:45:00.000Z,1.3425,1.3432,1.3412,1.3421,219673,
1789343280000,2026-09-13T23:48:00.000Z,1.3421,1.3424,1.3404,1.3404,52705,
1789343460000,2026-09-13T23:51:00.000Z,1.3404,1.3412,1.34,1.3412,265596,
1789343640000,2026-09-13T23:54:00.000Z,1.3412,1.3412,1.3388,1.3397,136208,
1789343820000,2026-09-13T23:57:00.000Z,1.3397,1.3412,1.3395,1.3404,72723,
1789344000000,2026-09-14T00:00:00.000Z,1.3404,1.3425,1.3404,1.3411,27876,
1789344180000,2026-09-14T00:03:00.000Z,1.3411,1.342,1.3402,1.3417,64024,
1789344360000,2026-09-14T00:06:00.000Z,1.3417,1.3501,1.3417,1.3467,694991,
1789344540000,2026-09-14T00:09:00.000Z,1.3467,1.3478,1.3442,1.3449,122960,
1789344720000,2026-09-14T00:12:00.000Z,1.3449,1.3467,1.3444,1.345,77388,
1789344900000,2026-09-14T00:15:00.000Z,1.345,1.3473,1.3448,1.3452,127097,
1789345080000,2026-09-14T00:18:00.000Z,1.3452,1.3467,1.3444,1.3451,101480,
1789345260000,2026-09-14T00:21:00.000Z,1.3451,1.3451,1.3415,1.3419,145418,
1789345440000,2026-09-14T00:24:00.000Z,1.3419,1.3426,1.338,1.3392,210032,
1789345620000,2026-09-14T00:27:00.000Z,1.3392,1.3392,1.3338,1.3373,448804,
1789345800000,2026-09-14T00:30:00.000Z,1.3373,1.3449,1.3362,1.3436,276920,
1789345980000,2026-09-14T00:33:00.000Z,1.3436,1.3476,1.3433,1.3453,443879,
1789346160000,2026-09-14T00:36:00.000Z,1.3453,1.3462,1.3447,1.3453,113352,
1789346340000,2026-09-14T00:39:00.000Z,1.3453,1.3453,1.3442,1.3453,108844,
1789346520000,2026-09-14T00:42:00.000Z,1.3453,1.3459,1.3443,1.345,49930,
1789346700000,2026-09-14T00:45:00.000Z,1.345,1.3468,1.3441,1.3449,214328,
1789346880000,2026-09-14T00:48:00.000Z,1.3449,1.345,1.3434,1.3447,219430,
1789347060000,2026-09-14T00:51:00.000Z,1.3447,1.3457,1.3442,1.3457,81521,
1789347240000,2026-09-14T00:54:00.000Z,1.3457,1.3482,1.3451,1.347,277457,
1789347420000,2026-09-14T00:57:00.000Z,1.347,1.3479,1.346,1.3464,62042,
1789347600000,2026-09-14T01:00:00.000Z,1.3464,1.348,1.3452,1.3479,138800,
1789347780000,2026-09-14T01:03:00.000Z,1.3479,1.348,1.3459,1.3462,82931,
1789347960000,2026-09-14T01:06:00.000Z,1.3462,1.3465,1.3436,1.3444,436038,
1789348140000,2026-09-14T01:09:00.000Z,1.3444,1.3496,1.3444,1.3489,389396,
1789348320000,2026-09-14T01:12:00.000Z,1.3489,1.3489,1.3454,1.3456,80830,
1789348500000,2026-09-14T01:15:00.000Z,1.3456,1.3456,1.3416,1.3418,399673,
1789348680000,2026-09-14T01:18:00.000Z,1.3418,1.3432,1.3417,1.342,125928,
1789348860000,2026-09-14T01:21:00.000Z,1.342,1.3437,1.3403,1.3417,224608,
1789349040000,2026-09-14T01:24:00.000Z,1.3417,1.3441,1.3413,1.344,326114,
1789349220000,2026-09-14T01:27:00.000Z,1.344,1.3469,1.344,1.3449,156369,
1789349400000,2026-09-14T01:30:00.000Z,1.3449,1.3455,1.3417,1.3417,177974,
1789349580000,2026-09-14T01:33:00.000Z,1.3417,1.3417,1.3374,1.3392,506583,
1789349760000,2026-09-14T01:36:00.000Z,1.3392,1.3413,1.3392,1.3413,285260,
1789349940000,2026-09-14T01:39:00.000Z,1.3413,1.3467,1.3413,1.346,306377,
1789350120000,2026-09-14T01:42:00.000Z,1.346,1.3465,1.342,1.3421,254760,
1789350300000,2026-09-14T01:45:00.000Z,1.3421,1.3439,1.3409,1.3439,125104,
1789350480000,2026-09-14T01:48:00.000Z,1.3439,1.345,1.3424,1.3424,135080,
1789350660000,2026-09-14T01:51:00.000Z,1.3424,1.3459,1.3419,1.3452,421884,
1789350840000,2026-09-14T01:54:00.000Z,1.3452,1.3484,1.3452,1.3466,194437,
1789351020000,2026-09-14T01:57:00.000Z,1.3466,1.3529,1.3466,1.3511,882873,
1789351200000,2026-09-14T02:00:00.000Z,1.3511,1.3513,1.3492,1.3495,241681,
1789351380000,2026-09-14T02:03:00.000Z,1.3495,1.3501,1.3493,1.35,98207,
1789351560000,2026-09-14T02:06:00.000Z,1.35,1.3544,1.35,1.3542,894914,
1789351740000,2026-09-14T02:09:00.000Z,1.3542,1.3567,1.3533,1.3567,780696,
1789351920000,2026-09-14T02:12:00.000Z,1.3567,1.3598,1.3549,1.359,971801,
1789352100000,2026-09-14T02:15:00.000Z,1.359,1.359,1.3563,1.357,637120,
1789352280000,2026-09-14T02:18:00.000Z,1.357,1.358,1.3563,1.3567,157654,
1789352460000,2026-09-14T02:21:00.000Z,1.3567,1.3603,1.3565,1.3602,502666,
1789352640000,2026-09-14T02:24:00.000Z,1.3602,1.3663,1.36,1.3644,1043613,
1789352820000,2026-09-14T02:27:00.000Z,1.3644,1.3662,1.3617,1.3619,487710,
1789353000000,2026-09-14T02:30:00.000Z,1.3619,1.3653,1.3619,1.3641,384893,
1789353180000,2026-09-14T02:33:00.000Z,1.3641,1.3642,1.3618,1.362,285324,
1789353360000,2026-09-14T02:36:00.000Z,1.362,1.3623,1.3596,1.36,482356,
1789353540000,2026-09-14T02:39:00.000Z,1.36,1.3604,1.3584,1.3589,216786,
1789353720000,2026-09-14T02:42:00.000Z,1.3589,1.3609,1.3588,1.3602,316237,
1789353900000,2026-09-14T02:45:00.000Z,1.3602,1.3627,1.3602,1.3627,167507,
1789354080000,2026-09-14T02:48:00.000Z,1.3627,1.3671,1.3626,1.3653,490884,
1789354260000,2026-09-14T02:51:00.000Z,1.3653,1.3682,1.3645,1.3675,523764,
1789354440000,2026-09-14T02:54:00.000Z,1.3675,1.3732,1.3675,1.3695,1391167,
1789354620000,2026-09-14T02:57:00.000Z,1.3695,1.3699,1.3691,1.3694,348121,
1789354800000,2026-09-14T03:00:00.000Z,1.3694,1.3709,1.3693,1.3705,223180,
1789354980000,2026-09-14T03:03:00.000Z,1.3705,1.3705,1.3677,1.3693,254715,
1789355160000,2026-09-14T03:06:00.000Z,1.3693,1.3721,1.3692,1.3718,486687,
1789355340000,2026-09-14T03:09:00.000Z,1.3718,1.3755,1.3716,1.3748,1625149,
1789355520000,2026-09-14T03:12:00.000Z,1.3748,1.3757,1.3736,1.3748,256893,
1789355700000,2026-09-14T03:15:00.000Z,1.3748,1.377,1.3732,1.3736,527364,
1789355880000,2026-09-14T03:18:00.000Z,1.3736,1.375,1.3721,1.3749,175757,
1789356060000,2026-09-14T03:21:00.000Z,1.3749,1.3757,1.3736,1.3738,137769,
1789356240000,2026-09-14T03:24:00.000Z,1.3738,1.377,1.3738,1.3768,671450,
1789356420000,2026-09-14T03:27:00.000Z,1.3768,1.3781,1.3759,1.3766,400867,
1789356600000,2026-09-14T03:30:00.000Z,1.3766,1.3778,1.3746,1.3754,419164,
1789356780000,2026-09-14T03:33:00.000Z,1.3754,1.379,1.3739,1.3787,684057,
1789356960000,2026-09-14T03:36:00.000Z,1.3787,1.3803,1.3771,1.3774,395241,
1789357140000,2026-09-14T03:39:00.000Z,1.3774,1.3774,1.374,1.3744,188620,
1789357320000,2026-09-14T03:42:00.000Z,1.3744,1.3747,1.3732,1.3738,253350,
1789357500000,2026-09-14T03:45:00.000Z,1.3738,1.374,1.3721,1.3728,178646,
1789357680000,2026-09-14T03:48:00.000Z,1.3728,1.3728,1.3691,1.37,356225,
1789357860000,2026-09-14T03:51:00.000Z,1.37,1.373,1.37,1.3729,199242,
1789358040000,2026-09-14T03:54:00.000Z,1.3729,1.3734,1.372,1.3725,140427,
1789358220000,2026-09-14T03:57:00.000Z,1.3725,1.3726,1.371,1.372,57783,
1789358400000,2026-09-14T04:00:00.000Z,1.372,1.3733,1.3712,1.3717,141101,
1789358580000,2026-09-14T04:03:00.000Z,1.3717,1.3743,1.3717,1.3736,70963,
1789358760000,2026-09-14T04:06:00.000Z,1.3736,1.3756,1.3726,1.3731,677227,
1789358940000,2026-09-14T04:09:00.000Z,1.3731,1.3737,1.3715,1.3719,109828,
1789359120000,2026-09-14T04:12:00.000Z,1.3719,1.3725,1.3705,1.3719,146235,
1789359300000,2026-09-14T04:15:00.000Z,1.3719,1.3738,1.371,1.3725,779259,
1789359480000,2026-09-14T04:18:00.000Z,1.3725,1.3748,1.3722,1.3747,79401,
1789359660000,2026-09-14T04:21:00.000Z,1.3747,1.3782,1.3747,1.3773,824298,
1789359840000,2026-09-14T04:24:00.000Z,1.3773,1.378,1.3746,1.3746,420666,
1789360020000,2026-09-14T04:27:00.000Z,1.3746,1.3755,1.3723,1.3732,492248,
1789360200000,2026-09-14T04:30:00.000Z,1.3732,1.3735,1.3712,1.3714,181909,
1789360380000,2026-09-14T04:33:00.000Z,1.3714,1.3743,1.3708,1.3737,527717,
1789360560000,2026-09-14T04:36:00.000Z,1.3737,1.3754,1.3732,1.3739,186232,
1789360740000,2026-09-14T04:39:00.000Z,1.3739,1.3765,1.3739,1.3753,315564,
1789360920000,2026-09-14T04:42:00.000Z,1.3753,1.3763,1.3748,1.3757,198305,
1789361100000,2026-09-14T04:45:00.000Z,1.3757,1.3798,1.3753,1.377,1125018,
1789361280000,2026-09-14T04:48:00.000Z,1.377,1.3783,1.3765,1.3776,183229,
1789361460000,2026-09-14T04:51:00.000Z,1.3776,1.3776,1.3759,1.3766,157082,
1789361640000,2026-09-14T04:54:00.000Z,1.3766,1.3768,1.376,1.376,53180,
1789361820000,2026-09-14T04:57:00.000Z,1.376,1.3762,1.3746,1.3762,270068,
1789362000000,2026-09-14T05:00:00.000Z,1.3762,1.3768,1.3738,1.3739,141995,
1789362180000,2026-09-14T05:03:00.000Z,1.3739,1.3744,1.3738,1.3743,111660,
1789362360000,2026-09-14T05:06:00.000Z,1.3743,1.3755,1.3743,1.3754,105448,
1789362540000,2026-09-14T05:09:00.000Z,1.3754,1.3764,1.3745,1.3752,201360,
1789362720000,2026-09-14T05:12:00.000Z,1.3752,1.378,1.3752,1.3775,160001,
1789362900000,2026-09-14T05:15:00.000Z,1.3775,1.3777,1.3755,1.3755,353634,
1789363080000,2026-09-14T05:18:00.000Z,1.3755,1.3779,1.3755,1.3771,111717,
1789363260000,2026-09-14T05:21:00.000Z,1.3771,1.3773,1.3759,1.3759,64451,
1789363440000,2026-09-14T05:24:00.000Z,1.3759,1.376,1.3745,1.3758,232433,
1789363620000,2026-09-14T05:27:00.000Z,1.3758,1.3758,1.3744,1.3747,109896,
1789363800000,2026-09-14T05:30:00.000Z,1.3747,1.3753,1.3742,1.3753,233043,
1789363980000,2026-09-14T05:33:00.000Z,1.3753,1.3759,1.3743,1.3759,55238,
1789364160000,2026-09-14T05:36:00.000Z,1.3759,1.3782,1.3754,1.3782,148049,
1789364340000,2026-09-14T05:39:00.000Z,1.3782,1.3805,1.3782,1.3803,401582,
1789364520000,2026-09-14T05:42:00.000Z,1.3803,1.3808,1.3771,1.3775,336768,
1789364700000,2026-09-14T05:45:00.000Z,1.3775,1.378,1.3764,1.3764,127729,
1789364880000,2026-09-14T05:48:00.000Z,1.3764,1.3771,1.3761,1.3764,63151,
1789365060000,2026-09-14T05:51:00.000Z,1.3764,1.3769,1.3753,1.3769,223732,
1789365240000,2026-09-14T05:54:00.000Z,1.3769,1.3802,1.3769,1.379,439414,
1789365420000,2026-09-14T05:57:00.000Z,1.379,1.3793,1.3773,1.3793,490725,
1789365600000,2026-09-14T06:00:00.000Z,1.3793,1.3814,1.3789,1.3813,362016,
1789365780000,2026-09-14T06:03:00.000Z,1.3813,1.3841,1.3804,1.3838,691340,
1789365960000,2026-09-14T06:06:00.000Z,1.3838,1.3867,1.3831,1.385,1186028,
1789366140000,2026-09-14T06:09:00.000Z,1.385,1.3877,1.3832,1.387,585869,
1789366320000,2026-09-14T06:12:00.000Z,1.387,1.3872,1.3837,1.384,789931,
1789366500000,2026-09-14T06:15:00.000Z,1.384,1.3851,1.383,1.3836,442772,
1789366680000,2026-09-14T06:18:00.000Z,1.3836,1.3839,1.3825,1.3832,106598,
1789366860000,2026-09-14T06:21:00.000Z,1.3832,1.3832,1.3817,1.3817,165284,
1789367040000,2026-09-14T06:24:00.000Z,1.3817,1.3832,1.3817,1.3828,75745,
1789367220000,2026-09-14T06:27:00.000Z,1.3828,1.383,1.3804,1.3804,296708,
1789367400000,2026-09-14T06:30:00.000Z,1.3804,1.3812,1.3736,1.3759,1562858,
1789367580000,2026-09-14T06:33:00.000Z,1.3759,1.3788,1.3756,1.3782,301485,
1789367760000,2026-09-14T06:36:00.000Z,1.3782,1.3794,1.377,1.3791,537296,
1789367940000,2026-09-14T06:39:00.000Z,1.3791,1.383,1.3791,1.3821,1457736,
1789368120000,2026-09-14T06:42:00.000Z,1.3821,1.385,1.3819,1.3834,952076,
1789368300000,2026-09-14T06:45:00.000Z,1.3834,1.3855,1.3827,1.3851,1071666,
1789368480000,2026-09-14T06:48:00.000Z,1.3851,1.3855,1.3831,1.3846,1049725,
1789368660000,2026-09-14T06:51:00.000Z,1.3846,1.3869,1.3842,1.3859,279322,
1789368840000,2026-09-14T06:54:00.000Z,1.3859,1.3878,1.3857,1.3862,515071,
1789369020000,2026-09-14T06:57:00.000Z,1.3862,1.3863,1.3851,1.3856,78039,
1789369200000,2026-09-14T07:00:00.000Z,1.3856,1.387,1.3834,1.3869,331561,
1789369380000,2026-09-14T07:03:00.000Z,1.3869,1.3899,1.3862,1.3886,1453939,
1789369560000,2026-09-14T07:06:00.000Z,1.3886,1.3887,1.3857,1.3864,443936,
1789369740000,2026-09-14T07:09:00.000Z,1.3864,1.3867,1.3843,1.386,490212,
1789369920000,2026-09-14T07:12:00.000Z,1.386,1.386,1.3846,1.3859,79690,
1789370100000,2026-09-14T07:15:00.000Z,1.3859,1.3885,1.3852,1.3877,457544,
1789370280000,2026-09-14T07:18:00.000Z,1.3877,1.3891,1.387,1.387,450406,
1789370460000,2026-09-14T07:21:00.000Z,1.387,1.3874,1.3865,1.3873,43618,
1789370640000,2026-09-14T07:24:00.000Z,1.3873,1.3886,1.3871,1.3872,188868,
1789370820000,2026-09-14T07:27:00.000Z,1.3872,1.3878,1.3858,1.3858,115595,
1789371000000,2026-09-14T07:30:00.000Z,1.3858,1.3869,1.3856,1.3863,143765,
1789371180000,2026-09-14T07:33:00.000Z,1.3863,1.3864,1.3847,1.3856,369163,
1789371360000,2026-09-14T07:36:00.000Z,1.3856,1.3877,1.3856,1.3864,201033,
1789371540000,2026-09-14T07:39:00.000Z,1.3864,1.3891,1.3861,1.3877,863083,
1789371720000,2026-09-14T07:42:00.000Z,1.3877,1.3895,1.3874,1.3883,224087,
1789371900000,2026-09-14T07:45:00.000Z,1.3883,1.3884,1.3851,1.3881,1029802,
1789372080000,2026-09-14T07:48:00.000Z,1.3881,1.3893,1.388,1.3893,197118,
1789372260000,2026-09-14T07:51:00.000Z,1.3893,1.3897,1.3877,1.3885,230854,
1789372440000,2026-09-14T07:54:00.000Z,1.3885,1.3896,1.3871,1.3893,686624,
1789372620000,2026-09-14T07:57:00.000Z,1.3893,1.3899,1.3892,1.3899,323761,
1789372800000,2026-09-14T08:00:00.000Z,1.3899,1.39,1.3855,1.3858,877930,
1789372980000,2026-09-14T08:03:00.000Z,1.3858,1.387,1.3833,1.3861,845698,
1789373160000,2026-09-14T08:06:00.000Z,1.3861,1.3878,1.3855,1.3872,506126,
1789373340000,2026-09-14T08:09:00.000Z,1.3872,1.39,1.3855,1.3859,1672908,
1789373520000,2026-09-14T08:12:00.000Z,1.3859,1.3875,1.385,1.3862,420796,
1789373700000,2026-09-14T08:15:00.000Z,1.3862,1.3873,1.3845,1.3872,790486,
1789373880000,2026-09-14T08:18:00.000Z,1.3872,1.3879,1.3858,1.3879,155124,
1789374060000,2026-09-14T08:21:00.000Z,1.3879,1.3898,1.3879,1.3894,671816,
1789374240000,2026-09-14T08:24:00.000Z,1.3894,1.3932,1.3873,1.3905,2344655,
1789374420000,2026-09-14T08:27:00.000Z,1.3905,1.3905,1.3861,1.3861,1049894,
1789374600000,2026-09-14T08:30:00.000Z,1.3861,1.3885,1.3853,1.388,555799,
1789374780000,2026-09-14T08:33:00.000Z,1.388,1.388,1.3856,1.387,453110,
1789374960000,2026-09-14T08:36:00.000Z,1.387,1.3874,1.3862,1.3864,52867,
1789375140000,2026-09-14T08:39:00.000Z,1.3864,1.3868,1.3855,1.3868,121839,
1789375320000,2026-09-14T08:42:00.000Z,1.3868,1.387,1.3851,1.3852,67852,
1789375500000,2026-09-14T08:45:00.000Z,1.3852,1.3856,1.3843,1.3843,356196,
1789375680000,2026-09-14T08:48:00.000Z,1.3843,1.3849,1.3838,1.3844,192203,
1789375860000,2026-09-14T08:51:00.000Z,1.3844,1.3861,1.3839,1.3839,83675,
1789376040000,2026-09-14T08:54:00.000Z,1.3839,1.3846,1.3838,1.3844,100942,
1789376220000,2026-09-14T08:57:00.000Z,1.3844,1.3848,1.3839,1.3847,56311,
1789376400000,2026-09-14T09:00:00.000Z,1.3847,1.3863,1.3847,1.3854,826440,
1789376580000,2026-09-14T09:03:00.000Z,1.3854,1.3869,1.3852,1.3866,982399,
1789376760000,2026-09-14T09:06:00.000Z,1.3866,1.3877,1.3856,1.3874,270485,
1789376940000,2026-09-14T09:09:00.000Z,1.3874,1.3878,1.3848,1.3849,616287,
1789377120000,2026-09-14T09:12:00.000Z,1.3849,1.3855,1.3838,1.3843,70588,
1789377300000,2026-09-14T09:15:00.000Z,1.3843,1.3852,1.3817,1.3846,1387104,
1789377480000,2026-09-14T09:18:00.000Z,1.3846,1.3867,1.3842,1.3867,50406,
1789377660000,2026-09-14T09:21:00.000Z,1.3867,1.3867,1.3818,1.3828,1464321,
1789377840000,2026-09-14T09:24:00.000Z,1.3828,1.3836,1.3806,1.3834,1124359,
1789378020000,2026-09-14T09:27:00.000Z,1.3834,1.3867,1.3829,1.3862,202652,
1789378200000,2026-09-14T09:30:00.000Z,1.3862,1.3893,1.3862,1.3864,1317672,
1789378380000,2026-09-14T09:33:00.000Z,1.3864,1.3885,1.3864,1.3867,152960,
1789378560000,2026-09-14T09:36:00.000Z,1.3867,1.3872,1.3864,1.3866,186015,
1789378740000,2026-09-14T09:39:00.000Z,1.3866,1.3909,1.3863,1.3906,840865,
1789378920000,2026-09-14T09:42:00.000Z,1.3906,1.3929,1.3906,1.3914,582728,
1789379100000,2026-09-14T09:45:00.000Z,1.3914,1.3926,1.3908,1.3926,140141,
1789379280000,2026-09-14T09:48:00.000Z,1.3926,1.3971,1.3926,1.3963,1028485,
1789379460000,2026-09-14T09:51:00.000Z,1.3963,1.408,1.3949,1.408,2943474,
1789379640000,2026-09-14T09:54:00.000Z,1.408,1.4093,1.402,1.406,2157969,
1789379820000,2026-09-14T09:57:00.000Z,1.406,1.4082,1.4014,1.4023,1739536,
1789380000000,2026-09-14T10:00:00.000Z,1.4023,1.4044,1.3984,1.3987,584682,
1789380180000,2026-09-14T10:03:00.000Z,1.3987,1.4065,1.3987,1.4051,1072905,
1789380360000,2026-09-14T10:06:00.000Z,1.4051,1.408,1.4027,1.4039,1573846,
1789380540000,2026-09-14T10:09:00.000Z,1.4039,1.4039,1.4013,1.4028,336963,
1789380720000,2026-09-14T10:12:00.000Z,1.4028,1.4028,1.4002,1.4009,418894,
1789380900000,2026-09-14T10:15:00.000Z,1.4009,1.4013,1.3968,1.3991,883232,
1789381080000,2026-09-14T10:18:00.000Z,1.3991,1.3996,1.3976,1.3976,205960,
1789381260000,2026-09-14T10:21:00.000Z,1.3976,1.3991,1.3966,1.3977,436318,
1789381440000,2026-09-14T10:24:00.000Z,1.3977,1.3977,1.3942,1.395,642393,
1789381620000,2026-09-14T10:27:00.000Z,1.395,1.3961,1.3946,1.395,501639,
1789381800000,2026-09-14T10:30:00.000Z,1.395,1.3953,1.3945,1.3952,368765,
1789381980000,2026-09-14T10:33:00.000Z,1.3952,1.3958,1.3941,1.3947,130401,
1789382160000,2026-09-14T10:36:00.000Z,1.3947,1.3974,1.3946,1.3958,146234,
1789382340000,2026-09-14T10:39:00.000Z,1.3958,1.3964,1.3947,1.396,398172,
1789382520000,2026-09-14T10:42:00.000Z,1.396,1.3994,1.3959,1.3993,928005,
1789382700000,2026-09-14T10:45:00.000Z,1.3993,1.4018,1.3993,1.4006,217614,
1789382880000,2026-09-14T10:48:00.000Z,1.4006,1.4031,1.4003,1.403,491978,
1789383060000,2026-09-14T10:51:00.000Z,1.403,1.403,1.3973,1.3994,1534781,
1789383240000,2026-09-14T10:54:00.000Z,1.3994,1.4,1.3984,1.3992,160880,
1789383420000,2026-09-14T10:57:00.000Z,1.3992,1.3994,1.3957,1.3963,786247,
1789383600000,2026-09-14T11:00:00.000Z,1.3963,1.3998,1.3958,1.3992,799622,
1789383780000,2026-09-14T11:03:00.000Z,1.3992,1.3992,1.3956,1.3956,631120,
1789383960000,2026-09-14T11:06:00.000Z,1.3956,1.3971,1.3938,1.3951,278596,
1789384140000,2026-09-14T11:09:00.000Z,1.3951,1.3964,1.3942,1.3963,376631,
1789384320000,2026-09-14T11:12:00.000Z,1.3963,1.3977,1.3962,1.3966,388948,
1789384500000,2026-09-14T11:15:00.000Z,1.3966,1.3986,1.3966,1.3985,409851,
1789384680000,2026-09-14T11:18:00.000Z,1.3985,1.4009,1.3984,1.4003,400493,
1789384860000,2026-09-14T11:21:00.000Z,1.4003,1.4017,1.3997,1.3997,284612,
1789385040000,2026-09-14T11:24:00.000Z,1.3997,1.404,1.3997,1.4036,266289,
1789385220000,2026-09-14T11:27:00.000Z,1.4036,1.4051,1.4035,1.4041,520076,
1789385400000,2026-09-14T11:30:00.000Z,1.4041,1.4059,1.403,1.4035,1665780,
1789385580000,2026-09-14T11:33:00.000Z,1.4035,1.4037,1.3991,1.4003,1204865,
1789385760000,2026-09-14T11:36:00.000Z,1.4003,1.402,1.3999,1.4003,368232,
1789385940000,2026-09-14T11:39:00.000Z,1.4003,1.4016,1.3994,1.3994,393018,
1789386120000,2026-09-14T11:42:00.000Z,1.3994,1.4,1.3989,1.4,192945,
1789386300000,2026-09-14T11:45:00.000Z,1.4,1.4008,1.3995,1.4004,152562,
1789386480000,2026-09-14T11:48:00.000Z,1.4004,1.4008,1.3989,1.3992,39494,
1789386660000,2026-09-14T11:51:00.000Z,1.3992,1.3993,1.3978,1.3978,228973,
1789386840000,2026-09-14T11:54:00.000Z,1.3978,1.3986,1.3959,1.3969,709442,
1789387020000,2026-09-14T11:57:00.000Z,1.3969,1.3988,1.396,1.3981,921225,
1789387200000,2026-09-14T12:00:00.000Z,1.3981,1.3994,1.3973,1.3979,292223,
1789387380000,2026-09-14T12:03:00.000Z,1.3979,1.3981,1.3975,1.3977,230285,
1789387560000,2026-09-14T12:06:00.000Z,1.3977,1.3981,1.3962,1.3973,412564,
1789387740000,2026-09-14T12:09:00.000Z,1.3973,1.3982,1.3971,1.3976,91372,
1789387920000,2026-09-14T12:12:00.000Z,1.3976,1.3979,1.396,1.3973,66230,
1789388100000,2026-09-14T12:15:00.000Z,1.3973,1.3985,1.3959,1.398,196390,
1789388280000,2026-09-14T12:18:00.000Z,1.398,1.3992,1.3963,1.3965,759561,
1789388460000,2026-09-14T12:21:00.000Z,1.3965,1.398,1.3963,1.3978,224280,
1789388640000,2026-09-14T12:24:00.000Z,1.3978,1.3983,1.3956,1.3956,365138,
1789388820000,2026-09-14T12:27:00.000Z,1.3956,1.399,1.395,1.3985,699513,
1789389000000,2026-09-14T12:30:00.000Z,1.3985,1.402,1.3977,1.402,325160,
1789389180000,2026-09-14T12:33:00.000Z,1.402,1.4039,1.3956,1.3972,1173535,
1789389360000,2026-09-14T12:36:00.000Z,1.3972,1.4,1.3953,1.3991,499281,
1789389540000,2026-09-14T12:39:00.000Z,1.3991,1.4017,1.3968,1.4005,1268296,
1789389720000,2026-09-14T12:42:00.000Z,1.4005,1.4029,1.4001,1.4017,320818,
1789389900000,2026-09-14T12:45:00.000Z,1.4017,1.4032,1.3985,1.3991,685536,
1789390080000,2026-09-14T12:48:00.000Z,1.3991,1.3993,1.3967,1.3967,638792,
1789390260000,2026-09-14T12:51:00.000Z,1.3967,1.3969,1.3945,1.3947,544008,
1789390440000,2026-09-14T12:54:00.000Z,1.3947,1.3951,1.3918,1.3928,1401165,
1789390620000,2026-09-14T12:57:00.000Z,1.3928,1.3946,1.3928,1.3944,387591,
1789390800000,2026-09-14T13:00:00.000Z,1.3944,1.395,1.391,1.3912,568844,
1789390980000,2026-09-14T13:03:00.000Z,1.3912,1.3937,1.3889,1.3894,1733408,
1789391160000,2026-09-14T13:06:00.000Z,1.3894,1.3894,1.3822,1.3837,2757807,
1789391340000,2026-09-14T13:09:00.000Z,1.3837,1.3916,1.3835,1.3912,1063613,
1789391520000,2026-09-14T13:12:00.000Z,1.3912,1.3932,1.3885,1.3896,1346037,
1789391700000,2026-09-14T13:15:00.000Z,1.3896,1.3938,1.3893,1.3933,1345687,
1789391880000,2026-09-14T13:18:00.000Z,1.3933,1.3957,1.3918,1.3924,1409712,
1789392060000,2026-09-14T13:21:00.000Z,1.3924,1.3939,1.3918,1.3935,85448,
1789392240000,2026-09-14T13:24:00.000Z,1.3935,1.3935,1.3909,1.392,869562,
1789392420000,2026-09-14T13:27:00.000Z,1.392,1.3935,1.3916,1.3933,117563,
1789392600000,2026-09-14T13:30:00.000Z,1.3933,1.3994,1.3923,1.3983,1399717,
1789392780000,2026-09-14T13:33:00.000Z,1.3983,1.4013,1.3964,1.3964,834078,
1789392960000,2026-09-14T13:36:00.000Z,1.3964,1.397,1.3895,1.3948,977068,
1789393140000,2026-09-14T13:39:00.000Z,1.3948,1.3953,1.3919,1.3927,340374,
1789393320000,2026-09-14T13:42:00.000Z,1.3927,1.3955,1.3923,1.3947,286926,
1789393500000,2026-09-14T13:45:00.000Z,1.3947,1.4007,1.3937,1.3999,590960,
1789393680000,2026-09-14T13:48:00.000Z,1.3999,1.4027,1.3992,1.4003,641335,
1789393860000,2026-09-14T13:51:00.000Z,1.4003,1.4008,1.3956,1.3981,405486,
1789394040000,2026-09-14T13:54:00.000Z,1.3981,1.3982,1.3931,1.3944,949630,
1789394220000,2026-09-14T13:57:00.000Z,1.3944,1.3958,1.393,1.394,341265,
1789394400000,2026-09-14T14:00:00.000Z,1.394,1.3993,1.3934,1.3986,951555,
1789394580000,2026-09-14T14:03:00.000Z,1.3986,1.401,1.3956,1.3961,1425325,
1789394760000,2026-09-14T14:06:00.000Z,1.3961,1.3979,1.3956,1.397,207575,
1789394940000,2026-09-14T14:09:00.000Z,1.397,1.4033,1.3966,1.4015,1693366,
1789395120000,2026-09-14T14:12:00.000Z,1.4015,1.4018,1.3993,1.4007,290704,
1789395300000,2026-09-14T14:15:00.000Z,1.4007,1.4031,1.4001,1.4022,291290,
1789395480000,2026-09-14T14:18:00.000Z,1.4022,1.4047,1.3995,1.4033,618985,
1789395660000,2026-09-14T14:21:00.000Z,1.4033,1.4036,1.397,1.3983,1183405,
1789395840000,2026-09-14T14:24:00.000Z,1.3983,1.3985,1.3939,1.3944,744108,
1789396020000,2026-09-14T14:27:00.000Z,1.3944,1.4018,1.3943,1.3999,847194,
1789396200000,2026-09-14T14:30:00.000Z,1.3999,1.4046,1.399,1.402,608640,
1789396380000,2026-09-14T14:33:00.000Z,1.402,1.4029,1.3972,1.3972,573526,
1789396560000,2026-09-14T14:36:00.000Z,1.3972,1.398,1.3954,1.3973,600540,
1789396740000,2026-09-14T14:39:00.000Z,1.3973,1.398,1.3956,1.3967,889901,
1789396920000,2026-09-14T14:42:00.000Z,1.3967,1.3972,1.3952,1.3972,245014,
1789397100000,2026-09-14T14:45:00.000Z,1.3972,1.401,1.3963,1.3978,949937,
1789397280000,2026-09-14T14:48:00.000Z,1.3978,1.4009,1.3973,1.3991,282733,
1789397460000,2026-09-14T14:51:00.000Z,1.3991,1.3992,1.3966,1.3967,110401,
1789397640000,2026-09-14T14:54:00.000Z,1.3967,1.4006,1.3965,1.3978,1292219,
1789397820000,2026-09-14T14:57:00.000Z,1.3978,1.4002,1.3978,1.3993,239913,
1789398000000,2026-09-14T15:00:00.000Z,1.3993,1.3993,1.3953,1.3973,523956,
1789398180000,2026-09-14T15:03:00.000Z,1.3973,1.398,1.3916,1.3961,1613667,
1789398360000,2026-09-14T15:06:00.000Z,1.3961,1.3999,1.3961,1.3978,439074,
1789398540000,2026-09-14T15:09:00.000Z,1.3978,1.3992,1.3953,1.3957,130409,
1789398720000,2026-09-14T15:12:00.000Z,1.3957,1.3983,1.395,1.3978,228230,
1789398900000,2026-09-14T15:15:00.000Z,1.3978,1.3999,1.396,1.3981,129600,
1789399080000,2026-09-14T15:18:00.000Z,1.3981,1.4003,1.3974,1.3995,191888,
1789399260000,2026-09-14T15:21:00.000Z,1.3995,1.4006,1.3985,1.4006,478577,
1789399440000,2026-09-14T15:24:00.000Z,1.4006,1.4012,1.3986,1.3995,690633,
1789399620000,2026-09-14T15:27:00.000Z,1.3995,1.3997,1.3979,1.3979,62117,
1789399800000,2026-09-14T15:30:00.000Z,1.3979,1.4026,1.3974,1.4026,1999888,
1789399980000,2026-09-14T15:33:00.000Z,1.4026,1.4053,1.4007,1.4007,699447,
1789400160000,2026-09-14T15:36:00.000Z,1.4007,1.4033,1.3994,1.401,636655,
1789400340000,2026-09-14T15:39:00.000Z,1.401,1.4044,1.4006,1.4044,1383365,
1789400520000,2026-09-14T15:42:00.000Z,1.4044,1.4066,1.4036,1.4043,421533,
1789400700000,2026-09-14T15:45:00.000Z,1.4043,1.4048,1.3997,1.4002,633879,
1789400880000,2026-09-14T15:48:00.000Z,1.4002,1.4049,1.4,1.4042,1005520,
1789401060000,2026-09-14T15:51:00.000Z,1.4042,1.406,1.403,1.4055,344633,
1789401240000,2026-09-14T15:54:00.000Z,1.4055,1.4056,1.4023,1.4032,1151458,
1789401420000,2026-09-14T15:57:00.000Z,1.4032,1.4038,1.4017,1.4027,191283,
1789401600000,2026-09-14T16:00:00.000Z,1.4027,1.4041,1.4026,1.4026,187967,
1789401780000,2026-09-14T16:03:00.000Z,1.4026,1.4026,1.401,1.4023,197706,
1789401960000,2026-09-14T16:06:00.000Z,1.4023,1.4031,1.4018,1.4024,307014,
1789402140000,2026-09-14T16:09:00.000Z,1.4024,1.4037,1.402,1.4035,50214,
1789402320000,2026-09-14T16:12:00.000Z,1.4035,1.4037,1.4013,1.4015,71156,
1789402500000,2026-09-14T16:15:00.000Z,1.4015,1.412,1.4015,1.4113,1311620,
1789402680000,2026-09-14T16:18:00.000Z,1.4113,1.4182,1.4113,1.4133,2771422,
1789402860000,2026-09-14T16:21:00.000Z,1.4133,1.4191,1.4123,1.4164,520519,
1789403040000,2026-09-14T16:24:00.000Z,1.4164,1.4188,1.4115,1.4115,693190,
1789403220000,2026-09-14T16:27:00.000Z,1.4115,1.4135,1.4099,1.4106,1013805,
1789403400000,2026-09-14T16:30:00.000Z,1.4106,1.414,1.4106,1.4114,952854,
1789403580000,2026-09-14T16:33:00.000Z,1.4114,1.4121,1.4087,1.4091,349231,
1789403760000,2026-09-14T16:36:00.000Z,1.4091,1.4115,1.4073,1.4115,1116992,
1789403940000,2026-09-14T16:39:00.000Z,1.4115,1.4124,1.409,1.4099,601466,
1789404120000,2026-09-14T16:42:00.000Z,1.4099,1.4103,1.4095,1.4095,179309,
1789404300000,2026-09-14T16:45:00.000Z,1.4095,1.4157,1.4094,1.4156,201746,
1789404480000,2026-09-14T16:48:00.000Z,1.4156,1.419,1.4153,1.4188,361837,
1789404660000,2026-09-14T16:51:00.000Z,1.4188,1.4219,1.4184,1.4185,1547204,
1789404840000,2026-09-14T16:54:00.000Z,1.4185,1.422,1.4185,1.4199,678670,
1789405020000,2026-09-14T16:57:00.000Z,1.4199,1.4205,1.418,1.4182,291244,
1789405200000,2026-09-14T17:00:00.000Z,1.4182,1.4197,1.416,1.4195,233934,
1789405380000,2026-09-14T17:03:00.000Z,1.4195,1.4195,1.4173,1.4175,263506,
1789405560000,2026-09-14T17:06:00.000Z,1.4175,1.4196,1.4169,1.4183,238077,
1789405740000,2026-09-14T17:09:00.000Z,1.4183,1.4207,1.4169,1.4204,717092,
1789405920000,2026-09-14T17:12:00.000Z,1.4204,1.4227,1.4204,1.4209,315160,
1789406100000,2026-09-14T17:15:00.000Z,1.4209,1.4229,1.4206,1.4219,302962,
1789406280000,2026-09-14T17:18:00.000Z,1.4219,1.4223,1.4172,1.4222,1184155,
1789406460000,2026-09-14T17:21:00.000Z,1.4222,1.423,1.4198,1.4222,331227,
1789406640000,2026-09-14T17:24:00.000Z,1.4222,1.423,1.4198,1.4207,320290,
1789406820000,2026-09-14T17:27:00.000Z,1.4207,1.424,1.4191,1.4235,2051765,
1789407000000,2026-09-14T17:30:00.000Z,1.4235,1.4267,1.4226,1.4238,895007,
1789407180000,2026-09-14T17:33:00.000Z,1.4238,1.4285,1.4206,1.4267,1387043,
1789407360000,2026-09-14T17:36:00.000Z,1.4267,1.427,1.4243,1.4261,330451,
1789407540000,2026-09-14T17:39:00.000Z,1.4261,1.4279,1.4254,1.4269,725397,
1789407720000,2026-09-14T17:42:00.000Z,1.4269,1.4344,1.4269,1.4328,1343637,
1789407900000,2026-09-14T17:45:00.000Z,1.4328,1.4362,1.4302,1.4312,1666753,
1789408080000,2026-09-14T17:48:00.000Z,1.4312,1.4324,1.4294,1.4302,868316,
1789408260000,2026-09-14T17:51:00.000Z,1.4302,1.4358,1.4302,1.4357,1600322,
1789408440000,2026-09-14T17:54:00.000Z,1.4357,1.44,1.4344,1.4348,1167798,
1789408620000,2026-09-14T17:57:00.000Z,1.4348,1.4376,1.4326,1.434,892860,
1789408800000,2026-09-14T18:00:00.000Z,1.434,1.4356,1.4303,1.4303,754859,
1789408980000,2026-09-14T18:03:00.000Z,1.4303,1.4377,1.4294,1.4353,1760190,
1789409160000,2026-09-14T18:06:00.000Z,1.4353,1.4403,1.4353,1.4391,585471,
1789409340000,2026-09-14T18:09:00.000Z,1.4391,1.4395,1.4329,1.4329,1672198,
1789409520000,2026-09-14T18:12:00.000Z,1.4329,1.4361,1.4328,1.434,261506,
1789409700000,2026-09-14T18:15:00.000Z,1.434,1.4396,1.4338,1.4382,2072946,
1789409880000,2026-09-14T18:18:00.000Z,1.4382,1.4452,1.4367,1.4435,1237820,
1789410060000,2026-09-14T18:21:00.000Z,1.4435,1.4477,1.4433,1.446,1133461,
1789410240000,2026-09-14T18:24:00.000Z,1.446,1.45,1.4457,1.4478,846474,
1789410420000,2026-09-14T18:27:00.000Z,1.4478,1.4537,1.4473,1.4537,1303971,
1789410600000,2026-09-14T18:30:00.000Z,1.4537,1.4592,1.4526,1.4563,1918463,
1789410780000,2026-09-14T18:33:00.000Z,1.4563,1.4584,1.4557,1.4559,470033,
1789410960000,2026-09-14T18:36:00.000Z,1.4559,1.4684,1.4557,1.4647,3020164,
1789411140000,2026-09-14T18:39:00.000Z,1.4647,1.4668,1.4542,1.4582,1974305,
1789411320000,2026-09-14T18:42:00.000Z,1.4582,1.4657,1.456,1.465,934580,
1789411500000,2026-09-14T18:45:00.000Z,1.465,1.4814,1.465,1.4753,3869019,
1789411680000,2026-09-14T18:48:00.000Z,1.4753,1.48,1.473,1.4756,2237258,
1789411860000,2026-09-14T18:51:00.000Z,1.4756,1.4772,1.4709,1.4746,1458127,
1789412040000,2026-09-14T18:54:00.000Z,1.4746,1.4795,1.4737,1.4759,1419997,
1789412220000,2026-09-14T18:57:00.000Z,1.4759,1.4783,1.4754,1.4765,367068,
1789412400000,2026-09-14T19:00:00.000Z,1.4765,1.4773,1.4569,1.4587,4160375,
1789412580000,2026-09-14T19:03:00.000Z,1.4587,1.46,1.4553,1.4574,1313349,
1789412760000,2026-09-14T19:06:00.000Z,1.4574,1.4603,1.4544,1.4574,1740247,
1789412940000,2026-09-14T19:09:00.000Z,1.4574,1.4607,1.4558,1.46,753359,
1789413120000,2026-09-14T19:12:00.000Z,1.46,1.4628,1.4591,1.4624,593349,
1789413300000,2026-09-14T19:15:00.000Z,1.4624,1.4686,1.4624,1.465,1298675,
1789413480000,2026-09-14T19:18:00.000Z,1.465,1.4699,1.462,1.4695,1259730,
1789413660000,2026-09-14T19:21:00.000Z,1.4695,1.4714,1.4665,1.4675,737957,
1789413840000,2026-09-14T19:24:00.000Z,1.4675,1.4683,1.4583,1.4597,867497,
1789414020000,2026-09-14T19:27:00.000Z,1.4597,1.4646,1.4585,1.4613,1193002,
1789414200000,2026-09-14T19:30:00.000Z,1.4613,1.4613,1.456,1.4593,1276597,
1789414380000,2026-09-14T19:33:00.000Z,1.4593,1.4609,1.4548,1.4585,1185243,
1789414560000,2026-09-14T19:36:00.000Z,1.4585,1.4585,1.4533,1.4548,807034,
1789414740000,2026-09-14T19:39:00.000Z,1.4548,1.4578,1.4545,1.4574,431258,
1789414920000,2026-09-14T19:42:00.000Z,1.4574,1.4592,1.4555,1.4591,1285435,
1789415100000,2026-09-14T19:45:00.000Z,1.4591,1.4609,1.4586,1.4593,805271,
1789415280000,2026-09-14T19:48:00.000Z,1.4593,1.4601,1.4571,1.4584,428084,
1789415460000,2026-09-14T19:51:00.000Z,1.4584,1.4594,1.4566,1.4567,257155,
1789415640000,2026-09-14T19:54:00.000Z,1.4567,1.4587,1.4565,1.4579,388038,
1789415820000,2026-09-14T19:57:00.000Z,1.4579,1.4645,1.4565,1.4636,765210,
1789416000000,2026-09-14T20:00:00.000Z,1.4636,1.4704,1.463,1.4663,1345128,
1789416180000,2026-09-14T20:03:00.000Z,1.4663,1.4683,1.4646,1.4666,484202,
1789416360000,2026-09-14T20:06:00.000Z,1.4666,1.4714,1.4666,1.4704,537239,
1789416540000,2026-09-14T20:09:00.000Z,1.4704,1.4716,1.4685,1.4708,263022,
1789416720000,2026-09-14T20:12:00.000Z,1.4708,1.4828,1.4708,1.4768,1674888,
1789416900000,2026-09-14T20:15:00.000Z,1.4768,1.4864,1.4768,1.4843,1141051,
1789417080000,2026-09-14T20:18:00.000Z,1.4843,1.4887,1.4824,1.4835,1033191,
1789417260000,2026-09-14T20:21:00.000Z,1.4835,1.4859,1.4812,1.4824,982874,
1789417440000,2026-09-14T20:24:00.000Z,1.4824,1.4851,1.4801,1.4848,535517,
1789417620000,2026-09-14T20:27:00.000Z,1.4848,1.4884,1.4807,1.4865,873796,
1789417800000,2026-09-14T20:30:00.000Z,1.4865,1.4879,1.4828,1.4842,574007,
1789417980000,2026-09-14T20:33:00.000Z,1.4842,1.4912,1.4762,1.49,4304844,
1789418160000,2026-09-14T20:36:00.000Z,1.49,1.49,1.4815,1.4824,1077906,
1789418340000,2026-09-14T20:39:00.000Z,1.4824,1.4829,1.48,1.4825,335356,
1789418520000,2026-09-14T20:42:00.000Z,1.4825,1.4825,1.4761,1.4768,486963,
1789418700000,2026-09-14T20:45:00.000Z,1.4768,1.4777,1.4737,1.4743,732144,
1789418880000,2026-09-14T20:48:00.000Z,1.4743,1.4743,1.4711,1.4716,659462,
1789419060000,2026-09-14T20:51:00.000Z,1.4716,1.4723,1.4676,1.4695,632174,
1789419240000,2026-09-14T20:54:00.000Z,1.4695,1.4703,1.4652,1.4662,413095,
1789419420000,2026-09-14T20:57:00.000Z,1.4662,1.4669,1.4621,1.4628,653918,
1789419600000,2026-09-14T21:00:00.000Z,1.4628,1.4638,1.4427,1.4496,2231110,
1789419780000,2026-09-14T21:03:00.000Z,1.4496,1.4576,1.4487,1.4559,1886004,
1789419960000,2026-09-14T21:06:00.000Z,1.4559,1.4587,1.4553,1.4578,942393,
1789420140000,2026-09-14T21:09:00.000Z,1.4578,1.4579,1.4525,1.4527,2262474,
1789420320000,2026-09-14T21:12:00.000Z,1.4527,1.4539,1.449,1.4498,628147,
1789420500000,2026-09-14T21:15:00.000Z,1.4498,1.454,1.4462,1.4478,1270319,
1789420680000,2026-09-14T21:18:00.000Z,1.4478,1.4551,1.4478,1.4551,1258616,
1789420860000,2026-09-14T21:21:00.000Z,1.4551,1.456,1.4532,1.4545,322357,
1789421040000,2026-09-14T21:24:00.000Z,1.4545,1.4545,1.4504,1.4516,252119,
1789421220000,2026-09-14T21:27:00.000Z,1.4516,1.453,1.4455,1.4474,1675590,
1789421400000,2026-09-14T21:30:00.000Z,1.4474,1.4489,1.4427,1.445,624145,
1789421580000,2026-09-14T21:33:00.000Z,1.445,1.4461,1.4428,1.4438,255776,
1789421760000,2026-09-14T21:36:00.000Z,1.4438,1.4456,1.4403,1.443,1519772,
1789421940000,2026-09-14T21:39:00.000Z,1.443,1.4477,1.4428,1.4473,766948,
1789422120000,2026-09-14T21:42:00.000Z,1.4473,1.4482,1.4446,1.4454,128118,
1789422300000,2026-09-14T21:45:00.000Z,1.4454,1.4468,1.4419,1.444,322621,
1789422480000,2026-09-14T21:48:00.000Z,1.444,1.4454,1.4427,1.4454,63833,
1789422660000,2026-09-14T21:51:00.000Z,1.4454,1.4454,1.4426,1.4443,64613,
1789422840000,2026-09-14T21:54:00.000Z,1.4443,1.4465,1.4442,1.4445,59160,
1789423020000,2026-09-14T21:57:00.000Z,1.4445,1.4445,1.4423,1.4423,39197,
1789423200000,2026-09-14T22:00:00.000Z,1.4423,1.4442,1.4391,1.4413,881177,
1789423380000,2026-09-14T22:03:00.000Z,1.4413,1.4445,1.4398,1.4442,517417,
1789423560000,2026-09-14T22:06:00.000Z,1.4442,1.4479,1.4438,1.4478,235542,
1789423740000,2026-09-14T22:09:00.000Z,1.4478,1.4496,1.4468,1.4481,1339199,
1789423920000,2026-09-14T22:12:00.000Z,1.4481,1.4519,1.4481,1.4509,641249,
1789424100000,2026-09-14T22:15:00.000Z,1.4509,1.4517,1.447,1.447,237731,
1789424280000,2026-09-14T22:18:00.000Z,1.447,1.4484,1.4431,1.4438,966160,
1789424460000,2026-09-14T22:21:00.000Z,1.4438,1.444,1.4406,1.4408,234806,
1789424640000,2026-09-14T22:24:00.000Z,1.4408,1.4443,1.4398,1.442,958203,
1789424820000,2026-09-14T22:27:00.000Z,1.442,1.4431,1.4412,1.4425,268130,
1789425000000,2026-09-14T22:30:00.000Z,1.4425,1.443,1.4393,1.4407,989291,
1789425180000,2026-09-14T22:33:00.000Z,1.4407,1.4408,1.4383,1.4397,469481,
1789425360000,2026-09-14T22:36:00.000Z,1.4397,1.442,1.4396,1.4413,352248,
1789425540000,2026-09-14T22:39:00.000Z,1.4413,1.4427,1.4387,1.4404,1718478,
1789425720000,2026-09-14T22:42:00.000Z,1.4404,1.4416,1.4395,1.4406,1155845,
1789425900000,2026-09-14T22:45:00.000Z,1.4406,1.4406,1.4353,1.4376,903570,
1789426080000,2026-09-14T22:48:00.000Z,1.4376,1.4383,1.4357,1.4375,428450,
1789426260000,2026-09-14T22:51:00.000Z,1.4375,1.438,1.4363,1.4366,416738,
1789426440000,2026-09-14T22:54:00.000Z,1.4366,1.4371,1.4357,1.4358,181107,
1789426620000,2026-09-14T22:57:00.000Z,1.4358,1.4359,1.4342,1.4348,145819,
1789426800000,2026-09-14T23:00:00.000Z,1.4348,1.4376,1.4343,1.4344,919264,
1789426980000,2026-09-14T23:03:00.000Z,1.4344,1.4346,1.4291,1.4305,932322,
1789427160000,2026-09-14T23:06:00.000Z,1.4305,1.4312,1.4266,1.4301,1617298,
1789427340000,2026-09-14T23:09:00.000Z,1.4301,1.4309,1.4288,1.4293,147959,
1789427520000,2026-09-14T23:12:00.000Z,1.4293,1.4299,1.4289,1.4289,185211,
1789427700000,2026-09-14T23:15:00.000Z,1.4289,1.4309,1.4278,1.4284,971113,
1789427880000,2026-09-14T23:18:00.000Z,1.4284,1.4286,1.4261,1.4264,221009,
1789428060000,2026-09-14T23:21:00.000Z,1.4264,1.4271,1.4248,1.4268,884514,
1789428240000,2026-09-14T23:24:00.000Z,1.4268,1.4288,1.4268,1.4276,237029,
1789428420000,2026-09-14T23:27:00.000Z,1.4276,1.428,1.4227,1.423,755304,
1789428600000,2026-09-14T23:30:00.000Z,1.423,1.4237,1.4208,1.4215,466818,
1789428780000,2026-09-14T23:33:00.000Z,1.4215,1.4224,1.4205,1.4205,193909,
1789428960000,2026-09-14T23:36:00.000Z,1.4205,1.4218,1.4198,1.4218,305564,
1789429140000,2026-09-14T23:39:00.000Z,1.4218,1.4243,1.4217,1.424,338177,
1789429320000,2026-09-14T23:42:00.000Z,1.424,1.4252,1.4227,1.4228,190443,
1789429500000,2026-09-14T23:45:00.000Z,1.4228,1.4236,1.4212,1.4223,153590,
1789429680000,2026-09-14T23:48:00.000Z,1.4223,1.4225,1.4204,1.4204,54886,
1789429860000,2026-09-14T23:51:00.000Z,1.4204,1.4204,1.4178,1.4203,1360406,
1789430040000,2026-09-14T23:54:00.000Z,1.4203,1.4216,1.42,1.4207,144844,
1789430220000,2026-09-14T23:57:00.000Z,1.4207,1.4233,1.4204,1.4226,147957,
1789430400000,2026-09-15T00:00:00.000Z,1.4226,1.4259,1.4226,1.4249,338833,
1789430580000,2026-09-15T00:03:00.000Z,1.4249,1.4263,1.4237,1.4241,98655,
1789430760000,2026-09-15T00:06:00.000Z,1.4241,1.4244,1.4222,1.4242,168391,
1789430940000,2026-09-15T00:09:00.000Z,1.4242,1.4267,1.4211,1.4221,473863,
1789431120000,2026-09-15T00:12:00.000Z,1.4221,1.4227,1.421,1.4219,143629,
1789431300000,2026-09-15T00:15:00.000Z,1.4219,1.4219,1.4188,1.4188,214855,
1789431480000,2026-09-15T00:18:00.000Z,1.4188,1.42,1.4166,1.4169,255847,
1789431660000,2026-09-15T00:21:00.000Z,1.4169,1.4198,1.4164,1.4184,405484,
1789431840000,2026-09-15T00:24:00.000Z,1.4184,1.4197,1.4166,1.4188,173727,
1789432020000,2026-09-15T00:27:00.000Z,1.4188,1.4188,1.415,1.4177,267919,
1789432200000,2026-09-15T00:30:00.000Z,1.4177,1.4196,1.4177,1.4191,146027,
1789432380000,2026-09-15T00:33:00.000Z,1.4191,1.4215,1.4176,1.4213,241907,
1789432560000,2026-09-15T00:36:00.000Z,1.4213,1.4218,1.4174,1.4179,702502,
1789432740000,2026-09-15T00:39:00.000Z,1.4179,1.419,1.4175,1.4188,119470,
1789432920000,2026-09-15T00:42:00.000Z,1.4188,1.4188,1.416,1.4173,173413,
1789433100000,2026-09-15T00:45:00.000Z,1.4173,1.4187,1.4162,1.4163,190663,
1789433280000,2026-09-15T00:48:00.000Z,1.4163,1.4184,1.4152,1.4184,372879,
1789433460000,2026-09-15T00:51:00.000Z,1.4184,1.4203,1.418,1.4197,197804,
1789433640000,2026-09-15T00:54:00.000Z,1.4197,1.4204,1.4188,1.419,113497,
1789433820000,2026-09-15T00:57:00.000Z,1.419,1.419,1.418,1.419,68229,
1789434000000,2026-09-15T01:00:00.000Z,1.419,1.4193,1.4166,1.4178,206557,
1789434180000,2026-09-15T01:03:00.000Z,1.4178,1.419,1.4172,1.4177,81234,
1789434360000,2026-09-15T01:06:00.000Z,1.4177,1.4187,1.416,1.4166,86616,
1789434540000,2026-09-15T01:09:00.000Z,1.4166,1.4174,1.415,1.4168,207945,
1789434720000,2026-09-15T01:12:00.000Z,1.4168,1.4172,1.4146,1.4153,299972,
1789434900000,2026-09-15T01:15:00.000Z,1.4153,1.4178,1.4146,1.4173,674737,
1789435080000,2026-09-15T01:18:00.000Z,1.4173,1.4195,1.4154,1.419,393776,
1789435260000,2026-09-15T01:21:00.000Z,1.419,1.4252,1.4189,1.4242,540508,
1789435440000,2026-09-15T01:24:00.000Z,1.4242,1.4246,1.4201,1.4207,1041102,
1789435620000,2026-09-15T01:27:00.000Z,1.4207,1.4208,1.416,1.4181,356290,
1789435800000,2026-09-15T01:30:00.000Z,1.4181,1.4231,1.4172,1.4228,1181727,
1789435980000,2026-09-15T01:33:00.000Z,1.4228,1.4228,1.4197,1.4202,411496,
1789436160000,2026-09-15T01:36:00.000Z,1.4202,1.4213,1.4201,1.4211,76050,
1789436340000,2026-09-15T01:39:00.000Z,1.4211,1.423,1.4207,1.4222,261125,
1789436520000,2026-09-15T01:42:00.000Z,1.4222,1.4252,1.4222,1.4245,199935,
1789436700000,2026-09-15T01:45:00.000Z,1.4245,1.4245,1.4207,1.4232,648765,
1789436880000,2026-09-15T01:48:00.000Z,1.4232,1.4251,1.4224,1.4244,880590,
1789437060000,2026-09-15T01:51:00.000Z,1.4244,1.4248,1.4227,1.4238,335183,
1789437240000,2026-09-15T01:54:00.000Z,1.4238,1.4239,1.4225,1.4234,47671,
1789437420000,2026-09-15T01:57:00.000Z,1.4234,1.4234,1.4213,1.4216,68720,
1789437600000,2026-09-15T02:00:00.000Z,1.4216,1.4262,1.4214,1.4257,156389,
1789437780000,2026-09-15T02:03:00.000Z,1.4257,1.4265,1.4244,1.4256,153671,
1789437960000,2026-09-15T02:06:00.000Z,1.4256,1.4256,1.4226,1.4245,225867,
1789438140000,2026-09-15T02:09:00.000Z,1.4245,1.4285,1.4245,1.4282,320515,
1789438320000,2026-09-15T02:12:00.000Z,1.4282,1.4303,1.4275,1.4281,484379,
1789438500000,2026-09-15T02:15:00.000Z,1.4281,1.4287,1.4266,1.4285,243319,
1789438680000,2026-09-15T02:18:00.000Z,1.4285,1.4288,1.4254,1.4254,73556,
1789438860000,2026-09-15T02:21:00.000Z,1.4254,1.4269,1.4249,1.4266,166798,
1789439040000,2026-09-15T02:24:00.000Z,1.4266,1.429,1.4262,1.4284,106935,
1789439220000,2026-09-15T02:27:00.000Z,1.4284,1.4296,1.4274,1.4275,81943,
1789439400000,2026-09-15T02:30:00.000Z,1.4275,1.4275,1.4243,1.4244,201225,
1789439580000,2026-09-15T02:33:00.000Z,1.4244,1.4276,1.4242,1.4271,814843,
1789439760000,2026-09-15T02:36:00.000Z,1.4271,1.4271,1.4235,1.4251,1064637,
1789439940000,2026-09-15T02:39:00.000Z,1.4251,1.4276,1.4242,1.4262,130778,
1789440120000,2026-09-15T02:42:00.000Z,1.4262,1.4272,1.4254,1.4265,37057,
1789440300000,2026-09-15T02:45:00.000Z,1.4265,1.4277,1.4261,1.4262,704594,
1789440480000,2026-09-15T02:48:00.000Z,1.4262,1.4265,1.4237,1.426,356683,
1789440660000,2026-09-15T02:51:00.000Z,1.426,1.426,1.4236,1.4241,278839,
1789440840000,2026-09-15T02:54:00.000Z,1.4241,1.4262,1.4231,1.4238,862480,
1789441020000,2026-09-15T02:57:00.000Z,1.4238,1.4238,1.4221,1.4226,180998,
1789441200000,2026-09-15T03:00:00.000Z,1.4226,1.4226,1.4158,1.4162,416998,
1789441380000,2026-09-15T03:03:00.000Z,1.4162,1.4203,1.4154,1.4189,1325960,
1789441560000,2026-09-15T03:06:00.000Z,1.4189,1.4195,1.4167,1.4182,199992,
1789441740000,2026-09-15T03:09:00.000Z,1.4182,1.4185,1.4127,1.4138,1382838,
1789441920000,2026-09-15T03:12:00.000Z,1.4138,1.4148,1.4116,1.4121,492286,
1789442100000,2026-09-15T03:15:00.000Z,1.4121,1.4132,1.4105,1.4123,608294,
1789442280000,2026-09-15T03:18:00.000Z,1.4123,1.4154,1.4121,1.4151,170579,
1789442460000,2026-09-15T03:21:00.000Z,1.4151,1.4157,1.4136,1.4139,139783,
1789442640000,2026-09-15T03:24:00.000Z,1.4139,1.4143,1.4128,1.4141,119818,
1789442820000,2026-09-15T03:27:00.000Z,1.4141,1.4151,1.4141,1.415,202419,
1789443000000,2026-09-15T03:30:00.000Z,1.415,1.419,1.4146,1.4187,188459,
1789443180000,2026-09-15T03:33:00.000Z,1.4187,1.42,1.4187,1.4195,52272,
1789443360000,2026-09-15T03:36:00.000Z,1.4195,1.4204,1.4187,1.4197,339993,
1789443540000,2026-09-15T03:39:00.000Z,1.4197,1.4197,1.4183,1.4187,116195,
1789443720000,2026-09-15T03:42:00.000Z,1.4187,1.4188,1.4168,1.4175,128861,
1789443900000,2026-09-15T03:45:00.000Z,1.4175,1.4183,1.4167,1.4169,64712,
1789444080000,2026-09-15T03:48:00.000Z,1.4169,1.4169,1.4136,1.4141,189552,
1789444260000,2026-09-15T03:51:00.000Z,1.4141,1.4172,1.4141,1.4157,687084,
1789444440000,2026-09-15T03:54:00.000Z,1.4157,1.4162,1.415,1.4151,464398,
1789444620000,2026-09-15T03:57:00.000Z,1.4151,1.4156,1.4141,1.4155,108021,
1789444800000,2026-09-15T04:00:00.000Z,1.4155,1.4162,1.4146,1.4158,172614,
1789444980000,2026-09-15T04:03:00.000Z,1.4158,1.4177,1.4146,1.4177,97986,
1789445160000,2026-09-15T04:06:00.000Z,1.4177,1.4179,1.4126,1.4133,891655,
1789445340000,2026-09-15T04:09:00.000Z,1.4133,1.4147,1.4124,1.4138,959980,
1789445520000,2026-09-15T04:12:00.000Z,1.4138,1.415,1.412,1.4135,1020131,
1789445700000,2026-09-15T04:15:00.000Z,1.4135,1.4149,1.4134,1.414,635372,
1789445880000,2026-09-15T04:18:00.000Z,1.414,1.416,1.4139,1.416,48118,
1789446060000,2026-09-15T04:21:00.000Z,1.416,1.4162,1.4139,1.4142,205384,
1789446240000,2026-09-15T04:24:00.000Z,1.4142,1.4142,1.4108,1.4109,402946,
1789446420000,2026-09-15T04:27:00.000Z,1.4109,1.4123,1.4101,1.4111,616175,
1789446600000,2026-09-15T04:30:00.000Z,1.4111,1.4128,1.4107,1.4111,455308,
1789446780000,2026-09-15T04:33:00.000Z,1.4111,1.4127,1.4069,1.4119,1298280,
1789446960000,2026-09-15T04:36:00.000Z,1.4119,1.4142,1.4117,1.4135,336248,
1789447140000,2026-09-15T04:39:00.000Z,1.4135,1.4149,1.4108,1.4139,818188,
1789447320000,2026-09-15T04:42:00.000Z,1.4139,1.4148,1.4132,1.4136,66688,
1789447500000,2026-09-15T04:45:00.000Z,1.4136,1.416,1.4129,1.4152,1140448,
1789447680000,2026-09-15T04:48:00.000Z,1.4152,1.4156,1.4143,1.4144,424205,
1789447860000,2026-09-15T04:51:00.000Z,1.4144,1.4146,1.4136,1.4146,109042,
1789448040000,2026-09-15T04:54:00.000Z,1.4146,1.4148,1.4133,1.4133,107597,
1789448220000,2026-09-15T04:57:00.000Z,1.4133,1.4144,1.4125,1.4132,231995,
1789448400000,2026-09-15T05:00:00.000Z,1.4132,1.4134,1.412,1.413,70516,
1789448580000,2026-09-15T05:03:00.000Z,1.413,1.413,1.4081,1.4096,699161,
1789448760000,2026-09-15T05:06:00.000Z,1.4096,1.4104,1.4085,1.4096,412084,
1789448940000,2026-09-15T05:09:00.000Z,1.4096,1.4096,1.403,1.4061,1587241,
1789449120000,2026-09-15T05:12:00.000Z,1.4061,1.4061,1.4005,1.4039,1364864,
1789449300000,2026-09-15T05:15:00.000Z,1.4039,1.4057,1.4006,1.4008,542153,
1789449480000,2026-09-15T05:18:00.000Z,1.4008,1.4021,1.3987,1.4021,1364678,
1789449660000,2026-09-15T05:21:00.000Z,1.4021,1.4033,1.4012,1.4018,318072,
1789449840000,2026-09-15T05:24:00.000Z,1.4018,1.4043,1.4016,1.4043,195653,
1789450020000,2026-09-15T05:27:00.000Z,1.4043,1.4062,1.4043,1.4048,273763,
1789450200000,2026-09-15T05:30:00.000Z,1.4048,1.4058,1.4036,1.4047,140899,
1789450380000,2026-09-15T05:33:00.000Z,1.4047,1.4058,1.4042,1.4054,48825,
1789450560000,2026-09-15T05:36:00.000Z,1.4054,1.4054,1.402,1.4026,186375,
1789450740000,2026-09-15T05:39:00.000Z,1.4026,1.4055,1.4026,1.4055,283446,
1789450920000,2026-09-15T05:42:00.000Z,1.4055,1.4059,1.4041,1.4055,80403,
1789451100000,2026-09-15T05:45:00.000Z,1.4055,1.4067,1.4053,1.4055,172484,
1789451280000,2026-09-15T05:48:00.000Z,1.4055,1.407,1.4048,1.406,217050,
1789451460000,2026-09-15T05:51:00.000Z,1.406,1.4084,1.4058,1.4083,244157,
1789451640000,2026-09-15T05:54:00.000Z,1.4083,1.4088,1.4079,1.4085,140656,
1789451820000,2026-09-15T05:57:00.000Z,1.4085,1.4092,1.4077,1.4078,198778,
1789452000000,2026-09-15T06:00:00.000Z,1.4078,1.4099,1.4076,1.4096,199132,
1789452180000,2026-09-15T06:03:00.000Z,1.4096,1.4104,1.4085,1.4097,202313,
1789452360000,2026-09-15T06:06:00.000Z,1.4097,1.4098,1.4084,1.4086,124122,
1789452540000,2026-09-15T06:09:00.000Z,1.4086,1.4088,1.4068,1.4072,128090,
1789452720000,2026-09-15T06:12:00.000Z,1.4072,1.4081,1.4067,1.4067,96297,
1789452900000,2026-09-15T06:15:00.000Z,1.4067,1.4079,1.4062,1.4076,95997,
1789453080000,2026-09-15T06:18:00.000Z,1.4076,1.4076,1.4053,1.4058,38525,
1789453260000,2026-09-15T06:21:00.000Z,1.4058,1.4058,1.4044,1.4052,208918,
1789453440000,2026-09-15T06:24:00.000Z,1.4052,1.4052,1.4026,1.4026,282568,
1789453620000,2026-09-15T06:27:00.000Z,1.4026,1.4034,1.4019,1.4027,217945,
1789453800000,2026-09-15T06:30:00.000Z,1.4027,1.4053,1.4024,1.4036,337547,
1789453980000,2026-09-15T06:33:00.000Z,1.4036,1.4043,1.4031,1.4034,172850,
1789454160000,2026-09-15T06:36:00.000Z,1.4034,1.4038,1.4025,1.4037,95108,
1789454340000,2026-09-15T06:39:00.000Z,1.4037,1.4037,1.4004,1.4009,447479,
1789454520000,2026-09-15T06:42:00.000Z,1.4009,1.4015,1.3996,1.4015,542415,
1789454700000,2026-09-15T06:45:00.000Z,1.4015,1.402,1.3994,1.3994,241724,
1789454880000,2026-09-15T06:48:00.000Z,1.3994,1.4003,1.3978,1.3978,749511,
1789455060000,2026-09-15T06:51:00.000Z,1.3978,1.3983,1.3958,1.396,604462,
1789455240000,2026-09-15T06:54:00.000Z,1.396,1.3983,1.3944,1.3983,800126,
1789455420000,2026-09-15T06:57:00.000Z,1.3983,1.3994,1.3979,1.3989,367658,
1789455600000,2026-09-15T07:00:00.000Z,1.3989,1.4011,1.3982,1.3987,665428,
1789455780000,2026-09-15T07:03:00.000Z,1.3987,1.4006,1.3982,1.3982,98449,
1789455960000,2026-09-15T07:06:00.000Z,1.3982,1.3987,1.3965,1.3971,198695,
1789456140000,2026-09-15T07:09:00.000Z,1.3971,1.3991,1.3971,1.3977,129598,
1789456320000,2026-09-15T07:12:00.000Z,1.3977,1.4001,1.3976,1.3993,423705,
1789456500000,2026-09-15T07:15:00.000Z,1.3993,1.4004,1.3982,1.4002,185388,
1789456680000,2026-09-15T07:18:00.000Z,1.4002,1.403,1.4002,1.4028,170579,
1789456860000,2026-09-15T07:21:00.000Z,1.4028,1.4035,1.3998,1.4012,412079,
1789457040000,2026-09-15T07:24:00.000Z,1.4012,1.4024,1.4011,1.4014,147710,
1789457220000,2026-09-15T07:27:00.000Z,1.4014,1.4017,1.401,1.4017,120375,
1789457400000,2026-09-15T07:30:00.000Z,1.4017,1.4017,1.3989,1.3994,80849,
1789457580000,2026-09-15T07:33:00.000Z,1.3994,1.4005,1.3956,1.4005,730867,
1789457760000,2026-09-15T07:36:00.000Z,1.4005,1.4013,1.3992,1.3996,331783,
1789457940000,2026-09-15T07:39:00.000Z,1.3996,1.4002,1.3983,1.3983,69732,
1789458120000,2026-09-15T07:42:00.000Z,1.3983,1.3987,1.3977,1.3979,84182,
1789458300000,2026-09-15T07:45:00.000Z,1.3979,1.3993,1.3972,1.398,251115,
1789458480000,2026-09-15T07:48:00.000Z,1.398,1.3984,1.3945,1.3959,1522811,
1789458660000,2026-09-15T07:51:00.000Z,1.3959,1.396,1.3926,1.3927,687951,
1789458840000,2026-09-15T07:54:00.000Z,1.3927,1.3933,1.391,1.3925,934444,
1789459020000,2026-09-15T07:57:00.000Z,1.3925,1.3935,1.3925,1.3934,170537,
1789459200000,2026-09-15T08:00:00.000Z,1.3934,1.3935,1.3887,1.3887,647766,
1789459380000,2026-09-15T08:03:00.000Z,1.3887,1.3919,1.3886,1.3899,611710,
1789459560000,2026-09-15T08:06:00.000Z,1.3899,1.3904,1.3867,1.3871,463250,
1789459740000,2026-09-15T08:09:00.000Z,1.3871,1.3883,1.3866,1.3872,537588,
1789459920000,2026-09-15T08:12:00.000Z,1.3872,1.39,1.3872,1.39,347593,
1789460100000,2026-09-15T08:15:00.000Z,1.39,1.3913,1.3873,1.3887,532685,
1789460280000,2026-09-15T08:18:00.000Z,1.3887,1.3906,1.3884,1.3894,188144,
1789460460000,2026-09-15T08:21:00.000Z,1.3894,1.3897,1.3871,1.3876,239721,
1789460640000,2026-09-15T08:24:00.000Z,1.3876,1.3882,1.3858,1.3871,238100,
1789460820000,2026-09-15T08:27:00.000Z,1.3871,1.3875,1.3857,1.386,269565,
1789461000000,2026-09-15T08:30:00.000Z,1.386,1.3883,1.3851,1.3875,491539,
1789461180000,2026-09-15T08:33:00.000Z,1.3875,1.3887,1.3869,1.3887,219946,
1789461360000,2026-09-15T08:36:00.000Z,1.3887,1.3895,1.3885,1.389,96862,
1789461540000,2026-09-15T08:39:00.000Z,1.389,1.3903,1.389,1.39,91230,
1789461720000,2026-09-15T08:42:00.000Z,1.39,1.3935,1.3897,1.39,763702,
1789461900000,2026-09-15T08:45:00.000Z,1.39,1.3933,1.3899,1.393,202672,
1789462080000,2026-09-15T08:48:00.000Z,1.393,1.3947,1.3902,1.3916,1111400,
1789462260000,2026-09-15T08:51:00.000Z,1.3916,1.3928,1.3907,1.3927,129435,
1789462440000,2026-09-15T08:54:00.000Z,1.3927,1.396,1.3924,1.3947,653477,
1789462620000,2026-09-15T08:57:00.000Z,1.3947,1.3974,1.3944,1.3974,303029,
1789462800000,2026-09-15T09:00:00.000Z,1.3974,1.3979,1.3954,1.3957,520645,
1789462980000,2026-09-15T09:03:00.000Z,1.3957,1.3967,1.3952,1.3954,208308,
1789463160000,2026-09-15T09:06:00.000Z,1.3954,1.3964,1.3951,1.3953,219359,
1789463340000,2026-09-15T09:09:00.000Z,1.3953,1.3972,1.3953,1.3965,147538,
1789463520000,2026-09-15T09:12:00.000Z,1.3965,1.397,1.3959,1.3966,159301,
1789463700000,2026-09-15T09:15:00.000Z,1.3966,1.3975,1.3958,1.3967,204629,
1789463880000,2026-09-15T09:18:00.000Z,1.3967,1.3967,1.3959,1.3964,39027,
1789464060000,2026-09-15T09:21:00.000Z,1.3964,1.3977,1.3959,1.3964,104530,
1789464240000,2026-09-15T09:24:00.000Z,1.3964,1.3973,1.396,1.3972,66711,
1789464420000,2026-09-15T09:27:00.000Z,1.3972,1.4013,1.397,1.3995,760801,
1789464600000,2026-09-15T09:30:00.000Z,1.3995,1.3996,1.3981,1.3983,105285,
1789464780000,2026-09-15T09:33:00.000Z,1.3983,1.4025,1.398,1.4023,262842,
1789464960000,2026-09-15T09:36:00.000Z,1.4023,1.4026,1.3997,1.4006,466623,
1789465140000,2026-09-15T09:39:00.000Z,1.4006,1.4012,1.3996,1.4001,65723,
1789465320000,2026-09-15T09:42:00.000Z,1.4001,1.4025,1.4,1.4019,466205,
1789465500000,2026-09-15T09:45:00.000Z,1.4019,1.4034,1.4005,1.4013,560051,
1789465680000,2026-09-15T09:48:00.000Z,1.4013,1.4058,1.4013,1.4057,628940,
1789465860000,2026-09-15T09:51:00.000Z,1.4057,1.4062,1.4045,1.4061,353557,
1789466040000,2026-09-15T09:54:00.000Z,1.4061,1.4064,1.403,1.403,478412,
1789466220000,2026-09-15T09:57:00.000Z,1.403,1.4035,1.4011,1.4017,270146,
1789466400000,2026-09-15T10:00:00.000Z,1.4017,1.402,1.3983,1.3991,451358,
1789466580000,2026-09-15T10:03:00.000Z,1.3991,1.4041,1.3983,1.4023,895120,
1789466760000,2026-09-15T10:06:00.000Z,1.4023,1.403,1.4013,1.4029,75021,
1789466940000,2026-09-15T10:09:00.000Z,1.4029,1.4029,1.4008,1.4024,68595,
1789467120000,2026-09-15T10:12:00.000Z,1.4024,1.4024,1.4007,1.4016,61552,
1789467300000,2026-09-15T10:15:00.000Z,1.4016,1.4024,1.4006,1.4021,90692,
1789467480000,2026-09-15T10:18:00.000Z,1.4021,1.4026,1.4,1.4007,77939,
1789467660000,2026-09-15T10:21:00.000Z,1.4007,1.4008,1.3998,1.4008,63557,
1789467840000,2026-09-15T10:24:00.000Z,1.4008,1.4013,1.3994,1.3994,59441,
1789468020000,2026-09-15T10:27:00.000Z,1.3994,1.4,1.3974,1.398,721861,
1789468200000,2026-09-15T10:30:00.000Z,1.398,1.3988,1.3967,1.3987,315591,
1789468380000,2026-09-15T10:33:00.000Z,1.3987,1.4004,1.3983,1.4,527449,
1789468560000,2026-09-15T10:36:00.000Z,1.4,1.4012,1.3981,1.3988,583914,
1789468740000,2026-09-15T10:39:00.000Z,1.3988,1.4,1.3982,1.3993,108245,
1789468920000,2026-09-15T10:42:00.000Z,1.3993,1.4004,1.3987,1.4003,224106,
1789469100000,2026-09-15T10:45:00.000Z,1.4003,1.4024,1.4003,1.4021,142978,
1789469280000,2026-09-15T10:48:00.000Z,1.4021,1.403,1.4007,1.4029,152628,
1789469460000,2026-09-15T10:51:00.000Z,1.4029,1.4039,1.401,1.4014,443588,
1789469640000,2026-09-15T10:54:00.000Z,1.4014,1.403,1.4014,1.4024,246777,
1789469820000,2026-09-15T10:57:00.000Z,1.4024,1.4036,1.4017,1.4018,267570,
1789470000000,2026-09-15T11:00:00.000Z,1.4018,1.4031,1.4016,1.4028,196469,
1789470180000,2026-09-15T11:03:00.000Z,1.4028,1.4029,1.4012,1.4019,105242,
1789470360000,2026-09-15T11:06:00.000Z,1.4019,1.402,1.4011,1.4016,40981,
1789470540000,2026-09-15T11:09:00.000Z,1.4016,1.403,1.4015,1.4021,283698,
1789470720000,2026-09-15T11:12:00.000Z,1.4021,1.4023,1.3995,1.3998,149089,
1789470900000,2026-09-15T11:15:00.000Z,1.3998,1.4009,1.3993,1.4009,117210,
1789471080000,2026-09-15T11:18:00.000Z,1.4009,1.4011,1.3982,1.3996,443599,
1789471260000,2026-09-15T11:21:00.000Z,1.3996,1.3997,1.3978,1.3979,60309,
1789471440000,2026-09-15T11:24:00.000Z,1.3979,1.3979,1.3969,1.3976,235643,
1789471620000,2026-09-15T11:27:00.000Z,1.3976,1.3981,1.3973,1.3981,114614,
1789471800000,2026-09-15T11:30:00.000Z,1.3981,1.3982,1.3942,1.3949,945059,
1789471980000,2026-09-15T11:33:00.000Z,1.3949,1.3949,1.3926,1.3942,395087,
1789472160000,2026-09-15T11:36:00.000Z,1.3942,1.3944,1.3927,1.3927,244343,
1789472340000,2026-09-15T11:39:00.000Z,1.3927,1.3967,1.3925,1.3949,886955,
1789472520000,2026-09-15T11:42:00.000Z,1.3949,1.3958,1.3945,1.3954,231802,
1789472700000,2026-09-15T11:45:00.000Z,1.3954,1.3954,1.394,1.3946,182541,
1789472880000,2026-09-15T11:48:00.000Z,1.3946,1.3957,1.3942,1.395,111382,
1789473060000,2026-09-15T11:51:00.000Z,1.395,1.3979,1.395,1.3974,106502,
1789473240000,2026-09-15T11:54:00.000Z,1.3974,1.399,1.3969,1.3989,143231,
1789473420000,2026-09-15T11:57:00.000Z,1.3989,1.4018,1.3989,1.4002,273308,
1789473600000,2026-09-15T12:00:00.000Z,1.4002,1.401,1.399,1.3993,105325,
1789473780000,2026-09-15T12:03:00.000Z,1.3993,1.4024,1.3988,1.4,506065,
1789473960000,2026-09-15T12:06:00.000Z,1.4,1.4008,1.3994,1.4003,104886,
1789474140000,2026-09-15T12:09:00.000Z,1.4003,1.4038,1.3996,1.4034,558738,
1789474320000,2026-09-15T12:12:00.000Z,1.4034,1.4058,1.4034,1.4052,516395,
1789474500000,2026-09-15T12:15:00.000Z,1.4052,1.4053,1.4027,1.4047,290690,
1789474680000,2026-09-15T12:18:00.000Z,1.4047,1.4048,1.4009,1.401,263617,
1789474860000,2026-09-15T12:21:00.000Z,1.401,1.4073,1.401,1.4063,665448,
1789475040000,2026-09-15T12:24:00.000Z,1.4063,1.4077,1.4054,1.4077,247136,
1789475220000,2026-09-15T12:27:00.000Z,1.4077,1.4087,1.4046,1.4067,833243,
1789475400000,2026-09-15T12:30:00.000Z,1.4067,1.4068,1.4022,1.4028,283644,
1789475580000,2026-09-15T12:33:00.000Z,1.4028,1.4069,1.4018,1.4033,884916,
1789475760000,2026-09-15T12:36:00.000Z,1.4033,1.4063,1.4033,1.4057,954633,
1789475940000,2026-09-15T12:39:00.000Z,1.4057,1.4062,1.4037,1.4037,1091039,
1789476120000,2026-09-15T12:42:00.000Z,1.4037,1.4057,1.4037,1.4053,451658,
1789476300000,2026-09-15T12:45:00.000Z,1.4053,1.4066,1.4043,1.4062,546860,
1789476480000,2026-09-15T12:48:00.000Z,1.4062,1.4136,1.406,1.4131,1077778,
1789476660000,2026-09-15T12:51:00.000Z,1.4131,1.4182,1.413,1.4174,1475201,
1789476840000,2026-09-15T12:54:00.000Z,1.4174,1.4217,1.4172,1.4205,1298569,
1789477020000,2026-09-15T12:57:00.000Z,1.4205,1.4205,1.4146,1.4162,1655094,
1789477200000,2026-09-15T13:00:00.000Z,1.4162,1.4277,1.4161,1.4276,1992318,
1789477380000,2026-09-15T13:03:00.000Z,1.4276,1.4519,1.4253,1.4517,3536190,
1789477560000,2026-09-15T13:06:00.000Z,1.4517,1.4593,1.4351,1.4408,6773203,
1789477740000,2026-09-15T13:09:00.000Z,1.4408,1.4455,1.4337,1.4365,2262183,
1789477920000,2026-09-15T13:12:00.000Z,1.4365,1.4386,1.4251,1.4278,2705657,
1789478100000,2026-09-15T13:15:00.000Z,1.4278,1.4302,1.4248,1.4265,1196240,
1789478280000,2026-09-15T13:18:00.000Z,1.4265,1.4282,1.423,1.425,1146711,
1789478460000,2026-09-15T13:21:00.000Z,1.425,1.4271,1.4241,1.4259,455850,
1789478640000,2026-09-15T13:24:00.000Z,1.4259,1.4354,1.4259,1.4312,1319053,
1789478820000,2026-09-15T13:27:00.000Z,1.4312,1.4354,1.4288,1.4331,747450,
1789479000000,2026-09-15T13:30:00.000Z,1.4331,1.4343,1.4268,1.4278,1775376,
1789479180000,2026-09-15T13:33:00.000Z,1.4278,1.4291,1.417,1.4219,2063724,
1789479360000,2026-09-15T13:36:00.000Z,1.4219,1.4227,1.3958,1.4026,4767371,
1789479540000,2026-09-15T13:39:00.000Z,1.4026,1.4176,1.394,1.4097,3407788,
1789479720000,2026-09-15T13:42:00.000Z,1.4097,1.4129,1.4049,1.4093,1600287,
1789479900000,2026-09-15T13:45:00.000Z,1.4093,1.411,1.4006,1.4042,2359863,
1789480080000,2026-09-15T13:48:00.000Z,1.4042,1.407,1.3991,1.3996,1177531,
1789480260000,2026-09-15T13:51:00.000Z,1.3996,1.4047,1.3989,1.4047,970887,
1789480440000,2026-09-15T13:54:00.000Z,1.4047,1.4091,1.4024,1.4091,640764,
1789480620000,2026-09-15T13:57:00.000Z,1.4091,1.4151,1.4086,1.4144,1307070,
1789480800000,2026-09-15T14:00:00.000Z,1.4144,1.4164,1.4094,1.4096,1004598,
1789480980000,2026-09-15T14:03:00.000Z,1.4096,1.4156,1.4042,1.4065,2283874,
1789481160000,2026-09-15T14:06:00.000Z,1.4065,1.4108,1.4063,1.4107,597844,
1789481340000,2026-09-15T14:09:00.000Z,1.4107,1.4161,1.4106,1.4117,337702,
1789481520000,2026-09-15T14:12:00.000Z,1.4117,1.412,1.4086,1.4095,721523,
1789481700000,2026-09-15T14:15:00.000Z,1.4095,1.4115,1.4061,1.4083,358262,
1789481880000,2026-09-15T14:18:00.000Z,1.4083,1.4103,1.4069,1.4091,410369,
1789482060000,2026-09-15T14:21:00.000Z,1.4091,1.4103,1.4028,1.4059,629195,
1789482240000,2026-09-15T14:24:00.000Z,1.4059,1.4092,1.4054,1.4054,240653,
1789482420000,2026-09-15T14:27:00.000Z,1.4054,1.4073,1.4,1.4001,704416,
1789482600000,2026-09-15T14:30:00.000Z,1.4001,1.4024,1.3969,1.3979,1181053,
1789482780000,2026-09-15T14:33:00.000Z,1.3979,1.3991,1.3913,1.3962,1812203,
1789482960000,2026-09-15T14:36:00.000Z,1.3962,1.3968,1.389,1.3905,1276590,
1789483140000,2026-09-15T14:39:00.000Z,1.3905,1.3911,1.3813,1.3837,2353850,
1789483320000,2026-09-15T14:42:00.000Z,1.3837,1.3886,1.3825,1.3863,1149279,
1789483500000,2026-09-15T14:45:00.000Z,1.3863,1.3877,1.3801,1.3825,1656956,
1789483680000,2026-09-15T14:48:00.000Z,1.3825,1.3825,1.3759,1.3773,1628295,
1789483860000,2026-09-15T14:51:00.000Z,1.3773,1.3792,1.3708,1.3772,2354762,
1789484040000,2026-09-15T14:54:00.000Z,1.3772,1.3808,1.3751,1.3774,1015871,
1789484220000,2026-09-15T14:57:00.000Z,1.3774,1.3842,1.3771,1.3842,838896,
1789484400000,2026-09-15T15:00:00.000Z,1.3842,1.3879,1.3791,1.3828,901565,
1789484580000,2026-09-15T15:03:00.000Z,1.3828,1.3906,1.3828,1.3874,958211,
1789484760000,2026-09-15T15:06:00.000Z,1.3874,1.3905,1.3874,1.3895,618028,
1789484940000,2026-09-15T15:09:00.000Z,1.3895,1.3903,1.3866,1.3876,402017,
1789485120000,2026-09-15T15:12:00.000Z,1.3876,1.3889,1.3846,1.3858,1039484,
1789485300000,2026-09-15T15:15:00.000Z,1.3858,1.3893,1.3844,1.3891,624723,
1789485480000,2026-09-15T15:18:00.000Z,1.3891,1.3898,1.3875,1.388,232566,
1789485660000,2026-09-15T15:21:00.000Z,1.388,1.3897,1.3864,1.3894,307982,
1789485840000,2026-09-15T15:24:00.000Z,1.3894,1.3972,1.3884,1.3925,1493612,
1789486020000,2026-09-15T15:27:00.000Z,1.3925,1.3958,1.3923,1.3924,578907,
1789486200000,2026-09-15T15:30:00.000Z,1.3924,1.3935,1.3899,1.3924,674403,
1789486380000,2026-09-15T15:33:00.000Z,1.3924,1.3937,1.3912,1.3925,196939,
1789486560000,2026-09-15T15:36:00.000Z,1.3925,1.395,1.388,1.3915,724203,
1789486740000,2026-09-15T15:39:00.000Z,1.3915,1.3923,1.3888,1.3892,277228,
1789486920000,2026-09-15T15:42:00.000Z,1.3892,1.3928,1.3889,1.3912,815540,
1789487100000,2026-09-15T15:45:00.000Z,1.3912,1.3917,1.3896,1.3896,112810,
1789487280000,2026-09-15T15:48:00.000Z,1.3896,1.3929,1.3865,1.3928,1363036,
1789487460000,2026-09-15T15:51:00.000Z,1.3928,1.3928,1.3892,1.3898,131622,
1789487640000,2026-09-15T15:54:00.000Z,1.3898,1.3915,1.3859,1.389,534419,
1789487820000,2026-09-15T15:57:00.000Z,1.389,1.3912,1.3884,1.3888,96668,
1789488000000,2026-09-15T16:00:00.000Z,1.3888,1.391,1.3878,1.3905,166200,
1789488180000,2026-09-15T16:03:00.000Z,1.3905,1.3907,1.3849,1.3852,353210,
1789488360000,2026-09-15T16:06:00.000Z,1.3852,1.3867,1.3835,1.384,382662,
1789488540000,2026-09-15T16:09:00.000Z,1.384,1.3851,1.3825,1.3838,212697,
1789488720000,2026-09-15T16:12:00.000Z,1.3838,1.3838,1.3808,1.3813,626371,
1789488900000,2026-09-15T16:15:00.000Z,1.3813,1.3878,1.3813,1.3878,295775,
1789489080000,2026-09-15T16:18:00.000Z,1.3878,1.3899,1.3863,1.3874,232994,
1789489260000,2026-09-15T16:21:00.000Z,1.3874,1.3915,1.3874,1.3904,87809,
1789489440000,2026-09-15T16:24:00.000Z,1.3904,1.3917,1.3886,1.3908,375731,
1789489620000,2026-09-15T16:27:00.000Z,1.3908,1.3925,1.3897,1.3914,153961,
1789489800000,2026-09-15T16:30:00.000Z,1.3914,1.3921,1.3856,1.3881,777828,
1789489980000,2026-09-15T16:33:00.000Z,1.3881,1.3882,1.384,1.3859,143254,
1789490160000,2026-09-15T16:36:00.000Z,1.3859,1.3875,1.3845,1.3847,102321,
1789490340000,2026-09-15T16:39:00.000Z,1.3847,1.3847,1.3823,1.3826,182925,
1789490520000,2026-09-15T16:42:00.000Z,1.3826,1.3839,1.3825,1.3839,118491,
1789490700000,2026-09-15T16:45:00.000Z,1.3839,1.3868,1.3834,1.3858,103478,
1789490880000,2026-09-15T16:48:00.000Z,1.3858,1.3876,1.3844,1.3876,204004,
1789491060000,2026-09-15T16:51:00.000Z,1.3876,1.3898,1.3872,1.3872,168654,
1789491240000,2026-09-15T16:54:00.000Z,1.3872,1.3913,1.3872,1.3891,478374,
1789491420000,2026-09-15T16:57:00.000Z,1.3891,1.3906,1.3866,1.3868,639005,
1789491600000,2026-09-15T17:00:00.000Z,1.3868,1.3868,1.384,1.3841,270994,
1789491780000,2026-09-15T17:03:00.000Z,1.3841,1.385,1.3814,1.3841,829412,
1789491960000,2026-09-15T17:06:00.000Z,1.3841,1.3841,1.3794,1.3805,547593,
1789492140000,2026-09-15T17:09:00.000Z,1.3805,1.3828,1.3788,1.3819,372305,
1789492320000,2026-09-15T17:12:00.000Z,1.3819,1.385,1.3818,1.3834,239169,
1789492500000,2026-09-15T17:15:00.000Z,1.3834,1.3851,1.3824,1.385,264491,
1789492680000,2026-09-15T17:18:00.000Z,1.385,1.3863,1.3842,1.3856,120623,
1789492860000,2026-09-15T17:21:00.000Z,1.3856,1.3873,1.3853,1.3873,87344,
1789493040000,2026-09-15T17:24:00.000Z,1.3873,1.3885,1.3859,1.3878,155229,
1789493220000,2026-09-15T17:27:00.000Z,1.3878,1.3891,1.3875,1.3889,199332,
1789493400000,2026-09-15T17:30:00.000Z,1.3889,1.3965,1.3882,1.3941,1116841,
1789493580000,2026-09-15T17:33:00.000Z,1.3941,1.4113,1.3941,1.4105,2538846,
1789493760000,2026-09-15T17:36:00.000Z,1.4105,1.4125,1.4042,1.4045,1671891,
1789493940000,2026-09-15T17:39:00.000Z,1.4045,1.406,1.3995,1.4056,1159627,
1789494120000,2026-09-15T17:42:00.000Z,1.4056,1.4056,1.3998,1.4005,668466,
1789494300000,2026-09-15T17:45:00.000Z,1.4005,1.4088,1.4005,1.4088,488078,
1789494480000,2026-09-15T17:48:00.000Z,1.4088,1.4115,1.4071,1.4115,874934,
1789494660000,2026-09-15T17:51:00.000Z,1.4115,1.4122,1.4088,1.4096,505255,
1789494840000,2026-09-15T17:54:00.000Z,1.4096,1.4111,1.4039,1.4049,1296337,
1789495020000,2026-09-15T17:57:00.000Z,1.4049,1.4056,1.4041,1.4047,330581,
1789495200000,2026-09-15T18:00:00.000Z,1.4047,1.4062,1.4001,1.4062,719543,
1789495380000,2026-09-15T18:03:00.000Z,1.4062,1.4068,1.3957,1.3965,2008928,
1789495560000,2026-09-15T18:06:00.000Z,1.3965,1.4004,1.3925,1.3953,1426066,
1789495740000,2026-09-15T18:09:00.000Z,1.3953,1.3971,1.3939,1.3956,443479,
1789495920000,2026-09-15T18:12:00.000Z,1.3956,1.3997,1.395,1.3978,1216139,
1789496100000,2026-09-15T18:15:00.000Z,1.3978,1.4009,1.3851,1.3853,2296077,
1789496280000,2026-09-15T18:18:00.000Z,1.3853,1.3943,1.3811,1.3871,2376191,
1789496460000,2026-09-15T18:21:00.000Z,1.3871,1.3911,1.3867,1.3887,753480,
1789496640000,2026-09-15T18:24:00.000Z,1.3887,1.3905,1.3878,1.3889,406242,
1789496820000,2026-09-15T18:27:00.000Z,1.3889,1.4047,1.3873,1.3966,2975608,
1789497000000,2026-09-15T18:30:00.000Z,1.3966,1.3972,1.3905,1.3958,633158,
1789497180000,2026-09-15T18:33:00.000Z,1.3958,1.3958,1.3853,1.3929,1274121,
1789497360000,2026-09-15T18:36:00.000Z,1.3929,1.3929,1.3401,1.3605,14264728,
1789497540000,2026-09-15T18:39:00.000Z,1.3605,1.3621,1.3215,1.3309,10560854,
1789497720000,2026-09-15T18:42:00.000Z,1.3309,1.3347,1.3151,1.3227,10903236,
1789497900000,2026-09-15T18:45:00.000Z,1.3227,1.3256,1.3005,1.3113,10354263,
1789498080000,2026-09-15T18:48:00.000Z,1.3113,1.3119,1.2874,1.2966,6768507,
1789498260000,2026-09-15T18:51:00.000Z,1.2966,1.3246,1.2909,1.3225,6685857,
1789498440000,2026-09-15T18:54:00.000Z,1.3225,1.3416,1.3195,1.3269,5377448,
1789498620000,2026-09-15T18:57:00.000Z,1.3269,1.3318,1.3203,1.3245,2118942,
1789498800000,2026-09-15T19:00:00.000Z,1.3245,1.326,1.3123,1.3198,2366916,
1789498980000,2026-09-15T19:03:00.000Z,1.3198,1.3292,1.3171,1.3171,2379447,
1789499160000,2026-09-15T19:06:00.000Z,1.3171,1.3211,1.3078,1.3122,1517062,
1789499340000,2026-09-15T19:09:00.000Z,1.3122,1.3247,1.3115,1.3121,1776285,
1789499520000,2026-09-15T19:12:00.000Z,1.3121,1.3136,1.3032,1.3075,2039169,
1789499700000,2026-09-15T19:15:00.000Z,1.3075,1.319,1.3036,1.3151,1449403,
1789499880000,2026-09-15T19:18:00.000Z,1.3151,1.3174,1.306,1.3067,2128781,
1789500060000,2026-09-15T19:21:00.000Z,1.3067,1.311,1.3002,1.3052,2038289,
1789500240000,2026-09-15T19:24:00.000Z,1.3052,1.3072,1.2988,1.2995,1312057,
1789500420000,2026-09-15T19:27:00.000Z,1.2995,1.3031,1.2942,1.2972,1406544,
1789500600000,2026-09-15T19:30:00.000Z,1.2972,1.3017,1.2936,1.2957,1303114,
1789500780000,2026-09-15T19:33:00.000Z,1.2957,1.3021,1.2936,1.2971,1421958,
1789500960000,2026-09-15T19:36:00.000Z,1.2971,1.3029,1.2945,1.3029,871558,
1789501140000,2026-09-15T19:39:00.000Z,1.3029,1.3057,1.2971,1.2981,1070795,
1789501320000,2026-09-15T19:42:00.000Z,1.2981,1.2984,1.295,1.295,694413,
1789501500000,2026-09-15T19:45:00.000Z,1.295,1.3003,1.2941,1.2981,979896,
1789501680000,2026-09-15T19:48:00.000Z,1.2981,1.3023,1.2979,1.3014,899005,
1789501860000,2026-09-15T19:51:00.000Z,1.3014,1.3042,1.2992,1.3039,482227,
1789502040000,2026-09-15T19:54:00.000Z,1.3039,1.3049,1.2992,1.3014,459284,
1789502220000,2026-09-15T19:57:00.000Z,1.3014,1.3023,1.294,1.295,1298966,
1789502400000,2026-09-15T20:00:00.000Z,1.295,1.3019,1.295,1.2982,854485,
1789502580000,2026-09-15T20:03:00.000Z,1.2982,1.2982,1.2894,1.2897,1266229,
1789502760000,2026-09-15T20:06:00.000Z,1.2897,1.2903,1.2842,1.2862,1701033,
1789502940000,2026-09-15T20:09:00.000Z,1.2862,1.2896,1.2831,1.2864,1471475,
1789503120000,2026-09-15T20:12:00.000Z,1.2864,1.2894,1.2819,1.2853,838453,
1789503300000,2026-09-15T20:15:00.000Z,1.2853,1.289,1.2814,1.2853,931683,
1789503480000,2026-09-15T20:18:00.000Z,1.2853,1.2856,1.2756,1.2757,2266119,
1789503660000,2026-09-15T20:21:00.000Z,1.2757,1.2763,1.2633,1.276,4102287,
1789503840000,2026-09-15T20:24:00.000Z,1.276,1.2782,1.2675,1.2683,996097,
1789504020000,2026-09-15T20:27:00.000Z,1.2683,1.2697,1.2645,1.2646,1059516,
1789504200000,2026-09-15T20:30:00.000Z,1.2646,1.2764,1.2644,1.2704,1753273,
1789504380000,2026-09-15T20:33:00.000Z,1.2704,1.275,1.2691,1.275,654811,
1789504560000,2026-09-15T20:36:00.000Z,1.275,1.2837,1.273,1.2792,1562906,
1789504740000,2026-09-15T20:39:00.000Z,1.2792,1.2804,1.2751,1.2777,951409,
1789504920000,2026-09-15T20:42:00.000Z,1.2777,1.2792,1.2747,1.2788,593987,
1789505100000,2026-09-15T20:45:00.000Z,1.2788,1.285,1.2788,1.2824,1026960,
1789505280000,2026-09-15T20:48:00.000Z,1.2824,1.2919,1.2824,1.2893,1118159,
1789505460000,2026-09-15T20:51:00.000Z,1.2893,1.2903,1.2865,1.2896,470675,
1789505640000,2026-09-15T20:54:00.000Z,1.2896,1.2945,1.2896,1.2925,1127761,
1789505820000,2026-09-15T20:57:00.000Z,1.2925,1.2941,1.2901,1.2929,785633,
1789506000000,2026-09-15T21:00:00.000Z,1.2929,1.2931,1.2875,1.2888,815947,
1789506180000,2026-09-15T21:03:00.000Z,1.2888,1.2929,1.288,1.2921,532118,
1789506360000,2026-09-15T21:06:00.000Z,1.2921,1.293,1.2909,1.2927,302783,
1789506540000,2026-09-15T21:09:00.000Z,1.2927,1.2929,1.2916,1.2917,105275,
1789506720000,2026-09-15T21:12:00.000Z,1.2917,1.297,1.2917,1.2927,697178,
1789506900000,2026-09-15T21:15:00.000Z,1.2927,1.2948,1.2898,1.294,853024,
1789507080000,2026-09-15T21:18:00.000Z,1.294,1.2957,1.2922,1.2927,186519,
1789507260000,2026-09-15T21:21:00.000Z,1.2927,1.2927,1.2846,1.2854,740590,
1789507440000,2026-09-15T21:24:00.000Z,1.2854,1.2869,1.2837,1.286,578603,
1789507620000,2026-09-15T21:27:00.000Z,1.286,1.2869,1.2818,1.2839,383546,
1789507800000,2026-09-15T21:30:00.000Z,1.2839,1.2844,1.2813,1.2843,327759,
1789507980000,2026-09-15T21:33:00.000Z,1.2843,1.2847,1.2774,1.2797,1657755,
1789508160000,2026-09-15T21:36:00.000Z,1.2797,1.2844,1.2779,1.2828,411596,
1789508340000,2026-09-15T21:39:00.000Z,1.2828,1.2865,1.2824,1.2864,234075,
1789508520000,2026-09-15T21:42:00.000Z,1.2864,1.2865,1.2853,1.2853,96515,
1789508700000,2026-09-15T21:45:00.000Z,1.2853,1.2861,1.2837,1.2854,116378,
1789508880000,2026-09-15T21:48:00.000Z,1.2854,1.2855,1.2829,1.2833,60875,
1789509060000,2026-09-15T21:51:00.000Z,1.2833,1.2833,1.2796,1.2821,234236,
1789509240000,2026-09-15T21:54:00.000Z,1.2821,1.2825,1.2767,1.2771,319619,
1789509420000,2026-09-15T21:57:00.000Z,1.2771,1.2791,1.2756,1.2773,541323,
1789509600000,2026-09-15T22:00:00.000Z,1.2773,1.2856,1.2749,1.2845,1014655,
1789509780000,2026-09-15T22:03:00.000Z,1.2845,1.2859,1.2789,1.2791,271037,
1789509960000,2026-09-15T22:06:00.000Z,1.2791,1.2835,1.2782,1.2815,398831,
1789510140000,2026-09-15T22:09:00.000Z,1.2815,1.2829,1.279,1.2808,356564,
1789510320000,2026-09-15T22:12:00.000Z,1.2808,1.281,1.2781,1.2801,524665,
1789510500000,2026-09-15T22:15:00.000Z,1.2801,1.2808,1.2758,1.2774,798326,
1789510680000,2026-09-15T22:18:00.000Z,1.2774,1.2794,1.2759,1.2779,325963,
1789510860000,2026-09-15T22:21:00.000Z,1.2779,1.2787,1.2756,1.2773,229086,
1789511040000,2026-09-15T22:24:00.000Z,1.2773,1.2829,1.2766,1.2829,317243,
1789511220000,2026-09-15T22:27:00.000Z,1.2829,1.2839,1.2806,1.2806,232548,
1789511400000,2026-09-15T22:30:00.000Z,1.2806,1.2824,1.2805,1.2816,209981,
1789511580000,2026-09-15T22:33:00.000Z,1.2816,1.2831,1.2799,1.281,445570,
1789511760000,2026-09-15T22:36:00.000Z,1.281,1.2851,1.2804,1.2844,139062,
1789511940000,2026-09-15T22:39:00.000Z,1.2844,1.2851,1.2825,1.2825,364822,
1789512120000,2026-09-15T22:42:00.000Z,1.2825,1.2837,1.2822,1.2835,72239,
1789512300000,2026-09-15T22:45:00.000Z,1.2835,1.2861,1.283,1.2853,311525,
1789512480000,2026-09-15T22:48:00.000Z,1.2853,1.287,1.2848,1.287,189328,
1789512660000,2026-09-15T22:51:00.000Z,1.287,1.289,1.2868,1.2885,325871,
1789512840000,2026-09-15T22:54:00.000Z,1.2885,1.289,1.2874,1.2886,155264,
1789513020000,2026-09-15T22:57:00.000Z,1.2886,1.2904,1.2878,1.2883,456794,
1789513200000,2026-09-15T23:00:00.000Z,1.2883,1.2903,1.288,1.2893,157921,
1789513380000,2026-09-15T23:03:00.000Z,1.2893,1.2935,1.2893,1.2928,247042,
1789513560000,2026-09-15T23:06:00.000Z,1.2928,1.2933,1.2912,1.2928,243883,
1789513740000,2026-09-15T23:09:00.000Z,1.2928,1.2962,1.2927,1.2958,459628,
1789513920000,2026-09-15T23:12:00.000Z,1.2958,1.2972,1.2948,1.2971,255366,
1789514100000,2026-09-15T23:15:00.000Z,1.2971,1.2973,1.2956,1.2967,634812,
1789514280000,2026-09-15T23:18:00.000Z,1.2967,1.2971,1.2954,1.2961,197218,
1789514460000,2026-09-15T23:21:00.000Z,1.2961,1.2963,1.2933,1.2942,266788,
1789514640000,2026-09-15T23:24:00.000Z,1.2942,1.2946,1.2933,1.2935,59543,
1789514820000,2026-09-15T23:27:00.000Z,1.2935,1.2941,1.2919,1.2925,364112,
1789515000000,2026-09-15T23:30:00.000Z,1.2925,1.2925,1.2834,1.2858,995979,
1789515180000,2026-09-15T23:33:00.000Z,1.2858,1.2888,1.2852,1.2867,440328,
1789515360000,2026-09-15T23:36:00.000Z,1.2867,1.2867,1.2824,1.2827,338313,
1789515540000,2026-09-15T23:39:00.000Z,1.2827,1.2857,1.2823,1.2855,340801,
1789515720000,2026-09-15T23:42:00.000Z,1.2855,1.2877,1.2848,1.2877,97170,
1789515900000,2026-09-15T23:45:00.000Z,1.2877,1.2883,1.2851,1.2851,444085,
1789516080000,2026-09-15T23:48:00.000Z,1.2851,1.2866,1.2851,1.2864,65867,
1789516260000,2026-09-15T23:51:00.000Z,1.2864,1.2864,1.2841,1.2857,164406,
1789516440000,2026-09-15T23:54:00.000Z,1.2857,1.2858,1.2837,1.2839,113191,
1789516620000,2026-09-15T23:57:00.000Z,1.2839,1.2851,1.2816,1.2826,167336,
1789516800000,2026-09-16T00:00:00.000Z,1.2826,1.2833,1.2797,1.2828,550009,
1789516980000,2026-09-16T00:03:00.000Z,1.2828,1.2853,1.2827,1.2843,475994,
1789517160000,2026-09-16T00:06:00.000Z,1.2843,1.2854,1.2812,1.2852,140564,
1789517340000,2026-09-16T00:09:00.000Z,1.2852,1.2854,1.2829,1.2844,146994,
1789517520000,2026-09-16T00:12:00.000Z,1.2844,1.2848,1.2816,1.2821,165396,
1789517700000,2026-09-16T00:15:00.000Z,1.2821,1.2856,1.2809,1.2851,130525,
1789517880000,2026-09-16T00:18:00.000Z,1.2851,1.2868,1.2848,1.2861,174019,
1789518060000,2026-09-16T00:21:00.000Z,1.2861,1.2883,1.2846,1.2883,223939,
1789518240000,2026-09-16T00:24:00.000Z,1.2883,1.2883,1.2864,1.2874,185133,
1789518420000,2026-09-16T00:27:00.000Z,1.2874,1.2878,1.2848,1.2877,450127,
1789518600000,2026-09-16T00:30:00.000Z,1.2877,1.2878,1.2864,1.2873,34724,
1789518780000,2026-09-16T00:33:00.000Z,1.2873,1.2893,1.2865,1.287,49801,
1789518960000,2026-09-16T00:36:00.000Z,1.287,1.2882,1.2858,1.2876,50848,
1789519140000,2026-09-16T00:39:00.000Z,1.2876,1.2893,1.2871,1.2872,64697,
1789519320000,2026-09-16T00:42:00.000Z,1.2872,1.2874,1.2859,1.2872,56940,
1789519500000,2026-09-16T00:45:00.000Z,1.2872,1.2887,1.2837,1.2865,575935,
1789519680000,2026-09-16T00:48:00.000Z,1.2865,1.2888,1.2854,1.2878,102865,
1789519860000,2026-09-16T00:51:00.000Z,1.2878,1.29,1.2865,1.2873,667368,
1789520040000,2026-09-16T00:54:00.000Z,1.2873,1.2873,1.2847,1.2851,147786,
1789520220000,2026-09-16T00:57:00.000Z,1.2851,1.2881,1.2831,1.286,1293560,
1789520400000,2026-09-16T01:00:00.000Z,1.286,1.2888,1.2856,1.2869,336172,
1789520580000,2026-09-16T01:03:00.000Z,1.2869,1.2879,1.2843,1.2849,814287,
1789520760000,2026-09-16T01:06:00.000Z,1.2849,1.2872,1.2847,1.2854,349518,
1789520940000,2026-09-16T01:09:00.000Z,1.2854,1.2888,1.2849,1.2876,287143,
1789521120000,2026-09-16T01:12:00.000Z,1.2876,1.2883,1.2851,1.2874,362933,
1789521300000,2026-09-16T01:15:00.000Z,1.2874,1.288,1.286,1.2872,254411,
1789521480000,2026-09-16T01:18:00.000Z,1.2872,1.2886,1.2868,1.2885,64527,
1789521660000,2026-09-16T01:21:00.000Z,1.2885,1.2896,1.2874,1.2881,453584,
1789521840000,2026-09-16T01:24:00.000Z,1.2881,1.2897,1.2881,1.2886,217728,
1789522020000,2026-09-16T01:27:00.000Z,1.2886,1.2888,1.2864,1.2868,418635,
1789522200000,2026-09-16T01:30:00.000Z,1.2868,1.2869,1.2845,1.2845,274680,
1789522380000,2026-09-16T01:33:00.000Z,1.2845,1.2849,1.278,1.2817,1123618,
1789522560000,2026-09-16T01:36:00.000Z,1.2817,1.2817,1.2755,1.2782,1123876,
1789522740000,2026-09-16T01:39:00.000Z,1.2782,1.2795,1.2759,1.2788,378767,
1789522920000,2026-09-16T01:42:00.000Z,1.2788,1.2794,1.2779,1.2782,234562,
1789523100000,2026-09-16T01:45:00.000Z,1.2782,1.2796,1.2739,1.2762,1011314,
1789523280000,2026-09-16T01:48:00.000Z,1.2762,1.277,1.2738,1.2743,313575,
1789523460000,2026-09-16T01:51:00.000Z,1.2743,1.2755,1.2741,1.2742,273995,
1789523640000,2026-09-16T01:54:00.000Z,1.2742,1.2756,1.274,1.2745,342054,
1789523820000,2026-09-16T01:57:00.000Z,1.2745,1.2762,1.2745,1.2749,167956,
1789524000000,2026-09-16T02:00:00.000Z,1.2749,1.283,1.2746,1.2828,579212,
1789524180000,2026-09-16T02:03:00.000Z,1.2828,1.2841,1.2805,1.2817,419365,
1789524360000,2026-09-16T02:06:00.000Z,1.2817,1.2824,1.279,1.2804,553130,
1789524540000,2026-09-16T02:09:00.000Z,1.2804,1.2805,1.2774,1.2774,167915,
1789524720000,2026-09-16T02:12:00.000Z,1.2774,1.282,1.2757,1.281,688095,
1789524900000,2026-09-16T02:15:00.000Z,1.281,1.2874,1.2807,1.2855,1023623,
1789525080000,2026-09-16T02:18:00.000Z,1.2855,1.2874,1.2844,1.2874,123125,
1789525260000,2026-09-16T02:21:00.000Z,1.2874,1.2877,1.2863,1.2869,76591,
1789525440000,2026-09-16T02:24:00.000Z,1.2869,1.2884,1.2867,1.2883,40118,
1789525620000,2026-09-16T02:27:00.000Z,1.2883,1.2908,1.2883,1.2906,293085,
1789525800000,2026-09-16T02:30:00.000Z,1.2906,1.2955,1.2902,1.2937,749209,
1789525980000,2026-09-16T02:33:00.000Z,1.2937,1.2964,1.2932,1.2958,397703,
1789526160000,2026-09-16T02:36:00.000Z,1.2958,1.2992,1.2958,1.2965,1556811,
1789526340000,2026-09-16T02:39:00.000Z,1.2965,1.2973,1.2939,1.2953,258463,
1789526520000,2026-09-16T02:42:00.000Z,1.2953,1.2955,1.2932,1.2936,419325,
1789526700000,2026-09-16T02:45:00.000Z,1.2936,1.2949,1.2929,1.2939,71268,
1789526880000,2026-09-16T02:48:00.000Z,1.2939,1.2939,1.2913,1.2916,128353,
1789527060000,2026-09-16T02:51:00.000Z,1.2916,1.2917,1.289,1.2898,160372,
1789527240000,2026-09-16T02:54:00.000Z,1.2898,1.2898,1.2857,1.2866,388142,
1789527420000,2026-09-16T02:57:00.000Z,1.2866,1.289,1.2861,1.2886,244487,
1789527600000,2026-09-16T03:00:00.000Z,1.2886,1.2924,1.288,1.2924,285344,
1789527780000,2026-09-16T03:03:00.000Z,1.2924,1.2924,1.2891,1.2907,276544,
1789527960000,2026-09-16T03:06:00.000Z,1.2907,1.2913,1.289,1.2892,250848,
1789528140000,2026-09-16T03:09:00.000Z,1.2892,1.293,1.2891,1.293,428282,
1789528320000,2026-09-16T03:12:00.000Z,1.293,1.2951,1.2927,1.2949,63730,
1789528500000,2026-09-16T03:15:00.000Z,1.2949,1.2984,1.2948,1.2982,296482,
1789528680000,2026-09-16T03:18:00.000Z,1.2982,1.2995,1.2962,1.2967,643202,
1789528860000,2026-09-16T03:21:00.000Z,1.2967,1.2972,1.2957,1.2961,131203,
1789529040000,2026-09-16T03:24:00.000Z,1.2961,1.2961,1.2939,1.2942,106777,
1789529220000,2026-09-16T03:27:00.000Z,1.2942,1.2949,1.2922,1.2932,261985,
1789529400000,2026-09-16T03:30:00.000Z,1.2932,1.2975,1.2919,1.2975,893168,
1789529580000,2026-09-16T03:33:00.000Z,1.2975,1.2975,1.2941,1.2943,93380,
1789529760000,2026-09-16T03:36:00.000Z,1.2943,1.2949,1.2921,1.2931,233525,
1789529940000,2026-09-16T03:39:00.000Z,1.2931,1.2954,1.2931,1.2951,206551,
1789530120000,2026-09-16T03:42:00.000Z,1.2951,1.2961,1.2936,1.2956,159580,
1789530300000,2026-09-16T03:45:00.000Z,1.2956,1.2969,1.2945,1.2948,199563,
1789530480000,2026-09-16T03:48:00.000Z,1.2948,1.2959,1.2947,1.2958,32185,
1789530660000,2026-09-16T03:51:00.000Z,1.2958,1.2968,1.2956,1.2961,53686,
1789530840000,2026-09-16T03:54:00.000Z,1.2961,1.297,1.2954,1.2967,34037,
1789531020000,2026-09-16T03:57:00.000Z,1.2967,1.2975,1.2964,1.2965,122118,
1789531200000,2026-09-16T04:00:00.000Z,1.2965,1.2977,1.2953,1.2966,154336,
1789531380000,2026-09-16T04:03:00.000Z,1.2966,1.301,1.2963,1.2988,401502,
1789531560000,2026-09-16T04:06:00.000Z,1.2988,1.3011,1.2983,1.3001,241202,
1789531740000,2026-09-16T04:09:00.000Z,1.3001,1.3052,1.2994,1.3052,563653,
1789531920000,2026-09-16T04:12:00.000Z,1.3052,1.3052,1.3016,1.3031,464005,
1789532100000,2026-09-16T04:15:00.000Z,1.3031,1.3031,1.3015,1.3018,165425,
1789532280000,2026-09-16T04:18:00.000Z,1.3018,1.3045,1.3004,1.3045,256609,
1789532460000,2026-09-16T04:21:00.000Z,1.3045,1.312,1.3036,1.3101,1095881,
1789532640000,2026-09-16T04:24:00.000Z,1.3101,1.3105,1.3067,1.3076,436244,
1789532820000,2026-09-16T04:27:00.000Z,1.3076,1.3083,1.3045,1.3053,566830,
1789533000000,2026-09-16T04:30:00.000Z,1.3053,1.3063,1.3043,1.3044,221802,
1789533180000,2026-09-16T04:33:00.000Z,1.3044,1.3093,1.3037,1.3082,382896,
1789533360000,2026-09-16T04:36:00.000Z,1.3082,1.3091,1.3072,1.3083,137751,
1789533540000,2026-09-16T04:39:00.000Z,1.3083,1.3096,1.3081,1.3083,84462,
1789533720000,2026-09-16T04:42:00.000Z,1.3083,1.3086,1.3031,1.3041,464949,
1789533900000,2026-09-16T04:45:00.000Z,1.3041,1.3063,1.3039,1.3045,188340,
1789534080000,2026-09-16T04:48:00.000Z,1.3045,1.3047,1.302,1.3022,133487,
1789534260000,2026-09-16T04:51:00.000Z,1.3022,1.3022,1.3003,1.3009,163799,
1789534440000,2026-09-16T04:54:00.000Z,1.3009,1.3013,1.298,1.2981,326932,
1789534620000,2026-09-16T04:57:00.000Z,1.2981,1.3028,1.2981,1.3003,731639,
1789534800000,2026-09-16T05:00:00.000Z,1.3003,1.301,1.2937,1.2941,555363,
1789534980000,2026-09-16T05:03:00.000Z,1.2941,1.2964,1.2935,1.2942,475470,
1789535160000,2026-09-16T05:06:00.000Z,1.2942,1.2968,1.2934,1.2964,283095,
1789535340000,2026-09-16T05:09:00.000Z,1.2964,1.298,1.2962,1.2969,78602,
1789535520000,2026-09-16T05:12:00.000Z,1.2969,1.2969,1.2951,1.2959,166873,
1789535700000,2026-09-16T05:15:00.000Z,1.2959,1.2977,1.2952,1.2975,73235,
1789535880000,2026-09-16T05:18:00.000Z,1.2975,1.2979,1.2959,1.2962,197231,
1789536060000,2026-09-16T05:21:00.000Z,1.2962,1.2997,1.2962,1.298,134725,
1789536240000,2026-09-16T05:24:00.000Z,1.298,1.3002,1.298,1.2989,200985,
1789536420000,2026-09-16T05:27:00.000Z,1.2989,1.2989,1.297,1.2985,101983,
1789536600000,2026-09-16T05:30:00.000Z,1.2985,1.2991,1.2967,1.2972,55481,
1789536780000,2026-09-16T05:33:00.000Z,1.2972,1.2982,1.2969,1.2981,47983,
1789536960000,2026-09-16T05:36:00.000Z,1.2981,1.299,1.2966,1.2981,137750,
1789537140000,2026-09-16T05:39:00.000Z,1.2981,1.2981,1.297,1.2972,21186,
1789537320000,2026-09-16T05:42:00.000Z,1.2972,1.2991,1.2957,1.2973,374160,
1789537500000,2026-09-16T05:45:00.000Z,1.2973,1.2975,1.2963,1.2963,295079,
1789537680000,2026-09-16T05:48:00.000Z,1.2963,1.2963,1.293,1.2933,432526,
1789537860000,2026-09-16T05:51:00.000Z,1.2933,1.2933,1.2917,1.2926,242067,
1789538040000,2026-09-16T05:54:00.000Z,1.2926,1.2949,1.2917,1.2945,528298,
1789538220000,2026-09-16T05:57:00.000Z,1.2945,1.2967,1.2945,1.2959,178724,
1789538400000,2026-09-16T06:00:00.000Z,1.2959,1.2989,1.2959,1.298,138378,
1789538580000,2026-09-16T06:03:00.000Z,1.298,1.2982,1.2944,1.295,456768,
1789538760000,2026-09-16T06:06:00.000Z,1.295,1.2956,1.2945,1.2948,55074,
1789538940000,2026-09-16T06:09:00.000Z,1.2948,1.2948,1.2936,1.2942,159127,
1789539120000,2026-09-16T06:12:00.000Z,1.2942,1.2967,1.2942,1.2955,229628,
1789539300000,2026-09-16T06:15:00.000Z,1.2955,1.2972,1.2947,1.2963,30219,
1789539480000,2026-09-16T06:18:00.000Z,1.2963,1.298,1.296,1.298,69867,
1789539660000,2026-09-16T06:21:00.000Z,1.298,1.2981,1.2958,1.2964,62116,
1789539840000,2026-09-16T06:24:00.000Z,1.2964,1.2964,1.2954,1.2962,59462,
1789540020000,2026-09-16T06:27:00.000Z,1.2962,1.2962,1.2944,1.2949,258635,
1789540200000,2026-09-16T06:30:00.000Z,1.2949,1.295,1.293,1.2931,204421,
1789540380000,2026-09-16T06:33:00.000Z,1.2931,1.2938,1.2922,1.2924,185338,
1789540560000,2026-09-16T06:36:00.000Z,1.2924,1.2927,1.2877,1.2898,1303694,
1789540740000,2026-09-16T06:39:00.000Z,1.2898,1.2917,1.2895,1.2912,256864,
1789540920000,2026-09-16T06:42:00.000Z,1.2912,1.2935,1.291,1.2933,155121,
1789541100000,2026-09-16T06:45:00.000Z,1.2933,1.2948,1.2929,1.2948,48095,
1789541280000,2026-09-16T06:48:00.000Z,1.2948,1.2948,1.2931,1.2935,62870,
1789541460000,2026-09-16T06:51:00.000Z,1.2935,1.294,1.293,1.2935,96904,
1789541640000,2026-09-16T06:54:00.000Z,1.2935,1.2949,1.2933,1.2941,48186,
1789541820000,2026-09-16T06:57:00.000Z,1.2941,1.2975,1.2939,1.2972,449364,
1789542000000,2026-09-16T07:00:00.000Z,1.2972,1.2997,1.2964,1.2995,271319,
1789542180000,2026-09-16T07:03:00.000Z,1.2995,1.3013,1.2972,1.2988,956372,
1789542360000,2026-09-16T07:06:00.000Z,1.2988,1.2988,1.2942,1.295,430993,
1789542540000,2026-09-16T07:09:00.000Z,1.295,1.295,1.2909,1.292,801540,
1789542720000,2026-09-16T07:12:00.000Z,1.292,1.2943,1.2913,1.2941,393043,
1789542900000,2026-09-16T07:15:00.000Z,1.2941,1.2957,1.2919,1.2921,699558,
1789543080000,2026-09-16T07:18:00.000Z,1.2921,1.2923,1.2916,1.2919,187333,
1789543260000,2026-09-16T07:21:00.000Z,1.2919,1.2925,1.2904,1.2905,577164,
1789543440000,2026-09-16T07:24:00.000Z,1.2905,1.2928,1.2901,1.2921,483744,
1789543620000,2026-09-16T07:27:00.000Z,1.2921,1.2921,1.2897,1.2902,106128,
1789543800000,2026-09-16T07:30:00.000Z,1.2902,1.291,1.2886,1.29,146192,
1789543980000,2026-09-16T07:33:00.000Z,1.29,1.2903,1.2892,1.2897,118635,
1789544160000,2026-09-16T07:36:00.000Z,1.2897,1.2899,1.288,1.2886,113061,
1789544340000,2026-09-16T07:39:00.000Z,1.2886,1.2904,1.2885,1.2895,83502,
1789544520000,2026-09-16T07:42:00.000Z,1.2895,1.2895,1.2873,1.2877,212899,
1789544700000,2026-09-16T07:45:00.000Z,1.2877,1.2894,1.2874,1.289,82537,
1789544880000,2026-09-16T07:48:00.000Z,1.289,1.2891,1.285,1.286,568712,
1789545060000,2026-09-16T07:51:00.000Z,1.286,1.2867,1.2849,1.2854,1361250,
1789545240000,2026-09-16T07:54:00.000Z,1.2854,1.2863,1.285,1.2852,195896,
1789545420000,2026-09-16T07:57:00.000Z,1.2852,1.2852,1.2837,1.2846,464473,
1789545600000,2026-09-16T08:00:00.000Z,1.2846,1.2848,1.2841,1.2841,110176,
1789545780000,2026-09-16T08:03:00.000Z,1.2841,1.2842,1.2808,1.2827,676545,
1789545960000,2026-09-16T08:06:00.000Z,1.2827,1.2827,1.2804,1.2812,680987,
1789546140000,2026-09-16T08:09:00.000Z,1.2812,1.2834,1.2787,1.2828,826876,
1789546320000,2026-09-16T08:12:00.000Z,1.2828,1.2832,1.2811,1.282,398370,
1789546500000,2026-09-16T08:15:00.000Z,1.282,1.2845,1.2811,1.2835,767068,
1789546680000,2026-09-16T08:18:00.000Z,1.2835,1.2835,1.2796,1.2797,505108,
1789546860000,2026-09-16T08:21:00.000Z,1.2797,1.2812,1.2783,1.2784,285751,
1789547040000,2026-09-16T08:24:00.000Z,1.2784,1.2798,1.2761,1.2777,1335799,
1789547220000,2026-09-16T08:27:00.000Z,1.2777,1.2786,1.2768,1.2772,250873,
1789547400000,2026-09-16T08:30:00.000Z,1.2772,1.2778,1.2766,1.2778,282232,
1789547580000,2026-09-16T08:33:00.000Z,1.2778,1.2781,1.2772,1.2779,192911,
1789547760000,2026-09-16T08:36:00.000Z,1.2779,1.2818,1.2777,1.2812,593369,
1789547940000,2026-09-16T08:39:00.000Z,1.2812,1.2812,1.2784,1.279,140764,
1789548120000,2026-09-16T08:42:00.000Z,1.279,1.2808,1.2784,1.2804,141771,
1789548300000,2026-09-16T08:45:00.000Z,1.2804,1.2807,1.28,1.2801,83475,
1789548480000,2026-09-16T08:48:00.000Z,1.2801,1.2805,1.2795,1.2797,80107,
1789548660000,2026-09-16T08:51:00.000Z,1.2797,1.2807,1.2794,1.2807,54265,
1789548840000,2026-09-16T08:54:00.000Z,1.2807,1.2844,1.2805,1.2829,413579,
1789549020000,2026-09-16T08:57:00.000Z,1.2829,1.2845,1.2829,1.2845,193026,
1789549200000,2026-09-16T09:00:00.000Z,1.2845,1.2859,1.2843,1.2859,220906,
1789549380000,2026-09-16T09:03:00.000Z,1.2859,1.2887,1.2858,1.2875,463691,
1789549560000,2026-09-16T09:06:00.000Z,1.2875,1.2877,1.2845,1.2845,424653,
1789549740000,2026-09-16T09:09:00.000Z,1.2845,1.2865,1.2845,1.2858,81912,
1789549920000,2026-09-16T09:12:00.000Z,1.2858,1.2863,1.2838,1.284,419184,
1789550100000,2026-09-16T09:15:00.000Z,1.284,1.2856,1.2821,1.2847,491412,
1789550280000,2026-09-16T09:18:00.000Z,1.2847,1.2863,1.2826,1.2863,78098,
1789550460000,2026-09-16T09:21:00.000Z,1.2863,1.288,1.286,1.2878,159540,
1789550640000,2026-09-16T09:24:00.000Z,1.2878,1.2888,1.2857,1.2864,561621,
1789550820000,2026-09-16T09:27:00.000Z,1.2864,1.2866,1.2853,1.2857,217948,
1789551000000,2026-09-16T09:30:00.000Z,1.2857,1.2876,1.2857,1.2876,64224,
1789551180000,2026-09-16T09:33:00.000Z,1.2876,1.2878,1.2867,1.2867,199160,
1789551360000,2026-09-16T09:36:00.000Z,1.2867,1.2895,1.2867,1.2882,143420,
1789551540000,2026-09-16T09:39:00.000Z,1.2882,1.2892,1.2878,1.2886,214759,
1789551720000,2026-09-16T09:42:00.000Z,1.2886,1.2888,1.2882,1.2885,81374,
1789551900000,2026-09-16T09:45:00.000Z,1.2885,1.2886,1.287,1.2875,74578,
1789552080000,2026-09-16T09:48:00.000Z,1.2875,1.2902,1.2875,1.2897,218507,
1789552260000,2026-09-16T09:51:00.000Z,1.2897,1.2912,1.2894,1.2901,247232,
1789552440000,2026-09-16T09:54:00.000Z,1.2901,1.292,1.2901,1.2913,204707,
1789552620000,2026-09-16T09:57:00.000Z,1.2913,1.2915,1.2904,1.291,59826,
1789552800000,2026-09-16T10:00:00.000Z,1.291,1.2921,1.2901,1.2903,518243,
1789552980000,2026-09-16T10:03:00.000Z,1.2903,1.2909,1.2872,1.2874,695274,
1789553160000,2026-09-16T10:06:00.000Z,1.2874,1.2897,1.2874,1.2877,221707,
1789553340000,2026-09-16T10:09:00.000Z,1.2877,1.2891,1.2862,1.2873,336933,
1789553520000,2026-09-16T10:12:00.000Z,1.2873,1.2877,1.2849,1.2856,415592,
1789553700000,2026-09-16T10:15:00.000Z,1.2856,1.2883,1.2851,1.288,390305,
1789553880000,2026-09-16T10:18:00.000Z,1.288,1.2895,1.2878,1.2888,330016,
1789554060000,2026-09-16T10:21:00.000Z,1.2888,1.2891,1.2864,1.2868,218046,
1789554240000,2026-09-16T10:24:00.000Z,1.2868,1.2883,1.2864,1.2878,92329,
1789554420000,2026-09-16T10:27:00.000Z,1.2878,1.2884,1.2871,1.2884,16109,
1789554600000,2026-09-16T10:30:00.000Z,1.2884,1.289,1.2878,1.2879,35094,
1789554780000,2026-09-16T10:33:00.000Z,1.2879,1.29,1.2879,1.2886,252741,
1789554960000,2026-09-16T10:36:00.000Z,1.2886,1.2892,1.2883,1.2889,75090,
1789555140000,2026-09-16T10:39:00.000Z,1.2889,1.2899,1.2884,1.2899,24912,
1789555320000,2026-09-16T10:42:00.000Z,1.2899,1.2912,1.2896,1.2904,118308,
1789555500000,2026-09-16T10:45:00.000Z,1.2904,1.2906,1.2895,1.2895,32043,
1789555680000,2026-09-16T10:48:00.000Z,1.2895,1.2901,1.2894,1.2894,36154,
1789555860000,2026-09-16T10:51:00.000Z,1.2894,1.2895,1.2878,1.288,103967,
1789556040000,2026-09-16T10:54:00.000Z,1.288,1.2881,1.2872,1.2873,65506,
1789556220000,2026-09-16T10:57:00.000Z,1.2873,1.2889,1.2869,1.2888,684156,
1789556400000,2026-09-16T11:00:00.000Z,1.2888,1.2911,1.2868,1.2881,367852,
1789556580000,2026-09-16T11:03:00.000Z,1.2881,1.2901,1.2881,1.2893,16915,
1789556760000,2026-09-16T11:06:00.000Z,1.2893,1.2893,1.2866,1.2869,55290,
1789556940000,2026-09-16T11:09:00.000Z,1.2869,1.2878,1.2866,1.2874,24745,
1789557120000,2026-09-16T11:12:00.000Z,1.2874,1.2874,1.2859,1.2863,113680,
1789557300000,2026-09-16T11:15:00.000Z,1.2863,1.2878,1.2855,1.2866,246693,
1789557480000,2026-09-16T11:18:00.000Z,1.2866,1.2885,1.2866,1.2881,40686,
1789557660000,2026-09-16T11:21:00.000Z,1.2881,1.289,1.2861,1.2866,370956,
1789557840000,2026-09-16T11:24:00.000Z,1.2866,1.2894,1.2864,1.2893,176532,
1789558020000,2026-09-16T11:27:00.000Z,1.2893,1.2897,1.2886,1.2887,69094,
1789558200000,2026-09-16T11:30:00.000Z,1.2887,1.2914,1.2881,1.2891,207649,
1789558380000,2026-09-16T11:33:00.000Z,1.2891,1.2904,1.2891,1.2904,85187,
1789558560000,2026-09-16T11:36:00.000Z,1.2904,1.2925,1.2892,1.2896,296171,
1789558740000,2026-09-16T11:39:00.000Z,1.2896,1.2925,1.289,1.2912,604942,
1789558920000,2026-09-16T11:42:00.000Z,1.2912,1.2953,1.2911,1.2946,563129,
1789559100000,2026-09-16T11:45:00.000Z,1.2946,1.2951,1.2925,1.2945,378736,
1789559280000,2026-09-16T11:48:00.000Z,1.2945,1.2978,1.2943,1.2969,1074308,
1789559460000,2026-09-16T11:51:00.000Z,1.2969,1.2973,1.2957,1.2967,478044,
1789559640000,2026-09-16T11:54:00.000Z,1.2967,1.2967,1.295,1.2955,173265,
1789559820000,2026-09-16T11:57:00.000Z,1.2955,1.296,1.295,1.2951,182091,
1789560000000,2026-09-16T12:00:00.000Z,1.2951,1.2961,1.2931,1.2931,877883,
1789560180000,2026-09-16T12:03:00.000Z,1.2931,1.2952,1.292,1.2921,346590,
1789560360000,2026-09-16T12:06:00.000Z,1.2921,1.2926,1.2909,1.2916,217582,
1789560540000,2026-09-16T12:09:00.000Z,1.2916,1.2916,1.2889,1.2898,643290,
1789560720000,2026-09-16T12:12:00.000Z,1.2898,1.29,1.2871,1.2878,509943,
1789560900000,2026-09-16T12:15:00.000Z,1.2878,1.2906,1.2877,1.2896,458968,
1789561080000,2026-09-16T12:18:00.000Z,1.2896,1.2903,1.2877,1.2888,318579,
1789561260000,2026-09-16T12:21:00.000Z,1.2888,1.2889,1.2874,1.2875,79933,
1789561440000,2026-09-16T12:24:00.000Z,1.2875,1.2877,1.2834,1.2834,738516,
1789561620000,2026-09-16T12:27:00.000Z,1.2834,1.284,1.2806,1.2827,731376,
1789561800000,2026-09-16T12:30:00.000Z,1.2827,1.2828,1.2783,1.2795,799857,
1789561980000,2026-09-16T12:33:00.000Z,1.2795,1.2841,1.2795,1.2839,556103,
1789562160000,2026-09-16T12:36:00.000Z,1.2839,1.2839,1.2805,1.2815,215573,
1789562340000,2026-09-16T12:39:00.000Z,1.2815,1.2822,1.2805,1.2822,143673,
1789562520000,2026-09-16T12:42:00.000Z,1.2822,1.2822,1.281,1.2812,94565,
1789562700000,2026-09-16T12:45:00.000Z,1.2812,1.2838,1.2806,1.2831,425559,
1789562880000,2026-09-16T12:48:00.000Z,1.2831,1.2847,1.2827,1.2845,271804,
1789563060000,2026-09-16T12:51:00.000Z,1.2845,1.2845,1.2818,1.282,127454,
1789563240000,2026-09-16T12:54:00.000Z,1.282,1.2832,1.2797,1.2832,153753,
1789563420000,2026-09-16T12:57:00.000Z,1.2832,1.2832,1.2807,1.2824,274969,
1789563600000,2026-09-16T13:00:00.000Z,1.2824,1.2826,1.2777,1.2785,773688,
1789563780000,2026-09-16T13:03:00.000Z,1.2785,1.2794,1.2756,1.2786,680961,
1789563960000,2026-09-16T13:06:00.000Z,1.2786,1.2786,1.2763,1.2764,70406,
1789564140000,2026-09-16T13:09:00.000Z,1.2764,1.2768,1.2704,1.2715,1250319,
1789564320000,2026-09-16T13:12:00.000Z,1.2715,1.2761,1.2695,1.2759,1098296,
1789564500000,2026-09-16T13:15:00.000Z,1.2759,1.2791,1.275,1.2775,550469,
1789564680000,2026-09-16T13:18:00.000Z,1.2775,1.2796,1.2751,1.2756,1258042,
1789564860000,2026-09-16T13:21:00.000Z,1.2756,1.2764,1.2735,1.2741,357619,
1789565040000,2026-09-16T13:24:00.000Z,1.2741,1.278,1.2734,1.277,903353,
1789565220000,2026-09-16T13:27:00.000Z,1.277,1.2785,1.2761,1.2766,121653,
1789565400000,2026-09-16T13:30:00.000Z,1.2766,1.2791,1.2753,1.2774,665214,
1789565580000,2026-09-16T13:33:00.000Z,1.2774,1.2795,1.2747,1.2751,511598,
1789565760000,2026-09-16T13:36:00.000Z,1.2751,1.2751,1.2715,1.2733,459701,
1789565940000,2026-09-16T13:39:00.000Z,1.2733,1.2761,1.272,1.2759,386897,
1789566120000,2026-09-16T13:42:00.000Z,1.2759,1.278,1.2738,1.2771,262930,
1789566300000,2026-09-16T13:45:00.000Z,1.2771,1.2822,1.275,1.2818,561200,
1789566480000,2026-09-16T13:48:00.000Z,1.2818,1.2818,1.2772,1.2782,306112,
1789566660000,2026-09-16T13:51:00.000Z,1.2782,1.2786,1.2746,1.2774,450878,
1789566840000,2026-09-16T13:54:00.000Z,1.2774,1.2777,1.2759,1.2765,170868,
1789567020000,2026-09-16T13:57:00.000Z,1.2765,1.2773,1.2735,1.2745,130357,
1789567200000,2026-09-16T14:00:00.000Z,1.2745,1.2749,1.2699,1.2701,430121,
1789567380000,2026-09-16T14:03:00.000Z,1.2701,1.2744,1.268,1.2741,1210280,
1789567560000,2026-09-16T14:06:00.000Z,1.2741,1.2741,1.2705,1.2733,247571,
1789567740000,2026-09-16T14:09:00.000Z,1.2733,1.2736,1.27,1.2706,170745,
1789567920000,2026-09-16T14:12:00.000Z,1.2706,1.2707,1.2673,1.2705,845776,
1789568100000,2026-09-16T14:15:00.000Z,1.2705,1.2737,1.2703,1.272,561411,
1789568280000,2026-09-16T14:18:00.000Z,1.272,1.2742,1.2695,1.2719,314791,
1789568460000,2026-09-16T14:21:00.000Z,1.2719,1.2741,1.2697,1.2713,122323,
1789568640000,2026-09-16T14:24:00.000Z,1.2713,1.2753,1.2701,1.2751,480407,
1789568820000,2026-09-16T14:27:00.000Z,1.2751,1.2754,1.2716,1.2753,173658,
1789569000000,2026-09-16T14:30:00.000Z,1.2753,1.2753,1.2658,1.2675,1254141,
1789569180000,2026-09-16T14:33:00.000Z,1.2675,1.2715,1.2674,1.2683,449858,
1789569360000,2026-09-16T14:36:00.000Z,1.2683,1.2719,1.2683,1.2687,377194,
1789569540000,2026-09-16T14:39:00.000Z,1.2687,1.2694,1.2664,1.2688,267835,
1789569720000,2026-09-16T14:42:00.000Z,1.2688,1.2716,1.2667,1.2707,406800,
1789569900000,2026-09-16T14:45:00.000Z,1.2707,1.2712,1.2679,1.2682,68069,
1789570080000,2026-09-16T14:48:00.000Z,1.2682,1.2705,1.2629,1.2681,2152577,
1789570260000,2026-09-16T14:51:00.000Z,1.2681,1.2681,1.2621,1.2636,1256361,
1789570440000,2026-09-16T14:54:00.000Z,1.2636,1.2659,1.2625,1.2653,468735,
1789570620000,2026-09-16T14:57:00.000Z,1.2653,1.2661,1.2633,1.2661,237709,
1789570800000,2026-09-16T15:00:00.000Z,1.2661,1.2691,1.2655,1.2675,346066,
1789570980000,2026-09-16T15:03:00.000Z,1.2675,1.2697,1.2656,1.2656,234213,
1789571160000,2026-09-16T15:06:00.000Z,1.2656,1.2713,1.2647,1.266,654424,
1789571340000,2026-09-16T15:09:00.000Z,1.266,1.2709,1.2657,1.2687,613407,
1789571520000,2026-09-16T15:12:00.000Z,1.2687,1.2714,1.2681,1.2705,180336,
1789571700000,2026-09-16T15:15:00.000Z,1.2705,1.2705,1.2664,1.2676,1107343,
1789571880000,2026-09-16T15:18:00.000Z,1.2676,1.2693,1.267,1.2684,231427,
1789572060000,2026-09-16T15:21:00.000Z,1.2684,1.2717,1.2682,1.2701,346896,
1789572240000,2026-09-16T15:24:00.000Z,1.2701,1.2703,1.2681,1.2682,172213,
1789572420000,2026-09-16T15:27:00.000Z,1.2682,1.2684,1.2655,1.2658,172602,
1789572600000,2026-09-16T15:30:00.000Z,1.2658,1.2658,1.2603,1.2636,1085121,
1789572780000,2026-09-16T15:33:00.000Z,1.2636,1.2686,1.2622,1.2686,482006,
1789572960000,2026-09-16T15:36:00.000Z,1.2686,1.2701,1.268,1.2692,445502,
1789573140000,2026-09-16T15:39:00.000Z,1.2692,1.27,1.2682,1.2694,107304,
1789573320000,2026-09-16T15:42:00.000Z,1.2694,1.2695,1.2674,1.2674,67250,
1789573500000,2026-09-16T15:45:00.000Z,1.2674,1.274,1.2673,1.2717,989758,
1789573680000,2026-09-16T15:48:00.000Z,1.2717,1.2729,1.2669,1.2678,637462,
1789573860000,2026-09-16T15:51:00.000Z,1.2678,1.2693,1.2666,1.2671,104344,
1789574040000,2026-09-16T15:54:00.000Z,1.2671,1.2671,1.2649,1.2652,161663,
1789574220000,2026-09-16T15:57:00.000Z,1.2652,1.2673,1.2635,1.2656,523356,
1789574400000,2026-09-16T16:00:00.000Z,1.2656,1.2663,1.2637,1.2646,153612,
1789574580000,2026-09-16T16:03:00.000Z,1.2646,1.2675,1.264,1.2675,294900,
1789574760000,2026-09-16T16:06:00.000Z,1.2675,1.2679,1.2617,1.2624,843126,
1789574940000,2026-09-16T16:09:00.000Z,1.2624,1.2669,1.2624,1.2663,209026,
1789575120000,2026-09-16T16:12:00.000Z,1.2663,1.2685,1.2663,1.2679,172617,
1789575300000,2026-09-16T16:15:00.000Z,1.2679,1.2695,1.2658,1.267,84178,
1789575480000,2026-09-16T16:18:00.000Z,1.267,1.2694,1.267,1.2682,267058,
1789575660000,2026-09-16T16:21:00.000Z,1.2682,1.2695,1.2664,1.267,277380,
1789575840000,2026-09-16T16:24:00.000Z,1.267,1.2679,1.2655,1.267,177198,
1789576020000,2026-09-16T16:27:00.000Z,1.267,1.2673,1.2646,1.2669,370910,
1789576200000,2026-09-16T16:30:00.000Z,1.2669,1.2687,1.2653,1.2669,184530,
1789576380000,2026-09-16T16:33:00.000Z,1.2669,1.2673,1.2646,1.2661,78562,
1789576560000,2026-09-16T16:36:00.000Z,1.2661,1.2667,1.2646,1.2665,44704,
1789576740000,2026-09-16T16:39:00.000Z,1.2665,1.2666,1.2634,1.2647,248023,
1789576920000,2026-09-16T16:42:00.000Z,1.2647,1.2647,1.2633,1.2634,79068,
1789577100000,2026-09-16T16:45:00.000Z,1.2634,1.2672,1.2626,1.2672,154717,
1789577280000,2026-09-16T16:48:00.000Z,1.2672,1.2678,1.2652,1.2654,72119,
1789577460000,2026-09-16T16:51:00.000Z,1.2654,1.2683,1.2651,1.2679,175298,
1789577640000,2026-09-16T16:54:00.000Z,1.2679,1.2696,1.2677,1.2686,242876,
1789577820000,2026-09-16T16:57:00.000Z,1.2686,1.2687,1.2674,1.2681,72392,
1789578000000,2026-09-16T17:00:00.000Z,1.2681,1.2681,1.2664,1.2666,63373,
1789578180000,2026-09-16T17:03:00.000Z,1.2666,1.2695,1.2658,1.2666,311970,
1789578360000,2026-09-16T17:06:00.000Z,1.2666,1.2678,1.2646,1.2646,216719,
1789578540000,2026-09-16T17:09:00.000Z,1.2646,1.2658,1.2635,1.2656,808566,
1789578720000,2026-09-16T17:12:00.000Z,1.2656,1.2669,1.2653,1.2655,535825,
1789578900000,2026-09-16T17:15:00.000Z,1.2655,1.267,1.2638,1.2638,488942,
1789579080000,2026-09-16T17:18:00.000Z,1.2638,1.265,1.2632,1.2644,165903,
1789579260000,2026-09-16T17:21:00.000Z,1.2644,1.2644,1.2581,1.2637,2127244,
1789579440000,2026-09-16T17:24:00.000Z,1.2637,1.2652,1.2623,1.2641,203369,
1789579620000,2026-09-16T17:27:00.000Z,1.2641,1.2642,1.2622,1.263,76551,
1789579800000,2026-09-16T17:30:00.000Z,1.263,1.2643,1.262,1.2638,165406,
1789579980000,2026-09-16T17:33:00.000Z,1.2638,1.2649,1.256,1.2591,1165526,
1789580160000,2026-09-16T17:36:00.000Z,1.2591,1.2615,1.2578,1.2587,437560,
1789580340000,2026-09-16T17:39:00.000Z,1.2587,1.2591,1.254,1.2568,1904752,
1789580520000,2026-09-16T17:42:00.000Z,1.2568,1.2568,1.2522,1.2546,2188116,
1789580700000,2026-09-16T17:45:00.000Z,1.2546,1.257,1.2538,1.2562,520460,
1789580880000,2026-09-16T17:48:00.000Z,1.2562,1.2566,1.2503,1.251,1854697,
1789581060000,2026-09-16T17:51:00.000Z,1.251,1.2539,1.2505,1.2532,913715,
1789581240000,2026-09-16T17:54:00.000Z,1.2532,1.256,1.2525,1.256,653456,
1789581420000,2026-09-16T17:57:00.000Z,1.256,1.2679,1.2554,1.2609,3625872,
1789581600000,2026-09-16T18:00:00.000Z,1.2609,1.2691,1.2461,1.2589,8523426,
1789581780000,2026-09-16T18:03:00.000Z,1.2589,1.2856,1.2581,1.282,4634420,
1789581960000,2026-09-16T18:06:00.000Z,1.282,1.2946,1.2805,1.2907,3941881,
1789582140000,2026-09-16T18:09:00.000Z,1.2907,1.2925,1.2764,1.2812,3951265,
1789582320000,2026-09-16T18:12:00.000Z,1.2812,1.2822,1.2696,1.2742,2528738,
1789582500000,2026-09-16T18:15:00.000Z,1.2742,1.2799,1.2728,1.2775,1718934,
1789582680000,2026-09-16T18:18:00.000Z,1.2775,1.2814,1.2749,1.2788,961493,
1789582860000,2026-09-16T18:21:00.000Z,1.2788,1.2834,1.2777,1.2833,711615,
1789583040000,2026-09-16T18:24:00.000Z,1.2833,1.2838,1.2777,1.2813,876891,
1789583220000,2026-09-16T18:27:00.000Z,1.2813,1.287,1.2737,1.2843,1623667,
1789583400000,2026-09-16T18:30:00.000Z,1.2843,1.2865,1.2738,1.2754,850604,
1789583580000,2026-09-16T18:33:00.000Z,1.2754,1.2773,1.2659,1.2676,1613110,
1789583760000,2026-09-16T18:36:00.000Z,1.2676,1.2809,1.2578,1.2768,4658486,
1789583940000,2026-09-16T18:39:00.000Z,1.2768,1.2857,1.2768,1.2855,1728474,
1789584120000,2026-09-16T18:42:00.000Z,1.2855,1.2974,1.2851,1.2894,2142452,
1789584300000,2026-09-16T18:45:00.000Z,1.2894,1.2912,1.2844,1.2854,1293574,
1789584480000,2026-09-16T18:48:00.000Z,1.2854,1.2888,1.2828,1.2828,812325,
1789584660000,2026-09-16T18:51:00.000Z,1.2828,1.2899,1.2791,1.2792,714505,
1789584840000,2026-09-16T18:54:00.000Z,1.2792,1.282,1.2754,1.2782,728733,
1789585020000,2026-09-16T18:57:00.000Z,1.2782,1.2809,1.2749,1.2779,1031178,
1789585200000,2026-09-16T19:00:00.000Z,1.2779,1.2919,1.2775,1.2891,1709018,
1789585380000,2026-09-16T19:03:00.000Z,1.2891,1.2967,1.2874,1.2909,2747738,
1789585560000,2026-09-16T19:06:00.000Z,1.2909,1.2934,1.2873,1.2904,665566,
1789585740000,2026-09-16T19:09:00.000Z,1.2904,1.2908,1.2845,1.2865,726242,
1789585920000,2026-09-16T19:12:00.000Z,1.2865,1.2898,1.2836,1.2894,710960,
1789586100000,2026-09-16T19:15:00.000Z,1.2894,1.2923,1.2863,1.2867,751009,
1789586280000,2026-09-16T19:18:00.000Z,1.2867,1.2902,1.2821,1.2833,861841,
1789586460000,2026-09-16T19:21:00.000Z,1.2833,1.2836,1.279,1.2794,2247089,
1789586640000,2026-09-16T19:24:00.000Z,1.2794,1.2839,1.2743,1.2743,1505470,
1789586820000,2026-09-16T19:27:00.000Z,1.2743,1.2831,1.2741,1.2831,469195,
1789587000000,2026-09-16T19:30:00.000Z,1.2831,1.2887,1.282,1.2881,695139,
1789587180000,2026-09-16T19:33:00.000Z,1.2881,1.2944,1.2858,1.2924,680877,
1789587360000,2026-09-16T19:36:00.000Z,1.2924,1.2924,1.2865,1.2903,816552,
1789587540000,2026-09-16T19:39:00.000Z,1.2903,1.2944,1.2895,1.2929,327402,
1789587720000,2026-09-16T19:42:00.000Z,1.2929,1.2983,1.2912,1.2966,2582466,
1789587900000,2026-09-16T19:45:00.000Z,1.2966,1.3031,1.2958,1.3019,1265658,
1789588080000,2026-09-16T19:48:00.000Z,1.3019,1.3019,1.2979,1.3002,1452335,
1789588260000,2026-09-16T19:51:00.000Z,1.3002,1.3011,1.2986,1.2993,356888,
1789588440000,2026-09-16T19:54:00.000Z,1.2993,1.3004,1.2984,1.2998,446903,
1789588620000,2026-09-16T19:57:00.000Z,1.2998,1.3046,1.2997,1.3003,598655,
1789588800000,2026-09-16T20:00:00.000Z,1.3003,1.306,1.2983,1.3057,655761,
1789588980000,2026-09-16T20:03:00.000Z,1.3057,1.3156,1.3057,1.3152,1305570,
1789589160000,2026-09-16T20:06:00.000Z,1.3152,1.3179,1.309,1.3096,1038583,
1789589340000,2026-09-16T20:09:00.000Z,1.3096,1.3106,1.3078,1.3091,772421,
1789589520000,2026-09-16T20:12:00.000Z,1.3091,1.3114,1.3065,1.3066,789209,
1789589700000,2026-09-16T20:15:00.000Z,1.3066,1.3092,1.3037,1.3092,2140689,
1789589880000,2026-09-16T20:18:00.000Z,1.3092,1.3116,1.3053,1.3113,340959,
1789590060000,2026-09-16T20:21:00.000Z,1.3113,1.3147,1.3111,1.3125,643161,
1789590240000,2026-09-16T20:24:00.000Z,1.3125,1.3131,1.3096,1.3098,242388,
1789590420000,2026-09-16T20:27:00.000Z,1.3098,1.3098,1.3043,1.3081,512851,
1789590600000,2026-09-16T20:30:00.000Z,1.3081,1.3089,1.3032,1.3033,240180,
1789590780000,2026-09-16T20:33:00.000Z,1.3033,1.3082,1.3023,1.3039,491651,
1789590960000,2026-09-16T20:36:00.000Z,1.3039,1.305,1.3011,1.3013,256631,
1789591140000,2026-09-16T20:39:00.000Z,1.3013,1.3013,1.2967,1.2968,682335,
1789591320000,2026-09-16T20:42:00.000Z,1.2968,1.3008,1.2962,1.3003,795499,
1789591500000,2026-09-16T20:45:00.000Z,1.3003,1.303,1.2998,1.3024,358554,
1789591680000,2026-09-16T20:48:00.000Z,1.3024,1.3055,1.3023,1.3025,762233,
1789591860000,2026-09-16T20:51:00.000Z,1.3025,1.3036,1.2995,1.3013,203110,
1789592040000,2026-09-16T20:54:00.000Z,1.3013,1.3025,1.3006,1.3013,226859,
1789592220000,2026-09-16T20:57:00.000Z,1.3013,1.3032,1.3008,1.3021,974331,
1789592400000,2026-09-16T21:00:00.000Z,1.3021,1.3025,1.2992,1.2993,537677,
1789592580000,2026-09-16T21:03:00.000Z,1.2993,1.3014,1.2993,1.3005,134019,
1789592760000,2026-09-16T21:06:00.000Z,1.3005,1.302,1.2988,1.2989,151907,
1789592940000,2026-09-16T21:09:00.000Z,1.2989,1.3003,1.2968,1.297,257766,
1789593120000,2026-09-16T21:12:00.000Z,1.297,1.2971,1.2943,1.2952,1058399,
1789593300000,2026-09-16T21:15:00.000Z,1.2952,1.2959,1.2945,1.295,98827,
1789593480000,2026-09-16T21:18:00.000Z,1.295,1.2953,1.2946,1.2948,59551,
1789593660000,2026-09-16T21:21:00.000Z,1.2948,1.2954,1.2934,1.2942,112205,
1789593840000,2026-09-16T21:24:00.000Z,1.2942,1.2945,1.2921,1.2944,375804,
1789594020000,2026-09-16T21:27:00.000Z,1.2944,1.2952,1.2937,1.2937,111082,
1789594200000,2026-09-16T21:30:00.000Z,1.2937,1.2942,1.2913,1.2913,182116,
1789594380000,2026-09-16T21:33:00.000Z,1.2913,1.2917,1.2909,1.2915,140701,
1789594560000,2026-09-16T21:36:00.000Z,1.2915,1.2919,1.2872,1.2872,362455,
1789594740000,2026-09-16T21:39:00.000Z,1.2872,1.2883,1.2868,1.2877,171807,
1789594920000,2026-09-16T21:42:00.000Z,1.2877,1.2883,1.287,1.2878,71974,
1789595100000,2026-09-16T21:45:00.000Z,1.2878,1.288,1.2868,1.2876,61325,
1789595280000,2026-09-16T21:48:00.000Z,1.2876,1.2887,1.2876,1.2876,39791,
1789595460000,2026-09-16T21:51:00.000Z,1.2876,1.2906,1.2868,1.2906,132747,
1789595640000,2026-09-16T21:54:00.000Z,1.2906,1.2925,1.2893,1.2915,183769,
1789595820000,2026-09-16T21:57:00.000Z,1.2915,1.2949,1.2915,1.292,1276963,
1789596000000,2026-09-16T22:00:00.000Z,1.292,1.2931,1.2801,1.2809,1016588,
1789596180000,2026-09-16T22:03:00.000Z,1.2809,1.2872,1.2803,1.2841,1242078,
1789596360000,2026-09-16T22:06:00.000Z,1.2841,1.2841,1.2795,1.2805,762550,
1789596540000,2026-09-16T22:09:00.000Z,1.2805,1.2857,1.2805,1.2857,162008,
1789596720000,2026-09-16T22:12:00.000Z,1.2857,1.2888,1.2856,1.2882,188041,
1789596900000,2026-09-16T22:15:00.000Z,1.2882,1.2896,1.2853,1.2856,619117,
1789597080000,2026-09-16T22:18:00.000Z,1.2856,1.2857,1.2816,1.2826,978173,
1789597260000,2026-09-16T22:21:00.000Z,1.2826,1.2828,1.2806,1.281,133257,
1789597440000,2026-09-16T22:24:00.000Z,1.281,1.2835,1.2806,1.2828,143030,
1789597620000,2026-09-16T22:27:00.000Z,1.2828,1.2835,1.2821,1.2825,101119,
1789597800000,2026-09-16T22:30:00.000Z,1.2825,1.2825,1.2808,1.2823,231306,
1789597980000,2026-09-16T22:33:00.000Z,1.2823,1.2831,1.2819,1.283,49350,
1789598160000,2026-09-16T22:36:00.000Z,1.283,1.2855,1.2821,1.285,884353,
1789598340000,2026-09-16T22:39:00.000Z,1.285,1.2866,1.285,1.2858,96168,
1789598520000,2026-09-16T22:42:00.000Z,1.2858,1.2877,1.2858,1.2876,217794,
1789598700000,2026-09-16T22:45:00.000Z,1.2876,1.2888,1.2876,1.2879,96646,
1789598880000,2026-09-16T22:48:00.000Z,1.2879,1.2879,1.2859,1.2859,199466,
1789599060000,2026-09-16T22:51:00.000Z,1.2859,1.286,1.2841,1.2851,191364,
1789599240000,2026-09-16T22:54:00.000Z,1.2851,1.2855,1.2847,1.2854,29748,
1789599420000,2026-09-16T22:57:00.000Z,1.2854,1.2861,1.285,1.2858,21879,
1789599600000,2026-09-16T23:00:00.000Z,1.2858,1.2874,1.2842,1.287,22004,
1789599780000,2026-09-16T23:03:00.000Z,1.287,1.2882,1.2867,1.2881,66483,
1789599960000,2026-09-16T23:06:00.000Z,1.2881,1.2881,1.2854,1.2879,60605,
1789600140000,2026-09-16T23:09:00.000Z,1.2879,1.288,1.2866,1.2867,63871,
1789600320000,2026-09-16T23:12:00.000Z,1.2867,1.2875,1.2862,1.2872,50061,
1789600500000,2026-09-16T23:15:00.000Z,1.2872,1.2929,1.2872,1.291,585935,
1789600680000,2026-09-16T23:18:00.000Z,1.291,1.2969,1.291,1.2967,184680,
1789600860000,2026-09-16T23:21:00.000Z,1.2967,1.2977,1.2953,1.2964,737380,
1789601040000,2026-09-16T23:24:00.000Z,1.2964,1.2972,1.2948,1.2968,1330639,
1789601220000,2026-09-16T23:27:00.000Z,1.2968,1.2987,1.2965,1.2973,89455,
1789601400000,2026-09-16T23:30:00.000Z,1.2973,1.2983,1.2947,1.2955,757831,
1789601580000,2026-09-16T23:33:00.000Z,1.2955,1.2969,1.2954,1.2959,253254,
1789601760000,2026-09-16T23:36:00.000Z,1.2959,1.2976,1.2947,1.2965,614819,
1789601940000,2026-09-16T23:39:00.000Z,1.2965,1.3024,1.2963,1.3014,1572685,
1789602120000,2026-09-16T23:42:00.000Z,1.3014,1.3026,1.2994,1.3007,1080918,
1789602300000,2026-09-16T23:45:00.000Z,1.3007,1.3018,1.3,1.3003,287967,
1789602480000,2026-09-16T23:48:00.000Z,1.3003,1.3019,1.2973,1.3015,1476759,
1789602660000,2026-09-16T23:51:00.000Z,1.3015,1.3023,1.3008,1.3011,71875,
1789602840000,2026-09-16T23:54:00.000Z,1.3011,1.302,1.2983,1.2991,640053,
1789603020000,2026-09-16T23:57:00.000Z,1.2991,1.2996,1.2984,1.299,73473,
1789603200000,2026-09-17T00:00:00.000Z,1.299,1.299,1.2978,1.2983,169361,
1789603380000,2026-09-17T00:03:00.000Z,1.2983,1.2988,1.2958,1.2963,373130,
1789603560000,2026-09-17T00:06:00.000Z,1.2963,1.2986,1.2963,1.2984,103698,
1789603740000,2026-09-17T00:09:00.000Z,1.2984,1.3019,1.2982,1.3015,265170,
1789603920000,2026-09-17T00:12:00.000Z,1.3015,1.3019,1.2985,1.2991,131458,
1789604100000,2026-09-17T00:15:00.000Z,1.2991,1.3012,1.2984,1.3001,83234,
1789604280000,2026-09-17T00:18:00.000Z,1.3001,1.3022,1.2991,1.3007,107232,
1789604460000,2026-09-17T00:21:00.000Z,1.3007,1.3027,1.2996,1.3002,104922,
1789604640000,2026-09-17T00:24:00.000Z,1.3002,1.3006,1.2982,1.2989,312888,
1789604820000,2026-09-17T00:27:00.000Z,1.2989,1.2994,1.296,1.2962,307321,
1789605000000,2026-09-17T00:30:00.000Z,1.2962,1.2991,1.2953,1.2987,683442,
1789605180000,2026-09-17T00:33:00.000Z,1.2987,1.3005,1.2982,1.3002,209983,
1789605360000,2026-09-17T00:36:00.000Z,1.3002,1.3007,1.2951,1.2962,715881,
1789605540000,2026-09-17T00:39:00.000Z,1.2962,1.2982,1.2957,1.2973,458551,
1789605720000,2026-09-17T00:42:00.000Z,1.2973,1.2988,1.2961,1.2975,334536,
1789605900000,2026-09-17T00:45:00.000Z,1.2975,1.298,1.2952,1.2958,56821,
1789606080000,2026-09-17T00:48:00.000Z,1.2958,1.298,1.2958,1.2965,106692,
1789606260000,2026-09-17T00:51:00.000Z,1.2965,1.2971,1.2951,1.2956,52409,
1789606440000,2026-09-17T00:54:00.000Z,1.2956,1.2956,1.2941,1.295,166380,
1789606620000,2026-09-17T00:57:00.000Z,1.295,1.295,1.2941,1.2943,53115,
1789606800000,2026-09-17T01:00:00.000Z,1.2943,1.2947,1.2904,1.2907,388832,
1789606980000,2026-09-17T01:03:00.000Z,1.2907,1.2917,1.2905,1.291,73820,
1789607160000,2026-09-17T01:06:00.000Z,1.291,1.2954,1.291,1.2937,170680,
1789607340000,2026-09-17T01:09:00.000Z,1.2937,1.2939,1.2908,1.2921,53580,
1789607520000,2026-09-17T01:12:00.000Z,1.2921,1.2942,1.2914,1.2942,147060,
1789607700000,2026-09-17T01:15:00.000Z,1.2942,1.2946,1.2923,1.2935,74528,
1789607880000,2026-09-17T01:18:00.000Z,1.2935,1.2975,1.2935,1.2971,366319,
1789608060000,2026-09-17T01:21:00.000Z,1.2971,1.2974,1.2949,1.2964,396460,
1789608240000,2026-09-17T01:24:00.000Z,1.2964,1.3043,1.2962,1.2996,1189131,
1789608420000,2026-09-17T01:27:00.000Z,1.2996,1.3049,1.2994,1.3038,898329,
1789608600000,2026-09-17T01:30:00.000Z,1.3038,1.3091,1.3032,1.3087,834993,
1789608780000,2026-09-17T01:33:00.000Z,1.3087,1.3099,1.3039,1.3045,797151,
1789608960000,2026-09-17T01:36:00.000Z,1.3045,1.3089,1.3045,1.3056,271831,
1789609140000,2026-09-17T01:39:00.000Z,1.3056,1.3057,1.2994,1.2999,999843,
1789609320000,2026-09-17T01:42:00.000Z,1.2999,1.3044,1.2998,1.3037,491557,
1789609500000,2026-09-17T01:45:00.000Z,1.3037,1.3037,1.3016,1.302,349623,
1789609680000,2026-09-17T01:48:00.000Z,1.302,1.3033,1.3017,1.3027,65349,
1789609860000,2026-09-17T01:51:00.000Z,1.3027,1.3043,1.3,1.3002,796409,
1789610040000,2026-09-17T01:54:00.000Z,1.3002,1.302,1.2995,1.3007,568362,
1789610220000,2026-09-17T01:57:00.000Z,1.3007,1.3013,1.2994,1.2996,58642,
1789610400000,2026-09-17T02:00:00.000Z,1.2996,1.3002,1.2988,1.2998,719106,
1789610580000,2026-09-17T02:03:00.000Z,1.2998,1.3015,1.2991,1.2991,68596,
1789610760000,2026-09-17T02:06:00.000Z,1.2991,1.2992,1.2948,1.2962,510116,
1789610940000,2026-09-17T02:09:00.000Z,1.2962,1.2962,1.2937,1.2949,286554,
1789611120000,2026-09-17T02:12:00.000Z,1.2949,1.2967,1.2933,1.2967,121783,
1789611300000,2026-09-17T02:15:00.000Z,1.2967,1.2968,1.2943,1.2959,162744,
1789611480000,2026-09-17T02:18:00.000Z,1.2959,1.2959,1.2924,1.2941,497143,
1789611660000,2026-09-17T02:21:00.000Z,1.2941,1.2952,1.2935,1.2939,50255,
1789611840000,2026-09-17T02:24:00.000Z,1.2939,1.2994,1.2939,1.2991,181682,
1789612020000,2026-09-17T02:27:00.000Z,1.2991,1.3002,1.2974,1.2974,424602,
1789612200000,2026-09-17T02:30:00.000Z,1.2974,1.2984,1.2963,1.2966,51457,
1789612380000,2026-09-17T02:33:00.000Z,1.2966,1.2995,1.2959,1.2991,540920,
1789612560000,2026-09-17T02:36:00.000Z,1.2991,1.3044,1.2991,1.3034,341839,
1789612740000,2026-09-17T02:39:00.000Z,1.3034,1.3048,1.3006,1.3029,1495264,
1789612920000,2026-09-17T02:42:00.000Z,1.3029,1.305,1.3026,1.303,146728,
1789613100000,2026-09-17T02:45:00.000Z,1.303,1.3034,1.2995,1.2997,201619,
1789613280000,2026-09-17T02:48:00.000Z,1.2997,1.3027,1.2988,1.3022,410671,
1789613460000,2026-09-17T02:51:00.000Z,1.3022,1.3033,1.2994,1.2996,401476,
1789613640000,2026-09-17T02:54:00.000Z,1.2996,1.3008,1.2987,1.3,100780,
1789613820000,2026-09-17T02:57:00.000Z,1.3,1.3,1.2991,1.2993,43828,
1789614000000,2026-09-17T03:00:00.000Z,1.2993,1.3008,1.2989,1.3003,100271,
1789614180000,2026-09-17T03:03:00.000Z,1.3003,1.3034,1.3002,1.3033,99627,
1789614360000,2026-09-17T03:06:00.000Z,1.3033,1.3041,1.3019,1.3019,75791,
1789614540000,2026-09-17T03:09:00.000Z,1.3019,1.3021,1.3007,1.3007,57046,
1789614720000,2026-09-17T03:12:00.000Z,1.3007,1.3014,1.3007,1.3012,124251,
1789614900000,2026-09-17T03:15:00.000Z,1.3012,1.3021,1.3009,1.302,21460,
1789615080000,2026-09-17T03:18:00.000Z,1.302,1.302,1.3007,1.3009,47139,
1789615260000,2026-09-17T03:21:00.000Z,1.3009,1.302,1.3009,1.302,26507,
1789615440000,2026-09-17T03:24:00.000Z,1.302,1.3038,1.3017,1.303,54963,
1789615620000,2026-09-17T03:27:00.000Z,1.303,1.3038,1.3027,1.3037,37871,
1789615800000,2026-09-17T03:30:00.000Z,1.3037,1.3069,1.3034,1.3065,695396,
1789615980000,2026-09-17T03:33:00.000Z,1.3065,1.307,1.3048,1.3049,749360,
1789616160000,2026-09-17T03:36:00.000Z,1.3049,1.3057,1.3027,1.3027,763491,
1789616340000,2026-09-17T03:39:00.000Z,1.3027,1.3038,1.3026,1.3026,75467,
1789616520000,2026-09-17T03:42:00.000Z,1.3026,1.3027,1.3018,1.3023,51801,
1789616700000,2026-09-17T03:45:00.000Z,1.3023,1.3028,1.3001,1.3018,1367333,
1789616880000,2026-09-17T03:48:00.000Z,1.3018,1.3023,1.3016,1.3021,80505,
1789617060000,2026-09-17T03:51:00.000Z,1.3021,1.3038,1.3001,1.3003,443230,
1789617240000,2026-09-17T03:54:00.000Z,1.3003,1.3027,1.3003,1.3022,180919,
1789617420000,2026-09-17T03:57:00.000Z,1.3022,1.3038,1.3018,1.3024,178951,
1789617600000,2026-09-17T04:00:00.000Z,1.3024,1.3029,1.3002,1.3008,142234,
1789617780000,2026-09-17T04:03:00.000Z,1.3008,1.3009,1.2996,1.3,118542,
1789617960000,2026-09-17T04:06:00.000Z,1.3,1.3,1.2986,1.299,41570,
1789618140000,2026-09-17T04:09:00.000Z,1.299,1.2997,1.2987,1.2989,300694,
1789618320000,2026-09-17T04:12:00.000Z,1.2989,1.2993,1.2978,1.2986,471122,
1789618500000,2026-09-17T04:15:00.000Z,1.2986,1.2987,1.2972,1.2976,104643,
1789618680000,2026-09-17T04:18:00.000Z,1.2976,1.2977,1.2963,1.2966,59446,
1789618860000,2026-09-17T04:21:00.000Z,1.2966,1.2966,1.2945,1.2945,121014,
1789619040000,2026-09-17T04:24:00.000Z,1.2945,1.2955,1.2934,1.2938,385426,
1789619220000,2026-09-17T04:27:00.000Z,1.2938,1.2957,1.2936,1.2938,201668,
1789619400000,2026-09-17T04:30:00.000Z,1.2938,1.2943,1.2927,1.2942,139983,
1789619580000,2026-09-17T04:33:00.000Z,1.2942,1.2962,1.2934,1.296,253550,
1789619760000,2026-09-17T04:36:00.000Z,1.296,1.2972,1.2953,1.2972,82635,
1789619940000,2026-09-17T04:39:00.000Z,1.2972,1.2988,1.2963,1.2965,279200,
1789620120000,2026-09-17T04:42:00.000Z,1.2965,1.2971,1.2956,1.2965,72764,
1789620300000,2026-09-17T04:45:00.000Z,1.2965,1.2966,1.2958,1.2966,10746,
1789620480000,2026-09-17T04:48:00.000Z,1.2966,1.2998,1.2966,1.2997,378622,
1789620660000,2026-09-17T04:51:00.000Z,1.2997,1.3,1.2982,1.2982,253154,
1789620840000,2026-09-17T04:54:00.000Z,1.2982,1.2987,1.2959,1.2979,98380,
1789621020000,2026-09-17T04:57:00.000Z,1.2979,1.3002,1.2979,1.2995,87896,
1789621200000,2026-09-17T05:00:00.000Z,1.2995,1.3018,1.2991,1.3,230923,
1789621380000,2026-09-17T05:03:00.000Z,1.3,1.3006,1.2979,1.298,158834,
1789621560000,2026-09-17T05:06:00.000Z,1.298,1.2986,1.2968,1.2976,63889,
1789621740000,2026-09-17T05:09:00.000Z,1.2976,1.298,1.2955,1.2957,97802,
1789621920000,2026-09-17T05:12:00.000Z,1.2957,1.297,1.2957,1.2963,14431,
1789622100000,2026-09-17T05:15:00.000Z,1.2963,1.2965,1.2952,1.2954,46332,
1789622280000,2026-09-17T05:18:00.000Z,1.2954,1.2972,1.2949,1.2968,415153,
1789622460000,2026-09-17T05:21:00.000Z,1.2968,1.2982,1.2967,1.2981,39068,
1789622640000,2026-09-17T05:24:00.000Z,1.2981,1.3007,1.2971,1.2972,456577,
1789622820000,2026-09-17T05:27:00.000Z,1.2972,1.2981,1.2972,1.2978,13755,
1789623000000,2026-09-17T05:30:00.000Z,1.2978,1.2978,1.2949,1.2949,83710,
1789623180000,2026-09-17T05:33:00.000Z,1.2949,1.2982,1.2948,1.2974,618313,
1789623360000,2026-09-17T05:36:00.000Z,1.2974,1.2974,1.2957,1.2963,27588,
1789623540000,2026-09-17T05:39:00.000Z,1.2963,1.2963,1.2941,1.2941,121070,
1789623720000,2026-09-17T05:42:00.000Z,1.2941,1.2951,1.2941,1.2949,115607,
1789623900000,2026-09-17T05:45:00.000Z,1.2949,1.296,1.2949,1.2959,51643,
1789624080000,2026-09-17T05:48:00.000Z,1.2959,1.2962,1.2954,1.2955,12571,
1789624260000,2026-09-17T05:51:00.000Z,1.2955,1.2973,1.2955,1.2957,155516,
1789624440000,2026-09-17T05:54:00.000Z,1.2957,1.296,1.2944,1.2944,68399,
1789624620000,2026-09-17T05:57:00.000Z,1.2944,1.2958,1.2936,1.2952,287185,
1789624800000,2026-09-17T06:00:00.000Z,1.2952,1.296,1.2948,1.2957,61335,
1789624980000,2026-09-17T06:03:00.000Z,1.2957,1.2977,1.2957,1.2977,103862,
1789625160000,2026-09-17T06:06:00.000Z,1.2977,1.2982,1.2944,1.2956,357760,
1789625340000,2026-09-17T06:09:00.000Z,1.2956,1.297,1.2951,1.297,19705,
1789625520000,2026-09-17T06:12:00.000Z,1.297,1.2974,1.296,1.2962,35813,
1789625700000,2026-09-17T06:15:00.000Z,1.2962,1.2962,1.2945,1.2946,142177,
1789625880000,2026-09-17T06:18:00.000Z,1.2946,1.2955,1.2939,1.2939,59291,
1789626060000,2026-09-17T06:21:00.000Z,1.2939,1.2948,1.2936,1.2939,189810,
1789626240000,2026-09-17T06:24:00.000Z,1.2939,1.2941,1.2934,1.2941,67130,
1789626420000,2026-09-17T06:27:00.000Z,1.2941,1.2966,1.2937,1.2966,10391,
1789626600000,2026-09-17T06:30:00.000Z,1.2966,1.2989,1.2966,1.2975,77667,
1789626780000,2026-09-17T06:33:00.000Z,1.2975,1.2996,1.2975,1.2996,37511,
1789626960000,2026-09-17T06:36:00.000Z,1.2996,1.3004,1.2992,1.2996,89638,
1789627140000,2026-09-17T06:39:00.000Z,1.2996,1.301,1.2986,1.3009,105107,
1789627320000,2026-09-17T06:42:00.000Z,1.3009,1.3021,1.2999,1.3013,572684,
1789627500000,2026-09-17T06:45:00.000Z,1.3013,1.3029,1.3011,1.3025,195247,
1789627680000,2026-09-17T06:48:00.000Z,1.3025,1.3031,1.3011,1.3011,185288,
1789627860000,2026-09-17T06:51:00.000Z,1.3011,1.3017,1.3007,1.3013,97299,
1789628040000,2026-09-17T06:54:00.000Z,1.3013,1.3013,1.2999,1.3006,72824,
1789628220000,2026-09-17T06:57:00.000Z,1.3006,1.3007,1.2999,1.3006,122876,
1789628400000,2026-09-17T07:00:00.000Z,1.3006,1.3022,1.3001,1.3017,139492,
1789628580000,2026-09-17T07:03:00.000Z,1.3017,1.3034,1.3,1.303,137425,
1789628760000,2026-09-17T07:06:00.000Z,1.303,1.3058,1.3028,1.3043,268725,
1789628940000,2026-09-17T07:09:00.000Z,1.3043,1.3061,1.3036,1.3044,321385,
1789629120000,2026-09-17T07:12:00.000Z,1.3044,1.3058,1.3018,1.3031,476705,
1789629300000,2026-09-17T07:15:00.000Z,1.3031,1.3049,1.3018,1.3046,82157,
1789629480000,2026-09-17T07:18:00.000Z,1.3046,1.3052,1.3011,1.303,569381,
1789629660000,2026-09-17T07:21:00.000Z,1.303,1.3041,1.3024,1.3032,701576,
1789629840000,2026-09-17T07:24:00.000Z,1.3032,1.3041,1.3016,1.3022,395946,
1789630020000,2026-09-17T07:27:00.000Z,1.3022,1.3041,1.3022,1.3032,101015,
1789630200000,2026-09-17T07:30:00.000Z,1.3032,1.3036,1.302,1.3023,33040,
1789630380000,2026-09-17T07:33:00.000Z,1.3023,1.3045,1.3019,1.302,368196,
1789630560000,2026-09-17T07:36:00.000Z,1.302,1.3035,1.3018,1.3034,253104,
1789630740000,2026-09-17T07:39:00.000Z,1.3034,1.3035,1.3009,1.3024,309650,
1789630920000,2026-09-17T07:42:00.000Z,1.3024,1.3024,1.3003,1.3004,105745,
1789631100000,2026-09-17T07:45:00.000Z,1.3004,1.3025,1.2996,1.3017,409955,
1789631280000,2026-09-17T07:48:00.000Z,1.3017,1.3022,1.3005,1.3006,103873,
1789631460000,2026-09-17T07:51:00.000Z,1.3006,1.3017,1.3005,1.3005,76058,
1789631640000,2026-09-17T07:54:00.000Z,1.3005,1.3007,1.2996,1.2998,69166,
1789631820000,2026-09-17T07:57:00.000Z,1.2998,1.3016,1.2998,1.3015,48509,
1789632000000,2026-09-17T08:00:00.000Z,1.3015,1.3016,1.3008,1.3012,31620,
1789632180000,2026-09-17T08:03:00.000Z,1.3012,1.3029,1.3012,1.3016,88036,
1789632360000,2026-09-17T08:06:00.000Z,1.3016,1.302,1.3014,1.3016,36342,
1789632540000,2026-09-17T08:09:00.000Z,1.3016,1.3016,1.2997,1.3011,85608,
1789632720000,2026-09-17T08:12:00.000Z,1.3011,1.3012,1.2979,1.2984,377933,
1789632900000,2026-09-17T08:15:00.000Z,1.2984,1.3015,1.298,1.2998,119296,
1789633080000,2026-09-17T08:18:00.000Z,1.2998,1.302,1.2995,1.3017,360205,
1789633260000,2026-09-17T08:21:00.000Z,1.3017,1.3019,1.3006,1.3019,166387,
1789633440000,2026-09-17T08:24:00.000Z,1.3019,1.3019,1.2987,1.2996,307865,
1789633620000,2026-09-17T08:27:00.000Z,1.2996,1.2997,1.299,1.2992,78905,
1789633800000,2026-09-17T08:30:00.000Z,1.2992,1.3016,1.2986,1.3007,434092,
1789633980000,2026-09-17T08:33:00.000Z,1.3007,1.3018,1.3007,1.3008,15442,
1789634160000,2026-09-17T08:36:00.000Z,1.3008,1.3032,1.3008,1.303,106165,
1789634340000,2026-09-17T08:39:00.000Z,1.303,1.3031,1.3004,1.3006,333393,
1789634520000,2026-09-17T08:42:00.000Z,1.3006,1.3028,1.3006,1.3026,55488,
1789634700000,2026-09-17T08:45:00.000Z,1.3026,1.3031,1.3023,1.3028,127636,
1789634880000,2026-09-17T08:48:00.000Z,1.3028,1.3029,1.3014,1.3017,59639,
1789635060000,2026-09-17T08:51:00.000Z,1.3017,1.303,1.3017,1.3026,61255,
1789635240000,2026-09-17T08:54:00.000Z,1.3026,1.3037,1.3025,1.3034,121458,
1789635420000,2026-09-17T08:57:00.000Z,1.3034,1.3036,1.303,1.3033,72413,
1789635600000,2026-09-17T09:00:00.000Z,1.3033,1.3054,1.3032,1.3043,138733,
1789635780000,2026-09-17T09:03:00.000Z,1.3043,1.3059,1.3037,1.3059,145175,
1789635960000,2026-09-17T09:06:00.000Z,1.3059,1.3069,1.305,1.3056,171665,
1789636140000,2026-09-17T09:09:00.000Z,1.3056,1.3069,1.305,1.3069,58702,
1789636320000,2026-09-17T09:12:00.000Z,1.3069,1.307,1.3052,1.3056,144508,
1789636500000,2026-09-17T09:15:00.000Z,1.3056,1.3073,1.3054,1.3073,160058,
1789636680000,2026-09-17T09:18:00.000Z,1.3073,1.3086,1.3065,1.3071,471322,
1789636860000,2026-09-17T09:21:00.000Z,1.3071,1.3083,1.3062,1.3073,275361,
1789637040000,2026-09-17T09:24:00.000Z,1.3073,1.3082,1.3061,1.3065,197848,
1789637220000,2026-09-17T09:27:00.000Z,1.3065,1.3078,1.3053,1.3057,309209,
1789637400000,2026-09-17T09:30:00.000Z,1.3057,1.306,1.3033,1.3033,399144,
1789637580000,2026-09-17T09:33:00.000Z,1.3033,1.3066,1.3033,1.3054,170217,
1789637760000,2026-09-17T09:36:00.000Z,1.3054,1.3063,1.3034,1.3035,211408,
1789637940000,2026-09-17T09:39:00.000Z,1.3035,1.3046,1.3029,1.3046,524241,
1789638120000,2026-09-17T09:42:00.000Z,1.3046,1.3046,1.303,1.303,89376,
1789638300000,2026-09-17T09:45:00.000Z,1.303,1.3053,1.3023,1.3024,294014,
1789638480000,2026-09-17T09:48:00.000Z,1.3024,1.3026,1.3007,1.3017,580806,
1789638660000,2026-09-17T09:51:00.000Z,1.3017,1.3019,1.2985,1.2992,868687,
1789638840000,2026-09-17T09:54:00.000Z,1.2992,1.3002,1.2987,1.2987,170809,
1789639020000,2026-09-17T09:57:00.000Z,1.2987,1.3006,1.2983,1.299,353620,
1789639200000,2026-09-17T10:00:00.000Z,1.299,1.2997,1.2943,1.2949,556953,
1789639380000,2026-09-17T10:03:00.000Z,1.2949,1.2949,1.2914,1.2942,707977,
1789639560000,2026-09-17T10:06:00.000Z,1.2942,1.2958,1.2926,1.2949,470981,
1789639740000,2026-09-17T10:09:00.000Z,1.2949,1.2955,1.2933,1.2952,121249,
1789639920000,2026-09-17T10:12:00.000Z,1.2952,1.2953,1.2941,1.2941,45333,
1789640100000,2026-09-17T10:15:00.000Z,1.2941,1.2943,1.2931,1.294,110412,
1789640280000,2026-09-17T10:18:00.000Z,1.294,1.2949,1.2928,1.2942,257476,
1789640460000,2026-09-17T10:21:00.000Z,1.2942,1.2951,1.2938,1.295,41114,
1789640640000,2026-09-17T10:24:00.000Z,1.295,1.2957,1.2936,1.2946,244996,
1789640820000,2026-09-17T10:27:00.000Z,1.2946,1.295,1.294,1.294,78286,
1789641000000,2026-09-17T10:30:00.000Z,1.294,1.2956,1.2939,1.294,308624,
1789641180000,2026-09-17T10:33:00.000Z,1.294,1.2951,1.2933,1.2951,119334,
1789641360000,2026-09-17T10:36:00.000Z,1.2951,1.2959,1.2951,1.2953,97942,
1789641540000,2026-09-17T10:39:00.000Z,1.2953,1.2955,1.2935,1.2938,347485,
1789641720000,2026-09-17T10:42:00.000Z,1.2938,1.2942,1.2932,1.2933,58571,
1789641900000,2026-09-17T10:45:00.000Z,1.2933,1.2937,1.2927,1.2931,52127,
1789642080000,2026-09-17T10:48:00.000Z,1.2931,1.2935,1.2915,1.293,275514,
1789642260000,2026-09-17T10:51:00.000Z,1.293,1.2941,1.2927,1.294,114007,
1789642440000,2026-09-17T10:54:00.000Z,1.294,1.2941,1.2934,1.2941,16169,
1789642620000,2026-09-17T10:57:00.000Z,1.2941,1.2954,1.2941,1.2952,161863,
1789642800000,2026-09-17T11:00:00.000Z,1.2952,1.2975,1.2949,1.2964,160369,
1789642980000,2026-09-17T11:03:00.000Z,1.2964,1.2977,1.2964,1.297,67375,
1789643160000,2026-09-17T11:06:00.000Z,1.297,1.2971,1.2953,1.2964,163163,
1789643340000,2026-09-17T11:09:00.000Z,1.2964,1.2974,1.296,1.2961,66250,
1789643520000,2026-09-17T11:12:00.000Z,1.2961,1.2979,1.2961,1.2979,39943,
1789643700000,2026-09-17T11:15:00.000Z,1.2979,1.2982,1.2953,1.2959,204920,
1789643880000,2026-09-17T11:18:00.000Z,1.2959,1.2971,1.2956,1.2966,8752,
1789644060000,2026-09-17T11:21:00.000Z,1.2966,1.2969,1.2957,1.2965,47099,
1789644240000,2026-09-17T11:24:00.000Z,1.2965,1.2971,1.2954,1.297,54944,
1789644420000,2026-09-17T11:27:00.000Z,1.297,1.2975,1.2961,1.2965,216933,
1789644600000,2026-09-17T11:30:00.000Z,1.2965,1.2965,1.295,1.2952,60993,
1789644780000,2026-09-17T11:33:00.000Z,1.2952,1.2952,1.2934,1.2936,214823,
1789644960000,2026-09-17T11:36:00.000Z,1.2936,1.2943,1.2935,1.294,206845,
1789645140000,2026-09-17T11:39:00.000Z,1.294,1.294,1.2917,1.2917,258653,
1789645320000,2026-09-17T11:42:00.000Z,1.2917,1.2929,1.2911,1.2913,138470,
1789645500000,2026-09-17T11:45:00.000Z,1.2913,1.2931,1.2913,1.2931,36228,
1789645680000,2026-09-17T11:48:00.000Z,1.2931,1.2937,1.2921,1.2926,86836,
1789645860000,2026-09-17T11:51:00.000Z,1.2926,1.2947,1.2926,1.2939,219421,
1789646040000,2026-09-17T11:54:00.000Z,1.2939,1.2947,1.2939,1.2947,29110,
1789646220000,2026-09-17T11:57:00.000Z,1.2947,1.2995,1.2947,1.299,323468,
1789646400000,2026-09-17T12:00:00.000Z,1.299,1.3024,1.298,1.3002,385857,
1789646580000,2026-09-17T12:03:00.000Z,1.3002,1.3012,1.2981,1.3011,211819,
1789646760000,2026-09-17T12:06:00.000Z,1.3011,1.3025,1.2989,1.3012,427728,
1789646940000,2026-09-17T12:09:00.000Z,1.3012,1.3044,1.3001,1.3035,388751,
1789647120000,2026-09-17T12:12:00.000Z,1.3035,1.3074,1.3026,1.307,393698,
1789647300000,2026-09-17T12:15:00.000Z,1.307,1.3096,1.3058,1.3089,521818,
1789647480000,2026-09-17T12:18:00.000Z,1.3089,1.3108,1.3074,1.3085,1523784,
1789647660000,2026-09-17T12:21:00.000Z,1.3085,1.3107,1.3083,1.3099,434440,
1789647840000,2026-09-17T12:24:00.000Z,1.3099,1.3124,1.3091,1.3116,269523,
1789648020000,2026-09-17T12:27:00.000Z,1.3116,1.3123,1.3105,1.3116,109870,
1789648200000,2026-09-17T12:30:00.000Z,1.3116,1.3146,1.3091,1.3092,1158209,
1789648380000,2026-09-17T12:33:00.000Z,1.3092,1.3129,1.3075,1.3103,527342,
1789648560000,2026-09-17T12:36:00.000Z,1.3103,1.3113,1.3094,1.3098,160829,
1789648740000,2026-09-17T12:39:00.000Z,1.3098,1.3104,1.3079,1.3081,491969,
1789648920000,2026-09-17T12:42:00.000Z,1.3081,1.3089,1.3065,1.3065,462804,
1789649100000,2026-09-17T12:45:00.000Z,1.3065,1.3075,1.3045,1.3053,298676,
1789649280000,2026-09-17T12:48:00.000Z,1.3053,1.306,1.3036,1.306,465976,
1789649460000,2026-09-17T12:51:00.000Z,1.306,1.307,1.3047,1.3048,275507,
1789649640000,2026-09-17T12:54:00.000Z,1.3048,1.3059,1.3035,1.3051,266665,
1789649820000,2026-09-17T12:57:00.000Z,1.3051,1.3063,1.3037,1.3043,240191,
1789650000000,2026-09-17T13:00:00.000Z,1.3043,1.3086,1.3042,1.3066,460606,
1789650180000,2026-09-17T13:03:00.000Z,1.3066,1.3084,1.306,1.3065,254896,
1789650360000,2026-09-17T13:06:00.000Z,1.3065,1.3065,1.3034,1.3035,172924,
1789650540000,2026-09-17T13:09:00.000Z,1.3035,1.3041,1.3006,1.304,597373,
1789650720000,2026-09-17T13:12:00.000Z,1.304,1.3045,1.3016,1.3023,172045,
1789650900000,2026-09-17T13:15:00.000Z,1.3023,1.3044,1.301,1.3031,317405,
1789651080000,2026-09-17T13:18:00.000Z,1.3031,1.3036,1.3017,1.3033,173659,
1789651260000,2026-09-17T13:21:00.000Z,1.3033,1.3041,1.3006,1.3008,275844,
1789651440000,2026-09-17T13:24:00.000Z,1.3008,1.3024,1.3006,1.3019,177709,
1789651620000,2026-09-17T13:27:00.000Z,1.3019,1.3023,1.3004,1.3014,320965,
1789651800000,2026-09-17T13:30:00.000Z,1.3014,1.302,1.2964,1.2972,930200,
1789651980000,2026-09-17T13:33:00.000Z,1.2972,1.2981,1.2933,1.2939,918730,
1789652160000,2026-09-17T13:36:00.000Z,1.2939,1.2961,1.2886,1.2895,1579351,
1789652340000,2026-09-17T13:39:00.000Z,1.2895,1.2931,1.2894,1.2922,558902,
1789652520000,2026-09-17T13:42:00.000Z,1.2922,1.2942,1.2915,1.2939,288188,
1789652700000,2026-09-17T13:45:00.000Z,1.2939,1.2979,1.2906,1.2976,422015,
1789652880000,2026-09-17T13:48:00.000Z,1.2976,1.3002,1.2969,1.2995,684563,
1789653060000,2026-09-17T13:51:00.000Z,1.2995,1.3031,1.2968,1.3017,319038,
1789653240000,2026-09-17T13:54:00.000Z,1.3017,1.3023,1.2993,1.3012,405330,
1789653420000,2026-09-17T13:57:00.000Z,1.3012,1.3032,1.2995,1.303,242681,
1789653600000,2026-09-17T14:00:00.000Z,1.303,1.3048,1.299,1.2994,890917,
1789653780000,2026-09-17T14:03:00.000Z,1.2994,1.3008,1.2958,1.2981,518809,
1789653960000,2026-09-17T14:06:00.000Z,1.2981,1.3014,1.2978,1.3014,404565,
1789654140000,2026-09-17T14:09:00.000Z,1.3014,1.307,1.3009,1.3068,745265,
1789654320000,2026-09-17T14:12:00.000Z,1.3068,1.3096,1.3057,1.3094,602767,
1789654500000,2026-09-17T14:15:00.000Z,1.3094,1.3096,1.3051,1.3051,258420,
1789654680000,2026-09-17T14:18:00.000Z,1.3051,1.307,1.3041,1.3063,424385,
1789654860000,2026-09-17T14:21:00.000Z,1.3063,1.3126,1.3063,1.3126,1052877,
1789655040000,2026-09-17T14:24:00.000Z,1.3126,1.3186,1.3123,1.316,1057477,
1789655220000,2026-09-17T14:27:00.000Z,1.316,1.3197,1.315,1.3153,1653289,
1789655400000,2026-09-17T14:30:00.000Z,1.3153,1.3171,1.3101,1.312,770691,
1789655580000,2026-09-17T14:33:00.000Z,1.312,1.3138,1.3119,1.3125,308879,
1789655760000,2026-09-17T14:36:00.000Z,1.3125,1.3131,1.3097,1.3118,371992,
1789655940000,2026-09-17T14:39:00.000Z,1.3118,1.3119,1.3087,1.3088,197099,
1789656120000,2026-09-17T14:42:00.000Z,1.3088,1.3088,1.3059,1.3064,330242,
1789656300000,2026-09-17T14:45:00.000Z,1.3064,1.3091,1.3041,1.3046,292737,
1789656480000,2026-09-17T14:48:00.000Z,1.3046,1.3072,1.3027,1.3036,574301,
1789656660000,2026-09-17T14:51:00.000Z,1.3036,1.3044,1.3031,1.3039,171663,
1789656840000,2026-09-17T14:54:00.000Z,1.3039,1.3043,1.3008,1.3016,298603,
1789657020000,2026-09-17T14:57:00.000Z,1.3016,1.3019,1.2996,1.2996,394995,
1789657200000,2026-09-17T15:00:00.000Z,1.2996,1.3008,1.2955,1.2973,1116830,
1789657380000,2026-09-17T15:03:00.000Z,1.2973,1.2994,1.2945,1.2951,533208,
1789657560000,2026-09-17T15:06:00.000Z,1.2951,1.298,1.2948,1.2979,962189,
1789657740000,2026-09-17T15:09:00.000Z,1.2979,1.2979,1.2949,1.2962,173423,
1789657920000,2026-09-17T15:12:00.000Z,1.2962,1.2966,1.2942,1.2956,201365,
1789658100000,2026-09-17T15:15:00.000Z,1.2956,1.2976,1.2938,1.2976,427486,
1789658280000,2026-09-17T15:18:00.000Z,1.2976,1.2999,1.297,1.2971,406711,
1789658460000,2026-09-17T15:21:00.000Z,1.2971,1.2992,1.2971,1.2977,241941,
1789658640000,2026-09-17T15:24:00.000Z,1.2977,1.2996,1.2973,1.2974,191527,
1789658820000,2026-09-17T15:27:00.000Z,1.2974,1.3004,1.2974,1.3001,218267,
1789659000000,2026-09-17T15:30:00.000Z,1.3001,1.3016,1.2994,1.3009,423550,
1789659180000,2026-09-17T15:33:00.000Z,1.3009,1.3038,1.3006,1.3034,260083,
1789659360000,2026-09-17T15:36:00.000Z,1.3034,1.3057,1.3034,1.3046,273274,
1789659540000,2026-09-17T15:39:00.000Z,1.3046,1.3094,1.3045,1.3091,334661,
1789659720000,2026-09-17T15:42:00.000Z,1.3091,1.3098,1.3066,1.3068,296302,
1789659900000,2026-09-17T15:45:00.000Z,1.3068,1.3068,1.3044,1.3053,213975,
1789660080000,2026-09-17T15:48:00.000Z,1.3053,1.306,1.304,1.305,207879,
1789660260000,2026-09-17T15:51:00.000Z,1.305,1.3092,1.305,1.3077,122413,
1789660440000,2026-09-17T15:54:00.000Z,1.3077,1.3083,1.3053,1.3059,133037,
1789660620000,2026-09-17T15:57:00.000Z,1.3059,1.3072,1.3059,1.3072,89786,
1789660800000,2026-09-17T16:00:00.000Z,1.3072,1.3077,1.3061,1.3076,71272,
1789660980000,2026-09-17T16:03:00.000Z,1.3076,1.3084,1.306,1.306,125313,
1789661160000,2026-09-17T16:06:00.000Z,1.306,1.3062,1.3043,1.3052,259597,
1789661340000,2026-09-17T16:09:00.000Z,1.3052,1.3066,1.3043,1.306,210943,
1789661520000,2026-09-17T16:12:00.000Z,1.306,1.3067,1.3053,1.3067,23134,
1789661700000,2026-09-17T16:15:00.000Z,1.3067,1.3071,1.306,1.3063,64779,
1789661880000,2026-09-17T16:18:00.000Z,1.3063,1.3063,1.3035,1.3035,116333,
1789662060000,2026-09-17T16:21:00.000Z,1.3035,1.3067,1.3035,1.3066,57767,
1789662240000,2026-09-17T16:24:00.000Z,1.3066,1.3067,1.3026,1.3037,357600,
1789662420000,2026-09-17T16:27:00.000Z,1.3037,1.304,1.3033,1.304,103807,
1789662600000,2026-09-17T16:30:00.000Z,1.304,1.3047,1.3025,1.3032,279787,
1789662780000,2026-09-17T16:33:00.000Z,1.3032,1.3032,1.2967,1.301,1709366,
1789662960000,2026-09-17T16:36:00.000Z,1.301,1.3016,1.2993,1.2998,314512,
1789663140000,2026-09-17T16:39:00.000Z,1.2998,1.3007,1.2988,1.3001,292240,
1789663320000,2026-09-17T16:42:00.000Z,1.3001,1.3016,1.2998,1.3016,100205,
1789663500000,2026-09-17T16:45:00.000Z,1.3016,1.3031,1.2991,1.2994,277781,
1789663680000,2026-09-17T16:48:00.000Z,1.2994,1.3002,1.2983,1.2998,77521,
1789663860000,2026-09-17T16:51:00.000Z,1.2998,1.3026,1.2992,1.3019,219367,
1789664040000,2026-09-17T16:54:00.000Z,1.3019,1.3024,1.2988,1.3004,161200,
1789664220000,2026-09-17T16:57:00.000Z,1.3004,1.3039,1.3003,1.3039,132325,
1789664400000,2026-09-17T17:00:00.000Z,1.3039,1.3068,1.3028,1.3067,562193,
1789664580000,2026-09-17T17:03:00.000Z,1.3067,1.3084,1.3063,1.307,184593,
1789664760000,2026-09-17T17:06:00.000Z,1.307,1.3084,1.307,1.3077,72471,
1789664940000,2026-09-17T17:09:00.000Z,1.3077,1.3079,1.3052,1.3056,313852,
1789665120000,2026-09-17T17:12:00.000Z,1.3056,1.3058,1.3036,1.3038,93720,
1789665300000,2026-09-17T17:15:00.000Z,1.3038,1.3041,1.3017,1.3039,115956,
1789665480000,2026-09-17T17:18:00.000Z,1.3039,1.3047,1.3038,1.3043,57693,
1789665660000,2026-09-17T17:21:00.000Z,1.3043,1.3072,1.3038,1.3072,58784,
1789665840000,2026-09-17T17:24:00.000Z,1.3072,1.3075,1.3048,1.3055,54154,
1789666020000,2026-09-17T17:27:00.000Z,1.3055,1.3064,1.3051,1.3058,29237,
1789666200000,2026-09-17T17:30:00.000Z,1.3058,1.3061,1.3038,1.3041,44300,
1789666380000,2026-09-17T17:33:00.000Z,1.3041,1.3061,1.3041,1.3043,64156,
1789666560000,2026-09-17T17:36:00.000Z,1.3043,1.3053,1.3033,1.3039,230870,
1789666740000,2026-09-17T17:39:00.000Z,1.3039,1.3044,1.3027,1.3043,126504,
1789666920000,2026-09-17T17:42:00.000Z,1.3043,1.3044,1.3015,1.3015,216897,
1789667100000,2026-09-17T17:45:00.000Z,1.3015,1.3015,1.3005,1.3009,138206,
1789667280000,2026-09-17T17:48:00.000Z,1.3009,1.3018,1.3,1.3006,163446,
1789667460000,2026-09-17T17:51:00.000Z,1.3006,1.3008,1.2992,1.3006,44221,
1789667640000,2026-09-17T17:54:00.000Z,1.3006,1.3015,1.3001,1.3013,59279,
1789667820000,2026-09-17T17:57:00.000Z,1.3013,1.3015,1.2997,1.3,53266,
1789668000000,2026-09-17T18:00:00.000Z,1.3,1.3002,1.2987,1.2996,73715,
1789668180000,2026-09-17T18:03:00.000Z,1.2996,1.2996,1.2985,1.2986,14103,
1789668360000,2026-09-17T18:06:00.000Z,1.2986,1.2994,1.2983,1.2991,40794,
1789668540000,2026-09-17T18:09:00.000Z,1.2991,1.2992,1.2983,1.2991,43563,
1789668720000,2026-09-17T18:12:00.000Z,1.2991,1.2991,1.2985,1.299,46875,
1789668900000,2026-09-17T18:15:00.000Z,1.299,1.2995,1.2986,1.2995,63506,
1789669080000,2026-09-17T18:18:00.000Z,1.2995,1.3,1.2987,1.2988,123318,
1789669260000,2026-09-17T18:21:00.000Z,1.2988,1.2993,1.2977,1.2984,136173,
1789669440000,2026-09-17T18:24:00.000Z,1.2984,1.2987,1.2979,1.2983,10222,
1789669620000,2026-09-17T18:27:00.000Z,1.2983,1.2989,1.2983,1.2988,13218,
1789669800000,2026-09-17T18:30:00.000Z,1.2988,1.3,1.2988,1.2991,143039,
1789669980000,2026-09-17T18:33:00.000Z,1.2991,1.2991,1.2935,1.2963,491434,
1789670160000,2026-09-17T18:36:00.000Z,1.2963,1.2964,1.2942,1.295,194388,
1789670340000,2026-09-17T18:39:00.000Z,1.295,1.2963,1.2931,1.296,540897,
1789670520000,2026-09-17T18:42:00.000Z,1.296,1.2966,1.2957,1.2964,57010,
1789670700000,2026-09-17T18:45:00.000Z,1.2964,1.2982,1.2955,1.2957,303638,
1789670880000,2026-09-17T18:48:00.000Z,1.2957,1.2973,1.2955,1.2956,114540,
1789671060000,2026-09-17T18:51:00.000Z,1.2956,1.2972,1.2949,1.2963,230099,
1789671240000,2026-09-17T18:54:00.000Z,1.2963,1.2966,1.2951,1.2951,123243,
1789671420000,2026-09-17T18:57:00.000Z,1.2951,1.2953,1.2945,1.2949,94981,
1789671600000,2026-09-17T19:00:00.000Z,1.2949,1.2949,1.2937,1.2945,116349,
1789671780000,2026-09-17T19:03:00.000Z,1.2945,1.2949,1.2943,1.2949,31609,
1789671960000,2026-09-17T19:06:00.000Z,1.2949,1.295,1.2944,1.2944,3171,
1789672140000,2026-09-17T19:09:00.000Z,1.2944,1.2944,1.2924,1.2928,226087,
1789672320000,2026-09-17T19:12:00.000Z,1.2928,1.2934,1.2927,1.2931,101194,
1789672500000,2026-09-17T19:15:00.000Z,1.2931,1.2931,1.2919,1.2921,56748,
1789672680000,2026-09-17T19:18:00.000Z,1.2921,1.2934,1.2917,1.2934,19682,
1789672860000,2026-09-17T19:21:00.000Z,1.2934,1.2945,1.2934,1.2942,48889,
1789673040000,2026-09-17T19:24:00.000Z,1.2942,1.2951,1.2935,1.2942,211661,
1789673220000,2026-09-17T19:27:00.000Z,1.2942,1.2951,1.2938,1.2951,249109,
1789673400000,2026-09-17T19:30:00.000Z,1.2951,1.2963,1.2939,1.2943,61266,
1789673580000,2026-09-17T19:33:00.000Z,1.2943,1.2956,1.2943,1.2952,200046,
1789673760000,2026-09-17T19:36:00.000Z,1.2952,1.2952,1.294,1.2946,122842,
1789673940000,2026-09-17T19:39:00.000Z,1.2946,1.2951,1.2942,1.2946,11140,
1789674120000,2026-09-17T19:42:00.000Z,1.2946,1.2953,1.2935,1.2944,227030,
1789674300000,2026-09-17T19:45:00.000Z,1.2944,1.2947,1.2928,1.2929,130091,
1789674480000,2026-09-17T19:48:00.000Z,1.2929,1.2958,1.2929,1.2955,208920,
1789674660000,2026-09-17T19:51:00.000Z,1.2955,1.2981,1.2955,1.2981,49429,
1789674840000,2026-09-17T19:54:00.000Z,1.2981,1.2984,1.2955,1.2957,920933,
1789675020000,2026-09-17T19:57:00.000Z,1.2957,1.2962,1.2946,1.2949,163573,
1789675200000,2026-09-17T20:00:00.000Z,1.2949,1.2949,1.2938,1.2938,188981,
1789675380000,2026-09-17T20:03:00.000Z,1.2938,1.2961,1.2938,1.2961,142155,
1789675560000,2026-09-17T20:06:00.000Z,1.2961,1.297,1.296,1.2964,113049,
1789675740000,2026-09-17T20:09:00.000Z,1.2964,1.2969,1.2958,1.2968,341397,
1789675920000,2026-09-17T20:12:00.000Z,1.2968,1.2983,1.2968,1.2983,145149,
1789676100000,2026-09-17T20:15:00.000Z,1.2983,1.2983,1.2968,1.2974,106709,
1789676280000,2026-09-17T20:18:00.000Z,1.2974,1.2983,1.2974,1.2979,48759,
1789676460000,2026-09-17T20:21:00.000Z,1.2979,1.2997,1.2979,1.2997,417644,
1789676640000,2026-09-17T20:24:00.000Z,1.2997,1.3001,1.2994,1.2998,98774,
1789676820000,2026-09-17T20:27:00.000Z,1.2998,1.2998,1.2994,1.2997,38845,
1789677000000,2026-09-17T20:30:00.000Z,1.2997,1.2998,1.2987,1.2987,112312,
1789677180000,2026-09-17T20:33:00.000Z,1.2987,1.2988,1.2984,1.2985,32622,
1789677360000,2026-09-17T20:36:00.000Z,1.2985,1.299,1.2979,1.2979,64844,
1789677540000,2026-09-17T20:39:00.000Z,1.2979,1.2979,1.2952,1.2952,184213,
1789677720000,2026-09-17T20:42:00.000Z,1.2952,1.2958,1.2948,1.2956,184433,
1789677900000,2026-09-17T20:45:00.000Z,1.2956,1.2962,1.2956,1.2958,39827,
1789678080000,2026-09-17T20:48:00.000Z,1.2958,1.2963,1.2956,1.2957,17575,
1789678260000,2026-09-17T20:51:00.000Z,1.2957,1.2972,1.2951,1.2968,132142,
1789678440000,2026-09-17T20:54:00.000Z,1.2968,1.2977,1.2968,1.2976,29509,
1789678620000,2026-09-17T20:57:00.000Z,1.2976,1.2981,1.2974,1.298,66742,
1789678800000,2026-09-17T21:00:00.000Z,1.298,1.3,1.2972,1.2973,273132,
1789678980000,2026-09-17T21:03:00.000Z,1.2973,1.2979,1.2965,1.2967,22207,
1789679160000,2026-09-17T21:06:00.000Z,1.2967,1.297,1.2956,1.2957,74221,
1789679340000,2026-09-17T21:09:00.000Z,1.2957,1.2959,1.2952,1.2959,72104,
1789679520000,2026-09-17T21:12:00.000Z,1.2959,1.2965,1.2952,1.2953,42591,
1789679700000,2026-09-17T21:15:00.000Z,1.2953,1.2958,1.2951,1.2951,30281,
1789679880000,2026-09-17T21:18:00.000Z,1.2951,1.2952,1.2944,1.2946,64377,
1789680060000,2026-09-17T21:21:00.000Z,1.2946,1.2955,1.294,1.2948,100161,
1789680240000,2026-09-17T21:24:00.000Z,1.2948,1.2959,1.2942,1.295,36077,
1789680420000,2026-09-17T21:27:00.000Z,1.295,1.2958,1.295,1.2955,24584,
1789680600000,2026-09-17T21:30:00.000Z,1.2955,1.2955,1.2947,1.2955,75994,
1789680780000,2026-09-17T21:33:00.000Z,1.2955,1.2956,1.2946,1.2946,37524,
1789680960000,2026-09-17T21:36:00.000Z,1.2946,1.2965,1.2945,1.2958,186669,
1789681140000,2026-09-17T21:39:00.000Z,1.2958,1.2967,1.2946,1.2948,157304,
1789681320000,2026-09-17T21:42:00.000Z,1.2948,1.296,1.2946,1.2948,71896,
1789681500000,2026-09-17T21:45:00.000Z,1.2948,1.2949,1.2924,1.2933,374597,
1789681680000,2026-09-17T21:48:00.000Z,1.2933,1.2941,1.2933,1.2936,61250,
1789681860000,2026-09-17T21:51:00.000Z,1.2936,1.2941,1.2925,1.2935,70213,
1789682040000,2026-09-17T21:54:00.000Z,1.2935,1.2943,1.2917,1.2917,145474,
1789682220000,2026-09-17T21:57:00.000Z,1.2917,1.2921,1.291,1.2913,99806,
1789682400000,2026-09-17T22:00:00.000Z,1.2913,1.2922,1.2885,1.2892,889595,
1789682580000,2026-09-17T22:03:00.000Z,1.2892,1.2925,1.2889,1.2924,208128,
1789682760000,2026-09-17T22:06:00.000Z,1.2924,1.2945,1.2903,1.2908,386533,
1789682940000,2026-09-17T22:09:00.000Z,1.2908,1.2924,1.2897,1.2924,111135,
1789683120000,2026-09-17T22:12:00.000Z,1.2924,1.2936,1.2903,1.2921,397982,
1789683300000,2026-09-17T22:15:00.000Z,1.2921,1.2929,1.2891,1.2891,248931,
1789683480000,2026-09-17T22:18:00.000Z,1.2891,1.2893,1.2863,1.2873,520688,
1789683660000,2026-09-17T22:21:00.000Z,1.2873,1.2896,1.2869,1.2886,105996,
1789683840000,2026-09-17T22:24:00.000Z,1.2886,1.289,1.2874,1.2878,171603,
1789684020000,2026-09-17T22:27:00.000Z,1.2878,1.2889,1.2873,1.2886,246648,
1789684200000,2026-09-17T22:30:00.000Z,1.2886,1.2906,1.2876,1.2906,66515,
1789684380000,2026-09-17T22:33:00.000Z,1.2906,1.2929,1.2898,1.2927,121052,
1789684560000,2026-09-17T22:36:00.000Z,1.2927,1.2943,1.2927,1.2942,139267,
1789684740000,2026-09-17T22:39:00.000Z,1.2942,1.2946,1.2926,1.2933,362836,
1789684920000,2026-09-17T22:42:00.000Z,1.2933,1.2937,1.2922,1.2936,130699,
1789685100000,2026-09-17T22:45:00.000Z,1.2936,1.2956,1.293,1.2949,414461,
1789685280000,2026-09-17T22:48:00.000Z,1.2949,1.2953,1.2938,1.2944,69377,
1789685460000,2026-09-17T22:51:00.000Z,1.2944,1.2948,1.2921,1.2937,394715,
1789685640000,2026-09-17T22:54:00.000Z,1.2937,1.2937,1.2925,1.293,45935,
1789685820000,2026-09-17T22:57:00.000Z,1.293,1.2954,1.2924,1.2953,447657,
1789686000000,2026-09-17T23:00:00.000Z,1.2953,1.2953,1.2941,1.2952,69909,
1789686180000,2026-09-17T23:03:00.000Z,1.2952,1.2964,1.2935,1.295,311492,
1789686360000,2026-09-17T23:06:00.000Z,1.295,1.2957,1.2943,1.2945,49068,
1789686540000,2026-09-17T23:09:00.000Z,1.2945,1.2969,1.2942,1.2965,249654,
1789686720000,2026-09-17T23:12:00.000Z,1.2965,1.2966,1.2961,1.2963,55295,
1789686900000,2026-09-17T23:15:00.000Z,1.2963,1.2967,1.2953,1.2963,70407,
1789687080000,2026-09-17T23:18:00.000Z,1.2963,1.2963,1.2955,1.2956,27171,
1789687260000,2026-09-17T23:21:00.000Z,1.2956,1.2967,1.2955,1.2965,65694,
1789687440000,2026-09-17T23:24:00.000Z,1.2965,1.2975,1.2963,1.2965,68125,
1789687620000,2026-09-17T23:27:00.000Z,1.2965,1.2975,1.2965,1.2975,158977,
1789687800000,2026-09-17T23:30:00.000Z,1.2975,1.2976,1.2961,1.2962,67192,
1789687980000,2026-09-17T23:33:00.000Z,1.2962,1.2967,1.2948,1.2954,104828,
1789688160000,2026-09-17T23:36:00.000Z,1.2954,1.2956,1.2927,1.2947,339114,
1789688340000,2026-09-17T23:39:00.000Z,1.2947,1.2961,1.2947,1.2956,47647,
1789688520000,2026-09-17T23:42:00.000Z,1.2956,1.298,1.2953,1.2963,381431,
1789688700000,2026-09-17T23:45:00.000Z,1.2963,1.2979,1.2958,1.2975,49279,
1789688880000,2026-09-17T23:48:00.000Z,1.2975,1.2978,1.2961,1.2969,210042,
1789689060000,2026-09-17T23:51:00.000Z,1.2969,1.2972,1.2953,1.2953,178432,
1789689240000,2026-09-17T23:54:00.000Z,1.2953,1.2969,1.2952,1.2965,130197,
1789689420000,2026-09-17T23:57:00.000Z,1.2965,1.2969,1.2952,1.2956,200660,
1789689600000,2026-09-18T00:00:00.000Z,1.2956,1.2963,1.2953,1.2963,24738,
1789689780000,2026-09-18T00:03:00.000Z,1.2963,1.2963,1.295,1.295,67080,
1789689960000,2026-09-18T00:06:00.000Z,1.295,1.2965,1.2942,1.2952,140140,
1789690140000,2026-09-18T00:09:00.000Z,1.2952,1.2964,1.2947,1.2947,60703,
1789690320000,2026-09-18T00:12:00.000Z,1.2947,1.295,1.294,1.295,402874,
1789690500000,2026-09-18T00:15:00.000Z,1.295,1.2953,1.2931,1.2936,69145,
1789690680000,2026-09-18T00:18:00.000Z,1.2936,1.2939,1.2929,1.2929,71183,
1789690860000,2026-09-18T00:21:00.000Z,1.2929,1.2934,1.2925,1.2933,332888,
1789691040000,2026-09-18T00:24:00.000Z,1.2933,1.2935,1.2926,1.2929,35130,
1789691220000,2026-09-18T00:27:00.000Z,1.2929,1.2933,1.291,1.2926,132246,
1789691400000,2026-09-18T00:30:00.000Z,1.2926,1.2948,1.2926,1.2945,132097,
1789691580000,2026-09-18T00:33:00.000Z,1.2945,1.2952,1.2945,1.2947,116808,
1789691760000,2026-09-18T00:36:00.000Z,1.2947,1.2947,1.2926,1.2926,30277,
1789691940000,2026-09-18T00:39:00.000Z,1.2926,1.2926,1.2911,1.292,245397,
1789692120000,2026-09-18T00:42:00.000Z,1.292,1.2939,1.2916,1.2939,138059,
1789692300000,2026-09-18T00:45:00.000Z,1.2939,1.2942,1.2933,1.2937,14696,
1789692480000,2026-09-18T00:48:00.000Z,1.2937,1.2951,1.2937,1.2951,12998,
1789692660000,2026-09-18T00:51:00.000Z,1.2951,1.2979,1.295,1.2977,179465,
1789692840000,2026-09-18T00:54:00.000Z,1.2977,1.2999,1.2977,1.2998,971317,
1789693020000,2026-09-18T00:57:00.000Z,1.2998,1.3009,1.2987,1.2998,532219,
1789693200000,2026-09-18T01:00:00.000Z,1.2998,1.3027,1.2997,1.2999,220561,
1789693380000,2026-09-18T01:03:00.000Z,1.2999,1.3008,1.2983,1.3001,270363,
1789693560000,2026-09-18T01:06:00.000Z,1.3001,1.3008,1.2992,1.3006,406105,
1789693740000,2026-09-18T01:09:00.000Z,1.3006,1.3021,1.3005,1.302,48877,
1789693920000,2026-09-18T01:12:00.000Z,1.302,1.3022,1.2996,1.3009,246409,
1789694100000,2026-09-18T01:15:00.000Z,1.3009,1.301,1.2991,1.2998,147634,
1789694280000,2026-09-18T01:18:00.000Z,1.2998,1.3032,1.2998,1.303,519436,
1789694460000,2026-09-18T01:21:00.000Z,1.303,1.3033,1.3001,1.3003,163478,
1789694640000,2026-09-18T01:24:00.000Z,1.3003,1.3006,1.2997,1.2999,247424,
1789694820000,2026-09-18T01:27:00.000Z,1.2999,1.3006,1.2994,1.3004,477288,
1789695000000,2026-09-18T01:30:00.000Z,1.3004,1.3011,1.2998,1.2999,63550,
1789695180000,2026-09-18T01:33:00.000Z,1.2999,1.3008,1.2997,1.3002,78676,
1789695360000,2026-09-18T01:36:00.000Z,1.3002,1.3022,1.3002,1.3017,39577,
1789695540000,2026-09-18T01:39:00.000Z,1.3017,1.3025,1.3017,1.3023,53018,
1789695720000,2026-09-18T01:42:00.000Z,1.3023,1.3033,1.3023,1.3024,91934,
1789695900000,2026-09-18T01:45:00.000Z,1.3024,1.3049,1.3024,1.3048,158606,
1789696080000,2026-09-18T01:48:00.000Z,1.3048,1.306,1.3041,1.3044,526229,
1789696260000,2026-09-18T01:51:00.000Z,1.3044,1.3064,1.3032,1.3053,243531,
1789696440000,2026-09-18T01:54:00.000Z,1.3053,1.3053,1.3033,1.3034,137992,
1789696620000,2026-09-18T01:57:00.000Z,1.3034,1.3056,1.303,1.3045,234425,
1789696800000,2026-09-18T02:00:00.000Z,1.3045,1.3074,1.3042,1.3072,282831,
1789696980000,2026-09-18T02:03:00.000Z,1.3072,1.3077,1.303,1.303,551440,
1789697160000,2026-09-18T02:06:00.000Z,1.303,1.3034,1.3012,1.3012,227115,
1789697340000,2026-09-18T02:09:00.000Z,1.3012,1.3036,1.2998,1.3028,339629,
1789697520000,2026-09-18T02:12:00.000Z,1.3028,1.3044,1.3023,1.3042,84904,
1789697700000,2026-09-18T02:15:00.000Z,1.3042,1.3051,1.3038,1.3051,124066,
1789697880000,2026-09-18T02:18:00.000Z,1.3051,1.3057,1.3033,1.3037,149060,
1789698060000,2026-09-18T02:21:00.000Z,1.3037,1.3048,1.3033,1.304,59530,
1789698240000,2026-09-18T02:24:00.000Z,1.304,1.3052,1.3039,1.3045,68354,
1789698420000,2026-09-18T02:27:00.000Z,1.3045,1.3073,1.3043,1.3066,431064,
1789698600000,2026-09-18T02:30:00.000Z,1.3066,1.3075,1.3066,1.3072,97929,
1789698780000,2026-09-18T02:33:00.000Z,1.3072,1.308,1.307,1.308,594601,
1789698960000,2026-09-18T02:36:00.000Z,1.308,1.3101,1.3079,1.31,552069,
1789699140000,2026-09-18T02:39:00.000Z,1.31,1.3106,1.3062,1.307,440036,
1789699320000,2026-09-18T02:42:00.000Z,1.307,1.3079,1.3054,1.3059,151580,
1789699500000,2026-09-18T02:45:00.000Z,1.3059,1.3075,1.3056,1.3063,206312,
1789699680000,2026-09-18T02:48:00.000Z,1.3063,1.3064,1.3054,1.3061,144686,
1789699860000,2026-09-18T02:51:00.000Z,1.3061,1.3065,1.3054,1.306,124444,
1789700040000,2026-09-18T02:54:00.000Z,1.306,1.3067,1.3059,1.306,67978,
1789700220000,2026-09-18T02:57:00.000Z,1.306,1.3065,1.3054,1.3054,50380,
1789700400000,2026-09-18T03:00:00.000Z,1.3054,1.3055,1.3045,1.3053,196805,
1789700580000,2026-09-18T03:03:00.000Z,1.3053,1.3071,1.3049,1.3071,181137,
1789700760000,2026-09-18T03:06:00.000Z,1.3071,1.3113,1.3071,1.3099,327964,
1789700940000,2026-09-18T03:09:00.000Z,1.3099,1.3112,1.3087,1.3109,165670,
1789701120000,2026-09-18T03:12:00.000Z,1.3109,1.3159,1.3103,1.3155,990909,
1789701300000,2026-09-18T03:15:00.000Z,1.3155,1.3237,1.3153,1.3236,1007576,
1789701480000,2026-09-18T03:18:00.000Z,1.3236,1.3236,1.3194,1.3195,1292898,
1789701660000,2026-09-18T03:21:00.000Z,1.3195,1.3215,1.3189,1.3207,679524,
1789701840000,2026-09-18T03:24:00.000Z,1.3207,1.3208,1.3147,1.3184,1305729,
1789702020000,2026-09-18T03:27:00.000Z,1.3184,1.3223,1.3167,1.3208,710438,
1789702200000,2026-09-18T03:30:00.000Z,1.3208,1.3233,1.3183,1.3191,792178,
1789702380000,2026-09-18T03:33:00.000Z,1.3191,1.322,1.3191,1.3219,197768,
1789702560000,2026-09-18T03:36:00.000Z,1.3219,1.3219,1.3193,1.3195,143950,
1789702740000,2026-09-18T03:39:00.000Z,1.3195,1.3198,1.3164,1.3189,605277,
1789702920000,2026-09-18T03:42:00.000Z,1.3189,1.3199,1.318,1.3198,154702,
1789703100000,2026-09-18T03:45:00.000Z,1.3198,1.3241,1.3198,1.3238,559374,
1789703280000,2026-09-18T03:48:00.000Z,1.3238,1.3283,1.3238,1.3282,591961,
1789703460000,2026-09-18T03:51:00.000Z,1.3282,1.3288,1.3261,1.3269,536383,
1789703640000,2026-09-18T03:54:00.000Z,1.3269,1.3269,1.3233,1.3235,239791,
1789703820000,2026-09-18T03:57:00.000Z,1.3235,1.3271,1.3229,1.3262,402487,
1789704000000,2026-09-18T04:00:00.000Z,1.3262,1.327,1.3255,1.3266,174723,
1789704180000,2026-09-18T04:03:00.000Z,1.3266,1.3266,1.3213,1.3217,293433,
1789704360000,2026-09-18T04:06:00.000Z,1.3217,1.3222,1.3186,1.3187,536474,
1789704540000,2026-09-18T04:09:00.000Z,1.3187,1.3211,1.3185,1.3195,468265,
1789704720000,2026-09-18T04:12:00.000Z,1.3195,1.3209,1.3173,1.3187,331741,
1789704900000,2026-09-18T04:15:00.000Z,1.3187,1.3203,1.3176,1.3202,316869,
1789705080000,2026-09-18T04:18:00.000Z,1.3202,1.3227,1.3195,1.3222,297799,
1789705260000,2026-09-18T04:21:00.000Z,1.3222,1.3224,1.3203,1.3209,183112,
1789705440000,2026-09-18T04:24:00.000Z,1.3209,1.3209,1.318,1.3186,296593,
1789705620000,2026-09-18T04:27:00.000Z,1.3186,1.319,1.317,1.3172,188592,
1789705800000,2026-09-18T04:30:00.000Z,1.3172,1.3174,1.3133,1.3139,358035,
1789705980000,2026-09-18T04:33:00.000Z,1.3139,1.3182,1.3137,1.3172,555120,
1789706160000,2026-09-18T04:36:00.000Z,1.3172,1.3178,1.3162,1.3166,107394,
1789706340000,2026-09-18T04:39:00.000Z,1.3166,1.3168,1.3144,1.3161,428478,
1789706520000,2026-09-18T04:42:00.000Z,1.3161,1.32,1.3161,1.32,307587,
1789706700000,2026-09-18T04:45:00.000Z,1.32,1.3229,1.3199,1.3218,765098,
1789706880000,2026-09-18T04:48:00.000Z,1.3218,1.322,1.3197,1.3206,468725,
1789707060000,2026-09-18T04:51:00.000Z,1.3206,1.3228,1.3206,1.3223,221305,
1789707240000,2026-09-18T04:54:00.000Z,1.3223,1.3243,1.3213,1.3243,428392,
1789707420000,2026-09-18T04:57:00.000Z,1.3243,1.3252,1.3233,1.3252,361265,
1789707600000,2026-09-18T05:00:00.000Z,1.3252,1.3256,1.3212,1.3212,505149,
1789707780000,2026-09-18T05:03:00.000Z,1.3212,1.3228,1.3203,1.3212,553088,
1789707960000,2026-09-18T05:06:00.000Z,1.3212,1.3265,1.3207,1.3262,302250,
1789708140000,2026-09-18T05:09:00.000Z,1.3262,1.3262,1.321,1.3245,474540,
1789708320000,2026-09-18T05:12:00.000Z,1.3245,1.3247,1.3223,1.3223,289917,
1789708500000,2026-09-18T05:15:00.000Z,1.3223,1.3245,1.3215,1.3219,212893,
1789708680000,2026-09-18T05:18:00.000Z,1.3219,1.3225,1.3197,1.3199,248105,
1789708860000,2026-09-18T05:21:00.000Z,1.3199,1.3215,1.3194,1.3206,366055,
1789709040000,2026-09-18T05:24:00.000Z,1.3206,1.321,1.3179,1.3181,393074,
1789709220000,2026-09-18T05:27:00.000Z,1.3181,1.3222,1.3177,1.3209,414984,
1789709400000,2026-09-18T05:30:00.000Z,1.3209,1.3218,1.32,1.3211,214071,
1789709580000,2026-09-18T05:33:00.000Z,1.3211,1.3236,1.3197,1.3207,443507,
1789709760000,2026-09-18T05:36:00.000Z,1.3207,1.3237,1.3197,1.3228,222197,
1789709940000,2026-09-18T05:39:00.000Z,1.3228,1.323,1.3203,1.3205,33853,
1789710120000,2026-09-18T05:42:00.000Z,1.3205,1.3206,1.3191,1.3195,76137,
1789710300000,2026-09-18T05:45:00.000Z,1.3195,1.3195,1.3174,1.3177,160030,
1789710480000,2026-09-18T05:48:00.000Z,1.3177,1.319,1.3177,1.3184,150131,
1789710660000,2026-09-18T05:51:00.000Z,1.3184,1.3186,1.3172,1.3173,258187,
1789710840000,2026-09-18T05:54:00.000Z,1.3173,1.3173,1.3163,1.3167,59661,
1789711020000,2026-09-18T05:57:00.000Z,1.3167,1.3179,1.3167,1.3177,162981,
1789711200000,2026-09-18T06:00:00.000Z,1.3177,1.3218,1.3177,1.3218,307106,
1789711380000,2026-09-18T06:03:00.000Z,1.3218,1.3229,1.321,1.3222,204396,
1789711560000,2026-09-18T06:06:00.000Z,1.3222,1.3226,1.3189,1.3192,228299,
1789711740000,2026-09-18T06:09:00.000Z,1.3192,1.3207,1.3182,1.3202,233149,
1789711920000,2026-09-18T06:12:00.000Z,1.3202,1.3203,1.319,1.3193,34018,
1789712100000,2026-09-18T06:15:00.000Z,1.3193,1.3219,1.3191,1.3195,217746,
1789712280000,2026-09-18T06:18:00.000Z,1.3195,1.3207,1.3189,1.3195,48535,
1789712460000,2026-09-18T06:21:00.000Z,1.3195,1.3224,1.3189,1.3215,416084,
1789712640000,2026-09-18T06:24:00.000Z,1.3215,1.3226,1.3209,1.3223,182681,
1789712820000,2026-09-18T06:27:00.000Z,1.3223,1.3234,1.3204,1.3205,288506,
1789713000000,2026-09-18T06:30:00.000Z,1.3205,1.3218,1.3204,1.3216,82458,
1789713180000,2026-09-18T06:33:00.000Z,1.3216,1.3217,1.3209,1.321,32947,
1789713360000,2026-09-18T06:36:00.000Z,1.321,1.3241,1.321,1.3222,348883,
1789713540000,2026-09-18T06:39:00.000Z,1.3222,1.3243,1.3221,1.3233,242206,
1789713720000,2026-09-18T06:42:00.000Z,1.3233,1.324,1.3224,1.323,134578,
1789713900000,2026-09-18T06:45:00.000Z,1.323,1.3243,1.3216,1.3231,289784,
1789714080000,2026-09-18T06:48:00.000Z,1.3231,1.3233,1.3219,1.3219,48171,
1789714260000,2026-09-18T06:51:00.000Z,1.3219,1.3221,1.3194,1.3197,286319,
1789714440000,2026-09-18T06:54:00.000Z,1.3197,1.3201,1.3182,1.3184,100325,
1789714620000,2026-09-18T06:57:00.000Z,1.3184,1.3224,1.3182,1.322,290164,
1789714800000,2026-09-18T07:00:00.000Z,1.322,1.3246,1.3207,1.3229,274229,
1789714980000,2026-09-18T07:03:00.000Z,1.3229,1.3268,1.3229,1.3264,207935,
1789715160000,2026-09-18T07:06:00.000Z,1.3264,1.3302,1.3252,1.3254,1049583,
1789715340000,2026-09-18T07:09:00.000Z,1.3254,1.327,1.3246,1.327,109838,
1789715520000,2026-09-18T07:12:00.000Z,1.327,1.3282,1.325,1.3257,310847,
1789715700000,2026-09-18T07:15:00.000Z,1.3257,1.3258,1.3239,1.324,125882,
1789715880000,2026-09-18T07:18:00.000Z,1.324,1.3272,1.3239,1.3269,313497,
1789716060000,2026-09-18T07:21:00.000Z,1.3269,1.3303,1.3255,1.3299,378026,
1789716240000,2026-09-18T07:24:00.000Z,1.3299,1.3307,1.3269,1.3294,685362,
1789716420000,2026-09-18T07:27:00.000Z,1.3294,1.3301,1.3286,1.3287,156569,
1789716600000,2026-09-18T07:30:00.000Z,1.3287,1.33,1.3262,1.3276,730490,
1789716780000,2026-09-18T07:33:00.000Z,1.3276,1.328,1.3262,1.3271,77078,
1789716960000,2026-09-18T07:36:00.000Z,1.3271,1.3276,1.3261,1.3271,150465,
1789717140000,2026-09-18T07:39:00.000Z,1.3271,1.3284,1.3244,1.3254,279100,
1789717320000,2026-09-18T07:42:00.000Z,1.3254,1.3271,1.3252,1.3268,83544,
1789717500000,2026-09-18T07:45:00.000Z,1.3268,1.3268,1.3251,1.3261,144520,
1789717680000,2026-09-18T07:48:00.000Z,1.3261,1.3265,1.3248,1.3261,83652,
1789717860000,2026-09-18T07:51:00.000Z,1.3261,1.3297,1.325,1.3286,440965,
1789718040000,2026-09-18T07:54:00.000Z,1.3286,1.3292,1.327,1.3277,202603,
1789718220000,2026-09-18T07:57:00.000Z,1.3277,1.3292,1.3266,1.3284,270381,
1789718400000,2026-09-18T08:00:00.000Z,1.3284,1.3325,1.3278,1.332,1369778,
1789718580000,2026-09-18T08:03:00.000Z,1.332,1.332,1.3267,1.3267,873395,
1789718760000,2026-09-18T08:06:00.000Z,1.3267,1.3271,1.3236,1.3236,232507,
1789718940000,2026-09-18T08:09:00.000Z,1.3236,1.3254,1.3224,1.3246,319688,
1789719120000,2026-09-18T08:12:00.000Z,1.3246,1.3265,1.324,1.3253,80424,
1789719300000,2026-09-18T08:15:00.000Z,1.3253,1.3302,1.325,1.3302,202488,
1789719480000,2026-09-18T08:18:00.000Z,1.3302,1.3334,1.329,1.3329,901183,
1789719660000,2026-09-18T08:21:00.000Z,1.3329,1.3361,1.332,1.335,940844,
1789719840000,2026-09-18T08:24:00.000Z,1.335,1.3356,1.3323,1.3334,615628,
1789720020000,2026-09-18T08:27:00.000Z,1.3334,1.3342,1.3323,1.3327,276028,
1789720200000,2026-09-18T08:30:00.000Z,1.3327,1.3351,1.3318,1.3339,213195,
1789720380000,2026-09-18T08:33:00.000Z,1.3339,1.3355,1.3333,1.3336,183929,
1789720560000,2026-09-18T08:36:00.000Z,1.3336,1.3346,1.3315,1.3321,393415,
1789720740000,2026-09-18T08:39:00.000Z,1.3321,1.3336,1.3319,1.3328,59210,
1789720920000,2026-09-18T08:42:00.000Z,1.3328,1.3337,1.3308,1.3309,335516,
1789721100000,2026-09-18T08:45:00.000Z,1.3309,1.3335,1.3299,1.3331,451227,
1789721280000,2026-09-18T08:48:00.000Z,1.3331,1.3339,1.3325,1.3327,163565,
1789721460000,2026-09-18T08:51:00.000Z,1.3327,1.3348,1.3324,1.3344,198313,
1789721640000,2026-09-18T08:54:00.000Z,1.3344,1.3352,1.3335,1.3351,667110,
1789721820000,2026-09-18T08:57:00.000Z,1.3351,1.3375,1.335,1.3366,603111,
1789722000000,2026-09-18T09:00:00.000Z,1.3366,1.3377,1.3352,1.3376,313535,
1789722180000,2026-09-18T09:03:00.000Z,1.3376,1.3399,1.3354,1.3371,553369,
1789722360000,2026-09-18T09:06:00.000Z,1.3371,1.3399,1.3359,1.3396,208633,
1789722540000,2026-09-18T09:09:00.000Z,1.3396,1.3398,1.3353,1.3355,408547,
1789722720000,2026-09-18T09:12:00.000Z,1.3355,1.3385,1.3348,1.3368,523256,
1789722900000,2026-09-18T09:15:00.000Z,1.3368,1.3375,1.3351,1.3351,204392,
1789723080000,2026-09-18T09:18:00.000Z,1.3351,1.3374,1.334,1.337,213736,
1789723260000,2026-09-18T09:21:00.000Z,1.337,1.3394,1.3357,1.336,429730,
1789723440000,2026-09-18T09:24:00.000Z,1.336,1.3369,1.333,1.3337,382191,
1789723620000,2026-09-18T09:27:00.000Z,1.3337,1.3343,1.3311,1.3317,328589,
1789723800000,2026-09-18T09:30:00.000Z,1.3317,1.3322,1.3311,1.3316,226225,
1789723980000,2026-09-18T09:33:00.000Z,1.3316,1.3327,1.3315,1.332,170487,
1789724160000,2026-09-18T09:36:00.000Z,1.332,1.3321,1.3303,1.3304,246785,
1789724340000,2026-09-18T09:39:00.000Z,1.3304,1.3312,1.3302,1.3306,63117,
1789724520000,2026-09-18T09:42:00.000Z,1.3306,1.3329,1.3303,1.3326,242738,
1789724700000,2026-09-18T09:45:00.000Z,1.3326,1.3352,1.3321,1.3347,331568,
1789724880000,2026-09-18T09:48:00.000Z,1.3347,1.3349,1.3321,1.3337,306544,
1789725060000,2026-09-18T09:51:00.000Z,1.3337,1.3343,1.3333,1.3336,184427,
1789725240000,2026-09-18T09:54:00.000Z,1.3336,1.3342,1.3319,1.3334,201226,
1789725420000,2026-09-18T09:57:00.000Z,1.3334,1.3348,1.3326,1.3347,175419,
1789725600000,2026-09-18T10:00:00.000Z,1.3347,1.3347,1.3326,1.3339,238504,
1789725780000,2026-09-18T10:03:00.000Z,1.3339,1.3358,1.3327,1.333,243460,
1789725960000,2026-09-18T10:06:00.000Z,1.333,1.3363,1.3328,1.334,336995,
1789726140000,2026-09-18T10:09:00.000Z,1.334,1.3342,1.3316,1.3316,150271,
1789726320000,2026-09-18T10:12:00.000Z,1.3316,1.3336,1.3308,1.3336,322352,
1789726500000,2026-09-18T10:15:00.000Z,1.3336,1.3348,1.3336,1.3344,133341,
1789726680000,2026-09-18T10:18:00.000Z,1.3344,1.3357,1.3343,1.3353,309701,
1789726860000,2026-09-18T10:21:00.000Z,1.3353,1.3355,1.3338,1.3342,173064,
1789727040000,2026-09-18T10:24:00.000Z,1.3342,1.3356,1.3337,1.3356,93610,
1789727220000,2026-09-18T10:27:00.000Z,1.3356,1.3375,1.3355,1.3369,431471,
1789727400000,2026-09-18T10:30:00.000Z,1.3369,1.3376,1.3359,1.3371,124332,
1789727580000,2026-09-18T10:33:00.000Z,1.3371,1.3375,1.3367,1.337,133756,
1789727760000,2026-09-18T10:36:00.000Z,1.337,1.3372,1.3358,1.3358,124941,
1789727940000,2026-09-18T10:39:00.000Z,1.3358,1.338,1.3356,1.3356,154707,
1789728120000,2026-09-18T10:42:00.000Z,1.3356,1.3358,1.3348,1.3357,71333,
1789728300000,2026-09-18T10:45:00.000Z,1.3357,1.3359,1.3339,1.3351,238479,
1789728480000,2026-09-18T10:48:00.000Z,1.3351,1.3374,1.3351,1.3358,93866,
1789728660000,2026-09-18T10:51:00.000Z,1.3358,1.3358,1.333,1.3345,410202,
1789728840000,2026-09-18T10:54:00.000Z,1.3345,1.3345,1.3317,1.3322,298691,
1789729020000,2026-09-18T10:57:00.000Z,1.3322,1.3327,1.3307,1.3314,278472,
1789729200000,2026-09-18T11:00:00.000Z,1.3314,1.3318,1.3302,1.3309,110856,
1789729380000,2026-09-18T11:03:00.000Z,1.3309,1.3326,1.3201,1.3209,2569205,
1789729560000,2026-09-18T11:06:00.000Z,1.3209,1.3223,1.3141,1.3202,1855126,
1789729740000,2026-09-18T11:09:00.000Z,1.3202,1.3238,1.3189,1.3193,617294,
1789729920000,2026-09-18T11:12:00.000Z,1.3193,1.3212,1.3186,1.3208,244233,
1789730100000,2026-09-18T11:15:00.000Z,1.3208,1.3224,1.3196,1.3212,312639,
1789730280000,2026-09-18T11:18:00.000Z,1.3212,1.3216,1.3202,1.3204,211423,
1789730460000,2026-09-18T11:21:00.000Z,1.3204,1.3216,1.3195,1.3201,154325,
1789730640000,2026-09-18T11:24:00.000Z,1.3201,1.3206,1.3179,1.3206,315331,
1789730820000,2026-09-18T11:27:00.000Z,1.3206,1.3208,1.3189,1.3189,187358,
1789731000000,2026-09-18T11:30:00.000Z,1.3189,1.322,1.3184,1.322,199655,
1789731180000,2026-09-18T11:33:00.000Z,1.322,1.3228,1.3211,1.3222,110518,
1789731360000,2026-09-18T11:36:00.000Z,1.3222,1.3258,1.3222,1.3238,476019,
1789731540000,2026-09-18T11:39:00.000Z,1.3238,1.3244,1.322,1.3221,179620,
1789731720000,2026-09-18T11:42:00.000Z,1.3221,1.3224,1.3206,1.321,194817,
1789731900000,2026-09-18T11:45:00.000Z,1.321,1.3233,1.321,1.3228,153466,
1789732080000,2026-09-18T11:48:00.000Z,1.3228,1.3229,1.3223,1.3225,57368,
1789732260000,2026-09-18T11:51:00.000Z,1.3225,1.3251,1.3225,1.3251,159058,
1789732440000,2026-09-18T11:54:00.000Z,1.3251,1.3258,1.3232,1.3238,421910,
1789732620000,2026-09-18T11:57:00.000Z,1.3238,1.3244,1.3226,1.3233,86592,
1789732800000,2026-09-18T12:00:00.000Z,1.3233,1.3239,1.3212,1.3232,161227,
1789732980000,2026-09-18T12:03:00.000Z,1.3232,1.326,1.3224,1.3225,153357,
1789733160000,2026-09-18T12:06:00.000Z,1.3225,1.3227,1.3215,1.3221,117712,
1789733340000,2026-09-18T12:09:00.000Z,1.3221,1.3221,1.3191,1.3192,535334,
1789733520000,2026-09-18T12:12:00.000Z,1.3192,1.3213,1.319,1.3204,260189,
1789733700000,2026-09-18T12:15:00.000Z,1.3204,1.3225,1.3201,1.3217,120393,
1789733880000,2026-09-18T12:18:00.000Z,1.3217,1.3223,1.3198,1.3217,188574,
1789734060000,2026-09-18T12:21:00.000Z,1.3217,1.3241,1.3216,1.3222,154453,
1789734240000,2026-09-18T12:24:00.000Z,1.3222,1.3236,1.3215,1.3219,164648,
1789734420000,2026-09-18T12:27:00.000Z,1.3219,1.3236,1.3215,1.3228,174295,
1789734600000,2026-09-18T12:30:00.000Z,1.3228,1.3237,1.3213,1.3237,187111,
1789734780000,2026-09-18T12:33:00.000Z,1.3237,1.3262,1.3235,1.3262,290453,
1789734960000,2026-09-18T12:36:00.000Z,1.3262,1.3267,1.3245,1.3263,453885,
1789735140000,2026-09-18T12:39:00.000Z,1.3263,1.3277,1.3255,1.3256,232325,
1789735320000,2026-09-18T12:42:00.000Z,1.3256,1.3263,1.3244,1.3245,99503,
1789735500000,2026-09-18T12:45:00.000Z,1.3245,1.3266,1.3239,1.3249,222581,
1789735680000,2026-09-18T12:48:00.000Z,1.3249,1.3263,1.3247,1.3258,97198,
1789735860000,2026-09-18T12:51:00.000Z,1.3258,1.3275,1.3246,1.3246,210024,
1789736040000,2026-09-18T12:54:00.000Z,1.3246,1.3248,1.3236,1.3239,110872,
1789736220000,2026-09-18T12:57:00.000Z,1.3239,1.3241,1.3229,1.3235,209605,
1789736400000,2026-09-18T13:00:00.000Z,1.3235,1.3235,1.3198,1.3199,170964,
1789736580000,2026-09-18T13:03:00.000Z,1.3199,1.3227,1.319,1.322,217831,
1789736760000,2026-09-18T13:06:00.000Z,1.322,1.3233,1.3218,1.323,57257,
1789736940000,2026-09-18T13:09:00.000Z,1.323,1.3235,1.3213,1.3217,91861,
1789737120000,2026-09-18T13:12:00.000Z,1.3217,1.3219,1.3208,1.3216,78343,
1789737300000,2026-09-18T13:15:00.000Z,1.3216,1.3233,1.3211,1.3227,172429,
1789737480000,2026-09-18T13:18:00.000Z,1.3227,1.3249,1.3227,1.3249,121017,
1789737660000,2026-09-18T13:21:00.000Z,1.3249,1.3265,1.3237,1.3239,522802,
1789737840000,2026-09-18T13:24:00.000Z,1.3239,1.3242,1.3225,1.3237,151448,
1789738020000,2026-09-18T13:27:00.000Z,1.3237,1.3265,1.3234,1.3264,218386,
1789738200000,2026-09-18T13:30:00.000Z,1.3264,1.3293,1.3247,1.3274,479442,
1789738380000,2026-09-18T13:33:00.000Z,1.3274,1.3312,1.3273,1.3304,778689,
1789738560000,2026-09-18T13:36:00.000Z,1.3304,1.3362,1.3295,1.3361,1095727,
1789738740000,2026-09-18T13:39:00.000Z,1.3361,1.3461,1.3357,1.3389,1891758,
1789738920000,2026-09-18T13:42:00.000Z,1.3389,1.3473,1.3389,1.3464,1088003,
1789739100000,2026-09-18T13:45:00.000Z,1.3464,1.3541,1.3442,1.3527,1802732,
1789739280000,2026-09-18T13:48:00.000Z,1.3527,1.365,1.3498,1.3649,2641179,
1789739460000,2026-09-18T13:51:00.000Z,1.3649,1.3743,1.3634,1.3706,4555873,
1789739640000,2026-09-18T13:54:00.000Z,1.3706,1.3727,1.3541,1.3627,2928739,
1789739820000,2026-09-18T13:57:00.000Z,1.3627,1.3656,1.358,1.361,977298,
1789740000000,2026-09-18T14:00:00.000Z,1.361,1.3662,1.3607,1.3607,958683,
1789740180000,2026-09-18T14:03:00.000Z,1.3607,1.3695,1.3607,1.3693,758447,
1789740360000,2026-09-18T14:06:00.000Z,1.3693,1.372,1.3613,1.3618,798153,
1789740540000,2026-09-18T14:09:00.000Z,1.3618,1.3676,1.361,1.3665,878798,
1789740720000,2026-09-18T14:12:00.000Z,1.3665,1.3674,1.364,1.365,267220,
1789740900000,2026-09-18T14:15:00.000Z,1.365,1.3711,1.365,1.368,426343,
1789741080000,2026-09-18T14:18:00.000Z,1.368,1.373,1.368,1.372,874056,
1789741260000,2026-09-18T14:21:00.000Z,1.372,1.3792,1.3711,1.3771,1582055,
1789741440000,2026-09-18T14:24:00.000Z,1.3771,1.3814,1.3708,1.3709,1293676,
1789741620000,2026-09-18T14:27:00.000Z,1.3709,1.3758,1.3683,1.3714,1177036,
1789741800000,2026-09-18T14:30:00.000Z,1.3714,1.3737,1.3663,1.3693,866859,
1789741980000,2026-09-18T14:33:00.000Z,1.3693,1.3758,1.3683,1.3754,592094,
1789742160000,2026-09-18T14:36:00.000Z,1.3754,1.3798,1.3723,1.3733,756788,
1789742340000,2026-09-18T14:39:00.000Z,1.3733,1.3785,1.3728,1.3775,621963,
1789742520000,2026-09-18T14:42:00.000Z,1.3775,1.3863,1.3757,1.3834,796483,
1789742700000,2026-09-18T14:45:00.000Z,1.3834,1.3936,1.3815,1.3907,1510135,
1789742880000,2026-09-18T14:48:00.000Z,1.3907,1.3959,1.3902,1.3946,2148495,
1789743060000,2026-09-18T14:51:00.000Z,1.3946,1.4004,1.393,1.396,1704780,
1789743240000,2026-09-18T14:54:00.000Z,1.396,1.403,1.3941,1.4006,934180,
1789743420000,2026-09-18T14:57:00.000Z,1.4006,1.4021,1.3966,1.4,542596,
1789743600000,2026-09-18T15:00:00.000Z,1.4,1.4017,1.3953,1.3953,820050,
1789743780000,2026-09-18T15:03:00.000Z,1.3953,1.3964,1.3816,1.3891,2456387,
1789743960000,2026-09-18T15:06:00.000Z,1.3891,1.392,1.3861,1.3881,790861,
1789744140000,2026-09-18T15:09:00.000Z,1.3881,1.3884,1.3786,1.3844,751595,
1789744320000,2026-09-18T15:12:00.000Z,1.3844,1.3885,1.3821,1.3872,492241,
1789744500000,2026-09-18T15:15:00.000Z,1.3872,1.396,1.3868,1.3878,801349,
1789744680000,2026-09-18T15:18:00.000Z,1.3878,1.391,1.386,1.3873,254026,
1789744860000,2026-09-18T15:21:00.000Z,1.3873,1.3906,1.3845,1.3906,355947,
1789745040000,2026-09-18T15:24:00.000Z,1.3906,1.3925,1.3886,1.3889,470391,
1789745220000,2026-09-18T15:27:00.000Z,1.3889,1.3894,1.3848,1.3864,252193,
1789745400000,2026-09-18T15:30:00.000Z,1.3864,1.3869,1.3753,1.3754,1298362,
1789745580000,2026-09-18T15:33:00.000Z,1.3754,1.3817,1.3736,1.381,922014,
1789745760000,2026-09-18T15:36:00.000Z,1.381,1.383,1.3791,1.38,216347,
1789745940000,2026-09-18T15:39:00.000Z,1.38,1.38,1.375,1.3785,271883,
1789746120000,2026-09-18T15:42:00.000Z,1.3785,1.3785,1.3713,1.3719,764159,
1789746300000,2026-09-18T15:45:00.000Z,1.3719,1.3778,1.3702,1.3763,1167225,
1789746480000,2026-09-18T15:48:00.000Z,1.3763,1.3785,1.3762,1.378,215156,
1789746660000,2026-09-18T15:51:00.000Z,1.378,1.3805,1.3779,1.3802,269754,
1789746840000,2026-09-18T15:54:00.000Z,1.3802,1.3837,1.3797,1.3837,561091,
1789747020000,2026-09-18T15:57:00.000Z,1.3837,1.3868,1.3821,1.3847,709859,
1789747200000,2026-09-18T16:00:00.000Z,1.3847,1.3861,1.3816,1.3853,480837,
1789747380000,2026-09-18T16:03:00.000Z,1.3853,1.3857,1.3814,1.3854,211200,
1789747560000,2026-09-18T16:06:00.000Z,1.3854,1.3864,1.381,1.381,491055,
1789747740000,2026-09-18T16:09:00.000Z,1.381,1.3825,1.3804,1.3823,232094,
1789747920000,2026-09-18T16:12:00.000Z,1.3823,1.3828,1.3804,1.3817,422970,
1789748100000,2026-09-18T16:15:00.000Z,1.3817,1.3845,1.3807,1.3843,151490,
1789748280000,2026-09-18T16:18:00.000Z,1.3843,1.3853,1.3819,1.384,486198,
1789748460000,2026-09-18T16:21:00.000Z,1.384,1.3881,1.3832,1.3832,850056,
1789748640000,2026-09-18T16:24:00.000Z,1.3832,1.3857,1.3825,1.3828,231129,
1789748820000,2026-09-18T16:27:00.000Z,1.3828,1.3859,1.3819,1.384,411160,
1789749000000,2026-09-18T16:30:00.000Z,1.384,1.389,1.3834,1.3888,215353,
1789749180000,2026-09-18T16:33:00.000Z,1.3888,1.3937,1.3875,1.3877,1178219,
1789749360000,2026-09-18T16:36:00.000Z,1.3877,1.39,1.385,1.3862,351622,
1789749540000,2026-09-18T16:39:00.000Z,1.3862,1.3885,1.3823,1.3826,337603,
1789749720000,2026-09-18T16:42:00.000Z,1.3826,1.3859,1.3826,1.3841,157578,
1789749900000,2026-09-18T16:45:00.000Z,1.3841,1.3841,1.3807,1.3827,436748,
1789750080000,2026-09-18T16:48:00.000Z,1.3827,1.3829,1.3773,1.3777,702910,
1789750260000,2026-09-18T16:51:00.000Z,1.3777,1.3809,1.3768,1.3809,151487,
1789750440000,2026-09-18T16:54:00.000Z,1.3809,1.3827,1.3808,1.3822,109016,
1789750620000,2026-09-18T16:57:00.000Z,1.3822,1.3824,1.3796,1.3799,176288,
1789750800000,2026-09-18T17:00:00.000Z,1.3799,1.3805,1.3736,1.3747,747389,
1789750980000,2026-09-18T17:03:00.000Z,1.3747,1.3783,1.3735,1.3767,366873,
1789751160000,2026-09-18T17:06:00.000Z,1.3767,1.3773,1.3741,1.3744,221828,
1789751340000,2026-09-18T17:09:00.000Z,1.3744,1.3767,1.3739,1.3767,91227,
1789751520000,2026-09-18T17:12:00.000Z,1.3767,1.3828,1.3756,1.3821,390402,
1789751700000,2026-09-18T17:15:00.000Z,1.3821,1.3852,1.3819,1.3852,242840,
1789751880000,2026-09-18T17:18:00.000Z,1.3852,1.3862,1.3813,1.3825,442600,
1789752060000,2026-09-18T17:21:00.000Z,1.3825,1.3838,1.3793,1.3796,182307,
1789752240000,2026-09-18T17:24:00.000Z,1.3796,1.3848,1.3786,1.3825,461297,
1789752420000,2026-09-18T17:27:00.000Z,1.3825,1.3851,1.3825,1.3849,74639,
1789752600000,2026-09-18T17:30:00.000Z,1.3849,1.385,1.3816,1.3832,122150,
1789752780000,2026-09-18T17:33:00.000Z,1.3832,1.3846,1.3824,1.3839,58706,
1789752960000,2026-09-18T17:36:00.000Z,1.3839,1.3852,1.3829,1.3852,129512,
1789753140000,2026-09-18T17:39:00.000Z,1.3852,1.3856,1.3841,1.3847,304370,
1789753320000,2026-09-18T17:42:00.000Z,1.3847,1.3858,1.3844,1.3852,78062,
1789753500000,2026-09-18T17:45:00.000Z,1.3852,1.3879,1.3837,1.3867,359236,
1789753680000,2026-09-18T17:48:00.000Z,1.3867,1.3881,1.386,1.3865,144481,
1789753860000,2026-09-18T17:51:00.000Z,1.3865,1.3889,1.3865,1.388,236536,
1789754040000,2026-09-18T17:54:00.000Z,1.388,1.3898,1.388,1.3894,485725,
1789754220000,2026-09-18T17:57:00.000Z,1.3894,1.3913,1.3888,1.3913,309204,
1789754400000,2026-09-18T18:00:00.000Z,1.3913,1.3913,1.3879,1.3888,231639,
1789754580000,2026-09-18T18:03:00.000Z,1.3888,1.3894,1.3872,1.3894,60369,
1789754760000,2026-09-18T18:06:00.000Z,1.3894,1.3916,1.3889,1.3899,164930,
1789754940000,2026-09-18T18:09:00.000Z,1.3899,1.3905,1.3895,1.3904,89595,
1789755120000,2026-09-18T18:12:00.000Z,1.3904,1.3918,1.3881,1.3915,474663,
1789755300000,2026-09-18T18:15:00.000Z,1.3915,1.3926,1.3907,1.3922,111328,
1789755480000,2026-09-18T18:18:00.000Z,1.3922,1.3937,1.3909,1.3927,271230,
1789755660000,2026-09-18T18:21:00.000Z,1.3927,1.3927,1.3901,1.3901,288167,
1789755840000,2026-09-18T18:24:00.000Z,1.3901,1.3911,1.3889,1.3901,163803,
1789756020000,2026-09-18T18:27:00.000Z,1.3901,1.3918,1.3893,1.3912,100023,
1789756200000,2026-09-18T18:30:00.000Z,1.3912,1.3915,1.3865,1.3904,199215,
1789756380000,2026-09-18T18:33:00.000Z,1.3904,1.3912,1.387,1.3889,215752,
1789756560000,2026-09-18T18:36:00.000Z,1.3889,1.392,1.3887,1.3901,165994,
1789756740000,2026-09-18T18:39:00.000Z,1.3901,1.3905,1.3882,1.3886,96645,
1789756920000,2026-09-18T18:42:00.000Z,1.3886,1.3898,1.388,1.3882,61964,
1789757100000,2026-09-18T18:45:00.000Z,1.3882,1.3899,1.3874,1.3896,168462,
1789757280000,2026-09-18T18:48:00.000Z,1.3896,1.3896,1.3863,1.3865,96526,
1789757460000,2026-09-18T18:51:00.000Z,1.3865,1.3891,1.3863,1.3888,167008,
1789757640000,2026-09-18T18:54:00.000Z,1.3888,1.3888,1.3853,1.3853,101096,
1789757820000,2026-09-18T18:57:00.000Z,1.3853,1.3869,1.3845,1.3861,235892,
1789758000000,2026-09-18T19:00:00.000Z,1.3861,1.3876,1.3857,1.387,120921,
1789758180000,2026-09-18T19:03:00.000Z,1.387,1.3919,1.387,1.3919,144748,
1789758360000,2026-09-18T19:06:00.000Z,1.3919,1.3936,1.3916,1.3921,94298,
1789758540000,2026-09-18T19:09:00.000Z,1.3921,1.3966,1.3921,1.3966,341326,
1789758720000,2026-09-18T19:12:00.000Z,1.3966,1.3988,1.3955,1.3985,334586,
1789758900000,2026-09-18T19:15:00.000Z,1.3985,1.401,1.396,1.3981,400627,
1789759080000,2026-09-18T19:18:00.000Z,1.3981,1.4022,1.398,1.4001,282562,
1789759260000,2026-09-18T19:21:00.000Z,1.4001,1.4009,1.3974,1.3977,308829,
1789759440000,2026-09-18T19:24:00.000Z,1.3977,1.4003,1.3961,1.3997,255679,
1789759620000,2026-09-18T19:27:00.000Z,1.3997,1.4027,1.3977,1.401,455485,
1789759800000,2026-09-18T19:30:00.000Z,1.401,1.407,1.4001,1.405,647113,
1789759980000,2026-09-18T19:33:00.000Z,1.405,1.406,1.4006,1.4018,260482,
1789760160000,2026-09-18T19:36:00.000Z,1.4018,1.4055,1.4018,1.4047,347336,
1789760340000,2026-09-18T19:39:00.000Z,1.4047,1.408,1.4021,1.408,337070,
1789760520000,2026-09-18T19:42:00.000Z,1.408,1.4085,1.4056,1.4076,278686,
1789760700000,2026-09-18T19:45:00.000Z,1.4076,1.4076,1.4052,1.4058,155970,
1789760880000,2026-09-18T19:48:00.000Z,1.4058,1.4062,1.4019,1.4034,291510,
1789761060000,2026-09-18T19:51:00.000Z,1.4034,1.4034,1.3996,1.3999,293892,
1789761240000,2026-09-18T19:54:00.000Z,1.3999,1.4008,1.3966,1.3988,548228,
1789761420000,2026-09-18T19:57:00.000Z,1.3988,1.4129,1.3984,1.4119,1405883,
1789761600000,2026-09-18T20:00:00.000Z,1.4119,1.4119,1.4034,1.4075,624792,
1789761780000,2026-09-18T20:03:00.000Z,1.4075,1.4136,1.4064,1.4128,396543,
1789761960000,2026-09-18T20:06:00.000Z,1.4128,1.4142,1.4075,1.4078,176448,
1789762140000,2026-09-18T20:09:00.000Z,1.4078,1.4082,1.4058,1.4065,272604,
1789762320000,2026-09-18T20:12:00.000Z,1.4065,1.4084,1.4056,1.4075,348834,
1789762500000,2026-09-18T20:15:00.000Z,1.4075,1.4112,1.4062,1.411,312133,
1789762680000,2026-09-18T20:18:00.000Z,1.411,1.4118,1.4084,1.4094,140503,
1789762860000,2026-09-18T20:21:00.000Z,1.4094,1.4098,1.4045,1.4045,404977,
1789763040000,2026-09-18T20:24:00.000Z,1.4045,1.4046,1.4017,1.4033,419995,
1789763220000,2026-09-18T20:27:00.000Z,1.4033,1.4041,1.4009,1.4026,147177,
1789763400000,2026-09-18T20:30:00.000Z,1.4026,1.4031,1.4002,1.4002,206991,
1789763580000,2026-09-18T20:33:00.000Z,1.4002,1.4023,1.4002,1.4014,62468,
1789763760000,2026-09-18T20:36:00.000Z,1.4014,1.4023,1.3982,1.3983,262482,
1789763940000,2026-09-18T20:39:00.000Z,1.3983,1.4033,1.3982,1.4033,274592,
1789764120000,2026-09-18T20:42:00.000Z,1.4033,1.4058,1.4031,1.4056,100485,
1789764300000,2026-09-18T20:45:00.000Z,1.4056,1.4078,1.4053,1.4057,152976,
1789764480000,2026-09-18T20:48:00.000Z,1.4057,1.4066,1.4019,1.4032,508575,
1789764660000,2026-09-18T20:51:00.000Z,1.4032,1.4043,1.4007,1.4007,141864,
1789764840000,2026-09-18T20:54:00.000Z,1.4007,1.4024,1.4,1.4004,151875,
1789765020000,2026-09-18T20:57:00.000Z,1.4004,1.4032,1.3993,1.4026,310531,
1789765200000,2026-09-18T21:00:00.000Z,1.4026,1.4034,1.3982,1.3998,326682,
1789765380000,2026-09-18T21:03:00.000Z,1.3998,1.4042,1.3995,1.4021,346164,
1789765560000,2026-09-18T21:06:00.000Z,1.4021,1.4079,1.402,1.407,148147,
1789765740000,2026-09-18T21:09:00.000Z,1.407,1.4079,1.4036,1.4045,292557,
1789765920000,2026-09-18T21:12:00.000Z,1.4045,1.4075,1.4045,1.4069,116221,
1789766100000,2026-09-18T21:15:00.000Z,1.4069,1.4074,1.4027,1.4028,254375,
1789766280000,2026-09-18T21:18:00.000Z,1.4028,1.403,1.3999,1.4003,111419,
1789766460000,2026-09-18T21:21:00.000Z,1.4003,1.4032,1.3998,1.4009,115121,
1789766640000,2026-09-18T21:24:00.000Z,1.4009,1.4016,1.4002,1.4014,19273,
1789766820000,2026-09-18T21:27:00.000Z,1.4014,1.4026,1.4011,1.4024,23621,
1789767000000,2026-09-18T21:30:00.000Z,1.4024,1.4031,1.3998,1.4022,182409,
1789767180000,2026-09-18T21:33:00.000Z,1.4022,1.4022,1.4013,1.4016,71450,
1789767360000,2026-09-18T21:36:00.000Z,1.4016,1.4024,1.401,1.4018,49048,
1789767540000,2026-09-18T21:39:00.000Z,1.4018,1.4028,1.4004,1.4009,129398,
1789767720000,2026-09-18T21:42:00.000Z,1.4009,1.4019,1.3985,1.3987,75178,
1789767900000,2026-09-18T21:45:00.000Z,1.3987,1.4018,1.3978,1.4012,186092,
1789768080000,2026-09-18T21:48:00.000Z,1.4012,1.4014,1.4,1.4,82956,
1789768260000,2026-09-18T21:51:00.000Z,1.4,1.4019,1.3999,1.4018,45269,
1789768440000,2026-09-18T21:54:00.000Z,1.4018,1.402,1.4004,1.4011,19823,
1789768620000,2026-09-18T21:57:00.000Z,1.4011,1.4017,1.4004,1.4007,51060,
1789768800000,2026-09-18T22:00:00.000Z,1.4007,1.4024,1.4004,1.4024,106940,
1789768980000,2026-09-18T22:03:00.000Z,1.4024,1.4038,1.4017,1.4017,209656,
1789769160000,2026-09-18T22:06:00.000Z,1.4017,1.4029,1.4006,1.402,139265,
1789769340000,2026-09-18T22:09:00.000Z,1.402,1.4031,1.4014,1.4014,40721,
1789769520000,2026-09-18T22:12:00.000Z,1.4014,1.4027,1.3996,1.4026,257403,
1789769700000,2026-09-18T22:15:00.000Z,1.4026,1.4039,1.4025,1.4038,58195,
1789769880000,2026-09-18T22:18:00.000Z,1.4038,1.4052,1.4023,1.4029,189154,
1789770060000,2026-09-18T22:21:00.000Z,1.4029,1.4037,1.3997,1.3999,251403,
1789770240000,2026-09-18T22:24:00.000Z,1.3999,1.4007,1.3998,1.4003,59812,
1789770420000,2026-09-18T22:27:00.000Z,1.4003,1.4005,1.3992,1.3992,54679,
1789770600000,2026-09-18T22:30:00.000Z,1.3992,1.3996,1.3951,1.3952,358112,
1789770780000,2026-09-18T22:33:00.000Z,1.3952,1.3977,1.3946,1.3946,380187,
1789770960000,2026-09-18T22:36:00.000Z,1.3946,1.3946,1.3918,1.3944,270525,
1789771140000,2026-09-18T22:39:00.000Z,1.3944,1.3977,1.3944,1.3975,98014,
1789771320000,2026-09-18T22:42:00.000Z,1.3975,1.3978,1.3963,1.3966,92878,
1789771500000,2026-09-18T22:45:00.000Z,1.3966,1.3976,1.3964,1.3975,54638,
1789771680000,2026-09-18T22:48:00.000Z,1.3975,1.3975,1.3961,1.3965,171613,
1789771860000,2026-09-18T22:51:00.000Z,1.3965,1.397,1.3953,1.3955,43753,
1789772040000,2026-09-18T22:54:00.000Z,1.3955,1.3979,1.3955,1.3975,130263,
1789772220000,2026-09-18T22:57:00.000Z,1.3975,1.4003,1.3971,1.3979,298755,
1789772400000,2026-09-18T23:00:00.000Z,1.3979,1.4015,1.3979,1.3988,152278,
1789772580000,2026-09-18T23:03:00.000Z,1.3988,1.3988,1.3954,1.3963,306902,
1789772760000,2026-09-18T23:06:00.000Z,1.3963,1.3975,1.3959,1.3975,91893,
1789772940000,2026-09-18T23:09:00.000Z,1.3975,1.3993,1.3969,1.399,43567,
1789773120000,2026-09-18T23:12:00.000Z,1.399,1.3994,1.3983,1.399,49168,
1789773300000,2026-09-18T23:15:00.000Z,1.399,1.4002,1.398,1.398,44049,
1789773480000,2026-09-18T23:18:00.000Z,1.398,1.3984,1.3977,1.3984,45826,
1789773660000,2026-09-18T23:21:00.000Z,1.3984,1.3991,1.3982,1.3987,26896,
1789773840000,2026-09-18T23:24:00.000Z,1.3987,1.3987,1.396,1.3967,321641,
1789774020000,2026-09-18T23:27:00.000Z,1.3967,1.3995,1.3962,1.3972,211876,
1789774200000,2026-09-18T23:30:00.000Z,1.3972,1.3975,1.3962,1.3972,196926,
1789774380000,2026-09-18T23:33:00.000Z,1.3972,1.3974,1.3945,1.3947,246113,
1789774560000,2026-09-18T23:36:00.000Z,1.3947,1.3957,1.3934,1.3948,74608,
1789774740000,2026-09-18T23:39:00.000Z,1.3948,1.3971,1.3943,1.3971,356718,
1789774920000,2026-09-18T23:42:00.000Z,1.3971,1.3971,1.3955,1.3955,82195,
1789775100000,2026-09-18T23:45:00.000Z,1.3955,1.3968,1.3954,1.3968,17233,
1789775280000,2026-09-18T23:48:00.000Z,1.3968,1.3972,1.3959,1.3962,49634,
1789775460000,2026-09-18T23:51:00.000Z,1.3962,1.3966,1.3952,1.3959,91014,
1789775640000,2026-09-18T23:54:00.000Z,1.3959,1.3969,1.3957,1.3965,20820,
1789775820000,2026-09-18T23:57:00.000Z,1.3965,1.3975,1.3958,1.3963,264303,
1789776000000,2026-09-19T00:00:00.000Z,1.3963,1.3974,1.3962,1.3966,50321,
1789776180000,2026-09-19T00:03:00.000Z,1.3966,1.3966,1.3952,1.3952,64896,
1789776360000,2026-09-19T00:06:00.000Z,1.3952,1.3981,1.3947,1.397,153829,
1789776540000,2026-09-19T00:09:00.000Z,1.397,1.4004,1.3961,1.3998,399812,
1789776720000,2026-09-19T00:12:00.000Z,1.3998,1.404,1.3998,1.4037,113165,
1789776900000,2026-09-19T00:15:00.000Z,1.4037,1.4049,1.4028,1.4047,169611,
1789777080000,2026-09-19T00:18:00.000Z,1.4047,1.4078,1.404,1.4042,860208,
1789777260000,2026-09-19T00:21:00.000Z,1.4042,1.4044,1.4011,1.4014,193821,
1789777440000,2026-09-19T00:24:00.000Z,1.4014,1.405,1.4012,1.405,88355,
1789777620000,2026-09-19T00:27:00.000Z,1.405,1.4096,1.4049,1.4094,79923,
1789777800000,2026-09-19T00:30:00.000Z,1.4094,1.4158,1.4094,1.4152,694344,
1789777980000,2026-09-19T00:33:00.000Z,1.4152,1.4175,1.4121,1.4159,552753,
1789778160000,2026-09-19T00:36:00.000Z,1.4159,1.4179,1.4149,1.4169,555090,
1789778340000,2026-09-19T00:39:00.000Z,1.4169,1.4195,1.4154,1.418,266953,
1789778520000,2026-09-19T00:42:00.000Z,1.418,1.4211,1.4176,1.4176,622335,
1789778700000,2026-09-19T00:45:00.000Z,1.4176,1.4176,1.4095,1.4105,448330,
1789778880000,2026-09-19T00:48:00.000Z,1.4105,1.4135,1.4079,1.4128,610193,
1789779060000,2026-09-19T00:51:00.000Z,1.4128,1.4134,1.4099,1.4114,263145,
1789779240000,2026-09-19T00:54:00.000Z,1.4114,1.4139,1.4097,1.4097,297074,
1789779420000,2026-09-19T00:57:00.000Z,1.4097,1.4102,1.4081,1.4085,402921,
1789779600000,2026-09-19T01:00:00.000Z,1.4085,1.4122,1.4071,1.4092,342574,
1789779780000,2026-09-19T01:03:00.000Z,1.4092,1.4092,1.4051,1.4051,556009,
1789779960000,2026-09-19T01:06:00.000Z,1.4051,1.4107,1.405,1.4087,350918,
1789780140000,2026-09-19T01:09:00.000Z,1.4087,1.4097,1.4039,1.4057,225999,
1789780320000,2026-09-19T01:12:00.000Z,1.4057,1.4066,1.4025,1.4026,187829,
1789780500000,2026-09-19T01:15:00.000Z,1.4026,1.404,1.3995,1.3995,453755,
1789780680000,2026-09-19T01:18:00.000Z,1.3995,1.4001,1.3963,1.3964,456997,
1789780860000,2026-09-19T01:21:00.000Z,1.3964,1.3994,1.3925,1.3993,379484,
1789781040000,2026-09-19T01:24:00.000Z,1.3993,1.4011,1.399,1.4009,231506,
1789781220000,2026-09-19T01:27:00.000Z,1.4009,1.4037,1.4003,1.4014,414406,
1789781400000,2026-09-19T01:30:00.000Z,1.4014,1.4019,1.3993,1.3993,205498,
1789781580000,2026-09-19T01:33:00.000Z,1.3993,1.3993,1.3969,1.3969,164973,
1789781760000,2026-09-19T01:36:00.000Z,1.3969,1.3993,1.3949,1.3988,461814,
1789781940000,2026-09-19T01:39:00.000Z,1.3988,1.4012,1.3988,1.4012,141901,
1789782120000,2026-09-19T01:42:00.000Z,1.4012,1.4056,1.4012,1.4053,231429,
1789782300000,2026-09-19T01:45:00.000Z,1.4053,1.409,1.4053,1.4085,179013,
1789782480000,2026-09-19T01:48:00.000Z,1.4085,1.413,1.4084,1.41,555390,
1789782660000,2026-09-19T01:51:00.000Z,1.41,1.4142,1.4081,1.413,252524,
1789782840000,2026-09-19T01:54:00.000Z,1.413,1.4141,1.4091,1.4105,309322,
1789783020000,2026-09-19T01:57:00.000Z,1.4105,1.4129,1.4095,1.4123,80530,
1789783200000,2026-09-19T02:00:00.000Z,1.4123,1.414,1.411,1.4114,132306,
1789783380000,2026-09-19T02:03:00.000Z,1.4114,1.4139,1.4112,1.4138,83642,
1789783560000,2026-09-19T02:06:00.000Z,1.4138,1.4161,1.4132,1.4146,306610,
1789783740000,2026-09-19T02:09:00.000Z,1.4146,1.418,1.4146,1.4178,153316,
1789783920000,2026-09-19T02:12:00.000Z,1.4178,1.4195,1.4158,1.4158,383215,
1789784100000,2026-09-19T02:15:00.000Z,1.4158,1.4158,1.4135,1.4137,208479,
1789784280000,2026-09-19T02:18:00.000Z,1.4137,1.4176,1.4134,1.4164,514376,
1789784460000,2026-09-19T02:21:00.000Z,1.4164,1.4219,1.4162,1.4218,222674,
1789784640000,2026-09-19T02:24:00.000Z,1.4218,1.4243,1.4182,1.4196,896347,
1789784820000,2026-09-19T02:27:00.000Z,1.4196,1.4196,1.4163,1.4164,282362,
1789785000000,2026-09-19T02:30:00.000Z,1.4164,1.4204,1.4146,1.4199,585248,
1789785180000,2026-09-19T02:33:00.000Z,1.4199,1.4201,1.4167,1.4196,208614,
1789785360000,2026-09-19T02:36:00.000Z,1.4196,1.4278,1.4196,1.4235,1111723,
1789785540000,2026-09-19T02:39:00.000Z,1.4235,1.4244,1.4212,1.4234,334190,
1789785720000,2026-09-19T02:42:00.000Z,1.4234,1.4241,1.4215,1.4221,168881,
1789785900000,2026-09-19T02:45:00.000Z,1.4221,1.4221,1.4186,1.4187,431096,
1789786080000,2026-09-19T02:48:00.000Z,1.4187,1.4193,1.4168,1.4169,268395,
1789786260000,2026-09-19T02:51:00.000Z,1.4169,1.4175,1.4129,1.4143,222599,
1789786440000,2026-09-19T02:54:00.000Z,1.4143,1.4149,1.4125,1.4141,412582,
1789786620000,2026-09-19T02:57:00.000Z,1.4141,1.4146,1.4127,1.4131,178144,
1789786800000,2026-09-19T03:00:00.000Z,1.4131,1.4156,1.4121,1.4156,169257,
1789786980000,2026-09-19T03:03:00.000Z,1.4156,1.4176,1.411,1.4161,557212,
1789787160000,2026-09-19T03:06:00.000Z,1.4161,1.4161,1.414,1.4156,138363,
1789787340000,2026-09-19T03:09:00.000Z,1.4156,1.4157,1.4139,1.4142,29423,
1789787520000,2026-09-19T03:12:00.000Z,1.4142,1.4172,1.4142,1.4168,344396,
1789787700000,2026-09-19T03:15:00.000Z,1.4168,1.4168,1.4122,1.4122,100844,
1789787880000,2026-09-19T03:18:00.000Z,1.4122,1.4131,1.4102,1.4117,167334,
1789788060000,2026-09-19T03:21:00.000Z,1.4117,1.4146,1.4116,1.4124,73701,
1789788240000,2026-09-19T03:24:00.000Z,1.4124,1.4129,1.4115,1.4123,74020,
1789788420000,2026-09-19T03:27:00.000Z,1.4123,1.4124,1.4093,1.41,558144,
1789788600000,2026-09-19T03:30:00.000Z,1.41,1.4101,1.4092,1.4095,118923,
1789788780000,2026-09-19T03:33:00.000Z,1.4095,1.411,1.4095,1.4107,102299,
1789788960000,2026-09-19T03:36:00.000Z,1.4107,1.4117,1.4104,1.4116,72047,
1789789140000,2026-09-19T03:39:00.000Z,1.4116,1.4119,1.4103,1.4119,64161,
1789789320000,2026-09-19T03:42:00.000Z,1.4119,1.4142,1.4119,1.4141,127180,
1789789500000,2026-09-19T03:45:00.000Z,1.4141,1.4142,1.4126,1.414,111279,
1789789680000,2026-09-19T03:48:00.000Z,1.414,1.4175,1.4134,1.4157,391321,
1789789860000,2026-09-19T03:51:00.000Z,1.4157,1.4179,1.4155,1.4172,33408,
1789790040000,2026-09-19T03:54:00.000Z,1.4172,1.4207,1.4172,1.4207,193409,
1789790220000,2026-09-19T03:57:00.000Z,1.4207,1.4207,1.4174,1.4178,128260,
1789790400000,2026-09-19T04:00:00.000Z,1.4178,1.4204,1.4165,1.4201,183547,
1789790580000,2026-09-19T04:03:00.000Z,1.4201,1.4211,1.4191,1.4207,463472,
1789790760000,2026-09-19T04:06:00.000Z,1.4207,1.4248,1.42,1.4241,203137,
1789790940000,2026-09-19T04:09:00.000Z,1.4241,1.4255,1.424,1.4251,250293,
1789791120000,2026-09-19T04:12:00.000Z,1.4251,1.427,1.4242,1.4242,422773,
1789791300000,2026-09-19T04:15:00.000Z,1.4242,1.4242,1.419,1.4192,408264,
1789791480000,2026-09-19T04:18:00.000Z,1.4192,1.4203,1.4183,1.4203,94132,
1789791660000,2026-09-19T04:21:00.000Z,1.4203,1.4221,1.4167,1.4171,195324,
1789791840000,2026-09-19T04:24:00.000Z,1.4171,1.4177,1.4152,1.4154,242098,
1789792020000,2026-09-19T04:27:00.000Z,1.4154,1.4175,1.4144,1.4149,304323,
1789792200000,2026-09-19T04:30:00.000Z,1.4149,1.415,1.4107,1.4109,539397,
1789792380000,2026-09-19T04:33:00.000Z,1.4109,1.412,1.4097,1.4109,301574,
1789792560000,2026-09-19T04:36:00.000Z,1.4109,1.4136,1.4108,1.411,135126,
1789792740000,2026-09-19T04:39:00.000Z,1.411,1.4124,1.4077,1.4123,546967,
1789792920000,2026-09-19T04:42:00.000Z,1.4123,1.415,1.411,1.4125,222415,
1789793100000,2026-09-19T04:45:00.000Z,1.4125,1.4127,1.4097,1.41,328075,
1789793280000,2026-09-19T04:48:00.000Z,1.41,1.4167,1.409,1.4167,311204,
1789793460000,2026-09-19T04:51:00.000Z,1.4167,1.418,1.415,1.415,193324,
1789793640000,2026-09-19T04:54:00.000Z,1.415,1.4169,1.4135,1.4165,69047,
1789793820000,2026-09-19T04:57:00.000Z,1.4165,1.4165,1.4145,1.4145,57009,
1789794000000,2026-09-19T05:00:00.000Z,1.4145,1.4154,1.4137,1.4145,170988,
1789794180000,2026-09-19T05:03:00.000Z,1.4145,1.4172,1.4145,1.4171,95795,
1789794360000,2026-09-19T05:06:00.000Z,1.4171,1.4194,1.4168,1.4193,243683,
1789794540000,2026-09-19T05:09:00.000Z,1.4193,1.4233,1.4193,1.423,644897,
1789794720000,2026-09-19T05:12:00.000Z,1.423,1.4265,1.4223,1.426,922435,
1789794900000,2026-09-19T05:15:00.000Z,1.426,1.426,1.4191,1.4216,454952,
1789795080000,2026-09-19T05:18:00.000Z,1.4216,1.4265,1.4213,1.4222,723558,
1789795260000,2026-09-19T05:21:00.000Z,1.4222,1.4247,1.4189,1.4241,288314,
1789795440000,2026-09-19T05:24:00.000Z,1.4241,1.4341,1.4238,1.4327,1493453,
1789795620000,2026-09-19T05:27:00.000Z,1.4327,1.4365,1.4256,1.4258,1064916,
1789795800000,2026-09-19T05:30:00.000Z,1.4258,1.4341,1.4254,1.43,548679,
1789795980000,2026-09-19T05:33:00.000Z,1.43,1.4319,1.4291,1.4312,207144,
1789796160000,2026-09-19T05:36:00.000Z,1.4312,1.4379,1.4301,1.4369,838199,
1789796340000,2026-09-19T05:39:00.000Z,1.4369,1.4386,1.4358,1.437,497913,
1789796520000,2026-09-19T05:42:00.000Z,1.437,1.4376,1.4355,1.4367,338208,
1789796700000,2026-09-19T05:45:00.000Z,1.4367,1.4392,1.4315,1.4329,483737,
1789796880000,2026-09-19T05:48:00.000Z,1.4329,1.4337,1.4295,1.4325,347876,
1789797060000,2026-09-19T05:51:00.000Z,1.4325,1.435,1.4321,1.4344,325572,
1789797240000,2026-09-19T05:54:00.000Z,1.4344,1.4344,1.4274,1.4276,298350,
1789797420000,2026-09-19T05:57:00.000Z,1.4276,1.4298,1.4252,1.4268,700774,
1789797600000,2026-09-19T06:00:00.000Z,1.4268,1.4301,1.4233,1.4288,771523,
1789797780000,2026-09-19T06:03:00.000Z,1.4288,1.4288,1.4198,1.4236,429487,
1789797960000,2026-09-19T06:06:00.000Z,1.4236,1.4255,1.4223,1.4232,212198,
1789798140000,2026-09-19T06:09:00.000Z,1.4232,1.4233,1.421,1.4215,162591,
1789798320000,2026-09-19T06:12:00.000Z,1.4215,1.424,1.4212,1.4215,90827,
1789798500000,2026-09-19T06:15:00.000Z,1.4215,1.4254,1.4206,1.4248,196858,
1789798680000,2026-09-19T06:18:00.000Z,1.4248,1.4251,1.4212,1.4222,215189,
1789798860000,2026-09-19T06:21:00.000Z,1.4222,1.4226,1.4195,1.4211,185073,
1789799040000,2026-09-19T06:24:00.000Z,1.4211,1.4211,1.4174,1.4176,175586,
1789799220000,2026-09-19T06:27:00.000Z,1.4176,1.4207,1.4159,1.4206,462018,
1789799400000,2026-09-19T06:30:00.000Z,1.4206,1.422,1.4199,1.4214,105632,
1789799580000,2026-09-19T06:33:00.000Z,1.4214,1.4267,1.4214,1.4256,337575,
1789799760000,2026-09-19T06:36:00.000Z,1.4256,1.4286,1.4255,1.4271,451449,
1789799940000,2026-09-19T06:39:00.000Z,1.4271,1.4277,1.4262,1.4266,140802,
1789800120000,2026-09-19T06:42:00.000Z,1.4266,1.4273,1.4253,1.4254,137696,
1789800300000,2026-09-19T06:45:00.000Z,1.4254,1.4267,1.4237,1.4245,106844,
1789800480000,2026-09-19T06:48:00.000Z,1.4245,1.4245,1.421,1.4216,284058,
1789800660000,2026-09-19T06:51:00.000Z,1.4216,1.4226,1.4208,1.4218,115165,
1789800840000,2026-09-19T06:54:00.000Z,1.4218,1.4229,1.4211,1.4226,169617,
1789801020000,2026-09-19T06:57:00.000Z,1.4226,1.4226,1.421,1.4218,64376,
1789801200000,2026-09-19T07:00:00.000Z,1.4218,1.4234,1.4216,1.4222,172889,
1789801380000,2026-09-19T07:03:00.000Z,1.4222,1.4228,1.4182,1.4191,376562,
1789801560000,2026-09-19T07:06:00.000Z,1.4191,1.42,1.4174,1.42,183703,
1789801740000,2026-09-19T07:09:00.000Z,1.42,1.422,1.4197,1.4208,198213,
1789801920000,2026-09-19T07:12:00.000Z,1.4208,1.4218,1.419,1.4218,338218,
1789802100000,2026-09-19T07:15:00.000Z,1.4218,1.4241,1.4192,1.4223,480274,
1789802280000,2026-09-19T07:18:00.000Z,1.4223,1.4235,1.4216,1.4231,219035,
1789802460000,2026-09-19T07:21:00.000Z,1.4231,1.4233,1.4185,1.4186,148742,
1789802640000,2026-09-19T07:24:00.000Z,1.4186,1.4205,1.418,1.4191,291141,
1789802820000,2026-09-19T07:27:00.000Z,1.4191,1.4191,1.417,1.418,331746,
1789803000000,2026-09-19T07:30:00.000Z,1.418,1.4196,1.4162,1.4168,181453,
1789803180000,2026-09-19T07:33:00.000Z,1.4168,1.4173,1.4151,1.4154,253665,
1789803360000,2026-09-19T07:36:00.000Z,1.4154,1.4156,1.4108,1.4115,607457,
1789803540000,2026-09-19T07:39:00.000Z,1.4115,1.4128,1.4111,1.4121,187219,
1789803720000,2026-09-19T07:42:00.000Z,1.4121,1.4128,1.4108,1.4122,208884,
1789803900000,2026-09-19T07:45:00.000Z,1.4122,1.4135,1.411,1.4118,205116,
1789804080000,2026-09-19T07:48:00.000Z,1.4118,1.4121,1.4104,1.4113,181805,
1789804260000,2026-09-19T07:51:00.000Z,1.4113,1.4133,1.4107,1.4124,198182,
1789804440000,2026-09-19T07:54:00.000Z,1.4124,1.4146,1.4114,1.4123,314328,
1789804620000,2026-09-19T07:57:00.000Z,1.4123,1.4124,1.4098,1.4103,288547,
1789804800000,2026-09-19T08:00:00.000Z,1.4103,1.4116,1.4085,1.4107,655618,
1789804980000,2026-09-19T08:03:00.000Z,1.4107,1.4124,1.4103,1.4122,244851,
1789805160000,2026-09-19T08:06:00.000Z,1.4122,1.4143,1.4121,1.4141,370447,
1789805340000,2026-09-19T08:09:00.000Z,1.4141,1.416,1.414,1.4153,175710,
1789805520000,2026-09-19T08:12:00.000Z,1.4153,1.4171,1.4153,1.4167,133584,
1789805700000,2026-09-19T08:15:00.000Z,1.4167,1.4175,1.4162,1.4172,86986,
1789805880000,2026-09-19T08:18:00.000Z,1.4172,1.421,1.4165,1.4208,352336,
1789806060000,2026-09-19T08:21:00.000Z,1.4208,1.4227,1.4155,1.4172,684992,
1789806240000,2026-09-19T08:24:00.000Z,1.4172,1.4175,1.4152,1.4162,202367,
1789806420000,2026-09-19T08:27:00.000Z,1.4162,1.4173,1.4152,1.4162,300961,
1789806600000,2026-09-19T08:30:00.000Z,1.4162,1.4181,1.4155,1.4171,249351,
1789806780000,2026-09-19T08:33:00.000Z,1.4171,1.4201,1.4165,1.4169,131649,
1789806960000,2026-09-19T08:36:00.000Z,1.4169,1.4183,1.4162,1.4169,223372,
1789807140000,2026-09-19T08:39:00.000Z,1.4169,1.4192,1.4167,1.4191,201763,
1789807320000,2026-09-19T08:42:00.000Z,1.4191,1.4191,1.4165,1.4173,112105,
1789807500000,2026-09-19T08:45:00.000Z,1.4173,1.4177,1.4157,1.4167,178045,
1789807680000,2026-09-19T08:48:00.000Z,1.4167,1.417,1.4162,1.4163,76802,
1789807860000,2026-09-19T08:51:00.000Z,1.4163,1.4172,1.4161,1.4166,111946,
1789808040000,2026-09-19T08:54:00.000Z,1.4166,1.4166,1.4153,1.4162,122506,
1789808220000,2026-09-19T08:57:00.000Z,1.4162,1.4162,1.414,1.4148,251987,
1789808400000,2026-09-19T09:00:00.000Z,1.4148,1.4159,1.414,1.4159,294859,
1789808580000,2026-09-19T09:03:00.000Z,1.4159,1.4174,1.4155,1.417,158437,
1789808760000,2026-09-19T09:06:00.000Z,1.417,1.4179,1.4162,1.4176,266237,
1789808940000,2026-09-19T09:09:00.000Z,1.4176,1.4178,1.4143,1.4146,90872,
1789809120000,2026-09-19T09:12:00.000Z,1.4146,1.4154,1.4135,1.4135,74515,
1789809300000,2026-09-19T09:15:00.000Z,1.4135,1.4137,1.4121,1.4121,214331,
1789809480000,2026-09-19T09:18:00.000Z,1.4121,1.4163,1.411,1.4161,302145,
1789809660000,2026-09-19T09:21:00.000Z,1.4161,1.4168,1.4156,1.4156,31723,
1789809840000,2026-09-19T09:24:00.000Z,1.4156,1.4177,1.4155,1.4172,143357,
1789810020000,2026-09-19T09:27:00.000Z,1.4172,1.4172,1.4151,1.4161,124855,
1789810200000,2026-09-19T09:30:00.000Z,1.4161,1.417,1.4137,1.4144,164210,
1789810380000,2026-09-19T09:33:00.000Z,1.4144,1.4145,1.4101,1.4105,440822,
1789810560000,2026-09-19T09:36:00.000Z,1.4105,1.4112,1.4086,1.4089,447943,
1789810740000,2026-09-19T09:39:00.000Z,1.4089,1.4108,1.4088,1.41,320304,
1789810920000,2026-09-19T09:42:00.000Z,1.41,1.4123,1.41,1.412,48550,
1789811100000,2026-09-19T09:45:00.000Z,1.412,1.414,1.4119,1.4133,335861,
1789811280000,2026-09-19T09:48:00.000Z,1.4133,1.4144,1.413,1.4138,148755,
1789811460000,2026-09-19T09:51:00.000Z,1.4138,1.414,1.4125,1.4134,42801,
1789811640000,2026-09-19T09:54:00.000Z,1.4134,1.4143,1.4132,1.4136,37558,
1789811820000,2026-09-19T09:57:00.000Z,1.4136,1.4136,1.4126,1.4126,51188,
1789812000000,2026-09-19T10:00:00.000Z,1.4126,1.414,1.4126,1.4129,18001,
1789812180000,2026-09-19T10:03:00.000Z,1.4129,1.4132,1.4126,1.4126,55291,
1789812360000,2026-09-19T10:06:00.000Z,1.4126,1.4135,1.4114,1.4125,181962,
1789812540000,2026-09-19T10:09:00.000Z,1.4125,1.414,1.4125,1.4137,28622,
1789812720000,2026-09-19T10:12:00.000Z,1.4137,1.4144,1.4134,1.4139,155400,
1789812900000,2026-09-19T10:15:00.000Z,1.4139,1.4145,1.4129,1.4129,14087,
1789813080000,2026-09-19T10:18:00.000Z,1.4129,1.4159,1.4128,1.415,57231,
1789813260000,2026-09-19T10:21:00.000Z,1.415,1.4172,1.4149,1.416,352786,
1789813440000,2026-09-19T10:24:00.000Z,1.416,1.4169,1.416,1.4168,85470,
1789813620000,2026-09-19T10:27:00.000Z,1.4168,1.4187,1.4168,1.4181,147073,
1789813800000,2026-09-19T10:30:00.000Z,1.4181,1.4199,1.4181,1.419,211208,
1789813980000,2026-09-19T10:33:00.000Z,1.419,1.4227,1.419,1.4215,264105,
1789814160000,2026-09-19T10:36:00.000Z,1.4215,1.424,1.4205,1.4223,429845,
1789814340000,2026-09-19T10:39:00.000Z,1.4223,1.4224,1.4201,1.4203,284532,
1789814520000,2026-09-19T10:42:00.000Z,1.4203,1.4213,1.4187,1.4206,301228,
1789814700000,2026-09-19T10:45:00.000Z,1.4206,1.4207,1.4174,1.4174,136207,
1789814880000,2026-09-19T10:48:00.000Z,1.4174,1.4232,1.4174,1.4205,433325,
1789815060000,2026-09-19T10:51:00.000Z,1.4205,1.4214,1.4203,1.4211,157108,
1789815240000,2026-09-19T10:54:00.000Z,1.4211,1.4221,1.4184,1.4188,374661,
1789815420000,2026-09-19T10:57:00.000Z,1.4188,1.4198,1.4173,1.4173,139692,
1789815600000,2026-09-19T11:00:00.000Z,1.4173,1.4228,1.4173,1.4227,169784,
1789815780000,2026-09-19T11:03:00.000Z,1.4227,1.4244,1.4226,1.4243,140032,
1789815960000,2026-09-19T11:06:00.000Z,1.4243,1.4262,1.4239,1.4244,686476,
1789816140000,2026-09-19T11:09:00.000Z,1.4244,1.4254,1.422,1.4226,516069,
1789816320000,2026-09-19T11:12:00.000Z,1.4226,1.4226,1.4208,1.4211,82252,
1789816500000,2026-09-19T11:15:00.000Z,1.4211,1.4263,1.4202,1.4263,444154,
1789816680000,2026-09-19T11:18:00.000Z,1.4263,1.4271,1.4259,1.4262,161671,
1789816860000,2026-09-19T11:21:00.000Z,1.4262,1.4304,1.4262,1.4295,563197,
1789817040000,2026-09-19T11:24:00.000Z,1.4295,1.4295,1.424,1.4247,450199,
1789817220000,2026-09-19T11:27:00.000Z,1.4247,1.426,1.4245,1.4253,150309,
1789817400000,2026-09-19T11:30:00.000Z,1.4253,1.4301,1.4241,1.4301,548466,
1789817580000,2026-09-19T11:33:00.000Z,1.4301,1.4313,1.4267,1.4277,690601,
1789817760000,2026-09-19T11:36:00.000Z,1.4277,1.4298,1.4277,1.4297,82533,
1789817940000,2026-09-19T11:39:00.000Z,1.4297,1.43,1.4276,1.4296,178296,
1789818120000,2026-09-19T11:42:00.000Z,1.4296,1.4315,1.4286,1.4309,161045,
1789818300000,2026-09-19T11:45:00.000Z,1.4309,1.4339,1.4303,1.4312,338325,
1789818480000,2026-09-19T11:48:00.000Z,1.4312,1.4345,1.4306,1.4344,298557,
1789818660000,2026-09-19T11:51:00.000Z,1.4344,1.4376,1.4341,1.4375,366419,
1789818840000,2026-09-19T11:54:00.000Z,1.4375,1.4383,1.436,1.4378,319225,
1789819020000,2026-09-19T11:57:00.000Z,1.4378,1.4381,1.433,1.4343,488649,
1789819200000,2026-09-19T12:00:00.000Z,1.4343,1.4383,1.4324,1.4365,340997,
1789819380000,2026-09-19T12:03:00.000Z,1.4365,1.4365,1.4322,1.434,280400,
1789819560000,2026-09-19T12:06:00.000Z,1.434,1.4362,1.4305,1.4305,543136,
1789819740000,2026-09-19T12:09:00.000Z,1.4305,1.4306,1.4293,1.4302,252814,
1789819920000,2026-09-19T12:12:00.000Z,1.4302,1.4354,1.4302,1.4325,436219,
1789820100000,2026-09-19T12:15:00.000Z,1.4325,1.4344,1.4308,1.4344,119681,
1789820280000,2026-09-19T12:18:00.000Z,1.4344,1.4344,1.4301,1.4302,220774,
1789820460000,2026-09-19T12:21:00.000Z,1.4302,1.4302,1.4276,1.4285,239304,
1789820640000,2026-09-19T12:24:00.000Z,1.4285,1.4309,1.4277,1.4304,151381,
1789820820000,2026-09-19T12:27:00.000Z,1.4304,1.431,1.4284,1.429,157591,
1789821000000,2026-09-19T12:30:00.000Z,1.429,1.4305,1.429,1.4295,74225,
1789821180000,2026-09-19T12:33:00.000Z,1.4295,1.4319,1.4293,1.4317,131369,
1789821360000,2026-09-19T12:36:00.000Z,1.4317,1.4321,1.4305,1.4306,74812,
1789821540000,2026-09-19T12:39:00.000Z,1.4306,1.433,1.4306,1.4329,61703,
1789821720000,2026-09-19T12:42:00.000Z,1.4329,1.4346,1.4296,1.4303,297087,
1789821900000,2026-09-19T12:45:00.000Z,1.4303,1.4303,1.4285,1.4285,54514,
1789822080000,2026-09-19T12:48:00.000Z,1.4285,1.4353,1.426,1.4343,880506,
1789822260000,2026-09-19T12:51:00.000Z,1.4343,1.435,1.433,1.433,51669,
1789822440000,2026-09-19T12:54:00.000Z,1.433,1.4335,1.4296,1.4305,548125,
1789822620000,2026-09-19T12:57:00.000Z,1.4305,1.4343,1.4301,1.4339,160495,
1789822800000,2026-09-19T13:00:00.000Z,1.4339,1.4399,1.4315,1.4388,834485,
1789822980000,2026-09-19T13:03:00.000Z,1.4388,1.4449,1.4383,1.4444,1061042,
1789823160000,2026-09-19T13:06:00.000Z,1.4444,1.4482,1.4389,1.4452,1510904,
1789823340000,2026-09-19T13:09:00.000Z,1.4452,1.4456,1.4389,1.4389,603995,
1789823520000,2026-09-19T13:12:00.000Z,1.4389,1.4452,1.4353,1.4438,1492065,
1789823700000,2026-09-19T13:15:00.000Z,1.4438,1.4497,1.4425,1.4478,623096,
1789823880000,2026-09-19T13:18:00.000Z,1.4478,1.449,1.4412,1.4419,902715,
1789824060000,2026-09-19T13:21:00.000Z,1.4419,1.4445,1.4412,1.4435,561511,
1789824240000,2026-09-19T13:24:00.000Z,1.4435,1.4435,1.4405,1.4413,187474,
1789824420000,2026-09-19T13:27:00.000Z,1.4413,1.4413,1.4354,1.4361,416130,
1789824600000,2026-09-19T13:30:00.000Z,1.4361,1.4395,1.4315,1.4359,1296887,
1789824780000,2026-09-19T13:33:00.000Z,1.4359,1.4382,1.4346,1.4372,96664,
1789824960000,2026-09-19T13:36:00.000Z,1.4372,1.439,1.4346,1.4348,119163,
1789825140000,2026-09-19T13:39:00.000Z,1.4348,1.4364,1.4335,1.434,241129,
1789825320000,2026-09-19T13:42:00.000Z,1.434,1.4358,1.4332,1.4349,309151,
1789825500000,2026-09-19T13:45:00.000Z,1.4349,1.4366,1.4331,1.4354,333073,
1789825680000,2026-09-19T13:48:00.000Z,1.4354,1.436,1.4319,1.4321,395550,
1789825860000,2026-09-19T13:51:00.000Z,1.4321,1.4343,1.432,1.4341,72841,
1789826040000,2026-09-19T13:54:00.000Z,1.4341,1.4369,1.434,1.4369,196073,
1789826220000,2026-09-19T13:57:00.000Z,1.4369,1.4399,1.4369,1.437,243689,
1789826400000,2026-09-19T14:00:00.000Z,1.437,1.4427,1.4365,1.4422,197248,
1789826580000,2026-09-19T14:03:00.000Z,1.4422,1.4437,1.439,1.4396,897095,
1789826760000,2026-09-19T14:06:00.000Z,1.4396,1.4401,1.4377,1.4386,246370,
1789826940000,2026-09-19T14:09:00.000Z,1.4386,1.4401,1.4381,1.4396,235777,
1789827120000,2026-09-19T14:12:00.000Z,1.4396,1.4422,1.4364,1.4415,522149,
1789827300000,2026-09-19T14:15:00.000Z,1.4415,1.4481,1.4415,1.448,443415,
1789827480000,2026-09-19T14:18:00.000Z,1.448,1.4545,1.448,1.4518,2572931,
1789827660000,2026-09-19T14:21:00.000Z,1.4518,1.4531,1.4467,1.4497,765506,
1789827840000,2026-09-19T14:24:00.000Z,1.4497,1.4508,1.4475,1.4479,649997,
1789828020000,2026-09-19T14:27:00.000Z,1.4479,1.448,1.4446,1.4466,795041,
1789828200000,2026-09-19T14:30:00.000Z,1.4466,1.4467,1.4443,1.4456,262620,
1789828380000,2026-09-19T14:33:00.000Z,1.4456,1.4456,1.4391,1.4415,526801,
1789828560000,2026-09-19T14:36:00.000Z,1.4415,1.444,1.4374,1.4378,1245687,
1789828740000,2026-09-19T14:39:00.000Z,1.4378,1.4392,1.4366,1.4382,268645,
1789828920000,2026-09-19T14:42:00.000Z,1.4382,1.4416,1.4379,1.438,278703,
1789829100000,2026-09-19T14:45:00.000Z,1.438,1.4405,1.4376,1.4387,257450,
1789829280000,2026-09-19T14:48:00.000Z,1.4387,1.4402,1.4361,1.4397,199539,
1789829460000,2026-09-19T14:51:00.000Z,1.4397,1.44,1.4364,1.4366,233690,
1789829640000,2026-09-19T14:54:00.000Z,1.4366,1.4398,1.4357,1.4394,392537,
1789829820000,2026-09-19T14:57:00.000Z,1.4394,1.4399,1.4379,1.4379,226721,
1789830000000,2026-09-19T15:00:00.000Z,1.4379,1.4394,1.4371,1.4376,156251,
1789830180000,2026-09-19T15:03:00.000Z,1.4376,1.4417,1.4376,1.4407,220719,
1789830360000,2026-09-19T15:06:00.000Z,1.4407,1.4413,1.4403,1.4404,79989,
1789830540000,2026-09-19T15:09:00.000Z,1.4404,1.4412,1.4361,1.437,599786,
1789830720000,2026-09-19T15:12:00.000Z,1.437,1.4376,1.4346,1.4348,266160,
1789830900000,2026-09-19T15:15:00.000Z,1.4348,1.4374,1.434,1.4371,272336,
1789831080000,2026-09-19T15:18:00.000Z,1.4371,1.4371,1.4322,1.4347,278610,
1789831260000,2026-09-19T15:21:00.000Z,1.4347,1.4354,1.4336,1.4349,183921,
1789831440000,2026-09-19T15:24:00.000Z,1.4349,1.4359,1.4334,1.4335,168126,
1789831620000,2026-09-19T15:27:00.000Z,1.4335,1.4339,1.4266,1.4295,1147622,
1789831800000,2026-09-19T15:30:00.000Z,1.4295,1.4335,1.428,1.4305,672875,
1789831980000,2026-09-19T15:33:00.000Z,1.4305,1.4327,1.4297,1.4325,356598,
1789832160000,2026-09-19T15:36:00.000Z,1.4325,1.4343,1.4324,1.4324,182547,
1789832340000,2026-09-19T15:39:00.000Z,1.4324,1.4376,1.4324,1.4363,480976,
1789832520000,2026-09-19T15:42:00.000Z,1.4363,1.4384,1.4356,1.4366,343806,
1789832700000,2026-09-19T15:45:00.000Z,1.4366,1.4366,1.4319,1.4325,285757,
1789832880000,2026-09-19T15:48:00.000Z,1.4325,1.4332,1.4307,1.4322,149140,
1789833060000,2026-09-19T15:51:00.000Z,1.4322,1.4335,1.4319,1.4332,105955,
1789833240000,2026-09-19T15:54:00.000Z,1.4332,1.4334,1.429,1.4298,657933,
1789833420000,2026-09-19T15:57:00.000Z,1.4298,1.4317,1.4297,1.4305,242592,
1789833600000,2026-09-19T16:00:00.000Z,1.4305,1.4318,1.4276,1.4282,275663,
1789833780000,2026-09-19T16:03:00.000Z,1.4282,1.4293,1.4245,1.4286,1217056,
1789833960000,2026-09-19T16:06:00.000Z,1.4286,1.4325,1.4284,1.4295,448435,
1789834140000,2026-09-19T16:09:00.000Z,1.4295,1.4335,1.429,1.4333,478438,
1789834320000,2026-09-19T16:12:00.000Z,1.4333,1.4365,1.4331,1.435,534746,
1789834500000,2026-09-19T16:15:00.000Z,1.435,1.4365,1.4338,1.4346,138561,
1789834680000,2026-09-19T16:18:00.000Z,1.4346,1.436,1.4337,1.4344,241752,
1789834860000,2026-09-19T16:21:00.000Z,1.4344,1.4363,1.4335,1.4339,209082,
1789835040000,2026-09-19T16:24:00.000Z,1.4339,1.4375,1.4339,1.4362,437087,
1789835220000,2026-09-19T16:27:00.000Z,1.4362,1.4362,1.4332,1.4332,138996,
1789835400000,2026-09-19T16:30:00.000Z,1.4332,1.4332,1.4309,1.4323,187812,
1789835580000,2026-09-19T16:33:00.000Z,1.4323,1.4351,1.4322,1.4349,447340,
1789835760000,2026-09-19T16:36:00.000Z,1.4349,1.4369,1.4333,1.4362,1099745,
1789835940000,2026-09-19T16:39:00.000Z,1.4362,1.437,1.4341,1.4355,491427,
1789836120000,2026-09-19T16:42:00.000Z,1.4355,1.4356,1.4338,1.4338,70199,
1789836300000,2026-09-19T16:45:00.000Z,1.4338,1.4351,1.4338,1.4343,68828,
1789836480000,2026-09-19T16:48:00.000Z,1.4343,1.4367,1.4343,1.4343,253042,
1789836660000,2026-09-19T16:51:00.000Z,1.4343,1.4343,1.432,1.4329,181145,
1789836840000,2026-09-19T16:54:00.000Z,1.4329,1.4348,1.4329,1.434,99580,
1789837020000,2026-09-19T16:57:00.000Z,1.434,1.4361,1.434,1.434,111023,
1789837200000,2026-09-19T17:00:00.000Z,1.434,1.4352,1.4331,1.4348,128634,
1789837380000,2026-09-19T17:03:00.000Z,1.4348,1.4363,1.4341,1.4352,80493,
1789837560000,2026-09-19T17:06:00.000Z,1.4352,1.4393,1.4352,1.4393,136899,
1789837740000,2026-09-19T17:09:00.000Z,1.4393,1.4451,1.438,1.4421,1198054,
1789837920000,2026-09-19T17:12:00.000Z,1.4421,1.4425,1.4388,1.4394,455069,
1789838100000,2026-09-19T17:15:00.000Z,1.4394,1.4398,1.4376,1.4381,199862,
1789838280000,2026-09-19T17:18:00.000Z,1.4381,1.4412,1.4318,1.4331,861298,
1789838460000,2026-09-19T17:21:00.000Z,1.4331,1.4358,1.4295,1.4305,337602,
1789838640000,2026-09-19T17:24:00.000Z,1.4305,1.4312,1.4273,1.4282,345086,
1789838820000,2026-09-19T17:27:00.000Z,1.4282,1.4308,1.4264,1.4284,192744,
1789839000000,2026-09-19T17:30:00.000Z,1.4284,1.4325,1.4282,1.4293,469653,
1789839180000,2026-09-19T17:33:00.000Z,1.4293,1.4311,1.4252,1.4275,420998,
1789839360000,2026-09-19T17:36:00.000Z,1.4275,1.4278,1.4223,1.4246,660846,
1789839540000,2026-09-19T17:39:00.000Z,1.4246,1.4247,1.4234,1.4237,99638,
1789839720000,2026-09-19T17:42:00.000Z,1.4237,1.4255,1.4234,1.4235,93225,
1789839900000,2026-09-19T17:45:00.000Z,1.4235,1.4256,1.4235,1.4247,184403,
1789840080000,2026-09-19T17:48:00.000Z,1.4247,1.4275,1.4242,1.4256,356339,
1789840260000,2026-09-19T17:51:00.000Z,1.4256,1.4269,1.4256,1.4267,95472,
1789840440000,2026-09-19T17:54:00.000Z,1.4267,1.427,1.4257,1.427,115184,
1789840620000,2026-09-19T17:57:00.000Z,1.427,1.428,1.4266,1.4273,229053,
1789840800000,2026-09-19T18:00:00.000Z,1.4273,1.4318,1.4273,1.4312,245044,
1789840980000,2026-09-19T18:03:00.000Z,1.4312,1.4324,1.43,1.4312,222562,
1789841160000,2026-09-19T18:06:00.000Z,1.4312,1.4324,1.4279,1.4279,422794,
1789841340000,2026-09-19T18:09:00.000Z,1.4279,1.4305,1.4276,1.4296,116896,
1789841520000,2026-09-19T18:12:00.000Z,1.4296,1.4298,1.4244,1.4253,143193,
1789841700000,2026-09-19T18:15:00.000Z,1.4253,1.4283,1.4216,1.4269,557562,
1789841880000,2026-09-19T18:18:00.000Z,1.4269,1.4269,1.4226,1.4244,150447,
1789842060000,2026-09-19T18:21:00.000Z,1.4244,1.4265,1.4238,1.4241,92037,
1789842240000,2026-09-19T18:24:00.000Z,1.4241,1.4249,1.4233,1.4246,64955,
1789842420000,2026-09-19T18:27:00.000Z,1.4246,1.4248,1.4231,1.4239,24117,
1789842600000,2026-09-19T18:30:00.000Z,1.4239,1.4259,1.4204,1.4231,456644,
1789842780000,2026-09-19T18:33:00.000Z,1.4231,1.4277,1.4231,1.427,134202,
1789842960000,2026-09-19T18:36:00.000Z,1.427,1.4297,1.427,1.4293,77736,
1789843140000,2026-09-19T18:39:00.000Z,1.4293,1.4301,1.4281,1.4281,40699,
1789843320000,2026-09-19T18:42:00.000Z,1.4281,1.4285,1.4267,1.4267,21087,
1789843500000,2026-09-19T18:45:00.000Z,1.4267,1.4278,1.4248,1.4259,441696,
1789843680000,2026-09-19T18:48:00.000Z,1.4259,1.4263,1.4246,1.4248,155162,
1789843860000,2026-09-19T18:51:00.000Z,1.4248,1.4271,1.4248,1.4265,58332,
1789844040000,2026-09-19T18:54:00.000Z,1.4265,1.4305,1.426,1.4305,341841,
1789844220000,2026-09-19T18:57:00.000Z,1.4305,1.4308,1.4296,1.4297,61139,
1789844400000,2026-09-19T19:00:00.000Z,1.4297,1.4306,1.4291,1.4305,55799,
1789844580000,2026-09-19T19:03:00.000Z,1.4305,1.432,1.4303,1.4314,146477,
1789844760000,2026-09-19T19:06:00.000Z,1.4314,1.4315,1.4272,1.4286,206842,
1789844940000,2026-09-19T19:09:00.000Z,1.4286,1.4305,1.4286,1.4302,89563,
1789845120000,2026-09-19T19:12:00.000Z,1.4302,1.4302,1.4258,1.4261,317562,
1789845300000,2026-09-19T19:15:00.000Z,1.4261,1.4278,1.4257,1.4271,86136,
1789845480000,2026-09-19T19:18:00.000Z,1.4271,1.4302,1.4254,1.4293,281767,
1789845660000,2026-09-19T19:21:00.000Z,1.4293,1.4297,1.4285,1.4292,81871,
1789845840000,2026-09-19T19:24:00.000Z,1.4292,1.431,1.4287,1.4296,221598,
1789846020000,2026-09-19T19:27:00.000Z,1.4296,1.4312,1.4258,1.4262,305965,
1789846200000,2026-09-19T19:30:00.000Z,1.4262,1.4274,1.4257,1.4272,69647,
1789846380000,2026-09-19T19:33:00.000Z,1.4272,1.4289,1.4272,1.4285,26310,
1789846560000,2026-09-19T19:36:00.000Z,1.4285,1.4285,1.4263,1.4264,16558,
1789846740000,2026-09-19T19:39:00.000Z,1.4264,1.4304,1.4264,1.4304,74192,
1789846920000,2026-09-19T19:42:00.000Z,1.4304,1.4317,1.43,1.4305,34794,
1789847100000,2026-09-19T19:45:00.000Z,1.4305,1.4328,1.4296,1.4328,83170,
1789847280000,2026-09-19T19:48:00.000Z,1.4328,1.4328,1.4313,1.4314,29873,
1789847460000,2026-09-19T19:51:00.000Z,1.4314,1.4316,1.4306,1.4306,66002,
1789847640000,2026-09-19T19:54:00.000Z,1.4306,1.4306,1.4276,1.4277,34733,
1789847820000,2026-09-19T19:57:00.000Z,1.4277,1.4295,1.4262,1.4275,1022495,
1789848000000,2026-09-19T20:00:00.000Z,1.4275,1.4287,1.4258,1.4266,234702,
1789848180000,2026-09-19T20:03:00.000Z,1.4266,1.4284,1.4256,1.4274,163758,
1789848360000,2026-09-19T20:06:00.000Z,1.4274,1.4315,1.4274,1.431,66377,
1789848540000,2026-09-19T20:09:00.000Z,1.431,1.431,1.429,1.4308,201566,
1789848720000,2026-09-19T20:12:00.000Z,1.4308,1.4326,1.4291,1.4316,136959,
1789848900000,2026-09-19T20:15:00.000Z,1.4316,1.4316,1.4284,1.4284,106305,
1789849080000,2026-09-19T20:18:00.000Z,1.4284,1.4321,1.4271,1.432,110772,
1789849260000,2026-09-19T20:21:00.000Z,1.432,1.4353,1.4317,1.4319,297920,
1789849440000,2026-09-19T20:24:00.000Z,1.4319,1.4327,1.4292,1.4293,366167,
1789849620000,2026-09-19T20:27:00.000Z,1.4293,1.4298,1.4265,1.4272,145614,
1789849800000,2026-09-19T20:30:00.000Z,1.4272,1.4306,1.4272,1.4297,231567,
1789849980000,2026-09-19T20:33:00.000Z,1.4297,1.4298,1.4273,1.4279,196512,
1789850160000,2026-09-19T20:36:00.000Z,1.4279,1.4287,1.4275,1.4287,10850,
1789850340000,2026-09-19T20:39:00.000Z,1.4287,1.4303,1.4287,1.4289,30462,
1789850520000,2026-09-19T20:42:00.000Z,1.4289,1.4316,1.4286,1.4314,97390,
1789850700000,2026-09-19T20:45:00.000Z,1.4314,1.4318,1.4282,1.4305,246883,
1789850880000,2026-09-19T20:48:00.000Z,1.4305,1.4307,1.4286,1.4286,82692,
1789851060000,2026-09-19T20:51:00.000Z,1.4286,1.4292,1.4267,1.4274,99642,
1789851240000,2026-09-19T20:54:00.000Z,1.4274,1.4284,1.427,1.427,23363,
1789851420000,2026-09-19T20:57:00.000Z,1.427,1.4291,1.4268,1.4287,50523,
1789851600000,2026-09-19T21:00:00.000Z,1.4287,1.4308,1.4287,1.4308,35353,
1789851780000,2026-09-19T21:03:00.000Z,1.4308,1.4321,1.4281,1.4285,156542,
1789851960000,2026-09-19T21:06:00.000Z,1.4285,1.4295,1.4252,1.4259,151639,
1789852140000,2026-09-19T21:09:00.000Z,1.4259,1.4261,1.4177,1.4207,1150212,
1789852320000,2026-09-19T21:12:00.000Z,1.4207,1.4219,1.4165,1.4182,685117,
1789852500000,2026-09-19T21:15:00.000Z,1.4182,1.42,1.4164,1.4177,251165,
1789852680000,2026-09-19T21:18:00.000Z,1.4177,1.4184,1.4091,1.4119,969624,
1789852860000,2026-09-19T21:21:00.000Z,1.4119,1.4127,1.407,1.4126,911215,
1789853040000,2026-09-19T21:24:00.000Z,1.4126,1.4168,1.4124,1.4163,415448,
1789853220000,2026-09-19T21:27:00.000Z,1.4163,1.4178,1.4151,1.4178,112388,
1789853400000,2026-09-19T21:30:00.000Z,1.4178,1.418,1.4116,1.4123,147487,
1789853580000,2026-09-19T21:33:00.000Z,1.4123,1.4138,1.4093,1.4101,416218,
1789853760000,2026-09-19T21:36:00.000Z,1.4101,1.4106,1.4018,1.4097,1841018,
1789853940000,2026-09-19T21:39:00.000Z,1.4097,1.4108,1.4085,1.41,359035,
1789854120000,2026-09-19T21:42:00.000Z,1.41,1.4103,1.4059,1.4071,151505,
1789854300000,2026-09-19T21:45:00.000Z,1.4071,1.4089,1.4066,1.4088,174545,
1789854480000,2026-09-19T21:48:00.000Z,1.4088,1.4094,1.4076,1.4076,95019,
1789854660000,2026-09-19T21:51:00.000Z,1.4076,1.4104,1.4076,1.4099,71681,
1789854840000,2026-09-19T21:54:00.000Z,1.4099,1.4122,1.4099,1.4102,116135,
1789855020000,2026-09-19T21:57:00.000Z,1.4102,1.4102,1.4088,1.4092,28152,
1789855200000,2026-09-19T22:00:00.000Z,1.4092,1.4092,1.4016,1.4035,331853,
1789855380000,2026-09-19T22:03:00.000Z,1.4035,1.4042,1.3954,1.4014,1454497,
1789855560000,2026-09-19T22:06:00.000Z,1.4014,1.4053,1.4014,1.4048,347256,
1789855740000,2026-09-19T22:09:00.000Z,1.4048,1.4065,1.4013,1.4021,419079,
1789855920000,2026-09-19T22:12:00.000Z,1.4021,1.4032,1.4012,1.4016,96486,
1789856100000,2026-09-19T22:15:00.000Z,1.4016,1.4042,1.4015,1.4032,84852,
1789856280000,2026-09-19T22:18:00.000Z,1.4032,1.4034,1.4003,1.4024,252464,
1789856460000,2026-09-19T22:21:00.000Z,1.4024,1.4024,1.3991,1.4018,112140,
1789856640000,2026-09-19T22:24:00.000Z,1.4018,1.4029,1.4012,1.4028,59800,
1789856820000,2026-09-19T22:27:00.000Z,1.4028,1.4045,1.4028,1.404,118113,
1789857000000,2026-09-19T22:30:00.000Z,1.404,1.4058,1.4036,1.4053,314208,
1789857180000,2026-09-19T22:33:00.000Z,1.4053,1.4077,1.4051,1.4077,103510,
1789857360000,2026-09-19T22:36:00.000Z,1.4077,1.4107,1.4077,1.4104,591610,
1789857540000,2026-09-19T22:39:00.000Z,1.4104,1.4126,1.4104,1.4116,159299,
1789857720000,2026-09-19T22:42:00.000Z,1.4116,1.4139,1.4115,1.4131,336771,
1789857900000,2026-09-19T22:45:00.000Z,1.4131,1.4164,1.413,1.4162,102627,
1789858080000,2026-09-19T22:48:00.000Z,1.4162,1.4165,1.4146,1.4159,169677,
1789858260000,2026-09-19T22:51:00.000Z,1.4159,1.4176,1.4157,1.4176,209428,
1789858440000,2026-09-19T22:54:00.000Z,1.4176,1.418,1.416,1.416,231076,
1789858620000,2026-09-19T22:57:00.000Z,1.416,1.417,1.4156,1.4158,251564,
1789858800000,2026-09-19T23:00:00.000Z,1.4158,1.4161,1.4149,1.4159,74106,
1789858980000,2026-09-19T23:03:00.000Z,1.4159,1.4169,1.4147,1.4162,163284,
1789859160000,2026-09-19T23:06:00.000Z,1.4162,1.4165,1.415,1.4152,34099,
1789859340000,2026-09-19T23:09:00.000Z,1.4152,1.4153,1.4147,1.4148,32135,
1789859520000,2026-09-19T23:12:00.000Z,1.4148,1.4152,1.4137,1.4152,80194,
1789859700000,2026-09-19T23:15:00.000Z,1.4152,1.4167,1.4149,1.4167,71710,
1789859880000,2026-09-19T23:18:00.000Z,1.4167,1.4167,1.4126,1.4129,354353,
1789860060000,2026-09-19T23:21:00.000Z,1.4129,1.4129,1.4105,1.4109,220044,
1789860240000,2026-09-19T23:24:00.000Z,1.4109,1.4118,1.4092,1.4097,145110,
1789860420000,2026-09-19T23:27:00.000Z,1.4097,1.4122,1.4093,1.4119,254967,
1789860600000,2026-09-19T23:30:00.000Z,1.4119,1.4122,1.4107,1.4114,163310,
1789860780000,2026-09-19T23:33:00.000Z,1.4114,1.4137,1.4114,1.413,102861,
1789860960000,2026-09-19T23:36:00.000Z,1.413,1.4139,1.4108,1.4109,167564,
1789861140000,2026-09-19T23:39:00.000Z,1.4109,1.4116,1.4105,1.4115,25015,
1789861320000,2026-09-19T23:42:00.000Z,1.4115,1.4115,1.4108,1.4112,22809,
1789861500000,2026-09-19T23:45:00.000Z,1.4112,1.4125,1.4112,1.4118,59074,
1789861680000,2026-09-19T23:48:00.000Z,1.4118,1.4124,1.4109,1.4123,37202,
1789861860000,2026-09-19T23:51:00.000Z,1.4123,1.4123,1.4107,1.4111,73465,
1789862040000,2026-09-19T23:54:00.000Z,1.4111,1.4114,1.4105,1.4107,38280,
1789862220000,2026-09-19T23:57:00.000Z,1.4107,1.4117,1.4099,1.4101,192461,
1789862400000,2026-09-20T00:00:00.000Z,1.4101,1.4107,1.408,1.4081,214465,
1789862580000,2026-09-20T00:03:00.000Z,1.4081,1.4083,1.4054,1.4064,520874,
1789862760000,2026-09-20T00:06:00.000Z,1.4064,1.4075,1.4061,1.4065,122016,
1789862940000,2026-09-20T00:09:00.000Z,1.4065,1.4074,1.4063,1.4067,33115,
1789863120000,2026-09-20T00:12:00.000Z,1.4067,1.4075,1.4055,1.4075,45438,
1789863300000,2026-09-20T00:15:00.000Z,1.4075,1.409,1.4059,1.4075,83635,
1789863480000,2026-09-20T00:18:00.000Z,1.4075,1.4087,1.4057,1.4059,156955,
1789863660000,2026-09-20T00:21:00.000Z,1.4059,1.4061,1.4047,1.4047,90533,
1789863840000,2026-09-20T00:24:00.000Z,1.4047,1.4059,1.4043,1.4054,226034,
1789864020000,2026-09-20T00:27:00.000Z,1.4054,1.4056,1.4045,1.4056,123281,
1789864200000,2026-09-20T00:30:00.000Z,1.4056,1.4065,1.4041,1.4059,181983,
1789864380000,2026-09-20T00:33:00.000Z,1.4059,1.4086,1.4059,1.4071,72220,
1789864560000,2026-09-20T00:36:00.000Z,1.4071,1.4071,1.4055,1.4066,22096,
1789864740000,2026-09-20T00:39:00.000Z,1.4066,1.4092,1.4066,1.4091,140677,
1789864920000,2026-09-20T00:42:00.000Z,1.4091,1.4101,1.4086,1.4088,105183,
1789865100000,2026-09-20T00:45:00.000Z,1.4088,1.4093,1.4073,1.4079,81300,
1789865280000,2026-09-20T00:48:00.000Z,1.4079,1.4079,1.4068,1.4072,59909,
1789865460000,2026-09-20T00:51:00.000Z,1.4072,1.4079,1.4065,1.4065,54083,
1789865640000,2026-09-20T00:54:00.000Z,1.4065,1.4068,1.4047,1.405,85552,
1789865820000,2026-09-20T00:57:00.000Z,1.405,1.4064,1.4037,1.4059,151143,
1789866000000,2026-09-20T01:00:00.000Z,1.4059,1.4065,1.4041,1.4041,80447,
1789866180000,2026-09-20T01:03:00.000Z,1.4041,1.4042,1.4029,1.4037,141730,
1789866360000,2026-09-20T01:06:00.000Z,1.4037,1.4041,1.4013,1.4034,169566,
1789866540000,2026-09-20T01:09:00.000Z,1.4034,1.4034,1.3996,1.4001,145788,
1789866720000,2026-09-20T01:12:00.000Z,1.4001,1.4001,1.3992,1.3994,116873,
1789866900000,2026-09-20T01:15:00.000Z,1.3994,1.4018,1.3988,1.4011,267828,
1789867080000,2026-09-20T01:18:00.000Z,1.4011,1.4039,1.4011,1.4027,247875,
1789867260000,2026-09-20T01:21:00.000Z,1.4027,1.4044,1.4021,1.4023,154206,
1789867440000,2026-09-20T01:24:00.000Z,1.4023,1.4024,1.4,1.4007,84661,
1789867620000,2026-09-20T01:27:00.000Z,1.4007,1.4011,1.3985,1.3991,222663,
1789867800000,2026-09-20T01:30:00.000Z,1.3991,1.3991,1.397,1.397,420034,
1789867980000,2026-09-20T01:33:00.000Z,1.397,1.3987,1.397,1.3973,138607,
1789868160000,2026-09-20T01:36:00.000Z,1.3973,1.3976,1.3955,1.3973,226691,
1789868340000,2026-09-20T01:39:00.000Z,1.3973,1.3982,1.3964,1.3981,244339,
1789868520000,2026-09-20T01:42:00.000Z,1.3981,1.3995,1.3972,1.3994,131666,
1789868700000,2026-09-20T01:45:00.000Z,1.3994,1.3996,1.3957,1.3986,255649,
1789868880000,2026-09-20T01:48:00.000Z,1.3986,1.4011,1.3986,1.3992,285153,
1789869060000,2026-09-20T01:51:00.000Z,1.3992,1.4019,1.3992,1.4008,95255,
1789869240000,2026-09-20T01:54:00.000Z,1.4008,1.4012,1.4,1.4006,64737,
1789869420000,2026-09-20T01:57:00.000Z,1.4006,1.4007,1.3992,1.4,99962,
1789869600000,2026-09-20T02:00:00.000Z,1.4,1.404,1.3993,1.404,178412,
1789869780000,2026-09-20T02:03:00.000Z,1.404,1.4042,1.4012,1.4023,91481,
1789869960000,2026-09-20T02:06:00.000Z,1.4023,1.4047,1.4022,1.4045,116105,
1789870140000,2026-09-20T02:09:00.000Z,1.4045,1.4052,1.404,1.4049,161273,
1789870320000,2026-09-20T02:12:00.000Z,1.4049,1.4058,1.4041,1.4057,69480,
1789870500000,2026-09-20T02:15:00.000Z,1.4057,1.4061,1.4023,1.4024,246399,
1789870680000,2026-09-20T02:18:00.000Z,1.4024,1.4028,1.4007,1.4018,123847,
1789870860000,2026-09-20T02:21:00.000Z,1.4018,1.4019,1.3984,1.3987,162565,
1789871040000,2026-09-20T02:24:00.000Z,1.3987,1.3995,1.3974,1.3984,158054,
1789871220000,2026-09-20T02:27:00.000Z,1.3984,1.3986,1.3964,1.3967,344521,
1789871400000,2026-09-20T02:30:00.000Z,1.3967,1.3986,1.3935,1.3959,426329,
1789871580000,2026-09-20T02:33:00.000Z,1.3959,1.3962,1.3924,1.3939,600407,
1789871760000,2026-09-20T02:36:00.000Z,1.3939,1.3958,1.393,1.3939,387364,
1789871940000,2026-09-20T02:39:00.000Z,1.3939,1.3939,1.3838,1.3901,1662072,
1789872120000,2026-09-20T02:42:00.000Z,1.3901,1.3907,1.3743,1.3781,3597492,
1789872300000,2026-09-20T02:45:00.000Z,1.3781,1.3862,1.3757,1.3828,1150945,
1789872480000,2026-09-20T02:48:00.000Z,1.3828,1.383,1.3786,1.3804,461648,
1789872660000,2026-09-20T02:51:00.000Z,1.3804,1.3828,1.3721,1.3749,620197,
1789872840000,2026-09-20T02:54:00.000Z,1.3749,1.3778,1.3674,1.3701,1549717,
1789873020000,2026-09-20T02:57:00.000Z,1.3701,1.3739,1.3675,1.3701,987765,
1789873200000,2026-09-20T03:00:00.000Z,1.3701,1.3737,1.3676,1.3694,769584,
1789873380000,2026-09-20T03:03:00.000Z,1.3694,1.3777,1.3694,1.377,570853,
1789873560000,2026-09-20T03:06:00.000Z,1.377,1.3819,1.3765,1.3805,906019,
1789873740000,2026-09-20T03:09:00.000Z,1.3805,1.381,1.3763,1.3768,333517,
1789873920000,2026-09-20T03:12:00.000Z,1.3768,1.3768,1.3712,1.3713,344320,
1789874100000,2026-09-20T03:15:00.000Z,1.3713,1.3778,1.3672,1.3778,703315,
1789874280000,2026-09-20T03:18:00.000Z,1.3778,1.3827,1.3774,1.3823,242863,
1789874460000,2026-09-20T03:21:00.000Z,1.3823,1.385,1.3818,1.3834,302957,
1789874640000,2026-09-20T03:24:00.000Z,1.3834,1.3834,1.3796,1.3802,420481,
1789874820000,2026-09-20T03:27:00.000Z,1.3802,1.3804,1.3744,1.3775,429708,
1789875000000,2026-09-20T03:30:00.000Z,1.3775,1.3805,1.3767,1.3771,489870,
1789875180000,2026-09-20T03:33:00.000Z,1.3771,1.3791,1.3767,1.3767,115697,
1789875360000,2026-09-20T03:36:00.000Z,1.3767,1.3782,1.3762,1.3773,98611,
1789875540000,2026-09-20T03:39:00.000Z,1.3773,1.3773,1.3746,1.3768,150695,
1789875720000,2026-09-20T03:42:00.000Z,1.3768,1.3788,1.3751,1.3788,131432,
1789875900000,2026-09-20T03:45:00.000Z,1.3788,1.3795,1.3773,1.3795,86737,
1789876080000,2026-09-20T03:48:00.000Z,1.3795,1.3814,1.3795,1.3809,41881,
1789876260000,2026-09-20T03:51:00.000Z,1.3809,1.3817,1.3805,1.3817,68220,
1789876440000,2026-09-20T03:54:00.000Z,1.3817,1.3842,1.3817,1.3823,153003,
1789876620000,2026-09-20T03:57:00.000Z,1.3823,1.3838,1.3817,1.3817,81185,
1789876800000,2026-09-20T04:00:00.000Z,1.3817,1.3825,1.38,1.3806,158738,
1789876980000,2026-09-20T04:03:00.000Z,1.3806,1.3829,1.3801,1.382,162440,
1789877160000,2026-09-20T04:06:00.000Z,1.382,1.3823,1.3813,1.3823,29298,
1789877340000,2026-09-20T04:09:00.000Z,1.3823,1.3824,1.38,1.3806,25850,
1789877520000,2026-09-20T04:12:00.000Z,1.3806,1.3829,1.3791,1.3829,93975,
1789877700000,2026-09-20T04:15:00.000Z,1.3829,1.3848,1.3818,1.3834,61494,
1789877880000,2026-09-20T04:18:00.000Z,1.3834,1.3834,1.3796,1.3796,163383,
1789878060000,2026-09-20T04:21:00.000Z,1.3796,1.3808,1.378,1.3808,120672,
1789878240000,2026-09-20T04:24:00.000Z,1.3808,1.3829,1.3802,1.3827,41304,
1789878420000,2026-09-20T04:27:00.000Z,1.3827,1.3827,1.3814,1.3817,231070,
1789878600000,2026-09-20T04:30:00.000Z,1.3817,1.383,1.3815,1.3819,43884,
1789878780000,2026-09-20T04:33:00.000Z,1.3819,1.3824,1.3807,1.3807,16581,
1789878960000,2026-09-20T04:36:00.000Z,1.3807,1.3847,1.3807,1.3841,71719,
1789879140000,2026-09-20T04:39:00.000Z,1.3841,1.3842,1.3822,1.3827,49586,
1789879320000,2026-09-20T04:42:00.000Z,1.3827,1.3831,1.3811,1.3812,66698,
1789879500000,2026-09-20T04:45:00.000Z,1.3812,1.3812,1.3772,1.3796,303085,
1789879680000,2026-09-20T04:48:00.000Z,1.3796,1.3799,1.3778,1.3778,129498,
1789879860000,2026-09-20T04:51:00.000Z,1.3778,1.3799,1.3769,1.3797,101918,
1789880040000,2026-09-20T04:54:00.000Z,1.3797,1.382,1.3797,1.382,51337,
1789880220000,2026-09-20T04:57:00.000Z,1.382,1.3824,1.3802,1.3805,157519,
1789880400000,2026-09-20T05:00:00.000Z,1.3805,1.3811,1.3787,1.3802,73683,
1789880580000,2026-09-20T05:03:00.000Z,1.3802,1.3824,1.38,1.3817,57072,
1789880760000,2026-09-20T05:06:00.000Z,1.3817,1.3826,1.3806,1.3826,16096,
1789880940000,2026-09-20T05:09:00.000Z,1.3826,1.3842,1.3812,1.3842,58025,
1789881120000,2026-09-20T05:12:00.000Z,1.3842,1.3851,1.3826,1.3827,189555,
1789881300000,2026-09-20T05:15:00.000Z,1.3827,1.3831,1.3801,1.3809,110033,
1789881480000,2026-09-20T05:18:00.000Z,1.3809,1.3826,1.3797,1.3805,177877,
1789881660000,2026-09-20T05:21:00.000Z,1.3805,1.3816,1.3793,1.3796,73283,
1789881840000,2026-09-20T05:24:00.000Z,1.3796,1.38,1.3783,1.3793,132838,
1789882020000,2026-09-20T05:27:00.000Z,1.3793,1.3817,1.3793,1.3811,40968,
1789882200000,2026-09-20T05:30:00.000Z,1.3811,1.3836,1.3805,1.3836,65218,
1789882380000,2026-09-20T05:33:00.000Z,1.3836,1.3837,1.3817,1.3817,140918,
1789882560000,2026-09-20T05:36:00.000Z,1.3817,1.3817,1.3802,1.3802,5813,