timestamp,datetime,open,high,low,close,volume,quoteVolume
1788802800000,2026-09-07T17:40:00.000Z,1.396,1.3979,1.3958,1.3974,68940,
1788803100000,2026-09-07T17:45:00.000Z,1.3974,1.3984,1.3972,1.398,220046,
1788803400000,2026-09-07T17:50:00.000Z,1.398,1.3998,1.398,1.3981,355618,
1788803700000,2026-09-07T17:55:00.000Z,1.3981,1.3984,1.397,1.3976,191739,
1788804000000,2026-09-07T18:00:00.000Z,1.3976,1.3982,1.3964,1.3968,104740,
1788804300000,2026-09-07T18:05:00.000Z,1.3968,1.3989,1.3957,1.3962,164031,
1788804600000,2026-09-07T18:10:00.000Z,1.3962,1.3975,1.3959,1.3964,158363,
1788804900000,2026-09-07T18:15:00.000Z,1.3964,1.3964,1.3937,1.396,274707,
1788805200000,2026-09-07T18:20:00.000Z,1.396,1.3976,1.3943,1.3952,80604,
1788805500000,2026-09-07T18:25:00.000Z,1.3952,1.3964,1.3936,1.3944,176175,
1788805800000,2026-09-07T18:30:00.000Z,1.3944,1.3946,1.3921,1.3925,130804,
1788806100000,2026-09-07T18:35:00.000Z,1.3925,1.3949,1.3925,1.394,109322,
1788806400000,2026-09-07T18:40:00.000Z,1.394,1.396,1.3937,1.3956,197222,
1788806700000,2026-09-07T18:45:00.000Z,1.3956,1.3967,1.3956,1.3967,124545,
1788807000000,2026-09-07T18:50:00.000Z,1.3967,1.3975,1.3957,1.3962,194390,
1788807300000,2026-09-07T18:55:00.000Z,1.3962,1.3963,1.394,1.394,151180,
1788807600000,2026-09-07T19:00:00.000Z,1.394,1.3944,1.3926,1.3939,276824,
1788807900000,2026-09-07T19:05:00.000Z,1.3939,1.3951,1.3931,1.3933,203800,
1788808200000,2026-09-07T19:10:00.000Z,1.3933,1.3939,1.3927,1.3936,120727,
1788808500000,2026-09-07T19:15:00.000Z,1.3936,1.3947,1.3935,1.3941,148714,
1788808800000,2026-09-07T19:20:00.000Z,1.3941,1.397,1.3941,1.397,113565,
1788809100000,2026-09-07T19:25:00.000Z,1.397,1.3973,1.3959,1.3963,93052,
1788809400000,2026-09-07T19:30:00.000Z,1.3963,1.401,1.3963,1.4002,505648,
1788809700000,2026-09-07T19:35:00.000Z,1.4002,1.4012,1.3994,1.4003,262615,
1788810000000,2026-09-07T19:40:00.000Z,1.4003,1.4007,1.3996,1.3996,43810,
1788810300000,2026-09-07T19:45:00.000Z,1.3996,1.4008,1.3993,1.4003,159209,
1788810600000,2026-09-07T19:50:00.000Z,1.4003,1.4025,1.4,1.4009,530568,
1788810900000,2026-09-07T19:55:00.000Z,1.4009,1.4016,1.4,1.4012,303718,
1788811200000,2026-09-07T20:00:00.000Z,1.4012,1.4022,1.3986,1.3986,775523,
1788811500000,2026-09-07T20:05:00.000Z,1.3986,1.3986,1.3949,1.3971,680647,
1788811800000,2026-09-07T20:10:00.000Z,1.3971,1.3979,1.3956,1.3957,511478,
1788812100000,2026-09-07T20:15:00.000Z,1.3957,1.3979,1.3954,1.3978,108065,
1788812400000,2026-09-07T20:20:00.000Z,1.3978,1.3979,1.3961,1.397,66743,
1788812700000,2026-09-07T20:25:00.000Z,1.397,1.3985,1.3966,1.3981,312309,
1788813000000,2026-09-07T20:30:00.000Z,1.3981,1.3994,1.3973,1.3986,133217,
1788813300000,2026-09-07T20:35:00.000Z,1.3986,1.3993,1.398,1.3984,54077,
1788813600000,2026-09-07T20:40:00.000Z,1.3984,1.3989,1.3974,1.3987,276856,
1788813900000,2026-09-07T20:45:00.000Z,1.3987,1.3993,1.3971,1.3987,1404252,
1788814200000,2026-09-07T20:50:00.000Z,1.3987,1.3997,1.3976,1.3982,479620,
1788814500000,2026-09-07T20:55:00.000Z,1.3982,1.3991,1.3977,1.3979,50338,
1788814800000,2026-09-07T21:00:00.000Z,1.3979,1.3997,1.3979,1.3992,83477,
1788815100000,2026-09-07T21:05:00.000Z,1.3992,1.3993,1.3979,1.3979,37552,
1788815400000,2026-09-07T21:10:00.000Z,1.3979,1.3999,1.3967,1.3999,573118,
1788815700000,2026-09-07T21:15:00.000Z,1.3999,1.4,1.3974,1.3987,1062296,
1788816000000,2026-09-07T21:20:00.000Z,1.3987,1.3994,1.3987,1.3993,64924,
1788816300000,2026-09-07T21:25:00.000Z,1.3993,1.3996,1.3982,1.3986,144183,
1788816600000,2026-09-07T21:30:00.000Z,1.3986,1.3993,1.3974,1.3974,135260,
1788816900000,2026-09-07T21:35:00.000Z,1.3974,1.3974,1.3964,1.3968,44058,
1788817200000,2026-09-07T21:40:00.000Z,1.3968,1.3973,1.3957,1.3967,154971,
1788817500000,2026-09-07T21:45:00.000Z,1.3967,1.3967,1.3949,1.395,143346,
1788817800000,2026-09-07T21:50:00.000Z,1.395,1.3959,1.3944,1.3956,62880,
1788818100000,2026-09-07T21:55:00.000Z,1.3956,1.3975,1.3956,1.3962,113662,
1788818400000,2026-09-07T22:00:00.000Z,1.3962,1.3965,1.3916,1.3939,663605,
1788818700000,2026-09-07T22:05:00.000Z,1.3939,1.3958,1.3924,1.3954,702191,
1788819000000,2026-09-07T22:10:00.000Z,1.3954,1.3975,1.3937,1.3937,1218503,
1788819300000,2026-09-07T22:15:00.000Z,1.3937,1.3938,1.3891,1.3913,2844459,
1788819600000,2026-09-07T22:20:00.000Z,1.3913,1.394,1.3901,1.394,182844,
1788819900000,2026-09-07T22:25:00.000Z,1.394,1.3948,1.3912,1.3912,1387140,
1788820200000,2026-09-07T22:30:00.000Z,1.3912,1.3912,1.3876,1.3884,1414388,
1788820500000,2026-09-07T22:35:00.000Z,1.3884,1.3888,1.3842,1.3846,1411940,
1788820800000,2026-09-07T22:40:00.000Z,1.3846,1.3861,1.3821,1.3854,925226,
1788821100000,2026-09-07T22:45:00.000Z,1.3854,1.3881,1.3854,1.3879,285105,
1788821400000,2026-09-07T22:50:00.000Z,1.3879,1.389,1.3878,1.3886,132564,
1788821700000,2026-09-07T22:55:00.000Z,1.3886,1.3893,1.3871,1.3879,458180,
1788822000000,2026-09-07T23:00:00.000Z,1.3879,1.3921,1.3873,1.3913,576269,
1788822300000,2026-09-07T23:05:00.000Z,1.3913,1.3945,1.3901,1.393,1129138,
1788822600000,2026-09-07T23:10:00.000Z,1.393,1.396,1.3924,1.3956,988699,
1788822900000,2026-09-07T23:15:00.000Z,1.3956,1.3962,1.3915,1.3931,1401099,
1788823200000,2026-09-07T23:20:00.000Z,1.3931,1.3934,1.391,1.3916,230471,
1788823500000,2026-09-07T23:25:00.000Z,1.3916,1.3933,1.3916,1.3928,58071,
1788823800000,2026-09-07T23:30:00.000Z,1.3928,1.3937,1.3926,1.3933,48666,
1788824100000,2026-09-07T23:35:00.000Z,1.3933,1.3944,1.393,1.3937,479753,
1788824400000,2026-09-07T23:40:00.000Z,1.3937,1.3963,1.3935,1.396,746667,
1788824700000,2026-09-07T23:45:00.000Z,1.396,1.3984,1.3958,1.3978,170141,
1788825000000,2026-09-07T23:50:00.000Z,1.3978,1.3982,1.3971,1.3974,180480,
1788825300000,2026-09-07T23:55:00.000Z,1.3974,1.398,1.3957,1.3961,1874687,
1788825600000,2026-09-08T00:00:00.000Z,1.3961,1.3971,1.3937,1.3955,1204876,
1788825900000,2026-09-08T00:05:00.000Z,1.3955,1.399,1.3954,1.3959,1363453,
1788826200000,2026-09-08T00:10:00.000Z,1.3959,1.3978,1.3941,1.3973,1070219,
1788826500000,2026-09-08T00:15:00.000Z,1.3973,1.3984,1.3958,1.396,1837757,
1788826800000,2026-09-08T00:20:00.000Z,1.396,1.396,1.3922,1.3952,1563444,
1788827100000,2026-09-08T00:25:00.000Z,1.3952,1.3952,1.3926,1.3929,787183,
1788827400000,2026-09-08T00:30:00.000Z,1.3929,1.3965,1.3922,1.3964,216772,
1788827700000,2026-09-08T00:35:00.000Z,1.3964,1.398,1.3964,1.3973,387912,
1788828000000,2026-09-08T00:40:00.000Z,1.3973,1.4001,1.3972,1.3982,392961,
1788828300000,2026-09-08T00:45:00.000Z,1.3982,1.4003,1.3978,1.4002,309492,
1788828600000,2026-09-08T00:50:00.000Z,1.4002,1.4012,1.3987,1.3998,1107769,
1788828900000,2026-09-08T00:55:00.000Z,1.3998,1.4014,1.3998,1.4011,266477,
1788829200000,2026-09-08T01:00:00.000Z,1.4011,1.4016,1.3993,1.3997,770298,
1788829500000,2026-09-08T01:05:00.000Z,1.3997,1.402,1.3978,1.4015,1015814,
1788829800000,2026-09-08T01:10:00.000Z,1.4015,1.4036,1.4002,1.4011,1230751,
1788830100000,2026-09-08T01:15:00.000Z,1.4011,1.4026,1.3994,1.401,722894,
1788830400000,2026-09-08T01:20:00.000Z,1.401,1.4059,1.4006,1.4037,1330309,
1788830700000,2026-09-08T01:25:00.000Z,1.4037,1.4057,1.4035,1.4049,802880,
1788831000000,2026-09-08T01:30:00.000Z,1.4049,1.4049,1.4023,1.4029,774250,
1788831300000,2026-09-08T01:35:00.000Z,1.4029,1.4034,1.4017,1.402,102002,
1788831600000,2026-09-08T01:40:00.000Z,1.402,1.402,1.4013,1.4015,125393,
1788831900000,2026-09-08T01:45:00.000Z,1.4015,1.4022,1.4011,1.4017,800506,
1788832200000,2026-09-08T01:50:00.000Z,1.4017,1.4027,1.4008,1.4021,730174,
1788832500000,2026-09-08T01:55:00.000Z,1.4021,1.4037,1.4018,1.4034,119380,
1788832800000,2026-09-08T02:00:00.000Z,1.4034,1.4036,1.4016,1.4018,248441,
1788833100000,2026-09-08T02:05:00.000Z,1.4018,1.402,1.4004,1.4009,1251640,
1788833400000,2026-09-08T02:10:00.000Z,1.4009,1.403,1.3991,1.4021,1743631,
1788833700000,2026-09-08T02:15:00.000Z,1.4021,1.4034,1.4021,1.403,489560,
1788834000000,2026-09-08T02:20:00.000Z,1.403,1.4063,1.4022,1.4061,898001,
1788834300000,2026-09-08T02:25:00.000Z,1.4061,1.4062,1.4004,1.4008,1294967,
1788834600000,2026-09-08T02:30:00.000Z,1.4008,1.4011,1.3982,1.3991,657823,
1788834900000,2026-09-08T02:35:00.000Z,1.3991,1.3997,1.3967,1.3978,1403193,
1788835200000,2026-09-08T02:40:00.000Z,1.3978,1.3979,1.3956,1.3973,697743,
1788835500000,2026-09-08T02:45:00.000Z,1.3973,1.3982,1.3961,1.3968,298687,
1788835800000,2026-09-08T02:50:00.000Z,1.3968,1.3973,1.3925,1.3929,1307358,
1788836100000,2026-09-08T02:55:00.000Z,1.3929,1.3933,1.3907,1.3909,439329,
1788836400000,2026-09-08T03:00:00.000Z,1.3909,1.3935,1.39,1.3905,1932056,
1788836700000,2026-09-08T03:05:00.000Z,1.3905,1.3933,1.3905,1.3932,344517,
1788837000000,2026-09-08T03:10:00.000Z,1.3932,1.3932,1.3916,1.3919,266046,
1788837300000,2026-09-08T03:15:00.000Z,1.3919,1.3923,1.3903,1.3903,353836,
1788837600000,2026-09-08T03:20:00.000Z,1.3903,1.3918,1.3883,1.3902,1382467,
1788837900000,2026-09-08T03:25:00.000Z,1.3902,1.3917,1.3889,1.3902,826543,
1788838200000,2026-09-08T03:30:00.000Z,1.3902,1.3952,1.39,1.3942,1426619,
1788838500000,2026-09-08T03:35:00.000Z,1.3942,1.3957,1.3932,1.3949,2245056,
1788838800000,2026-09-08T03:40:00.000Z,1.3949,1.3976,1.3949,1.3955,1180188,
1788839100000,2026-09-08T03:45:00.000Z,1.3955,1.3962,1.3937,1.3943,507583,
1788839400000,2026-09-08T03:50:00.000Z,1.3943,1.3953,1.3926,1.3933,752716,
1788839700000,2026-09-08T03:55:00.000Z,1.3933,1.3947,1.3933,1.3942,71440,
1788840000000,2026-09-08T04:00:00.000Z,1.3942,1.3952,1.3934,1.3935,144377,
1788840300000,2026-09-08T04:05:00.000Z,1.3935,1.395,1.3928,1.3941,795062,
1788840600000,2026-09-08T04:10:00.000Z,1.3941,1.3959,1.3927,1.3934,1141644,
1788840900000,2026-09-08T04:15:00.000Z,1.3934,1.3964,1.3923,1.396,837755,
1788841200000,2026-09-08T04:20:00.000Z,1.396,1.3964,1.3919,1.3923,915393,
1788841500000,2026-09-08T04:25:00.000Z,1.3923,1.3955,1.3918,1.3937,1019483,
1788841800000,2026-09-08T04:30:00.000Z,1.3937,1.3951,1.3931,1.3943,334670,
1788842100000,2026-09-08T04:35:00.000Z,1.3943,1.395,1.3929,1.3949,77614,
1788842400000,2026-09-08T04:40:00.000Z,1.3949,1.3952,1.393,1.3941,616361,
1788842700000,2026-09-08T04:45:00.000Z,1.3941,1.3944,1.3931,1.3933,80156,
1788843000000,2026-09-08T04:50:00.000Z,1.3933,1.3935,1.3913,1.392,387273,
1788843300000,2026-09-08T04:55:00.000Z,1.392,1.392,1.3902,1.3903,427708,
1788843600000,2026-09-08T05:00:00.000Z,1.3903,1.3943,1.3873,1.3908,1219223,
1788843900000,2026-09-08T05:05:00.000Z,1.3908,1.3933,1.3892,1.3903,1498279,
1788844200000,2026-09-08T05:10:00.000Z,1.3903,1.3926,1.3898,1.39,1005378,
1788844500000,2026-09-08T05:15:00.000Z,1.39,1.3943,1.389,1.3936,2844119,
1788844800000,2026-09-08T05:20:00.000Z,1.3936,1.3951,1.3917,1.3943,1470365,
1788845100000,2026-09-08T05:25:00.000Z,1.3943,1.3965,1.393,1.3935,1175204,
1788845400000,2026-09-08T05:30:00.000Z,1.3935,1.395,1.3913,1.3915,2044627,
1788845700000,2026-09-08T05:35:00.000Z,1.3915,1.3925,1.3892,1.392,1305036,
1788846000000,2026-09-08T05:40:00.000Z,1.392,1.3929,1.3895,1.39,1353111,
1788846300000,2026-09-08T05:45:00.000Z,1.39,1.3917,1.3895,1.3916,121932,
1788846600000,2026-09-08T05:50:00.000Z,1.3916,1.3918,1.3878,1.3883,1137329,
1788846900000,2026-09-08T05:55:00.000Z,1.3883,1.3886,1.3863,1.3863,1343221,
1788847200000,2026-09-08T06:00:00.000Z,1.3863,1.3886,1.3852,1.3873,1193116,
1788847500000,2026-09-08T06:05:00.000Z,1.3873,1.3881,1.3852,1.3869,1031068,
1788847800000,2026-09-08T06:10:00.000Z,1.3869,1.3887,1.3855,1.3882,1412188,
1788848100000,2026-09-08T06:15:00.000Z,1.3882,1.389,1.3831,1.3835,2551113,
1788848400000,2026-09-08T06:20:00.000Z,1.3835,1.386,1.3804,1.3857,1653166,
1788848700000,2026-09-08T06:25:00.000Z,1.3857,1.3863,1.3833,1.3838,814789,
1788849000000,2026-09-08T06:30:00.000Z,1.3838,1.3844,1.3809,1.3814,883277,
1788849300000,2026-09-08T06:35:00.000Z,1.3814,1.3831,1.381,1.382,525338,
1788849600000,2026-09-08T06:40:00.000Z,1.382,1.3834,1.3819,1.3827,1046697,
1788849900000,2026-09-08T06:45:00.000Z,1.3827,1.3843,1.3814,1.3821,563134,
1788850200000,2026-09-08T06:50:00.000Z,1.3821,1.3837,1.3806,1.3813,1146222,
1788850500000,2026-09-08T06:55:00.000Z,1.3813,1.3844,1.3806,1.3827,2439252,
1788850800000,2026-09-08T07:00:00.000Z,1.3827,1.3843,1.3822,1.384,302811,
1788851100000,2026-09-08T07:05:00.000Z,1.384,1.3864,1.3837,1.3857,360598,
1788851400000,2026-09-08T07:10:00.000Z,1.3857,1.3859,1.385,1.385,100830,
1788851700000,2026-09-08T07:15:00.000Z,1.385,1.3858,1.3847,1.3857,99836,
1788852000000,2026-09-08T07:20:00.000Z,1.3857,1.3874,1.3857,1.3874,256016,
1788852300000,2026-09-08T07:25:00.000Z,1.3874,1.3896,1.3869,1.3877,4175060,
1788852600000,2026-09-08T07:30:00.000Z,1.3877,1.3891,1.3863,1.3886,1389032,
1788852900000,2026-09-08T07:35:00.000Z,1.3886,1.3915,1.3884,1.3914,601082,
1788853200000,2026-09-08T07:40:00.000Z,1.3914,1.3935,1.3881,1.3887,1777311,
1788853500000,2026-09-08T07:45:00.000Z,1.3887,1.3888,1.3864,1.3865,196195,
1788853800000,2026-09-08T07:50:00.000Z,1.3865,1.3874,1.3848,1.3869,1634885,
1788854100000,2026-09-08T07:55:00.000Z,1.3869,1.3886,1.3861,1.3875,389805,
1788854400000,2026-09-08T08:00:00.000Z,1.3875,1.3875,1.384,1.3847,328419,
1788854700000,2026-09-08T08:05:00.000Z,1.3847,1.3875,1.3844,1.3845,449444,
1788855000000,2026-09-08T08:10:00.000Z,1.3845,1.3854,1.3832,1.385,127343,
1788855300000,2026-09-08T08:15:00.000Z,1.385,1.3862,1.3829,1.3853,1264619,
1788855600000,2026-09-08T08:20:00.000Z,1.3853,1.3864,1.3834,1.3863,779153,
1788855900000,2026-09-08T08:25:00.000Z,1.3863,1.3875,1.3845,1.387,3402556,
1788856200000,2026-09-08T08:30:00.000Z,1.387,1.3896,1.3864,1.3895,378515,
1788856500000,2026-09-08T08:35:00.000Z,1.3895,1.391,1.3895,1.3909,116124,
1788856800000,2026-09-08T08:40:00.000Z,1.3909,1.3918,1.39,1.3911,545649,
1788857100000,2026-09-08T08:45:00.000Z,1.3911,1.3923,1.3904,1.3909,84535,
1788857400000,2026-09-08T08:50:00.000Z,1.3909,1.3912,1.3886,1.389,188613,
1788857700000,2026-09-08T08:55:00.000Z,1.389,1.3902,1.3883,1.3894,483221,
1788858000000,2026-09-08T09:00:00.000Z,1.3894,1.3902,1.3886,1.3898,115763,
1788858300000,2026-09-08T09:05:00.000Z,1.3898,1.3907,1.3887,1.39,139247,
1788858600000,2026-09-08T09:10:00.000Z,1.39,1.3922,1.3887,1.3912,2549189,
1788858900000,2026-09-08T09:15:00.000Z,1.3912,1.3924,1.3895,1.3897,1609586,
1788859200000,2026-09-08T09:20:00.000Z,1.3897,1.3912,1.3891,1.3911,500191,
1788859500000,2026-09-08T09:25:00.000Z,1.3911,1.3919,1.3909,1.3912,326726,
1788859800000,2026-09-08T09:30:00.000Z,1.3912,1.398,1.391,1.398,859911,
1788860100000,2026-09-08T09:35:00.000Z,1.398,1.3995,1.3974,1.3985,1866138,
1788860400000,2026-09-08T09:40:00.000Z,1.3985,1.4009,1.3979,1.3993,1571547,
1788860700000,2026-09-08T09:45:00.000Z,1.3993,1.4008,1.3982,1.3991,2091892,
1788861000000,2026-09-08T09:50:00.000Z,1.3991,1.3999,1.3976,1.3993,2107502,
1788861300000,2026-09-08T09:55:00.000Z,1.3993,1.3995,1.3979,1.3984,1594705,
1788861600000,2026-09-08T10:00:00.000Z,1.3984,1.3995,1.3965,1.3986,2377712,
1788861900000,2026-09-08T10:05:00.000Z,1.3986,1.3995,1.3966,1.3974,2758268,
1788862200000,2026-09-08T10:10:00.000Z,1.3974,1.3976,1.3968,1.3976,651209,
1788862500000,2026-09-08T10:15:00.000Z,1.3976,1.3986,1.3972,1.3986,393941,
1788862800000,2026-09-08T10:20:00.000Z,1.3986,1.4032,1.3986,1.3991,2434914,
1788863100000,2026-09-08T10:25:00.000Z,1.3991,1.4009,1.3987,1.4001,1229494,
1788863400000,2026-09-08T10:30:00.000Z,1.4001,1.4014,1.3987,1.3991,2370148,
1788863700000,2026-09-08T10:35:00.000Z,1.3991,1.4002,1.3978,1.3997,2010666,
1788864000000,2026-09-08T10:40:00.000Z,1.3997,1.4,1.3975,1.3983,1214339,
1788864300000,2026-09-08T10:45:00.000Z,1.3983,1.399,1.3979,1.3984,145979,
1788864600000,2026-09-08T10:50:00.000Z,1.3984,1.3989,1.3976,1.398,435074,
1788864900000,2026-09-08T10:55:00.000Z,1.398,1.3985,1.397,1.3972,169641,
1788865200000,2026-09-08T11:00:00.000Z,1.3972,1.3985,1.3964,1.3969,190922,
1788865500000,2026-09-08T11:05:00.000Z,1.3969,1.3969,1.3932,1.3935,757456,
1788865800000,2026-09-08T11:10:00.000Z,1.3935,1.3935,1.3897,1.3906,795067,
1788866100000,2026-09-08T11:15:00.000Z,1.3906,1.393,1.3905,1.393,1878022,
1788866400000,2026-09-08T11:20:00.000Z,1.393,1.3952,1.3929,1.3951,445563,
1788866700000,2026-09-08T11:25:00.000Z,1.3951,1.3951,1.393,1.3934,294136,
1788867000000,2026-09-08T11:30:00.000Z,1.3934,1.3956,1.3927,1.3956,1163654,
1788867300000,2026-09-08T11:35:00.000Z,1.3956,1.3956,1.3935,1.3937,214364,
1788867600000,2026-09-08T11:40:00.000Z,1.3937,1.3959,1.3925,1.3948,683100,
1788867900000,2026-09-08T11:45:00.000Z,1.3948,1.3949,1.3908,1.3925,2791683,
1788868200000,2026-09-08T11:50:00.000Z,1.3925,1.3933,1.3905,1.391,1190656,
1788868500000,2026-09-08T11:55:00.000Z,1.391,1.3947,1.3909,1.3942,1051405,
1788868800000,2026-09-08T12:00:00.000Z,1.3942,1.3942,1.3872,1.3884,1393254,
1788869100000,2026-09-08T12:05:00.000Z,1.3884,1.391,1.3878,1.3909,820388,
1788869400000,2026-09-08T12:10:00.000Z,1.3909,1.3913,1.3875,1.3876,234173,
1788869700000,2026-09-08T12:15:00.000Z,1.3876,1.3898,1.3876,1.3897,183685,
1788870000000,2026-09-08T12:20:00.000Z,1.3897,1.3923,1.3895,1.3922,72620,
1788870300000,2026-09-08T12:25:00.000Z,1.3922,1.3938,1.3913,1.3936,108320,
1788870600000,2026-09-08T12:30:00.000Z,1.3936,1.397,1.3925,1.3961,553098,
1788870900000,2026-09-08T12:35:00.000Z,1.3961,1.397,1.3952,1.397,347572,
1788871200000,2026-09-08T12:40:00.000Z,1.397,1.397,1.3948,1.3953,863129,
1788871500000,2026-09-08T12:45:00.000Z,1.3953,1.3979,1.3943,1.3979,886073,
1788871800000,2026-09-08T12:50:00.000Z,1.3979,1.3993,1.3963,1.399,359308,
1788872100000,2026-09-08T12:55:00.000Z,1.399,1.4,1.3969,1.3981,1125053,
1788872400000,2026-09-08T13:00:00.000Z,1.3981,1.4007,1.3974,1.4006,920015,
1788872700000,2026-09-08T13:05:00.000Z,1.4006,1.4026,1.3989,1.3992,856719,
1788873000000,2026-09-08T13:10:00.000Z,1.3992,1.4017,1.3989,1.4013,305541,
1788873300000,2026-09-08T13:15:00.000Z,1.4013,1.4026,1.4004,1.4007,509769,
1788873600000,2026-09-08T13:20:00.000Z,1.4007,1.4014,1.3974,1.3991,827863,
1788873900000,2026-09-08T13:25:00.000Z,1.3991,1.4006,1.3983,1.3991,456637,
1788874200000,2026-09-08T13:30:00.000Z,1.3991,1.4003,1.392,1.3932,1655891,
1788874500000,2026-09-08T13:35:00.000Z,1.3932,1.3942,1.385,1.3857,2351672,
1788874800000,2026-09-08T13:40:00.000Z,1.3857,1.3888,1.383,1.3886,2682285,
1788875100000,2026-09-08T13:45:00.000Z,1.3886,1.3969,1.388,1.3967,1514353,
1788875400000,2026-09-08T13:50:00.000Z,1.3967,1.3991,1.3927,1.3984,2089253,
1788875700000,2026-09-08T13:55:00.000Z,1.3984,1.4081,1.398,1.403,2900796,
1788876000000,2026-09-08T14:00:00.000Z,1.403,1.4058,1.399,1.4044,1034205,
1788876300000,2026-09-08T14:05:00.000Z,1.4044,1.406,1.4018,1.4033,682702,
1788876600000,2026-09-08T14:10:00.000Z,1.4033,1.4084,1.402,1.4072,1713100,
1788876900000,2026-09-08T14:15:00.000Z,1.4072,1.4093,1.4057,1.4085,797745,
1788877200000,2026-09-08T14:20:00.000Z,1.4085,1.4095,1.4065,1.4073,515999,
1788877500000,2026-09-08T14:25:00.000Z,1.4073,1.4081,1.4043,1.4075,749605,
1788877800000,2026-09-08T14:30:00.000Z,1.4075,1.4089,1.4047,1.4085,248473,
1788878100000,2026-09-08T14:35:00.000Z,1.4085,1.4118,1.4058,1.4073,1763402,
1788878400000,2026-09-08T14:40:00.000Z,1.4073,1.414,1.4064,1.411,2516895,
1788878700000,2026-09-08T14:45:00.000Z,1.411,1.4177,1.4099,1.4144,3679965,
1788879000000,2026-09-08T14:50:00.000Z,1.4144,1.4175,1.4127,1.4144,1161719,
1788879300000,2026-09-08T14:55:00.000Z,1.4144,1.4184,1.4143,1.4167,1176944,
1788879600000,2026-09-08T15:00:00.000Z,1.4167,1.4173,1.413,1.4134,785747,
1788879900000,2026-09-08T15:05:00.000Z,1.4134,1.416,1.4114,1.4159,550283,
1788880200000,2026-09-08T15:10:00.000Z,1.4159,1.4172,1.4141,1.4158,588589,
1788880500000,2026-09-08T15:15:00.000Z,1.4158,1.4184,1.4155,1.4159,806353,
1788880800000,2026-09-08T15:20:00.000Z,1.4159,1.4164,1.411,1.4134,1479102,
1788881100000,2026-09-08T15:25:00.000Z,1.4134,1.4146,1.4115,1.4136,510024,
1788881400000,2026-09-08T15:30:00.000Z,1.4136,1.4153,1.413,1.4149,819202,
1788881700000,2026-09-08T15:35:00.000Z,1.4149,1.421,1.414,1.4183,2029590,
1788882000000,2026-09-08T15:40:00.000Z,1.4183,1.4219,1.4171,1.4201,1578056,
1788882300000,2026-09-08T15:45:00.000Z,1.4201,1.4234,1.4192,1.4215,1774672,
1788882600000,2026-09-08T15:50:00.000Z,1.4215,1.4281,1.4212,1.4276,2121305,
1788882900000,2026-09-08T15:55:00.000Z,1.4276,1.434,1.4268,1.4338,4313254,
1788883200000,2026-09-08T16:00:00.000Z,1.4338,1.4514,1.4311,1.44,3881151,
1788883500000,2026-09-08T16:05:00.000Z,1.44,1.4445,1.435,1.4355,1648780,
1788883800000,2026-09-08T16:10:00.000Z,1.4355,1.4364,1.4288,1.4304,1354363,
1788884100000,2026-09-08T16:15:00.000Z,1.4304,1.4329,1.426,1.4294,1843486,
1788884400000,2026-09-08T16:20:00.000Z,1.4294,1.4298,1.4261,1.4285,772935,
1788884700000,2026-09-08T16:25:00.000Z,1.4285,1.4305,1.426,1.4268,465536,
1788885000000,2026-09-08T16:30:00.000Z,1.4268,1.4301,1.425,1.4271,1010528,
1788885300000,2026-09-08T16:35:00.000Z,1.4271,1.4337,1.4262,1.4337,1354538,
1788885600000,2026-09-08T16:40:00.000Z,1.4337,1.4414,1.4329,1.4335,1867064,
1788885900000,2026-09-08T16:45:00.000Z,1.4335,1.4372,1.4311,1.4345,1166426,
1788886200000,2026-09-08T16:50:00.000Z,1.4345,1.4376,1.4331,1.4365,1163302,
1788886500000,2026-09-08T16:55:00.000Z,1.4365,1.437,1.4305,1.435,1888649,
1788886800000,2026-09-08T17:00:00.000Z,1.435,1.4386,1.4339,1.4355,1566003,
1788887100000,2026-09-08T17:05:00.000Z,1.4355,1.4359,1.4308,1.4309,1389649,
1788887400000,2026-09-08T17:10:00.000Z,1.4309,1.433,1.43,1.4326,319875,
1788887700000,2026-09-08T17:15:00.000Z,1.4326,1.4333,1.4287,1.4293,553592,
1788888000000,2026-09-08T17:20:00.000Z,1.4293,1.4293,1.4268,1.4274,537341,
1788888300000,2026-09-08T17:25:00.000Z,1.4274,1.4274,1.4244,1.4261,943653,
1788888600000,2026-09-08T17:30:00.000Z,1.4261,1.4286,1.4258,1.4284,193490,
1788888900000,2026-09-08T17:35:00.000Z,1.4284,1.432,1.4284,1.4299,278373,
1788889200000,2026-09-08T17:40:00.000Z,1.4299,1.4301,1.427,1.4275,1136805,
1788889500000,2026-09-08T17:45:00.000Z,1.4275,1.4299,1.4275,1.4281,1237746,
1788889800000,2026-09-08T17:50:00.000Z,1.4281,1.4336,1.4281,1.4314,1455308,
1788890100000,2026-09-08T17:55:00.000Z,1.4314,1.4314,1.4262,1.4265,402336,
1788890400000,2026-09-08T18:00:00.000Z,1.4265,1.4298,1.4259,1.4278,1411663,
1788890700000,2026-09-08T18:05:00.000Z,1.4278,1.4337,1.4278,1.4325,1382932,
1788891000000,2026-09-08T18:10:00.000Z,1.4325,1.4357,1.432,1.4354,579709,
1788891300000,2026-09-08T18:15:00.000Z,1.4354,1.44,1.4345,1.4398,408179,
1788891600000,2026-09-08T18:20:00.000Z,1.4398,1.4457,1.4397,1.4428,845471,
1788891900000,2026-09-08T18:25:00.000Z,1.4428,1.4431,1.4382,1.4393,829259,
1788892200000,2026-09-08T18:30:00.000Z,1.4393,1.4407,1.4375,1.4375,494944,
1788892500000,2026-09-08T18:35:00.000Z,1.4375,1.4375,1.4325,1.4325,636858,
1788892800000,2026-09-08T18:40:00.000Z,1.4325,1.4362,1.432,1.4358,329096,
1788893100000,2026-09-08T18:45:00.000Z,1.4358,1.4398,1.427,1.4282,1215407,
1788893400000,2026-09-08T18:50:00.000Z,1.4282,1.4327,1.4221,1.4284,1701297,
1788893700000,2026-09-08T18:55:00.000Z,1.4284,1.4307,1.4265,1.43,865394,
1788894000000,2026-09-08T19:00:00.000Z,1.43,1.4338,1.4276,1.4329,312947,
1788894300000,2026-09-08T19:05:00.000Z,1.4329,1.4332,1.4305,1.4309,261706,
1788894600000,2026-09-08T19:10:00.000Z,1.4309,1.4309,1.427,1.4279,1190580,
1788894900000,2026-09-08T19:15:00.000Z,1.4279,1.4314,1.4272,1.4281,1590482,
1788895200000,2026-09-08T19:20:00.000Z,1.4281,1.43,1.425,1.4272,1202116,
1788895500000,2026-09-08T19:25:00.000Z,1.4272,1.428,1.4241,1.4272,2328071,
1788895800000,2026-09-08T19:30:00.000Z,1.4272,1.4278,1.4221,1.4264,1142211,
1788896100000,2026-09-08T19:35:00.000Z,1.4264,1.4281,1.4226,1.4262,1774072,
1788896400000,2026-09-08T19:40:00.000Z,1.4262,1.4283,1.4227,1.4235,1458196,
1788896700000,2026-09-08T19:45:00.000Z,1.4235,1.4235,1.4158,1.4193,2663781,
1788897000000,2026-09-08T19:50:00.000Z,1.4193,1.4193,1.4158,1.4173,1142055,
1788897300000,2026-09-08T19:55:00.000Z,1.4173,1.423,1.4161,1.4226,947450,
1788897600000,2026-09-08T20:00:00.000Z,1.4226,1.4236,1.4169,1.4178,1419250,
1788897900000,2026-09-08T20:05:00.000Z,1.4178,1.4229,1.4174,1.4219,1435046,
1788898200000,2026-09-08T20:10:00.000Z,1.4219,1.4265,1.4219,1.4256,3541904,
1788898500000,2026-09-08T20:15:00.000Z,1.4256,1.4257,1.4191,1.4194,817208,
1788898800000,2026-09-08T20:20:00.000Z,1.4194,1.4201,1.4153,1.418,1739964,
1788899100000,2026-09-08T20:25:00.000Z,1.418,1.4196,1.4173,1.419,1370026,
1788899400000,2026-09-08T20:30:00.000Z,1.419,1.419,1.4127,1.4135,1374197,
1788899700000,2026-09-08T20:35:00.000Z,1.4135,1.4169,1.4127,1.4159,178056,
1788900000000,2026-09-08T20:40:00.000Z,1.4159,1.4171,1.4134,1.4162,1013063,
1788900300000,2026-09-08T20:45:00.000Z,1.4162,1.417,1.4141,1.4144,799673,
1788900600000,2026-09-08T20:50:00.000Z,1.4144,1.4153,1.4126,1.4132,738806,
1788900900000,2026-09-08T20:55:00.000Z,1.4132,1.4153,1.4129,1.4139,1032355,
1788901200000,2026-09-08T21:00:00.000Z,1.4139,1.4185,1.4137,1.4169,751900,
1788901500000,2026-09-08T21:05:00.000Z,1.4169,1.4209,1.4163,1.4192,304729,
1788901800000,2026-09-08T21:10:00.000Z,1.4192,1.4204,1.4188,1.4195,310383,
1788902100000,2026-09-08T21:15:00.000Z,1.4195,1.4214,1.4191,1.4198,403888,
1788902400000,2026-09-08T21:20:00.000Z,1.4198,1.4201,1.4165,1.4182,1543373,
1788902700000,2026-09-08T21:25:00.000Z,1.4182,1.4234,1.4179,1.4191,1564647,
1788903000000,2026-09-08T21:30:00.000Z,1.4191,1.4207,1.4163,1.4183,2839771,
1788903300000,2026-09-08T21:35:00.000Z,1.4183,1.4205,1.4176,1.4205,50349,
1788903600000,2026-09-08T21:40:00.000Z,1.4205,1.4205,1.4166,1.4198,1546275,
1788903900000,2026-09-08T21:45:00.000Z,1.4198,1.4198,1.4177,1.4177,116699,
1788904200000,2026-09-08T21:50:00.000Z,1.4177,1.4179,1.4133,1.4143,231253,
1788904500000,2026-09-08T21:55:00.000Z,1.4143,1.4169,1.4143,1.4164,124782,
1788904800000,2026-09-08T22:00:00.000Z,1.4164,1.4229,1.416,1.422,617421,
1788905100000,2026-09-08T22:05:00.000Z,1.422,1.422,1.4183,1.4184,132254,
1788905400000,2026-09-08T22:10:00.000Z,1.4184,1.4201,1.4172,1.4195,763411,
1788905700000,2026-09-08T22:15:00.000Z,1.4195,1.422,1.4183,1.4183,879906,
1788906000000,2026-09-08T22:20:00.000Z,1.4183,1.4218,1.4174,1.4194,1811990,
1788906300000,2026-09-08T22:25:00.000Z,1.4194,1.4194,1.4182,1.4185,96350,
1788906600000,2026-09-08T22:30:00.000Z,1.4185,1.4192,1.4171,1.4176,145842,
1788906900000,2026-09-08T22:35:00.000Z,1.4176,1.4182,1.4171,1.4173,125074,
1788907200000,2026-09-08T22:40:00.000Z,1.4173,1.4193,1.4166,1.4169,931513,
1788907500000,2026-09-08T22:45:00.000Z,1.4169,1.4181,1.4169,1.4178,179292,
1788907800000,2026-09-08T22:50:00.000Z,1.4178,1.4184,1.4168,1.4169,91128,
1788908100000,2026-09-08T22:55:00.000Z,1.4169,1.419,1.4167,1.418,1154589,
1788908400000,2026-09-08T23:00:00.000Z,1.418,1.4207,1.4172,1.4176,1860403,
1788908700000,2026-09-08T23:05:00.000Z,1.4176,1.4179,1.4169,1.4175,248137,
1788909000000,2026-09-08T23:10:00.000Z,1.4175,1.4193,1.4154,1.418,2383094,
1788909300000,2026-09-08T23:15:00.000Z,1.418,1.418,1.4149,1.4154,1001941,
1788909600000,2026-09-08T23:20:00.000Z,1.4154,1.4176,1.4147,1.4164,994370,
1788909900000,2026-09-08T23:25:00.000Z,1.4164,1.4176,1.4151,1.417,919793,
1788910200000,2026-09-08T23:30:00.000Z,1.417,1.4175,1.4161,1.4161,30614,
1788910500000,2026-09-08T23:35:00.000Z,1.4161,1.4171,1.4154,1.4166,772053,
1788910800000,2026-09-08T23:40:00.000Z,1.4166,1.4167,1.416,1.4161,299449,
1788911100000,2026-09-08T23:45:00.000Z,1.4161,1.4166,1.4151,1.4152,201840,
1788911400000,2026-09-08T23:50:00.000Z,1.4152,1.4167,1.4151,1.4151,481322,
1788911700000,2026-09-08T23:55:00.000Z,1.4151,1.4168,1.4149,1.4166,578318,
1788912000000,2026-09-09T00:00:00.000Z,1.4166,1.42,1.4166,1.4194,181533,
1788912300000,2026-09-09T00:05:00.000Z,1.4194,1.4209,1.4183,1.4204,997025,
1788912600000,2026-09-09T00:10:00.000Z,1.4204,1.4244,1.4204,1.4241,1114900,
1788912900000,2026-09-09T00:15:00.000Z,1.4241,1.4242,1.4209,1.421,128096,
1788913200000,2026-09-09T00:20:00.000Z,1.421,1.423,1.4198,1.4202,89152,
1788913500000,2026-09-09T00:25:00.000Z,1.4202,1.4202,1.4183,1.4198,451626,
1788913800000,2026-09-09T00:30:00.000Z,1.4198,1.4212,1.4177,1.4193,605463,
1788914100000,2026-09-09T00:35:00.000Z,1.4193,1.4207,1.4169,1.4203,275519,
1788914400000,2026-09-09T00:40:00.000Z,1.4203,1.4203,1.4175,1.4192,381295,
1788914700000,2026-09-09T00:45:00.000Z,1.4192,1.4211,1.4188,1.4202,535281,
1788915000000,2026-09-09T00:50:00.000Z,1.4202,1.421,1.4185,1.4202,618751,
1788915300000,2026-09-09T00:55:00.000Z,1.4202,1.422,1.4195,1.42,548901,
1788915600000,2026-09-09T01:00:00.000Z,1.42,1.42,1.4151,1.4153,210616,
1788915900000,2026-09-09T01:05:00.000Z,1.4153,1.4198,1.4138,1.4198,1652928,
1788916200000,2026-09-09T01:10:00.000Z,1.4198,1.4219,1.4165,1.4174,1403281,
1788916500000,2026-09-09T01:15:00.000Z,1.4174,1.4181,1.4122,1.4123,1393208,
1788916800000,2026-09-09T01:20:00.000Z,1.4123,1.4133,1.4096,1.4124,754290,
1788917100000,2026-09-09T01:25:00.000Z,1.4124,1.4139,1.4111,1.4132,199404,
1788917400000,2026-09-09T01:30:00.000Z,1.4132,1.4139,1.4111,1.4139,109917,
1788917700000,2026-09-09T01:35:00.000Z,1.4139,1.4183,1.4136,1.4173,532695,
1788918000000,2026-09-09T01:40:00.000Z,1.4173,1.4185,1.4152,1.4173,923524,
1788918300000,2026-09-09T01:45:00.000Z,1.4173,1.4191,1.416,1.4169,2293182,
1788918600000,2026-09-09T01:50:00.000Z,1.4169,1.4186,1.4147,1.4179,1879573,
1788918900000,2026-09-09T01:55:00.000Z,1.4179,1.4187,1.4151,1.417,1972679,
1788919200000,2026-09-09T02:00:00.000Z,1.417,1.4173,1.4139,1.4164,1101008,
1788919500000,2026-09-09T02:05:00.000Z,1.4164,1.4185,1.4145,1.4182,233964,
1788919800000,2026-09-09T02:10:00.000Z,1.4182,1.4198,1.4147,1.4161,2275327,
1788920100000,2026-09-09T02:15:00.000Z,1.4161,1.4162,1.4109,1.4145,1988672,
1788920400000,2026-09-09T02:20:00.000Z,1.4145,1.4173,1.4122,1.417,1477848,
1788920700000,2026-09-09T02:25:00.000Z,1.417,1.417,1.4129,1.416,1489010,
1788921000000,2026-09-09T02:30:00.000Z,1.416,1.4194,1.4145,1.4181,1182923,
1788921300000,2026-09-09T02:35:00.000Z,1.4181,1.4185,1.4168,1.418,57442,
1788921600000,2026-09-09T02:40:00.000Z,1.418,1.4201,1.4178,1.4193,111884,
1788921900000,2026-09-09T02:45:00.000Z,1.4193,1.4206,1.4172,1.4193,1425670,
1788922200000,2026-09-09T02:50:00.000Z,1.4193,1.4199,1.4184,1.4187,446636,
1788922500000,2026-09-09T02:55:00.000Z,1.4187,1.4187,1.4153,1.4156,667590,
1788922800000,2026-09-09T03:00:00.000Z,1.4156,1.4164,1.4135,1.4142,1434288,
1788923100000,2026-09-09T03:05:00.000Z,1.4142,1.416,1.413,1.4134,518999,
1788923400000,2026-09-09T03:10:00.000Z,1.4134,1.4143,1.411,1.4119,1082932,
1788923700000,2026-09-09T03:15:00.000Z,1.4119,1.4125,1.4101,1.4104,580384,
1788924000000,2026-09-09T03:20:00.000Z,1.4104,1.4113,1.41,1.411,217266,
1788924300000,2026-09-09T03:25:00.000Z,1.411,1.4114,1.4105,1.4108,594359,
1788924600000,2026-09-09T03:30:00.000Z,1.4108,1.4119,1.4104,1.4116,434185,
1788924900000,2026-09-09T03:35:00.000Z,1.4116,1.4134,1.4109,1.4133,986202,
1788925200000,2026-09-09T03:40:00.000Z,1.4133,1.4155,1.4126,1.4146,1141933,
1788925500000,2026-09-09T03:45:00.000Z,1.4146,1.4166,1.4134,1.4142,1598647,
1788925800000,2026-09-09T03:50:00.000Z,1.4142,1.416,1.4128,1.416,1385264,
1788926100000,2026-09-09T03:55:00.000Z,1.416,1.4177,1.4148,1.4162,1626802,
1788926400000,2026-09-09T04:00:00.000Z,1.4162,1.4243,1.4162,1.4235,2954532,
1788926700000,2026-09-09T04:05:00.000Z,1.4235,1.426,1.4214,1.4219,2280566,
1788927000000,2026-09-09T04:10:00.000Z,1.4219,1.4241,1.4204,1.4228,2754818,
1788927300000,2026-09-09T04:15:00.000Z,1.4228,1.425,1.4214,1.425,1946775,
1788927600000,2026-09-09T04:20:00.000Z,1.425,1.4318,1.4241,1.4316,3246884,
1788927900000,2026-09-09T04:25:00.000Z,1.4316,1.4318,1.427,1.4274,1337610,
1788928200000,2026-09-09T04:30:00.000Z,1.4274,1.429,1.4264,1.4288,1313208,
1788928500000,2026-09-09T04:35:00.000Z,1.4288,1.4292,1.4281,1.4281,96173,
1788928800000,2026-09-09T04:40:00.000Z,1.4281,1.4348,1.4279,1.4343,3524774,
1788929100000,2026-09-09T04:45:00.000Z,1.4343,1.4352,1.43,1.4331,464112,
1788929400000,2026-09-09T04:50:00.000Z,1.4331,1.4369,1.4331,1.4364,424686,
1788929700000,2026-09-09T04:55:00.000Z,1.4364,1.4369,1.4342,1.4357,1053901,
1788930000000,2026-09-09T05:00:00.000Z,1.4357,1.4362,1.4303,1.4314,1182941,
1788930300000,2026-09-09T05:05:00.000Z,1.4314,1.4315,1.429,1.4309,261985,
1788930600000,2026-09-09T05:10:00.000Z,1.4309,1.4352,1.4304,1.434,424736,
1788930900000,2026-09-09T05:15:00.000Z,1.434,1.4359,1.4319,1.4335,1623524,
1788931200000,2026-09-09T05:20:00.000Z,1.4335,1.4335,1.4296,1.4304,581199,
1788931500000,2026-09-09T05:25:00.000Z,1.4304,1.4324,1.4296,1.4308,712887,
1788931800000,2026-09-09T05:30:00.000Z,1.4308,1.4314,1.4253,1.4276,2567896,
1788932100000,2026-09-09T05:35:00.000Z,1.4276,1.4288,1.4254,1.4265,2305424,
1788932400000,2026-09-09T05:40:00.000Z,1.4265,1.4266,1.4232,1.4253,1815829,
1788932700000,2026-09-09T05:45:00.000Z,1.4253,1.4253,1.4221,1.4243,1937634,
1788933000000,2026-09-09T05:50:00.000Z,1.4243,1.4259,1.4243,1.4255,272682,
1788933300000,2026-09-09T05:55:00.000Z,1.4255,1.4271,1.4253,1.4271,771662,
1788933600000,2026-09-09T06:00:00.000Z,1.4271,1.4285,1.4263,1.4271,1490495,
1788933900000,2026-09-09T06:05:00.000Z,1.4271,1.4289,1.4269,1.4284,720987,
1788934200000,2026-09-09T06:10:00.000Z,1.4284,1.4336,1.4284,1.4334,646414,
1788934500000,2026-09-09T06:15:00.000Z,1.4334,1.4382,1.4324,1.438,618760,
1788934800000,2026-09-09T06:20:00.000Z,1.438,1.4397,1.4366,1.4393,448594,
1788935100000,2026-09-09T06:25:00.000Z,1.4393,1.4401,1.4355,1.4367,656980,
1788935400000,2026-09-09T06:30:00.000Z,1.4367,1.4376,1.4343,1.4353,407655,
1788935700000,2026-09-09T06:35:00.000Z,1.4353,1.4369,1.4352,1.4354,52184,
1788936000000,2026-09-09T06:40:00.000Z,1.4354,1.4355,1.4337,1.4342,1167238,
1788936300000,2026-09-09T06:45:00.000Z,1.4342,1.4349,1.4332,1.4338,88064,
1788936600000,2026-09-09T06:50:00.000Z,1.4338,1.435,1.4331,1.4331,1478418,
1788936900000,2026-09-09T06:55:00.000Z,1.4331,1.4345,1.4331,1.4333,158435,
1788937200000,2026-09-09T07:00:00.000Z,1.4333,1.4357,1.4327,1.4356,386907,
1788937500000,2026-09-09T07:05:00.000Z,1.4356,1.4423,1.4356,1.4378,1884746,
1788937800000,2026-09-09T07:10:00.000Z,1.4378,1.4389,1.4357,1.4374,1466278,
1788938100000,2026-09-09T07:15:00.000Z,1.4374,1.4403,1.4362,1.4372,2295682,
1788938400000,2026-09-09T07:20:00.000Z,1.4372,1.4405,1.4363,1.4404,1798579,
1788938700000,2026-09-09T07:25:00.000Z,1.4404,1.4416,1.4384,1.4403,3179390,
1788939000000,2026-09-09T07:30:00.000Z,1.4403,1.4411,1.4375,1.4399,1541541,
1788939300000,2026-09-09T07:35:00.000Z,1.4399,1.44,1.4387,1.4395,520771,
1788939600000,2026-09-09T07:40:00.000Z,1.4395,1.4403,1.4385,1.4393,388029,
1788939900000,2026-09-09T07:45:00.000Z,1.4393,1.4402,1.438,1.438,172687,
1788940200000,2026-09-09T07:50:00.000Z,1.438,1.4395,1.438,1.4384,147841,
1788940500000,2026-09-09T07:55:00.000Z,1.4384,1.441,1.4384,1.4403,2062613,
1788940800000,2026-09-09T08:00:00.000Z,1.4403,1.4435,1.4394,1.4434,1737263,
1788941100000,2026-09-09T08:05:00.000Z,1.4434,1.445,1.4406,1.4407,2258811,
1788941400000,2026-09-09T08:10:00.000Z,1.4407,1.4432,1.4393,1.4394,1648620,
1788941700000,2026-09-09T08:15:00.000Z,1.4394,1.4419,1.4388,1.4407,1961621,
1788942000000,2026-09-09T08:20:00.000Z,1.4407,1.4422,1.4397,1.4402,869092,
1788942300000,2026-09-09T08:25:00.000Z,1.4402,1.4409,1.439,1.4406,489181,
1788942600000,2026-09-09T08:30:00.000Z,1.4406,1.4407,1.4386,1.4402,872053,
1788942900000,2026-09-09T08:35:00.000Z,1.4402,1.4419,1.4377,1.4391,2090788,
1788943200000,2026-09-09T08:40:00.000Z,1.4391,1.4409,1.4382,1.4385,798732,
1788943500000,2026-09-09T08:45:00.000Z,1.4385,1.4386,1.4362,1.4367,1909348,
1788943800000,2026-09-09T08:50:00.000Z,1.4367,1.4375,1.435,1.4374,361506,
1788944100000,2026-09-09T08:55:00.000Z,1.4374,1.4379,1.4369,1.4376,257507,
1788944400000,2026-09-09T09:00:00.000Z,1.4376,1.4377,1.4352,1.436,290025,
1788944700000,2026-09-09T09:05:00.000Z,1.436,1.4361,1.4321,1.4321,717307,
1788945000000,2026-09-09T09:10:00.000Z,1.4321,1.4337,1.4314,1.4321,1794448,
1788945300000,2026-09-09T09:15:00.000Z,1.4321,1.4328,1.4297,1.4301,650459,
1788945600000,2026-09-09T09:20:00.000Z,1.4301,1.4302,1.4282,1.4287,1332972,
1788945900000,2026-09-09T09:25:00.000Z,1.4287,1.4296,1.4282,1.4285,614966,
1788946200000,2026-09-09T09:30:00.000Z,1.4285,1.4287,1.4269,1.4283,1069687,
1788946500000,2026-09-09T09:35:00.000Z,1.4283,1.4288,1.4256,1.4272,992143,
1788946800000,2026-09-09T09:40:00.000Z,1.4272,1.4273,1.4215,1.4221,1101229,
1788947100000,2026-09-09T09:45:00.000Z,1.4221,1.4238,1.4192,1.4209,2450738,
1788947400000,2026-09-09T09:50:00.000Z,1.4209,1.4227,1.4198,1.4203,1021191,
1788947700000,2026-09-09T09:55:00.000Z,1.4203,1.4215,1.4189,1.4196,514234,
1788948000000,2026-09-09T10:00:00.000Z,1.4196,1.423,1.4196,1.4228,424855,
1788948300000,2026-09-09T10:05:00.000Z,1.4228,1.423,1.4201,1.4201,247479,
1788948600000,2026-09-09T10:10:00.000Z,1.4201,1.4217,1.4182,1.4207,1559890,
1788948900000,2026-09-09T10:15:00.000Z,1.4207,1.4216,1.4187,1.4216,189593,
1788949200000,2026-09-09T10:20:00.000Z,1.4216,1.424,1.4215,1.4221,1348458,
1788949500000,2026-09-09T10:25:00.000Z,1.4221,1.4231,1.421,1.4215,2191579,
1788949800000,2026-09-09T10:30:00.000Z,1.4215,1.4245,1.4209,1.4244,2322030,
1788950100000,2026-09-09T10:35:00.000Z,1.4244,1.4248,1.4223,1.4232,2974961,
1788950400000,2026-09-09T10:40:00.000Z,1.4232,1.4233,1.4208,1.4221,2264722,
1788950700000,2026-09-09T10:45:00.000Z,1.4221,1.4222,1.4204,1.4213,150261,
1788951000000,2026-09-09T10:50:00.000Z,1.4213,1.4213,1.4187,1.4199,271688,
1788951300000,2026-09-09T10:55:00.000Z,1.4199,1.4225,1.4198,1.4221,658635,
1788951600000,2026-09-09T11:00:00.000Z,1.4221,1.4233,1.4174,1.419,421932,
1788951900000,2026-09-09T11:05:00.000Z,1.419,1.4198,1.4178,1.4198,266257,
1788952200000,2026-09-09T11:10:00.000Z,1.4198,1.4206,1.4182,1.4189,452730,
1788952500000,2026-09-09T11:15:00.000Z,1.4189,1.419,1.4162,1.4178,1322895,
1788952800000,2026-09-09T11:20:00.000Z,1.4178,1.4215,1.4175,1.4212,788799,
1788953100000,2026-09-09T11:25:00.000Z,1.4212,1.4219,1.4202,1.4207,133631,
1788953400000,2026-09-09T11:30:00.000Z,1.4207,1.4243,1.42,1.4224,2964907,
1788953700000,2026-09-09T11:35:00.000Z,1.4224,1.4233,1.4206,1.4233,959396,
1788954000000,2026-09-09T11:40:00.000Z,1.4233,1.4243,1.4213,1.4214,1369321,
1788954300000,2026-09-09T11:45:00.000Z,1.4214,1.4261,1.4212,1.4248,1115991,
1788954600000,2026-09-09T11:50:00.000Z,1.4248,1.4283,1.4241,1.4271,1218801,
1788954900000,2026-09-09T11:55:00.000Z,1.4271,1.4274,1.4258,1.4267,301365,
1788955200000,2026-09-09T12:00:00.000Z,1.4267,1.428,1.4254,1.4258,170682,
1788955500000,2026-09-09T12:05:00.000Z,1.4258,1.4287,1.4251,1.4286,665033,
1788955800000,2026-09-09T12:10:00.000Z,1.4286,1.4287,1.4274,1.4283,641907,
1788956100000,2026-09-09T12:15:00.000Z,1.4283,1.43,1.4283,1.4288,527187,
1788956400000,2026-09-09T12:20:00.000Z,1.4288,1.4308,1.4288,1.4302,450529,
1788956700000,2026-09-09T12:25:00.000Z,1.4302,1.431,1.4294,1.4309,406003,
1788957000000,2026-09-09T12:30:00.000Z,1.4309,1.4343,1.4302,1.4339,984667,
1788957300000,2026-09-09T12:35:00.000Z,1.4339,1.4354,1.4315,1.4336,1649040,
1788957600000,2026-09-09T12:40:00.000Z,1.4336,1.4366,1.4323,1.4361,1730021,
1788957900000,2026-09-09T12:45:00.000Z,1.4361,1.4384,1.435,1.436,1660023,
1788958200000,2026-09-09T12:50:00.000Z,1.436,1.4388,1.4349,1.4385,3603322,
1788958500000,2026-09-09T12:55:00.000Z,1.4385,1.4388,1.4343,1.436,4912948,
1788958800000,2026-09-09T13:00:00.000Z,1.436,1.4373,1.4332,1.4371,1817069,
1788959100000,2026-09-09T13:05:00.000Z,1.4371,1.4384,1.436,1.4372,414293,
1788959400000,2026-09-09T13:10:00.000Z,1.4372,1.4372,1.435,1.4359,206728,
1788959700000,2026-09-09T13:15:00.000Z,1.4359,1.4362,1.4343,1.4356,153012,
1788960000000,2026-09-09T13:20:00.000Z,1.4356,1.4359,1.4339,1.4342,526325,
1788960300000,2026-09-09T13:25:00.000Z,1.4342,1.4362,1.4336,1.4345,596753,
1788960600000,2026-09-09T13:30:00.000Z,1.4345,1.4365,1.432,1.4362,699446,
1788960900000,2026-09-09T13:35:00.000Z,1.4362,1.4362,1.4278,1.4306,2132035,
1788961200000,2026-09-09T13:40:00.000Z,1.4306,1.4327,1.4209,1.4267,3585770,
1788961500000,2026-09-09T13:45:00.000Z,1.4267,1.4306,1.426,1.4298,2273436,
1788961800000,2026-09-09T13:50:00.000Z,1.4298,1.4324,1.4298,1.43,2139276,
1788962100000,2026-09-09T13:55:00.000Z,1.43,1.4311,1.4274,1.4281,618478,
1788962400000,2026-09-09T14:00:00.000Z,1.4281,1.4292,1.4227,1.4291,1740526,
1788962700000,2026-09-09T14:05:00.000Z,1.4291,1.4321,1.4239,1.4245,1206717,
1788963000000,2026-09-09T14:10:00.000Z,1.4245,1.4276,1.4221,1.4274,1946210,
1788963300000,2026-09-09T14:15:00.000Z,1.4274,1.4274,1.4227,1.4232,275624,
1788963600000,2026-09-09T14:20:00.000Z,1.4232,1.4234,1.4204,1.4228,2026870,
1788963900000,2026-09-09T14:25:00.000Z,1.4228,1.4313,1.4224,1.4313,2141831,
1788964200000,2026-09-09T14:30:00.000Z,1.4313,1.4318,1.4276,1.4297,3258269,
1788964500000,2026-09-09T14:35:00.000Z,1.4297,1.4319,1.4272,1.43,3119560,
1788964800000,2026-09-09T14:40:00.000Z,1.43,1.4303,1.4235,1.4241,3086099,
1788965100000,2026-09-09T14:45:00.000Z,1.4241,1.4288,1.4232,1.4285,2711959,
1788965400000,2026-09-09T14:50:00.000Z,1.4285,1.4292,1.4247,1.4247,432143,
1788965700000,2026-09-09T14:55:00.000Z,1.4247,1.4255,1.4226,1.4245,1027179,
1788966000000,2026-09-09T15:00:00.000Z,1.4245,1.4329,1.4171,1.4198,3451791,
1788966300000,2026-09-09T15:05:00.000Z,1.4198,1.423,1.4121,1.4187,2527503,
1788966600000,2026-09-09T15:10:00.000Z,1.4187,1.4198,1.4115,1.4158,4660519,
1788966900000,2026-09-09T15:15:00.000Z,1.4158,1.4185,1.414,1.4165,1019370,
1788967200000,2026-09-09T15:20:00.000Z,1.4165,1.4175,1.4052,1.4062,3520379,
1788967500000,2026-09-09T15:25:00.000Z,1.4062,1.4123,1.4042,1.4117,1702783,
1788967800000,2026-09-09T15:30:00.000Z,1.4117,1.4163,1.4105,1.4163,2333450,
1788968100000,2026-09-09T15:35:00.000Z,1.4163,1.4215,1.4163,1.421,775356,
1788968400000,2026-09-09T15:40:00.000Z,1.421,1.4221,1.4173,1.4177,613365,
1788968700000,2026-09-09T15:45:00.000Z,1.4177,1.4195,1.4167,1.4189,231776,
1788969000000,2026-09-09T15:50:00.000Z,1.4189,1.4193,1.4166,1.4189,167621,
1788969300000,2026-09-09T15:55:00.000Z,1.4189,1.4195,1.4159,1.4165,1872810,
1788969600000,2026-09-09T16:00:00.000Z,1.4165,1.4216,1.416,1.421,1863968,
1788969900000,2026-09-09T16:05:00.000Z,1.421,1.4214,1.4144,1.4144,1509686,
1788970200000,2026-09-09T16:10:00.000Z,1.4144,1.4183,1.4134,1.4182,1931661,
1788970500000,2026-09-09T16:15:00.000Z,1.4182,1.4182,1.411,1.4134,2320805,
1788970800000,2026-09-09T16:20:00.000Z,1.4134,1.4159,1.4104,1.4116,685059,
1788971100000,2026-09-09T16:25:00.000Z,1.4116,1.416,1.4116,1.4151,1949197,
1788971400000,2026-09-09T16:30:00.000Z,1.4151,1.4224,1.4151,1.421,828313,
1788971700000,2026-09-09T16:35:00.000Z,1.421,1.4222,1.4199,1.4207,1755664,
1788972000000,2026-09-09T16:40:00.000Z,1.4207,1.4212,1.4195,1.4212,296144,
1788972300000,2026-09-09T16:45:00.000Z,1.4212,1.422,1.4206,1.4207,40990,
1788972600000,2026-09-09T16:50:00.000Z,1.4207,1.4214,1.4199,1.4201,82310,
1788972900000,2026-09-09T16:55:00.000Z,1.4201,1.4225,1.4198,1.4219,907971,
1788973200000,2026-09-09T17:00:00.000Z,1.4219,1.4232,1.4182,1.4182,1380343,
1788973500000,2026-09-09T17:05:00.000Z,1.4182,1.4216,1.4177,1.421,1550408,
1788973800000,2026-09-09T17:10:00.000Z,1.421,1.424,1.4202,1.4211,1989685,
1788974100000,2026-09-09T17:15:00.000Z,1.4211,1.4227,1.4201,1.4217,1765031,
1788974400000,2026-09-09T17:20:00.000Z,1.4217,1.4221,1.4206,1.4219,557956,
1788974700000,2026-09-09T17:25:00.000Z,1.4219,1.4239,1.4219,1.423,202419,
1788975000000,2026-09-09T17:30:00.000Z,1.423,1.423,1.4206,1.4216,123022,
1788975300000,2026-09-09T17:35:00.000Z,1.4216,1.4227,1.4196,1.4199,150347,
1788975600000,2026-09-09T17:40:00.000Z,1.4199,1.4204,1.4182,1.4204,423502,
1788975900000,2026-09-09T17:45:00.000Z,1.4204,1.422,1.4202,1.4219,104235,
1788976200000,2026-09-09T17:50:00.000Z,1.4219,1.4223,1.4196,1.422,135263,
1788976500000,2026-09-09T17:55:00.000Z,1.422,1.4225,1.4215,1.4216,28501,
1788976800000,2026-09-09T18:00:00.000Z,1.4216,1.4222,1.4205,1.4207,335272,
1788977100000,2026-09-09T18:05:00.000Z,1.4207,1.4216,1.418,1.4186,130840,
1788977400000,2026-09-09T18:10:00.000Z,1.4186,1.4187,1.4176,1.4183,76716,
1788977700000,2026-09-09T18:15:00.000Z,1.4183,1.4188,1.4172,1.4173,80514,
1788978000000,2026-09-09T18:20:00.000Z,1.4173,1.4196,1.4173,1.4195,58237,
1788978300000,2026-09-09T18:25:00.000Z,1.4195,1.4203,1.4193,1.42,52976,
1788978600000,2026-09-09T18:30:00.000Z,1.42,1.4223,1.4193,1.4208,1124207,
1788978900000,2026-09-09T18:35:00.000Z,1.4208,1.4218,1.4199,1.421,231606,
1788979200000,2026-09-09T18:40:00.000Z,1.421,1.4225,1.4206,1.4222,1713549,
1788979500000,2026-09-09T18:45:00.000Z,1.4222,1.4223,1.4186,1.4211,3802074,
1788979800000,2026-09-09T18:50:00.000Z,1.4211,1.4211,1.4156,1.4157,1639761,
1788980100000,2026-09-09T18:55:00.000Z,1.4157,1.4187,1.4157,1.4167,1198345,
1788980400000,2026-09-09T19:00:00.000Z,1.4167,1.4189,1.4154,1.417,1617004,
1788980700000,2026-09-09T19:05:00.000Z,1.417,1.4176,1.4146,1.4161,1146757,
1788981000000,2026-09-09T19:10:00.000Z,1.4161,1.417,1.4158,1.4167,45549,
1788981300000,2026-09-09T19:15:00.000Z,1.4167,1.4176,1.416,1.4162,84822,
1788981600000,2026-09-09T19:20:00.000Z,1.4162,1.4162,1.4149,1.4156,131759,
1788981900000,2026-09-09T19:25:00.000Z,1.4156,1.4156,1.4133,1.4136,179491,
1788982200000,2026-09-09T19:30:00.000Z,1.4136,1.4138,1.4116,1.4117,994830,
1788982500000,2026-09-09T19:35:00.000Z,1.4117,1.4119,1.407,1.4078,2255668,
1788982800000,2026-09-09T19:40:00.000Z,1.4078,1.4098,1.4055,1.4059,1297424,
1788983100000,2026-09-09T19:45:00.000Z,1.4059,1.4071,1.4051,1.4057,431636,
1788983400000,2026-09-09T19:50:00.000Z,1.4057,1.4057,1.3995,1.4006,3252340,
1788983700000,2026-09-09T19:55:00.000Z,1.4006,1.4015,1.3979,1.401,1715793,
1788984000000,2026-09-09T20:00:00.000Z,1.401,1.4023,1.3984,1.3987,712724,
1788984300000,2026-09-09T20:05:00.000Z,1.3987,1.4022,1.3979,1.4018,1802264,
1788984600000,2026-09-09T20:10:00.000Z,1.4018,1.4024,1.3992,1.4008,1530108,
1788984900000,2026-09-09T20:15:00.000Z,1.4008,1.4047,1.4007,1.4007,2139235,
1788985200000,2026-09-09T20:20:00.000Z,1.4007,1.402,1.3965,1.3999,3828893,
1788985500000,2026-09-09T20:25:00.000Z,1.3999,1.4012,1.3938,1.3976,3303705,
1788985800000,2026-09-09T20:30:00.000Z,1.3976,1.4023,1.3972,1.4018,606206,
1788986100000,2026-09-09T20:35:00.000Z,1.4018,1.4044,1.4007,1.403,2123274,
1788986400000,2026-09-09T20:40:00.000Z,1.403,1.4033,1.3995,1.4004,1535868,
1788986700000,2026-09-09T20:45:00.000Z,1.4004,1.401,1.397,1.3972,487816,
1788987000000,2026-09-09T20:50:00.000Z,1.3972,1.4016,1.3966,1.3998,3015939,
1788987300000,2026-09-09T20:55:00.000Z,1.3998,1.4032,1.3998,1.4031,1288124,
1788987600000,2026-09-09T21:00:00.000Z,1.4031,1.4031,1.3989,1.4008,2392537,
1788987900000,2026-09-09T21:05:00.000Z,1.4008,1.4017,1.3999,1.3999,391952,
1788988200000,2026-09-09T21:10:00.000Z,1.3999,1.4,1.3982,1.3994,460028,
1788988500000,2026-09-09T21:15:00.000Z,1.3994,1.4003,1.3973,1.3979,667943,
1788988800000,2026-09-09T21:20:00.000Z,1.3979,1.4007,1.3959,1.4006,804451,
1788989100000,2026-09-09T21:25:00.000Z,1.4006,1.4024,1.3998,1.4013,560821,
1788989400000,2026-09-09T21:30:00.000Z,1.4013,1.4013,1.3967,1.3972,386429,
1788989700000,2026-09-09T21:35:00.000Z,1.3972,1.3985,1.3953,1.3977,984844,
1788990000000,2026-09-09T21:40:00.000Z,1.3977,1.3985,1.3964,1.3966,621427,
1788990300000,2026-09-09T21:45:00.000Z,1.3966,1.3972,1.3909,1.3913,1552805,
1788990600000,2026-09-09T21:50:00.000Z,1.3913,1.3948,1.3908,1.3948,888806,
1788990900000,2026-09-09T21:55:00.000Z,1.3948,1.3956,1.3926,1.3956,757332,
1788991200000,2026-09-09T22:00:00.000Z,1.3956,1.3969,1.3923,1.3942,292346,
1788991500000,2026-09-09T22:05:00.000Z,1.3942,1.3943,1.375,1.3859,5872284,
1788991800000,2026-09-09T22:10:00.000Z,1.3859,1.3914,1.3858,1.3875,2061542,
1788992100000,2026-09-09T22:15:00.000Z,1.3875,1.3907,1.3847,1.3905,1755643,
1788992400000,2026-09-09T22:20:00.000Z,1.3905,1.393,1.3905,1.3929,520215,
1788992700000,2026-09-09T22:25:00.000Z,1.3929,1.3936,1.392,1.3925,242509,
1788993000000,2026-09-09T22:30:00.000Z,1.3925,1.3926,1.3901,1.3919,1521945,
1788993300000,2026-09-09T22:35:00.000Z,1.3919,1.3924,1.3901,1.391,455999,
1788993600000,2026-09-09T22:40:00.000Z,1.391,1.3911,1.3883,1.3895,647733,
1788993900000,2026-09-09T22:45:00.000Z,1.3895,1.3895,1.3857,1.3858,292455,
1788994200000,2026-09-09T22:50:00.000Z,1.3858,1.3862,1.383,1.3832,238283,
1788994500000,2026-09-09T22:55:00.000Z,1.3832,1.384,1.3802,1.3835,883915,
1788994800000,2026-09-09T23:00:00.000Z,1.3835,1.3891,1.3834,1.3885,500441,
1788995100000,2026-09-09T23:05:00.000Z,1.3885,1.3898,1.3873,1.3893,274849,
1788995400000,2026-09-09T23:10:00.000Z,1.3893,1.3895,1.3875,1.3883,327637,
1788995700000,2026-09-09T23:15:00.000Z,1.3883,1.3904,1.387,1.3903,219053,
1788996000000,2026-09-09T23:20:00.000Z,1.3903,1.391,1.389,1.3907,161648,
1788996300000,2026-09-09T23:25:00.000Z,1.3907,1.3918,1.39,1.3918,92185,
1788996600000,2026-09-09T23:30:00.000Z,1.3918,1.3934,1.3913,1.3934,73990,
1788996900000,2026-09-09T23:35:00.000Z,1.3934,1.394,1.3921,1.3933,381037,
1788997200000,2026-09-09T23:40:00.000Z,1.3933,1.394,1.3927,1.3937,111896,
1788997500000,2026-09-09T23:45:00.000Z,1.3937,1.3946,1.3931,1.3941,122698,
1788997800000,2026-09-09T23:50:00.000Z,1.3941,1.3947,1.3937,1.3946,408303,
1788998100000,2026-09-09T23:55:00.000Z,1.3946,1.3946,1.3928,1.3941,347240,
1788998400000,2026-09-10T00:00:00.000Z,1.3941,1.3949,1.3933,1.3945,531044,
1788998700000,2026-09-10T00:05:00.000Z,1.3945,1.3953,1.3934,1.3939,104847,
1788999000000,2026-09-10T00:10:00.000Z,1.3939,1.3959,1.3926,1.3927,601943,
1788999300000,2026-09-10T00:15:00.000Z,1.3927,1.3933,1.392,1.3924,621366,
1788999600000,2026-09-10T00:20:00.000Z,1.3924,1.3944,1.3906,1.3933,705185,
1788999900000,2026-09-10T00:25:00.000Z,1.3933,1.394,1.3921,1.3925,382081,
1789000200000,2026-09-10T00:30:00.000Z,1.3925,1.3925,1.3888,1.3915,512902,
1789000500000,2026-09-10T00:35:00.000Z,1.3915,1.3938,1.3904,1.3904,642111,
1789000800000,2026-09-10T00:40:00.000Z,1.3904,1.3904,1.3862,1.3873,1032981,
1789001100000,2026-09-10T00:45:00.000Z,1.3873,1.3906,1.3858,1.3879,1500445,
1789001400000,2026-09-10T00:50:00.000Z,1.3879,1.3894,1.3862,1.3865,1470801,
1789001700000,2026-09-10T00:55:00.000Z,1.3865,1.3871,1.3853,1.3869,901597,
1789002000000,2026-09-10T01:00:00.000Z,1.3869,1.3923,1.3864,1.3913,905512,
1789002300000,2026-09-10T01:05:00.000Z,1.3913,1.3949,1.3911,1.3919,2063836,
1789002600000,2026-09-10T01:10:00.000Z,1.3919,1.3922,1.3893,1.3895,263337,
1789002900000,2026-09-10T01:15:00.000Z,1.3895,1.3902,1.3853,1.3888,2069682,
1789003200000,2026-09-10T01:20:00.000Z,1.3888,1.3888,1.3845,1.3877,781631,
1789003500000,2026-09-10T01:25:00.000Z,1.3877,1.388,1.3844,1.3844,269340,
1789003800000,2026-09-10T01:30:00.000Z,1.3844,1.3852,1.3814,1.382,556677,
1789004100000,2026-09-10T01:35:00.000Z,1.382,1.382,1.3759,1.3768,1211722,
1789004400000,2026-09-10T01:40:00.000Z,1.3768,1.3839,1.3761,1.3818,1111903,
1789004700000,2026-09-10T01:45:00.000Z,1.3818,1.383,1.3796,1.3813,693506,
1789005000000,2026-09-10T01:50:00.000Z,1.3813,1.3819,1.3778,1.3785,240552,
1789005300000,2026-09-10T01:55:00.000Z,1.3785,1.3835,1.3785,1.3826,310093,
1789005600000,2026-09-10T02:00:00.000Z,1.3826,1.3839,1.3818,1.3822,270603,
1789005900000,2026-09-10T02:05:00.000Z,1.3822,1.3848,1.3814,1.3825,150734,
1789006200000,2026-09-10T02:10:00.000Z,1.3825,1.3829,1.3814,1.3826,122059,
1789006500000,2026-09-10T02:15:00.000Z,1.3826,1.3832,1.3796,1.381,364703,
1789006800000,2026-09-10T02:20:00.000Z,1.381,1.3824,1.38,1.3803,149979,
1789007100000,2026-09-10T02:25:00.000Z,1.3803,1.382,1.3801,1.3817,160499,
1789007400000,2026-09-10T02:30:00.000Z,1.3817,1.3873,1.3815,1.3873,321004,
1789007700000,2026-09-10T02:35:00.000Z,1.3873,1.3892,1.3865,1.3867,948494,
1789008000000,2026-09-10T02:40:00.000Z,1.3867,1.3886,1.3861,1.388,317644,
1789008300000,2026-09-10T02:45:00.000Z,1.388,1.3901,1.3877,1.39,290777,
1789008600000,2026-09-10T02:50:00.000Z,1.39,1.3917,1.3899,1.3913,202408,
1789008900000,2026-09-10T02:55:00.000Z,1.3913,1.3917,1.3904,1.3913,306041,
1789009200000,2026-09-10T03:00:00.000Z,1.3913,1.3938,1.3913,1.3935,330656,
1789009500000,2026-09-10T03:05:00.000Z,1.3935,1.3937,1.3923,1.393,386211,
1789009800000,2026-09-10T03:10:00.000Z,1.393,1.3935,1.3919,1.3923,311698,
1789010100000,2026-09-10T03:15:00.000Z,1.3923,1.3923,1.3908,1.3913,287535,
1789010400000,2026-09-10T03:20:00.000Z,1.3913,1.3922,1.3899,1.3903,788131,
1789010700000,2026-09-10T03:25:00.000Z,1.3903,1.3929,1.3894,1.3926,406186,
1789011000000,2026-09-10T03:30:00.000Z,1.3926,1.3926,1.3903,1.3903,422861,
1789011300000,2026-09-10T03:35:00.000Z,1.3903,1.3903,1.3881,1.3888,209057,
1789011600000,2026-09-10T03:40:00.000Z,1.3888,1.3908,1.3884,1.3902,460157,
1789011900000,2026-09-10T03:45:00.000Z,1.3902,1.3931,1.3902,1.3925,99296,
1789012200000,2026-09-10T03:50:00.000Z,1.3925,1.3925,1.3888,1.3905,547508,
1789012500000,2026-09-10T03:55:00.000Z,1.3905,1.3908,1.3884,1.3901,533781,
1789012800000,2026-09-10T04:00:00.000Z,1.3901,1.3904,1.3896,1.3899,68777,
1789013100000,2026-09-10T04:05:00.000Z,1.3899,1.3907,1.3898,1.39,76963,
1789013400000,2026-09-10T04:10:00.000Z,1.39,1.3907,1.3892,1.3896,74754,
1789013700000,2026-09-10T04:15:00.000Z,1.3896,1.3908,1.3888,1.3908,88320,
1789014000000,2026-09-10T04:20:00.000Z,1.3908,1.3912,1.3895,1.3901,41825,
1789014300000,2026-09-10T04:25:00.000Z,1.3901,1.392,1.3899,1.3911,168155,
1789014600000,2026-09-10T04:30:00.000Z,1.3911,1.3929,1.3908,1.3925,391899,
1789014900000,2026-09-10T04:35:00.000Z,1.3925,1.3926,1.39,1.3902,96332,
1789015200000,2026-09-10T04:40:00.000Z,1.3902,1.3904,1.3889,1.3893,391401,
1789015500000,2026-09-10T04:45:00.000Z,1.3893,1.3901,1.3877,1.3886,569719,
1789015800000,2026-09-10T04:50:00.000Z,1.3886,1.3889,1.3864,1.3888,602954,
1789016100000,2026-09-10T04:55:00.000Z,1.3888,1.3905,1.3876,1.3878,953246,
1789016400000,2026-09-10T05:00:00.000Z,1.3878,1.3888,1.3853,1.3855,301765,
1789016700000,2026-09-10T05:05:00.000Z,1.3855,1.3875,1.3848,1.3875,750874,
1789017000000,2026-09-10T05:10:00.000Z,1.3875,1.3916,1.3874,1.3915,1142035,
1789017300000,2026-09-10T05:15:00.000Z,1.3915,1.3924,1.3882,1.3886,1247883,
1789017600000,2026-09-10T05:20:00.000Z,1.3886,1.3889,1.3881,1.3888,108966,
1789017900000,2026-09-10T05:25:00.000Z,1.3888,1.3912,1.3878,1.3907,662729,
1789018200000,2026-09-10T05:30:00.000Z,1.3907,1.3916,1.3894,1.3906,225596,
1789018500000,2026-09-10T05:35:00.000Z,1.3906,1.3924,1.3903,1.3908,1033433,
1789018800000,2026-09-10T05:40:00.000Z,1.3908,1.3908,1.3892,1.3901,265614,
1789019100000,2026-09-10T05:45:00.000Z,1.3901,1.391,1.3899,1.3901,81416,
1789019400000,2026-09-10T05:50:00.000Z,1.3901,1.3908,1.3894,1.3908,395467,
1789019700000,2026-09-10T05:55:00.000Z,1.3908,1.3916,1.3898,1.3914,713147,
1789020000000,2026-09-10T06:00:00.000Z,1.3914,1.3914,1.3888,1.3893,174723,
1789020300000,2026-09-10T06:05:00.000Z,1.3893,1.3893,1.388,1.3882,68384,
1789020600000,2026-09-10T06:10:00.000Z,1.3882,1.3883,1.3843,1.3848,791211,
1789020900000,2026-09-10T06:15:00.000Z,1.3848,1.3848,1.3814,1.383,1208308,
1789021200000,2026-09-10T06:20:00.000Z,1.383,1.383,1.3817,1.3826,495012,
1789021500000,2026-09-10T06:25:00.000Z,1.3826,1.3845,1.3826,1.3844,204117,
1789021800000,2026-09-10T06:30:00.000Z,1.3844,1.3857,1.3836,1.384,370560,
1789022100000,2026-09-10T06:35:00.000Z,1.384,1.3862,1.384,1.386,74322,
1789022400000,2026-09-10T06:40:00.000Z,1.386,1.3869,1.3848,1.3851,347880,
1789022700000,2026-09-10T06:45:00.000Z,1.3851,1.389,1.3851,1.389,382321,
1789023000000,2026-09-10T06:50:00.000Z,1.389,1.3905,1.3879,1.388,742678,
1789023300000,2026-09-10T06:55:00.000Z,1.388,1.3885,1.3879,1.3884,95234,
1789023600000,2026-09-10T07:00:00.000Z,1.3884,1.3884,1.3837,1.384,404081,
1789023900000,2026-09-10T07:05:00.000Z,1.384,1.3844,1.3823,1.384,1649319,
1789024200000,2026-09-10T07:10:00.000Z,1.384,1.385,1.3838,1.3844,69437,
1789024500000,2026-09-10T07:15:00.000Z,1.3844,1.385,1.3839,1.3845,285115,
1789024800000,2026-09-10T07:20:00.000Z,1.3845,1.3845,1.3807,1.381,317600,
1789025100000,2026-09-10T07:25:00.000Z,1.381,1.3816,1.3806,1.3806,338646,
1789025400000,2026-09-10T07:30:00.000Z,1.3806,1.3812,1.376,1.3772,1499653,
1789025700000,2026-09-10T07:35:00.000Z,1.3772,1.3789,1.3766,1.3771,652093,
1789026000000,2026-09-10T07:40:00.000Z,1.3771,1.3793,1.3765,1.3793,509155,
1789026300000,2026-09-10T07:45:00.000Z,1.3793,1.3811,1.3789,1.3799,605342,
1789026600000,2026-09-10T07:50:00.000Z,1.3799,1.3826,1.3799,1.3822,182282,
1789026900000,2026-09-10T07:55:00.000Z,1.3822,1.3824,1.3806,1.3821,379991,
1789027200000,2026-09-10T08:00:00.000Z,1.3821,1.3829,1.38,1.3805,596870,
1789027500000,2026-09-10T08:05:00.000Z,1.3805,1.3841,1.3804,1.3828,1232534,
1789027800000,2026-09-10T08:10:00.000Z,1.3828,1.3831,1.3802,1.3807,1249216,
1789028100000,2026-09-10T08:15:00.000Z,1.3807,1.3819,1.3796,1.3815,886255,
1789028400000,2026-09-10T08:20:00.000Z,1.3815,1.384,1.3815,1.3836,817031,
1789028700000,2026-09-10T08:25:00.000Z,1.3836,1.3838,1.3806,1.3823,775223,
1789029000000,2026-09-10T08:30:00.000Z,1.3823,1.3829,1.3794,1.382,1660746,
1789029300000,2026-09-10T08:35:00.000Z,1.382,1.3825,1.3809,1.3809,117575,
1789029600000,2026-09-10T08:40:00.000Z,1.3809,1.381,1.3794,1.3804,489819,
1789029900000,2026-09-10T08:45:00.000Z,1.3804,1.3821,1.3798,1.3814,942860,
1789030200000,2026-09-10T08:50:00.000Z,1.3814,1.3832,1.3812,1.3825,615019,
1789030500000,2026-09-10T08:55:00.000Z,1.3825,1.3825,1.3811,1.3813,72362,
1789030800000,2026-09-10T09:00:00.000Z,1.3813,1.3832,1.3813,1.3831,321812,
1789031100000,2026-09-10T09:05:00.000Z,1.3831,1.3837,1.3818,1.3823,596318,
1789031400000,2026-09-10T09:10:00.000Z,1.3823,1.3831,1.382,1.3829,112701,
1789031700000,2026-09-10T09:15:00.000Z,1.3829,1.3836,1.3823,1.3831,156195,
1789032000000,2026-09-10T09:20:00.000Z,1.3831,1.3839,1.3821,1.3836,204794,
1789032300000,2026-09-10T09:25:00.000Z,1.3836,1.3836,1.3827,1.383,715103,
1789032600000,2026-09-10T09:30:00.000Z,1.383,1.3831,1.3785,1.3801,540507,
1789032900000,2026-09-10T09:35:00.000Z,1.3801,1.3801,1.3768,1.3769,683503,
1789033200000,2026-09-10T09:40:00.000Z,1.3769,1.3769,1.3729,1.3761,1597122,
1789033500000,2026-09-10T09:45:00.000Z,1.3761,1.3772,1.3754,1.3772,514677,
1789033800000,2026-09-10T09:50:00.000Z,1.3772,1.3786,1.3761,1.3783,694948,
1789034100000,2026-09-10T09:55:00.000Z,1.3783,1.3783,1.3761,1.3776,1065445,
1789034400000,2026-09-10T10:00:00.000Z,1.3776,1.3792,1.3769,1.3782,897016,
1789034700000,2026-09-10T10:05:00.000Z,1.3782,1.3794,1.3762,1.3762,919484,
1789035000000,2026-09-10T10:10:00.000Z,1.3762,1.3783,1.3759,1.378,681987,
1789035300000,2026-09-10T10:15:00.000Z,1.378,1.3786,1.3769,1.3776,229047,
1789035600000,2026-09-10T10:20:00.000Z,1.3776,1.3781,1.3761,1.3761,109272,
1789035900000,2026-09-10T10:25:00.000Z,1.3761,1.3774,1.3754,1.3764,347487,
1789036200000,2026-09-10T10:30:00.000Z,1.3764,1.3764,1.3685,1.3728,2382830,
1789036500000,2026-09-10T10:35:00.000Z,1.3728,1.3775,1.3727,1.3774,930572,
1789036800000,2026-09-10T10:40:00.000Z,1.3774,1.3783,1.3769,1.377,1905378,
1789037100000,2026-09-10T10:45:00.000Z,1.377,1.3775,1.376,1.3761,163026,
1789037400000,2026-09-10T10:50:00.000Z,1.3761,1.3766,1.3747,1.3753,776550,
1789037700000,2026-09-10T10:55:00.000Z,1.3753,1.3805,1.3746,1.3746,1173954,
1789038000000,2026-09-10T11:00:00.000Z,1.3746,1.3756,1.3717,1.3724,1488306,
1789038300000,2026-09-10T11:05:00.000Z,1.3724,1.376,1.3723,1.3747,1231948,
1789038600000,2026-09-10T11:10:00.000Z,1.3747,1.3758,1.373,1.3758,921518,
1789038900000,2026-09-10T11:15:00.000Z,1.3758,1.3786,1.3758,1.3775,885685,
1789039200000,2026-09-10T11:20:00.000Z,1.3775,1.3787,1.3771,1.3786,676407,
1789039500000,2026-09-10T11:25:00.000Z,1.3786,1.3791,1.377,1.3791,637138,
1789039800000,2026-09-10T11:30:00.000Z,1.3791,1.3821,1.379,1.3802,2132983,
1789040100000,2026-09-10T11:35:00.000Z,1.3802,1.3812,1.379,1.3808,1675580,
1789040400000,2026-09-10T11:40:00.000Z,1.3808,1.3812,1.3781,1.3794,1501332,
1789040700000,2026-09-10T11:45:00.000Z,1.3794,1.3801,1.3754,1.3788,2763340,
1789041000000,2026-09-10T11:50:00.000Z,1.3788,1.3798,1.3767,1.3771,1567441,
1789041300000,2026-09-10T11:55:00.000Z,1.3771,1.3771,1.3734,1.3757,1335928,
1789041600000,2026-09-10T12:00:00.000Z,1.3757,1.3783,1.375,1.3762,361685,
1789041900000,2026-09-10T12:05:00.000Z,1.3762,1.377,1.3735,1.3735,229333,
1789042200000,2026-09-10T12:10:00.000Z,1.3735,1.3764,1.3735,1.376,438650,
1789042500000,2026-09-10T12:15:00.000Z,1.376,1.3765,1.3737,1.3751,430477,
1789042800000,2026-09-10T12:20:00.000Z,1.3751,1.3759,1.3741,1.3747,153188,
1789043100000,2026-09-10T12:25:00.000Z,1.3747,1.3774,1.3738,1.3767,598345,
1789043400000,2026-09-10T12:30:00.000Z,1.3767,1.381,1.3619,1.366,6602793,
1789043700000,2026-09-10T12:35:00.000Z,1.366,1.3729,1.3607,1.3652,3373962,
1789044000000,2026-09-10T12:40:00.000Z,1.3652,1.3707,1.3643,1.3683,944930,
1789044300000,2026-09-10T12:45:00.000Z,1.3683,1.3691,1.3365,1.3603,9677738,
1789044600000,2026-09-10T12:50:00.000Z,1.3603,1.3626,1.3536,1.355,1715004,
1789044900000,2026-09-10T12:55:00.000Z,1.355,1.359,1.3525,1.3577,1901456,
1789045200000,2026-09-10T13:00:00.000Z,1.3577,1.364,1.3571,1.3603,1406292,
1789045500000,2026-09-10T13:05:00.000Z,1.3603,1.3608,1.3567,1.3587,495921,
1789045800000,2026-09-10T13:10:00.000Z,1.3587,1.36,1.3508,1.3525,1376310,
1789046100000,2026-09-10T13:15:00.000Z,1.3525,1.3536,1.349,1.3503,1853604,
1789046400000,2026-09-10T13:20:00.000Z,1.3503,1.3569,1.349,1.356,1142939,
1789046700000,2026-09-10T13:25:00.000Z,1.356,1.357,1.3545,1.3558,1723362,
1789047000000,2026-09-10T13:30:00.000Z,1.3558,1.3574,1.3536,1.3568,1259714,
1789047300000,2026-09-10T13:35:00.000Z,1.3568,1.3632,1.3558,1.3631,1333589,
1789047600000,2026-09-10T13:40:00.000Z,1.3631,1.3647,1.3608,1.3608,1049840,
1789047900000,2026-09-10T13:45:00.000Z,1.3608,1.3654,1.3606,1.3645,906705,
1789048200000,2026-09-10T13:50:00.000Z,1.3645,1.366,1.3606,1.3625,1343119,
1789048500000,2026-09-10T13:55:00.000Z,1.3625,1.3648,1.3624,1.3635,283199,
1789048800000,2026-09-10T14:00:00.000Z,1.3635,1.3681,1.3635,1.3663,941063,
1789049100000,2026-09-10T14:05:00.000Z,1.3663,1.3667,1.3612,1.3631,702315,
1789049400000,2026-09-10T14:10:00.000Z,1.3631,1.3649,1.3622,1.3622,879405,
1789049700000,2026-09-10T14:15:00.000Z,1.3622,1.3622,1.3569,1.3612,1183867,
1789050000000,2026-09-10T14:20:00.000Z,1.3612,1.3679,1.3598,1.366,879111,
1789050300000,2026-09-10T14:25:00.000Z,1.366,1.368,1.3636,1.3638,682251,
1789050600000,2026-09-10T14:30:00.000Z,1.3638,1.3657,1.3626,1.364,712209,
1789050900000,2026-09-10T14:35:00.000Z,1.364,1.3656,1.3617,1.3626,342928,
1789051200000,2026-09-10T14:40:00.000Z,1.3626,1.3646,1.3617,1.3619,337876,
1789051500000,2026-09-10T14:45:00.000Z,1.3619,1.3641,1.3597,1.3597,487708,
1789051800000,2026-09-10T14:50:00.000Z,1.3597,1.361,1.3578,1.3596,470660,
1789052100000,2026-09-10T14:55:00.000Z,1.3596,1.3604,1.3587,1.3596,163547,
1789052400000,2026-09-10T15:00:00.000Z,1.3596,1.3597,1.3546,1.3555,1539989,
1789052700000,2026-09-10T15:05:00.000Z,1.3555,1.3597,1.3555,1.3583,294468,
1789053000000,2026-09-10T15:10:00.000Z,1.3583,1.3602,1.3574,1.3582,289732,
1789053300000,2026-09-10T15:15:00.000Z,1.3582,1.359,1.3554,1.3555,817733,
1789053600000,2026-09-10T15:20:00.000Z,1.3555,1.3565,1.3535,1.3553,380120,
1789053900000,2026-09-10T15:25:00.000Z,1.3553,1.3553,1.3527,1.3527,172062,
1789054200000,2026-09-10T15:30:00.000Z,1.3527,1.3562,1.3526,1.3554,141671,
1789054500000,2026-09-10T15:35:00.000Z,1.3554,1.36,1.3551,1.3583,1195862,
1789054800000,2026-09-10T15:40:00.000Z,1.3583,1.3585,1.3543,1.3549,997672,
1789055100000,2026-09-10T15:45:00.000Z,1.3549,1.3579,1.3527,1.3555,1006022,
1789055400000,2026-09-10T15:50:00.000Z,1.3555,1.356,1.3524,1.3533,1672904,
1789055700000,2026-09-10T15:55:00.000Z,1.3533,1.356,1.3511,1.3559,910039,
1789056000000,2026-09-10T16:00:00.000Z,1.3559,1.3583,1.3526,1.3527,1150281,
1789056300000,2026-09-10T16:05:00.000Z,1.3527,1.3544,1.3485,1.3485,629342,
1789056600000,2026-09-10T16:10:00.000Z,1.3485,1.3519,1.3474,1.351,1801798,
1789056900000,2026-09-10T16:15:00.000Z,1.351,1.3511,1.3439,1.3462,2374281,
1789057200000,2026-09-10T16:20:00.000Z,1.3462,1.3505,1.3462,1.3485,501829,
1789057500000,2026-09-10T16:25:00.000Z,1.3485,1.3485,1.3455,1.3457,387982,
1789057800000,2026-09-10T16:30:00.000Z,1.3457,1.3468,1.343,1.3433,634411,
1789058100000,2026-09-10T16:35:00.000Z,1.3433,1.3462,1.3417,1.3437,437937,
1789058400000,2026-09-10T16:40:00.000Z,1.3437,1.347,1.3436,1.3469,281577,
1789058700000,2026-09-10T16:45:00.000Z,1.3469,1.3536,1.3469,1.3511,1042813,
1789059000000,2026-09-10T16:50:00.000Z,1.3511,1.352,1.3502,1.3506,183013,
1789059300000,2026-09-10T16:55:00.000Z,1.3506,1.3538,1.3502,1.3537,223016,
1789059600000,2026-09-10T17:00:00.000Z,1.3537,1.3544,1.3512,1.3528,419344,
1789059900000,2026-09-10T17:05:00.000Z,1.3528,1.3543,1.3528,1.3537,181093,
1789060200000,2026-09-10T17:10:00.000Z,1.3537,1.3572,1.3537,1.3554,525966,
1789060500000,2026-09-10T17:15:00.000Z,1.3554,1.3566,1.3551,1.356,212044,
1789060800000,2026-09-10T17:20:00.000Z,1.356,1.3589,1.3548,1.3587,966211,
1789061100000,2026-09-10T17:25:00.000Z,1.3587,1.3601,1.3559,1.3589,959058,
1789061400000,2026-09-10T17:30:00.000Z,1.3589,1.3637,1.3587,1.3632,1172084,
1789061700000,2026-09-10T17:35:00.000Z,1.3632,1.3643,1.3593,1.3594,878256,
1789062000000,2026-09-10T17:40:00.000Z,1.3594,1.3613,1.3582,1.3613,1122813,
1789062300000,2026-09-10T17:45:00.000Z,1.3613,1.3618,1.3589,1.361,1329974,
1789062600000,2026-09-10T17:50:00.000Z,1.361,1.3616,1.3603,1.3616,418714,
1789062900000,2026-09-10T17:55:00.000Z,1.3616,1.3618,1.3599,1.3599,130131,
1789063200000,2026-09-10T18:00:00.000Z,1.3599,1.3601,1.3541,1.3541,317793,
1789063500000,2026-09-10T18:05:00.000Z,1.3541,1.3555,1.3498,1.3504,2071524,
1789063800000,2026-09-10T18:10:00.000Z,1.3504,1.3508,1.3494,1.3501,245094,
1789064100000,2026-09-10T18:15:00.000Z,1.3501,1.3512,1.3474,1.3475,319830,
1789064400000,2026-09-10T18:20:00.000Z,1.3475,1.3515,1.3475,1.3504,583144,
1789064700000,2026-09-10T18:25:00.000Z,1.3504,1.3517,1.3497,1.3503,112167,
1789065000000,2026-09-10T18:30:00.000Z,1.3503,1.3503,1.3469,1.3483,931221,
1789065300000,2026-09-10T18:35:00.000Z,1.3483,1.3494,1.3477,1.3486,649295,
1789065600000,2026-09-10T18:40:00.000Z,1.3486,1.3506,1.3479,1.3505,150840,
1789065900000,2026-09-10T18:45:00.000Z,1.3505,1.3509,1.3481,1.349,148686,
1789066200000,2026-09-10T18:50:00.000Z,1.349,1.3551,1.348,1.3544,392693,
1789066500000,2026-09-10T18:55:00.000Z,1.3544,1.3554,1.3533,1.3554,851623,
1789066800000,2026-09-10T19:00:00.000Z,1.3554,1.3554,1.3534,1.3537,132029,
1789067100000,2026-09-10T19:05:00.000Z,1.3537,1.3543,1.3515,1.3533,278600,
1789067400000,2026-09-10T19:10:00.000Z,1.3533,1.3534,1.3516,1.3532,14777,
1789067700000,2026-09-10T19:15:00.000Z,1.3532,1.3541,1.3527,1.353,140382,
1789068000000,2026-09-10T19:20:00.000Z,1.353,1.3563,1.3519,1.3563,1358846,
1789068300000,2026-09-10T19:25:00.000Z,1.3563,1.3575,1.3545,1.3553,1769622,
1789068600000,2026-09-10T19:30:00.000Z,1.3553,1.3553,1.3525,1.3527,93064,
1789068900000,2026-09-10T19:35:00.000Z,1.3527,1.3563,1.3521,1.3541,1386348,
1789069200000,2026-09-10T19:40:00.000Z,1.3541,1.3585,1.3541,1.3556,1304765,
1789069500000,2026-09-10T19:45:00.000Z,1.3556,1.3556,1.3512,1.3512,378865,
1789069800000,2026-09-10T19:50:00.000Z,1.3512,1.3537,1.3494,1.3504,1701607,
1789070100000,2026-09-10T19:55:00.000Z,1.3504,1.3534,1.3492,1.3502,1197441,
1789070400000,2026-09-10T20:00:00.000Z,1.3502,1.3523,1.3496,1.3502,193189,
1789070700000,2026-09-10T20:05:00.000Z,1.3502,1.3543,1.3497,1.3541,243868,
1789071000000,2026-09-10T20:10:00.000Z,1.3541,1.3554,1.353,1.3552,818154,
1789071300000,2026-09-10T20:15:00.000Z,1.3552,1.3557,1.3541,1.3554,79868,
1789071600000,2026-09-10T20:20:00.000Z,1.3554,1.357,1.3554,1.3557,214412,
1789071900000,2026-09-10T20:25:00.000Z,1.3557,1.3567,1.3555,1.3558,185502,
1789072200000,2026-09-10T20:30:00.000Z,1.3558,1.3563,1.3539,1.3543,337846,
1789072500000,2026-09-10T20:35:00.000Z,1.3543,1.3547,1.3527,1.3536,468873,
1789072800000,2026-09-10T20:40:00.000Z,1.3536,1.3545,1.3533,1.3545,38038,
1789073100000,2026-09-10T20:45:00.000Z,1.3545,1.3545,1.3524,1.3536,70616,
1789073400000,2026-09-10T20:50:00.000Z,1.3536,1.3539,1.3531,1.3538,51167,
1789073700000,2026-09-10T20:55:00.000Z,1.3538,1.3541,1.3531,1.3534,29901,
1789074000000,2026-09-10T21:00:00.000Z,1.3534,1.3546,1.3524,1.3532,208840,
1789074300000,2026-09-10T21:05:00.000Z,1.3532,1.3557,1.3527,1.3557,233166,
1789074600000,2026-09-10T21:10:00.000Z,1.3557,1.3565,1.355,1.3551,129834,
1789074900000,2026-09-10T21:15:00.000Z,1.3551,1.3551,1.3532,1.3532,79450,
1789075200000,2026-09-10T21:20:00.000Z,1.3532,1.3541,1.3527,1.3541,183206,
1789075500000,2026-09-10T21:25:00.000Z,1.3541,1.3541,1.3527,1.3536,100475,
1789075800000,2026-09-10T21:30:00.000Z,1.3536,1.3542,1.3521,1.3528,79279,
1789076100000,2026-09-10T21:35:00.000Z,1.3528,1.3528,1.3513,1.3523,114188,
1789076400000,2026-09-10T21:40:00.000Z,1.3523,1.353,1.3516,1.3527,369061,
1789076700000,2026-09-10T21:45:00.000Z,1.3527,1.3542,1.3526,1.3534,44730,
1789077000000,2026-09-10T21:50:00.000Z,1.3534,1.354,1.3529,1.3529,14776,
1789077300000,2026-09-10T21:55:00.000Z,1.3529,1.3529,1.3492,1.3511,363706,
1789077600000,2026-09-10T22:00:00.000Z,1.3511,1.3524,1.3489,1.3518,665252,
1789077900000,2026-09-10T22:05:00.000Z,1.3518,1.3529,1.3509,1.3529,60206,
1789078200000,2026-09-10T22:10:00.000Z,1.3529,1.3536,1.3507,1.3525,609607,
1789078500000,2026-09-10T22:15:00.000Z,1.3525,1.354,1.3522,1.3539,256207,
1789078800000,2026-09-10T22:20:00.000Z,1.3539,1.3544,1.3526,1.3528,287979,
1789079100000,2026-09-10T22:25:00.000Z,1.3528,1.3529,1.3515,1.3515,234926,
1789079400000,2026-09-10T22:30:00.000Z,1.3515,1.3522,1.3479,1.3485,517168,
1789079700000,2026-09-10T22:35:00.000Z,1.3485,1.349,1.345,1.3457,495637,
1789080000000,2026-09-10T22:40:00.000Z,1.3457,1.3465,1.3445,1.3456,1438953,
1789080300000,2026-09-10T22:45:00.000Z,1.3456,1.3485,1.3452,1.3484,887463,
1789080600000,2026-09-10T22:50:00.000Z,1.3484,1.3484,1.3452,1.3454,223160,
1789080900000,2026-09-10T22:55:00.000Z,1.3454,1.3457,1.3418,1.3423,873452,
1789081200000,2026-09-10T23:00:00.000Z,1.3423,1.3438,1.3374,1.3386,1159144,
1789081500000,2026-09-10T23:05:00.000Z,1.3386,1.3421,1.3328,1.3365,2641964,
1789081800000,2026-09-10T23:10:00.000Z,1.3365,1.3391,1.3293,1.3303,2355095,
1789082100000,2026-09-10T23:15:00.000Z,1.3303,1.3353,1.3282,1.3339,1422248,
1789082400000,2026-09-10T23:20:00.000Z,1.3339,1.3382,1.3339,1.3349,241204,
1789082700000,2026-09-10T23:25:00.000Z,1.3349,1.3382,1.3349,1.336,222743,
1789083000000,2026-09-10T23:30:00.000Z,1.336,1.3389,1.3359,1.3386,756802,
1789083300000,2026-09-10T23:35:00.000Z,1.3386,1.3392,1.3373,1.3378,1091183,
1789083600000,2026-09-10T23:40:00.000Z,1.3378,1.3387,1.3373,1.3385,110039,
1789083900000,2026-09-10T23:45:00.000Z,1.3385,1.3385,1.3365,1.337,93425,
1789084200000,2026-09-10T23:50:00.000Z,1.337,1.3376,1.3346,1.3349,257148,
1789084500000,2026-09-10T23:55:00.000Z,1.3349,1.3352,1.3327,1.3338,773193,
1789084800000,2026-09-11T00:00:00.000Z,1.3338,1.3365,1.3332,1.3362,402979,
1789085100000,2026-09-11T00:05:00.000Z,1.3362,1.3424,1.3348,1.3418,654232,
1789085400000,2026-09-11T00:10:00.000Z,1.3418,1.3435,1.3414,1.3421,376323,
1789085700000,2026-09-11T00:15:00.000Z,1.3421,1.3425,1.3403,1.3408,192757,
1789086000000,2026-09-11T00:20:00.000Z,1.3408,1.3435,1.3393,1.3412,1151243,
1789086300000,2026-09-11T00:25:00.000Z,1.3412,1.3418,1.3405,1.3414,324022,
1789086600000,2026-09-11T00:30:00.000Z,1.3414,1.3417,1.3363,1.3395,855920,
1789086900000,2026-09-11T00:35:00.000Z,1.3395,1.3403,1.3381,1.3389,159817,
1789087200000,2026-09-11T00:40:00.000Z,1.3389,1.3389,1.3346,1.3354,412274,
1789087500000,2026-09-11T00:45:00.000Z,1.3354,1.3363,1.3348,1.3357,162312,
1789087800000,2026-09-11T00:50:00.000Z,1.3357,1.3399,1.3353,1.3399,409224,
1789088100000,2026-09-11T00:55:00.000Z,1.3399,1.3411,1.3399,1.3411,190117,
1789088400000,2026-09-11T01:00:00.000Z,1.3411,1.3437,1.3402,1.3435,307327,
1789088700000,2026-09-11T01:05:00.000Z,1.3435,1.3436,1.3417,1.3423,250507,
1789089000000,2026-09-11T01:10:00.000Z,1.3423,1.3441,1.342,1.3424,528034,
1789089300000,2026-09-11T01:15:00.000Z,1.3424,1.3443,1.342,1.3433,280927,
1789089600000,2026-09-11T01:20:00.000Z,1.3433,1.3443,1.3389,1.342,621311,
1789089900000,2026-09-11T01:25:00.000Z,1.342,1.3427,1.3394,1.3396,116319,
1789090200000,2026-09-11T01:30:00.000Z,1.3396,1.34,1.3368,1.3398,875948,
1789090500000,2026-09-11T01:35:00.000Z,1.3398,1.3436,1.3379,1.3385,866584,
1789090800000,2026-09-11T01:40:00.000Z,1.3385,1.3415,1.3361,1.3415,1071448,
1789091100000,2026-09-11T01:45:00.000Z,1.3415,1.3437,1.3396,1.3431,1409591,
1789091400000,2026-09-11T01:50:00.000Z,1.3431,1.3446,1.3428,1.3444,439669,
1789091700000,2026-09-11T01:55:00.000Z,1.3444,1.3457,1.344,1.3455,549110,
1789092000000,2026-09-11T02:00:00.000Z,1.3455,1.3457,1.3427,1.3447,716153,
1789092300000,2026-09-11T02:05:00.000Z,1.3447,1.3454,1.3428,1.3437,460597,
1789092600000,2026-09-11T02:10:00.000Z,1.3437,1.3452,1.3428,1.3449,326575,
1789092900000,2026-09-11T02:15:00.000Z,1.3449,1.3449,1.342,1.3423,366089,
1789093200000,2026-09-11T02:20:00.000Z,1.3423,1.3429,1.3396,1.3398,650520,
1789093500000,2026-09-11T02:25:00.000Z,1.3398,1.3401,1.3377,1.3391,459831,
1789093800000,2026-09-11T02:30:00.000Z,1.3391,1.3392,1.3378,1.3388,248619,
1789094100000,2026-09-11T02:35:00.000Z,1.3388,1.3432,1.3381,1.3429,149249,
1789094400000,2026-09-11T02:40:00.000Z,1.3429,1.343,1.3406,1.3406,197148,
1789094700000,2026-09-11T02:45:00.000Z,1.3406,1.3437,1.3406,1.3435,120201,
1789095000000,2026-09-11T02:50:00.000Z,1.3435,1.3439,1.34,1.3417,159254,
1789095300000,2026-09-11T02:55:00.000Z,1.3417,1.3426,1.341,1.3418,71688,
1789095600000,2026-09-11T03:00:00.000Z,1.3418,1.3421,1.3407,1.341,170001,
1789095900000,2026-09-11T03:05:00.000Z,1.341,1.341,1.3375,1.3378,253844,
1789096200000,2026-09-11T03:10:00.000Z,1.3378,1.3421,1.3367,1.3419,702461,
1789096500000,2026-09-11T03:15:00.000Z,1.3419,1.3422,1.3378,1.3398,789024,
1789096800000,2026-09-11T03:20:00.000Z,1.3398,1.3399,1.3376,1.3384,527632,
1789097100000,2026-09-11T03:25:00.000Z,1.3384,1.3404,1.3377,1.3401,99533,
1789097400000,2026-09-11T03:30:00.000Z,1.3401,1.3401,1.3383,1.3398,142059,
1789097700000,2026-09-11T03:35:00.000Z,1.3398,1.343,1.3397,1.3422,226864,
1789098000000,2026-09-11T03:40:00.000Z,1.3422,1.343,1.3414,1.3422,495802,
1789098300000,2026-09-11T03:45:00.000Z,1.3422,1.3422,1.34,1.3404,80054,
1789098600000,2026-09-11T03:50:00.000Z,1.3404,1.3414,1.3401,1.3413,404013,
1789098900000,2026-09-11T03:55:00.000Z,1.3413,1.3427,1.3408,1.3422,138283,
1789099200000,2026-09-11T04:00:00.000Z,1.3422,1.343,1.3409,1.343,315687,
1789099500000,2026-09-11T04:05:00.000Z,1.343,1.3442,1.3428,1.3437,254546,
1789099800000,2026-09-11T04:10:00.000Z,1.3437,1.3447,1.342,1.3445,1340204,
1789100100000,2026-09-11T04:15:00.000Z,1.3445,1.3452,1.3421,1.3434,634946,
1789100400000,2026-09-11T04:20:00.000Z,1.3434,1.3482,1.3434,1.3479,780049,
1789100700000,2026-09-11T04:25:00.000Z,1.3479,1.3494,1.3471,1.3487,377674,
1789101000000,2026-09-11T04:30:00.000Z,1.3487,1.3494,1.3468,1.347,504464,
1789101300000,2026-09-11T04:35:00.000Z,1.347,1.3471,1.3457,1.3467,264280,
1789101600000,2026-09-11T04:40:00.000Z,1.3467,1.3475,1.3458,1.3464,143618,
1789101900000,2026-09-11T04:45:00.000Z,1.3464,1.347,1.346,1.3468,163100,
1789102200000,2026-09-11T04:50:00.000Z,1.3468,1.348,1.3467,1.348,36299,
1789102500000,2026-09-11T04:55:00.000Z,1.348,1.3484,1.3473,1.3473,64558,
1789102800000,2026-09-11T05:00:00.000Z,1.3473,1.3478,1.3467,1.3468,47375,
1789103100000,2026-09-11T05:05:00.000Z,1.3468,1.3477,1.3465,1.3472,74877,
1789103400000,2026-09-11T05:10:00.000Z,1.3472,1.3496,1.3466,1.3484,1165468,
1789103700000,2026-09-11T05:15:00.000Z,1.3484,1.3494,1.3476,1.348,786558,
1789104000000,2026-09-11T05:20:00.000Z,1.348,1.348,1.3458,1.3472,556785,
1789104300000,2026-09-11T05:25:00.000Z,1.3472,1.3482,1.346,1.347,931472,
1789104600000,2026-09-11T05:30:00.000Z,1.347,1.3489,1.346,1.3466,1233571,
1789104900000,2026-09-11T05:35:00.000Z,1.3466,1.3488,1.3466,1.3483,1205744,
1789105200000,2026-09-11T05:40:00.000Z,1.3483,1.3489,1.3475,1.3486,195503,
1789105500000,2026-09-11T05:45:00.000Z,1.3486,1.3491,1.3483,1.3486,233232,
1789105800000,2026-09-11T05:50:00.000Z,1.3486,1.349,1.3486,1.3489,83303,
1789106100000,2026-09-11T05:55:00.000Z,1.3489,1.3494,1.3484,1.3488,690509,
1789106400000,2026-09-11T06:00:00.000Z,1.3488,1.3499,1.3483,1.3496,210141,
1789106700000,2026-09-11T06:05:00.000Z,1.3496,1.3509,1.3487,1.35,373835,
1789107000000,2026-09-11T06:10:00.000Z,1.35,1.352,1.3496,1.3517,1112820,
1789107300000,2026-09-11T06:15:00.000Z,1.3517,1.3522,1.3502,1.3512,896342,
1789107600000,2026-09-11T06:20:00.000Z,1.3512,1.3514,1.349,1.3495,992583,
1789107900000,2026-09-11T06:25:00.000Z,1.3495,1.3508,1.3489,1.3503,1100243,
1789108200000,2026-09-11T06:30:00.000Z,1.3503,1.3511,1.3482,1.3494,1297991,
1789108500000,2026-09-11T06:35:00.000Z,1.3494,1.3512,1.3494,1.3508,229700,
1789108800000,2026-09-11T06:40:00.000Z,1.3508,1.351,1.3502,1.3509,77846,
1789109100000,2026-09-11T06:45:00.000Z,1.3509,1.3524,1.3505,1.3522,169180,
1789109400000,2026-09-11T06:50:00.000Z,1.3522,1.3525,1.3518,1.3519,285127,
1789109700000,2026-09-11T06:55:00.000Z,1.3519,1.3528,1.3519,1.3526,128529,
1789110000000,2026-09-11T07:00:00.000Z,1.3526,1.3546,1.3525,1.3546,308586,
1789110300000,2026-09-11T07:05:00.000Z,1.3546,1.3575,1.3543,1.3572,796989,
1789110600000,2026-09-11T07:10:00.000Z,1.3572,1.3586,1.3559,1.3567,1020347,
1789110900000,2026-09-11T07:15:00.000Z,1.3567,1.3571,1.356,1.3563,522657,
1789111200000,2026-09-11T07:20:00.000Z,1.3563,1.3592,1.3561,1.3576,742936,
1789111500000,2026-09-11T07:25:00.000Z,1.3576,1.3576,1.3557,1.3557,140193,
1789111800000,2026-09-11T07:30:00.000Z,1.3557,1.3559,1.3534,1.3544,1449795,
1789112100000,2026-09-11T07:35:00.000Z,1.3544,1.3547,1.3537,1.3538,165798,
1789112400000,2026-09-11T07:40:00.000Z,1.3538,1.3546,1.3526,1.3526,127658,
1789112700000,2026-09-11T07:45:00.000Z,1.3526,1.3531,1.3516,1.3517,882052,
1789113000000,2026-09-11T07:50:00.000Z,1.3517,1.3523,1.3506,1.3508,439683,
1789113300000,2026-09-11T07:55:00.000Z,1.3508,1.3523,1.3502,1.3509,898753,
1789113600000,2026-09-11T08:00:00.000Z,1.3509,1.3512,1.3493,1.3494,234275,
1789113900000,2026-09-11T08:05:00.000Z,1.3494,1.3501,1.3481,1.3481,309369,
1789114200000,2026-09-11T08:10:00.000Z,1.3481,1.3493,1.3472,1.3488,751957,
1789114500000,2026-09-11T08:15:00.000Z,1.3488,1.3507,1.3487,1.3501,175391,
1789114800000,2026-09-11T08:20:00.000Z,1.3501,1.3546,1.35,1.3533,511871,
1789115100000,2026-09-11T08:25:00.000Z,1.3533,1.3539,1.3506,1.3517,192020,
1789115400000,2026-09-11T08:30:00.000Z,1.3517,1.3565,1.3516,1.3541,509707,
1789115700000,2026-09-11T08:35:00.000Z,1.3541,1.3545,1.3531,1.354,264734,
1789116000000,2026-09-11T08:40:00.000Z,1.354,1.355,1.354,1.3546,219883,
1789116300000,2026-09-11T08:45:00.000Z,1.3546,1.3554,1.3538,1.3538,268479,
1789116600000,2026-09-11T08:50:00.000Z,1.3538,1.3538,1.3523,1.3526,240127,
1789116900000,2026-09-11T08:55:00.000Z,1.3526,1.3532,1.3523,1.3529,113071,
1789117200000,2026-09-11T09:00:00.000Z,1.3529,1.3538,1.3523,1.3523,451323,
1789117500000,2026-09-11T09:05:00.000Z,1.3523,1.3524,1.3506,1.351,460555,
1789117800000,2026-09-11T09:10:00.000Z,1.351,1.3515,1.3502,1.3507,701771,
1789118100000,2026-09-11T09:15:00.000Z,1.3507,1.3508,1.3501,1.3503,253684,
1789118400000,2026-09-11T09:20:00.000Z,1.3503,1.3507,1.349,1.3491,200570,
1789118700000,2026-09-11T09:25:00.000Z,1.3491,1.3491,1.3479,1.3481,221914,
1789119000000,2026-09-11T09:30:00.000Z,1.3481,1.3481,1.345,1.3455,662144,
1789119300000,2026-09-11T09:35:00.000Z,1.3455,1.3464,1.3407,1.3407,1790378,
1789119600000,2026-09-11T09:40:00.000Z,1.3407,1.3409,1.3365,1.3389,1685367,
1789119900000,2026-09-11T09:45:00.000Z,1.3389,1.341,1.3383,1.3402,554754,
1789120200000,2026-09-11T09:50:00.000Z,1.3402,1.342,1.3398,1.3415,429468,
1789120500000,2026-09-11T09:55:00.000Z,1.3415,1.3417,1.3406,1.3409,63501,
1789120800000,2026-09-11T10:00:00.000Z,1.3409,1.3443,1.3383,1.3439,736538,
1789121100000,2026-09-11T10:05:00.000Z,1.3439,1.3439,1.3407,1.3408,581639,
1789121400000,2026-09-11T10:10:00.000Z,1.3408,1.3418,1.3398,1.3417,533578,
1789121700000,2026-09-11T10:15:00.000Z,1.3417,1.343,1.3409,1.3428,156935,
1789122000000,2026-09-11T10:20:00.000Z,1.3428,1.3428,1.3397,1.3398,695710,
1789122300000,2026-09-11T10:25:00.000Z,1.3398,1.3399,1.3376,1.3387,391092,
1789122600000,2026-09-11T10:30:00.000Z,1.3387,1.3392,1.3356,1.339,1003212,
1789122900000,2026-09-11T10:35:00.000Z,1.339,1.3394,1.3369,1.3372,191357,
1789123200000,2026-09-11T10:40:00.000Z,1.3372,1.3372,1.3344,1.3352,715901,
1789123500000,2026-09-11T10:45:00.000Z,1.3352,1.3358,1.3349,1.3353,107708,
1789123800000,2026-09-11T10:50:00.000Z,1.3353,1.3356,1.3342,1.3344,655180,
1789124100000,2026-09-11T10:55:00.000Z,1.3344,1.3344,1.3319,1.332,997686,
1789124400000,2026-09-11T11:00:00.000Z,1.332,1.3325,1.323,1.324,4097354,
1789124700000,2026-09-11T11:05:00.000Z,1.324,1.3264,1.3202,1.3217,2659919,
1789125000000,2026-09-11T11:10:00.000Z,1.3217,1.324,1.3201,1.323,1444692,
1789125300000,2026-09-11T11:15:00.000Z,1.323,1.3258,1.3224,1.3247,981534,
1789125600000,2026-09-11T11:20:00.000Z,1.3247,1.3252,1.323,1.3234,291397,
1789125900000,2026-09-11T11:25:00.000Z,1.3234,1.3258,1.3232,1.3234,345867,
1789126200000,2026-09-11T11:30:00.000Z,1.3234,1.324,1.3223,1.3224,277271,
1789126500000,2026-09-11T11:35:00.000Z,1.3224,1.3249,1.322,1.3247,157446,
1789126800000,2026-09-11T11:40:00.000Z,1.3247,1.3273,1.3244,1.3272,441190,
1789127100000,2026-09-11T11:45:00.000Z,1.3272,1.3286,1.3264,1.3275,477100,
1789127400000,2026-09-11T11:50:00.000Z,1.3275,1.3285,1.3265,1.3278,292059,
1789127700000,2026-09-11T11:55:00.000Z,1.3278,1.3287,1.3272,1.3284,515795,
1789128000000,2026-09-11T12:00:00.000Z,1.3284,1.3325,1.3279,1.3295,1298270,
1789128300000,2026-09-11T12:05:00.000Z,1.3295,1.3299,1.3243,1.3246,389318,
1789128600000,2026-09-11T12:10:00.000Z,1.3246,1.3279,1.3244,1.3265,1003424,
1789128900000,2026-09-11T12:15:00.000Z,1.3265,1.3291,1.3243,1.3258,820591,
1789129200000,2026-09-11T12:20:00.000Z,1.3258,1.3283,1.3233,1.3239,836172,
1789129500000,2026-09-11T12:25:00.000Z,1.3239,1.339,1.323,1.3292,3162737,
1789129800000,2026-09-11T12:30:00.000Z,1.3292,1.3504,1.315,1.3447,7745515,
1789130100000,2026-09-11T12:35:00.000Z,1.3447,1.3626,1.3434,1.3623,5504960,
1789130400000,2026-09-11T12:40:00.000Z,1.3623,1.3639,1.3541,1.3584,1986204,
1789130700000,2026-09-11T12:45:00.000Z,1.3584,1.3661,1.356,1.3635,3108706,
1789131000000,2026-09-11T12:50:00.000Z,1.3635,1.3717,1.3625,1.3667,1861647,
1789131300000,2026-09-11T12:55:00.000Z,1.3667,1.3695,1.3609,1.3661,1730622,
1789131600000,2026-09-11T13:00:00.000Z,1.3661,1.3666,1.3595,1.3602,1003734,
1789131900000,2026-09-11T13:05:00.000Z,1.3602,1.3653,1.3547,1.3548,1643890,
1789132200000,2026-09-11T13:10:00.000Z,1.3548,1.3616,1.3548,1.3616,1300738,
1789132500000,2026-09-11T13:15:00.000Z,1.3616,1.3623,1.3576,1.3612,512683,
1789132800000,2026-09-11T13:20:00.000Z,1.3612,1.3658,1.3601,1.3617,1200153,
1789133100000,2026-09-11T13:25:00.000Z,1.3617,1.3632,1.3565,1.3573,966574,
1789133400000,2026-09-11T13:30:00.000Z,1.3573,1.3638,1.3545,1.36,851910,
1789133700000,2026-09-11T13:35:00.000Z,1.36,1.3619,1.3529,1.3617,864867,
1789134000000,2026-09-11T13:40:00.000Z,1.3617,1.3719,1.3602,1.3681,1756061,
1789134300000,2026-09-11T13:45:00.000Z,1.3681,1.3893,1.3652,1.3869,4422601,
1789134600000,2026-09-11T13:50:00.000Z,1.3869,1.3992,1.3858,1.3965,4887425,
1789134900000,2026-09-11T13:55:00.000Z,1.3965,1.4168,1.3964,1.4154,4246471,
1789135200000,2026-09-11T14:00:00.000Z,1.4154,1.4325,1.4126,1.4218,6588196,
1789135500000,2026-09-11T14:05:00.000Z,1.4218,1.4229,1.4014,1.4037,4985576,
1789135800000,2026-09-11T14:10:00.000Z,1.4037,1.4055,1.3968,1.4018,2573166,
1789136100000,2026-09-11T14:15:00.000Z,1.4018,1.4053,1.3929,1.3994,2391849,
1789136400000,2026-09-11T14:20:00.000Z,1.3994,1.4003,1.3955,1.3986,1272935,
1789136700000,2026-09-11T14:25:00.000Z,1.3986,1.4007,1.395,1.3993,1385931,
1789137000000,2026-09-11T14:30:00.000Z,1.3993,1.4007,1.3908,1.3914,1627592,
1789137300000,2026-09-11T14:35:00.000Z,1.3914,1.3934,1.3861,1.3899,1908386,
1789137600000,2026-09-11T14:40:00.000Z,1.3899,1.3937,1.3875,1.392,494982,
1789137900000,2026-09-11T14:45:00.000Z,1.392,1.3954,1.3847,1.3918,1295997,
1789138200000,2026-09-11T14:50:00.000Z,1.3918,1.3964,1.387,1.3959,627980,
1789138500000,2026-09-11T14:55:00.000Z,1.3959,1.3959,1.3921,1.3943,525445,
1789138800000,2026-09-11T15:00:00.000Z,1.3943,1.3953,1.3882,1.3914,550537,
1789139100000,2026-09-11T15:05:00.000Z,1.3914,1.3941,1.3889,1.3891,525420,
1789139400000,2026-09-11T15:10:00.000Z,1.3891,1.3895,1.3836,1.3841,1644175,
1789139700000,2026-09-11T15:15:00.000Z,1.3841,1.3904,1.3828,1.3898,944189,
1789140000000,2026-09-11T15:20:00.000Z,1.3898,1.395,1.3897,1.3948,646722,
1789140300000,2026-09-11T15:25:00.000Z,1.3948,1.4001,1.3933,1.3973,740166,
1789140600000,2026-09-11T15:30:00.000Z,1.3973,1.4012,1.3956,1.401,1351494,
1789140900000,2026-09-11T15:35:00.000Z,1.401,1.4017,1.3981,1.4014,1102907,
1789141200000,2026-09-11T15:40:00.000Z,1.4014,1.4054,1.3964,1.398,1294246,
1789141500000,2026-09-11T15:45:00.000Z,1.398,1.4016,1.3961,1.3967,1071566,
1789141800000,2026-09-11T15:50:00.000Z,1.3967,1.3982,1.3642,1.3707,6835138,
1789142100000,2026-09-11T15:55:00.000Z,1.3707,1.3768,1.3661,1.3737,2794641,
1789142400000,2026-09-11T16:00:00.000Z,1.3737,1.38,1.3715,1.3771,1701528,
1789142700000,2026-09-11T16:05:00.000Z,1.3771,1.3839,1.3771,1.3826,789863,
1789143000000,2026-09-11T16:10:00.000Z,1.3826,1.3835,1.3757,1.3761,498047,
1789143300000,2026-09-11T16:15:00.000Z,1.3761,1.3797,1.3693,1.3723,1317671,
1789143600000,2026-09-11T16:20:00.000Z,1.3723,1.3734,1.3688,1.3704,924811,
1789143900000,2026-09-11T16:25:00.000Z,1.3704,1.3774,1.3698,1.3748,666685,
1789144200000,2026-09-11T16:30:00.000Z,1.3748,1.377,1.3697,1.3759,695177,
1789144500000,2026-09-11T16:35:00.000Z,1.3759,1.3764,1.3683,1.3691,510400,
1789144800000,2026-09-11T16:40:00.000Z,1.3691,1.3728,1.3675,1.3728,718878,
1789145100000,2026-09-11T16:45:00.000Z,1.3728,1.3779,1.3725,1.3759,867675,
1789145400000,2026-09-11T16:50:00.000Z,1.3759,1.3777,1.3746,1.3762,192176,
1789145700000,2026-09-11T16:55:00.000Z,1.3762,1.3776,1.3742,1.3759,312464,
1789146000000,2026-09-11T17:00:00.000Z,1.3759,1.3775,1.3733,1.3753,933480,
1789146300000,2026-09-11T17:05:00.000Z,1.3753,1.3756,1.37,1.3713,628190,
1789146600000,2026-09-11T17:10:00.000Z,1.3713,1.3713,1.3668,1.3669,613120,
1789146900000,2026-09-11T17:15:00.000Z,1.3669,1.3717,1.3669,1.3709,358756,
1789147200000,2026-09-11T17:20:00.000Z,1.3709,1.3717,1.3647,1.3709,388048,
1789147500000,2026-09-11T17:25:00.000Z,1.3709,1.3752,1.3709,1.3724,482723,
1789147800000,2026-09-11T17:30:00.000Z,1.3724,1.3745,1.3716,1.3744,218463,
1789148100000,2026-09-11T17:35:00.000Z,1.3744,1.3744,1.366,1.3662,384321,
1789148400000,2026-09-11T17:40:00.000Z,1.3662,1.3705,1.366,1.3685,381681,
1789148700000,2026-09-11T17:45:00.000Z,1.3685,1.3706,1.3681,1.3704,118110,
1789149000000,2026-09-11T17:50:00.000Z,1.3704,1.3704,1.3664,1.3664,103411,
1789149300000,2026-09-11T17:55:00.000Z,1.3664,1.37,1.365,1.367,671088,
1789149600000,2026-09-11T18:00:00.000Z,1.367,1.3684,1.3537,1.3576,2077606,
1789149900000,2026-09-11T18:05:00.000Z,1.3576,1.3576,1.3461,1.3512,2828758,
1789150200000,2026-09-11T18:10:00.000Z,1.3512,1.3547,1.349,1.3543,1414385,
1789150500000,2026-09-11T18:15:00.000Z,1.3543,1.3607,1.3535,1.3601,520713,
1789150800000,2026-09-11T18:20:00.000Z,1.3601,1.3619,1.3557,1.3584,804897,
1789151100000,2026-09-11T18:25:00.000Z,1.3584,1.3598,1.3563,1.3594,790515,
1789151400000,2026-09-11T18:30:00.000Z,1.3594,1.3602,1.3567,1.3601,260467,
1789151700000,2026-09-11T18:35:00.000Z,1.3601,1.3614,1.357,1.3584,217348,
1789152000000,2026-09-11T18:40:00.000Z,1.3584,1.3592,1.3546,1.3558,216554,
1789152300000,2026-09-11T18:45:00.000Z,1.3558,1.36,1.3526,1.3541,829040,
1789152600000,2026-09-11T18:50:00.000Z,1.3541,1.3541,1.3476,1.3483,584548,
1789152900000,2026-09-11T18:55:00.000Z,1.3483,1.3519,1.3475,1.3514,873612,
1789153200000,2026-09-11T19:00:00.000Z,1.3514,1.3519,1.3453,1.3519,529788,
1789153500000,2026-09-11T19:05:00.000Z,1.3519,1.3551,1.3515,1.3519,701538,
1789153800000,2026-09-11T19:10:00.000Z,1.3519,1.3527,1.3489,1.3508,196663,
1789154100000,2026-09-11T19:15:00.000Z,1.3508,1.352,1.3462,1.3503,1017654,
1789154400000,2026-09-11T19:20:00.000Z,1.3503,1.356,1.3489,1.3557,322161,
1789154700000,2026-09-11T19:25:00.000Z,1.3557,1.3573,1.3551,1.3555,275867,
1789155000000,2026-09-11T19:30:00.000Z,1.3555,1.3565,1.3547,1.3561,825535,
1789155300000,2026-09-11T19:35:00.000Z,1.3561,1.3587,1.3545,1.3567,590252,
1789155600000,2026-09-11T19:40:00.000Z,1.3567,1.3583,1.3567,1.3578,156139,
1789155900000,2026-09-11T19:45:00.000Z,1.3578,1.3595,1.3562,1.3583,404064,
1789156200000,2026-09-11T19:50:00.000Z,1.3583,1.3618,1.3571,1.361,763988,
1789156500000,2026-09-11T19:55:00.000Z,1.361,1.3621,1.3597,1.3607,412107,
1789156800000,2026-09-11T20:00:00.000Z,1.3607,1.365,1.3604,1.364,582852,
1789157100000,2026-09-11T20:05:00.000Z,1.364,1.3658,1.364,1.3645,241705,
1789157400000,2026-09-11T20:10:00.000Z,1.3645,1.3675,1.3643,1.3664,290516,
1789157700000,2026-09-11T20:15:00.000Z,1.3664,1.3664,1.3622,1.3631,298842,
1789158000000,2026-09-11T20:20:00.000Z,1.3631,1.364,1.3626,1.3638,169961,
1789158300000,2026-09-11T20:25:00.000Z,1.3638,1.3649,1.3616,1.3621,594303,
1789158600000,2026-09-11T20:30:00.000Z,1.3621,1.3633,1.3581,1.3633,1462560,
1789158900000,2026-09-11T20:35:00.000Z,1.3633,1.3668,1.3633,1.3668,154735,
1789159200000,2026-09-11T20:40:00.000Z,1.3668,1.3674,1.3623,1.3637,1221091,
1789159500000,2026-09-11T20:45:00.000Z,1.3637,1.3648,1.3595,1.3602,85565,
1789159800000,2026-09-11T20:50:00.000Z,1.3602,1.3624,1.3565,1.3603,1644062,
1789160100000,2026-09-11T20:55:00.000Z,1.3603,1.3626,1.3594,1.3614,749165,
1789160400000,2026-09-11T21:00:00.000Z,1.3614,1.3621,1.3603,1.3608,64614,
1789160700000,2026-09-11T21:05:00.000Z,1.3608,1.3647,1.3602,1.3643,220530,
1789161000000,2026-09-11T21:10:00.000Z,1.3643,1.3656,1.3634,1.3641,146451,
1789161300000,2026-09-11T21:15:00.000Z,1.3641,1.3658,1.3637,1.3651,778529,
1789161600000,2026-09-11T21:20:00.000Z,1.3651,1.3663,1.3645,1.3649,91907,
1789161900000,2026-09-11T21:25:00.000Z,1.3649,1.3652,1.3628,1.363,73732,
1789162200000,2026-09-11T21:30:00.000Z,1.363,1.3643,1.3629,1.3635,117858,
1789162500000,2026-09-11T21:35:00.000Z,1.3635,1.3635,1.361,1.3616,233530,
1789162800000,2026-09-11T21:40:00.000Z,1.3616,1.3617,1.359,1.36,222358,
1789163100000,2026-09-11T21:45:00.000Z,1.36,1.3603,1.3566,1.3568,146062,
1789163400000,2026-09-11T21:50:00.000Z,1.3568,1.3573,1.3533,1.3542,720815,
1789163700000,2026-09-11T21:55:00.000Z,1.3542,1.3542,1.3512,1.3522,168139,
1789164000000,2026-09-11T22:00:00.000Z,1.3522,1.3572,1.3486,1.357,1050355,
1789164300000,2026-09-11T22:05:00.000Z,1.357,1.3575,1.3514,1.3515,566718,
1789164600000,2026-09-11T22:10:00.000Z,1.3515,1.3558,1.3515,1.3558,522397,
1789164900000,2026-09-11T22:15:00.000Z,1.3558,1.3559,1.3527,1.3545,726797,
1789165200000,2026-09-11T22:20:00.000Z,1.3545,1.3561,1.3532,1.3549,767454,
1789165500000,2026-09-11T22:25:00.000Z,1.3549,1.3553,1.3512,1.3517,933474,
1789165800000,2026-09-11T22:30:00.000Z,1.3517,1.352,1.3464,1.3468,561238,
1789166100000,2026-09-11T22:35:00.000Z,1.3468,1.3519,1.346,1.3519,814581,
1789166400000,2026-09-11T22:40:00.000Z,1.3519,1.3535,1.3498,1.3507,868092,
1789166700000,2026-09-11T22:45:00.000Z,1.3507,1.3509,1.3485,1.3485,74057,
1789167000000,2026-09-11T22:50:00.000Z,1.3485,1.3496,1.3451,1.3486,1275407,
1789167300000,2026-09-11T22:55:00.000Z,1.3486,1.3507,1.3467,1.3493,780517,
1789167600000,2026-09-11T23:00:00.000Z,1.3493,1.3529,1.3482,1.3524,493396,
1789167900000,2026-09-11T23:05:00.000Z,1.3524,1.3532,1.351,1.3529,210311,
1789168200000,2026-09-11T23:10:00.000Z,1.3529,1.3546,1.3525,1.3529,338244,
1789168500000,2026-09-11T23:15:00.000Z,1.3529,1.3547,1.3523,1.3543,93818,
1789168800000,2026-09-11T23:20:00.000Z,1.3543,1.3546,1.3522,1.3525,143979,
1789169100000,2026-09-11T23:25:00.000Z,1.3525,1.3545,1.3525,1.3533,28093,
1789169400000,2026-09-11T23:30:00.000Z,1.3533,1.355,1.3533,1.3542,71963,
1789169700000,2026-09-11T23:35:00.000Z,1.3542,1.3552,1.3542,1.3552,60676,
1789170000000,2026-09-11T23:40:00.000Z,1.3552,1.3557,1.3538,1.3547,173145,
1789170300000,2026-09-11T23:45:00.000Z,1.3547,1.3564,1.3547,1.3557,148544,
1789170600000,2026-09-11T23:50:00.000Z,1.3557,1.356,1.3553,1.3559,96298,
1789170900000,2026-09-11T23:55:00.000Z,1.3559,1.3562,1.3555,1.3559,86935,
1789171200000,2026-09-12T00:00:00.000Z,1.3559,1.3563,1.3544,1.3554,252629,
1789171500000,2026-09-12T00:05:00.000Z,1.3554,1.3554,1.3539,1.3541,134841,
1789171800000,2026-09-12T00:10:00.000Z,1.3541,1.3557,1.3539,1.3556,76858,
1789172100000,2026-09-12T00:15:00.000Z,1.3556,1.3579,1.3556,1.3578,174392,
1789172400000,2026-09-12T00:20:00.000Z,1.3578,1.3579,1.3571,1.3579,113616,
1789172700000,2026-09-12T00:25:00.000Z,1.3579,1.3579,1.3565,1.3574,138369,
1789173000000,2026-09-12T00:30:00.000Z,1.3574,1.3579,1.3561,1.3579,112645,
1789173300000,2026-09-12T00:35:00.000Z,1.3579,1.3587,1.357,1.3585,19372,
1789173600000,2026-09-12T00:40:00.000Z,1.3585,1.3585,1.3571,1.3574,77705,
1789173900000,2026-09-12T00:45:00.000Z,1.3574,1.3574,1.3565,1.3573,84120,
1789174200000,2026-09-12T00:50:00.000Z,1.3573,1.3578,1.3563,1.3578,81556,
1789174500000,2026-09-12T00:55:00.000Z,1.3578,1.3578,1.3564,1.3564,39303,
1789174800000,2026-09-12T01:00:00.000Z,1.3564,1.3575,1.3554,1.3575,139174,
1789175100000,2026-09-12T01:05:00.000Z,1.3575,1.3593,1.3575,1.3593,112669,
1789175400000,2026-09-12T01:10:00.000Z,1.3593,1.3607,1.359,1.36,154187,
1789175700000,2026-09-12T01:15:00.000Z,1.36,1.3605,1.3597,1.3597,169829,
1789176000000,2026-09-12T01:20:00.000Z,1.3597,1.3614,1.3593,1.3612,87502,
1789176300000,2026-09-12T01:25:00.000Z,1.3612,1.3613,1.3594,1.3607,246464,
1789176600000,2026-09-12T01:30:00.000Z,1.3607,1.3613,1.3601,1.3611,73103,
1789176900000,2026-09-12T01:35:00.000Z,1.3611,1.3613,1.3584,1.3606,644590,
1789177200000,2026-09-12T01:40:00.000Z,1.3606,1.3622,1.3606,1.362,277632,
1789177500000,2026-09-12T01:45:00.000Z,1.362,1.3625,1.3614,1.3624,144593,
1789177800000,2026-09-12T01:50:00.000Z,1.3624,1.3632,1.3597,1.3609,655114,
1789178100000,2026-09-12T01:55:00.000Z,1.3609,1.3612,1.3596,1.3602,149702,
1789178400000,2026-09-12T02:00:00.000Z,1.3602,1.3616,1.3592,1.3596,202569,
1789178700000,2026-09-12T02:05:00.000Z,1.3596,1.3606,1.359,1.3605,93511,
1789179000000,2026-09-12T02:10:00.000Z,1.3605,1.3609,1.3599,1.3601,27270,
1789179300000,2026-09-12T02:15:00.000Z,1.3601,1.3619,1.3598,1.3616,240212,
1789179600000,2026-09-12T02:20:00.000Z,1.3616,1.3624,1.3615,1.3623,105856,
1789179900000,2026-09-12T02:25:00.000Z,1.3623,1.3625,1.3614,1.3616,59079,
1789180200000,2026-09-12T02:30:00.000Z,1.3616,1.362,1.361,1.3611,26217,
1789180500000,2026-09-12T02:35:00.000Z,1.3611,1.3627,1.3608,1.3617,484854,
1789180800000,2026-09-12T02:40:00.000Z,1.3617,1.3628,1.3605,1.3606,787279,
1789181100000,2026-09-12T02:45:00.000Z,1.3606,1.3628,1.3604,1.3627,986426,
1789181400000,2026-09-12T02:50:00.000Z,1.3627,1.3633,1.3606,1.3617,1037888,
1789181700000,2026-09-12T02:55:00.000Z,1.3617,1.3635,1.3608,1.3631,684644,
1789182000000,2026-09-12T03:00:00.000Z,1.3631,1.3648,1.3617,1.3647,435351,
1789182300000,2026-09-12T03:05:00.000Z,1.3647,1.3653,1.3629,1.3635,792176,
1789182600000,2026-09-12T03:10:00.000Z,1.3635,1.3644,1.3622,1.3624,299912,
1789182900000,2026-09-12T03:15:00.000Z,1.3624,1.3647,1.3616,1.3636,1023199,
1789183200000,2026-09-12T03:20:00.000Z,1.3636,1.3636,1.3616,1.3616,559786,
1789183500000,2026-09-12T03:25:00.000Z,1.3616,1.3631,1.3616,1.3631,119901,
1789183800000,2026-09-12T03:30:00.000Z,1.3631,1.3638,1.363,1.3632,137183,
1789184100000,2026-09-12T03:35:00.000Z,1.3632,1.3633,1.3625,1.3626,118104,
1789184400000,2026-09-12T03:40:00.000Z,1.3626,1.3632,1.3624,1.3627,176416,
1789184700000,2026-09-12T03:45:00.000Z,1.3627,1.3627,1.3617,1.3623,106406,
1789185000000,2026-09-12T03:50:00.000Z,1.3623,1.3632,1.3622,1.3632,76479,
1789185300000,2026-09-12T03:55:00.000Z,1.3632,1.3633,1.3625,1.3633,45116,
1789185600000,2026-09-12T04:00:00.000Z,1.3633,1.3643,1.3629,1.3631,142617,
1789185900000,2026-09-12T04:05:00.000Z,1.3631,1.3638,1.3626,1.3627,23687,
1789186200000,2026-09-12T04:10:00.000Z,1.3627,1.3633,1.3626,1.3632,27318,
1789186500000,2026-09-12T04:15:00.000Z,1.3632,1.3637,1.3613,1.3614,670253,
1789186800000,2026-09-12T04:20:00.000Z,1.3614,1.3632,1.3609,1.3626,621850,
1789187100000,2026-09-12T04:25:00.000Z,1.3626,1.3636,1.3625,1.3635,85771,
1789187400000,2026-09-12T04:30:00.000Z,1.3635,1.3639,1.3634,1.3634,32597,
1789187700000,2026-09-12T04:35:00.000Z,1.3634,1.3649,1.3634,1.3649,397920,
1789188000000,2026-09-12T04:40:00.000Z,1.3649,1.3654,1.3635,1.3639,515722,
1789188300000,2026-09-12T04:45:00.000Z,1.3639,1.3639,1.3627,1.3637,44353,
1789188600000,2026-09-12T04:50:00.000Z,1.3637,1.3638,1.3628,1.3628,17837,
1789188900000,2026-09-12T04:55:00.000Z,1.3628,1.3632,1.3625,1.3625,78138,
1789189200000,2026-09-12T05:00:00.000Z,1.3625,1.3632,1.3622,1.3625,70639,
1789189500000,2026-09-12T05:05:00.000Z,1.3625,1.3625,1.3611,1.3617,307658,
1789189800000,2026-09-12T05:10:00.000Z,1.3617,1.3619,1.3611,1.3613,65618,
1789190100000,2026-09-12T05:15:00.000Z,1.3613,1.3628,1.3603,1.3625,549106,
1789190400000,2026-09-12T05:20:00.000Z,1.3625,1.3631,1.3609,1.3618,990566,
1789190700000,2026-09-12T05:25:00.000Z,1.3618,1.3625,1.3614,1.3615,475316,
1789191000000,2026-09-12T05:30:00.000Z,1.3615,1.364,1.3611,1.3639,1077428,
1789191300000,2026-09-12T05:35:00.000Z,1.3639,1.3647,1.3623,1.3636,1361199,
1789191600000,2026-09-12T05:40:00.000Z,1.3636,1.364,1.363,1.3633,82962,
1789191900000,2026-09-12T05:45:00.000Z,1.3633,1.3646,1.3632,1.3642,245269,
1789192200000,2026-09-12T05:50:00.000Z,1.3642,1.3645,1.3634,1.3634,209062,
1789192500000,2026-09-12T05:55:00.000Z,1.3634,1.3642,1.363,1.3633,125685,
1789192800000,2026-09-12T06:00:00.000Z,1.3633,1.3633,1.3622,1.3622,138741,
1789193100000,2026-09-12T06:05:00.000Z,1.3622,1.3622,1.3613,1.3617,48095,
1789193400000,2026-09-12T06:10:00.000Z,1.3617,1.3622,1.3612,1.3619,78225,
1789193700000,2026-09-12T06:15:00.000Z,1.3619,1.3637,1.3617,1.3632,169737,
1789194000000,2026-09-12T06:20:00.000Z,1.3632,1.3634,1.3628,1.3629,176824,
1789194300000,2026-09-12T06:25:00.000Z,1.3629,1.3631,1.3622,1.3622,62938,
1789194600000,2026-09-12T06:30:00.000Z,1.3622,1.3648,1.3622,1.3634,1403970,
1789194900000,2026-09-12T06:35:00.000Z,1.3634,1.3638,1.363,1.3638,32365,
1789195200000,2026-09-12T06:40:00.000Z,1.3638,1.3648,1.3629,1.3642,643426,
1789195500000,2026-09-12T06:45:00.000Z,1.3642,1.3647,1.3629,1.3638,1094918,
1789195800000,2026-09-12T06:50:00.000Z,1.3638,1.3638,1.3626,1.3627,160354,
1789196100000,2026-09-12T06:55:00.000Z,1.3627,1.3627,1.3622,1.3625,262890,
1789196400000,2026-09-12T07:00:00.000Z,1.3625,1.3628,1.3624,1.3627,13942,
1789196700000,2026-09-12T07:05:00.000Z,1.3627,1.364,1.3627,1.3639,268371,
1789197000000,2026-09-12T07:10:00.000Z,1.3639,1.3645,1.3637,1.3645,149289,
1789197300000,2026-09-12T07:15:00.000Z,1.3645,1.3657,1.364,1.3653,341155,
1789197600000,2026-09-12T07:20:00.000Z,1.3653,1.3676,1.3653,1.3659,841066,
1789197900000,2026-09-12T07:25:00.000Z,1.3659,1.3663,1.3659,1.3661,78355,
1789198200000,2026-09-12T07:30:00.000Z,1.3661,1.3662,1.3655,1.3655,88696,
1789198500000,2026-09-12T07:35:00.000Z,1.3655,1.366,1.3655,1.366,78258,
1789198800000,2026-09-12T07:40:00.000Z,1.366,1.3669,1.3658,1.3664,203000,
1789199100000,2026-09-12T07:45:00.000Z,1.3664,1.367,1.3653,1.367,1071283,
1789199400000,2026-09-12T07:50:00.000Z,1.367,1.3681,1.3666,1.3679,288604,
1789199700000,2026-09-12T07:55:00.000Z,1.3679,1.3694,1.3679,1.3685,208922,
1789200000000,2026-09-12T08:00:00.000Z,1.3685,1.3688,1.3657,1.3667,376982,
1789200300000,2026-09-12T08:05:00.000Z,1.3667,1.3697,1.3666,1.3689,1816039,
1789200600000,2026-09-12T08:10:00.000Z,1.3689,1.3698,1.3652,1.3662,1342575,
1789200900000,2026-09-12T08:15:00.000Z,1.3662,1.3688,1.3662,1.3677,1035389,
1789201200000,2026-09-12T08:20:00.000Z,1.3677,1.368,1.3653,1.3663,942235,
1789201500000,2026-09-12T08:25:00.000Z,1.3663,1.3663,1.3652,1.3652,58658,
1789201800000,2026-09-12T08:30:00.000Z,1.3652,1.3656,1.3646,1.3648,62708,
1789202100000,2026-09-12T08:35:00.000Z,1.3648,1.3659,1.3638,1.3656,258588,
1789202400000,2026-09-12T08:40:00.000Z,1.3656,1.3663,1.3652,1.3661,92297,
1789202700000,2026-09-12T08:45:00.000Z,1.3661,1.3668,1.3661,1.3666,109714,
1789203000000,2026-09-12T08:50:00.000Z,1.3666,1.3667,1.3658,1.3659,151025,
1789203300000,2026-09-12T08:55:00.000Z,1.3659,1.3662,1.3654,1.3662,62838,
1789203600000,2026-09-12T09:00:00.000Z,1.3662,1.367,1.3656,1.3667,144665,
1789203900000,2026-09-12T09:05:00.000Z,1.3667,1.3672,1.3663,1.3668,63863,
1789204200000,2026-09-12T09:10:00.000Z,1.3668,1.3685,1.3664,1.3684,896317,
1789204500000,2026-09-12T09:15:00.000Z,1.3684,1.3701,1.3671,1.3683,976091,
1789204800000,2026-09-12T09:20:00.000Z,1.3683,1.3695,1.3667,1.3691,1271483,
1789205100000,2026-09-12T09:25:00.000Z,1.3691,1.3697,1.3674,1.3682,1176038,
1789205400000,2026-09-12T09:30:00.000Z,1.3682,1.3689,1.3673,1.3678,192319,
1789205700000,2026-09-12T09:35:00.000Z,1.3678,1.3693,1.3671,1.3691,1064242,
1789206000000,2026-09-12T09:40:00.000Z,1.3691,1.3696,1.3666,1.3677,1311598,
1789206300000,2026-09-12T09:45:00.000Z,1.3677,1.3678,1.3672,1.3672,64799,
1789206600000,2026-09-12T09:50:00.000Z,1.3672,1.3695,1.3672,1.3688,1484556,
1789206900000,2026-09-12T09:55:00.000Z,1.3688,1.3693,1.3687,1.3691,171211,
1789207200000,2026-09-12T10:00:00.000Z,1.3691,1.371,1.369,1.37,441182,
1789207500000,2026-09-12T10:05:00.000Z,1.37,1.3706,1.3695,1.3701,199776,
1789207800000,2026-09-12T10:10:00.000Z,1.3701,1.3701,1.3695,1.3699,21742,
1789208100000,2026-09-12T10:15:00.000Z,1.3699,1.3703,1.3697,1.3703,30913,
1789208400000,2026-09-12T10:20:00.000Z,1.3703,1.3713,1.3703,1.3713,104692,
1789208700000,2026-09-12T10:25:00.000Z,1.3713,1.3714,1.371,1.3711,47590,
1789209000000,2026-09-12T10:30:00.000Z,1.3711,1.3711,1.3691,1.37,1174752,
1789209300000,2026-09-12T10:35:00.000Z,1.37,1.3712,1.37,1.3712,433721,
1789209600000,2026-09-12T10:40:00.000Z,1.3712,1.3726,1.3709,1.372,819403,
1789209900000,2026-09-12T10:45:00.000Z,1.372,1.374,1.3718,1.3719,1333460,
1789210200000,2026-09-12T10:50:00.000Z,1.3719,1.3719,1.3704,1.3708,130338,
1789210500000,2026-09-12T10:55:00.000Z,1.3708,1.3731,1.3708,1.3727,1035201,
1789210800000,2026-09-12T11:00:00.000Z,1.3727,1.3736,1.3715,1.3718,1016749,
1789211100000,2026-09-12T11:05:00.000Z,1.3718,1.3728,1.3715,1.3715,90541,
1789211400000,2026-09-12T11:10:00.000Z,1.3715,1.372,1.3711,1.3716,207972,
1789211700000,2026-09-12T11:15:00.000Z,1.3716,1.3719,1.3703,1.3704,352587,
1789212000000,2026-09-12T11:20:00.000Z,1.3704,1.371,1.3701,1.3709,61277,
1789212300000,2026-09-12T11:25:00.000Z,1.3709,1.3711,1.3708,1.371,22823,
1789212600000,2026-09-12T11:30:00.000Z,1.371,1.371,1.3702,1.3706,45406,
1789212900000,2026-09-12T11:35:00.000Z,1.3706,1.3713,1.3705,1.3711,49704,
1789213200000,2026-09-12T11:40:00.000Z,1.3711,1.3724,1.371,1.3724,84575,
1789213500000,2026-09-12T11:45:00.000Z,1.3724,1.3726,1.3719,1.372,75869,
1789213800000,2026-09-12T11:50:00.000Z,1.372,1.3722,1.3711,1.3719,150318,
1789214100000,2026-09-12T11:55:00.000Z,1.3719,1.3719,1.3715,1.3717,57085,
1789214400000,2026-09-12T12:00:00.000Z,1.3717,1.3718,1.3707,1.3708,24112,
1789214700000,2026-09-12T12:05:00.000Z,1.3708,1.3728,1.3708,1.372,887967,
1789215000000,2026-09-12T12:10:00.000Z,1.372,1.372,1.3703,1.3706,761993,
1789215300000,2026-09-12T12:15:00.000Z,1.3706,1.372,1.3703,1.3704,798182,
1789215600000,2026-09-12T12:20:00.000Z,1.3704,1.3707,1.3704,1.3704,165304,
1789215900000,2026-09-12T12:25:00.000Z,1.3704,1.3707,1.3702,1.3706,96927,
1789216200000,2026-09-12T12:30:00.000Z,1.3706,1.3706,1.3702,1.3703,159256,
1789216500000,2026-09-12T12:35:00.000Z,1.3703,1.3713,1.3701,1.3706,335527,
1789216800000,2026-09-12T12:40:00.000Z,1.3706,1.3709,1.3695,1.3696,177523,
1789217100000,2026-09-12T12:45:00.000Z,1.3696,1.3703,1.3694,1.3697,179281,
1789217400000,2026-09-12T12:50:00.000Z,1.3697,1.3697,1.3677,1.3679,1472885,
1789217700000,2026-09-12T12:55:00.000Z,1.3679,1.3698,1.3679,1.3696,692009,
1789218000000,2026-09-12T13:00:00.000Z,1.3696,1.37,1.3681,1.3684,475120,
1789218300000,2026-09-12T13:05:00.000Z,1.3684,1.3706,1.368,1.3692,1305507,
1789218600000,2026-09-12T13:10:00.000Z,1.3692,1.3694,1.367,1.3674,1578552,
1789218900000,2026-09-12T13:15:00.000Z,1.3674,1.3686,1.3658,1.3676,1270425,
1789219200000,2026-09-12T13:20:00.000Z,1.3676,1.3679,1.3675,1.3679,49783,
1789219500000,2026-09-12T13:25:00.000Z,1.3679,1.3685,1.3666,1.3678,1055554,
1789219800000,2026-09-12T13:30:00.000Z,1.3678,1.3691,1.367,1.3678,631700,
1789220100000,2026-09-12T13:35:00.000Z,1.3678,1.3679,1.3666,1.3666,65428,
1789220400000,2026-09-12T13:40:00.000Z,1.3666,1.3672,1.3662,1.3665,240333,
1789220700000,2026-09-12T13:45:00.000Z,1.3665,1.3666,1.3653,1.3661,184827,
1789221000000,2026-09-12T13:50:00.000Z,1.3661,1.367,1.3659,1.367,57729,
1789221300000,2026-09-12T13:55:00.000Z,1.367,1.368,1.3669,1.3675,186255,
1789221600000,2026-09-12T14:00:00.000Z,1.3675,1.3677,1.3673,1.3677,98468,
1789221900000,2026-09-12T14:05:00.000Z,1.3677,1.3687,1.3676,1.3683,286869,
1789222200000,2026-09-12T14:10:00.000Z,1.3683,1.3683,1.3671,1.3673,88091,
1789222500000,2026-09-12T14:15:00.000Z,1.3673,1.3687,1.3673,1.3682,85042,
1789222800000,2026-09-12T14:20:00.000Z,1.3682,1.3697,1.3679,1.3685,353807,
1789223100000,2026-09-12T14:25:00.000Z,1.3685,1.3699,1.3684,1.3696,1052697,
1789223400000,2026-09-12T14:30:00.000Z,1.3696,1.3708,1.3696,1.3697,257568,
1789223700000,2026-09-12T14:35:00.000Z,1.3697,1.3704,1.3696,1.37,109722,
1789224000000,2026-09-12T14:40:00.000Z,1.37,1.3703,1.369,1.369,88452,
1789224300000,2026-09-12T14:45:00.000Z,1.369,1.3694,1.369,1.3693,98386,
1789224600000,2026-09-12T14:50:00.000Z,1.3693,1.3698,1.369,1.3691,262729,
1789224900000,2026-09-12T14:55:00.000Z,1.3691,1.3692,1.3683,1.3692,248334,
1789225200000,2026-09-12T15:00:00.000Z,1.3692,1.37,1.3692,1.3698,28434,
1789225500000,2026-09-12T15:05:00.000Z,1.3698,1.3702,1.3686,1.3694,678774,
1789225800000,2026-09-12T15:10:00.000Z,1.3694,1.3716,1.3692,1.3707,941107,
1789226100000,2026-09-12T15:15:00.000Z,1.3707,1.371,1.3696,1.3696,587296,
1789226400000,2026-09-12T15:20:00.000Z,1.3696,1.3696,1.3689,1.3691,60459,
1789226700000,2026-09-12T15:25:00.000Z,1.3691,1.371,1.369,1.3702,1061697,
1789227000000,2026-09-12T15:30:00.000Z,1.3702,1.3709,1.3685,1.3692,1226209,
1789227300000,2026-09-12T15:35:00.000Z,1.3692,1.3702,1.3672,1.3701,1105867,
1789227600000,2026-09-12T15:40:00.000Z,1.3701,1.3711,1.3694,1.3707,393110,
1789227900000,2026-09-12T15:45:00.000Z,1.3707,1.3722,1.3697,1.3708,803203,
1789228200000,2026-09-12T15:50:00.000Z,1.3708,1.3721,1.3707,1.3717,429774,
1789228500000,2026-09-12T15:55:00.000Z,1.3717,1.374,1.3716,1.3717,835700,
1789228800000,2026-09-12T16:00:00.000Z,1.3717,1.3725,1.3716,1.3721,205707,
1789229100000,2026-09-12T16:05:00.000Z,1.3721,1.3721,1.3701,1.3706,521771,
1789229400000,2026-09-12T16:10:00.000Z,1.3706,1.3708,1.3704,1.3706,55918,
1789229700000,2026-09-12T16:15:00.000Z,1.3706,1.3706,1.3699,1.3703,64920,
1789230000000,2026-09-12T16:20:00.000Z,1.3703,1.3706,1.3698,1.3698,67375,
1789230300000,2026-09-12T16:25:00.000Z,1.3698,1.37,1.3697,1.37,25941,
1789230600000,2026-09-12T16:30:00.000Z,1.37,1.37,1.3692,1.3695,102969,
1789230900000,2026-09-12T16:35:00.000Z,1.3695,1.3695,1.3689,1.3689,53923,
1789231200000,2026-09-12T16:40:00.000Z,1.3689,1.3693,1.3689,1.3691,12335,
1789231500000,2026-09-12T16:45:00.000Z,1.3691,1.3704,1.3689,1.3696,999087,
1789231800000,2026-09-12T16:50:00.000Z,1.3696,1.3697,1.3695,1.3696,46867,
1789232100000,2026-09-12T16:55:00.000Z,1.3696,1.3699,1.3684,1.3693,657662,
1789232400000,2026-09-12T17:00:00.000Z,1.3693,1.3699,1.3682,1.3695,644239,
1789232700000,2026-09-12T17:05:00.000Z,1.3695,1.3695,1.3687,1.3688,70816,
1789233000000,2026-09-12T17:10:00.000Z,1.3688,1.3693,1.3675,1.3682,858868,
1789233300000,2026-09-12T17:15:00.000Z,1.3682,1.3683,1.3673,1.3681,381103,
1789233600000,2026-09-12T17:20:00.000Z,1.3681,1.3686,1.3659,1.3667,699413,
1789233900000,2026-09-12T17:25:00.000Z,1.3667,1.3671,1.3667,1.3669,20235,
1789234200000,2026-09-12T17:30:00.000Z,1.3669,1.3672,1.3661,1.3672,104523,
1789234500000,2026-09-12T17:35:00.000Z,1.3672,1.3673,1.3664,1.3666,46261,
1789234800000,2026-09-12T17:40:00.000Z,1.3666,1.3678,1.3664,1.3678,150837,
1789235100000,2026-09-12T17:45:00.000Z,1.3678,1.3678,1.3663,1.3666,210135,
1789235400000,2026-09-12T17:50:00.000Z,1.3666,1.3666,1.3658,1.3665,70781,
1789235700000,2026-09-12T17:55:00.000Z,1.3665,1.3668,1.3663,1.3663,17285,
1789236000000,2026-09-12T18:00:00.000Z,1.3663,1.3663,1.3639,1.3648,179583,
1789236300000,2026-09-12T18:05:00.000Z,1.3648,1.3656,1.3623,1.3643,1259511,
1789236600000,2026-09-12T18:10:00.000Z,1.3643,1.3659,1.3639,1.3649,719755,
1789236900000,2026-09-12T18:15:00.000Z,1.3649,1.3657,1.3633,1.3639,1198806,
1789237200000,2026-09-12T18:20:00.000Z,1.3639,1.3655,1.3635,1.3651,950755,
1789237500000,2026-09-12T18:25:00.000Z,1.3651,1.3652,1.3644,1.3652,75742,
1789237800000,2026-09-12T18:30:00.000Z,1.3652,1.3654,1.3635,1.3637,1073824,
1789238100000,2026-09-12T18:35:00.000Z,1.3637,1.3647,1.3625,1.3641,1001896,
1789238400000,2026-09-12T18:40:00.000Z,1.3641,1.3641,1.3635,1.3635,50251,
1789238700000,2026-09-12T18:45:00.000Z,1.3635,1.3644,1.3635,1.364,40683,
1789239000000,2026-09-12T18:50:00.000Z,1.364,1.364,1.3622,1.3626,164721,
1789239300000,2026-09-12T18:55:00.000Z,1.3626,1.363,1.3625,1.3627,73082,
1789239600000,2026-09-12T19:00:00.000Z,1.3627,1.3635,1.3623,1.3632,330726,
1789239900000,2026-09-12T19:05:00.000Z,1.3632,1.364,1.362,1.3625,626091,
1789240200000,2026-09-12T19:10:00.000Z,1.3625,1.3642,1.3617,1.364,946391,
1789240500000,2026-09-12T19:15:00.000Z,1.364,1.364,1.363,1.3639,62278,
1789240800000,2026-09-12T19:20:00.000Z,1.3639,1.364,1.3621,1.3627,646112,
1789241100000,2026-09-12T19:25:00.000Z,1.3627,1.3641,1.3623,1.3635,914506,
1789241400000,2026-09-12T19:30:00.000Z,1.3635,1.3635,1.3613,1.3623,943884,
1789241700000,2026-09-12T19:35:00.000Z,1.3623,1.3625,1.3606,1.3607,313062,
1789242000000,2026-09-12T19:40:00.000Z,1.3607,1.3625,1.3606,1.3615,860135,
1789242300000,2026-09-12T19:45:00.000Z,1.3615,1.3625,1.3615,1.3623,51593,
1789242600000,2026-09-12T19:50:00.000Z,1.3623,1.3628,1.3615,1.3615,229805,
1789242900000,2026-09-12T19:55:00.000Z,1.3615,1.3626,1.3615,1.362,69641,
1789243200000,2026-09-12T20:00:00.000Z,1.362,1.3632,1.3619,1.3631,216521,
1789243500000,2026-09-12T20:05:00.000Z,1.3631,1.364,1.3631,1.3638,250526,
1789243800000,2026-09-12T20:10:00.000Z,1.3638,1.3654,1.3638,1.3646,336891,
1789244100000,2026-09-12T20:15:00.000Z,1.3646,1.3656,1.364,1.3641,247098,
1789244400000,2026-09-12T20:20:00.000Z,1.3641,1.365,1.364,1.3647,105236,
1789244700000,2026-09-12T20:25:00.000Z,1.3647,1.3654,1.3647,1.365,42836,
1789245000000,2026-09-12T20:30:00.000Z,1.365,1.3655,1.3642,1.3646,319105,
1789245300000,2026-09-12T20:35:00.000Z,1.3646,1.3649,1.3644,1.3644,52224,
1789245600000,2026-09-12T20:40:00.000Z,1.3644,1.3662,1.3644,1.3653,821236,
1789245900000,2026-09-12T20:45:00.000Z,1.3653,1.3659,1.3652,1.3656,31737,
1789246200000,2026-09-12T20:50:00.000Z,1.3656,1.3662,1.3638,1.3638,582995,
1789246500000,2026-09-12T20:55:00.000Z,1.3638,1.364,1.3637,1.3639,21482,
1789246800000,2026-09-12T21:00:00.000Z,1.3639,1.3657,1.3636,1.3647,650954,
1789247100000,2026-09-12T21:05:00.000Z,1.3647,1.3655,1.3647,1.3654,26441,
1789247400000,2026-09-12T21:10:00.000Z,1.3654,1.3659,1.3638,1.3649,710706,
1789247700000,2026-09-12T21:15:00.000Z,1.3649,1.3649,1.3639,1.3639,14002,
1789248000000,2026-09-12T21:20:00.000Z,1.3639,1.3643,1.3635,1.3643,53563,
1789248300000,2026-09-12T21:25:00.000Z,1.3643,1.3647,1.3642,1.3647,15218,
1789248600000,2026-09-12T21:30:00.000Z,1.3647,1.3648,1.3639,1.3641,19547,
1789248900000,2026-09-12T21:35:00.000Z,1.3641,1.3641,1.3639,1.364,20993,
1789249200000,2026-09-12T21:40:00.000Z,1.364,1.3641,1.3635,1.3636,90051,
1789249500000,2026-09-12T21:45:00.000Z,1.3636,1.3636,1.3625,1.3631,20679,
1789249800000,2026-09-12T21:50:00.000Z,1.3631,1.3631,1.3624,1.3627,23246,
1789250100000,2026-09-12T21:55:00.000Z,1.3627,1.3627,1.3619,1.3624,41697,
1789250400000,2026-09-12T22:00:00.000Z,1.3624,1.3631,1.3614,1.3623,773531,
1789250700000,2026-09-12T22:05:00.000Z,1.3623,1.363,1.3607,1.3626,467826,
1789251000000,2026-09-12T22:10:00.000Z,1.3626,1.3639,1.3621,1.3638,639965,
1789251300000,2026-09-12T22:15:00.000Z,1.3638,1.3639,1.3631,1.3639,33007,
1789251600000,2026-09-12T22:20:00.000Z,1.3639,1.3652,1.3639,1.3648,79127,
1789251900000,2026-09-12T22:25:00.000Z,1.3648,1.365,1.3616,1.3616,849189,
1789252200000,2026-09-12T22:30:00.000Z,1.3616,1.363,1.3609,1.3613,856233,
1789252500000,2026-09-12T22:35:00.000Z,1.3613,1.3621,1.3613,1.3619,39094,
1789252800000,2026-09-12T22:40:00.000Z,1.3619,1.3619,1.361,1.3615,552637,
1789253100000,2026-09-12T22:45:00.000Z,1.3615,1.3624,1.3614,1.3622,35377,
1789253400000,2026-09-12T22:50:00.000Z,1.3622,1.3631,1.3622,1.3628,31646,
1789253700000,2026-09-12T22:55:00.000Z,1.3628,1.3628,1.3622,1.3625,5693,
1789254000000,2026-09-12T23:00:00.000Z,1.3625,1.3636,1.3623,1.363,216374,
1789254300000,2026-09-12T23:05:00.000Z,1.363,1.3635,1.3628,1.363,100507,
1789254600000,2026-09-12T23:10:00.000Z,1.363,1.3638,1.3627,1.3638,41727,
1789254900000,2026-09-12T23:15:00.000Z,1.3638,1.3646,1.3638,1.3645,24770,
1789255200000,2026-09-12T23:20:00.000Z,1.3645,1.3645,1.3641,1.3642,22797,
1789255500000,2026-09-12T23:25:00.000Z,1.3642,1.3651,1.3642,1.365,259298,
1789255800000,2026-09-12T23:30:00.000Z,1.365,1.3652,1.3646,1.3649,21090,
1789256100000,2026-09-12T23:35:00.000Z,1.3649,1.3653,1.3646,1.365,93118,
1789256400000,2026-09-12T23:40:00.000Z,1.365,1.3668,1.365,1.3663,177730,
1789256700000,2026-09-12T23:45:00.000Z,1.3663,1.3664,1.3661,1.3663,65585,
1789257000000,2026-09-12T23:50:00.000Z,1.3663,1.3663,1.366,1.366,26397,
1789257300000,2026-09-12T23:55:00.000Z,1.366,1.3662,1.3656,1.3656,51727,
1789257600000,2026-09-13T00:00:00.000Z,1.3656,1.3657,1.3644,1.3646,260299,
1789257900000,2026-09-13T00:05:00.000Z,1.3646,1.3656,1.3645,1.3656,42266,
1789258200000,2026-09-13T00:10:00.000Z,1.3656,1.3661,1.365,1.3651,63857,
1789258500000,2026-09-13T00:15:00.000Z,1.3651,1.3651,1.364,1.3647,171475,
1789258800000,2026-09-13T00:20:00.000Z,1.3647,1.366,1.3646,1.366,169693,
1789259100000,2026-09-13T00:25:00.000Z,1.366,1.3665,1.366,1.366,14744,
1789259400000,2026-09-13T00:30:00.000Z,1.366,1.366,1.3653,1.3654,14149,
1789259700000,2026-09-13T00:35:00.000Z,1.3654,1.3662,1.3654,1.3661,41016,
1789260000000,2026-09-13T00:40:00.000Z,1.3661,1.3664,1.3657,1.366,21723,
1789260300000,2026-09-13T00:45:00.000Z,1.366,1.3667,1.366,1.3667,32075,
1789260600000,2026-09-13T00:50:00.000Z,1.3667,1.3673,1.3667,1.3669,85383,
1789260900000,2026-09-13T00:55:00.000Z,1.3669,1.3673,1.3667,1.3667,30255,
1789261200000,2026-09-13T01:00:00.000Z,1.3667,1.3669,1.3664,1.3664,32674,
1789261500000,2026-09-13T01:05:00.000Z,1.3664,1.3676,1.3661,1.3671,432406,
1789261800000,2026-09-13T01:10:00.000Z,1.3671,1.3677,1.3648,1.3657,1235968,
1789262100000,2026-09-13T01:15:00.000Z,1.3657,1.3657,1.3637,1.3652,525394,
1789262400000,2026-09-13T01:20:00.000Z,1.3652,1.367,1.3652,1.3669,171623,
1789262700000,2026-09-13T01:25:00.000Z,1.3669,1.367,1.3648,1.3651,633929,
1789263000000,2026-09-13T01:30:00.000Z,1.3651,1.3652,1.3634,1.3637,219182,
1789263300000,2026-09-13T01:35:00.000Z,1.3637,1.3655,1.3633,1.3649,513610,
1789263600000,2026-09-13T01:40:00.000Z,1.3649,1.3659,1.3649,1.3657,161620,
1789263900000,2026-09-13T01:45:00.000Z,1.3657,1.3669,1.3653,1.3659,305828,
1789264200000,2026-09-13T01:50:00.000Z,1.3659,1.3674,1.3658,1.3668,71491,
1789264500000,2026-09-13T01:55:00.000Z,1.3668,1.3674,1.3667,1.367,55423,
1789264800000,2026-09-13T02:00:00.000Z,1.367,1.3671,1.3665,1.3665,60948,
1789265100000,2026-09-13T02:05:00.000Z,1.3665,1.3666,1.3658,1.3661,68287,
1789265400000,2026-09-13T02:10:00.000Z,1.3661,1.3661,1.3658,1.366,9104,
1789265700000,2026-09-13T02:15:00.000Z,1.366,1.3661,1.3657,1.3659,34415,
1789266000000,2026-09-13T02:20:00.000Z,1.3659,1.3661,1.3654,1.3661,92253,
1789266300000,2026-09-13T02:25:00.000Z,1.3661,1.3662,1.3647,1.3653,302922,
1789266600000,2026-09-13T02:30:00.000Z,1.3653,1.3668,1.3652,1.3661,383751,
1789266900000,2026-09-13T02:35:00.000Z,1.3661,1.3672,1.3657,1.3661,366190,
1789267200000,2026-09-13T02:40:00.000Z,1.3661,1.3682,1.3658,1.3681,638211,
1789267500000,2026-09-13T02:45:00.000Z,1.3681,1.3684,1.3675,1.3682,79195,
1789267800000,2026-09-13T02:50:00.000Z,1.3682,1.3696,1.3674,1.3678,911065,
1789268100000,2026-09-13T02:55:00.000Z,1.3678,1.3678,1.3673,1.3675,31917,
1789268400000,2026-09-13T03:00:00.000Z,1.3675,1.3688,1.3669,1.3684,617942,
1789268700000,2026-09-13T03:05:00.000Z,1.3684,1.3684,1.367,1.3671,131424,
1789269000000,2026-09-13T03:10:00.000Z,1.3671,1.3675,1.3659,1.366,175509,
1789269300000,2026-09-13T03:15:00.000Z,1.366,1.366,1.3655,1.3656,105314,
1789269600000,2026-09-13T03:20:00.000Z,1.3656,1.3666,1.3656,1.3661,36223,
1789269900000,2026-09-13T03:25:00.000Z,1.3661,1.3671,1.3652,1.3652,242562,
1789270200000,2026-09-13T03:30:00.000Z,1.3652,1.3652,1.3633,1.3638,119925,
1789270500000,2026-09-13T03:35:00.000Z,1.3638,1.3643,1.3623,1.3625,279751,
1789270800000,2026-09-13T03:40:00.000Z,1.3625,1.3635,1.3624,1.3634,53704,
1789271100000,2026-09-13T03:45:00.000Z,1.3634,1.3635,1.3616,1.3629,551184,
1789271400000,2026-09-13T03:50:00.000Z,1.3629,1.3635,1.3621,1.3632,440665,
1789271700000,2026-09-13T03:55:00.000Z,1.3632,1.3642,1.3619,1.363,502160,
1789272000000,2026-09-13T04:00:00.000Z,1.363,1.3631,1.3627,1.3631,115510,
1789272300000,2026-09-13T04:05:00.000Z,1.3631,1.3647,1.3628,1.3637,442868,
1789272600000,2026-09-13T04:10:00.000Z,1.3637,1.3649,1.3627,1.3632,435005,
1789272900000,2026-09-13T04:15:00.000Z,1.3632,1.3645,1.3632,1.3644,34450,
1789273200000,2026-09-13T04:20:00.000Z,1.3644,1.3645,1.3632,1.3645,158569,
1789273500000,2026-09-13T04:25:00.000Z,1.3645,1.3645,1.3642,1.3642,13844,
1789273800000,2026-09-13T04:30:00.000Z,1.3642,1.3642,1.3636,1.3638,20462,
1789274100000,2026-09-13T04:35:00.000Z,1.3638,1.3639,1.363,1.363,25152,
1789274400000,2026-09-13T04:40:00.000Z,1.363,1.3633,1.3626,1.3633,74479,
1789274700000,2026-09-13T04:45:00.000Z,1.3633,1.3634,1.363,1.3631,23282,
1789275000000,2026-09-13T04:50:00.000Z,1.3631,1.3634,1.363,1.3634,12619,
1789275300000,2026-09-13T04:55:00.000Z,1.3634,1.3637,1.3632,1.3636,102498,
1789275600000,2026-09-13T05:00:00.000Z,1.3636,1.3642,1.3632,1.3642,16402,
1789275900000,2026-09-13T05:05:00.000Z,1.3642,1.3645,1.3641,1.3645,15413,
1789276200000,2026-09-13T05:10:00.000Z,1.3645,1.3655,1.3644,1.3654,127358,
1789276500000,2026-09-13T05:15:00.000Z,1.3654,1.3659,1.3652,1.3659,16181,
1789276800000,2026-09-13T05:20:00.000Z,1.3659,1.3665,1.3659,1.3665,44301,
1789277100000,2026-09-13T05:25:00.000Z,1.3665,1.3665,1.3654,1.3657,178893,
1789277400000,2026-09-13T05:30:00.000Z,1.3657,1.3669,1.3657,1.3668,82694,
1789277700000,2026-09-13T05:35:00.000Z,1.3668,1.3669,1.3665,1.3665,35050,
1789278000000,2026-09-13T05:40:00.000Z,1.3665,1.3669,1.3664,1.3666,42992,
1789278300000,2026-09-13T05:45:00.000Z,1.3666,1.3677,1.3666,1.3676,152095,
1789278600000,2026-09-13T05:50:00.000Z,1.3676,1.3677,1.3671,1.3674,156785,
1789278900000,2026-09-13T05:55:00.000Z,1.3674,1.3675,1.3671,1.3671,28129,
1789279200000,2026-09-13T06:00:00.000Z,1.3671,1.3672,1.3667,1.3667,30271,
1789279500000,2026-09-13T06:05:00.000Z,1.3667,1.3667,1.3663,1.3663,19456,
1789279800000,2026-09-13T06:10:00.000Z,1.3663,1.3664,1.3661,1.3661,32980,
1789280100000,2026-09-13T06:15:00.000Z,1.3661,1.3661,1.3657,1.3658,79882,
1789280400000,2026-09-13T06:20:00.000Z,1.3658,1.3659,1.3646,1.3649,59322,
1789280700000,2026-09-13T06:25:00.000Z,1.3649,1.365,1.3646,1.365,15428,
1789281000000,2026-09-13T06:30:00.000Z,1.365,1.3651,1.3647,1.3647,48034,
1789281300000,2026-09-13T06:35:00.000Z,1.3647,1.3647,1.3641,1.3641,10057,
1789281600000,2026-09-13T06:40:00.000Z,1.3641,1.3647,1.3639,1.3643,48103,
1789281900000,2026-09-13T06:45:00.000Z,1.3643,1.3643,1.3635,1.3637,184433,
1789282200000,2026-09-13T06:50:00.000Z,1.3637,1.3637,1.3606,1.3609,534602,
1789282500000,2026-09-13T06:55:00.000Z,1.3609,1.3609,1.3569,1.3599,2149686,
1789282800000,2026-09-13T07:00:00.000Z,1.3599,1.3606,1.3594,1.36,264509,
1789283100000,2026-09-13T07:05:00.000Z,1.36,1.3612,1.3597,1.3612,116959,
1789283400000,2026-09-13T07:10:00.000Z,1.3612,1.3612,1.3606,1.3607,144861,
1789283700000,2026-09-13T07:15:00.000Z,1.3607,1.3614,1.3605,1.3605,54833,
1789284000000,2026-09-13T07:20:00.000Z,1.3605,1.3619,1.3604,1.3612,185784,
1789284300000,2026-09-13T07:25:00.000Z,1.3612,1.3613,1.3601,1.3607,237510,
1789284600000,2026-09-13T07:30:00.000Z,1.3607,1.3607,1.3594,1.3597,478437,
1789284900000,2026-09-13T07:35:00.000Z,1.3597,1.3597,1.3574,1.3587,806704,
1789285200000,2026-09-13T07:40:00.000Z,1.3587,1.3607,1.3587,1.3598,414259,
1789285500000,2026-09-13T07:45:00.000Z,1.3598,1.3598,1.3577,1.3589,909405,
1789285800000,2026-09-13T07:50:00.000Z,1.3589,1.3591,1.3578,1.3586,134405,
1789286100000,2026-09-13T07:55:00.000Z,1.3586,1.3586,1.3552,1.3571,683150,
1789286400000,2026-09-13T08:00:00.000Z,1.3571,1.3591,1.357,1.3583,552349,
1789286700000,2026-09-13T08:05:00.000Z,1.3583,1.3583,1.3566,1.3568,259761,
1789287000000,2026-09-13T08:10:00.000Z,1.3568,1.3571,1.3543,1.3553,407908,
1789287300000,2026-09-13T08:15:00.000Z,1.3553,1.3556,1.3523,1.3524,398752,
1789287600000,2026-09-13T08:20:00.000Z,1.3524,1.3534,1.3516,1.3532,235853,
1789287900000,2026-09-13T08:25:00.000Z,1.3532,1.3532,1.3509,1.3512,156991,
1789288200000,2026-09-13T08:30:00.000Z,1.3512,1.3516,1.3466,1.3491,789444,
1789288500000,2026-09-13T08:35:00.000Z,1.3491,1.3498,1.3465,1.3467,389566,
1789288800000,2026-09-13T08:40:00.000Z,1.3467,1.3489,1.3443,1.3456,754482,
1789289100000,2026-09-13T08:45:00.000Z,1.3456,1.3488,1.3454,1.3483,182653,
1789289400000,2026-09-13T08:50:00.000Z,1.3483,1.3489,1.3471,1.3475,230684,
1789289700000,2026-09-13T08:55:00.000Z,1.3475,1.3479,1.3463,1.3475,241987,
1789290000000,2026-09-13T09:00:00.000Z,1.3475,1.3494,1.3475,1.3494,253262,
1789290300000,2026-09-13T09:05:00.000Z,1.3494,1.3505,1.3494,1.3499,328906,
1789290600000,2026-09-13T09:10:00.000Z,1.3499,1.35,1.3482,1.3487,173218,
1789290900000,2026-09-13T09:15:00.000Z,1.3487,1.3491,1.3462,1.3468,245782,
1789291200000,2026-09-13T09:20:00.000Z,1.3468,1.348,1.3422,1.3434,686306,
1789291500000,2026-09-13T09:25:00.000Z,1.3434,1.3452,1.3403,1.3433,561647,
1789291800000,2026-09-13T09:30:00.000Z,1.3433,1.345,1.3362,1.3383,1514107,
1789292100000,2026-09-13T09:35:00.000Z,1.3383,1.3438,1.3383,1.3428,570499,
1789292400000,2026-09-13T09:40:00.000Z,1.3428,1.3433,1.3423,1.3423,136757,
1789292700000,2026-09-13T09:45:00.000Z,1.3423,1.3442,1.3419,1.3439,666600,
1789293000000,2026-09-13T09:50:00.000Z,1.3439,1.3443,1.3427,1.3441,172095,
1789293300000,2026-09-13T09:55:00.000Z,1.3441,1.3445,1.3431,1.3438,353057,
1789293600000,2026-09-13T10:00:00.000Z,1.3438,1.3444,1.3431,1.3439,167495,
1789293900000,2026-09-13T10:05:00.000Z,1.3439,1.3443,1.3429,1.3443,227555,
1789294200000,2026-09-13T10:10:00.000Z,1.3443,1.3443,1.3427,1.3438,311671,
1789294500000,2026-09-13T10:15:00.000Z,1.3438,1.344,1.3428,1.3428,239501,
1789294800000,2026-09-13T10:20:00.000Z,1.3428,1.3432,1.3424,1.3431,188631,
1789295100000,2026-09-13T10:25:00.000Z,1.3431,1.3438,1.343,1.3437,82257,
1789295400000,2026-09-13T10:30:00.000Z,1.3437,1.3439,1.3431,1.3436,72658,
1789295700000,2026-09-13T10:35:00.000Z,1.3436,1.3437,1.3419,1.3423,369583,
1789296000000,2026-09-13T10:40:00.000Z,1.3423,1.3428,1.339,1.3395,1646442,
1789296300000,2026-09-13T10:45:00.000Z,1.3395,1.3411,1.3392,1.3403,414274,
1789296600000,2026-09-13T10:50:00.000Z,1.3403,1.3403,1.3378,1.3389,444072,
1789296900000,2026-09-13T10:55:00.000Z,1.3389,1.3404,1.3373,1.34,650536,
1789297200000,2026-09-13T11:00:00.000Z,1.34,1.3422,1.338,1.3422,268863,
1789297500000,2026-09-13T11:05:00.000Z,1.3422,1.3424,1.3392,1.34,313468,
1789297800000,2026-09-13T11:10:00.000Z,1.34,1.3405,1.3389,1.3389,53304,
1789298100000,2026-09-13T11:15:00.000Z,1.3389,1.3403,1.3386,1.3401,127297,
1789298400000,2026-09-13T11:20:00.000Z,1.3401,1.3418,1.3397,1.3416,154890,
1789298700000,2026-09-13T11:25:00.000Z,1.3416,1.342,1.3411,1.3411,127313,
1789299000000,2026-09-13T11:30:00.000Z,1.3411,1.3422,1.341,1.342,77441,
1789299300000,2026-09-13T11:35:00.000Z,1.342,1.3424,1.342,1.3424,706994,
1789299600000,2026-09-13T11:40:00.000Z,1.3424,1.3424,1.342,1.3424,518354,
1789299900000,2026-09-13T11:45:00.000Z,1.3424,1.3425,1.3421,1.3425,155115,
1789300200000,2026-09-13T11:50:00.000Z,1.3425,1.3433,1.3424,1.3429,392466,
1789300500000,2026-09-13T11:55:00.000Z,1.3429,1.343,1.3421,1.3427,75973,
1789300800000,2026-09-13T12:00:00.000Z,1.3427,1.3427,1.341,1.3415,105093,
1789301100000,2026-09-13T12:05:00.000Z,1.3415,1.3415,1.3406,1.3407,89277,
1789301400000,2026-09-13T12:10:00.000Z,1.3407,1.3419,1.3407,1.3415,68772,
1789301700000,2026-09-13T12:15:00.000Z,1.3415,1.3423,1.3415,1.3423,54396,
1789302000000,2026-09-13T12:20:00.000Z,1.3423,1.3426,1.3414,1.3422,134421,
1789302300000,2026-09-13T12:25:00.000Z,1.3422,1.3428,1.3417,1.3417,37573,
1789302600000,2026-09-13T12:30:00.000Z,1.3417,1.3431,1.3409,1.3412,376491,
1789302900000,2026-09-13T12:35:00.000Z,1.3412,1.3414,1.3388,1.3397,382909,
1789303200000,2026-09-13T12:40:00.000Z,1.3397,1.3398,1.3366,1.3373,527367,
1789303500000,2026-09-13T12:45:00.000Z,1.3373,1.3376,1.3356,1.3376,648172,
1789303800000,2026-09-13T12:50:00.000Z,1.3376,1.3393,1.3374,1.3389,320789,
1789304100000,2026-09-13T12:55:00.000Z,1.3389,1.3401,1.3388,1.3395,449298,
1789304400000,2026-09-13T13:00:00.000Z,1.3395,1.3396,1.3386,1.3386,93035,
1789304700000,2026-09-13T13:05:00.000Z,1.3386,1.3397,1.3379,1.3397,41223,
1789305000000,2026-09-13T13:10:00.000Z,1.3397,1.3405,1.3394,1.3402,40722,
1789305300000,2026-09-13T13:15:00.000Z,1.3402,1.3405,1.338,1.338,94225,
1789305600000,2026-09-13T13:20:00.000Z,1.338,1.3381,1.3318,1.3348,1198893,
1789305900000,2026-09-13T13:25:00.000Z,1.3348,1.3349,1.3314,1.3332,683421,
1789306200000,2026-09-13T13:30:00.000Z,1.3332,1.3354,1.3328,1.3349,208023,
1789306500000,2026-09-13T13:35:00.000Z,1.3349,1.3368,1.3349,1.3367,105543,
1789306800000,2026-09-13T13:40:00.000Z,1.3367,1.3384,1.3358,1.3381,378722,
1789307100000,2026-09-13T13:45:00.000Z,1.3381,1.3413,1.3381,1.3411,339600,
1789307400000,2026-09-13T13:50:00.000Z,1.3411,1.3425,1.3403,1.3415,439083,
1789307700000,2026-09-13T13:55:00.000Z,1.3415,1.342,1.3406,1.3415,230152,
1789308000000,2026-09-13T14:00:00.000Z,1.3415,1.3433,1.3414,1.3423,360915,
1789308300000,2026-09-13T14:05:00.000Z,1.3423,1.345,1.3422,1.3447,303699,
1789308600000,2026-09-13T14:10:00.000Z,1.3447,1.3453,1.3439,1.3452,263286,
1789308900000,2026-09-13T14:15:00.000Z,1.3452,1.3488,1.345,1.347,551850,
1789309200000,2026-09-13T14:20:00.000Z,1.347,1.3477,1.3466,1.3476,384354,
1789309500000,2026-09-13T14:25:00.000Z,1.3476,1.3488,1.3468,1.3481,354610,
1789309800000,2026-09-13T14:30:00.000Z,1.3481,1.3486,1.3472,1.3477,310295,
1789310100000,2026-09-13T14:35:00.000Z,1.3477,1.3517,1.3472,1.3501,538716,
1789310400000,2026-09-13T14:40:00.000Z,1.3501,1.353,1.3488,1.3529,719918,
1789310700000,2026-09-13T14:45:00.000Z,1.3529,1.3537,1.3508,1.3508,410915,
1789311000000,2026-09-13T14:50:00.000Z,1.3508,1.3516,1.3499,1.3513,302162,
1789311300000,2026-09-13T14:55:00.000Z,1.3513,1.3513,1.3494,1.3498,776444,
1789311600000,2026-09-13T15:00:00.000Z,1.3498,1.3501,1.3466,1.347,423733,
1789311900000,2026-09-13T15:05:00.000Z,1.347,1.3477,1.3462,1.3472,159627,
1789312200000,2026-09-13T15:10:00.000Z,1.3472,1.3472,1.3463,1.3465,72502,
1789312500000,2026-09-13T15:15:00.000Z,1.3465,1.3466,1.3438,1.3442,389682,
1789312800000,2026-09-13T15:20:00.000Z,1.3442,1.3473,1.3442,1.3467,152811,
1789313100000,2026-09-13T15:25:00.000Z,1.3467,1.3467,1.3428,1.3432,138043,
1789313400000,2026-09-13T15:30:00.000Z,1.3432,1.3449,1.3431,1.3447,89417,
1789313700000,2026-09-13T15:35:00.000Z,1.3447,1.345,1.3433,1.3442,121106,
1789314000000,2026-09-13T15:40:00.000Z,1.3442,1.345,1.3427,1.3445,124801,
1789314300000,2026-09-13T15:45:00.000Z,1.3445,1.3449,1.3431,1.3444,71945,
1789314600000,2026-09-13T15:50:00.000Z,1.3444,1.3451,1.3431,1.344,34881,
1789314900000,2026-09-13T15:55:00.000Z,1.344,1.344,1.3427,1.3428,78164,
1789315200000,2026-09-13T16:00:00.000Z,1.3428,1.3455,1.3426,1.3445,69937,
1789315500000,2026-09-13T16:05:00.000Z,1.3445,1.3475,1.3442,1.3473,546591,
1789315800000,2026-09-13T16:10:00.000Z,1.3473,1.349,1.3464,1.3464,327320,
1789316100000,2026-09-13T16:15:00.000Z,1.3464,1.3475,1.346,1.3474,63488,
1789316400000,2026-09-13T16:20:00.000Z,1.3474,1.348,1.347,1.3478,33928,
1789316700000,2026-09-13T16:25:00.000Z,1.3478,1.3485,1.3471,1.3473,30032,
1789317000000,2026-09-13T16:30:00.000Z,1.3473,1.3482,1.3472,1.3472,41292,
1789317300000,2026-09-13T16:35:00.000Z,1.3472,1.3473,1.3463,1.3472,40349,
1789317600000,2026-09-13T16:40:00.000Z,1.3472,1.3497,1.3471,1.3496,106163,
1789317900000,2026-09-13T16:45:00.000Z,1.3496,1.3497,1.3483,1.3484,54481,
1789318200000,2026-09-13T16:50:00.000Z,1.3484,1.3505,1.3481,1.3503,703140,
1789318500000,2026-09-13T16:55:00.000Z,1.3503,1.351,1.3501,1.3507,182716,
1789318800000,2026-09-13T17:00:00.000Z,1.3507,1.3525,1.3506,1.3525,144485,
1789319100000,2026-09-13T17:05:00.000Z,1.3525,1.3536,1.3519,1.3529,259491,
1789319400000,2026-09-13T17:10:00.000Z,1.3529,1.3567,1.3529,1.3539,595618,
1789319700000,2026-09-13T17:15:00.000Z,1.3539,1.3552,1.3534,1.3545,499449,
1789320000000,2026-09-13T17:20:00.000Z,1.3545,1.3552,1.3532,1.3535,96888,
1789320300000,2026-09-13T17:25:00.000Z,1.3535,1.355,1.3535,1.3544,47132,
1789320600000,2026-09-13T17:30:00.000Z,1.3544,1.3544,1.3522,1.3525,163775,
1789320900000,2026-09-13T17:35:00.000Z,1.3525,1.3536,1.3516,1.3529,103624,
1789321200000,2026-09-13T17:40:00.000Z,1.3529,1.3536,1.3527,1.3531,34278,
1789321500000,2026-09-13T17:45:00.000Z,1.3531,1.3552,1.3531,1.3551,97621,
1789321800000,2026-09-13T17:50:00.000Z,1.3551,1.3558,1.3545,1.3548,50224,
1789322100000,2026-09-13T17:55:00.000Z,1.3548,1.3554,1.3547,1.3549,37215,
1789322400000,2026-09-13T18:00:00.000Z,1.3549,1.3552,1.3541,1.3543,92787,
1789322700000,2026-09-13T18:05:00.000Z,1.3543,1.3544,1.3538,1.354,77101,
1789323000000,2026-09-13T18:10:00.000Z,1.354,1.355,1.3533,1.355,24736,
1789323300000,2026-09-13T18:15:00.000Z,1.355,1.3572,1.355,1.3559,118936,
1789323600000,2026-09-13T18:20:00.000Z,1.3559,1.3577,1.3558,1.3571,230147,
1789323900000,2026-09-13T18:25:00.000Z,1.3571,1.3572,1.3561,1.3561,61378,
1789324200000,2026-09-13T18:30:00.000Z,1.3561,1.3574,1.3552,1.3563,235303,
1789324500000,2026-09-13T18:35:00.000Z,1.3563,1.3569,1.3561,1.3569,45472,
1789324800000,2026-09-13T18:40:00.000Z,1.3569,1.357,1.3563,1.3563,54435,
1789325100000,2026-09-13T18:45:00.000Z,1.3563,1.3587,1.3563,1.358,651803,
1789325400000,2026-09-13T18:50:00.000Z,1.358,1.3599,1.358,1.3592,314411,
1789325700000,2026-09-13T18:55:00.000Z,1.3592,1.3592,1.3574,1.3576,102577,
1789326000000,2026-09-13T19:00:00.000Z,1.3576,1.3587,1.3573,1.3583,64636,
1789326300000,2026-09-13T19:05:00.000Z,1.3583,1.3594,1.3562,1.3563,86579,
1789326600000,2026-09-13T19:10:00.000Z,1.3563,1.3564,1.3541,1.3546,165341,
1789326900000,2026-09-13T19:15:00.000Z,1.3546,1.3548,1.3534,1.3534,234847,
1789327200000,2026-09-13T19:20:00.000Z,1.3534,1.3542,1.3526,1.3542,94514,
1789327500000,2026-09-13T19:25:00.000Z,1.3542,1.3548,1.3539,1.3539,76183,
1789327800000,2026-09-13T19:30:00.000Z,1.3539,1.3546,1.3528,1.3532,277097,
1789328100000,2026-09-13T19:35:00.000Z,1.3532,1.3543,1.3528,1.3534,63526,
1789328400000,2026-09-13T19:40:00.000Z,1.3534,1.3537,1.3533,1.3536,62593,
1789328700000,2026-09-13T19:45:00.000Z,1.3536,1.3542,1.3534,1.3534,33014,
1789329000000,2026-09-13T19:50:00.000Z,1.3534,1.3539,1.353,1.3539,141427,
1789329300000,2026-09-13T19:55:00.000Z,1.3539,1.3546,1.3539,1.3545,33229,
1789329600000,2026-09-13T20:00:00.000Z,1.3545,1.3552,1.3545,1.3548,60392,
1789329900000,2026-09-13T20:05:00.000Z,1.3548,1.3563,1.3548,1.3563,33930,
1789330200000,2026-09-13T20:10:00.000Z,1.3563,1.3573,1.3556,1.3565,22283,
1789330500000,2026-09-13T20:15:00.000Z,1.3565,1.357,1.3562,1.3569,23084,
1789330800000,2026-09-13T20:20:00.000Z,1.3569,1.3579,1.3568,1.3575,86175,
1789331100000,2026-09-13T20:25:00.000Z,1.3575,1.3585,1.3573,1.3582,91524,
1789331400000,2026-09-13T20:30:00.000Z,1.3582,1.3596,1.3579,1.3589,148620,
1789331700000,2026-09-13T20:35:00.000Z,1.3589,1.3591,1.3574,1.3578,47263,
1789332000000,2026-09-13T20:40:00.000Z,1.3578,1.3581,1.3569,1.3581,129409,
1789332300000,2026-09-13T20:45:00.000Z,1.3581,1.3606,1.3581,1.3593,481520,
1789332600000,2026-09-13T20:50:00.000Z,1.3593,1.3603,1.3588,1.3602,103919,
1789332900000,2026-09-13T20:55:00.000Z,1.3602,1.3614,1.3598,1.3603,215957,
1789333200000,2026-09-13T21:00:00.000Z,1.3603,1.3612,1.3597,1.3597,81570,
1789333500000,2026-09-13T21:05:00.000Z,1.3597,1.3606,1.3594,1.3603,266095,
1789333800000,2026-09-13T21:10:00.000Z,1.3603,1.3622,1.3598,1.3602,661727,
1789334100000,2026-09-13T21:15:00.000Z,1.3602,1.3609,1.3593,1.3593,117994,
1789334400000,2026-09-13T21:20:00.000Z,1.3593,1.3593,1.3585,1.3589,174453,
1789334700000,2026-09-13T21:25:00.000Z,1.3589,1.3589,1.3576,1.3579,135618,
1789335000000,2026-09-13T21:30:00.000Z,1.3579,1.3584,1.3568,1.3574,167534,
1789335300000,2026-09-13T21:35:00.000Z,1.3574,1.3577,1.3562,1.3565,229046,
1789335600000,2026-09-13T21:40:00.000Z,1.3565,1.3584,1.3565,1.3574,307459,
1789335900000,2026-09-13T21:45:00.000Z,1.3574,1.3581,1.3571,1.3574,60050,
1789336200000,2026-09-13T21:50:00.000Z,1.3574,1.3574,1.3562,1.3567,65964,
1789336500000,2026-09-13T21:55:00.000Z,1.3567,1.358,1.3564,1.3566,185485,
1789336800000,2026-09-13T22:00:00.000Z,1.3566,1.3566,1.3458,1.3476,1808749,
1789337100000,2026-09-13T22:05:00.000Z,1.3476,1.3484,1.3385,1.3433,2057934,
1789337400000,2026-09-13T22:10:00.000Z,1.3433,1.3446,1.3415,1.3419,256831,
1789337700000,2026-09-13T22:15:00.000Z,1.3419,1.3421,1.3343,1.3379,1121160,
1789338000000,2026-09-13T22:20:00.000Z,1.3379,1.3383,1.3345,1.3352,397435,
1789338300000,2026-09-13T22:25:00.000Z,1.3352,1.3384,1.3331,1.3376,467032,
1789338600000,2026-09-13T22:30:00.000Z,1.3376,1.3412,1.3352,1.3394,1139598,
1789338900000,2026-09-13T22:35:00.000Z,1.3394,1.3432,1.3378,1.3412,1273411,
1789339200000,2026-09-13T22:40:00.000Z,1.3412,1.3412,1.3373,1.3377,420856,
1789339500000,2026-09-13T22:45:00.000Z,1.3377,1.34,1.3371,1.3397,287757,
1789339800000,2026-09-13T22:50:00.000Z,1.3397,1.3402,1.3381,1.3388,211110,
1789340100000,2026-09-13T22:55:00.000Z,1.3388,1.3388,1.3352,1.3369,963408,
1789340400000,2026-09-13T23:00:00.000Z,1.3369,1.3414,1.3366,1.3395,292395,
1789340700000,2026-09-13T23:05:00.000Z,1.3395,1.3406,1.3383,1.3391,674971,
1789341000000,2026-09-13T23:10:00.000Z,1.3391,1.3404,1.3381,1.3387,552967,
1789341300000,2026-09-13T23:15:00.000Z,1.3387,1.3397,1.3371,1.3387,969803,
1789341600000,2026-09-13T23:20:00.000Z,1.3387,1.3426,1.3387,1.3426,342182,
1789341900000,2026-09-13T23:25:00.000Z,1.3426,1.3431,1.3399,1.3406,109966,
1789342200000,2026-09-13T23:30:00.000Z,1.3406,1.344,1.3402,1.3425,1017503,
1789342500000,2026-09-13T23:35:00.000Z,1.3425,1.343,1.3405,1.3414,656342,
1789342800000,2026-09-13T23:40:00.000Z,1.3414,1.3435,1.3408,1.3425,1282649,
1789343100000,2026-09-13T23:45:00.000Z,1.3425,1.3432,1.3411,1.3411,240201,
1789343400000,2026-09-13T23:50:00.000Z,1.3411,1.3415,1.34,1.3404,315938,
1789343700000,2026-09-13T23:55:00.000Z,1.3404,1.3412,1.3388,1.3404,190766,
1789344000000,2026-09-14T00:00:00.000Z,1.3404,1.3425,1.3403,1.3403,63407,
1789344300000,2026-09-14T00:05:00.000Z,1.3403,1.3501,1.3402,1.3465,781069,
1789344600000,2026-09-14T00:10:00.000Z,1.3465,1.3467,1.3442,1.345,142763,
1789344900000,2026-09-14T00:15:00.000Z,1.345,1.3473,1.3448,1.3461,208627,
1789345200000,2026-09-14T00:20:00.000Z,1.3461,1.3461,1.3415,1.3422,170193,
1789345500000,2026-09-14T00:25:00.000Z,1.3422,1.3424,1.3338,1.3373,654011,
1789345800000,2026-09-14T00:30:00.000Z,1.3373,1.3476,1.3362,1.3458,708547,
1789346100000,2026-09-14T00:35:00.000Z,1.3458,1.3462,1.3442,1.3445,203578,
1789346400000,2026-09-14T00:40:00.000Z,1.3445,1.3459,1.3442,1.345,80800,
1789346700000,2026-09-14T00:45:00.000Z,1.345,1.3468,1.3438,1.3438,353045,
1789347000000,2026-09-14T00:50:00.000Z,1.3438,1.3462,1.3434,1.3458,288605,
1789347300000,2026-09-14T00:55:00.000Z,1.3458,1.3482,1.3455,1.3464,213128,
1789347600000,2026-09-14T01:00:00.000Z,1.3464,1.348,1.3452,1.3463,210919,
1789347900000,2026-09-14T01:05:00.000Z,1.3463,1.3479,1.3436,1.3479,489484,
1789348200000,2026-09-14T01:10:00.000Z,1.3479,1.3496,1.3454,1.3456,427592,
1789348500000,2026-09-14T01:15:00.000Z,1.3456,1.3456,1.3416,1.3419,505718,
1789348800000,2026-09-14T01:20:00.000Z,1.3419,1.3437,1.3403,1.3422,251495,
1789349100000,2026-09-14T01:25:00.000Z,1.3422,1.3469,1.3413,1.3449,475479,
1789349400000,2026-09-14T01:30:00.000Z,1.3449,1.3455,1.3376,1.3378,539269,
1789349700000,2026-09-14T01:35:00.000Z,1.3378,1.3439,1.3374,1.3439,444218,
1789350000000,2026-09-14T01:40:00.000Z,1.3439,1.3467,1.342,1.3421,547467,
1789350300000,2026-09-14T01:45:00.000Z,1.3421,1.345,1.3409,1.3439,231498,
1789350600000,2026-09-14T01:50:00.000Z,1.3439,1.3471,1.3419,1.3471,513159,
1789350900000,2026-09-14T01:55:00.000Z,1.3471,1.3529,1.346,1.3511,1014721,
1789351200000,2026-09-14T02:00:00.000Z,1.3511,1.3513,1.3492,1.3498,307591,
1789351500000,2026-09-14T02:05:00.000Z,1.3498,1.355,1.3493,1.355,1315925,
1789351800000,2026-09-14T02:10:00.000Z,1.355,1.3598,1.3544,1.359,1363783,
1789352100000,2026-09-14T02:15:00.000Z,1.359,1.359,1.3563,1.3574,764254,
1789352400000,2026-09-14T02:20:00.000Z,1.3574,1.3637,1.3563,1.363,942001,
1789352700000,2026-09-14T02:25:00.000Z,1.363,1.3663,1.3617,1.3619,1122508,
1789353000000,2026-09-14T02:30:00.000Z,1.3619,1.3653,1.3619,1.3631,408326,
1789353300000,2026-09-14T02:35:00.000Z,1.3631,1.3632,1.3596,1.3597,773950,
1789353600000,2026-09-14T02:40:00.000Z,1.3597,1.3609,1.3584,1.3602,503320,
1789353900000,2026-09-14T02:45:00.000Z,1.3602,1.3642,1.3602,1.3635,264618,
1789354200000,2026-09-14T02:50:00.000Z,1.3635,1.373,1.363,1.3723,1819713,
1789354500000,2026-09-14T02:55:00.000Z,1.3723,1.3732,1.3691,1.3694,837112,
1789354800000,2026-09-14T03:00:00.000Z,1.3694,1.3709,1.3677,1.3684,403154,
1789355100000,2026-09-14T03:05:00.000Z,1.3684,1.3731,1.3684,1.3729,735826,
1789355400000,2026-09-14T03:10:00.000Z,1.3729,1.3757,1.372,1.3748,1707644,
1789355700000,2026-09-14T03:15:00.000Z,1.3748,1.377,1.3721,1.3727,585419,
1789356000000,2026-09-14T03:20:00.000Z,1.3727,1.3757,1.3727,1.375,288392,
1789356300000,2026-09-14T03:25:00.000Z,1.375,1.3781,1.3739,1.3766,1039396,
1789356600000,2026-09-14T03:30:00.000Z,1.3766,1.3778,1.3742,1.3749,513734,
1789356900000,2026-09-14T03:35:00.000Z,1.3749,1.3803,1.3739,1.3758,1088921,
1789357200000,2026-09-14T03:40:00.000Z,1.3758,1.3761,1.3732,1.3738,337777,
1789357500000,2026-09-14T03:45:00.000Z,1.3738,1.374,1.371,1.3712,379251,
1789357800000,2026-09-14T03:50:00.000Z,1.3712,1.373,1.3691,1.3724,374567,
1789358100000,2026-09-14T03:55:00.000Z,1.3724,1.3734,1.371,1.372,178505,
1789358400000,2026-09-14T04:00:00.000Z,1.372,1.3733,1.3712,1.3729,161442,
1789358700000,2026-09-14T04:05:00.000Z,1.3729,1.3756,1.3726,1.3733,807715,
1789359000000,2026-09-14T04:10:00.000Z,1.3733,1.3737,1.3705,1.3719,176197,
1789359300000,2026-09-14T04:15:00.000Z,1.3719,1.3738,1.371,1.3731,787383,
1789359600000,2026-09-14T04:20:00.000Z,1.3731,1.3782,1.3731,1.3757,1187347,
1789359900000,2026-09-14T04:25:00.000Z,1.3757,1.3763,1.3723,1.3732,621142,
1789360200000,2026-09-14T04:30:00.000Z,1.3732,1.3743,1.3708,1.3735,692535,
1789360500000,2026-09-14T04:35:00.000Z,1.3735,1.3754,1.3732,1.3746,220525,
1789360800000,2026-09-14T04:40:00.000Z,1.3746,1.3765,1.3746,1.3757,496667,
1789361100000,2026-09-14T04:45:00.000Z,1.3757,1.3798,1.3753,1.3774,1216111,
1789361400000,2026-09-14T04:50:00.000Z,1.3774,1.3783,1.3759,1.3764,265144,
1789361700000,2026-09-14T04:55:00.000Z,1.3764,1.3767,1.3746,1.3762,307322,
1789362000000,2026-09-14T05:00:00.000Z,1.3762,1.3768,1.3738,1.3738,246424,
1789362300000,2026-09-14T05:05:00.000Z,1.3738,1.3764,1.3738,1.3758,263865,
1789362600000,2026-09-14T05:10:00.000Z,1.3758,1.378,1.3745,1.3775,210175,
1789362900000,2026-09-14T05:15:00.000Z,1.3775,1.3777,1.3755,1.3766,378811,
1789363200000,2026-09-14T05:20:00.000Z,1.3766,1.3779,1.3754,1.3754,188267,
1789363500000,2026-09-14T05:25:00.000Z,1.3754,1.376,1.3744,1.3747,305053,
1789363800000,2026-09-14T05:30:00.000Z,1.3747,1.3755,1.3742,1.3752,281507,
1789364100000,2026-09-14T05:35:00.000Z,1.3752,1.3787,1.3752,1.3787,283629,
1789364400000,2026-09-14T05:40:00.000Z,1.3787,1.3808,1.3771,1.3775,609544,
1789364700000,2026-09-14T05:45:00.000Z,1.3775,1.378,1.3761,1.3765,174180,
1789365000000,2026-09-14T05:50:00.000Z,1.3765,1.378,1.3753,1.3779,353364,
1789365300000,2026-09-14T05:55:00.000Z,1.3779,1.3802,1.3773,1.3793,817207,
1789365600000,2026-09-14T06:00:00.000Z,1.3793,1.3829,1.3789,1.3823,896284,
1789365900000,2026-09-14T06:05:00.000Z,1.3823,1.3867,1.3822,1.3833,1426092,
1789366200000,2026-09-14T06:10:00.000Z,1.3833,1.3877,1.3833,1.384,1292808,
1789366500000,2026-09-14T06:15:00.000Z,1.384,1.3851,1.3829,1.3829,522143,
1789366800000,2026-09-14T06:20:00.000Z,1.3829,1.3833,1.3817,1.3828,226369,
1789367100000,2026-09-14T06:25:00.000Z,1.3828,1.3832,1.3804,1.3804,338595,
1789367400000,2026-09-14T06:30:00.000Z,1.3804,1.3812,1.3736,1.3774,1702369,
1789367700000,2026-09-14T06:35:00.000Z,1.3774,1.38,1.377,1.38,752512,
1789368000000,2026-09-14T06:40:00.000Z,1.38,1.385,1.3799,1.3834,2356570,
1789368300000,2026-09-14T06:45:00.000Z,1.3834,1.3855,1.3827,1.3845,2081564,
1789368600000,2026-09-14T06:50:00.000Z,1.3845,1.387,1.3839,1.3868,385233,
1789368900000,2026-09-14T06:55:00.000Z,1.3868,1.3878,1.3851,1.3856,527026,
1789369200000,2026-09-14T07:00:00.000Z,1.3856,1.3895,1.3834,1.3893,1514123,
1789369500000,2026-09-14T07:05:00.000Z,1.3893,1.3899,1.3852,1.3867,920816,
1789369800000,2026-09-14T07:10:00.000Z,1.3867,1.3867,1.3843,1.3859,364399,
1789370100000,2026-09-14T07:15:00.000Z,1.3859,1.3891,1.3852,1.3884,793201,
1789370400000,2026-09-14T07:20:00.000Z,1.3884,1.3886,1.3865,1.3875,194205,
1789370700000,2026-09-14T07:25:00.000Z,1.3875,1.3886,1.3858,1.3858,268625,
1789371000000,2026-09-14T07:30:00.000Z,1.3858,1.3869,1.3847,1.3849,474164,
1789371300000,2026-09-14T07:35:00.000Z,1.3849,1.3877,1.3849,1.3861,243268,
1789371600000,2026-09-14T07:40:00.000Z,1.3861,1.3895,1.3861,1.3883,1083699,
1789371900000,2026-09-14T07:45:00.000Z,1.3883,1.3892,1.3851,1.3891,1171338,
1789372200000,2026-09-14T07:50:00.000Z,1.3891,1.3897,1.3877,1.3878,364648,
1789372500000,2026-09-14T07:55:00.000Z,1.3878,1.3899,1.3871,1.3899,932173,
1789372800000,2026-09-14T08:00:00.000Z,1.3899,1.39,1.3833,1.3837,1377871,
1789373100000,2026-09-14T08:05:00.000Z,1.3837,1.3883,1.3837,1.3881,934402,
1789373400000,2026-09-14T08:10:00.000Z,1.3881,1.39,1.385,1.3862,2011185,
1789373700000,2026-09-14T08:15:00.000Z,1.3862,1.3873,1.3845,1.3858,904721,
1789374000000,2026-09-14T08:20:00.000Z,1.3858,1.3917,1.3858,1.3915,1624948,
1789374300000,2026-09-14T08:25:00.000Z,1.3915,1.3932,1.3861,1.3861,2482306,
1789374600000,2026-09-14T08:30:00.000Z,1.3861,1.3885,1.3853,1.3864,805990,
1789374900000,2026-09-14T08:35:00.000Z,1.3864,1.3874,1.386,1.3862,328672,
1789375200000,2026-09-14T08:40:00.000Z,1.3862,1.387,1.3851,1.3852,116805,
1789375500000,2026-09-14T08:45:00.000Z,1.3852,1.3856,1.3838,1.3843,514147,
1789375800000,2026-09-14T08:50:00.000Z,1.3843,1.3861,1.3838,1.3839,151581,
1789376100000,2026-09-14T08:55:00.000Z,1.3839,1.3848,1.3839,1.3847,123599,
1789376400000,2026-09-14T09:00:00.000Z,1.3847,1.3869,1.3847,1.3867,1745581,
1789376700000,2026-09-14T09:05:00.000Z,1.3867,1.3878,1.3853,1.3859,853905,
1789377000000,2026-09-14T09:10:00.000Z,1.3859,1.3866,1.3838,1.3843,166713,
1789377300000,2026-09-14T09:15:00.000Z,1.3843,1.3858,1.3817,1.3853,1427753,
1789377600000,2026-09-14T09:20:00.000Z,1.3853,1.3867,1.3818,1.3827,1482909,
1789377900000,2026-09-14T09:25:00.000Z,1.3827,1.3867,1.3806,1.3862,1318180,
1789378200000,2026-09-14T09:30:00.000Z,1.3862,1.3893,1.3862,1.3875,1430322,
1789378500000,2026-09-14T09:35:00.000Z,1.3875,1.3876,1.3863,1.3874,710819,
1789378800000,2026-09-14T09:40:00.000Z,1.3874,1.3929,1.3874,1.3914,939099,
1789379100000,2026-09-14T09:45:00.000Z,1.3914,1.3952,1.3908,1.3947,720330,
1789379400000,2026-09-14T09:50:00.000Z,1.3947,1.4093,1.3947,1.407,4180437,
1789379700000,2026-09-14T09:55:00.000Z,1.407,1.4082,1.4014,1.4023,3108838,
1789380000000,2026-09-14T10:00:00.000Z,1.4023,1.4065,1.3984,1.4054,1435924,
1789380300000,2026-09-14T10:05:00.000Z,1.4054,1.408,1.4027,1.4027,1893662,
1789380600000,2026-09-14T10:10:00.000Z,1.4027,1.403,1.4002,1.4009,657704,
1789380900000,2026-09-14T10:15:00.000Z,1.4009,1.4013,1.3968,1.3992,1003786,
1789381200000,2026-09-14T10:20:00.000Z,1.3992,1.3992,1.3966,1.3966,634898,
1789381500000,2026-09-14T10:25:00.000Z,1.3966,1.3971,1.3942,1.395,1030858,
1789381800000,2026-09-14T10:30:00.000Z,1.395,1.3958,1.3945,1.3947,465102,
1789382100000,2026-09-14T10:35:00.000Z,1.3947,1.3974,1.3941,1.3949,307928,
1789382400000,2026-09-14T10:40:00.000Z,1.3949,1.3994,1.3949,1.3993,1198547,
1789382700000,2026-09-14T10:45:00.000Z,1.3993,1.4019,1.3993,1.4019,275666,
1789383000000,2026-09-14T10:50:00.000Z,1.4019,1.4031,1.3973,1.3985,2033024,
1789383300000,2026-09-14T10:55:00.000Z,1.3985,1.4,1.3957,1.3963,882810,
1789383600000,2026-09-14T11:00:00.000Z,1.3963,1.3998,1.3958,1.3974,1138337,
1789383900000,2026-09-14T11:05:00.000Z,1.3974,1.3981,1.3938,1.3949,712401,
1789384200000,2026-09-14T11:10:00.000Z,1.3949,1.3977,1.3945,1.3966,624179,
1789384500000,2026-09-14T11:15:00.000Z,1.3966,1.3993,1.3966,1.399,667962,
1789384800000,2026-09-14T11:20:00.000Z,1.399,1.4021,1.399,1.4021,451646,
1789385100000,2026-09-14T11:25:00.000Z,1.4021,1.4051,1.4021,1.4041,761713,
1789385400000,2026-09-14T11:30:00.000Z,1.4041,1.4059,1.3991,1.4,2787453,
1789385700000,2026-09-14T11:35:00.000Z,1.4,1.402,1.3992,1.4001,515268,
1789386000000,2026-09-14T11:40:00.000Z,1.4001,1.4016,1.3989,1.4,522119,
1789386300000,2026-09-14T11:45:00.000Z,1.4,1.4008,1.3992,1.3994,178418,
1789386600000,2026-09-14T11:50:00.000Z,1.3994,1.3994,1.3963,1.3964,688626,
1789386900000,2026-09-14T11:55:00.000Z,1.3964,1.3988,1.3959,1.3981,1184652,
1789387200000,2026-09-14T12:00:00.000Z,1.3981,1.3994,1.3973,1.3975,458890,
1789387500000,2026-09-14T12:05:00.000Z,1.3975,1.3981,1.3962,1.3971,505499,
1789387800000,2026-09-14T12:10:00.000Z,1.3971,1.3982,1.396,1.3973,128285,
1789388100000,2026-09-14T12:15:00.000Z,1.3973,1.3992,1.3959,1.3982,438756,
1789388400000,2026-09-14T12:20:00.000Z,1.3982,1.3987,1.3963,1.3972,978403,
1789388700000,2026-09-14T12:25:00.000Z,1.3972,1.399,1.395,1.3985,827723,
1789389000000,2026-09-14T12:30:00.000Z,1.3985,1.4039,1.3977,1.4009,1237698,
1789389300000,2026-09-14T12:35:00.000Z,1.4009,1.4009,1.3953,1.4,842087,
1789389600000,2026-09-14T12:40:00.000Z,1.4,1.4029,1.3968,1.4017,1507305,
1789389900000,2026-09-14T12:45:00.000Z,1.4017,1.4032,1.3976,1.3984,1012394,
1789390200000,2026-09-14T12:50:00.000Z,1.3984,1.3993,1.393,1.3935,1229172,
1789390500000,2026-09-14T12:55:00.000Z,1.3935,1.3951,1.3918,1.3944,1415526,
1789390800000,2026-09-14T13:00:00.000Z,1.3944,1.395,1.3889,1.3893,2153429,
1789391100000,2026-09-14T13:05:00.000Z,1.3893,1.3905,1.3822,1.3871,3256820,
1789391400000,2026-09-14T13:10:00.000Z,1.3871,1.3932,1.3869,1.3896,2059460,
1789391700000,2026-09-14T13:15:00.000Z,1.3896,1.3957,1.3893,1.3921,2606140,
1789392000000,2026-09-14T13:20:00.000Z,1.3921,1.394,1.3913,1.3919,769530,
1789392300000,2026-09-14T13:25:00.000Z,1.3919,1.3935,1.3909,1.3933,452302,
1789392600000,2026-09-14T13:30:00.000Z,1.3933,1.4013,1.3923,1.4008,1866645,
1789392900000,2026-09-14T13:35:00.000Z,1.4008,1.4012,1.3895,1.394,1422605,
1789393200000,2026-09-14T13:40:00.000Z,1.394,1.3955,1.3919,1.3947,548913,
1789393500000,2026-09-14T13:45:00.000Z,1.3947,1.4018,1.3937,1.4011,917227,
1789393800000,2026-09-14T13:50:00.000Z,1.4011,1.4027,1.3956,1.3965,736859,
1789394100000,2026-09-14T13:55:00.000Z,1.3965,1.3965,1.393,1.394,1274590,
1789394400000,2026-09-14T14:00:00.000Z,1.394,1.401,1.3934,1.4001,1328254,
1789394700000,2026-09-14T14:05:00.000Z,1.4001,1.4004,1.3956,1.3966,1269306,
1789395000000,2026-09-14T14:10:00.000Z,1.3966,1.4033,1.3966,1.4007,1970965,
1789395300000,2026-09-14T14:15:00.000Z,1.4007,1.4047,1.3995,1.4046,688050,
1789395600000,2026-09-14T14:20:00.000Z,1.4046,1.4047,1.396,1.3962,1675940,
1789395900000,2026-09-14T14:25:00.000Z,1.3962,1.4018,1.3939,1.3999,1320992,
1789396200000,2026-09-14T14:30:00.000Z,1.3999,1.4046,1.399,1.4009,1033801,
1789396500000,2026-09-14T14:35:00.000Z,1.4009,1.4009,1.3954,1.3964,1234107,
1789396800000,2026-09-14T14:40:00.000Z,1.3964,1.398,1.3952,1.3972,649713,
1789397100000,2026-09-14T14:45:00.000Z,1.3972,1.401,1.3963,1.4005,1166279,
1789397400000,2026-09-14T14:50:00.000Z,1.4005,1.4009,1.3965,1.4005,900193,
1789397700000,2026-09-14T14:55:00.000Z,1.4005,1.4005,1.3975,1.3993,808731,
1789398000000,2026-09-14T15:00:00.000Z,1.3993,1.3993,1.3934,1.3937,1064091,
1789398300000,2026-09-14T15:05:00.000Z,1.3937,1.3999,1.3916,1.3978,1543920,
1789398600000,2026-09-14T15:10:00.000Z,1.3978,1.3989,1.395,1.3978,327325,
1789398900000,2026-09-14T15:15:00.000Z,1.3978,1.3999,1.396,1.3996,232760,
1789399200000,2026-09-14T15:20:00.000Z,1.3996,1.4012,1.3985,1.3996,1159689,
1789399500000,2026-09-14T15:25:00.000Z,1.3996,1.4001,1.3979,1.3979,160366,
1789399800000,2026-09-14T15:30:00.000Z,1.3979,1.4053,1.3974,1.4027,2584837,
1789400100000,2026-09-14T15:35:00.000Z,1.4027,1.4033,1.3994,1.4009,953669,
1789400400000,2026-09-14T15:40:00.000Z,1.4009,1.4066,1.4007,1.4043,1602382,
1789400700000,2026-09-14T15:45:00.000Z,1.4043,1.4048,1.3997,1.4024,852931,
1789401000000,2026-09-14T15:50:00.000Z,1.4024,1.406,1.4019,1.4042,1175947,
1789401300000,2026-09-14T15:55:00.000Z,1.4042,1.4053,1.4017,1.4027,1297895,
1789401600000,2026-09-14T16:00:00.000Z,1.4027,1.4041,1.401,1.4012,236159,
1789401900000,2026-09-14T16:05:00.000Z,1.4012,1.4032,1.4012,1.4032,466325,
1789402200000,2026-09-14T16:10:00.000Z,1.4032,1.4037,1.4013,1.4015,111573,
1789402500000,2026-09-14T16:15:00.000Z,1.4015,1.4182,1.4015,1.4151,3559079,
1789402800000,2026-09-14T16:20:00.000Z,1.4151,1.4191,1.4123,1.4168,1418045,
1789403100000,2026-09-14T16:25:00.000Z,1.4168,1.4173,1.4099,1.4106,1333432,
1789403400000,2026-09-14T16:30:00.000Z,1.4106,1.414,1.4094,1.4097,1188347,
1789403700000,2026-09-14T16:35:00.000Z,1.4097,1.4124,1.4073,1.4109,1511334,
1789404000000,2026-09-14T16:40:00.000Z,1.4109,1.412,1.409,1.4095,500171,
1789404300000,2026-09-14T16:45:00.000Z,1.4095,1.4177,1.4094,1.4167,442847,
1789404600000,2026-09-14T16:50:00.000Z,1.4167,1.422,1.416,1.4213,2211917,
1789404900000,2026-09-14T16:55:00.000Z,1.4213,1.422,1.418,1.4182,425937,
1789405200000,2026-09-14T17:00:00.000Z,1.4182,1.4197,1.416,1.418,449513,
1789405500000,2026-09-14T17:05:00.000Z,1.418,1.4196,1.4169,1.4169,290559,
1789405800000,2026-09-14T17:10:00.000Z,1.4169,1.4227,1.4169,1.4209,1027697,
1789406100000,2026-09-14T17:15:00.000Z,1.4209,1.4229,1.4172,1.4187,1302872,
1789406400000,2026-09-14T17:20:00.000Z,1.4187,1.423,1.4187,1.4212,582002,
1789406700000,2026-09-14T17:25:00.000Z,1.4212,1.424,1.4191,1.4235,2305525,
1789407000000,2026-09-14T17:30:00.000Z,1.4235,1.4267,1.4206,1.4215,1434845,
1789407300000,2026-09-14T17:35:00.000Z,1.4215,1.4285,1.4215,1.426,1376894,
1789407600000,2026-09-14T17:40:00.000Z,1.426,1.4344,1.4254,1.4328,1869796,
1789407900000,2026-09-14T17:45:00.000Z,1.4328,1.4362,1.4302,1.4319,1993941,
1789408200000,2026-09-14T17:50:00.000Z,1.4319,1.4375,1.4294,1.4371,2625855,
1789408500000,2026-09-14T17:55:00.000Z,1.4371,1.44,1.4326,1.434,1576253,
1789408800000,2026-09-14T18:00:00.000Z,1.434,1.4376,1.4294,1.4373,2316231,
1789409100000,2026-09-14T18:05:00.000Z,1.4373,1.4403,1.4353,1.4365,2188061,
1789409400000,2026-09-14T18:10:00.000Z,1.4365,1.4369,1.4328,1.434,529932,
1789409700000,2026-09-14T18:15:00.000Z,1.434,1.4429,1.4338,1.4422,2949628,
1789410000000,2026-09-14T18:20:00.000Z,1.4422,1.4481,1.4413,1.4477,1821058,
1789410300000,2026-09-14T18:25:00.000Z,1.4477,1.4537,1.4465,1.4537,1823986,
1789410600000,2026-09-14T18:30:00.000Z,1.4537,1.4592,1.4526,1.4577,2256070,
1789410900000,2026-09-14T18:35:00.000Z,1.4577,1.4684,1.4557,1.459,4002184,
1789411200000,2026-09-14T18:40:00.000Z,1.459,1.4657,1.4542,1.465,2059291,
1789411500000,2026-09-14T18:45:00.000Z,1.465,1.4814,1.465,1.4749,5777867,
1789411800000,2026-09-14T18:50:00.000Z,1.4749,1.4772,1.4709,1.4742,1954278,
1789412100000,2026-09-14T18:55:00.000Z,1.4742,1.4795,1.4737,1.4765,1619324,
1789412400000,2026-09-14T19:00:00.000Z,1.4765,1.4773,1.4562,1.4572,4980218,
1789412700000,2026-09-14T19:05:00.000Z,1.4572,1.4603,1.4544,1.4559,2479504,
1789413000000,2026-09-14T19:10:00.000Z,1.4559,1.4628,1.4558,1.4624,1100957,
1789413300000,2026-09-14T19:15:00.000Z,1.4624,1.4686,1.462,1.4672,2124302,
1789413600000,2026-09-14T19:20:00.000Z,1.4672,1.4714,1.4658,1.466,1380644,
1789413900000,2026-09-14T19:25:00.000Z,1.466,1.4672,1.4583,1.4613,1851915,
1789414200000,2026-09-14T19:30:00.000Z,1.4613,1.4613,1.4548,1.4595,2408940,
1789414500000,2026-09-14T19:35:00.000Z,1.4595,1.4595,1.4533,1.4552,962446,
1789414800000,2026-09-14T19:40:00.000Z,1.4552,1.4592,1.4552,1.4591,1614181,
1789415100000,2026-09-14T19:45:00.000Z,1.4591,1.4609,1.4571,1.4581,1034609,
1789415400000,2026-09-14T19:50:00.000Z,1.4581,1.4594,1.4566,1.4573,552660,
1789415700000,2026-09-14T19:55:00.000Z,1.4573,1.4645,1.4565,1.4636,1056489,
1789416000000,2026-09-14T20:00:00.000Z,1.4636,1.4704,1.463,1.4647,1714433,
1789416300000,2026-09-14T20:05:00.000Z,1.4647,1.4716,1.4647,1.4695,741492,
1789416600000,2026-09-14T20:10:00.000Z,1.4695,1.4828,1.4685,1.4768,1848554,
1789416900000,2026-09-14T20:15:00.000Z,1.4768,1.4887,1.4768,1.4863,1954781,
1789417200000,2026-09-14T20:20:00.000Z,1.4863,1.4864,1.4801,1.4806,1453329,
1789417500000,2026-09-14T20:25:00.000Z,1.4806,1.4884,1.4806,1.4865,1158319,
1789417800000,2026-09-14T20:30:00.000Z,1.4865,1.4893,1.4762,1.489,4258986,
1789418100000,2026-09-14T20:35:00.000Z,1.489,1.4912,1.48,1.4805,1953657,
1789418400000,2026-09-14T20:40:00.000Z,1.4805,1.4829,1.4761,1.4768,566433,
1789418700000,2026-09-14T20:45:00.000Z,1.4768,1.4777,1.4714,1.472,1315706,
1789419000000,2026-09-14T20:50:00.000Z,1.472,1.4723,1.4676,1.4684,819555,
1789419300000,2026-09-14T20:55:00.000Z,1.4684,1.4685,1.4621,1.4628,955532,
1789419600000,2026-09-14T21:00:00.000Z,1.4628,1.4638,1.4427,1.4532,2857597,
1789419900000,2026-09-14T21:05:00.000Z,1.4532,1.4587,1.4527,1.4567,2857259,
1789420200000,2026-09-14T21:10:00.000Z,1.4567,1.4579,1.449,1.4498,2235272,
1789420500000,2026-09-14T21:15:00.000Z,1.4498,1.455,1.4462,1.454,2454957,
1789420800000,2026-09-14T21:20:00.000Z,1.454,1.456,1.4522,1.4535,482101,
1789421100000,2026-09-14T21:25:00.000Z,1.4535,1.4535,1.4455,1.4474,1841943,
1789421400000,2026-09-14T21:30:00.000Z,1.4474,1.4489,1.4427,1.4451,789679,
1789421700000,2026-09-14T21:35:00.000Z,1.4451,1.4461,1.4403,1.4435,1966280,
1789422000000,2026-09-14T21:40:00.000Z,1.4435,1.4482,1.4435,1.4454,538800,
1789422300000,2026-09-14T21:45:00.000Z,1.4454,1.4468,1.4419,1.4431,360721,
1789422600000,2026-09-14T21:50:00.000Z,1.4431,1.4465,1.4426,1.4457,112911,
1789422900000,2026-09-14T21:55:00.000Z,1.4457,1.4457,1.4423,1.4423,75792,
1789423200000,2026-09-14T22:00:00.000Z,1.4423,1.4442,1.4391,1.4409,1134670,
1789423500000,2026-09-14T22:05:00.000Z,1.4409,1.4492,1.4409,1.4491,648941,
1789423800000,2026-09-14T22:10:00.000Z,1.4491,1.4519,1.4468,1.4509,1830973,
1789424100000,2026-09-14T22:15:00.000Z,1.4509,1.4517,1.4431,1.4433,1175070,
1789424400000,2026-09-14T22:20:00.000Z,1.4433,1.444,1.44,1.4408,303911,
1789424700000,2026-09-14T22:25:00.000Z,1.4408,1.4443,1.4398,1.4425,1186049,
1789425000000,2026-09-14T22:30:00.000Z,1.4425,1.443,1.4383,1.4392,1397737,
1789425300000,2026-09-14T22:35:00.000Z,1.4392,1.4427,1.4387,1.4398,1537664,
1789425600000,2026-09-14T22:40:00.000Z,1.4398,1.4421,1.4395,1.4406,1749942,
1789425900000,2026-09-14T22:45:00.000Z,1.4406,1.4406,1.4353,1.4376,1315917,
1789426200000,2026-09-14T22:50:00.000Z,1.4376,1.4381,1.4357,1.4359,509475,
1789426500000,2026-09-14T22:55:00.000Z,1.4359,1.4365,1.4342,1.4348,250292,
1789426800000,2026-09-14T23:00:00.000Z,1.4348,1.4376,1.4291,1.4303,1789874,
1789427100000,2026-09-14T23:05:00.000Z,1.4303,1.4312,1.4266,1.4306,1760815,
1789427400000,2026-09-14T23:10:00.000Z,1.4306,1.4309,1.4288,1.4289,251365,
1789427700000,2026-09-14T23:15:00.000Z,1.4289,1.4309,1.4261,1.4266,1160027,
1789428000000,2026-09-14T23:20:00.000Z,1.4266,1.4288,1.4248,1.4274,1073542,
1789428300000,2026-09-14T23:25:00.000Z,1.4274,1.4284,1.4227,1.423,835400,
1789428600000,2026-09-14T23:30:00.000Z,1.423,1.4237,1.4208,1.4218,555085,
1789428900000,2026-09-14T23:35:00.000Z,1.4218,1.4228,1.4198,1.4225,516498,
1789429200000,2026-09-14T23:40:00.000Z,1.4225,1.4252,1.422,1.4228,423328,
1789429500000,2026-09-14T23:45:00.000Z,1.4228,1.4236,1.4211,1.4214,182399,
1789429800000,2026-09-14T23:50:00.000Z,1.4214,1.4214,1.4178,1.4211,1419800,
1789430100000,2026-09-14T23:55:00.000Z,1.4211,1.4233,1.4203,1.4226,259484,
1789430400000,2026-09-15T00:00:00.000Z,1.4226,1.4263,1.4226,1.4243,421828,
1789430700000,2026-09-15T00:05:00.000Z,1.4243,1.4267,1.4222,1.4248,465329,
1789431000000,2026-09-15T00:10:00.000Z,1.4248,1.4254,1.421,1.4219,336214,
1789431300000,2026-09-15T00:15:00.000Z,1.4219,1.4219,1.4186,1.4187,317114,
1789431600000,2026-09-15T00:20:00.000Z,1.4187,1.4198,1.4164,1.4173,594013,
1789431900000,2026-09-15T00:25:00.000Z,1.4173,1.4197,1.415,1.4177,406705,
1789432200000,2026-09-15T00:30:00.000Z,1.4177,1.4207,1.4176,1.4202,321184,
1789432500000,2026-09-15T00:35:00.000Z,1.4202,1.4218,1.4174,1.4189,850937,
1789432800000,2026-09-15T00:40:00.000Z,1.4189,1.419,1.416,1.4173,211198,
1789433100000,2026-09-15T00:45:00.000Z,1.4173,1.4187,1.4152,1.4173,455087,
1789433400000,2026-09-15T00:50:00.000Z,1.4173,1.4203,1.4171,1.4191,335408,
1789433700000,2026-09-15T00:55:00.000Z,1.4191,1.4204,1.418,1.419,152577,
1789434000000,2026-09-15T01:00:00.000Z,1.419,1.4193,1.4166,1.4181,268787,
1789434300000,2026-09-15T01:05:00.000Z,1.4181,1.4187,1.4153,1.4155,158194,
1789434600000,2026-09-15T01:10:00.000Z,1.4155,1.4174,1.4146,1.4153,455343,
1789434900000,2026-09-15T01:15:00.000Z,1.4153,1.4181,1.4146,1.4176,980239,
1789435200000,2026-09-15T01:20:00.000Z,1.4176,1.4252,1.4176,1.4225,1446876,
1789435500000,2026-09-15T01:25:00.000Z,1.4225,1.4226,1.416,1.4181,579298,
1789435800000,2026-09-15T01:30:00.000Z,1.4181,1.4231,1.4172,1.4218,1263343,
1789436100000,2026-09-15T01:35:00.000Z,1.4218,1.4227,1.4197,1.4227,419810,
1789436400000,2026-09-15T01:40:00.000Z,1.4227,1.4252,1.4207,1.4245,447180,
1789436700000,2026-09-15T01:45:00.000Z,1.4245,1.4251,1.4207,1.4245,1441178,
1789437000000,2026-09-15T01:50:00.000Z,1.4245,1.4248,1.4226,1.4226,429437,
1789437300000,2026-09-15T01:55:00.000Z,1.4226,1.4237,1.4213,1.4216,110314,
1789437600000,2026-09-15T02:00:00.000Z,1.4216,1.4262,1.4214,1.425,246439,
1789437900000,2026-09-15T02:05:00.000Z,1.425,1.4265,1.4226,1.4257,367602,
1789438200000,2026-09-15T02:10:00.000Z,1.4257,1.4303,1.4252,1.4281,726780,
1789438500000,2026-09-15T02:15:00.000Z,1.4281,1.4288,1.4266,1.428,296501,
1789438800000,2026-09-15T02:20:00.000Z,1.428,1.428,1.4249,1.4271,190377,
1789439100000,2026-09-15T02:25:00.000Z,1.4271,1.4296,1.4268,1.4275,185673,
1789439400000,2026-09-15T02:30:00.000Z,1.4275,1.4276,1.4242,1.4268,991515,
1789439700000,2026-09-15T02:35:00.000Z,1.4268,1.4274,1.4235,1.4262,1136487,
1789440000000,2026-09-15T02:40:00.000Z,1.4262,1.4276,1.4254,1.4265,120538,
1789440300000,2026-09-15T02:45:00.000Z,1.4265,1.4277,1.4237,1.4239,834209,
1789440600000,2026-09-15T02:50:00.000Z,1.4239,1.4265,1.4236,1.4238,514007,
1789440900000,2026-09-15T02:55:00.000Z,1.4238,1.4262,1.4221,1.4226,1035378,
1789441200000,2026-09-15T03:00:00.000Z,1.4226,1.4226,1.4154,1.4188,1721681,
1789441500000,2026-09-15T03:05:00.000Z,1.4188,1.4199,1.4156,1.416,769995,
1789441800000,2026-09-15T03:10:00.000Z,1.416,1.417,1.4116,1.4121,1326398,
1789442100000,2026-09-15T03:15:00.000Z,1.4121,1.4142,1.4105,1.4137,696711,
1789442400000,2026-09-15T03:20:00.000Z,1.4137,1.4157,1.413,1.4135,259424,
1789442700000,2026-09-15T03:25:00.000Z,1.4135,1.4151,1.4128,1.415,284758,
1789443000000,2026-09-15T03:30:00.000Z,1.415,1.42,1.4146,1.4192,231717,
1789443300000,2026-09-15T03:35:00.000Z,1.4192,1.4204,1.4187,1.4187,425494,
1789443600000,2026-09-15T03:40:00.000Z,1.4187,1.4188,1.4168,1.4175,168569,
1789443900000,2026-09-15T03:45:00.000Z,1.4175,1.4183,1.4144,1.4145,200113,
1789444200000,2026-09-15T03:50:00.000Z,1.4145,1.4172,1.4136,1.4151,874329,
1789444500000,2026-09-15T03:55:00.000Z,1.4151,1.4162,1.4141,1.4155,439325,
1789444800000,2026-09-15T04:00:00.000Z,1.4155,1.4174,1.4146,1.4174,235180,
1789445100000,2026-09-15T04:05:00.000Z,1.4174,1.4179,1.4124,1.4134,993067,
1789445400000,2026-09-15T04:10:00.000Z,1.4134,1.415,1.412,1.4135,1914119,
1789445700000,2026-09-15T04:15:00.000Z,1.4135,1.4153,1.4134,1.4149,658701,
1789446000000,2026-09-15T04:20:00.000Z,1.4149,1.4162,1.4132,1.4132,310092,
1789446300000,2026-09-15T04:25:00.000Z,1.4132,1.4133,1.4101,1.4111,939202,
1789446600000,2026-09-15T04:30:00.000Z,1.4111,1.4128,1.4069,1.412,1586536,
1789446900000,2026-09-15T04:35:00.000Z,1.412,1.4149,1.4108,1.4124,1157517,
1789447200000,2026-09-15T04:40:00.000Z,1.4124,1.4148,1.4124,1.4136,230659,
1789447500000,2026-09-15T04:45:00.000Z,1.4136,1.416,1.4129,1.4148,1274345,
1789447800000,2026-09-15T04:50:00.000Z,1.4148,1.415,1.4136,1.4145,420815,
1789448100000,2026-09-15T04:55:00.000Z,1.4145,1.4146,1.4125,1.4132,318127,
1789448400000,2026-09-15T05:00:00.000Z,1.4132,1.4134,1.4081,1.4101,689634,
1789448700000,2026-09-15T05:05:00.000Z,1.4101,1.4106,1.4074,1.4075,896920,
1789449000000,2026-09-15T05:10:00.000Z,1.4075,1.4077,1.4005,1.4039,2547312,
1789449300000,2026-09-15T05:15:00.000Z,1.4039,1.4057,1.3987,1.4002,1855000,
1789449600000,2026-09-15T05:20:00.000Z,1.4002,1.4033,1.4002,1.402,470308,
1789449900000,2026-09-15T05:25:00.000Z,1.402,1.4062,1.4017,1.4048,369011,
1789450200000,2026-09-15T05:30:00.000Z,1.4048,1.4058,1.4036,1.4058,176559,
1789450500000,2026-09-15T05:35:00.000Z,1.4058,1.4058,1.402,1.4038,211586,
1789450800000,2026-09-15T05:40:00.000Z,1.4038,1.4059,1.4038,1.4055,351803,
1789451100000,2026-09-15T05:45:00.000Z,1.4055,1.407,1.4053,1.4055,358394,
1789451400000,2026-09-15T05:50:00.000Z,1.4055,1.4088,1.4048,1.4087,318742,
1789451700000,2026-09-15T05:55:00.000Z,1.4087,1.4092,1.4077,1.4078,295989,
1789452000000,2026-09-15T06:00:00.000Z,1.4078,1.4101,1.4076,1.4101,291726,
1789452300000,2026-09-15T06:05:00.000Z,1.4101,1.4104,1.4082,1.4082,240888,
1789452600000,2026-09-15T06:10:00.000Z,1.4082,1.4082,1.4067,1.4067,217340,
1789452900000,2026-09-15T06:15:00.000Z,1.4067,1.4079,1.4062,1.4069,104111,
1789453200000,2026-09-15T06:20:00.000Z,1.4069,1.4069,1.4036,1.4039,390201,
1789453500000,2026-09-15T06:25:00.000Z,1.4039,1.4042,1.4019,1.4027,349641,
1789453800000,2026-09-15T06:30:00.000Z,1.4027,1.4053,1.4024,1.404,472252,
1789454100000,2026-09-15T06:35:00.000Z,1.404,1.4042,1.4012,1.4016,393920,
1789454400000,2026-09-15T06:40:00.000Z,1.4016,1.402,1.3996,1.4015,729227,
1789454700000,2026-09-15T06:45:00.000Z,1.4015,1.402,1.3985,1.3996,493926,
1789455000000,2026-09-15T06:50:00.000Z,1.3996,1.4003,1.3958,1.3967,1124577,
1789455300000,2026-09-15T06:55:00.000Z,1.3967,1.3994,1.3944,1.3989,1144978,
1789455600000,2026-09-15T07:00:00.000Z,1.3989,1.4011,1.3982,1.3999,719571,
1789455900000,2026-09-15T07:05:00.000Z,1.3999,1.3999,1.3965,1.3991,299613,
1789456200000,2026-09-15T07:10:00.000Z,1.3991,1.4001,1.3976,1.3993,496691,
1789456500000,2026-09-15T07:15:00.000Z,1.3993,1.4016,1.3982,1.4016,287601,
1789456800000,2026-09-15T07:20:00.000Z,1.4016,1.4035,1.3998,1.4014,487304,
1789457100000,2026-09-15T07:25:00.000Z,1.4014,1.4024,1.401,1.4017,261226,
1789457400000,2026-09-15T07:30:00.000Z,1.4017,1.4017,1.3976,1.3976,233096,
1789457700000,2026-09-15T07:35:00.000Z,1.3976,1.4013,1.3956,1.3994,935538,
1789458000000,2026-09-15T07:40:00.000Z,1.3994,1.4002,1.3977,1.3979,128779,
1789458300000,2026-09-15T07:45:00.000Z,1.3979,1.3993,1.397,1.3972,292007,
1789458600000,2026-09-15T07:50:00.000Z,1.3972,1.3972,1.391,1.3917,2425672,
1789458900000,2026-09-15T07:55:00.000Z,1.3917,1.3935,1.391,1.3934,849179,
1789459200000,2026-09-15T08:00:00.000Z,1.3934,1.3935,1.3886,1.3897,1190868,
1789459500000,2026-09-15T08:05:00.000Z,1.3897,1.3904,1.3867,1.3878,789772,
1789459800000,2026-09-15T08:10:00.000Z,1.3878,1.39,1.3866,1.39,627267,
1789460100000,2026-09-15T08:15:00.000Z,1.39,1.3913,1.3873,1.3895,627182,
1789460400000,2026-09-15T08:20:00.000Z,1.3895,1.3906,1.3871,1.3882,350349,
1789460700000,2026-09-15T08:25:00.000Z,1.3882,1.3882,1.3857,1.386,490684,
1789461000000,2026-09-15T08:30:00.000Z,1.386,1.3883,1.3851,1.388,689118,
1789461300000,2026-09-15T08:35:00.000Z,1.388,1.3901,1.3877,1.39,166160,
1789461600000,2026-09-15T08:40:00.000Z,1.39,1.3935,1.3893,1.39,808001,
1789461900000,2026-09-15T08:45:00.000Z,1.39,1.3947,1.3899,1.3912,1057468,
1789462200000,2026-09-15T08:50:00.000Z,1.3912,1.3938,1.3902,1.3938,485951,
1789462500000,2026-09-15T08:55:00.000Z,1.3938,1.3974,1.3934,1.3974,856594,
1789462800000,2026-09-15T09:00:00.000Z,1.3974,1.3979,1.3952,1.3957,661484,
1789463100000,2026-09-15T09:05:00.000Z,1.3957,1.3972,1.3951,1.3971,354645,
1789463400000,2026-09-15T09:10:00.000Z,1.3971,1.3971,1.3958,1.3966,239022,
1789463700000,2026-09-15T09:15:00.000Z,1.3966,1.3975,1.3958,1.3963,228098,
1789464000000,2026-09-15T09:20:00.000Z,1.3963,1.3977,1.3959,1.3965,132530,
1789464300000,2026-09-15T09:25:00.000Z,1.3965,1.4013,1.3964,1.3995,815070,
1789464600000,2026-09-15T09:30:00.000Z,1.3995,1.4021,1.398,1.4018,314789,
1789464900000,2026-09-15T09:35:00.000Z,1.4018,1.4026,1.3997,1.4006,548554,
1789465200000,2026-09-15T09:40:00.000Z,1.4006,1.4025,1.3996,1.4019,503335,
1789465500000,2026-09-15T09:45:00.000Z,1.4019,1.4057,1.4005,1.4052,974214,
1789465800000,2026-09-15T09:50:00.000Z,1.4052,1.4064,1.4037,1.406,648666,
1789466100000,2026-09-15T09:55:00.000Z,1.406,1.4061,1.4011,1.4017,668226,
1789466400000,2026-09-15T10:00:00.000Z,1.4017,1.4041,1.3983,1.4024,1278856,
1789466700000,2026-09-15T10:05:00.000Z,1.4024,1.403,1.4013,1.4024,147208,
1789467000000,2026-09-15T10:10:00.000Z,1.4024,1.4029,1.4007,1.4016,125582,
1789467300000,2026-09-15T10:15:00.000Z,1.4016,1.4026,1.4,1.4001,136553,
1789467600000,2026-09-15T10:20:00.000Z,1.4001,1.4013,1.3998,1.4009,116215,
1789467900000,2026-09-15T10:25:00.000Z,1.4009,1.4009,1.3974,1.398,760722,
1789468200000,2026-09-15T10:30:00.000Z,1.398,1.4001,1.3967,1.4001,767008,
1789468500000,2026-09-15T10:35:00.000Z,1.4001,1.4012,1.3981,1.3988,706637,
1789468800000,2026-09-15T10:40:00.000Z,1.3988,1.4004,1.3986,1.4003,285660,
1789469100000,2026-09-15T10:45:00.000Z,1.4003,1.4028,1.4003,1.4028,272411,
1789469400000,2026-09-15T10:50:00.000Z,1.4028,1.4039,1.401,1.4015,515029,
1789469700000,2026-09-15T10:55:00.000Z,1.4015,1.4036,1.4014,1.4018,466101,
1789470000000,2026-09-15T11:00:00.000Z,1.4018,1.4031,1.4016,1.402,288990,
1789470300000,2026-09-15T11:05:00.000Z,1.402,1.4029,1.4011,1.4029,80196,
1789470600000,2026-09-15T11:10:00.000Z,1.4029,1.403,1.3995,1.3998,406293,
1789470900000,2026-09-15T11:15:00.000Z,1.3998,1.4011,1.3983,1.3988,457518,
1789471200000,2026-09-15T11:20:00.000Z,1.3988,1.3997,1.3969,1.3971,293898,
1789471500000,2026-09-15T11:25:00.000Z,1.3971,1.3981,1.397,1.3981,219959,
1789471800000,2026-09-15T11:30:00.000Z,1.3981,1.3982,1.3926,1.3941,1297836,
1789472100000,2026-09-15T11:35:00.000Z,1.3941,1.3965,1.3925,1.3963,922559,
1789472400000,2026-09-15T11:40:00.000Z,1.3963,1.3967,1.3941,1.3954,482851,
1789472700000,2026-09-15T11:45:00.000Z,1.3954,1.3954,1.394,1.3947,241861,
1789473000000,2026-09-15T11:50:00.000Z,1.3947,1.3979,1.3946,1.397,226462,
1789473300000,2026-09-15T11:55:00.000Z,1.397,1.4018,1.397,1.4002,348641,
1789473600000,2026-09-15T12:00:00.000Z,1.4002,1.4021,1.3988,1.4019,315088,
1789473900000,2026-09-15T12:05:00.000Z,1.4019,1.4024,1.3994,1.3998,413237,
1789474200000,2026-09-15T12:10:00.000Z,1.3998,1.4058,1.3996,1.4052,1063084,
1789474500000,2026-09-15T12:15:00.000Z,1.4052,1.4053,1.4022,1.4022,433795,
1789474800000,2026-09-15T12:20:00.000Z,1.4022,1.4073,1.4009,1.4056,955637,
1789475100000,2026-09-15T12:25:00.000Z,1.4056,1.4087,1.4046,1.4067,910702,
1789475400000,2026-09-15T12:30:00.000Z,1.4067,1.4069,1.4018,1.4067,836255,
1789475700000,2026-09-15T12:35:00.000Z,1.4067,1.4067,1.4029,1.4059,1319985,
1789476000000,2026-09-15T12:40:00.000Z,1.4059,1.4062,1.4037,1.4053,1509650,
1789476300000,2026-09-15T12:45:00.000Z,1.4053,1.412,1.4043,1.4105,1184938,
1789476600000,2026-09-15T12:50:00.000Z,1.4105,1.4209,1.4105,1.4205,2210922,
1789476900000,2026-09-15T12:55:00.000Z,1.4205,1.4217,1.4146,1.4162,2657642,
1789477200000,2026-09-15T13:00:00.000Z,1.4162,1.4367,1.4161,1.4361,3440721,
1789477500000,2026-09-15T13:05:00.000Z,1.4361,1.4593,1.4351,1.4409,9699348,
1789477800000,2026-09-15T13:10:00.000Z,1.4409,1.4418,1.4251,1.4278,4129482,
1789478100000,2026-09-15T13:15:00.000Z,1.4278,1.4302,1.423,1.4268,2017515,
1789478400000,2026-09-15T13:20:00.000Z,1.4268,1.4302,1.4241,1.4299,1017232,
1789478700000,2026-09-15T13:25:00.000Z,1.4299,1.4354,1.4273,1.4331,1830557,
1789479000000,2026-09-15T13:30:00.000Z,1.4331,1.4343,1.4244,1.4251,2497019,
1789479300000,2026-09-15T13:35:00.000Z,1.4251,1.4263,1.394,1.4061,7701377,
1789479600000,2026-09-15T13:40:00.000Z,1.4061,1.4176,1.4045,1.4093,3416150,
1789479900000,2026-09-15T13:45:00.000Z,1.4093,1.411,1.4006,1.4052,3084487,
1789480200000,2026-09-15T13:50:00.000Z,1.4052,1.4052,1.3989,1.4048,1601511,
1789480500000,2026-09-15T13:55:00.000Z,1.4048,1.4151,1.4045,1.4144,1770117,
1789480800000,2026-09-15T14:00:00.000Z,1.4144,1.4164,1.4089,1.4089,1434146,
1789481100000,2026-09-15T14:05:00.000Z,1.4089,1.4148,1.4042,1.4136,2601775,
1789481400000,2026-09-15T14:10:00.000Z,1.4136,1.4161,1.4086,1.4095,909620,
1789481700000,2026-09-15T14:15:00.000Z,1.4095,1.4115,1.4061,1.4096,732227,
1789482000000,2026-09-15T14:20:00.000Z,1.4096,1.4103,1.4028,1.4086,833886,
1789482300000,2026-09-15T14:25:00.000Z,1.4086,1.4086,1.4,1.4001,776782,
1789482600000,2026-09-15T14:30:00.000Z,1.4001,1.4024,1.3965,1.3971,1522422,
1789482900000,2026-09-15T14:35:00.000Z,1.3971,1.3979,1.3865,1.3873,3593301,
1789483200000,2026-09-15T14:40:00.000Z,1.3873,1.3886,1.3813,1.3863,2657252,
1789483500000,2026-09-15T14:45:00.000Z,1.3863,1.3877,1.3768,1.3814,3036509,
1789483800000,2026-09-15T14:50:00.000Z,1.3814,1.3822,1.3708,1.3783,3217904,
1789484100000,2026-09-15T14:55:00.000Z,1.3783,1.3842,1.3751,1.3842,1240367,
1789484400000,2026-09-15T15:00:00.000Z,1.3842,1.3894,1.3791,1.389,1453065,
1789484700000,2026-09-15T15:05:00.000Z,1.389,1.3906,1.387,1.3899,1195416,
1789485000000,2026-09-15T15:10:00.000Z,1.3899,1.3899,1.3846,1.3858,1270824,
1789485300000,2026-09-15T15:15:00.000Z,1.3858,1.3898,1.3844,1.3878,845890,
1789485600000,2026-09-15T15:20:00.000Z,1.3878,1.3944,1.3864,1.3934,764324,
1789485900000,2026-09-15T15:25:00.000Z,1.3934,1.3972,1.3919,1.3924,1627576,
1789486200000,2026-09-15T15:30:00.000Z,1.3924,1.3937,1.3899,1.3933,804614,
1789486500000,2026-09-15T15:35:00.000Z,1.3933,1.395,1.388,1.3913,820428,
1789486800000,2026-09-15T15:40:00.000Z,1.3913,1.3928,1.3888,1.3912,1063271,
1789487100000,2026-09-15T15:45:00.000Z,1.3912,1.3919,1.3865,1.3869,914168,
1789487400000,2026-09-15T15:50:00.000Z,1.3869,1.3929,1.3859,1.3865,780680,
1789487700000,2026-09-15T15:55:00.000Z,1.3865,1.3915,1.3865,1.3888,543707,
1789488000000,2026-09-15T16:00:00.000Z,1.3888,1.391,1.3867,1.3871,329354,
1789488300000,2026-09-15T16:05:00.000Z,1.3871,1.3877,1.3825,1.383,678181,
1789488600000,2026-09-15T16:10:00.000Z,1.383,1.3851,1.3808,1.3813,733605,
1789488900000,2026-09-15T16:15:00.000Z,1.3813,1.3899,1.3813,1.3869,496196,
1789489200000,2026-09-15T16:20:00.000Z,1.3869,1.3917,1.3869,1.3902,126234,
1789489500000,2026-09-15T16:25:00.000Z,1.3902,1.3925,1.3886,1.3914,523840,
1789489800000,2026-09-15T16:30:00.000Z,1.3914,1.3921,1.384,1.3844,888757,
1789490100000,2026-09-15T16:35:00.000Z,1.3844,1.3875,1.3831,1.3836,239025,
1789490400000,2026-09-15T16:40:00.000Z,1.3836,1.3839,1.3823,1.3839,197037,
1789490700000,2026-09-15T16:45:00.000Z,1.3839,1.3868,1.3834,1.3863,216318,
1789491000000,2026-09-15T16:50:00.000Z,1.3863,1.3906,1.3859,1.3902,586970,
1789491300000,2026-09-15T16:55:00.000Z,1.3902,1.3913,1.3866,1.3868,790227,
1789491600000,2026-09-15T17:00:00.000Z,1.3868,1.3868,1.382,1.382,568364,
1789491900000,2026-09-15T17:05:00.000Z,1.382,1.385,1.3788,1.3798,1381938,
1789492200000,2026-09-15T17:10:00.000Z,1.3798,1.385,1.3797,1.3834,309171,
1789492500000,2026-09-15T17:15:00.000Z,1.3834,1.386,1.3824,1.3853,353249,
1789492800000,2026-09-15T17:20:00.000Z,1.3853,1.3877,1.3851,1.3866,181559,
1789493100000,2026-09-15T17:25:00.000Z,1.3866,1.3891,1.3859,1.3889,292211,
1789493400000,2026-09-15T17:30:00.000Z,1.3889,1.4039,1.3882,1.4028,2540720,
1789493700000,2026-09-15T17:35:00.000Z,1.4028,1.4125,1.4006,1.4011,3356108,
1789494000000,2026-09-15T17:40:00.000Z,1.4011,1.406,1.3995,1.4005,1258843,
1789494300000,2026-09-15T17:45:00.000Z,1.4005,1.4102,1.4005,1.4083,1035515,
1789494600000,2026-09-15T17:50:00.000Z,1.4083,1.4122,1.4071,1.4111,1004657,
1789494900000,2026-09-15T17:55:00.000Z,1.4111,1.4111,1.4039,1.4047,1455013,
1789495200000,2026-09-15T18:00:00.000Z,1.4047,1.4068,1.3959,1.3972,2427804,
1789495500000,2026-09-15T18:05:00.000Z,1.3972,1.4004,1.3925,1.3961,1775380,
1789495800000,2026-09-15T18:10:00.000Z,1.3961,1.3997,1.3947,1.3978,1610971,
1789496100000,2026-09-15T18:15:00.000Z,1.3978,1.4009,1.3811,1.3896,3801559,
1789496400000,2026-09-15T18:20:00.000Z,1.3896,1.3911,1.3867,1.3898,1671949,
1789496700000,2026-09-15T18:25:00.000Z,1.3898,1.4047,1.3873,1.3966,3334090,
1789497000000,2026-09-15T18:30:00.000Z,1.3966,1.3972,1.3853,1.3938,1744073,
1789497300000,2026-09-15T18:35:00.000Z,1.3938,1.3951,1.3401,1.3523,15341856,
1789497600000,2026-09-15T18:40:00.000Z,1.3523,1.3534,1.3151,1.3227,20550168,
1789497900000,2026-09-15T18:45:00.000Z,1.3227,1.3256,1.2874,1.2899,15683172,
1789498200000,2026-09-15T18:50:00.000Z,1.2899,1.333,1.2875,1.3314,9760619,
1789498500000,2026-09-15T18:55:00.000Z,1.3314,1.3416,1.3203,1.3245,5861226,
1789498800000,2026-09-15T19:00:00.000Z,1.3245,1.3292,1.3123,1.3222,4220529,
1789499100000,2026-09-15T19:05:00.000Z,1.3222,1.3263,1.3078,1.3174,2416191,
1789499400000,2026-09-15T19:10:00.000Z,1.3174,1.3247,1.3032,1.3075,3442159,
1789499700000,2026-09-15T19:15:00.000Z,1.3075,1.319,1.3036,1.3127,2613268,
1789500000000,2026-09-15T19:20:00.000Z,1.3127,1.3137,1.3002,1.3051,3309890,
1789500300000,2026-09-15T19:25:00.000Z,1.3051,1.3072,1.2942,1.2972,2411916,
1789500600000,2026-09-15T19:30:00.000Z,1.2972,1.3021,1.2936,1.2961,2539356,
1789500900000,2026-09-15T19:35:00.000Z,1.2961,1.3032,1.2942,1.3019,1226351,
1789501200000,2026-09-15T19:40:00.000Z,1.3019,1.3057,1.295,1.295,1596131,
1789501500000,2026-09-15T19:45:00.000Z,1.295,1.3009,1.2941,1.3009,1375140,
1789501800000,2026-09-15T19:50:00.000Z,1.3009,1.3049,1.2992,1.3034,1164581,
1789502100000,2026-09-15T19:55:00.000Z,1.3034,1.3042,1.294,1.295,1579657,
1789502400000,2026-09-15T20:00:00.000Z,1.295,1.3019,1.2921,1.2933,1486758,
1789502700000,2026-09-15T20:05:00.000Z,1.2933,1.2941,1.2835,1.2851,2845383,
1789503000000,2026-09-15T20:10:00.000Z,1.2851,1.2896,1.2819,1.2853,1799534,
1789503300000,2026-09-15T20:15:00.000Z,1.2853,1.289,1.2763,1.277,2558020,
1789503600000,2026-09-15T20:20:00.000Z,1.277,1.2814,1.2633,1.2758,4874109,
1789503900000,2026-09-15T20:25:00.000Z,1.2758,1.2782,1.2645,1.2646,1923573,
1789504200000,2026-09-15T20:30:00.000Z,1.2646,1.2764,1.2644,1.2709,2167214,
1789504500000,2026-09-15T20:35:00.000Z,1.2709,1.2837,1.2704,1.2768,2201774,
1789504800000,2026-09-15T20:40:00.000Z,1.2768,1.2804,1.2747,1.2788,1147398,
1789505100000,2026-09-15T20:45:00.000Z,1.2788,1.2918,1.2788,1.2917,1876791,
1789505400000,2026-09-15T20:50:00.000Z,1.2917,1.2936,1.2865,1.2935,1306318,
1789505700000,2026-09-15T20:55:00.000Z,1.2935,1.2945,1.2901,1.2929,1346079,
1789506000000,2026-09-15T21:00:00.000Z,1.2929,1.2931,1.2875,1.2891,1162077,
1789506300000,2026-09-15T21:05:00.000Z,1.2891,1.293,1.2891,1.2919,501920,
1789506600000,2026-09-15T21:10:00.000Z,1.2919,1.297,1.2917,1.2927,789304,
1789506900000,2026-09-15T21:15:00.000Z,1.2927,1.2957,1.2898,1.2953,960175,
1789507200000,2026-09-15T21:20:00.000Z,1.2953,1.2953,1.2846,1.2853,862859,
1789507500000,2026-09-15T21:25:00.000Z,1.2853,1.2869,1.2818,1.2839,919248,
1789507800000,2026-09-15T21:30:00.000Z,1.2839,1.2847,1.2776,1.2804,1354535,
1789508100000,2026-09-15T21:35:00.000Z,1.2804,1.2844,1.2774,1.2833,1094148,
1789508400000,2026-09-15T21:40:00.000Z,1.2833,1.2865,1.2824,1.2853,279017,
1789508700000,2026-09-15T21:45:00.000Z,1.2853,1.2861,1.2837,1.2838,152386,
1789509000000,2026-09-15T21:50:00.000Z,1.2838,1.2848,1.2796,1.2824,271038,
1789509300000,2026-09-15T21:55:00.000Z,1.2824,1.2825,1.2756,1.2773,849007,
1789509600000,2026-09-15T22:00:00.000Z,1.2773,1.2859,1.2749,1.2819,1214462,
1789509900000,2026-09-15T22:05:00.000Z,1.2819,1.2835,1.2782,1.2809,559289,
1789510200000,2026-09-15T22:10:00.000Z,1.2809,1.2829,1.2781,1.2801,792001,
1789510500000,2026-09-15T22:15:00.000Z,1.2801,1.2808,1.2758,1.2781,1024680,
1789510800000,2026-09-15T22:20:00.000Z,1.2781,1.279,1.2756,1.2769,368186,
1789511100000,2026-09-15T22:25:00.000Z,1.2769,1.2839,1.2766,1.2806,510300,
1789511400000,2026-09-15T22:30:00.000Z,1.2806,1.2831,1.2799,1.2826,533874,
1789511700000,2026-09-15T22:35:00.000Z,1.2826,1.2851,1.2804,1.283,571348,
1789512000000,2026-09-15T22:40:00.000Z,1.283,1.2837,1.2822,1.2835,126452,
1789512300000,2026-09-15T22:45:00.000Z,1.2835,1.287,1.283,1.287,423297,
1789512600000,2026-09-15T22:50:00.000Z,1.287,1.289,1.2864,1.2888,442808,
1789512900000,2026-09-15T22:55:00.000Z,1.2888,1.2904,1.2874,1.2883,572677,
1789513200000,2026-09-15T23:00:00.000Z,1.2883,1.2931,1.288,1.2931,314577,
1789513500000,2026-09-15T23:05:00.000Z,1.2931,1.2947,1.2912,1.2934,534510,
1789513800000,2026-09-15T23:10:00.000Z,1.2934,1.2972,1.2933,1.2971,514753,
1789514100000,2026-09-15T23:15:00.000Z,1.2971,1.2973,1.2954,1.2961,759225,
1789514400000,2026-09-15T23:20:00.000Z,1.2961,1.2963,1.2933,1.2944,345388,
1789514700000,2026-09-15T23:25:00.000Z,1.2944,1.2944,1.2919,1.2925,417860,
1789515000000,2026-09-15T23:30:00.000Z,1.2925,1.2925,1.2834,1.2867,1367262,
1789515300000,2026-09-15T23:35:00.000Z,1.2867,1.2871,1.2824,1.2832,469162,
1789515600000,2026-09-15T23:40:00.000Z,1.2832,1.2877,1.2823,1.2877,376167,
1789515900000,2026-09-15T23:45:00.000Z,1.2877,1.2883,1.2851,1.2855,484251,
1789516200000,2026-09-15T23:50:00.000Z,1.2855,1.2866,1.2841,1.2856,239864,
1789516500000,2026-09-15T23:55:00.000Z,1.2856,1.2857,1.2816,1.2826,230770,
1789516800000,2026-09-16T00:00:00.000Z,1.2826,1.2853,1.2797,1.2841,907243,
1789517100000,2026-09-16T00:05:00.000Z,1.2841,1.2854,1.2812,1.2836,304110,
1789517400000,2026-09-16T00:10:00.000Z,1.2836,1.2848,1.2816,1.2821,267604,
1789517700000,2026-09-16T00:15:00.000Z,1.2821,1.2866,1.2809,1.2863,273839,
1789518000000,2026-09-16T00:20:00.000Z,1.2863,1.2883,1.2846,1.2869,294171,
1789518300000,2026-09-16T00:25:00.000Z,1.2869,1.2879,1.2848,1.2877,595733,
1789518600000,2026-09-16T00:30:00.000Z,1.2877,1.2893,1.2864,1.2872,75116,
1789518900000,2026-09-16T00:35:00.000Z,1.2872,1.2893,1.2858,1.2892,80468,
1789519200000,2026-09-16T00:40:00.000Z,1.2892,1.2892,1.2859,1.2872,101426,
1789519500000,2026-09-16T00:45:00.000Z,1.2872,1.2888,1.2837,1.2876,659876,
1789519800000,2026-09-16T00:50:00.000Z,1.2876,1.29,1.2854,1.2854,754706,
1789520100000,2026-09-16T00:55:00.000Z,1.2854,1.2881,1.2831,1.286,1372932,
1789520400000,2026-09-16T01:00:00.000Z,1.286,1.2888,1.2843,1.285,1064360,
1789520700000,2026-09-16T01:05:00.000Z,1.285,1.2872,1.2843,1.2857,454666,
1789521000000,2026-09-16T01:10:00.000Z,1.2857,1.2888,1.2851,1.2874,631027,
1789521300000,2026-09-16T01:15:00.000Z,1.2874,1.2882,1.286,1.2877,299847,
1789521600000,2026-09-16T01:20:00.000Z,1.2877,1.2896,1.2873,1.2893,537311,
1789521900000,2026-09-16T01:25:00.000Z,1.2893,1.2897,1.2864,1.2868,571727,
1789522200000,2026-09-16T01:30:00.000Z,1.2868,1.2869,1.278,1.2791,967098,
1789522500000,2026-09-16T01:35:00.000Z,1.2791,1.2818,1.2755,1.2765,1678083,
1789522800000,2026-09-16T01:40:00.000Z,1.2765,1.2795,1.2765,1.2782,490322,
1789523100000,2026-09-16T01:45:00.000Z,1.2782,1.2796,1.2739,1.2763,1214069,
1789523400000,2026-09-16T01:50:00.000Z,1.2763,1.2763,1.2738,1.2749,629151,
1789523700000,2026-09-16T01:55:00.000Z,1.2749,1.2762,1.2744,1.2749,265674,
1789524000000,2026-09-16T02:00:00.000Z,1.2749,1.2841,1.2746,1.2817,974085,
1789524300000,2026-09-16T02:05:00.000Z,1.2817,1.2824,1.279,1.2798,633149,
1789524600000,2026-09-16T02:10:00.000Z,1.2798,1.282,1.2757,1.281,800483,
1789524900000,2026-09-16T02:15:00.000Z,1.281,1.2874,1.2807,1.2869,1118194,
1789525200000,2026-09-16T02:20:00.000Z,1.2869,1.2877,1.286,1.2876,122881,
1789525500000,2026-09-16T02:25:00.000Z,1.2876,1.2908,1.2876,1.2906,315467,
1789525800000,2026-09-16T02:30:00.000Z,1.2906,1.2955,1.2902,1.2951,975417,
1789526100000,2026-09-16T02:35:00.000Z,1.2951,1.2992,1.2949,1.295,1759163,
1789526400000,2026-09-16T02:40:00.000Z,1.295,1.2958,1.2932,1.2936,646931,
1789526700000,2026-09-16T02:45:00.000Z,1.2936,1.2949,1.2923,1.2925,161983,
1789527000000,2026-09-16T02:50:00.000Z,1.2925,1.2928,1.2868,1.2872,325935,
1789527300000,2026-09-16T02:55:00.000Z,1.2872,1.289,1.2857,1.2886,504704,
1789527600000,2026-09-16T03:00:00.000Z,1.2886,1.2924,1.288,1.2909,515427,
1789527900000,2026-09-16T03:05:00.000Z,1.2909,1.2915,1.289,1.2904,628505,
1789528200000,2026-09-16T03:10:00.000Z,1.2904,1.2951,1.2899,1.2949,160816,
1789528500000,2026-09-16T03:15:00.000Z,1.2949,1.2995,1.2948,1.2962,890408,
1789528800000,2026-09-16T03:20:00.000Z,1.2962,1.2972,1.294,1.2949,243933,
1789529100000,2026-09-16T03:25:00.000Z,1.2949,1.2949,1.2922,1.2932,305308,
1789529400000,2026-09-16T03:30:00.000Z,1.2932,1.2975,1.2919,1.2944,953743,
1789529700000,2026-09-16T03:35:00.000Z,1.2944,1.2949,1.2921,1.2938,321622,
1789530000000,2026-09-16T03:40:00.000Z,1.2938,1.2961,1.2936,1.2956,310839,
1789530300000,2026-09-16T03:45:00.000Z,1.2956,1.2969,1.2945,1.2958,218469,
1789530600000,2026-09-16T03:50:00.000Z,1.2958,1.2968,1.2951,1.2956,79001,
1789530900000,2026-09-16T03:55:00.000Z,1.2956,1.2975,1.2956,1.2965,144119,
1789531200000,2026-09-16T04:00:00.000Z,1.2965,1.301,1.2953,1.2996,436626,
1789531500000,2026-09-16T04:05:00.000Z,1.2996,1.3011,1.2981,1.2997,488015,
1789531800000,2026-09-16T04:10:00.000Z,1.2997,1.3052,1.2997,1.3031,900057,
1789532100000,2026-09-16T04:15:00.000Z,1.3031,1.3031,1.3004,1.3005,228569,
1789532400000,2026-09-16T04:20:00.000Z,1.3005,1.312,1.3005,1.308,1526249,
1789532700000,2026-09-16T04:25:00.000Z,1.308,1.3083,1.3045,1.3053,766171,
1789533000000,2026-09-16T04:30:00.000Z,1.3053,1.3093,1.3037,1.309,575969,
1789533300000,2026-09-16T04:35:00.000Z,1.309,1.3096,1.3072,1.3093,201820,
1789533600000,2026-09-16T04:40:00.000Z,1.3093,1.3093,1.3031,1.3041,514071,
1789533900000,2026-09-16T04:45:00.000Z,1.3041,1.3063,1.3031,1.3031,223765,
1789534200000,2026-09-16T04:50:00.000Z,1.3031,1.3034,1.2988,1.2997,415218,
1789534500000,2026-09-16T04:55:00.000Z,1.2997,1.3028,1.298,1.3003,905214,
1789534800000,2026-09-16T05:00:00.000Z,1.3003,1.301,1.2935,1.2953,887645,
1789535100000,2026-09-16T05:05:00.000Z,1.2953,1.2972,1.2934,1.2972,471793,
1789535400000,2026-09-16T05:10:00.000Z,1.2972,1.298,1.2951,1.2959,199965,
1789535700000,2026-09-16T05:15:00.000Z,1.2959,1.2979,1.2952,1.2966,210533,
1789536000000,2026-09-16T05:20:00.000Z,1.2966,1.2997,1.2961,1.2988,211014,
1789536300000,2026-09-16T05:25:00.000Z,1.2988,1.3002,1.297,1.2985,286612,
1789536600000,2026-09-16T05:30:00.000Z,1.2985,1.2991,1.2967,1.2977,102709,
1789536900000,2026-09-16T05:35:00.000Z,1.2977,1.299,1.2966,1.2975,145610,
1789537200000,2026-09-16T05:40:00.000Z,1.2975,1.2991,1.2957,1.2973,388241,
1789537500000,2026-09-16T05:45:00.000Z,1.2973,1.2975,1.293,1.2939,684036,
1789537800000,2026-09-16T05:50:00.000Z,1.2939,1.2939,1.2917,1.2923,322546,
1789538100000,2026-09-16T05:55:00.000Z,1.2923,1.2967,1.2917,1.2959,670112,
1789538400000,2026-09-16T06:00:00.000Z,1.2959,1.2989,1.2948,1.2949,575318,
1789538700000,2026-09-16T06:05:00.000Z,1.2949,1.2956,1.2936,1.2943,197356,
1789539000000,2026-09-16T06:10:00.000Z,1.2943,1.2967,1.2936,1.2955,266301,
1789539300000,2026-09-16T06:15:00.000Z,1.2955,1.2975,1.2947,1.2972,78392,
1789539600000,2026-09-16T06:20:00.000Z,1.2972,1.2981,1.2955,1.2957,101415,
1789539900000,2026-09-16T06:25:00.000Z,1.2957,1.2963,1.2944,1.2949,300492,
1789540200000,2026-09-16T06:30:00.000Z,1.2949,1.295,1.2927,1.2927,278960,
1789540500000,2026-09-16T06:35:00.000Z,1.2927,1.2929,1.2877,1.2907,1526525,
1789540800000,2026-09-16T06:40:00.000Z,1.2907,1.2935,1.2905,1.2933,299953,
1789541100000,2026-09-16T06:45:00.000Z,1.2933,1.2948,1.2929,1.2938,85517,
1789541400000,2026-09-16T06:50:00.000Z,1.2938,1.2942,1.293,1.2942,125668,
1789541700000,2026-09-16T06:55:00.000Z,1.2942,1.2975,1.2937,1.2972,494234,
1789542000000,2026-09-16T07:00:00.000Z,1.2972,1.3013,1.2964,1.2978,1204607,
1789542300000,2026-09-16T07:05:00.000Z,1.2978,1.299,1.2935,1.2935,584854,
1789542600000,2026-09-16T07:10:00.000Z,1.2935,1.2943,1.2909,1.2941,1063806,
1789542900000,2026-09-16T07:15:00.000Z,1.2941,1.2957,1.2916,1.2917,849442,
1789543200000,2026-09-16T07:20:00.000Z,1.2917,1.2926,1.2901,1.2917,1030798,
1789543500000,2026-09-16T07:25:00.000Z,1.2917,1.2928,1.2897,1.2902,173687,
1789543800000,2026-09-16T07:30:00.000Z,1.2902,1.291,1.2886,1.2902,234963,
1789544100000,2026-09-16T07:35:00.000Z,1.2902,1.2902,1.288,1.2896,187700,
1789544400000,2026-09-16T07:40:00.000Z,1.2896,1.2904,1.2873,1.2877,251626,
1789544700000,2026-09-16T07:45:00.000Z,1.2877,1.2894,1.285,1.2869,427510,
1789545000000,2026-09-16T07:50:00.000Z,1.2869,1.2872,1.2849,1.2854,1590617,
1789545300000,2026-09-16T07:55:00.000Z,1.2854,1.2863,1.2837,1.2846,654741,
1789545600000,2026-09-16T08:00:00.000Z,1.2846,1.2848,1.2808,1.2819,728129,
1789545900000,2026-09-16T08:05:00.000Z,1.2819,1.2834,1.2787,1.2828,1422776,
1789546200000,2026-09-16T08:10:00.000Z,1.2828,1.2832,1.2811,1.282,542049,
1789546500000,2026-09-16T08:15:00.000Z,1.282,1.2845,1.2796,1.281,1145425,
1789546800000,2026-09-16T08:20:00.000Z,1.281,1.2812,1.2769,1.2776,1099500,
1789547100000,2026-09-16T08:25:00.000Z,1.2776,1.2798,1.2761,1.2772,899674,
1789547400000,2026-09-16T08:30:00.000Z,1.2772,1.2781,1.2766,1.2778,462097,
1789547700000,2026-09-16T08:35:00.000Z,1.2778,1.2818,1.2774,1.2793,642894,
1789548000000,2026-09-16T08:40:00.000Z,1.2793,1.2808,1.2784,1.2804,246056,
1789548300000,2026-09-16T08:45:00.000Z,1.2804,1.2807,1.2798,1.2801,108123,
1789548600000,2026-09-16T08:50:00.000Z,1.2801,1.2817,1.2794,1.2816,229506,
1789548900000,2026-09-16T08:55:00.000Z,1.2816,1.2845,1.2813,1.2845,486823,
1789549200000,2026-09-16T09:00:00.000Z,1.2845,1.2886,1.2843,1.2884,508194,
1789549500000,2026-09-16T09:05:00.000Z,1.2884,1.2887,1.2845,1.2862,626165,
1789549800000,2026-09-16T09:10:00.000Z,1.2862,1.2865,1.2838,1.284,475987,
1789550100000,2026-09-16T09:15:00.000Z,1.284,1.2856,1.2821,1.2851,521858,
1789550400000,2026-09-16T09:20:00.000Z,1.2851,1.2885,1.2851,1.2884,239256,
1789550700000,2026-09-16T09:25:00.000Z,1.2884,1.2888,1.2853,1.2857,747505,
1789551000000,2026-09-16T09:30:00.000Z,1.2857,1.2878,1.2857,1.2869,226193,
1789551300000,2026-09-16T09:35:00.000Z,1.2869,1.2895,1.2867,1.2884,277697,
1789551600000,2026-09-16T09:40:00.000Z,1.2884,1.2892,1.2882,1.2885,199047,
1789551900000,2026-09-16T09:45:00.000Z,1.2885,1.2897,1.287,1.2893,130102,
1789552200000,2026-09-16T09:50:00.000Z,1.2893,1.2912,1.2893,1.2907,422780,
1789552500000,2026-09-16T09:55:00.000Z,1.2907,1.292,1.2904,1.291,251968,
1789552800000,2026-09-16T10:00:00.000Z,1.291,1.2921,1.289,1.289,702908,
1789553100000,2026-09-16T10:05:00.000Z,1.289,1.2897,1.2872,1.2883,755946,
1789553400000,2026-09-16T10:10:00.000Z,1.2883,1.2891,1.2849,1.2856,728895,
1789553700000,2026-09-16T10:15:00.000Z,1.2856,1.289,1.2851,1.289,423622,
1789554000000,2026-09-16T10:20:00.000Z,1.289,1.2895,1.2864,1.2867,519247,
1789554300000,2026-09-16T10:25:00.000Z,1.2867,1.2884,1.2866,1.2884,103936,
1789554600000,2026-09-16T10:30:00.000Z,1.2884,1.29,1.2878,1.2887,262839,
1789554900000,2026-09-16T10:35:00.000Z,1.2887,1.2893,1.2883,1.2893,106394,
1789555200000,2026-09-16T10:40:00.000Z,1.2893,1.2912,1.2893,1.2904,136912,
1789555500000,2026-09-16T10:45:00.000Z,1.2904,1.2906,1.2894,1.2894,65670,
1789555800000,2026-09-16T10:50:00.000Z,1.2894,1.2896,1.2876,1.2876,115834,
1789556100000,2026-09-16T10:55:00.000Z,1.2876,1.2889,1.2869,1.2888,740322,
1789556400000,2026-09-16T11:00:00.000Z,1.2888,1.2911,1.2868,1.2893,382580,
1789556700000,2026-09-16T11:05:00.000Z,1.2893,1.2893,1.2866,1.2875,65428,
1789557000000,2026-09-16T11:10:00.000Z,1.2875,1.2878,1.2859,1.2863,130474,
1789557300000,2026-09-16T11:15:00.000Z,1.2863,1.2881,1.2855,1.2877,279674,
1789557600000,2026-09-16T11:20:00.000Z,1.2877,1.289,1.2861,1.2864,387803,
1789557900000,2026-09-16T11:25:00.000Z,1.2864,1.2897,1.2864,1.2887,236484,
1789558200000,2026-09-16T11:30:00.000Z,1.2887,1.2914,1.2881,1.2899,277297,
1789558500000,2026-09-16T11:35:00.000Z,1.2899,1.2925,1.2892,1.2904,328993,
1789558800000,2026-09-16T11:40:00.000Z,1.2904,1.2953,1.289,1.2946,1150788,
1789559100000,2026-09-16T11:45:00.000Z,1.2946,1.2961,1.2925,1.2961,627308,
1789559400000,2026-09-16T11:50:00.000Z,1.2961,1.2978,1.295,1.2954,1377013,
1789559700000,2026-09-16T11:55:00.000Z,1.2954,1.2962,1.295,1.2951,282123,
1789560000000,2026-09-16T12:00:00.000Z,1.2951,1.2961,1.2931,1.2947,1097861,
1789560300000,2026-09-16T12:05:00.000Z,1.2947,1.2948,1.2909,1.2914,350731,
1789560600000,2026-09-16T12:10:00.000Z,1.2914,1.2914,1.2871,1.2878,1146696,
1789560900000,2026-09-16T12:15:00.000Z,1.2878,1.2906,1.2877,1.2889,722333,
1789561200000,2026-09-16T12:20:00.000Z,1.2889,1.2889,1.286,1.2864,486378,
1789561500000,2026-09-16T12:25:00.000Z,1.2864,1.2871,1.2806,1.2827,1118661,
1789561800000,2026-09-16T12:30:00.000Z,1.2827,1.2834,1.2783,1.2834,1298739,
1789562100000,2026-09-16T12:35:00.000Z,1.2834,1.2841,1.2805,1.2817,328286,
1789562400000,2026-09-16T12:40:00.000Z,1.2817,1.2822,1.281,1.2812,182746,
1789562700000,2026-09-16T12:45:00.000Z,1.2812,1.2845,1.2806,1.2844,568878,
1789563000000,2026-09-16T12:50:00.000Z,1.2844,1.2847,1.2818,1.2818,296975,
1789563300000,2026-09-16T12:55:00.000Z,1.2818,1.2832,1.2797,1.2824,387686,
1789563600000,2026-09-16T13:00:00.000Z,1.2824,1.2826,1.2756,1.2779,1366251,
1789563900000,2026-09-16T13:05:00.000Z,1.2779,1.2794,1.2756,1.2768,282041,
1789564200000,2026-09-16T13:10:00.000Z,1.2768,1.2768,1.2695,1.2759,2225378,
1789564500000,2026-09-16T13:15:00.000Z,1.2759,1.2796,1.275,1.277,1689212,
1789564800000,2026-09-16T13:20:00.000Z,1.277,1.277,1.2735,1.274,540129,
1789565100000,2026-09-16T13:25:00.000Z,1.274,1.2785,1.2734,1.2766,961795,
1789565400000,2026-09-16T13:30:00.000Z,1.2766,1.2795,1.2753,1.2766,1014973,
1789565700000,2026-09-16T13:35:00.000Z,1.2766,1.2774,1.2715,1.2723,791728,
1789566000000,2026-09-16T13:40:00.000Z,1.2723,1.278,1.272,1.2771,479639,
1789566300000,2026-09-16T13:45:00.000Z,1.2771,1.2822,1.275,1.2797,712842,
1789566600000,2026-09-16T13:50:00.000Z,1.2797,1.2816,1.2746,1.2772,668164,
1789566900000,2026-09-16T13:55:00.000Z,1.2772,1.2777,1.2735,1.2745,238409,
1789567200000,2026-09-16T14:00:00.000Z,1.2745,1.2749,1.268,1.2716,1447577,
1789567500000,2026-09-16T14:05:00.000Z,1.2716,1.2744,1.2705,1.2721,468173,
1789567800000,2026-09-16T14:10:00.000Z,1.2721,1.2729,1.2673,1.2705,988743,
1789568100000,2026-09-16T14:15:00.000Z,1.2705,1.2742,1.2695,1.2703,864775,
1789568400000,2026-09-16T14:20:00.000Z,1.2703,1.2741,1.2697,1.2725,367787,
1789568700000,2026-09-16T14:25:00.000Z,1.2725,1.2754,1.2716,1.2753,420028,
1789569000000,2026-09-16T14:30:00.000Z,1.2753,1.2753,1.2658,1.2691,1541470,
1789569300000,2026-09-16T14:35:00.000Z,1.2691,1.2719,1.2669,1.267,657123,
1789569600000,2026-09-16T14:40:00.000Z,1.267,1.2716,1.2664,1.2707,557235,
1789569900000,2026-09-16T14:45:00.000Z,1.2707,1.2712,1.2629,1.2684,2130613,
1789570200000,2026-09-16T14:50:00.000Z,1.2684,1.2705,1.2621,1.2641,1548711,
1789570500000,2026-09-16T14:55:00.000Z,1.2641,1.2661,1.2628,1.2661,504127,
1789570800000,2026-09-16T15:00:00.000Z,1.2661,1.2691,1.2655,1.2678,481458,
1789571100000,2026-09-16T15:05:00.000Z,1.2678,1.2713,1.2647,1.2691,1053115,
1789571400000,2026-09-16T15:10:00.000Z,1.2691,1.2714,1.2681,1.2705,493873,
1789571700000,2026-09-16T15:15:00.000Z,1.2705,1.2705,1.2664,1.2679,1206185,
1789572000000,2026-09-16T15:20:00.000Z,1.2679,1.2717,1.2674,1.2692,506915,
1789572300000,2026-09-16T15:25:00.000Z,1.2692,1.2703,1.2655,1.2658,317381,
1789572600000,2026-09-16T15:30:00.000Z,1.2658,1.2666,1.2603,1.2656,1318210,
1789572900000,2026-09-16T15:35:00.000Z,1.2656,1.2701,1.2656,1.269,761439,
1789573200000,2026-09-16T15:40:00.000Z,1.269,1.2698,1.2674,1.2674,107534,
1789573500000,2026-09-16T15:45:00.000Z,1.2674,1.274,1.2673,1.2689,1290794,
1789573800000,2026-09-16T15:50:00.000Z,1.2689,1.2703,1.2656,1.2662,507394,
1789574100000,2026-09-16T15:55:00.000Z,1.2662,1.2673,1.2635,1.2656,618395,
1789574400000,2026-09-16T16:00:00.000Z,1.2656,1.2674,1.2637,1.2666,249998,
1789574700000,2026-09-16T16:05:00.000Z,1.2666,1.2679,1.2617,1.2654,1111877,
1789575000000,2026-09-16T16:10:00.000Z,1.2654,1.2685,1.2648,1.2679,311406,
1789575300000,2026-09-16T16:15:00.000Z,1.2679,1.2695,1.2658,1.2688,214200,
1789575600000,2026-09-16T16:20:00.000Z,1.2688,1.2695,1.2655,1.2657,485243,
1789575900000,2026-09-16T16:25:00.000Z,1.2657,1.2679,1.2646,1.2669,477281,
1789576200000,2026-09-16T16:30:00.000Z,1.2669,1.2687,1.2646,1.2656,259631,
1789576500000,2026-09-16T16:35:00.000Z,1.2656,1.2667,1.2646,1.2656,56720,
1789576800000,2026-09-16T16:40:00.000Z,1.2656,1.2656,1.2633,1.2634,318536,
1789577100000,2026-09-16T16:45:00.000Z,1.2634,1.2678,1.2626,1.2662,200819,
1789577400000,2026-09-16T16:50:00.000Z,1.2662,1.2684,1.2651,1.2684,232691,
1789577700000,2026-09-16T16:55:00.000Z,1.2684,1.2696,1.2674,1.2681,283892,
1789578000000,2026-09-16T17:00:00.000Z,1.2681,1.2695,1.2663,1.2694,115494,
1789578300000,2026-09-16T17:05:00.000Z,1.2694,1.2695,1.2639,1.264,520986,
1789578600000,2026-09-16T17:10:00.000Z,1.264,1.2669,1.2635,1.2655,1299973,
1789578900000,2026-09-16T17:15:00.000Z,1.2655,1.267,1.2632,1.2646,592437,
1789579200000,2026-09-16T17:20:00.000Z,1.2646,1.265,1.2581,1.2627,2258839,
1789579500000,2026-09-16T17:25:00.000Z,1.2627,1.2652,1.2622,1.263,210733,
1789579800000,2026-09-16T17:30:00.000Z,1.263,1.2649,1.2607,1.2607,379033,
1789580100000,2026-09-16T17:35:00.000Z,1.2607,1.2615,1.2553,1.2563,2690739,
1789580400000,2026-09-16T17:40:00.000Z,1.2563,1.2583,1.2522,1.2546,2791588,
1789580700000,2026-09-16T17:45:00.000Z,1.2546,1.257,1.2503,1.2508,1668918,
1789581000000,2026-09-16T17:50:00.000Z,1.2508,1.256,1.2504,1.2534,2089691,
1789581300000,2026-09-16T17:55:00.000Z,1.2534,1.2679,1.2531,1.2609,3809591,
1789581600000,2026-09-16T18:00:00.000Z,1.2609,1.2735,1.2461,1.2706,11066855,
1789581900000,2026-09-16T18:05:00.000Z,1.2706,1.2946,1.2703,1.2839,7263101,
1789582200000,2026-09-16T18:10:00.000Z,1.2839,1.288,1.2696,1.2742,5249774,
1789582500000,2026-09-16T18:15:00.000Z,1.2742,1.2814,1.2728,1.2788,2560032,
1789582800000,2026-09-16T18:20:00.000Z,1.2788,1.2838,1.2754,1.2794,1063854,
1789583100000,2026-09-16T18:25:00.000Z,1.2794,1.287,1.2737,1.2843,2268714,
1789583400000,2026-09-16T18:30:00.000Z,1.2843,1.2865,1.2725,1.2742,1371549,
1789583700000,2026-09-16T18:35:00.000Z,1.2742,1.2832,1.2578,1.2809,6199830,
1789584000000,2026-09-16T18:40:00.000Z,1.2809,1.2974,1.2799,1.2894,3421747,
1789584300000,2026-09-16T18:45:00.000Z,1.2894,1.2912,1.2844,1.2871,1708721,
1789584600000,2026-09-16T18:50:00.000Z,1.2871,1.2899,1.2786,1.2789,1281890,
1789584900000,2026-09-16T18:55:00.000Z,1.2789,1.2809,1.2749,1.2779,1589704,
1789585200000,2026-09-16T19:00:00.000Z,1.2779,1.2967,1.2775,1.2926,4101691,
1789585500000,2026-09-16T19:05:00.000Z,1.2926,1.2934,1.2873,1.2888,1081344,
1789585800000,2026-09-16T19:10:00.000Z,1.2888,1.2898,1.2836,1.2894,1376489,
1789586100000,2026-09-16T19:15:00.000Z,1.2894,1.2923,1.2821,1.2862,1517808,
1789586400000,2026-09-16T19:20:00.000Z,1.2862,1.2868,1.2783,1.2793,2436207,
1789586700000,2026-09-16T19:25:00.000Z,1.2793,1.2839,1.2741,1.2831,1880589,
1789587000000,2026-09-16T19:30:00.000Z,1.2831,1.293,1.282,1.2927,1244457,
1789587300000,2026-09-16T19:35:00.000Z,1.2927,1.2944,1.2865,1.2916,987525,
1789587600000,2026-09-16T19:40:00.000Z,1.2916,1.2983,1.2902,1.2966,2870454,
1789587900000,2026-09-16T19:45:00.000Z,1.2966,1.3031,1.2958,1.2979,2396075,
1789588200000,2026-09-16T19:50:00.000Z,1.2979,1.3011,1.2979,1.2997,705231,
1789588500000,2026-09-16T19:55:00.000Z,1.2997,1.3046,1.2986,1.3003,1019133,
1789588800000,2026-09-16T20:00:00.000Z,1.3003,1.3113,1.2983,1.3108,1328779,
1789589100000,2026-09-16T20:05:00.000Z,1.3108,1.3179,1.308,1.3101,2118002,
1789589400000,2026-09-16T20:10:00.000Z,1.3101,1.3114,1.3065,1.3066,1114763,
1789589700000,2026-09-16T20:15:00.000Z,1.3066,1.3099,1.3037,1.3099,2324365,
1789590000000,2026-09-16T20:20:00.000Z,1.3099,1.3147,1.3094,1.3112,946888,
1789590300000,2026-09-16T20:25:00.000Z,1.3112,1.3112,1.3043,1.3081,608795,
1789590600000,2026-09-16T20:30:00.000Z,1.3081,1.3089,1.3023,1.3065,389516,
1789590900000,2026-09-16T20:35:00.000Z,1.3065,1.3082,1.3,1.3005,941673,
1789591200000,2026-09-16T20:40:00.000Z,1.3005,1.3008,1.2962,1.3003,1135107,
1789591500000,2026-09-16T20:45:00.000Z,1.3003,1.3055,1.2998,1.3035,900556,
1789591800000,2026-09-16T20:50:00.000Z,1.3035,1.3036,1.2995,1.3007,480312,
1789592100000,2026-09-16T20:55:00.000Z,1.3007,1.3032,1.3006,1.3021,1144219,
1789592400000,2026-09-16T21:00:00.000Z,1.3021,1.3025,1.2992,1.3001,666825,
1789592700000,2026-09-16T21:05:00.000Z,1.3001,1.302,1.2984,1.3002,235255,
1789593000000,2026-09-16T21:10:00.000Z,1.3002,1.3003,1.2943,1.2952,1237688,
1789593300000,2026-09-16T21:15:00.000Z,1.2952,1.2959,1.2945,1.2949,138599,
1789593600000,2026-09-16T21:20:00.000Z,1.2949,1.2954,1.2921,1.2933,437321,
1789593900000,2026-09-16T21:25:00.000Z,1.2933,1.2952,1.2928,1.2937,181549,
1789594200000,2026-09-16T21:30:00.000Z,1.2937,1.2942,1.2909,1.2915,286969,
1789594500000,2026-09-16T21:35:00.000Z,1.2915,1.2919,1.2868,1.2875,507214,
1789594800000,2026-09-16T21:40:00.000Z,1.2875,1.2883,1.287,1.2878,134870,
1789595100000,2026-09-16T21:45:00.000Z,1.2878,1.2887,1.2868,1.2881,81070,
1789595400000,2026-09-16T21:50:00.000Z,1.2881,1.2924,1.2868,1.2923,234962,
1789595700000,2026-09-16T21:55:00.000Z,1.2923,1.2949,1.2893,1.292,1378563,
1789596000000,2026-09-16T22:00:00.000Z,1.292,1.2931,1.2801,1.2829,1658622,
1789596300000,2026-09-16T22:05:00.000Z,1.2829,1.2841,1.2795,1.2836,1444710,
1789596600000,2026-09-16T22:10:00.000Z,1.2836,1.2888,1.2833,1.2882,267933,
1789596900000,2026-09-16T22:15:00.000Z,1.2882,1.2896,1.2833,1.2833,702116,
1789597200000,2026-09-16T22:20:00.000Z,1.2833,1.2837,1.2806,1.2812,1053817,
1789597500000,2026-09-16T22:25:00.000Z,1.2812,1.2835,1.2812,1.2825,218763,
1789597800000,2026-09-16T22:30:00.000Z,1.2825,1.2828,1.2808,1.2823,240295,
1789598100000,2026-09-16T22:35:00.000Z,1.2823,1.2866,1.2819,1.2864,959296,
1789598400000,2026-09-16T22:40:00.000Z,1.2864,1.2877,1.285,1.2876,279380,
1789598700000,2026-09-16T22:45:00.000Z,1.2876,1.2888,1.2861,1.2865,291779,
1789599000000,2026-09-16T22:50:00.000Z,1.2865,1.2865,1.2841,1.2848,211772,
1789599300000,2026-09-16T22:55:00.000Z,1.2848,1.2861,1.2847,1.2858,35552,
1789599600000,2026-09-16T23:00:00.000Z,1.2858,1.2879,1.2842,1.2875,55843,
1789599900000,2026-09-16T23:05:00.000Z,1.2875,1.2882,1.2854,1.2875,141656,
1789600200000,2026-09-16T23:10:00.000Z,1.2875,1.2877,1.2862,1.2872,65525,
1789600500000,2026-09-16T23:15:00.000Z,1.2872,1.295,1.2872,1.2948,663063,
1789600800000,2026-09-16T23:20:00.000Z,1.2948,1.2977,1.2948,1.2959,955729,
1789601100000,2026-09-16T23:25:00.000Z,1.2959,1.2987,1.2948,1.2973,1309297,
1789601400000,2026-09-16T23:30:00.000Z,1.2973,1.2983,1.2947,1.2967,790054,
1789601700000,2026-09-16T23:35:00.000Z,1.2967,1.2977,1.2947,1.2972,855080,
1789602000000,2026-09-16T23:40:00.000Z,1.2972,1.3026,1.2972,1.3007,2634373,
1789602300000,2026-09-16T23:45:00.000Z,1.3007,1.3018,1.2973,1.3006,1744997,
1789602600000,2026-09-16T23:50:00.000Z,1.3006,1.3023,1.3001,1.3013,113625,
1789602900000,2026-09-16T23:55:00.000Z,1.3013,1.302,1.2983,1.299,691505,
1789603200000,2026-09-17T00:00:00.000Z,1.299,1.299,1.2967,1.2975,479224,
1789603500000,2026-09-17T00:05:00.000Z,1.2975,1.2999,1.2958,1.2999,191535,
1789603800000,2026-09-17T00:10:00.000Z,1.2999,1.3019,1.2985,1.2991,372058,
1789604100000,2026-09-17T00:15:00.000Z,1.2991,1.3022,1.2984,1.3017,165031,
1789604400000,2026-09-17T00:20:00.000Z,1.3017,1.3027,1.2996,1.2999,173050,
1789604700000,2026-09-17T00:25:00.000Z,1.2999,1.3003,1.296,1.2962,577516,
1789605000000,2026-09-17T00:30:00.000Z,1.2962,1.3005,1.2953,1.2982,866783,
1789605300000,2026-09-17T00:35:00.000Z,1.2982,1.3007,1.2951,1.2959,870365,
1789605600000,2026-09-17T00:40:00.000Z,1.2959,1.2988,1.2957,1.2975,665245,
1789605900000,2026-09-17T00:45:00.000Z,1.2975,1.298,1.2952,1.2977,150496,
1789606200000,2026-09-17T00:50:00.000Z,1.2977,1.298,1.2948,1.2948,133389,
1789606500000,2026-09-17T00:55:00.000Z,1.2948,1.2952,1.2941,1.2943,151532,
1789606800000,2026-09-17T01:00:00.000Z,1.2943,1.2947,1.2904,1.2912,450789,
1789607100000,2026-09-17T01:05:00.000Z,1.2912,1.2954,1.2908,1.2918,202626,
1789607400000,2026-09-17T01:10:00.000Z,1.2918,1.2942,1.2908,1.2942,180557,
1789607700000,2026-09-17T01:15:00.000Z,1.2942,1.2971,1.2923,1.2964,296358,
1789608000000,2026-09-17T01:20:00.000Z,1.2964,1.2986,1.2949,1.2986,568663,
1789608300000,2026-09-17T01:25:00.000Z,1.2986,1.3049,1.2986,1.3038,2059746,
1789608600000,2026-09-17T01:30:00.000Z,1.3038,1.3099,1.3032,1.3046,1553866,
1789608900000,2026-09-17T01:35:00.000Z,1.3046,1.3089,1.3027,1.3028,419412,
1789609200000,2026-09-17T01:40:00.000Z,1.3028,1.3044,1.2994,1.3037,1422097,
1789609500000,2026-09-17T01:45:00.000Z,1.3037,1.3037,1.3016,1.3033,393441,
1789609800000,2026-09-17T01:50:00.000Z,1.3033,1.3043,1.2995,1.3011,1161174,
1789610100000,2026-09-17T01:55:00.000Z,1.3011,1.3014,1.2994,1.2996,283770,
1789610400000,2026-09-17T02:00:00.000Z,1.2996,1.3015,1.2988,1.3008,782721,
1789610700000,2026-09-17T02:05:00.000Z,1.3008,1.3008,1.2937,1.2943,549570,
1789611000000,2026-09-17T02:10:00.000Z,1.2943,1.2967,1.2933,1.2967,373864,
1789611300000,2026-09-17T02:15:00.000Z,1.2967,1.2968,1.2943,1.2943,318951,
1789611600000,2026-09-17T02:20:00.000Z,1.2943,1.2952,1.2924,1.2949,417071,
1789611900000,2026-09-17T02:25:00.000Z,1.2949,1.3002,1.2948,1.2974,580404,
1789612200000,2026-09-17T02:30:00.000Z,1.2974,1.2995,1.2959,1.2991,546233,
1789612500000,2026-09-17T02:35:00.000Z,1.2991,1.3044,1.2983,1.3014,1185959,
1789612800000,2026-09-17T02:40:00.000Z,1.3014,1.305,1.3007,1.303,844016,
1789613100000,2026-09-17T02:45:00.000Z,1.303,1.3034,1.2988,1.302,562388,
1789613400000,2026-09-17T02:50:00.000Z,1.302,1.3033,1.2987,1.2995,530563,
1789613700000,2026-09-17T02:55:00.000Z,1.2995,1.3008,1.2991,1.2993,65423,
1789614000000,2026-09-17T03:00:00.000Z,1.2993,1.3022,1.2989,1.302,151337,
1789614300000,2026-09-17T03:05:00.000Z,1.302,1.3041,1.3013,1.302,152831,
1789614600000,2026-09-17T03:10:00.000Z,1.302,1.302,1.3007,1.3012,152818,
1789614900000,2026-09-17T03:15:00.000Z,1.3012,1.3021,1.3007,1.3007,56681,
1789615200000,2026-09-17T03:20:00.000Z,1.3007,1.3022,1.3007,1.3022,51096,
1789615500000,2026-09-17T03:25:00.000Z,1.3022,1.3038,1.3022,1.3037,80163,
1789615800000,2026-09-17T03:30:00.000Z,1.3037,1.307,1.3034,1.3053,1425909,
1789616100000,2026-09-17T03:35:00.000Z,1.3053,1.3057,1.3027,1.3031,818172,
1789616400000,2026-09-17T03:40:00.000Z,1.3031,1.3038,1.3018,1.3023,91434,
1789616700000,2026-09-17T03:45:00.000Z,1.3023,1.3028,1.3001,1.3019,1437364,
1789617000000,2026-09-17T03:50:00.000Z,1.3019,1.3038,1.3001,1.3014,469328,
1789617300000,2026-09-17T03:55:00.000Z,1.3014,1.3038,1.3011,1.3024,344246,
1789617600000,2026-09-17T04:00:00.000Z,1.3024,1.3029,1.2996,1.3002,224931,
1789617900000,2026-09-17T04:05:00.000Z,1.3002,1.3007,1.2986,1.2988,80172,
1789618200000,2026-09-17T04:10:00.000Z,1.2988,1.2997,1.2978,1.2986,769059,
1789618500000,2026-09-17T04:15:00.000Z,1.2986,1.2987,1.2967,1.2967,132126,
1789618800000,2026-09-17T04:20:00.000Z,1.2967,1.2968,1.2934,1.2952,434912,
1789619100000,2026-09-17T04:25:00.000Z,1.2952,1.2957,1.2935,1.2938,305159,
1789619400000,2026-09-17T04:30:00.000Z,1.2938,1.2943,1.2927,1.2935,155948,
1789619700000,2026-09-17T04:35:00.000Z,1.2935,1.2982,1.2935,1.2979,360926,
1789620000000,2026-09-17T04:40:00.000Z,1.2979,1.2988,1.2956,1.2965,311258,
1789620300000,2026-09-17T04:45:00.000Z,1.2965,1.2998,1.2958,1.2991,330232,
1789620600000,2026-09-17T04:50:00.000Z,1.2991,1.3,1.2959,1.2966,382356,
1789620900000,2026-09-17T04:55:00.000Z,1.2966,1.3002,1.2966,1.2995,116210,
1789621200000,2026-09-17T05:00:00.000Z,1.2995,1.3018,1.2983,1.2988,341456,
1789621500000,2026-09-17T05:05:00.000Z,1.2988,1.2989,1.2968,1.2975,118137,
1789621800000,2026-09-17T05:10:00.000Z,1.2975,1.2975,1.2955,1.2963,106286,
1789622100000,2026-09-17T05:15:00.000Z,1.2963,1.2972,1.2949,1.2968,393919,
1789622400000,2026-09-17T05:20:00.000Z,1.2968,1.2991,1.2964,1.2989,110951,
1789622700000,2026-09-17T05:25:00.000Z,1.2989,1.3007,1.2971,1.2978,466015,
1789623000000,2026-09-17T05:30:00.000Z,1.2978,1.2981,1.2948,1.2981,643267,
1789623300000,2026-09-17T05:35:00.000Z,1.2981,1.2982,1.2955,1.2956,117718,
1789623600000,2026-09-17T05:40:00.000Z,1.2956,1.2959,1.2941,1.2949,205303,
1789623900000,2026-09-17T05:45:00.000Z,1.2949,1.2962,1.2949,1.2956,55772,
1789624200000,2026-09-17T05:50:00.000Z,1.2956,1.2973,1.2954,1.2955,175490,
1789624500000,2026-09-17T05:55:00.000Z,1.2955,1.296,1.2936,1.2952,344052,
1789624800000,2026-09-17T06:00:00.000Z,1.2952,1.2972,1.2948,1.2967,158734,
1789625100000,2026-09-17T06:05:00.000Z,1.2967,1.2982,1.2944,1.2962,369175,
1789625400000,2026-09-17T06:10:00.000Z,1.2962,1.2974,1.2957,1.2962,50566,
1789625700000,2026-09-17T06:15:00.000Z,1.2962,1.2962,1.2945,1.2949,172666,
1789626000000,2026-09-17T06:20:00.000Z,1.2949,1.2949,1.2934,1.2937,268015,
1789626300000,2026-09-17T06:25:00.000Z,1.2937,1.2966,1.2934,1.2966,28118,
1789626600000,2026-09-17T06:30:00.000Z,1.2966,1.299,1.2966,1.2984,102081,
1789626900000,2026-09-17T06:35:00.000Z,1.2984,1.3004,1.2984,1.2992,124969,
1789627200000,2026-09-17T06:40:00.000Z,1.2992,1.3021,1.2992,1.3013,655557,
1789627500000,2026-09-17T06:45:00.000Z,1.3013,1.3031,1.3011,1.3017,271297,
1789627800000,2026-09-17T06:50:00.000Z,1.3017,1.3017,1.3007,1.301,248881,
1789628100000,2026-09-17T06:55:00.000Z,1.301,1.301,1.2999,1.3006,153356,
1789628400000,2026-09-17T07:00:00.000Z,1.3006,1.3028,1.3,1.3027,208009,
1789628700000,2026-09-17T07:05:00.000Z,1.3027,1.306,1.3027,1.3048,592115,
1789629000000,2026-09-17T07:10:00.000Z,1.3048,1.3061,1.3018,1.3031,543608,
1789629300000,2026-09-17T07:15:00.000Z,1.3031,1.3052,1.3018,1.3029,216939,
1789629600000,2026-09-17T07:20:00.000Z,1.3029,1.3041,1.3011,1.3036,1143999,
1789629900000,2026-09-17T07:25:00.000Z,1.3036,1.3041,1.3016,1.3032,489137,
1789630200000,2026-09-17T07:30:00.000Z,1.3032,1.3045,1.3019,1.3031,390546,
1789630500000,2026-09-17T07:35:00.000Z,1.3031,1.3035,1.3009,1.3014,516427,
1789630800000,2026-09-17T07:40:00.000Z,1.3014,1.3024,1.3003,1.3004,162762,
1789631100000,2026-09-17T07:45:00.000Z,1.3004,1.3025,1.2996,1.3013,505323,
1789631400000,2026-09-17T07:50:00.000Z,1.3013,1.3017,1.3004,1.3005,107400,
1789631700000,2026-09-17T07:55:00.000Z,1.3005,1.3016,1.2996,1.3015,94838,
1789632000000,2026-09-17T08:00:00.000Z,1.3015,1.3028,1.3008,1.3027,70627,
1789632300000,2026-09-17T08:05:00.000Z,1.3027,1.3029,1.3001,1.3002,86862,
1789632600000,2026-09-17T08:10:00.000Z,1.3002,1.3014,1.2979,1.2984,462050,
1789632900000,2026-09-17T08:15:00.000Z,1.2984,1.302,1.298,1.3012,461222,
1789633200000,2026-09-17T08:20:00.000Z,1.3012,1.3019,1.2987,1.2995,446762,
1789633500000,2026-09-17T08:25:00.000Z,1.2995,1.3001,1.299,1.2992,124674,
1789633800000,2026-09-17T08:30:00.000Z,1.2992,1.3018,1.2986,1.3009,446666,
1789634100000,2026-09-17T08:35:00.000Z,1.3009,1.3032,1.3008,1.303,192940,
1789634400000,2026-09-17T08:40:00.000Z,1.303,1.303,1.3004,1.3026,304974,
1789634700000,2026-09-17T08:45:00.000Z,1.3026,1.3031,1.3014,1.3017,182390,
1789635000000,2026-09-17T08:50:00.000Z,1.3017,1.3036,1.3016,1.3033,130566,
1789635300000,2026-09-17T08:55:00.000Z,1.3033,1.3037,1.3025,1.3033,129445,
1789635600000,2026-09-17T09:00:00.000Z,1.3033,1.3054,1.3032,1.3049,238045,
1789635900000,2026-09-17T09:05:00.000Z,1.3049,1.3069,1.3049,1.3052,238896,
1789636200000,2026-09-17T09:10:00.000Z,1.3052,1.307,1.305,1.3056,181842,
1789636500000,2026-09-17T09:15:00.000Z,1.3056,1.3086,1.3054,1.3071,576059,
1789636800000,2026-09-17T09:20:00.000Z,1.3071,1.3086,1.3062,1.3071,402990,
1789637100000,2026-09-17T09:25:00.000Z,1.3071,1.3078,1.3053,1.3057,434749,
1789637400000,2026-09-17T09:30:00.000Z,1.3057,1.3066,1.3033,1.3056,548446,
1789637700000,2026-09-17T09:35:00.000Z,1.3056,1.3063,1.3034,1.3037,246609,
1789638000000,2026-09-17T09:40:00.000Z,1.3037,1.3046,1.3029,1.303,599331,
1789638300000,2026-09-17T09:45:00.000Z,1.303,1.3053,1.3007,1.3023,812463,
1789638600000,2026-09-17T09:50:00.000Z,1.3023,1.3023,1.2985,1.3002,1010063,
1789638900000,2026-09-17T09:55:00.000Z,1.3002,1.3006,1.2983,1.299,445410,
1789639200000,2026-09-17T10:00:00.000Z,1.299,1.2997,1.2914,1.2934,1193213,
1789639500000,2026-09-17T10:05:00.000Z,1.2934,1.2958,1.2926,1.2937,565924,
1789639800000,2026-09-17T10:10:00.000Z,1.2937,1.2955,1.2933,1.2941,143356,
1789640100000,2026-09-17T10:15:00.000Z,1.2941,1.2949,1.2928,1.294,355166,
1789640400000,2026-09-17T10:20:00.000Z,1.294,1.2957,1.2936,1.294,272003,
1789640700000,2026-09-17T10:25:00.000Z,1.294,1.295,1.294,1.294,105115,
1789641000000,2026-09-17T10:30:00.000Z,1.294,1.2956,1.2933,1.2942,401725,
1789641300000,2026-09-17T10:35:00.000Z,1.2942,1.2959,1.2939,1.2953,188356,
1789641600000,2026-09-17T10:40:00.000Z,1.2953,1.2953,1.2932,1.2933,341875,
1789641900000,2026-09-17T10:45:00.000Z,1.2933,1.2937,1.2915,1.2922,293997,
1789642200000,2026-09-17T10:50:00.000Z,1.2922,1.2941,1.292,1.2938,157594,
1789642500000,2026-09-17T10:55:00.000Z,1.2938,1.2954,1.2934,1.2952,168089,
1789642800000,2026-09-17T11:00:00.000Z,1.2952,1.2977,1.2949,1.2973,197713,
1789643100000,2026-09-17T11:05:00.000Z,1.2973,1.2973,1.2953,1.2969,205839,
1789643400000,2026-09-17T11:10:00.000Z,1.2969,1.2979,1.296,1.2979,93548,
1789643700000,2026-09-17T11:15:00.000Z,1.2979,1.2982,1.2953,1.2962,208095,
1789644000000,2026-09-17T11:20:00.000Z,1.2962,1.2971,1.2957,1.2958,56953,
1789644300000,2026-09-17T11:25:00.000Z,1.2958,1.2975,1.2954,1.2965,267600,
1789644600000,2026-09-17T11:30:00.000Z,1.2965,1.2965,1.2935,1.2941,189254,
1789644900000,2026-09-17T11:35:00.000Z,1.2941,1.2943,1.2929,1.293,439487,
1789645200000,2026-09-17T11:40:00.000Z,1.293,1.2935,1.2911,1.2913,251043,
1789645500000,2026-09-17T11:45:00.000Z,1.2913,1.2937,1.2913,1.2929,63144,
1789645800000,2026-09-17T11:50:00.000Z,1.2929,1.2947,1.2921,1.2944,284011,
1789646100000,2026-09-17T11:55:00.000Z,1.2944,1.2995,1.2943,1.299,347908,
1789646400000,2026-09-17T12:00:00.000Z,1.299,1.3024,1.298,1.3002,559955,
1789646700000,2026-09-17T12:05:00.000Z,1.3002,1.3025,1.2989,1.3017,594787,
1789647000000,2026-09-17T12:10:00.000Z,1.3017,1.3074,1.3017,1.307,653111,
1789647300000,2026-09-17T12:15:00.000Z,1.307,1.3096,1.3058,1.3088,1163050,
1789647600000,2026-09-17T12:20:00.000Z,1.3088,1.3108,1.3074,1.3094,1369872,
1789647900000,2026-09-17T12:25:00.000Z,1.3094,1.3124,1.3094,1.3116,326513,
1789648200000,2026-09-17T12:30:00.000Z,1.3116,1.3146,1.3075,1.3122,1554724,
1789648500000,2026-09-17T12:35:00.000Z,1.3122,1.3129,1.3094,1.3096,550757,
1789648800000,2026-09-17T12:40:00.000Z,1.3096,1.31,1.3065,1.3065,695672,
1789649100000,2026-09-17T12:45:00.000Z,1.3065,1.3075,1.3036,1.3044,644594,
1789649400000,2026-09-17T12:50:00.000Z,1.3044,1.307,1.3043,1.3046,417052,
1789649700000,2026-09-17T12:55:00.000Z,1.3046,1.3063,1.3035,1.3043,485369,
1789650000000,2026-09-17T13:00:00.000Z,1.3043,1.3086,1.3042,1.3077,584434,
1789650300000,2026-09-17T13:05:00.000Z,1.3077,1.3077,1.302,1.3025,568373,
1789650600000,2026-09-17T13:10:00.000Z,1.3025,1.3045,1.3006,1.3023,505037,
1789650900000,2026-09-17T13:15:00.000Z,1.3023,1.3044,1.301,1.3023,430885,
1789651200000,2026-09-17T13:20:00.000Z,1.3023,1.3041,1.3006,1.3014,357145,
1789651500000,2026-09-17T13:25:00.000Z,1.3014,1.3024,1.3004,1.3014,477552,
1789651800000,2026-09-17T13:30:00.000Z,1.3014,1.302,1.2955,1.2975,1364969,
1789652100000,2026-09-17T13:35:00.000Z,1.2975,1.2981,1.2886,1.29,2359140,
1789652400000,2026-09-17T13:40:00.000Z,1.29,1.2942,1.2899,1.2939,551262,
1789652700000,2026-09-17T13:45:00.000Z,1.2939,1.2998,1.2906,1.2985,944863,
1789653000000,2026-09-17T13:50:00.000Z,1.2985,1.3031,1.2968,1.2994,701360,
1789653300000,2026-09-17T13:55:00.000Z,1.2994,1.3032,1.2994,1.303,427404,
1789653600000,2026-09-17T14:00:00.000Z,1.303,1.3048,1.2958,1.2976,1298498,
1789653900000,2026-09-17T14:05:00.000Z,1.2976,1.3037,1.2963,1.3029,624113,
1789654200000,2026-09-17T14:10:00.000Z,1.3029,1.3096,1.3024,1.3094,1239712,
1789654500000,2026-09-17T14:15:00.000Z,1.3094,1.3096,1.3041,1.3055,545828,
1789654800000,2026-09-17T14:20:00.000Z,1.3055,1.3159,1.3054,1.3158,1499833,
1789655100000,2026-09-17T14:25:00.000Z,1.3158,1.3197,1.3136,1.3153,2400787,
1789655400000,2026-09-17T14:30:00.000Z,1.3153,1.3171,1.3101,1.3126,945384,
1789655700000,2026-09-17T14:35:00.000Z,1.3126,1.3138,1.3097,1.31,568033,
1789656000000,2026-09-17T14:40:00.000Z,1.31,1.3113,1.3059,1.3064,465486,
1789656300000,2026-09-17T14:45:00.000Z,1.3064,1.3091,1.3027,1.305,708606,
1789656600000,2026-09-17T14:50:00.000Z,1.305,1.3054,1.3031,1.3038,377533,
1789656900000,2026-09-17T14:55:00.000Z,1.3038,1.3039,1.2996,1.2996,646160,
1789657200000,2026-09-17T15:00:00.000Z,1.2996,1.3008,1.2955,1.2968,1349212,
1789657500000,2026-09-17T15:05:00.000Z,1.2968,1.298,1.2945,1.2972,1309719,
1789657800000,2026-09-17T15:10:00.000Z,1.2972,1.2972,1.2942,1.2956,328084,
1789658100000,2026-09-17T15:15:00.000Z,1.2956,1.2999,1.2938,1.298,776946,
1789658400000,2026-09-17T15:20:00.000Z,1.298,1.2992,1.297,1.2979,321537,
1789658700000,2026-09-17T15:25:00.000Z,1.2979,1.3004,1.2973,1.3001,387449,
1789659000000,2026-09-17T15:30:00.000Z,1.3001,1.3016,1.2994,1.3013,565706,
1789659300000,2026-09-17T15:35:00.000Z,1.3013,1.3069,1.3006,1.3068,453343,
1789659600000,2026-09-17T15:40:00.000Z,1.3068,1.3098,1.3063,1.3068,568821,
1789659900000,2026-09-17T15:45:00.000Z,1.3068,1.3068,1.3044,1.3049,378582,
1789660200000,2026-09-17T15:50:00.000Z,1.3049,1.3092,1.304,1.3082,231456,
1789660500000,2026-09-17T15:55:00.000Z,1.3082,1.3082,1.3053,1.3072,157052,
1789660800000,2026-09-17T16:00:00.000Z,1.3072,1.3084,1.3061,1.3063,183696,
1789661100000,2026-09-17T16:05:00.000Z,1.3063,1.3069,1.3043,1.3064,435639,
1789661400000,2026-09-17T16:10:00.000Z,1.3064,1.3067,1.3043,1.3067,70924,
1789661700000,2026-09-17T16:15:00.000Z,1.3067,1.3071,1.3046,1.3048,91213,
1789662000000,2026-09-17T16:20:00.000Z,1.3048,1.3067,1.3035,1.3055,289817,
1789662300000,2026-09-17T16:25:00.000Z,1.3055,1.3058,1.3026,1.304,319256,
1789662600000,2026-09-17T16:30:00.000Z,1.304,1.3047,1.2967,1.3001,1715461,
1789662900000,2026-09-17T16:35:00.000Z,1.3001,1.3016,1.2979,1.3002,620530,
1789663200000,2026-09-17T16:40:00.000Z,1.3002,1.3016,1.2988,1.3016,360119,
1789663500000,2026-09-17T16:45:00.000Z,1.3016,1.3031,1.2983,1.299,308326,
1789663800000,2026-09-17T16:50:00.000Z,1.299,1.3026,1.299,1.3013,289980,
1789664100000,2026-09-17T16:55:00.000Z,1.3013,1.3039,1.2988,1.3039,269888,
1789664400000,2026-09-17T17:00:00.000Z,1.3039,1.3084,1.3028,1.3081,719766,
1789664700000,2026-09-17T17:05:00.000Z,1.3081,1.3084,1.3068,1.3077,141250,
1789665000000,2026-09-17T17:10:00.000Z,1.3077,1.3077,1.3036,1.3038,365813,
1789665300000,2026-09-17T17:15:00.000Z,1.3038,1.3046,1.3017,1.3045,166515,
1789665600000,2026-09-17T17:20:00.000Z,1.3045,1.3075,1.3038,1.3059,71916,
1789665900000,2026-09-17T17:25:00.000Z,1.3059,1.3065,1.3048,1.3058,77393,
1789666200000,2026-09-17T17:30:00.000Z,1.3058,1.3061,1.3038,1.3061,101223,
1789666500000,2026-09-17T17:35:00.000Z,1.3061,1.3061,1.3027,1.3027,267693,
1789666800000,2026-09-17T17:40:00.000Z,1.3027,1.3044,1.3015,1.3015,313811,
1789667100000,2026-09-17T17:45:00.000Z,1.3015,1.3018,1.3,1.3017,278499,
1789667400000,2026-09-17T17:50:00.000Z,1.3017,1.3018,1.2992,1.3005,78708,
1789667700000,2026-09-17T17:55:00.000Z,1.3005,1.3015,1.2997,1.3,101211,
1789668000000,2026-09-17T18:00:00.000Z,1.3,1.3002,1.2987,1.2991,80430,
1789668300000,2026-09-17T18:05:00.000Z,1.2991,1.2994,1.2983,1.2988,55198,
1789668600000,2026-09-17T18:10:00.000Z,1.2988,1.2992,1.2983,1.299,83422,
1789668900000,2026-09-17T18:15:00.000Z,1.299,1.2996,1.2986,1.2996,129386,
1789669200000,2026-09-17T18:20:00.000Z,1.2996,1.3,1.2977,1.2979,196746,
1789669500000,2026-09-17T18:25:00.000Z,1.2979,1.2989,1.2979,1.2988,20305,
1789669800000,2026-09-17T18:30:00.000Z,1.2988,1.3,1.2935,1.2953,588354,
1789670100000,2026-09-17T18:35:00.000Z,1.2953,1.2966,1.2935,1.2937,354503,
1789670400000,2026-09-17T18:40:00.000Z,1.2937,1.2966,1.2931,1.2964,483911,
1789670700000,2026-09-17T18:45:00.000Z,1.2964,1.2982,1.2955,1.2972,405457,
1789671000000,2026-09-17T18:50:00.000Z,1.2972,1.2973,1.2949,1.2963,251474,
1789671300000,2026-09-17T18:55:00.000Z,1.2963,1.2966,1.2945,1.2949,209570,
1789671600000,2026-09-17T19:00:00.000Z,1.2949,1.2949,1.2937,1.2945,139503,
1789671900000,2026-09-17T19:05:00.000Z,1.2945,1.295,1.2925,1.2928,116313,
1789672200000,2026-09-17T19:10:00.000Z,1.2928,1.2934,1.2924,1.2931,222594,
1789672500000,2026-09-17T19:15:00.000Z,1.2931,1.2931,1.2917,1.2928,72382,
1789672800000,2026-09-17T19:20:00.000Z,1.2928,1.2951,1.2928,1.2936,232173,
1789673100000,2026-09-17T19:25:00.000Z,1.2936,1.2951,1.2935,1.2951,281534,
1789673400000,2026-09-17T19:30:00.000Z,1.2951,1.2963,1.2939,1.2955,91658,
1789673700000,2026-09-17T19:35:00.000Z,1.2955,1.2956,1.294,1.2944,298644,
1789674000000,2026-09-17T19:40:00.000Z,1.2944,1.2953,1.2935,1.2944,232022,
1789674300000,2026-09-17T19:45:00.000Z,1.2944,1.2949,1.2928,1.2946,305529,
1789674600000,2026-09-17T19:50:00.000Z,1.2946,1.2984,1.2946,1.2965,960204,
1789674900000,2026-09-17T19:55:00.000Z,1.2965,1.2969,1.2946,1.2949,207213,
1789675200000,2026-09-17T20:00:00.000Z,1.2949,1.2961,1.2938,1.2958,318034,
1789675500000,2026-09-17T20:05:00.000Z,1.2958,1.297,1.2957,1.2958,128233,
1789675800000,2026-09-17T20:10:00.000Z,1.2958,1.2983,1.2958,1.2983,484464,
1789676100000,2026-09-17T20:15:00.000Z,1.2983,1.2983,1.2968,1.2978,153348,
1789676400000,2026-09-17T20:20:00.000Z,1.2978,1.2998,1.2975,1.2998,436611,
1789676700000,2026-09-17T20:25:00.000Z,1.2998,1.3001,1.2994,1.2997,120772,
1789677000000,2026-09-17T20:30:00.000Z,1.2997,1.2998,1.2984,1.2984,130628,
1789677300000,2026-09-17T20:35:00.000Z,1.2984,1.299,1.2972,1.2973,85508,
1789677600000,2026-09-17T20:40:00.000Z,1.2973,1.2977,1.2948,1.2956,362288,
1789677900000,2026-09-17T20:45:00.000Z,1.2956,1.2963,1.2956,1.2956,55367,
1789678200000,2026-09-17T20:50:00.000Z,1.2956,1.2977,1.2951,1.2977,150661,
1789678500000,2026-09-17T20:55:00.000Z,1.2977,1.2981,1.2973,1.298,79767,
1789678800000,2026-09-17T21:00:00.000Z,1.298,1.3,1.2965,1.2968,289444,
1789679100000,2026-09-17T21:05:00.000Z,1.2968,1.297,1.2955,1.2955,91731,
1789679400000,2026-09-17T21:10:00.000Z,1.2955,1.2965,1.2952,1.2953,103080,
1789679700000,2026-09-17T21:15:00.000Z,1.2953,1.2958,1.2944,1.2949,84909,
1789680000000,2026-09-17T21:20:00.000Z,1.2949,1.2955,1.294,1.2947,133479,
1789680300000,2026-09-17T21:25:00.000Z,1.2947,1.2959,1.2945,1.2955,37092,
1789680600000,2026-09-17T21:30:00.000Z,1.2955,1.2956,1.2947,1.2952,100585,
1789680900000,2026-09-17T21:35:00.000Z,1.2952,1.2967,1.2945,1.2965,218391,
1789681200000,2026-09-17T21:40:00.000Z,1.2965,1.2965,1.2946,1.2948,210411,
1789681500000,2026-09-17T21:45:00.000Z,1.2948,1.2949,1.2924,1.2938,429386,
1789681800000,2026-09-17T21:50:00.000Z,1.2938,1.2941,1.2925,1.294,107538,
1789682100000,2026-09-17T21:55:00.000Z,1.294,1.2943,1.291,1.2913,214416,
1789682400000,2026-09-17T22:00:00.000Z,1.2913,1.2922,1.2885,1.2907,1041391,
1789682700000,2026-09-17T22:05:00.000Z,1.2907,1.2945,1.2897,1.2908,523409,
1789683000000,2026-09-17T22:10:00.000Z,1.2908,1.2936,1.2903,1.2921,428573,
1789683300000,2026-09-17T22:15:00.000Z,1.2921,1.2929,1.2863,1.2884,711393,
1789683600000,2026-09-17T22:20:00.000Z,1.2884,1.2896,1.2869,1.2883,201486,
1789683900000,2026-09-17T22:25:00.000Z,1.2883,1.289,1.2873,1.2886,380987,
1789684200000,2026-09-17T22:30:00.000Z,1.2886,1.291,1.2876,1.291,120695,
1789684500000,2026-09-17T22:35:00.000Z,1.291,1.2945,1.2909,1.2943,289307,
1789684800000,2026-09-17T22:40:00.000Z,1.2943,1.2946,1.2922,1.2936,410367,
1789685100000,2026-09-17T22:45:00.000Z,1.2936,1.2956,1.293,1.2946,427615,
1789685400000,2026-09-17T22:50:00.000Z,1.2946,1.295,1.2921,1.2933,457677,
1789685700000,2026-09-17T22:55:00.000Z,1.2933,1.2954,1.2924,1.2953,486853,
1789686000000,2026-09-17T23:00:00.000Z,1.2953,1.2964,1.2935,1.2941,365082,
1789686300000,2026-09-17T23:05:00.000Z,1.2941,1.2957,1.2941,1.2946,65744,
1789686600000,2026-09-17T23:10:00.000Z,1.2946,1.2969,1.2942,1.2963,304592,
1789686900000,2026-09-17T23:15:00.000Z,1.2963,1.2967,1.2953,1.2957,86109,
1789687200000,2026-09-17T23:20:00.000Z,1.2957,1.2975,1.2955,1.2966,135497,
1789687500000,2026-09-17T23:25:00.000Z,1.2966,1.2975,1.2963,1.2975,168768,
1789687800000,2026-09-17T23:30:00.000Z,1.2975,1.2976,1.2948,1.2951,163470,
1789688100000,2026-09-17T23:35:00.000Z,1.2951,1.2957,1.2927,1.2951,366561,
1789688400000,2026-09-17T23:40:00.000Z,1.2951,1.298,1.2949,1.2963,410181,
1789688700000,2026-09-17T23:45:00.000Z,1.2963,1.2979,1.2958,1.2969,252406,
1789689000000,2026-09-17T23:50:00.000Z,1.2969,1.2972,1.2952,1.2966,302383,
1789689300000,2026-09-17T23:55:00.000Z,1.2966,1.2969,1.2952,1.2956,213821,
1789689600000,2026-09-18T00:00:00.000Z,1.2956,1.2963,1.2953,1.2959,41410,
1789689900000,2026-09-18T00:05:00.000Z,1.2959,1.2965,1.2942,1.2961,200735,
1789690200000,2026-09-18T00:10:00.000Z,1.2961,1.2963,1.294,1.295,453390,
1789690500000,2026-09-18T00:15:00.000Z,1.295,1.2953,1.2929,1.2936,116070,
1789690800000,2026-09-18T00:20:00.000Z,1.2936,1.2936,1.2925,1.2928,375032,
1789691100000,2026-09-18T00:25:00.000Z,1.2928,1.2935,1.291,1.2926,149490,
1789691400000,2026-09-18T00:30:00.000Z,1.2926,1.2952,1.2926,1.295,235503,
1789691700000,2026-09-18T00:35:00.000Z,1.295,1.2952,1.2923,1.2923,45491,
1789692000000,2026-09-18T00:40:00.000Z,1.2923,1.2939,1.2911,1.2939,381644,
1789692300000,2026-09-18T00:45:00.000Z,1.2939,1.2948,1.2933,1.2945,27672,
1789692600000,2026-09-18T00:50:00.000Z,1.2945,1.299,1.2945,1.299,325067,
1789692900000,2026-09-18T00:55:00.000Z,1.299,1.3009,1.298,1.2998,1357956,
1789693200000,2026-09-18T01:00:00.000Z,1.2998,1.3027,1.2983,1.299,366345,
1789693500000,2026-09-18T01:05:00.000Z,1.299,1.3015,1.299,1.3012,544699,
1789693800000,2026-09-18T01:10:00.000Z,1.3012,1.3022,1.2996,1.3009,281271,
1789694100000,2026-09-18T01:15:00.000Z,1.3009,1.302,1.2991,1.3018,500253,
1789694400000,2026-09-18T01:20:00.000Z,1.3018,1.3033,1.2998,1.3006,502888,
1789694700000,2026-09-18T01:25:00.000Z,1.3006,1.3006,1.2994,1.3004,552119,
1789695000000,2026-09-18T01:30:00.000Z,1.3004,1.3011,1.2997,1.3003,123737,
1789695300000,2026-09-18T01:35:00.000Z,1.3003,1.3023,1.2997,1.302,63191,
1789695600000,2026-09-18T01:40:00.000Z,1.302,1.3033,1.3019,1.3024,139827,
1789695900000,2026-09-18T01:45:00.000Z,1.3024,1.306,1.3024,1.3054,646376,
1789696200000,2026-09-18T01:50:00.000Z,1.3054,1.3064,1.3032,1.3047,293853,
1789696500000,2026-09-18T01:55:00.000Z,1.3047,1.3056,1.303,1.3045,360554,
1789696800000,2026-09-18T02:00:00.000Z,1.3045,1.3077,1.3031,1.3033,777616,
1789697100000,2026-09-18T02:05:00.000Z,1.3033,1.3037,1.3002,1.301,326672,
1789697400000,2026-09-18T02:10:00.000Z,1.301,1.3044,1.2998,1.3042,381631,
1789697700000,2026-09-18T02:15:00.000Z,1.3042,1.3057,1.3033,1.3035,262099,
1789698000000,2026-09-18T02:20:00.000Z,1.3035,1.3051,1.3033,1.3047,108455,
1789698300000,2026-09-18T02:25:00.000Z,1.3047,1.3073,1.3042,1.3066,461520,
1789698600000,2026-09-18T02:30:00.000Z,1.3066,1.308,1.3066,1.308,500927,
1789698900000,2026-09-18T02:35:00.000Z,1.308,1.3106,1.3076,1.3093,838171,
1789699200000,2026-09-18T02:40:00.000Z,1.3093,1.3093,1.3054,1.3059,497117,
1789699500000,2026-09-18T02:45:00.000Z,1.3059,1.3075,1.3056,1.3059,250366,
1789699800000,2026-09-18T02:50:00.000Z,1.3059,1.3066,1.3054,1.3066,242808,
1789700100000,2026-09-18T02:55:00.000Z,1.3066,1.3067,1.3054,1.3054,100626,
1789700400000,2026-09-18T03:00:00.000Z,1.3054,1.3061,1.3045,1.3061,359163,
1789700700000,2026-09-18T03:05:00.000Z,1.3061,1.3113,1.3061,1.3088,385748,
1789701000000,2026-09-18T03:10:00.000Z,1.3088,1.3159,1.3088,1.3155,1117574,
1789701300000,2026-09-18T03:15:00.000Z,1.3155,1.3237,1.3153,1.3201,1996629,
1789701600000,2026-09-18T03:20:00.000Z,1.3201,1.3215,1.3181,1.3186,1085120,
1789701900000,2026-09-18T03:25:00.000Z,1.3186,1.3223,1.3147,1.3208,1914416,
1789702200000,2026-09-18T03:30:00.000Z,1.3208,1.3233,1.3183,1.3208,842020,
1789702500000,2026-09-18T03:35:00.000Z,1.3208,1.322,1.3174,1.3177,495995,
1789702800000,2026-09-18T03:40:00.000Z,1.3177,1.3199,1.3164,1.3198,555860,
1789703100000,2026-09-18T03:45:00.000Z,1.3198,1.3263,1.3198,1.3262,844389,
1789703400000,2026-09-18T03:50:00.000Z,1.3262,1.3288,1.3246,1.3251,940830,
1789703700000,2026-09-18T03:55:00.000Z,1.3251,1.3271,1.3229,1.3262,544777,
1789704000000,2026-09-18T04:00:00.000Z,1.3262,1.327,1.3231,1.3237,258581,
1789704300000,2026-09-18T04:05:00.000Z,1.3237,1.3237,1.3185,1.3195,1031274,
1789704600000,2026-09-18T04:10:00.000Z,1.3195,1.3209,1.3173,1.3187,514781,
1789704900000,2026-09-18T04:15:00.000Z,1.3187,1.321,1.3176,1.3206,393312,
1789705200000,2026-09-18T04:20:00.000Z,1.3206,1.3227,1.3195,1.3205,414494,
1789705500000,2026-09-18T04:25:00.000Z,1.3205,1.3209,1.317,1.3172,475159,
1789705800000,2026-09-18T04:30:00.000Z,1.3172,1.3174,1.3133,1.3157,699286,
1789706100000,2026-09-18T04:35:00.000Z,1.3157,1.3182,1.3157,1.3159,450828,
1789706400000,2026-09-18T04:40:00.000Z,1.3159,1.32,1.3144,1.32,606500,
1789706700000,2026-09-18T04:45:00.000Z,1.32,1.3229,1.3199,1.3201,1081742,
1789707000000,2026-09-18T04:50:00.000Z,1.3201,1.3228,1.3197,1.3214,437245,
1789707300000,2026-09-18T04:55:00.000Z,1.3214,1.3252,1.3214,1.3252,725798,
1789707600000,2026-09-18T05:00:00.000Z,1.3252,1.3256,1.3203,1.3203,887204,
1789707900000,2026-09-18T05:05:00.000Z,1.3203,1.3265,1.3203,1.3214,730379,
1789708200000,2026-09-18T05:10:00.000Z,1.3214,1.3249,1.321,1.3223,507361,
1789708500000,2026-09-18T05:15:00.000Z,1.3223,1.3245,1.3206,1.3224,247320,
1789708800000,2026-09-18T05:20:00.000Z,1.3224,1.3225,1.3194,1.3206,786417,
1789709100000,2026-09-18T05:25:00.000Z,1.3206,1.3222,1.3177,1.3209,601374,
1789709400000,2026-09-18T05:30:00.000Z,1.3209,1.3232,1.3197,1.3231,434204,
1789709700000,2026-09-18T05:35:00.000Z,1.3231,1.3237,1.3197,1.3218,449010,
1789710000000,2026-09-18T05:40:00.000Z,1.3218,1.3218,1.3191,1.3195,106551,
1789710300000,2026-09-18T05:45:00.000Z,1.3195,1.3195,1.3174,1.3181,245648,
1789710600000,2026-09-18T05:50:00.000Z,1.3181,1.3186,1.3166,1.3166,341884,
1789710900000,2026-09-18T05:55:00.000Z,1.3166,1.3179,1.3163,1.3177,203458,
1789711200000,2026-09-18T06:00:00.000Z,1.3177,1.3229,1.3177,1.3218,372327,
1789711500000,2026-09-18T06:05:00.000Z,1.3218,1.3226,1.3189,1.319,372724,
1789711800000,2026-09-18T06:10:00.000Z,1.319,1.3207,1.3182,1.3193,261917,
1789712100000,2026-09-18T06:15:00.000Z,1.3193,1.3219,1.3189,1.3201,252437,
1789712400000,2026-09-18T06:20:00.000Z,1.3201,1.3224,1.3189,1.3217,538056,
1789712700000,2026-09-18T06:25:00.000Z,1.3217,1.3234,1.3204,1.3205,363059,
1789713000000,2026-09-18T06:30:00.000Z,1.3205,1.3218,1.3204,1.3211,100231,
1789713300000,2026-09-18T06:35:00.000Z,1.3211,1.3241,1.3209,1.3231,408881,
1789713600000,2026-09-18T06:40:00.000Z,1.3231,1.3243,1.3224,1.323,331960,
1789713900000,2026-09-18T06:45:00.000Z,1.323,1.3243,1.3216,1.3229,297501,
1789714200000,2026-09-18T06:50:00.000Z,1.3229,1.3229,1.3194,1.3198,350895,
1789714500000,2026-09-18T06:55:00.000Z,1.3198,1.3224,1.3182,1.322,366367,
1789714800000,2026-09-18T07:00:00.000Z,1.322,1.3256,1.3207,1.3251,410854,
1789715100000,2026-09-18T07:05:00.000Z,1.3251,1.3302,1.3247,1.3251,1170801,
1789715400000,2026-09-18T07:10:00.000Z,1.3251,1.3282,1.3246,1.3257,370777,
1789715700000,2026-09-18T07:15:00.000Z,1.3257,1.3272,1.3239,1.3268,364370,
1789716000000,2026-09-18T07:20:00.000Z,1.3268,1.3307,1.3255,1.3272,950310,
1789716300000,2026-09-18T07:25:00.000Z,1.3272,1.3301,1.3272,1.3287,344656,
1789716600000,2026-09-18T07:30:00.000Z,1.3287,1.33,1.3262,1.328,791195,
1789716900000,2026-09-18T07:35:00.000Z,1.328,1.3282,1.3261,1.3281,182808,
1789717200000,2026-09-18T07:40:00.000Z,1.3281,1.3284,1.3244,1.3268,346674,
1789717500000,2026-09-18T07:45:00.000Z,1.3268,1.3268,1.3248,1.3255,215098,
1789717800000,2026-09-18T07:50:00.000Z,1.3255,1.3297,1.325,1.329,468821,
1789718100000,2026-09-18T07:55:00.000Z,1.329,1.3292,1.3266,1.3284,458202,
1789718400000,2026-09-18T08:00:00.000Z,1.3284,1.3325,1.3272,1.3292,2094793,
1789718700000,2026-09-18T08:05:00.000Z,1.3292,1.3297,1.3227,1.3229,625901,
1789719000000,2026-09-18T08:10:00.000Z,1.3229,1.3265,1.3224,1.3253,155098,
1789719300000,2026-09-18T08:15:00.000Z,1.3253,1.3303,1.325,1.3303,718735,
1789719600000,2026-09-18T08:20:00.000Z,1.3303,1.3361,1.3302,1.3356,1463785,
1789719900000,2026-09-18T08:25:00.000Z,1.3356,1.3356,1.3323,1.3327,753651,
1789720200000,2026-09-18T08:30:00.000Z,1.3327,1.3355,1.3318,1.3351,299588,
1789720500000,2026-09-18T08:35:00.000Z,1.3351,1.3352,1.3315,1.3323,505067,
1789720800000,2026-09-18T08:40:00.000Z,1.3323,1.3337,1.3308,1.3309,380610,
1789721100000,2026-09-18T08:45:00.000Z,1.3309,1.3339,1.3299,1.3333,586072,
1789721400000,2026-09-18T08:50:00.000Z,1.3333,1.3348,1.3324,1.3342,313379,
1789721700000,2026-09-18T08:55:00.000Z,1.3342,1.3375,1.3335,1.3366,1183875,
1789722000000,2026-09-18T09:00:00.000Z,1.3366,1.3399,1.3352,1.3362,774787,
1789722300000,2026-09-18T09:05:00.000Z,1.3362,1.3399,1.3358,1.3396,388805,
1789722600000,2026-09-18T09:10:00.000Z,1.3396,1.3396,1.3348,1.3368,843748,
1789722900000,2026-09-18T09:15:00.000Z,1.3368,1.3375,1.334,1.3372,383963,
1789723200000,2026-09-18T09:20:00.000Z,1.3372,1.3394,1.335,1.3355,568774,
1789723500000,2026-09-18T09:25:00.000Z,1.3355,1.3355,1.3311,1.3317,605901,
1789723800000,2026-09-18T09:30:00.000Z,1.3317,1.3327,1.3311,1.3324,384066,
1789724100000,2026-09-18T09:35:00.000Z,1.3324,1.3324,1.3302,1.3304,277846,
1789724400000,2026-09-18T09:40:00.000Z,1.3304,1.3329,1.3303,1.3326,287440,
1789724700000,2026-09-18T09:45:00.000Z,1.3326,1.3352,1.3321,1.3328,615221,
1789725000000,2026-09-18T09:50:00.000Z,1.3328,1.3343,1.3322,1.3323,228961,
1789725300000,2026-09-18T09:55:00.000Z,1.3323,1.3348,1.3319,1.3347,355002,
1789725600000,2026-09-18T10:00:00.000Z,1.3347,1.3347,1.3326,1.3337,255153,
1789725900000,2026-09-18T10:05:00.000Z,1.3337,1.3363,1.3327,1.334,616308,
1789726200000,2026-09-18T10:10:00.000Z,1.334,1.3342,1.3308,1.3336,420121,
1789726500000,2026-09-18T10:15:00.000Z,1.3336,1.3352,1.3336,1.3352,329717,
1789726800000,2026-09-18T10:20:00.000Z,1.3352,1.3357,1.3338,1.3341,301677,
1789727100000,2026-09-18T10:25:00.000Z,1.3341,1.3375,1.3337,1.3369,509793,
1789727400000,2026-09-18T10:30:00.000Z,1.3369,1.3376,1.3359,1.3367,231125,
1789727700000,2026-09-18T10:35:00.000Z,1.3367,1.3374,1.3358,1.3366,166368,
1789728000000,2026-09-18T10:40:00.000Z,1.3366,1.338,1.3348,1.3357,211576,
1789728300000,2026-09-18T10:45:00.000Z,1.3357,1.3373,1.3339,1.3371,302252,
1789728600000,2026-09-18T10:50:00.000Z,1.3371,1.3374,1.333,1.3336,450552,
1789728900000,2026-09-18T10:55:00.000Z,1.3336,1.3339,1.3307,1.3314,566906,
1789729200000,2026-09-18T11:00:00.000Z,1.3314,1.3318,1.3294,1.331,1101956,
1789729500000,2026-09-18T11:05:00.000Z,1.331,1.3326,1.3141,1.3217,3620125,
1789729800000,2026-09-18T11:10:00.000Z,1.3217,1.3238,1.3186,1.3208,674633,
1789730100000,2026-09-18T11:15:00.000Z,1.3208,1.3224,1.3196,1.3206,477699,
1789730400000,2026-09-18T11:20:00.000Z,1.3206,1.3216,1.3195,1.3199,223395,
1789730700000,2026-09-18T11:25:00.000Z,1.3199,1.3208,1.3179,1.3189,479982,
1789731000000,2026-09-18T11:30:00.000Z,1.3189,1.3224,1.3184,1.3219,252118,
1789731300000,2026-09-18T11:35:00.000Z,1.3219,1.3258,1.3219,1.3238,634207,
1789731600000,2026-09-18T11:40:00.000Z,1.3238,1.3238,1.3206,1.321,274304,
1789731900000,2026-09-18T11:45:00.000Z,1.321,1.3233,1.321,1.3228,190984,
1789732200000,2026-09-18T11:50:00.000Z,1.3228,1.3258,1.3223,1.3255,203119,
1789732500000,2026-09-18T11:55:00.000Z,1.3255,1.3257,1.3226,1.3233,484291,
1789732800000,2026-09-18T12:00:00.000Z,1.3233,1.326,1.3212,1.325,293322,
1789733100000,2026-09-18T12:05:00.000Z,1.325,1.3254,1.3207,1.3212,247174,
1789733400000,2026-09-18T12:10:00.000Z,1.3212,1.3213,1.319,1.3204,687323,
1789733700000,2026-09-18T12:15:00.000Z,1.3204,1.3225,1.3201,1.3207,146061,
1789734000000,2026-09-18T12:20:00.000Z,1.3207,1.3241,1.3198,1.3225,319851,
1789734300000,2026-09-18T12:25:00.000Z,1.3225,1.3236,1.3215,1.3228,336451,
1789734600000,2026-09-18T12:30:00.000Z,1.3228,1.3253,1.3213,1.3253,420586,
1789734900000,2026-09-18T12:35:00.000Z,1.3253,1.3274,1.3245,1.3273,555163,
1789735200000,2026-09-18T12:40:00.000Z,1.3273,1.3277,1.3244,1.3245,287528,
1789735500000,2026-09-18T12:45:00.000Z,1.3245,1.3266,1.3239,1.3262,268549,
1789735800000,2026-09-18T12:50:00.000Z,1.3262,1.3275,1.3245,1.3247,269755,
1789736100000,2026-09-18T12:55:00.000Z,1.3247,1.3247,1.3229,1.3235,311976,
1789736400000,2026-09-18T13:00:00.000Z,1.3235,1.3235,1.319,1.3218,360427,
1789736700000,2026-09-18T13:05:00.000Z,1.3218,1.3235,1.3213,1.3233,126537,
1789737000000,2026-09-18T13:10:00.000Z,1.3233,1.3233,1.3208,1.3216,129292,
1789737300000,2026-09-18T13:15:00.000Z,1.3216,1.3246,1.3211,1.3245,263801,
1789737600000,2026-09-18T13:20:00.000Z,1.3245,1.3265,1.3231,1.3234,611024,
1789737900000,2026-09-18T13:25:00.000Z,1.3234,1.3265,1.3225,1.3264,311257,
1789738200000,2026-09-18T13:30:00.000Z,1.3264,1.3304,1.3247,1.3303,918849,
1789738500000,2026-09-18T13:35:00.000Z,1.3303,1.3416,1.3291,1.3413,2297794,
1789738800000,2026-09-18T13:40:00.000Z,1.3413,1.3473,1.3376,1.3464,2116976,
1789739100000,2026-09-18T13:45:00.000Z,1.3464,1.36,1.3442,1.36,3337158,
1789739400000,2026-09-18T13:50:00.000Z,1.36,1.3743,1.3594,1.3614,6946949,
1789739700000,2026-09-18T13:55:00.000Z,1.3614,1.3656,1.3541,1.361,2621714,
1789740000000,2026-09-18T14:00:00.000Z,1.361,1.3676,1.3607,1.367,1344526,
1789740300000,2026-09-18T14:05:00.000Z,1.367,1.372,1.361,1.3651,1525239,
1789740600000,2026-09-18T14:10:00.000Z,1.3651,1.3676,1.3628,1.365,791536,
1789740900000,2026-09-18T14:15:00.000Z,1.365,1.3714,1.365,1.3704,943592,
1789741200000,2026-09-18T14:20:00.000Z,1.3704,1.3805,1.3693,1.3798,2374700,
1789741500000,2026-09-18T14:25:00.000Z,1.3798,1.3814,1.3683,1.3714,2034874,
1789741800000,2026-09-18T14:30:00.000Z,1.3714,1.3751,1.3663,1.3744,1281219,
1789742100000,2026-09-18T14:35:00.000Z,1.3744,1.3798,1.3723,1.3755,1275845,
1789742400000,2026-09-18T14:40:00.000Z,1.3755,1.3863,1.3749,1.3834,1077123,
1789742700000,2026-09-18T14:45:00.000Z,1.3834,1.3959,1.3815,1.3915,3311684,
1789743000000,2026-09-18T14:50:00.000Z,1.3915,1.4004,1.3906,1.3984,2388977,
1789743300000,2026-09-18T14:55:00.000Z,1.3984,1.403,1.3964,1.4,1139525,
1789743600000,2026-09-18T15:00:00.000Z,1.4,1.4017,1.3833,1.3834,2573214,
1789743900000,2026-09-18T15:05:00.000Z,1.3834,1.392,1.3801,1.3801,1772575,
1789744200000,2026-09-18T15:10:00.000Z,1.3801,1.3885,1.3786,1.3872,965345,
1789744500000,2026-09-18T15:15:00.000Z,1.3872,1.396,1.3868,1.3886,979448,
1789744800000,2026-09-18T15:20:00.000Z,1.3886,1.3915,1.3845,1.3915,573041,
1789745100000,2026-09-18T15:25:00.000Z,1.3915,1.3925,1.3848,1.3864,581417,
1789745400000,2026-09-18T15:30:00.000Z,1.3864,1.3869,1.3736,1.3803,2034603,
1789745700000,2026-09-18T15:35:00.000Z,1.3803,1.383,1.3778,1.3788,472768,
1789746000000,2026-09-18T15:40:00.000Z,1.3788,1.3788,1.3713,1.3719,965394,
1789746300000,2026-09-18T15:45:00.000Z,1.3719,1.3785,1.3702,1.3771,1347930,
1789746600000,2026-09-18T15:50:00.000Z,1.3771,1.3819,1.3769,1.3817,683956,
1789746900000,2026-09-18T15:55:00.000Z,1.3817,1.3868,1.381,1.3847,891199,
1789747200000,2026-09-18T16:00:00.000Z,1.3847,1.3861,1.3814,1.3838,592359,
1789747500000,2026-09-18T16:05:00.000Z,1.3838,1.3864,1.3806,1.3822,621725,
1789747800000,2026-09-18T16:10:00.000Z,1.3822,1.3828,1.3804,1.3817,624072,
1789748100000,2026-09-18T16:15:00.000Z,1.3817,1.3853,1.3807,1.3833,569479,
1789748400000,2026-09-18T16:20:00.000Z,1.3833,1.3881,1.3823,1.3847,1031420,
1789748700000,2026-09-18T16:25:00.000Z,1.3847,1.3859,1.3819,1.384,529134,
1789749000000,2026-09-18T16:30:00.000Z,1.384,1.3937,1.3834,1.3911,1214004,
1789749300000,2026-09-18T16:35:00.000Z,1.3911,1.3911,1.385,1.3862,571645,
1789749600000,2026-09-18T16:40:00.000Z,1.3862,1.3862,1.3823,1.3841,454726,
1789749900000,2026-09-18T16:45:00.000Z,1.3841,1.3841,1.3787,1.3791,916273,
1789750200000,2026-09-18T16:50:00.000Z,1.3791,1.3827,1.3768,1.3826,414550,
1789750500000,2026-09-18T16:55:00.000Z,1.3826,1.3827,1.3796,1.3799,245626,
1789750800000,2026-09-18T17:00:00.000Z,1.3799,1.3805,1.3735,1.3774,1058789,
1789751100000,2026-09-18T17:05:00.000Z,1.3774,1.3783,1.3741,1.3741,293785,
1789751400000,2026-09-18T17:10:00.000Z,1.3741,1.3828,1.3739,1.3821,465145,
1789751700000,2026-09-18T17:15:00.000Z,1.3821,1.3862,1.3813,1.3827,607187,
1789752000000,2026-09-18T17:20:00.000Z,1.3827,1.3838,1.3786,1.3826,585840,
1789752300000,2026-09-18T17:25:00.000Z,1.3826,1.3851,1.3822,1.3849,210656,
1789752600000,2026-09-18T17:30:00.000Z,1.3849,1.385,1.3816,1.3833,155208,
1789752900000,2026-09-18T17:35:00.000Z,1.3833,1.3852,1.3829,1.3849,169411,
1789753200000,2026-09-18T17:40:00.000Z,1.3849,1.3858,1.3841,1.3852,368181,
1789753500000,2026-09-18T17:45:00.000Z,1.3852,1.3881,1.3837,1.3866,493763,
1789753800000,2026-09-18T17:50:00.000Z,1.3866,1.389,1.3863,1.3887,355953,
1789754100000,2026-09-18T17:55:00.000Z,1.3887,1.3913,1.388,1.3913,685466,
1789754400000,2026-09-18T18:00:00.000Z,1.3913,1.3913,1.3874,1.3874,282677,
1789754700000,2026-09-18T18:05:00.000Z,1.3874,1.3916,1.3872,1.3902,192472,
1789755000000,2026-09-18T18:10:00.000Z,1.3902,1.3918,1.3881,1.3915,546047,
1789755300000,2026-09-18T18:15:00.000Z,1.3915,1.3937,1.3907,1.392,250186,
1789755600000,2026-09-18T18:20:00.000Z,1.392,1.3929,1.3891,1.3892,472126,
1789755900000,2026-09-18T18:25:00.000Z,1.3892,1.3918,1.3889,1.3912,212239,
1789756200000,2026-09-18T18:30:00.000Z,1.3912,1.3915,1.3865,1.39,397351,
1789756500000,2026-09-18T18:35:00.000Z,1.39,1.392,1.3882,1.3896,256123,
1789756800000,2026-09-18T18:40:00.000Z,1.3896,1.3905,1.388,1.3882,86096,
1789757100000,2026-09-18T18:45:00.000Z,1.3882,1.3899,1.3874,1.388,196299,
1789757400000,2026-09-18T18:50:00.000Z,1.388,1.3891,1.3857,1.3858,260627,
1789757700000,2026-09-18T18:55:00.000Z,1.3858,1.3869,1.3845,1.3861,312058,
1789758000000,2026-09-18T19:00:00.000Z,1.3861,1.3911,1.3857,1.3908,191386,
1789758300000,2026-09-18T19:05:00.000Z,1.3908,1.3948,1.3906,1.3947,404037,
1789758600000,2026-09-18T19:10:00.000Z,1.3947,1.3988,1.3944,1.3985,440456,
1789758900000,2026-09-18T19:15:00.000Z,1.3985,1.4022,1.396,1.4001,638902,
1789759200000,2026-09-18T19:20:00.000Z,1.4001,1.4009,1.3963,1.3969,405751,
1789759500000,2026-09-18T19:25:00.000Z,1.3969,1.4027,1.3961,1.401,658529,
1789759800000,2026-09-18T19:30:00.000Z,1.401,1.407,1.4001,1.4027,856422,
1789760100000,2026-09-18T19:35:00.000Z,1.4027,1.4055,1.4006,1.4025,419327,
1789760400000,2026-09-18T19:40:00.000Z,1.4025,1.4085,1.4021,1.4076,594938,
1789760700000,2026-09-18T19:45:00.000Z,1.4076,1.4076,1.4021,1.4022,365950,
1789761000000,2026-09-18T19:50:00.000Z,1.4022,1.4042,1.3966,1.3966,676428,
1789761300000,2026-09-18T19:55:00.000Z,1.3966,1.4129,1.3966,1.4119,1653105,
1789761600000,2026-09-18T20:00:00.000Z,1.4119,1.4136,1.4034,1.4129,813497,
1789761900000,2026-09-18T20:05:00.000Z,1.4129,1.4142,1.4058,1.4065,566888,
1789762200000,2026-09-18T20:10:00.000Z,1.4065,1.4084,1.4056,1.4075,438836,
1789762500000,2026-09-18T20:15:00.000Z,1.4075,1.4118,1.4062,1.4091,394935,
1789762800000,2026-09-18T20:20:00.000Z,1.4091,1.4098,1.4017,1.4035,817276,
1789763100000,2026-09-18T20:25:00.000Z,1.4035,1.4045,1.4009,1.4026,212574,
1789763400000,2026-09-18T20:30:00.000Z,1.4026,1.4031,1.4002,1.402,256752,
1789763700000,2026-09-18T20:35:00.000Z,1.402,1.4023,1.3982,1.4018,470457,
1789764000000,2026-09-18T20:40:00.000Z,1.4018,1.4058,1.4009,1.4056,179809,
1789764300000,2026-09-18T20:45:00.000Z,1.4056,1.4078,1.4022,1.4027,478851,
1789764600000,2026-09-18T20:50:00.000Z,1.4027,1.4043,1.4005,1.4006,369554,
1789764900000,2026-09-18T20:55:00.000Z,1.4006,1.4032,1.3993,1.4026,417416,
1789765200000,2026-09-18T21:00:00.000Z,1.4026,1.4042,1.3982,1.4022,594107,
1789765500000,2026-09-18T21:05:00.000Z,1.4022,1.4079,1.401,1.4041,267403,
1789765800000,2026-09-18T21:10:00.000Z,1.4041,1.4079,1.4036,1.4069,368261,
1789766100000,2026-09-18T21:15:00.000Z,1.4069,1.4074,1.3999,1.4002,334470,
1789766400000,2026-09-18T21:20:00.000Z,1.4002,1.4032,1.3998,1.4005,151353,
1789766700000,2026-09-18T21:25:00.000Z,1.4005,1.4026,1.4002,1.4024,37986,
1789767000000,2026-09-18T21:30:00.000Z,1.4024,1.4031,1.3998,1.402,248779,
1789767300000,2026-09-18T21:35:00.000Z,1.402,1.4028,1.401,1.4021,77285,
1789767600000,2026-09-18T21:40:00.000Z,1.4021,1.4024,1.3985,1.3987,181419,
1789767900000,2026-09-18T21:45:00.000Z,1.3987,1.4018,1.3978,1.4004,256788,
1789768200000,2026-09-18T21:50:00.000Z,1.4004,1.4019,1.3999,1.4009,61615,
1789768500000,2026-09-18T21:55:00.000Z,1.4009,1.402,1.4004,1.4007,66797,
1789768800000,2026-09-18T22:00:00.000Z,1.4007,1.4038,1.4004,1.4025,273241,
1789769100000,2026-09-18T22:05:00.000Z,1.4025,1.4034,1.4006,1.4025,197921,
1789769400000,2026-09-18T22:10:00.000Z,1.4025,1.4031,1.3996,1.4026,282823,
1789769700000,2026-09-18T22:15:00.000Z,1.4026,1.4052,1.4025,1.4046,124673,
1789770000000,2026-09-18T22:20:00.000Z,1.4046,1.4049,1.3997,1.3999,403187,
1789770300000,2026-09-18T22:25:00.000Z,1.3999,1.4007,1.3992,1.3992,85383,
1789770600000,2026-09-18T22:30:00.000Z,1.3992,1.3996,1.3951,1.3952,647259,
1789770900000,2026-09-18T22:35:00.000Z,1.3952,1.3958,1.3918,1.3958,397313,
1789771200000,2026-09-18T22:40:00.000Z,1.3958,1.3978,1.3958,1.3966,155144,
1789771500000,2026-09-18T22:45:00.000Z,1.3966,1.3976,1.3961,1.3969,92989,
1789771800000,2026-09-18T22:50:00.000Z,1.3969,1.3973,1.3953,1.3968,286647,
1789772100000,2026-09-18T22:55:00.000Z,1.3968,1.4003,1.3968,1.3979,319386,
1789772400000,2026-09-18T23:00:00.000Z,1.3979,1.4015,1.3958,1.3958,201095,
1789772700000,2026-09-18T23:05:00.000Z,1.3958,1.3978,1.3954,1.3973,353501,
1789773000000,2026-09-18T23:10:00.000Z,1.3973,1.3994,1.3973,1.399,89212,
1789773300000,2026-09-18T23:15:00.000Z,1.399,1.4002,1.3977,1.3981,72371,
1789773600000,2026-09-18T23:20:00.000Z,1.3981,1.3991,1.3974,1.3977,63669,
1789773900000,2026-09-18T23:25:00.000Z,1.3977,1.3995,1.396,1.3972,514248,
1789774200000,2026-09-18T23:30:00.000Z,1.3972,1.3975,1.3957,1.3966,396225,
1789774500000,2026-09-18T23:35:00.000Z,1.3966,1.397,1.3934,1.3963,346905,
1789774800000,2026-09-18T23:40:00.000Z,1.3963,1.3971,1.3955,1.3955,213430,
1789775100000,2026-09-18T23:45:00.000Z,1.3955,1.3972,1.3954,1.3963,61156,
1789775400000,2026-09-18T23:50:00.000Z,1.3963,1.3968,1.3952,1.3963,107184,
1789775700000,2026-09-18T23:55:00.000Z,1.3963,1.3975,1.3957,1.3963,274664,
1789776000000,2026-09-19T00:00:00.000Z,1.3963,1.3974,1.3952,1.3953,75873,
1789776300000,2026-09-19T00:05:00.000Z,1.3953,1.3987,1.3947,1.3987,307963,
1789776600000,2026-09-19T00:10:00.000Z,1.3987,1.404,1.3987,1.4037,398187,
1789776900000,2026-09-19T00:15:00.000Z,1.4037,1.4077,1.4028,1.4071,727682,
1789777200000,2026-09-19T00:20:00.000Z,1.4071,1.4078,1.4011,1.4017,523458,
1789777500000,2026-09-19T00:25:00.000Z,1.4017,1.4096,1.4017,1.4094,140778,
1789777800000,2026-09-19T00:30:00.000Z,1.4094,1.4166,1.4094,1.4158,1089929,
1789778100000,2026-09-19T00:35:00.000Z,1.4158,1.4183,1.4147,1.417,782383,
1789778400000,2026-09-19T00:40:00.000Z,1.417,1.4211,1.4154,1.4176,819163,
1789778700000,2026-09-19T00:45:00.000Z,1.4176,1.4176,1.4079,1.4102,791535,
1789779000000,2026-09-19T00:50:00.000Z,1.4102,1.4135,1.4099,1.4114,563021,
1789779300000,2026-09-19T00:55:00.000Z,1.4114,1.4139,1.4081,1.4085,667107,
1789779600000,2026-09-19T01:00:00.000Z,1.4085,1.4122,1.406,1.4075,809186,
1789779900000,2026-09-19T01:05:00.000Z,1.4075,1.4107,1.405,1.4075,498888,
1789780200000,2026-09-19T01:10:00.000Z,1.4075,1.4077,1.4025,1.4026,355255,
1789780500000,2026-09-19T01:15:00.000Z,1.4026,1.404,1.3974,1.3982,730418,
1789780800000,2026-09-19T01:20:00.000Z,1.3982,1.4008,1.3925,1.4001,666651,
1789781100000,2026-09-19T01:25:00.000Z,1.4001,1.4037,1.3996,1.4014,539079,
1789781400000,2026-09-19T01:30:00.000Z,1.4014,1.4019,1.3976,1.3976,342489,
1789781700000,2026-09-19T01:35:00.000Z,1.3976,1.3998,1.3949,1.3993,520739,
1789782000000,2026-09-19T01:40:00.000Z,1.3993,1.4056,1.3992,1.4053,342387,
1789782300000,2026-09-19T01:45:00.000Z,1.4053,1.4113,1.4053,1.4113,318070,
1789782600000,2026-09-19T01:50:00.000Z,1.4113,1.4142,1.4081,1.4107,852452,
1789782900000,2026-09-19T01:55:00.000Z,1.4107,1.4129,1.4091,1.4123,206257,
1789783200000,2026-09-19T02:00:00.000Z,1.4123,1.414,1.411,1.4129,189602,
1789783500000,2026-09-19T02:05:00.000Z,1.4129,1.4161,1.4125,1.4153,337264,
1789783800000,2026-09-19T02:10:00.000Z,1.4153,1.4195,1.4153,1.4158,532223,
1789784100000,2026-09-19T02:15:00.000Z,1.4158,1.4174,1.4134,1.4171,574585,
1789784400000,2026-09-19T02:20:00.000Z,1.4171,1.4243,1.4158,1.4208,1053172,
1789784700000,2026-09-19T02:25:00.000Z,1.4208,1.4212,1.4163,1.4164,496481,
1789785000000,2026-09-19T02:30:00.000Z,1.4164,1.4204,1.4146,1.418,657208,
1789785300000,2026-09-19T02:35:00.000Z,1.418,1.4278,1.4167,1.4214,1374943,
1789785600000,2026-09-19T02:40:00.000Z,1.4214,1.4241,1.4212,1.4221,376505,
1789785900000,2026-09-19T02:45:00.000Z,1.4221,1.4221,1.418,1.4188,628590,
1789786200000,2026-09-19T02:50:00.000Z,1.4188,1.4188,1.4129,1.4131,537902,
1789786500000,2026-09-19T02:55:00.000Z,1.4131,1.4149,1.4125,1.4131,346324,
1789786800000,2026-09-19T03:00:00.000Z,1.4131,1.4171,1.411,1.4171,695413,
1789787100000,2026-09-19T03:05:00.000Z,1.4171,1.4176,1.414,1.4154,172430,
1789787400000,2026-09-19T03:10:00.000Z,1.4154,1.4172,1.4139,1.4168,370808,
1789787700000,2026-09-19T03:15:00.000Z,1.4168,1.4168,1.4102,1.4116,252745,
1789788000000,2026-09-19T03:20:00.000Z,1.4116,1.4146,1.4115,1.4124,113753,
1789788300000,2026-09-19T03:25:00.000Z,1.4124,1.4129,1.4093,1.41,607545,
1789788600000,2026-09-19T03:30:00.000Z,1.41,1.4109,1.4092,1.4108,197197,
1789788900000,2026-09-19T03:35:00.000Z,1.4108,1.4117,1.4095,1.4105,129683,
1789789200000,2026-09-19T03:40:00.000Z,1.4105,1.4142,1.4105,1.4141,157730,
1789789500000,2026-09-19T03:45:00.000Z,1.4141,1.4175,1.4126,1.4161,491875,
1789789800000,2026-09-19T03:50:00.000Z,1.4161,1.419,1.4152,1.4185,85797,
1789790100000,2026-09-19T03:55:00.000Z,1.4185,1.4207,1.4174,1.4178,280005,
1789790400000,2026-09-19T04:00:00.000Z,1.4178,1.4205,1.4165,1.4205,353499,
1789790700000,2026-09-19T04:05:00.000Z,1.4205,1.4252,1.42,1.4241,601185,
1789791000000,2026-09-19T04:10:00.000Z,1.4241,1.427,1.424,1.4242,568538,
1789791300000,2026-09-19T04:15:00.000Z,1.4242,1.4242,1.4183,1.4198,473182,
1789791600000,2026-09-19T04:20:00.000Z,1.4198,1.4221,1.4167,1.4173,303641,
1789791900000,2026-09-19T04:25:00.000Z,1.4173,1.4175,1.4144,1.4149,467318,
1789792200000,2026-09-19T04:30:00.000Z,1.4149,1.415,1.4097,1.4108,813365,
1789792500000,2026-09-19T04:35:00.000Z,1.4108,1.4136,1.4093,1.4093,296869,
1789792800000,2026-09-19T04:40:00.000Z,1.4093,1.415,1.4077,1.4125,635245,
1789793100000,2026-09-19T04:45:00.000Z,1.4125,1.415,1.409,1.4144,598105,
1789793400000,2026-09-19T04:50:00.000Z,1.4144,1.418,1.4133,1.4139,253594,
1789793700000,2026-09-19T04:55:00.000Z,1.4139,1.4165,1.4135,1.4145,106960,
1789794000000,2026-09-19T05:00:00.000Z,1.4145,1.4167,1.4137,1.4161,248171,
1789794300000,2026-09-19T05:05:00.000Z,1.4161,1.4207,1.4161,1.4206,310728,
1789794600000,2026-09-19T05:10:00.000Z,1.4206,1.4265,1.4198,1.426,1518899,
1789794900000,2026-09-19T05:15:00.000Z,1.426,1.4265,1.4191,1.4246,784311,
1789795200000,2026-09-19T05:20:00.000Z,1.4246,1.4291,1.4189,1.4283,1105785,
1789795500000,2026-09-19T05:25:00.000Z,1.4283,1.4365,1.4256,1.4258,2135097,
1789795800000,2026-09-19T05:30:00.000Z,1.4258,1.4341,1.4254,1.4312,688070,
1789796100000,2026-09-19T05:35:00.000Z,1.4312,1.4386,1.4301,1.4369,1188339,
1789796400000,2026-09-19T05:40:00.000Z,1.4369,1.4384,1.4355,1.4367,553734,
1789796700000,2026-09-19T05:45:00.000Z,1.4367,1.4392,1.4295,1.4316,746960,
1789797000000,2026-09-19T05:50:00.000Z,1.4316,1.435,1.4299,1.4319,502904,
1789797300000,2026-09-19T05:55:00.000Z,1.4319,1.4319,1.4252,1.4268,906445,
1789797600000,2026-09-19T06:00:00.000Z,1.4268,1.4301,1.4198,1.4221,1078684,
1789797900000,2026-09-19T06:05:00.000Z,1.4221,1.4255,1.4206,1.4217,388639,
1789798200000,2026-09-19T06:10:00.000Z,1.4217,1.424,1.421,1.4215,199303,
1789798500000,2026-09-19T06:15:00.000Z,1.4215,1.4254,1.4206,1.4217,334438,
1789798800000,2026-09-19T06:20:00.000Z,1.4217,1.4226,1.4195,1.4197,278595,
1789799100000,2026-09-19T06:25:00.000Z,1.4197,1.4207,1.4159,1.4206,621691,
1789799400000,2026-09-19T06:30:00.000Z,1.4206,1.4239,1.4199,1.4239,315143,
1789799700000,2026-09-19T06:35:00.000Z,1.4239,1.4286,1.4238,1.4268,640435,
1789800000000,2026-09-19T06:40:00.000Z,1.4268,1.4277,1.4253,1.4254,217576,
1789800300000,2026-09-19T06:45:00.000Z,1.4254,1.4267,1.421,1.4217,261359,
1789800600000,2026-09-19T06:50:00.000Z,1.4217,1.4234,1.4208,1.4214,281185,
1789800900000,2026-09-19T06:55:00.000Z,1.4214,1.4229,1.421,1.4218,197516,
1789801200000,2026-09-19T07:00:00.000Z,1.4218,1.4234,1.4205,1.4206,379256,
1789801500000,2026-09-19T07:05:00.000Z,1.4206,1.4217,1.4174,1.4216,421434,
1789801800000,2026-09-19T07:10:00.000Z,1.4216,1.422,1.419,1.4218,468895,
1789802100000,2026-09-19T07:15:00.000Z,1.4218,1.4241,1.4192,1.4226,679602,
1789802400000,2026-09-19T07:20:00.000Z,1.4226,1.4233,1.418,1.4183,261675,
1789802700000,2026-09-19T07:25:00.000Z,1.4183,1.4205,1.417,1.418,529661,
1789803000000,2026-09-19T07:30:00.000Z,1.418,1.4196,1.416,1.4172,237972,
1789803300000,2026-09-19T07:35:00.000Z,1.4172,1.4172,1.4108,1.4112,846744,
1789803600000,2026-09-19T07:40:00.000Z,1.4112,1.4128,1.4108,1.4122,353962,
1789803900000,2026-09-19T07:45:00.000Z,1.4122,1.4135,1.4104,1.411,355627,
1789804200000,2026-09-19T07:50:00.000Z,1.411,1.4133,1.4105,1.4133,236713,
1789804500000,2026-09-19T07:55:00.000Z,1.4133,1.4146,1.4098,1.4103,595638,
1789804800000,2026-09-19T08:00:00.000Z,1.4103,1.4123,1.4085,1.412,802034,
1789805100000,2026-09-19T08:05:00.000Z,1.412,1.4145,1.4119,1.4144,491435,
1789805400000,2026-09-19T08:10:00.000Z,1.4144,1.4171,1.4143,1.4167,286741,
1789805700000,2026-09-19T08:15:00.000Z,1.4167,1.418,1.4162,1.4174,213978,
1789806000000,2026-09-19T08:20:00.000Z,1.4174,1.4227,1.4155,1.417,1016202,
1789806300000,2026-09-19T08:25:00.000Z,1.417,1.4173,1.4152,1.4162,397462,
1789806600000,2026-09-19T08:30:00.000Z,1.4162,1.4186,1.4155,1.4185,319902,
1789806900000,2026-09-19T08:35:00.000Z,1.4185,1.4201,1.4162,1.418,387958,
1789807200000,2026-09-19T08:40:00.000Z,1.418,1.4192,1.4165,1.4173,210380,
1789807500000,2026-09-19T08:45:00.000Z,1.4173,1.4177,1.4157,1.4168,253051,
1789807800000,2026-09-19T08:50:00.000Z,1.4168,1.4172,1.4156,1.4156,143807,
1789808100000,2026-09-19T08:55:00.000Z,1.4156,1.4166,1.414,1.4148,344428,
1789808400000,2026-09-19T09:00:00.000Z,1.4148,1.4174,1.414,1.4164,364699,
1789808700000,2026-09-19T09:05:00.000Z,1.4164,1.4179,1.4161,1.4161,396790,
1789809000000,2026-09-19T09:10:00.000Z,1.4161,1.4161,1.4135,1.4135,123431,
1789809300000,2026-09-19T09:15:00.000Z,1.4135,1.4137,1.411,1.4133,474550,
1789809600000,2026-09-19T09:20:00.000Z,1.4133,1.4177,1.4133,1.4176,127569,
1789809900000,2026-09-19T09:25:00.000Z,1.4176,1.4177,1.4151,1.4161,214292,
1789810200000,2026-09-19T09:30:00.000Z,1.4161,1.417,1.4102,1.4124,571417,
1789810500000,2026-09-19T09:35:00.000Z,1.4124,1.4124,1.4086,1.41,594056,
1789810800000,2026-09-19T09:40:00.000Z,1.41,1.4123,1.4095,1.412,256356,
1789811100000,2026-09-19T09:45:00.000Z,1.412,1.4144,1.4119,1.4136,467345,
1789811400000,2026-09-19T09:50:00.000Z,1.4136,1.4143,1.4125,1.4139,64919,
1789811700000,2026-09-19T09:55:00.000Z,1.4139,1.4141,1.4126,1.4126,83899,
1789812000000,2026-09-19T10:00:00.000Z,1.4126,1.414,1.4126,1.4126,65439,
1789812300000,2026-09-19T10:05:00.000Z,1.4126,1.4135,1.4114,1.4133,194621,
1789812600000,2026-09-19T10:10:00.000Z,1.4133,1.4144,1.413,1.4139,179216,
1789812900000,2026-09-19T10:15:00.000Z,1.4139,1.4152,1.4128,1.4151,31475,
1789813200000,2026-09-19T10:20:00.000Z,1.4151,1.4172,1.4147,1.4166,400004,
1789813500000,2026-09-19T10:25:00.000Z,1.4166,1.4187,1.4163,1.4181,225168,
1789813800000,2026-09-19T10:30:00.000Z,1.4181,1.4227,1.4181,1.4222,404088,
1789814100000,2026-09-19T10:35:00.000Z,1.4222,1.424,1.4205,1.4216,582219,
1789814400000,2026-09-19T10:40:00.000Z,1.4216,1.4216,1.4187,1.4206,504611,
1789814700000,2026-09-19T10:45:00.000Z,1.4206,1.4232,1.4174,1.4205,516017,
1789815000000,2026-09-19T10:50:00.000Z,1.4205,1.4216,1.4203,1.4216,371020,
1789815300000,2026-09-19T10:55:00.000Z,1.4216,1.4221,1.4173,1.4173,353956,
1789815600000,2026-09-19T11:00:00.000Z,1.4173,1.4239,1.4173,1.4232,262709,
1789815900000,2026-09-19T11:05:00.000Z,1.4232,1.4262,1.4229,1.4253,752630,
1789816200000,2026-09-19T11:10:00.000Z,1.4253,1.4253,1.4208,1.4211,579274,
1789816500000,2026-09-19T11:15:00.000Z,1.4211,1.4271,1.4202,1.4261,580686,
1789816800000,2026-09-19T11:20:00.000Z,1.4261,1.4304,1.4259,1.4285,623753,
1789817100000,2026-09-19T11:25:00.000Z,1.4285,1.429,1.424,1.4253,565091,
1789817400000,2026-09-19T11:30:00.000Z,1.4253,1.4301,1.4241,1.4295,865108,
1789817700000,2026-09-19T11:35:00.000Z,1.4295,1.4313,1.4267,1.4287,541309,
1789818000000,2026-09-19T11:40:00.000Z,1.4287,1.4315,1.4276,1.4309,254524,
1789818300000,2026-09-19T11:45:00.000Z,1.4309,1.4339,1.4303,1.4325,526151,
1789818600000,2026-09-19T11:50:00.000Z,1.4325,1.4376,1.4325,1.4368,603006,
1789818900000,2026-09-19T11:55:00.000Z,1.4368,1.4383,1.433,1.4343,682018,
1789819200000,2026-09-19T12:00:00.000Z,1.4343,1.4383,1.4324,1.4337,439065,
1789819500000,2026-09-19T12:05:00.000Z,1.4337,1.4362,1.4293,1.4301,882655,
1789819800000,2026-09-19T12:10:00.000Z,1.4301,1.4354,1.4297,1.4325,531846,
1789820100000,2026-09-19T12:15:00.000Z,1.4325,1.4344,1.4305,1.4306,323783,
1789820400000,2026-09-19T12:20:00.000Z,1.4306,1.4306,1.4276,1.4286,317054,
1789820700000,2026-09-19T12:25:00.000Z,1.4286,1.431,1.4281,1.429,247894,
1789821000000,2026-09-19T12:30:00.000Z,1.429,1.4308,1.429,1.4308,160505,
1789821300000,2026-09-19T12:35:00.000Z,1.4308,1.4321,1.4305,1.4318,133788,
1789821600000,2026-09-19T12:40:00.000Z,1.4318,1.4346,1.4296,1.4303,344903,
1789821900000,2026-09-19T12:45:00.000Z,1.4303,1.4332,1.426,1.4326,653563,
1789822200000,2026-09-19T12:50:00.000Z,1.4326,1.4353,1.43,1.432,790123,
1789822500000,2026-09-19T12:55:00.000Z,1.432,1.4343,1.4296,1.4339,251623,
1789822800000,2026-09-19T13:00:00.000Z,1.4339,1.4418,1.4315,1.4405,1406424,
1789823100000,2026-09-19T13:05:00.000Z,1.4405,1.4482,1.4389,1.4412,2390491,
1789823400000,2026-09-19T13:10:00.000Z,1.4412,1.4452,1.4353,1.4438,1705576,
1789823700000,2026-09-19T13:15:00.000Z,1.4438,1.4497,1.4425,1.4442,1400329,
1789824000000,2026-09-19T13:20:00.000Z,1.4442,1.4445,1.4412,1.4418,725521,
1789824300000,2026-09-19T13:25:00.000Z,1.4418,1.442,1.4354,1.4361,565076,
1789824600000,2026-09-19T13:30:00.000Z,1.4361,1.4395,1.4315,1.4352,1377237,
1789824900000,2026-09-19T13:35:00.000Z,1.4352,1.439,1.4346,1.4351,169083,
1789825200000,2026-09-19T13:40:00.000Z,1.4351,1.4364,1.4332,1.4349,516674,
1789825500000,2026-09-19T13:45:00.000Z,1.4349,1.4366,1.4331,1.4352,409415,
1789825800000,2026-09-19T13:50:00.000Z,1.4352,1.4358,1.4319,1.4358,486230,
1789826100000,2026-09-19T13:55:00.000Z,1.4358,1.4399,1.4344,1.437,345581,
1789826400000,2026-09-19T14:00:00.000Z,1.437,1.4437,1.4365,1.4407,348202,
1789826700000,2026-09-19T14:05:00.000Z,1.4407,1.4434,1.4377,1.4387,1105638,
1789827000000,2026-09-19T14:10:00.000Z,1.4387,1.4422,1.4364,1.4415,644799,
1789827300000,2026-09-19T14:15:00.000Z,1.4415,1.4545,1.4415,1.4511,2754675,
1789827600000,2026-09-19T14:20:00.000Z,1.4511,1.4531,1.4467,1.4499,1361399,
1789827900000,2026-09-19T14:25:00.000Z,1.4499,1.4508,1.4446,1.4466,1110816,
1789828200000,2026-09-19T14:30:00.000Z,1.4466,1.4467,1.4391,1.4419,699644,
1789828500000,2026-09-19T14:35:00.000Z,1.4419,1.444,1.4367,1.4368,1444491,
1789828800000,2026-09-19T14:40:00.000Z,1.4368,1.4416,1.4366,1.438,438321,
1789829100000,2026-09-19T14:45:00.000Z,1.438,1.4405,1.4361,1.4377,415115,
1789829400000,2026-09-19T14:50:00.000Z,1.4377,1.4402,1.4358,1.4362,301426,
1789829700000,2026-09-19T14:55:00.000Z,1.4362,1.4399,1.4357,1.4379,593396,
1789830000000,2026-09-19T15:00:00.000Z,1.4379,1.4417,1.4371,1.44,351145,
1789830300000,2026-09-19T15:05:00.000Z,1.44,1.4413,1.4395,1.4409,180593,
1789830600000,2026-09-19T15:10:00.000Z,1.4409,1.4409,1.4346,1.4348,791167,
1789830900000,2026-09-19T15:15:00.000Z,1.4348,1.4374,1.4336,1.434,363942,
1789831200000,2026-09-19T15:20:00.000Z,1.434,1.4354,1.4322,1.435,386503,
1789831500000,2026-09-19T15:25:00.000Z,1.435,1.4359,1.4266,1.4295,1300170,
1789831800000,2026-09-19T15:30:00.000Z,1.4295,1.4335,1.428,1.43,909816,
1789832100000,2026-09-19T15:35:00.000Z,1.43,1.4343,1.43,1.4337,397895,
1789832400000,2026-09-19T15:40:00.000Z,1.4337,1.4384,1.4333,1.4366,729091,
1789832700000,2026-09-19T15:45:00.000Z,1.4366,1.4366,1.4307,1.4307,359720,
1789833000000,2026-09-19T15:50:00.000Z,1.4307,1.4335,1.4307,1.4324,241118,
1789833300000,2026-09-19T15:55:00.000Z,1.4324,1.4324,1.429,1.4305,840539,
1789833600000,2026-09-19T16:00:00.000Z,1.4305,1.4318,1.4245,1.4253,1364339,
1789833900000,2026-09-19T16:05:00.000Z,1.4253,1.4325,1.4253,1.4298,603154,
1789834200000,2026-09-19T16:10:00.000Z,1.4298,1.4365,1.429,1.435,986845,
1789834500000,2026-09-19T16:15:00.000Z,1.435,1.4365,1.4337,1.4338,184739,
1789834800000,2026-09-19T16:20:00.000Z,1.4338,1.4367,1.4335,1.4355,575911,
1789835100000,2026-09-19T16:25:00.000Z,1.4355,1.4375,1.4332,1.4332,404828,
1789835400000,2026-09-19T16:30:00.000Z,1.4332,1.4343,1.4309,1.4336,558081,
1789835700000,2026-09-19T16:35:00.000Z,1.4336,1.4369,1.4333,1.4352,1379163,
1789836000000,2026-09-19T16:40:00.000Z,1.4352,1.437,1.4338,1.4338,359279,
1789836300000,2026-09-19T16:45:00.000Z,1.4338,1.4367,1.4338,1.4356,298792,
1789836600000,2026-09-19T16:50:00.000Z,1.4356,1.4356,1.432,1.4339,279499,
1789836900000,2026-09-19T16:55:00.000Z,1.4339,1.4361,1.4335,1.434,135327,
1789837200000,2026-09-19T17:00:00.000Z,1.434,1.4358,1.4331,1.4358,195815,
1789837500000,2026-09-19T17:05:00.000Z,1.4358,1.4409,1.4352,1.4395,481899,
1789837800000,2026-09-19T17:10:00.000Z,1.4395,1.4451,1.4388,1.4394,1321435,
1789838100000,2026-09-19T17:15:00.000Z,1.4394,1.4412,1.4318,1.4326,877605,
1789838400000,2026-09-19T17:20:00.000Z,1.4326,1.4358,1.4273,1.4279,764732,
1789838700000,2026-09-19T17:25:00.000Z,1.4279,1.4308,1.4264,1.4284,294255,
1789839000000,2026-09-19T17:30:00.000Z,1.4284,1.4325,1.4282,1.4293,540987,
1789839300000,2026-09-19T17:35:00.000Z,1.4293,1.4301,1.4223,1.4244,1031798,
1789839600000,2026-09-19T17:40:00.000Z,1.4244,1.4255,1.4234,1.4235,171575,
1789839900000,2026-09-19T17:45:00.000Z,1.4235,1.4275,1.4235,1.4268,510189,
1789840200000,2026-09-19T17:50:00.000Z,1.4268,1.4269,1.4253,1.4262,173977,
1789840500000,2026-09-19T17:55:00.000Z,1.4262,1.428,1.4257,1.4273,296285,
1789840800000,2026-09-19T18:00:00.000Z,1.4273,1.4324,1.4273,1.4308,439363,
1789841100000,2026-09-19T18:05:00.000Z,1.4308,1.4324,1.4276,1.4303,484993,
1789841400000,2026-09-19T18:10:00.000Z,1.4303,1.4305,1.4244,1.4253,226133,
1789841700000,2026-09-19T18:15:00.000Z,1.4253,1.4283,1.4216,1.4238,676354,
1789842000000,2026-09-19T18:20:00.000Z,1.4238,1.4265,1.4233,1.4236,162873,
1789842300000,2026-09-19T18:25:00.000Z,1.4236,1.4249,1.4231,1.4239,49891,
1789842600000,2026-09-19T18:30:00.000Z,1.4239,1.4275,1.4204,1.4268,527443,
1789842900000,2026-09-19T18:35:00.000Z,1.4268,1.4301,1.4259,1.4285,150770,
1789843200000,2026-09-19T18:40:00.000Z,1.4285,1.4291,1.4267,1.4267,52155,
1789843500000,2026-09-19T18:45:00.000Z,1.4267,1.4278,1.4248,1.4259,554649,
1789843800000,2026-09-19T18:50:00.000Z,1.4259,1.4271,1.4246,1.4268,109639,
1789844100000,2026-09-19T18:55:00.000Z,1.4268,1.4308,1.426,1.4297,393882,
1789844400000,2026-09-19T19:00:00.000Z,1.4297,1.432,1.4291,1.4315,190409,
1789844700000,2026-09-19T19:05:00.000Z,1.4315,1.4318,1.4272,1.43,221988,
1789845000000,2026-09-19T19:10:00.000Z,1.43,1.4305,1.4258,1.4261,403846,
1789845300000,2026-09-19T19:15:00.000Z,1.4261,1.4301,1.4254,1.4299,274237,
1789845600000,2026-09-19T19:20:00.000Z,1.4299,1.4302,1.4285,1.429,177510,
1789845900000,2026-09-19T19:25:00.000Z,1.429,1.4312,1.4258,1.4262,525590,
1789846200000,2026-09-19T19:30:00.000Z,1.4262,1.4289,1.4257,1.4289,75202,
1789846500000,2026-09-19T19:35:00.000Z,1.4289,1.4289,1.4263,1.4282,53832,
1789846800000,2026-09-19T19:40:00.000Z,1.4282,1.4317,1.4282,1.4305,92467,
1789847100000,2026-09-19T19:45:00.000Z,1.4305,1.4328,1.4296,1.4317,103179,
1789847400000,2026-09-19T19:50:00.000Z,1.4317,1.4317,1.4292,1.4292,98087,
1789847700000,2026-09-19T19:55:00.000Z,1.4292,1.4296,1.4262,1.4275,1035007,
1789848000000,2026-09-19T20:00:00.000Z,1.4275,1.4287,1.4256,1.4277,290503,
1789848300000,2026-09-19T20:05:00.000Z,1.4277,1.4315,1.4269,1.4298,239615,
1789848600000,2026-09-19T20:10:00.000Z,1.4298,1.4326,1.429,1.4316,273244,
1789848900000,2026-09-19T20:15:00.000Z,1.4316,1.4316,1.4271,1.429,155073,
1789849200000,2026-09-19T20:20:00.000Z,1.429,1.4353,1.4289,1.4318,384398,
1789849500000,2026-09-19T20:25:00.000Z,1.4318,1.4318,1.4265,1.4272,487307,
1789849800000,2026-09-19T20:30:00.000Z,1.4272,1.4306,1.4272,1.4281,400240,
1789850100000,2026-09-19T20:35:00.000Z,1.4281,1.4302,1.4275,1.4302,47355,
1789850400000,2026-09-19T20:40:00.000Z,1.4302,1.4316,1.4286,1.4314,119186,
1789850700000,2026-09-19T20:45:00.000Z,1.4314,1.4318,1.4282,1.4298,312264,
1789851000000,2026-09-19T20:50:00.000Z,1.4298,1.4298,1.4267,1.4275,125864,
1789851300000,2026-09-19T20:55:00.000Z,1.4275,1.4291,1.4268,1.4287,64975,
1789851600000,2026-09-19T21:00:00.000Z,1.4287,1.4321,1.4287,1.4295,181706,
1789851900000,2026-09-19T21:05:00.000Z,1.4295,1.4298,1.4243,1.4246,449159,
1789852200000,2026-09-19T21:10:00.000Z,1.4246,1.4246,1.4165,1.4182,1547998,
1789852500000,2026-09-19T21:15:00.000Z,1.4182,1.42,1.414,1.4148,673684,
1789852800000,2026-09-19T21:20:00.000Z,1.4148,1.416,1.407,1.4139,1734547,
1789853100000,2026-09-19T21:25:00.000Z,1.4139,1.4178,1.4139,1.4178,251609,
1789853400000,2026-09-19T21:30:00.000Z,1.4178,1.418,1.4103,1.4112,500241,
1789853700000,2026-09-19T21:35:00.000Z,1.4112,1.4112,1.4018,1.4104,1989050,
1789854000000,2026-09-19T21:40:00.000Z,1.4104,1.4108,1.4059,1.4071,425972,
1789854300000,2026-09-19T21:45:00.000Z,1.4071,1.4094,1.4066,1.4091,241201,
1789854600000,2026-09-19T21:50:00.000Z,1.4091,1.4114,1.4076,1.4114,128101,
1789854900000,2026-09-19T21:55:00.000Z,1.4114,1.4122,1.4088,1.4092,116230,
1789855200000,2026-09-19T22:00:00.000Z,1.4092,1.4092,1.3954,1.3984,1595731,
1789855500000,2026-09-19T22:05:00.000Z,1.3984,1.4065,1.3984,1.405,626667,
1789855800000,2026-09-19T22:10:00.000Z,1.405,1.405,1.4012,1.4016,426773,
1789856100000,2026-09-19T22:15:00.000Z,1.4016,1.4042,1.4003,1.4025,290074,
1789856400000,2026-09-19T22:20:00.000Z,1.4025,1.4031,1.3991,1.4017,178698,
1789856700000,2026-09-19T22:25:00.000Z,1.4017,1.4045,1.4012,1.404,158597,
1789857000000,2026-09-19T22:30:00.000Z,1.404,1.4064,1.4036,1.4062,369119,
1789857300000,2026-09-19T22:35:00.000Z,1.4062,1.4126,1.4062,1.4124,692248,
1789857600000,2026-09-19T22:40:00.000Z,1.4124,1.4139,1.4113,1.4131,444031,
1789857900000,2026-09-19T22:45:00.000Z,1.4131,1.4164,1.413,1.4154,254334,
1789858200000,2026-09-19T22:50:00.000Z,1.4154,1.418,1.4146,1.4173,322961,
1789858500000,2026-09-19T22:55:00.000Z,1.4173,1.4177,1.4156,1.4158,387077,
1789858800000,2026-09-19T23:00:00.000Z,1.4158,1.4161,1.4147,1.415,92890,
1789859100000,2026-09-19T23:05:00.000Z,1.415,1.4169,1.4148,1.4152,179924,
1789859400000,2026-09-19T23:10:00.000Z,1.4152,1.4153,1.4137,1.4152,111004,
1789859700000,2026-09-19T23:15:00.000Z,1.4152,1.4167,1.4129,1.4132,273785,
1789860000000,2026-09-19T23:20:00.000Z,1.4132,1.4142,1.4105,1.4109,391638,
1789860300000,2026-09-19T23:25:00.000Z,1.4109,1.4122,1.4092,1.4119,380761,
1789860600000,2026-09-19T23:30:00.000Z,1.4119,1.4137,1.4107,1.4134,241512,
1789860900000,2026-09-19T23:35:00.000Z,1.4134,1.4139,1.4108,1.4108,196116,
1789861200000,2026-09-19T23:40:00.000Z,1.4108,1.4116,1.4105,1.4112,43931,
1789861500000,2026-09-19T23:45:00.000Z,1.4112,1.4125,1.4109,1.4114,81431,
1789861800000,2026-09-19T23:50:00.000Z,1.4114,1.4124,1.4107,1.4112,92066,
1789862100000,2026-09-19T23:55:00.000Z,1.4112,1.4117,1.4099,1.4101,226985,
1789862400000,2026-09-20T00:00:00.000Z,1.4101,1.4107,1.4071,1.4074,497937,
1789862700000,2026-09-20T00:05:00.000Z,1.4074,1.4075,1.4054,1.407,375186,
1789863000000,2026-09-20T00:10:00.000Z,1.407,1.4075,1.4055,1.4075,62785,
1789863300000,2026-09-20T00:15:00.000Z,1.4075,1.409,1.4059,1.4068,216201,
1789863600000,2026-09-20T00:20:00.000Z,1.4068,1.4072,1.4047,1.4047,175585,
1789863900000,2026-09-20T00:25:00.000Z,1.4047,1.4059,1.4043,1.4056,288652,
1789864200000,2026-09-20T00:30:00.000Z,1.4056,1.4082,1.4041,1.4075,237385,
1789864500000,2026-09-20T00:35:00.000Z,1.4075,1.4086,1.4055,1.4082,124024,
1789864800000,2026-09-20T00:40:00.000Z,1.4082,1.4101,1.4076,1.4088,160750,
1789865100000,2026-09-20T00:45:00.000Z,1.4088,1.4093,1.4068,1.4068,133799,
1789865400000,2026-09-20T00:50:00.000Z,1.4068,1.4079,1.4062,1.4063,67919,
1789865700000,2026-09-20T00:55:00.000Z,1.4063,1.4064,1.4037,1.4059,230269,
1789866000000,2026-09-20T01:00:00.000Z,1.4059,1.4065,1.4029,1.4037,192351,
1789866300000,2026-09-20T01:05:00.000Z,1.4037,1.4041,1.4008,1.4011,249258,
1789866600000,2026-09-20T01:10:00.000Z,1.4011,1.4013,1.3992,1.3994,212795,
1789866900000,2026-09-20T01:15:00.000Z,1.3994,1.4039,1.3988,1.4035,430340,
1789867200000,2026-09-20T01:20:00.000Z,1.4035,1.4044,1.4009,1.401,257839,
1789867500000,2026-09-20T01:25:00.000Z,1.401,1.4013,1.3985,1.3991,289054,
1789867800000,2026-09-20T01:30:00.000Z,1.3991,1.3991,1.397,1.398,523222,
1789868100000,2026-09-20T01:35:00.000Z,1.398,1.3982,1.3955,1.398,304809,
1789868400000,2026-09-20T01:40:00.000Z,1.398,1.3995,1.3967,1.3994,333306,
1789868700000,2026-09-20T01:45:00.000Z,1.3994,1.4011,1.3957,1.3995,443829,
1789869000000,2026-09-20T01:50:00.000Z,1.3995,1.4019,1.3989,1.4006,206883,
1789869300000,2026-09-20T01:55:00.000Z,1.4006,1.4012,1.3992,1.4,150044,
1789869600000,2026-09-20T02:00:00.000Z,1.4,1.4042,1.3993,1.4017,241415,
1789869900000,2026-09-20T02:05:00.000Z,1.4017,1.4051,1.4012,1.4045,254665,
1789870200000,2026-09-20T02:10:00.000Z,1.4045,1.4058,1.404,1.4057,120671,
1789870500000,2026-09-20T02:15:00.000Z,1.4057,1.4061,1.4007,1.4025,350246,
1789870800000,2026-09-20T02:20:00.000Z,1.4025,1.4028,1.3984,1.3987,191132,
1789871100000,2026-09-20T02:25:00.000Z,1.3987,1.3995,1.3964,1.3967,494008,
1789871400000,2026-09-20T02:30:00.000Z,1.3967,1.3986,1.3927,1.3931,874949,
1789871700000,2026-09-20T02:35:00.000Z,1.3931,1.3958,1.3918,1.3927,700989,
1789872000000,2026-09-20T02:40:00.000Z,1.3927,1.3928,1.3743,1.3781,5097726,
1789872300000,2026-09-20T02:45:00.000Z,1.3781,1.3862,1.3757,1.3794,1487219,
1789872600000,2026-09-20T02:50:00.000Z,1.3794,1.3828,1.3721,1.3764,1072739,
1789872900000,2026-09-20T02:55:00.000Z,1.3764,1.3778,1.3674,1.3701,2210314,
1789873200000,2026-09-20T03:00:00.000Z,1.3701,1.3737,1.3676,1.3734,1054335,
1789873500000,2026-09-20T03:05:00.000Z,1.3734,1.3819,1.3734,1.3768,1332367,
1789873800000,2026-09-20T03:10:00.000Z,1.3768,1.3782,1.3712,1.3713,537591,
1789874100000,2026-09-20T03:15:00.000Z,1.3713,1.3812,1.3672,1.3811,880009,
1789874400000,2026-09-20T03:20:00.000Z,1.3811,1.385,1.381,1.3832,656307,
1789874700000,2026-09-20T03:25:00.000Z,1.3832,1.3834,1.3744,1.3775,563008,
1789875000000,2026-09-20T03:30:00.000Z,1.3775,1.3805,1.3767,1.3773,542369,
1789875300000,2026-09-20T03:35:00.000Z,1.3773,1.3782,1.375,1.375,185441,
1789875600000,2026-09-20T03:40:00.000Z,1.375,1.3788,1.3746,1.3788,258495,
1789875900000,2026-09-20T03:45:00.000Z,1.3788,1.3808,1.3773,1.3808,122278,
1789876200000,2026-09-20T03:50:00.000Z,1.3808,1.3837,1.3805,1.3832,159367,
1789876500000,2026-09-20T03:55:00.000Z,1.3832,1.3842,1.3817,1.3817,149381,
1789876800000,2026-09-20T04:00:00.000Z,1.3817,1.3829,1.38,1.3828,309256,
1789877100000,2026-09-20T04:05:00.000Z,1.3828,1.3828,1.3813,1.3815,43818,
1789877400000,2026-09-20T04:10:00.000Z,1.3815,1.3829,1.3791,1.3829,117227,
1789877700000,2026-09-20T04:15:00.000Z,1.3829,1.3848,1.3802,1.3805,215440,
1789878000000,2026-09-20T04:20:00.000Z,1.3805,1.3814,1.378,1.3807,136340,
1789878300000,2026-09-20T04:25:00.000Z,1.3807,1.3829,1.3806,1.3817,266143,
1789878600000,2026-09-20T04:30:00.000Z,1.3817,1.383,1.3815,1.3815,57141,
1789878900000,2026-09-20T04:35:00.000Z,1.3815,1.3847,1.3807,1.3835,82579,
1789879200000,2026-09-20T04:40:00.000Z,1.3835,1.3839,1.3811,1.3812,108748,
1789879500000,2026-09-20T04:45:00.000Z,1.3812,1.3812,1.3772,1.3779,348713,
1789879800000,2026-09-20T04:50:00.000Z,1.3779,1.3809,1.3769,1.3808,194685,
1789880100000,2026-09-20T04:55:00.000Z,1.3808,1.3824,1.3798,1.3805,199959,
1789880400000,2026-09-20T05:00:00.000Z,1.3805,1.3824,1.3787,1.3821,103636,
1789880700000,2026-09-20T05:05:00.000Z,1.3821,1.3826,1.3806,1.3812,49082,
1789881000000,2026-09-20T05:10:00.000Z,1.3812,1.3851,1.3812,1.3827,241713,
1789881300000,2026-09-20T05:15:00.000Z,1.3827,1.3831,1.3801,1.3805,267249,
1789881600000,2026-09-20T05:20:00.000Z,1.3805,1.3816,1.3783,1.3783,121664,
1789881900000,2026-09-20T05:25:00.000Z,1.3783,1.3817,1.3783,1.3811,146086,
1789882200000,2026-09-20T05:30:00.000Z,1.3811,1.3837,1.3805,1.3827,187709,
1789882500000,2026-09-20T05:35:00.000Z,1.3827,1.3828,1.3802,1.3802,24340,